Dataset,Model,AUC_mean,AUPRC_mean,Accuracy_mean,F1_mean,GMean_mean,IBA_mean,Kappa_mean,MCC_mean,Precision_mean,Recall_mean,Runtime_mean
abalone-17_vs_7-8-9-10,DBCF,5.0,6.0,14.0,2.0,13.0,11.0,2.0,2.0,12.0,12.0,25.0
abalone-17_vs_7-8-9-10,DEAHS,6.0,9.0,26.0,26.0,2.0,1.0,26.0,18.0,26.0,2.0,28.0
abalone-17_vs_7-8-9-10,DeepSMOTE,18.0,16.0,4.0,24.0,29.0,27.0,25.0,27.0,11.0,29.0,19.0
abalone-17_vs_7-8-9-10,SPE,4.0,10.0,25.0,25.0,1.0,2.0,23.0,16.0,25.0,1.0,21.0
abalone-17_vs_7-8-9-10,adaboost_ad,23.0,29.0,27.0,27.0,3.0,3.0,27.0,23.0,27.0,3.0,12.0
abalone-17_vs_7-8-9-10,amcs,27.0,25.0,17.0,20.0,22.0,14.0,20.0,25.0,21.0,17.0,26.0
abalone-17_vs_7-8-9-10,des_mi,7.0,24.0,19.0,6.0,7.0,4.0,5.0,4.0,17.0,6.0,6.0
abalone-17_vs_7-8-9-10,dpse,26.0,23.0,13.0,3.0,14.0,12.0,3.0,7.0,8.0,14.0,1.0
abalone-17_vs_7-8-9-10,drcw_aseg,24.0,4.0,1.5,1.0,19.0,15.0,1.0,1.0,1.0,20.0,8.0
abalone-17_vs_7-8-9-10,e_evrs,28.0,28.0,23.0,21.0,12.0,22.0,22.0,24.0,23.0,11.0,16.0
abalone-17_vs_7-8-9-10,easy_bpnn,16.0,2.0,28.0,28.0,4.0,10.0,28.0,26.0,28.0,4.0,13.0
abalone-17_vs_7-8-9-10,evinci,20.0,5.0,3.0,9.0,23.0,19.0,10.0,5.0,2.0,24.0,22.0
abalone-17_vs_7-8-9-10,glos,14.0,22.0,16.0,19.0,16.0,24.0,19.0,22.0,19.0,18.0,3.0
abalone-17_vs_7-8-9-10,mc_ccr,15.0,3.0,5.0,14.0,25.0,21.0,14.0,14.0,4.0,25.0,4.0
abalone-17_vs_7-8-9-10,mc_evhs,22.0,26.0,22.0,17.0,6.0,9.0,15.0,12.0,22.0,7.0,11.0
abalone-17_vs_7-8-9-10,mc_nro,19.0,19.0,12.0,15.0,20.0,26.0,16.0,21.0,13.0,22.0,29.0
abalone-17_vs_7-8-9-10,mc_rbo,21.0,15.0,7.0,23.0,28.0,28.0,24.0,28.0,14.0,28.0,27.0
abalone-17_vs_7-8-9-10,mdo,10.0,12.0,10.0,16.0,24.0,25.0,17.0,20.0,10.0,26.0,9.0
abalone-17_vs_7-8-9-10,multirandbal,12.0,14.0,18.0,7.0,10.0,8.0,6.0,6.0,16.0,10.0,10.0
abalone-17_vs_7-8-9-10,nromm,17.0,18.0,8.0,18.0,26.0,23.0,18.0,19.0,9.0,27.0,15.0
abalone-17_vs_7-8-9-10,ocsv_us,29.0,27.0,29.0,29.0,11.0,29.0,29.0,29.0,29.0,13.0,17.0
abalone-17_vs_7-8-9-10,orem_m,11.0,13.0,11.0,8.0,17.0,18.0,8.0,11.0,7.0,19.0,7.0
abalone-17_vs_7-8-9-10,oremboost,2.0,1.0,9.0,5.0,18.0,13.0,7.0,9.0,6.0,16.0,20.0
abalone-17_vs_7-8-9-10,pt_bagging,25.0,7.0,1.5,4.0,27.0,16.0,4.0,3.0,3.0,23.0,5.0
abalone-17_vs_7-8-9-10,s_smote,9.0,21.0,24.0,22.0,5.0,6.0,21.0,17.0,24.0,5.0,18.0
abalone-17_vs_7-8-9-10,scut,13.0,20.0,20.0,12.0,9.0,5.0,12.0,10.0,20.0,9.0,24.0
abalone-17_vs_7-8-9-10,shsampler,3.0,11.0,21.0,10.0,8.0,7.0,9.0,8.0,18.0,8.0,2.0
abalone-17_vs_7-8-9-10,smom,8.0,17.0,15.0,13.0,15.0,17.0,13.0,15.0,15.0,15.0,14.0
abalone-17_vs_7-8-9-10,soup,1.0,8.0,6.0,11.0,21.0,20.0,11.0,13.0,5.0,21.0,23.0
abalone-19_vs_10-11-12-13,DBCF,2.0,9.0,15.0,13.0,18.0,16.0,18.0,19.0,13.0,20.0,26.0
abalone-19_vs_10-11-12-13,DEAHS,5.0,12.0,25.0,25.0,2.0,26.0,11.0,6.0,14.0,3.0,27.0
abalone-19_vs_10-11-12-13,DeepSMOTE,24.0,26.0,2.0,17.0,23.0,2.0,23.0,23.0,23.0,23.0,16.0
abalone-19_vs_10-11-12-13,SPE,7.0,10.0,28.0,27.0,3.0,24.0,13.0,4.0,15.0,2.0,23.0
abalone-19_vs_10-11-12-13,adaboost_ad,29.0,29.0,27.0,28.0,7.0,29.0,21.0,20.0,21.0,13.0,12.0
abalone-19_vs_10-11-12-13,amcs,14.0,11.0,20.0,6.0,10.0,21.0,6.0,10.0,10.0,9.0,25.0
abalone-19_vs_10-11-12-13,des_mi,27.0,28.0,17.0,14.0,19.0,20.0,19.0,21.0,17.0,21.0,8.0
abalone-19_vs_10-11-12-13,dpse,22.0,16.0,16.0,7.0,15.0,17.0,9.0,15.0,8.0,16.0,3.0
abalone-19_vs_10-11-12-13,drcw_aseg,25.0,21.0,4.0,19.0,25.0,4.0,25.0,25.0,25.0,25.0,6.0
abalone-19_vs_10-11-12-13,e_evrs,23.0,25.0,19.0,1.0,8.0,19.0,1.0,2.0,1.0,6.0,17.0
abalone-19_vs_10-11-12-13,easy_bpnn,1.0,3.0,24.0,24.0,1.0,10.0,7.0,1.0,7.0,1.0,13.0
abalone-19_vs_10-11-12-13,evinci,6.0,18.0,1.0,16.0,22.0,1.0,22.0,22.0,22.0,22.0,21.0
abalone-19_vs_10-11-12-13,glos,28.0,27.0,14.0,23.0,29.0,15.0,29.0,29.0,29.0,29.0,2.0
abalone-19_vs_10-11-12-13,mc_ccr,18.0,22.0,7.0,11.0,21.0,6.0,14.0,17.0,11.0,17.0,5.0
abalone-19_vs_10-11-12-13,mc_evhs,17.0,13.0,22.0,4.0,6.0,22.0,3.0,3.0,5.0,4.0,10.0
abalone-19_vs_10-11-12-13,mc_nro,13.0,24.0,11.0,22.0,28.0,14.0,28.0,28.0,28.0,28.0,29.0
abalone-19_vs_10-11-12-13,mc_rbo,21.0,14.0,5.0,20.0,26.0,5.0,26.0,26.0,26.0,26.0,28.0
abalone-19_vs_10-11-12-13,mdo,4.0,20.0,12.0,10.0,16.0,13.0,12.0,16.0,19.0,15.0,9.0
abalone-19_vs_10-11-12-13,multirandbal,15.0,6.0,21.0,8.0,11.0,23.0,8.0,11.0,9.0,11.0,11.0
abalone-19_vs_10-11-12-13,nromm,3.0,5.0,10.0,12.0,17.0,12.0,17.0,18.0,12.0,19.0,15.0
abalone-19_vs_10-11-12-13,ocsv_us,19.0,17.0,29.0,29.0,4.0,28.0,20.0,12.0,20.0,7.0,20.0
abalone-19_vs_10-11-12-13,orem_m,11.0,8.0,8.0,9.0,20.0,8.0,10.0,13.0,4.0,18.0,7.0
abalone-19_vs_10-11-12-13,oremboost,8.0,4.0,9.0,5.0,14.0,9.0,5.0,8.0,2.0,14.0,19.0
abalone-19_vs_10-11-12-13,pt_bagging,26.0,23.0,3.0,18.0,24.0,3.0,24.0,24.0,24.0,24.0,1.0
abalone-19_vs_10-11-12-13,s_smote,20.0,2.0,26.0,26.0,5.0,27.0,16.0,9.0,16.0,5.0,18.0
abalone-19_vs_10-11-12-13,scut,9.0,19.0,23.0,15.0,12.0,25.0,15.0,14.0,18.0,12.0,24.0
abalone-19_vs_10-11-12-13,shsampler,12.0,7.0,18.0,3.0,9.0,18.0,4.0,7.0,6.0,8.0,4.0
abalone-19_vs_10-11-12-13,smom,16.0,1.0,13.0,2.0,13.0,11.0,2.0,5.0,3.0,10.0,14.0
abalone-19_vs_10-11-12-13,soup,10.0,15.0,6.0,21.0,27.0,7.0,27.0,27.0,27.0,27.0,22.0
abalone-20_vs_8-9-10,DBCF,3.0,1.0,1.0,1.0,11.0,8.0,1.0,1.0,4.0,10.0,25.0
abalone-20_vs_8-9-10,DEAHS,12.0,22.0,25.0,25.0,2.0,5.0,26.0,18.0,26.0,3.0,29.0
abalone-20_vs_8-9-10,DeepSMOTE,15.0,23.0,8.0,24.0,29.0,28.0,24.0,28.0,23.0,29.0,19.0
abalone-20_vs_8-9-10,SPE,14.0,26.0,27.0,27.0,5.0,7.0,27.0,22.0,27.0,6.0,21.0
abalone-20_vs_8-9-10,adaboost_ad,20.0,28.0,28.0,28.0,7.0,10.0,28.0,24.0,28.0,7.0,12.0
abalone-20_vs_8-9-10,amcs,25.0,24.0,16.0,23.0,27.0,17.0,23.0,27.0,24.0,25.0,26.0
abalone-20_vs_8-9-10,des_mi,24.0,21.0,17.0,7.0,12.0,6.0,7.0,9.0,10.0,9.0,8.0
abalone-20_vs_8-9-10,dpse,29.0,25.0,15.0,10.0,19.0,18.0,10.0,11.0,8.0,19.0,5.0
abalone-20_vs_8-9-10,drcw_aseg,27.0,15.0,9.0,17.0,23.0,23.0,17.0,20.0,14.0,22.0,6.0
abalone-20_vs_8-9-10,e_evrs,23.0,27.0,21.0,18.0,10.0,14.0,18.0,16.0,22.0,11.0,16.0
abalone-20_vs_8-9-10,easy_bpnn,4.0,2.0,26.0,26.0,1.0,2.0,25.0,17.0,25.0,2.0,13.0
abalone-20_vs_8-9-10,evinci,21.0,10.0,5.0,19.0,24.0,20.0,19.0,21.0,13.0,24.0,20.0
abalone-20_vs_8-9-10,glos,10.0,20.0,18.0,12.0,18.0,16.0,13.0,15.0,16.0,17.0,2.0
abalone-20_vs_8-9-10,mc_ccr,18.0,13.0,2.5,11.0,20.0,21.0,11.0,12.0,7.0,20.0,4.0
abalone-20_vs_8-9-10,mc_evhs,2.0,17.0,23.0,9.0,4.0,3.0,9.0,5.0,17.0,4.0,11.0
abalone-20_vs_8-9-10,mc_nro,11.0,6.0,10.5,4.0,16.0,11.0,4.0,6.0,5.0,15.5,28.0
abalone-20_vs_8-9-10,mc_rbo,22.0,8.0,2.5,13.0,21.0,24.0,14.0,13.0,6.0,23.0,27.0
abalone-20_vs_8-9-10,mdo,17.0,9.0,6.0,22.0,28.0,27.0,22.0,23.0,9.0,28.0,10.0
abalone-20_vs_8-9-10,multirandbal,5.0,18.0,20.0,14.0,13.0,15.0,15.0,14.0,19.0,12.0,9.0
abalone-20_vs_8-9-10,nromm,16.0,7.0,13.0,8.0,17.0,19.0,8.0,8.0,2.0,18.0,14.0
abalone-20_vs_8-9-10,ocsv_us,28.0,29.0,29.0,29.0,9.0,29.0,29.0,29.0,29.0,13.0,18.0
abalone-20_vs_8-9-10,orem_m,19.0,5.0,10.5,3.0,15.0,12.0,3.0,4.0,1.0,15.5,7.0
abalone-20_vs_8-9-10,oremboost,9.0,14.0,14.0,20.0,25.0,26.0,20.0,26.0,20.0,27.0,23.0
abalone-20_vs_8-9-10,pt_bagging,26.0,19.0,4.0,16.0,22.0,22.0,16.0,19.0,11.0,21.0,1.0
abalone-20_vs_8-9-10,s_smote,1.0,4.0,24.0,15.0,6.0,4.0,12.0,10.0,18.0,5.0,17.0
abalone-20_vs_8-9-10,scut,7.0,12.0,22.0,5.0,3.0,1.0,5.0,2.0,15.0,1.0,24.0
abalone-20_vs_8-9-10,shsampler,6.0,16.0,19.0,6.0,8.0,9.0,6.0,7.0,12.0,8.0,3.0
abalone-20_vs_8-9-10,smom,13.0,3.0,12.0,2.0,14.0,13.0,2.0,3.0,3.0,14.0,15.0
abalone-20_vs_8-9-10,soup,8.0,11.0,7.0,21.0,26.0,25.0,21.0,25.0,21.0,26.0,22.0
abalone-21_vs_8,DBCF,13.0,4.0,15.0,17.0,23.0,14.0,17.0,18.0,16.0,20.0,27.0
abalone-21_vs_8,DEAHS,11.0,18.0,26.0,25.0,6.0,12.0,25.0,25.0,25.0,6.0,29.0
abalone-21_vs_8,DeepSMOTE,7.0,5.0,12.0,20.0,27.0,27.0,20.0,20.0,18.0,29.0,14.0
abalone-21_vs_8,SPE,18.0,23.0,25.0,26.0,11.0,22.0,27.0,27.0,27.0,11.0,25.0
abalone-21_vs_8,adaboost_ad,27.0,29.0,28.0,28.0,12.0,28.0,28.0,28.0,28.0,17.0,6.0
abalone-21_vs_8,amcs,29.0,26.0,21.0,21.0,28.0,19.0,21.0,23.0,22.0,25.0,22.0
abalone-21_vs_8,des_mi,20.0,22.0,12.0,12.0,22.0,18.0,12.0,12.0,10.0,19.0,5.0
abalone-21_vs_8,dpse,23.0,25.0,17.0,22.0,29.0,21.0,22.0,22.0,21.0,28.0,1.0
abalone-21_vs_8,drcw_aseg,25.0,13.0,1.0,1.0,9.0,5.0,1.0,1.0,2.0,7.0,3.0
abalone-21_vs_8,e_evrs,16.0,28.0,23.0,24.0,21.0,20.0,24.0,24.0,24.0,18.0,17.0
abalone-21_vs_8,easy_bpnn,4.0,1.0,27.0,27.0,3.0,6.0,26.0,26.0,26.0,3.0,13.0
abalone-21_vs_8,evinci,22.0,11.0,2.0,5.0,16.0,16.0,5.0,5.0,4.0,15.0,23.0
abalone-21_vs_8,glos,14.0,12.0,18.0,7.0,2.0,2.0,7.0,8.0,17.0,2.0,10.0
abalone-21_vs_8,mc_ccr,8.0,7.0,9.5,10.5,14.5,10.5,10.5,9.5,8.5,13.5,7.0
abalone-21_vs_8,mc_evhs,17.0,24.0,24.0,23.0,7.0,13.0,23.0,21.0,23.0,10.0,11.0
abalone-21_vs_8,mc_nro,10.0,3.0,4.0,2.0,10.0,7.0,2.0,3.0,6.0,9.0,20.0
abalone-21_vs_8,mc_rbo,3.0,8.0,9.5,10.5,14.5,10.5,10.5,9.5,8.5,13.5,26.0
abalone-21_vs_8,mdo,9.0,2.0,6.0,6.0,13.0,9.0,6.0,6.0,3.0,12.0,12.0
abalone-21_vs_8,multirandbal,19.0,17.0,16.0,3.0,1.0,1.0,3.0,2.0,12.0,1.0,8.0
abalone-21_vs_8,nromm,12.0,19.0,7.5,15.0,26.0,26.0,15.0,16.0,7.0,27.0,16.0
abalone-21_vs_8,ocsv_us,28.0,27.0,29.0,29.0,18.0,29.0,29.0,29.0,29.0,24.0,21.0
abalone-21_vs_8,orem_m,24.0,21.0,14.0,19.0,25.0,25.0,19.0,19.0,15.0,26.0,9.0
abalone-21_vs_8,oremboost,21.0,6.0,7.5,18.0,24.0,17.0,18.0,17.0,11.0,23.0,24.0
abalone-21_vs_8,pt_bagging,26.0,14.0,5.0,8.0,19.0,23.0,9.0,11.0,5.0,21.0,2.0
abalone-21_vs_8,s_smote,1.0,15.0,22.0,16.0,8.0,8.0,16.0,15.0,20.0,8.0,19.0
abalone-21_vs_8,scut,2.0,20.0,20.0,13.0,4.0,4.0,13.0,13.0,19.0,5.0,28.0
abalone-21_vs_8,shsampler,5.0,9.0,19.0,9.0,5.0,3.0,8.0,7.0,14.0,4.0,4.0
abalone-21_vs_8,smom,6.0,16.0,12.0,14.0,20.0,24.0,14.0,14.0,13.0,22.0,15.0
abalone-21_vs_8,soup,15.0,10.0,3.0,4.0,17.0,15.0,4.0,4.0,1.0,16.0,18.0
abalone-3_vs_11,DBCF,12.5,12.5,7.0,7.0,7.0,7.0,7.0,7.0,7.0,7.0,24.0
abalone-3_vs_11,DEAHS,12.5,12.5,27.0,27.0,27.0,27.0,27.0,28.0,28.0,27.0,29.0
abalone-3_vs_11,DeepSMOTE,12.5,12.5,19.0,19.0,19.0,19.0,19.0,19.0,19.0,19.0,14.0
abalone-3_vs_11,SPE,12.5,12.5,7.0,7.0,7.0,7.0,7.0,7.0,7.0,7.0,25.0
abalone-3_vs_11,adaboost_ad,26.5,26.5,19.0,19.0,19.0,19.0,19.0,19.0,19.0,19.0,5.0
abalone-3_vs_11,amcs,12.5,12.5,7.0,7.0,7.0,7.0,7.0,7.0,7.0,7.0,21.0
abalone-3_vs_11,des_mi,12.5,12.5,19.0,19.0,19.0,19.0,19.0,19.0,19.0,19.0,6.0
abalone-3_vs_11,dpse,12.5,12.5,7.0,7.0,7.0,7.0,7.0,7.0,7.0,7.0,2.0
abalone-3_vs_11,drcw_aseg,12.5,12.5,7.0,7.0,7.0,7.0,7.0,7.0,7.0,7.0,3.0
abalone-3_vs_11,e_evrs,26.5,26.5,19.0,19.0,19.0,19.0,19.0,19.0,19.0,19.0,18.0
abalone-3_vs_11,easy_bpnn,12.5,12.5,29.0,29.0,28.0,29.0,29.0,29.0,29.0,29.0,13.0
abalone-3_vs_11,evinci,12.5,12.5,19.0,19.0,19.0,19.0,19.0,19.0,19.0,19.0,23.0
abalone-3_vs_11,glos,12.5,12.5,19.0,19.0,19.0,19.0,19.0,19.0,19.0,19.0,9.0
abalone-3_vs_11,mc_ccr,12.5,12.5,19.0,19.0,19.0,19.0,19.0,19.0,19.0,19.0,8.0
abalone-3_vs_11,mc_evhs,26.5,26.5,25.0,25.0,25.0,25.0,25.0,25.0,25.0,25.0,11.0
abalone-3_vs_11,mc_nro,26.5,26.5,19.0,19.0,19.0,19.0,19.0,19.0,19.0,19.0,19.0
abalone-3_vs_11,mc_rbo,12.5,12.5,19.0,19.0,19.0,19.0,19.0,19.0,19.0,19.0,28.0
abalone-3_vs_11,mdo,12.5,12.5,19.0,19.0,19.0,19.0,19.0,19.0,19.0,19.0,12.0
abalone-3_vs_11,multirandbal,12.5,12.5,7.0,7.0,7.0,7.0,7.0,7.0,7.0,7.0,7.0
abalone-3_vs_11,nromm,12.5,12.5,7.0,7.0,7.0,7.0,7.0,7.0,7.0,7.0,16.0
abalone-3_vs_11,ocsv_us,29.0,29.0,28.0,28.0,29.0,28.0,28.0,27.0,26.0,28.0,22.0
abalone-3_vs_11,orem_m,12.5,12.5,19.0,19.0,19.0,19.0,19.0,19.0,19.0,19.0,10.0
abalone-3_vs_11,oremboost,12.5,12.5,7.0,7.0,7.0,7.0,7.0,7.0,7.0,7.0,26.0
abalone-3_vs_11,pt_bagging,12.5,12.5,7.0,7.0,7.0,7.0,7.0,7.0,7.0,7.0,1.0
abalone-3_vs_11,s_smote,12.5,12.5,7.0,7.0,7.0,7.0,7.0,7.0,7.0,7.0,20.0
abalone-3_vs_11,scut,12.5,12.5,7.0,7.0,7.0,7.0,7.0,7.0,7.0,7.0,27.0
abalone-3_vs_11,shsampler,12.5,12.5,26.0,26.0,26.0,26.0,26.0,26.0,27.0,26.0,4.0
abalone-3_vs_11,smom,12.5,12.5,7.0,7.0,7.0,7.0,7.0,7.0,7.0,7.0,15.0
abalone-3_vs_11,soup,12.5,12.5,7.0,7.0,7.0,7.0,7.0,7.0,7.0,7.0,17.0
abalone19,DBCF,7.0,18.0,10.0,20.0,26.0,11.0,26.0,26.0,25.0,26.0,23.0
abalone19,DEAHS,3.0,10.0,25.0,25.0,2.0,20.0,11.0,1.0,10.0,2.0,27.0
abalone19,DeepSMOTE,22.0,26.0,8.0,18.0,24.0,9.0,24.0,24.0,23.0,24.0,19.0
abalone19,SPE,4.0,14.0,26.0,26.0,1.0,8.0,13.0,2.0,11.0,1.0,20.0
abalone19,adaboost_ad,28.0,29.0,29.0,29.0,9.0,28.0,17.0,16.0,29.0,10.0,12.0
abalone19,amcs,10.0,3.0,18.0,1.0,10.0,15.0,1.0,4.0,3.0,8.0,25.0
abalone19,des_mi,17.0,24.0,20.0,10.0,12.0,22.0,10.0,14.0,13.0,12.0,10.0
abalone19,dpse,29.0,25.0,11.0,8.0,17.0,12.0,9.0,15.0,7.0,16.0,8.0
abalone19,drcw_aseg,23.0,15.0,5.0,16.0,22.0,5.0,22.0,22.0,21.0,22.0,6.0
abalone19,e_evrs,27.0,28.0,21.0,11.0,11.0,25.0,15.0,17.0,16.0,14.0,18.0
abalone19,easy_bpnn,6.0,13.0,27.0,27.0,3.0,27.0,14.0,5.0,14.0,3.0,13.0
abalone19,evinci,9.0,19.0,3.0,13.5,19.5,2.5,19.5,19.5,18.5,19.5,22.0
abalone19,glos,26.0,27.0,14.0,21.0,27.0,16.0,27.0,27.0,26.0,27.0,1.0
abalone19,mc_ccr,18.0,16.0,6.0,17.0,23.0,7.0,23.0,23.0,22.0,23.0,3.0
abalone19,mc_evhs,1.0,9.0,23.0,9.0,6.0,26.0,8.0,6.0,9.0,6.0,9.0
abalone19,mc_nro,16.0,23.0,15.0,22.0,28.0,18.0,28.0,28.0,27.0,28.0,29.0
abalone19,mc_rbo,20.0,1.0,3.0,15.0,21.0,4.0,21.0,21.0,20.0,21.0,28.0
abalone19,mdo,11.0,22.0,16.0,23.0,29.0,19.0,29.0,29.0,28.0,29.0,7.0
abalone19,multirandbal,5.0,2.0,19.0,6.0,8.0,21.0,4.0,8.0,6.0,9.0,11.0
abalone19,nromm,19.0,20.0,9.0,19.0,25.0,10.0,25.0,25.0,24.0,25.0,16.0
abalone19,ocsv_us,15.0,7.0,28.0,28.0,5.0,29.0,16.0,13.0,15.0,5.0,14.0
abalone19,orem_m,25.0,8.0,7.0,2.0,15.0,6.0,2.0,9.0,1.0,15.0,4.0
abalone19,oremboost,8.0,4.0,12.0,5.0,16.0,14.0,5.0,10.0,2.0,17.0,21.0
abalone19,pt_bagging,24.0,17.0,1.0,12.0,18.0,1.0,18.0,18.0,17.0,18.0,5.0
abalone19,s_smote,2.0,11.0,24.0,24.0,4.0,23.0,12.0,3.0,12.0,4.0,17.0
abalone19,scut,12.0,5.0,22.0,7.0,7.0,24.0,7.0,7.0,8.0,7.0,24.0
abalone19,shsampler,14.0,12.0,17.0,3.0,13.0,17.0,3.0,11.0,4.0,11.0,2.0
abalone19,smom,13.0,6.0,13.0,4.0,14.0,13.0,6.0,12.0,5.0,13.0,15.0
abalone19,soup,21.0,21.0,3.0,13.5,19.5,2.5,19.5,19.5,18.5,19.5,26.0
abalone9-18,DBCF,4.0,14.0,16.0,13.0,10.0,22.0,14.0,16.0,15.0,13.0,28.0
abalone9-18,DEAHS,20.0,18.0,26.0,27.0,3.0,14.0,27.0,25.0,27.0,4.0,29.0
abalone9-18,DeepSMOTE,12.0,20.0,8.0,24.0,29.0,26.0,25.0,28.0,14.0,28.0,16.0
abalone9-18,SPE,13.0,5.0,28.0,28.0,2.0,2.0,28.0,26.0,28.0,2.0,25.0
abalone9-18,adaboost_ad,25.0,28.0,25.0,26.0,5.0,16.0,26.0,27.0,26.0,7.0,10.0
abalone9-18,amcs,28.0,26.0,15.0,22.0,26.0,24.0,22.0,24.0,22.0,23.0,24.0
abalone9-18,des_mi,24.0,25.0,19.0,19.0,14.0,27.0,19.0,19.0,20.0,20.0,8.0
abalone9-18,dpse,27.0,22.0,17.0,17.0,15.0,13.0,18.0,17.0,18.0,14.0,1.0
abalone9-18,drcw_aseg,23.0,8.0,4.0,9.0,22.0,19.0,9.0,5.0,4.0,22.0,3.0
abalone9-18,e_evrs,26.0,27.0,21.0,20.0,21.0,28.0,20.0,23.0,19.0,21.0,17.0
abalone9-18,easy_bpnn,2.0,1.0,24.0,23.0,1.0,5.0,23.0,20.0,25.0,1.0,15.0
abalone9-18,evinci,15.0,4.0,1.0,1.0,18.0,10.0,1.0,1.0,2.0,16.0,23.0
abalone9-18,glos,16.0,16.0,11.0,4.0,16.0,11.0,4.0,6.0,8.0,15.0,6.0
abalone9-18,mc_ccr,18.0,21.0,9.0,21.0,28.0,25.0,21.0,21.0,11.0,27.0,7.0
abalone9-18,mc_evhs,14.0,23.0,22.0,15.0,7.0,4.0,15.0,14.0,23.0,6.0,11.0
abalone9-18,mc_nro,7.0,3.0,5.0,2.0,13.0,6.0,2.0,3.0,6.0,11.0,22.0
abalone9-18,mc_rbo,19.0,17.0,2.0,12.0,25.0,20.0,11.0,4.0,1.0,25.0,27.0
abalone9-18,mdo,10.0,2.0,6.0,3.0,11.0,8.0,3.0,2.0,5.0,10.0,12.0
abalone9-18,multirandbal,5.0,9.0,18.0,8.0,9.0,7.0,8.0,9.0,16.0,8.0,4.0
abalone9-18,nromm,1.0,13.0,12.0,16.0,23.0,23.0,17.0,18.0,12.0,24.0,13.0
abalone9-18,ocsv_us,29.0,29.0,29.0,29.0,24.0,29.0,29.0,29.0,29.0,29.0,21.0
abalone9-18,orem_m,6.0,15.0,10.0,7.0,20.0,17.0,7.0,11.0,9.0,19.0,9.0
abalone9-18,oremboost,8.0,11.0,7.0,6.0,19.0,15.0,6.0,7.0,7.0,18.0,19.0
abalone9-18,pt_bagging,22.0,10.0,3.0,14.0,27.0,21.0,13.0,8.0,3.0,26.0,2.0
abalone9-18,s_smote,11.0,19.0,27.0,25.0,4.0,3.0,24.0,22.0,24.0,3.0,20.0
abalone9-18,scut,21.0,24.0,23.0,18.0,8.0,9.0,16.0,15.0,21.0,9.0,26.0
abalone9-18,shsampler,3.0,7.0,20.0,10.0,6.0,1.0,10.0,12.0,17.0,5.0,5.0
abalone9-18,smom,9.0,6.0,13.0,5.0,12.0,12.0,5.0,10.0,10.0,12.0,14.0
abalone9-18,soup,17.0,12.0,14.0,11.0,17.0,18.0,12.0,13.0,13.0,17.0,18.0
autos,DEAHS,8.0,2.0,9.0,8.0,9.0,9.0,10.0,10.0,8.0,7.0,28.0
autos,DeepSMOTE,10.0,11.0,10.0,9.0,11.0,11.0,9.0,11.0,11.0,9.0,16.0
autos,SPE,27.0,28.0,28.0,28.0,28.0,28.0,28.0,28.0,28.0,28.0,26.0
autos,adaboost_ad,20.0,23.0,22.0,23.0,18.0,15.0,22.0,22.0,24.0,22.0,5.0
autos,amcs,21.0,15.0,19.0,20.0,23.0,18.0,19.0,19.0,19.0,21.0,12.0
autos,des_mi,18.0,21.0,21.0,18.0,19.0,21.0,21.0,21.0,20.0,17.0,9.0
autos,dpse,28.0,27.0,5.0,13.0,3.0,5.0,5.0,5.0,14.0,13.0,3.0
autos,drcw_aseg,13.0,14.0,3.5,3.0,5.0,6.0,4.0,4.0,3.0,4.0,14.0
autos,e_evrs,23.0,22.0,20.0,17.0,13.0,22.0,20.0,20.0,17.0,16.0,24.0
autos,easy_bpnn,24.0,25.0,26.0,26.0,25.0,26.0,26.0,26.0,26.0,26.0,25.0
autos,evinci,15.0,17.0,18.0,19.0,12.0,17.0,18.0,18.0,18.0,18.0,23.0
autos,glos,2.0,12.0,13.0,15.0,21.0,16.0,13.0,13.0,13.0,15.0,7.0
autos,mc_ccr,6.0,6.0,2.0,4.0,7.0,4.0,2.0,2.0,4.0,3.0,2.0
autos,mc_evhs,12.0,13.0,14.0,14.0,14.0,14.0,14.0,14.0,15.0,14.0,11.0
autos,mc_nro,25.0,24.0,24.0,25.0,27.0,25.0,25.0,25.0,25.0,25.0,18.0
autos,mc_rbo,1.0,1.0,8.0,5.0,4.0,3.0,8.0,8.0,5.0,8.0,21.0
autos,mdo,3.0,9.0,12.0,11.0,16.0,10.0,12.0,12.0,10.0,11.0,6.0
autos,multirandbal,9.0,3.0,3.5,2.0,2.0,2.0,3.0,3.0,2.0,2.0,10.0
autos,nromm,4.0,4.0,11.0,10.0,15.0,12.0,11.0,9.0,7.0,10.0,15.0
autos,ocsv_us,16.0,16.0,23.0,24.0,24.0,24.0,23.0,23.0,23.0,24.0,22.0
autos,orem_m,5.0,5.0,6.0,6.0,8.0,7.0,6.0,6.0,9.0,5.0,8.0
autos,oremboost,19.0,20.0,16.0,16.0,22.0,19.0,16.0,16.0,16.0,19.0,19.0
autos,pt_bagging,7.0,7.0,1.0,1.0,1.0,1.0,1.0,1.0,1.0,1.0,1.0
autos,s_smote,26.0,26.0,27.0,27.0,26.0,27.0,27.0,27.0,27.0,27.0,20.0
autos,scut,14.0,10.0,15.0,12.0,6.0,13.0,15.0,15.0,12.0,12.0,27.0
autos,shsampler,17.0,18.0,17.0,21.0,20.0,20.0,17.0,17.0,21.0,20.0,4.0
autos,smom,11.0,8.0,7.0,7.0,10.0,8.0,7.0,7.0,6.0,6.0,17.0
autos,soup,22.0,19.0,25.0,22.0,17.0,23.0,24.0,24.0,22.0,23.0,13.0
balance,DEAHS,6.0,6.0,6.5,13.0,23.0,8.0,8.0,8.0,22.0,9.0,28.0
balance,DeepSMOTE,22.0,16.0,9.5,15.0,17.0,11.0,10.0,10.0,23.0,11.0,16.0
balance,SPE,5.0,5.0,27.0,5.0,4.0,7.0,27.0,26.0,4.0,4.0,26.0
balance,adaboost_ad,7.0,25.0,26.0,26.0,7.0,27.0,26.0,27.0,7.0,25.0,6.0
balance,amcs,1.0,1.0,1.0,1.0,1.0,1.0,1.0,1.0,1.0,1.0,27.0
balance,des_mi,9.0,20.0,23.0,11.0,8.0,22.0,22.0,22.0,8.0,19.0,3.0
balance,dpse,28.0,28.0,22.0,17.0,10.0,23.0,23.0,23.0,10.0,20.0,2.0
balance,drcw_aseg,27.0,23.0,17.0,10.0,16.0,18.0,17.0,17.0,14.0,17.0,5.0
balance,e_evrs,25.0,27.0,24.0,24.0,13.0,25.0,24.0,24.0,12.0,26.0,18.0
balance,easy_bpnn,2.0,2.0,4.0,2.0,2.0,2.0,2.0,2.0,2.0,2.0,24.0
balance,evinci,24.0,21.0,9.5,23.0,25.0,10.0,14.0,11.0,27.0,14.0,23.0
balance,glos,12.0,7.0,12.5,9.0,19.0,14.0,12.0,13.0,16.0,13.0,9.0
balance,mc_ccr,11.0,11.0,11.0,19.0,26.0,13.0,11.0,12.0,26.0,16.0,8.0
balance,mc_evhs,23.0,22.0,19.0,25.0,14.0,20.0,20.0,20.0,19.0,23.0,11.0
balance,mc_nro,21.0,15.0,2.5,20.0,20.0,4.0,4.0,4.0,28.0,7.0,20.0
balance,mc_rbo,17.0,12.0,8.0,14.0,24.0,12.0,9.0,9.0,20.0,12.0,25.0
balance,mdo,18.0,10.0,2.5,7.0,21.0,5.0,3.0,3.0,18.0,6.0,10.0
balance,multirandbal,16.0,19.0,20.0,21.0,15.0,21.0,19.0,19.0,13.0,24.0,4.0
balance,nromm,14.0,8.0,6.5,8.0,22.0,9.0,7.0,7.0,17.0,10.0,12.0
balance,ocsv_us,26.0,26.0,28.0,28.0,5.0,28.0,28.0,28.0,11.0,28.0,22.0
balance,orem_m,15.0,14.0,16.0,22.0,28.0,17.0,16.0,16.0,24.0,21.0,13.0
balance,oremboost,3.0,4.0,5.0,4.0,6.0,6.0,5.0,6.0,5.0,5.0,19.0
balance,pt_bagging,8.0,9.0,15.0,12.0,18.0,16.0,15.0,15.0,15.0,15.0,1.0
balance,s_smote,4.0,3.0,14.0,3.0,3.0,3.0,6.0,5.0,3.0,3.0,17.0
balance,scut,20.0,24.0,25.0,27.0,11.0,26.0,25.0,25.0,25.0,27.0,21.0
balance,shsampler,10.0,17.0,18.0,6.0,9.0,19.0,18.0,18.0,6.0,8.0,7.0
balance,smom,19.0,13.0,12.5,18.0,27.0,15.0,13.0,14.0,21.0,18.0,14.0
balance,soup,13.0,18.0,21.0,16.0,12.0,24.0,21.0,21.0,9.0,22.0,15.0
car-good,DBCF,22.0,24.0,19.0,18.0,17.0,17.0,18.0,20.0,20.0,17.0,26.0
car-good,DEAHS,11.0,13.0,25.0,24.0,5.0,5.0,24.0,24.0,24.0,5.0,28.0
car-good,DeepSMOTE,21.0,16.0,18.0,20.0,26.0,26.0,20.0,18.0,2.0,26.0,18.0
car-good,SPE,1.0,1.0,22.0,21.0,1.0,1.0,21.0,21.0,23.0,1.0,24.0
car-good,adaboost_ad,25.0,26.0,26.0,25.0,6.0,7.0,25.0,25.0,25.0,7.0,9.0
car-good,amcs,28.0,28.0,24.0,27.0,29.0,28.0,29.0,29.0,29.0,29.0,25.0
car-good,des_mi,20.0,23.0,21.0,19.0,12.0,14.0,19.0,19.0,21.0,13.0,4.0
car-good,dpse,23.0,14.0,7.0,6.0,13.0,11.0,6.0,6.0,16.0,12.0,3.0
car-good,drcw_aseg,2.0,2.0,2.0,2.0,8.0,8.0,2.0,2.0,10.0,8.0,2.0
car-good,e_evrs,24.0,22.0,10.0,11.0,19.0,20.0,11.0,11.0,8.0,18.0,19.0
car-good,easy_bpnn,29.0,29.0,29.0,29.0,28.0,29.0,28.0,28.0,28.0,28.0,13.0
car-good,evinci,4.0,4.0,3.0,3.0,3.0,3.0,3.0,3.0,14.0,3.0,23.0
car-good,glos,17.0,9.0,5.0,8.0,15.0,15.0,8.0,8.0,5.0,15.0,6.0
car-good,mc_ccr,6.0,8.0,14.0,16.0,23.0,23.0,16.0,16.0,6.0,23.0,8.0
car-good,mc_evhs,18.0,18.0,12.0,13.0,16.0,16.0,13.0,14.0,13.0,16.0,12.0
car-good,mc_nro,15.0,15.0,13.0,15.0,22.0,21.0,15.0,15.0,3.0,22.0,29.0
car-good,mc_rbo,7.0,6.0,9.0,10.0,20.0,18.0,10.0,10.0,4.0,19.0,27.0
car-good,mdo,8.0,7.0,15.0,17.0,25.0,25.0,17.0,17.0,1.0,25.0,11.0
car-good,multirandbal,9.0,11.0,8.0,7.0,9.0,9.0,7.0,7.0,17.0,9.0,5.0
car-good,nromm,16.0,20.0,20.0,23.0,27.0,27.0,23.0,23.0,12.0,27.0,14.0
car-good,ocsv_us,27.0,27.0,28.0,28.0,24.0,24.0,27.0,27.0,27.0,24.0,20.0
car-good,orem_m,5.0,5.0,1.0,1.0,7.0,6.0,1.0,1.0,7.0,6.0,10.0
car-good,oremboost,19.0,21.0,23.0,22.0,4.0,4.0,22.0,22.0,22.0,4.0,17.0
car-good,pt_bagging,3.0,3.0,4.0,4.0,11.0,12.0,4.0,4.0,11.0,11.0,1.0
car-good,s_smote,26.0,25.0,27.0,26.0,18.0,22.0,26.0,26.0,26.0,21.0,21.0
car-good,scut,12.0,17.0,6.0,5.0,14.0,13.0,5.0,5.0,15.0,14.0,16.0
car-good,shsampler,13.0,19.0,17.0,12.0,10.0,10.0,12.0,12.0,18.0,10.0,7.0
car-good,smom,10.0,10.0,11.0,14.0,21.0,19.0,14.0,13.0,9.0,20.0,15.0
car-good,soup,14.0,12.0,16.0,9.0,2.0,2.0,9.0,9.0,19.0,2.0,22.0
car-vgood,DBCF,18.0,20.0,16.0,15.0,18.0,18.0,15.0,15.0,16.0,18.0,26.0
car-vgood,DEAHS,15.0,16.0,24.0,24.0,6.0,7.0,24.0,24.0,24.0,6.0,28.0
car-vgood,DeepSMOTE,11.0,12.0,14.0,17.0,26.0,26.0,17.0,17.0,4.0,26.0,19.0
car-vgood,SPE,4.0,4.0,17.0,16.0,2.0,2.0,16.0,16.0,19.0,2.0,24.0
car-vgood,adaboost_ad,25.0,25.0,27.0,25.0,23.0,23.0,25.0,25.0,26.0,23.0,9.0
car-vgood,amcs,28.0,29.0,25.0,29.0,29.0,29.0,29.0,29.0,29.0,29.0,25.0
car-vgood,des_mi,10.0,15.0,12.0,11.0,1.0,1.0,11.0,11.0,15.0,1.0,4.0
car-vgood,dpse,23.0,14.0,4.0,4.0,16.0,13.0,4.0,4.0,6.0,15.0,3.0
car-vgood,drcw_aseg,6.5,7.5,2.0,2.5,13.5,14.5,2.5,2.5,1.5,13.5,2.0
car-vgood,e_evrs,24.0,24.0,19.0,20.0,22.0,22.0,20.0,21.0,17.0,22.0,17.0
car-vgood,easy_bpnn,27.0,28.0,28.0,27.0,25.0,25.0,27.0,26.0,27.0,25.0,15.0
car-vgood,evinci,6.5,7.5,11.0,12.0,10.0,10.0,12.0,12.0,14.0,10.0,21.0
car-vgood,glos,12.0,11.0,7.5,7.0,9.0,8.0,7.0,7.0,10.0,8.5,7.0
car-vgood,mc_ccr,1.0,1.5,6.0,6.0,19.0,20.0,6.0,6.0,3.0,19.0,8.0
car-vgood,mc_evhs,21.0,23.0,22.0,22.0,12.0,12.0,22.0,22.0,21.0,12.0,12.0
car-vgood,mc_nro,17.0,18.0,15.0,14.0,21.0,21.0,14.0,14.0,13.0,21.0,29.0
car-vgood,mc_rbo,3.0,3.0,2.0,1.0,7.0,6.0,1.0,1.0,5.0,7.0,27.0
car-vgood,mdo,13.0,10.0,9.0,9.0,20.0,19.0,9.0,9.0,7.0,20.0,10.0
car-vgood,multirandbal,6.5,5.5,10.0,10.0,17.0,17.0,10.0,10.0,12.0,17.0,5.0
car-vgood,nromm,14.0,13.0,13.0,13.0,24.0,24.0,13.0,13.0,8.0,24.0,14.0
car-vgood,ocsv_us,26.0,26.0,29.0,28.0,27.0,27.0,28.0,27.0,28.0,27.0,18.0
car-vgood,orem_m,2.0,1.5,7.5,8.0,8.0,9.0,8.0,8.0,11.0,8.5,11.0
car-vgood,oremboost,19.0,19.0,23.0,23.0,11.0,11.0,23.0,23.0,23.0,11.0,13.0
car-vgood,pt_bagging,6.5,5.5,2.0,2.5,13.5,14.5,2.5,2.5,1.5,13.5,1.0
car-vgood,s_smote,29.0,27.0,26.0,26.0,28.0,28.0,26.0,28.0,25.0,28.0,22.0
car-vgood,scut,16.0,17.0,20.0,19.0,5.0,5.0,18.0,18.0,18.0,5.0,20.0
car-vgood,shsampler,20.0,21.0,21.0,21.0,4.0,4.0,21.0,20.0,22.0,4.0,6.0
car-vgood,smom,9.0,9.0,5.0,5.0,15.0,16.0,5.0,5.0,9.0,16.0,16.0
car-vgood,soup,22.0,22.0,18.0,18.0,3.0,3.0,19.0,19.0,20.0,3.0,23.0
cleveland-0_vs_4,DBCF,1.0,3.0,12.0,13.0,16.0,11.0,13.0,13.0,9.0,13.5,26.0
cleveland-0_vs_4,DEAHS,12.0,16.0,24.0,10.0,2.0,2.0,9.0,8.0,21.0,2.0,29.0
cleveland-0_vs_4,DeepSMOTE,21.0,21.0,8.0,19.0,23.0,26.0,19.0,15.0,6.0,26.0,18.0
cleveland-0_vs_4,SPE,5.0,1.0,27.0,17.0,3.0,4.0,16.0,14.0,24.0,3.0,27.0
cleveland-0_vs_4,adaboost_ad,26.0,29.0,28.0,25.0,6.0,13.0,24.0,22.0,27.0,7.0,5.0
cleveland-0_vs_4,amcs,25.0,17.0,18.0,5.0,9.0,12.0,6.0,7.0,11.0,9.0,3.0
cleveland-0_vs_4,des_mi,23.0,19.5,25.0,24.0,11.0,15.0,25.0,25.0,28.0,15.0,8.0
cleveland-0_vs_4,dpse,27.0,27.0,22.0,29.0,28.0,28.0,29.0,28.0,25.0,29.0,2.0
cleveland-0_vs_4,drcw_aseg,22.0,24.0,16.0,14.0,17.0,18.0,15.0,16.0,17.0,16.5,4.0
cleveland-0_vs_4,e_evrs,29.0,28.0,26.0,28.0,25.0,27.0,28.0,29.0,29.0,24.0,17.0
cleveland-0_vs_4,easy_bpnn,2.0,9.0,23.0,6.0,1.0,1.0,4.0,4.0,20.0,1.0,20.0
cleveland-0_vs_4,evinci,8.0,14.0,15.0,16.0,18.0,16.0,17.0,19.0,19.0,16.5,25.0
cleveland-0_vs_4,glos,7.0,10.0,14.0,23.0,29.0,25.0,23.0,23.0,14.0,28.0,11.0
cleveland-0_vs_4,mc_ccr,16.0,6.0,2.0,4.0,12.0,7.0,5.0,5.0,2.0,10.0,6.0
cleveland-0_vs_4,mc_evhs,19.0,18.0,5.5,2.0,4.0,3.0,2.0,2.0,10.0,4.0,13.0
cleveland-0_vs_4,mc_nro,10.0,13.0,19.0,26.0,27.0,24.0,26.0,26.0,23.0,27.0,21.0
cleveland-0_vs_4,mc_rbo,17.0,12.0,8.0,12.0,21.0,19.0,12.0,12.0,3.0,20.0,19.0
cleveland-0_vs_4,mdo,14.0,11.0,8.0,11.0,14.0,10.0,11.0,11.0,7.0,12.0,12.0
cleveland-0_vs_4,multirandbal,24.0,22.0,21.0,7.0,7.0,9.0,8.0,9.0,16.0,6.0,10.0
cleveland-0_vs_4,nromm,4.0,5.0,4.0,21.0,26.0,17.0,21.0,21.0,13.0,25.0,15.0
cleveland-0_vs_4,ocsv_us,28.0,26.0,29.0,27.0,15.0,29.0,27.0,27.0,26.0,19.0,24.0
cleveland-0_vs_4,orem_m,13.0,8.0,1.0,1.0,8.0,5.0,1.0,1.0,1.0,8.0,9.0
cleveland-0_vs_4,oremboost,3.0,2.0,12.0,20.0,22.0,21.0,20.0,18.0,12.0,21.5,22.0
cleveland-0_vs_4,pt_bagging,20.0,19.5,10.0,18.0,20.0,23.0,18.0,20.0,15.0,21.5,1.0
cleveland-0_vs_4,s_smote,18.0,25.0,20.0,22.0,24.0,22.0,22.0,24.0,22.0,23.0,23.0
cleveland-0_vs_4,scut,9.0,15.0,12.0,9.0,10.0,14.0,10.0,10.0,5.0,13.5,28.0
cleveland-0_vs_4,shsampler,11.0,4.0,5.5,3.0,5.0,6.0,3.0,3.0,8.0,5.0,7.0
cleveland-0_vs_4,smom,6.0,7.0,3.0,8.0,13.0,8.0,7.0,6.0,4.0,11.0,16.0
cleveland-0_vs_4,soup,15.0,23.0,17.0,15.0,19.0,20.0,14.0,17.0,18.0,18.0,14.0
contraceptive,DBCF,1.0,1.0,1.0,1.0,1.0,1.0,1.0,1.0,2.0,1.0,26.0
contraceptive,DEAHS,8.0,7.0,5.0,7.0,6.0,9.0,8.0,8.0,8.0,8.0,29.0
contraceptive,DeepSMOTE,17.0,16.0,18.0,22.0,24.0,23.0,22.0,24.0,25.0,25.0,16.0
contraceptive,SPE,5.0,4.0,9.0,6.0,3.0,7.0,6.0,7.0,7.0,5.0,23.0
contraceptive,adaboost_ad,26.0,26.0,26.0,26.0,26.0,27.0,27.0,27.0,28.0,27.0,10.0
contraceptive,amcs,2.0,2.0,2.0,4.0,7.0,3.0,4.0,3.0,1.0,6.0,28.0
contraceptive,des_mi,25.0,25.0,25.0,23.0,11.0,21.0,24.0,20.0,14.0,12.0,2.0
contraceptive,dpse,29.0,29.0,27.0,28.0,28.0,28.0,28.0,28.0,29.0,28.0,6.0
contraceptive,drcw_aseg,16.0,8.0,7.0,11.0,21.0,12.0,10.0,10.0,11.0,13.0,8.0
contraceptive,e_evrs,27.0,28.0,23.0,25.0,25.0,25.0,25.0,26.0,27.0,26.0,20.0
contraceptive,easy_bpnn,6.0,6.0,11.0,5.0,2.0,5.0,5.0,6.0,6.0,3.0,25.0
contraceptive,evinci,4.0,3.0,4.0,3.0,4.0,4.0,3.0,4.0,5.0,4.0,22.0
contraceptive,glos,14.0,18.0,17.0,19.0,22.0,22.0,19.0,21.0,21.0,23.0,4.0
contraceptive,mc_ccr,19.0,13.0,10.0,10.0,10.0,14.0,11.0,11.0,13.0,11.0,5.0
contraceptive,mc_evhs,22.0,22.0,20.0,14.0,12.0,20.0,15.0,14.0,16.0,14.0,11.0
contraceptive,mc_nro,9.0,10.0,6.0,8.0,9.0,6.0,7.0,5.0,3.0,7.0,15.0
contraceptive,mc_rbo,10.0,9.0,12.5,12.0,13.0,15.0,13.0,13.0,15.0,15.0,24.0
contraceptive,mdo,18.0,19.0,14.0,18.0,23.0,17.0,18.0,18.0,19.0,22.0,7.0
contraceptive,multirandbal,21.0,21.0,12.5,9.0,8.0,11.0,9.0,9.0,10.0,9.0,9.0
contraceptive,nromm,15.0,11.0,15.0,15.0,18.0,16.0,17.0,19.0,17.0,18.0,14.0
contraceptive,ocsv_us,28.0,27.0,29.0,29.0,29.0,29.0,29.0,29.0,26.0,29.0,18.0
contraceptive,orem_m,13.0,17.0,19.0,17.0,14.0,19.0,16.0,17.0,20.0,17.0,13.0
contraceptive,oremboost,3.0,5.0,3.0,2.0,5.0,2.0,2.0,2.0,4.0,2.0,21.0
contraceptive,pt_bagging,7.0,14.0,8.0,13.0,20.0,13.0,12.0,12.0,12.0,16.0,1.0
contraceptive,s_smote,23.0,24.0,28.0,27.0,27.0,8.0,26.0,25.0,9.0,20.0,19.0
contraceptive,scut,24.0,23.0,24.0,24.0,16.0,10.0,20.0,16.0,24.0,10.0,27.0
contraceptive,shsampler,12.0,15.0,22.0,20.0,15.0,24.0,23.0,23.0,23.0,21.0,3.0
contraceptive,smom,11.0,12.0,16.0,16.0,19.0,18.0,14.0,15.0,18.0,19.0,12.0
contraceptive,soup,20.0,20.0,21.0,21.0,17.0,26.0,21.0,22.0,22.0,24.0,17.0
dermatology,DBCF,4.0,3.0,1.0,1.0,1.0,1.0,1.0,1.0,1.0,1.0,25.0
dermatology,DEAHS,3.0,4.0,3.0,2.0,3.0,3.0,3.0,3.0,2.0,3.0,29.0
dermatology,DeepSMOTE,14.0,17.0,12.0,14.0,11.0,11.0,12.0,12.0,12.0,11.0,15.0
dermatology,SPE,1.0,1.0,2.0,3.0,2.0,2.0,2.0,2.0,3.0,2.0,24.0
dermatology,adaboost_ad,25.0,25.0,24.0,21.0,21.0,21.0,23.0,23.0,23.0,21.0,4.0
dermatology,amcs,18.0,18.0,26.0,25.0,24.0,25.0,26.0,26.0,26.0,25.0,27.0
dermatology,des_mi,23.0,23.0,19.0,18.0,19.0,19.0,19.0,18.0,15.0,19.0,8.0
dermatology,dpse,29.0,29.0,20.0,20.0,20.0,20.0,20.0,20.0,21.0,20.0,2.0
dermatology,drcw_aseg,19.0,20.0,8.0,9.0,14.0,13.0,8.0,7.0,7.0,13.0,10.0
dermatology,e_evrs,27.0,27.0,23.0,24.0,25.0,24.0,24.0,22.0,18.0,24.0,23.0
dermatology,easy_bpnn,17.0,14.0,17.0,19.0,18.0,18.0,17.0,17.0,19.0,18.0,26.0
dermatology,evinci,20.0,19.0,21.0,22.0,23.0,23.0,21.0,21.0,17.0,23.0,22.0
dermatology,glos,5.0,9.0,10.5,11.0,8.0,7.0,10.0,9.0,14.0,7.5,7.0
dermatology,mc_ccr,7.0,5.0,8.0,10.0,15.0,15.0,9.0,8.0,6.0,15.0,5.0
dermatology,mc_evhs,8.0,6.0,8.0,8.0,7.0,8.0,7.0,10.0,10.0,7.5,11.0
dermatology,mc_nro,13.0,16.0,15.0,15.0,17.0,17.0,15.0,15.0,16.0,17.0,21.0
dermatology,mc_rbo,2.0,2.0,4.5,4.0,5.0,5.0,5.0,6.0,5.0,5.0,19.0
dermatology,mdo,11.0,10.0,6.0,6.0,4.0,4.0,6.0,5.0,8.0,4.0,6.0
dermatology,multirandbal,22.0,24.0,22.0,23.0,22.0,22.0,22.0,24.0,24.0,22.0,9.0
dermatology,nromm,10.0,11.0,10.5,7.0,9.0,9.0,11.0,11.0,9.0,9.0,14.0
dermatology,ocsv_us,21.0,21.0,27.0,27.0,27.0,26.0,27.0,27.0,27.0,27.0,20.0
dermatology,orem_m,15.0,12.0,14.0,12.0,12.0,12.0,14.0,13.0,11.0,12.0,13.0
dermatology,oremboost,28.0,28.0,29.0,29.0,29.0,29.0,29.0,29.0,29.0,29.0,18.0
dermatology,pt_bagging,24.0,22.0,25.0,26.0,26.0,27.0,25.0,25.0,25.0,26.0,1.0
dermatology,s_smote,26.0,26.0,28.0,28.0,28.0,28.0,28.0,28.0,28.0,28.0,16.0
dermatology,scut,9.0,7.0,18.0,17.0,16.0,16.0,18.0,19.0,20.0,16.0,28.0
dermatology,shsampler,16.0,15.0,16.0,16.0,13.0,14.0,16.0,16.0,22.0,14.0,3.0
dermatology,smom,6.0,8.0,13.0,13.0,10.0,10.0,13.0,14.0,13.0,10.0,17.0
dermatology,soup,12.0,13.0,4.5,5.0,6.0,6.0,4.0,4.0,4.0,6.0,12.0
dermatology-6,DEAHS,10.5,10.5,6.5,6.5,6.5,6.5,6.5,6.5,6.5,6.5,28.0
dermatology-6,DeepSMOTE,10.5,10.5,6.5,6.5,6.5,6.5,6.5,6.5,6.5,6.5,16.0
dermatology-6,SPE,10.5,10.5,6.5,6.5,6.5,6.5,6.5,6.5,6.5,6.5,26.0
dermatology-6,adaboost_ad,27.0,28.0,28.0,27.0,23.0,23.0,27.0,27.0,28.0,23.0,5.0
dermatology-6,amcs,28.0,27.0,27.0,28.0,28.0,28.0,28.0,28.0,27.0,28.0,4.0
dermatology-6,des_mi,22.5,22.0,24.0,23.0,25.0,26.0,23.0,24.0,25.0,25.5,7.0
dermatology-6,dpse,25.0,25.0,17.5,17.0,17.0,17.0,17.0,17.0,19.0,17.0,2.0
dermatology-6,drcw_aseg,10.5,10.5,17.5,17.0,17.0,17.0,17.0,17.0,19.0,17.0,3.0
dermatology-6,e_evrs,25.0,25.0,24.0,24.0,26.0,25.0,24.0,23.0,24.0,25.5,17.0
dermatology-6,easy_bpnn,10.5,10.5,6.5,6.5,6.5,6.5,6.5,6.5,6.5,6.5,15.0
dermatology-6,evinci,22.5,22.0,24.0,25.0,27.0,27.0,25.0,25.0,14.0,27.0,25.0
dermatology-6,glos,10.5,10.5,6.5,6.5,6.5,6.5,6.5,6.5,6.5,6.5,11.0
dermatology-6,mc_ccr,10.5,10.5,17.5,17.0,17.0,17.0,17.0,17.0,19.0,17.0,9.0
dermatology-6,mc_evhs,10.5,10.5,6.5,6.5,6.5,6.5,6.5,6.5,6.5,6.5,10.0
dermatology-6,mc_nro,10.5,10.5,17.5,17.0,17.0,17.0,17.0,17.0,19.0,17.0,22.0
dermatology-6,mc_rbo,10.5,10.5,6.5,6.5,6.5,6.5,6.5,6.5,6.5,6.5,21.0
dermatology-6,mdo,10.5,10.5,17.5,17.0,17.0,17.0,17.0,17.0,19.0,17.0,13.0
dermatology-6,multirandbal,10.5,10.5,17.5,17.0,17.0,17.0,17.0,17.0,19.0,17.0,8.0
dermatology-6,nromm,10.5,10.5,17.5,22.0,24.0,24.0,22.0,22.0,13.0,24.0,14.0
dermatology-6,ocsv_us,10.5,10.5,26.0,26.0,22.0,22.0,26.0,26.0,26.0,22.0,23.0
dermatology-6,orem_m,10.5,10.5,6.5,6.5,6.5,6.5,6.5,6.5,6.5,6.5,12.0
dermatology-6,oremboost,25.0,25.0,17.5,17.0,17.0,17.0,17.0,17.0,19.0,17.0,24.0
dermatology-6,pt_bagging,21.0,22.0,17.5,17.0,17.0,17.0,17.0,17.0,19.0,17.0,1.0
dermatology-6,s_smote,10.5,10.5,6.5,6.5,6.5,6.5,6.5,6.5,6.5,6.5,19.0
dermatology-6,scut,10.5,10.5,6.5,6.5,6.5,6.5,6.5,6.5,6.5,6.5,27.0
dermatology-6,shsampler,10.5,10.5,17.5,17.0,17.0,17.0,17.0,17.0,19.0,17.0,6.0
dermatology-6,smom,10.5,10.5,6.5,6.5,6.5,6.5,6.5,6.5,6.5,6.5,20.0
dermatology-6,soup,10.5,10.5,6.5,6.5,6.5,6.5,6.5,6.5,6.5,6.5,18.0
ecoli,DeepSMOTE,13.5,13.5,6.0,12.0,14.0,13.0,6.0,6.0,11.0,12.0,14.0
ecoli,SPE,13.5,13.5,26.0,25.0,24.0,24.0,26.0,26.0,25.0,24.0,23.0
ecoli,adaboost_ad,13.5,13.5,25.0,26.0,26.0,26.0,25.0,25.0,26.0,26.0,2.0
ecoli,amcs,13.5,13.5,23.0,22.0,19.0,22.0,23.0,23.0,23.0,22.0,21.0
ecoli,des_mi,13.5,13.5,17.5,15.0,13.0,16.0,17.0,17.0,15.0,14.0,8.0
ecoli,dpse,13.5,13.5,22.0,24.0,25.0,25.0,22.0,22.0,24.0,25.0,4.0
ecoli,drcw_aseg,13.5,13.5,11.5,9.0,10.0,12.0,11.0,13.0,5.0,9.0,12.0
ecoli,e_evrs,13.5,13.5,19.0,21.0,21.0,20.0,19.0,19.0,22.0,20.0,22.0
ecoli,easy_bpnn,13.5,13.5,24.0,23.0,23.0,23.0,24.0,24.0,20.0,23.0,25.0
ecoli,glos,13.5,13.5,8.5,5.0,9.0,11.0,10.0,10.0,3.0,8.0,6.0
ecoli,mc_ccr,13.5,13.5,2.0,1.0,1.0,1.0,2.0,2.0,1.0,1.0,5.0
ecoli,mc_evhs,13.5,13.5,4.0,6.0,3.0,2.0,3.0,3.0,7.0,4.0,11.0
ecoli,mc_nro,13.5,13.5,13.5,11.0,15.0,10.0,15.0,14.0,13.0,7.0,18.0
ecoli,mc_rbo,13.5,13.5,3.0,2.0,8.0,8.0,4.0,4.0,2.0,5.0,26.0
ecoli,mdo,13.5,13.5,11.5,3.0,5.0,7.0,9.0,11.0,4.0,3.0,7.0
ecoli,multirandbal,13.5,13.5,5.0,7.0,2.0,4.0,5.0,5.0,10.0,6.0,9.0
ecoli,nromm,13.5,13.5,1.0,10.0,11.0,9.0,1.0,1.0,9.0,11.0,17.0
ecoli,ocsv_us,13.5,13.5,21.0,20.0,22.0,19.0,21.0,21.0,21.0,21.0,15.0
ecoli,orem_m,13.5,13.5,7.0,8.0,6.0,6.0,7.0,7.0,8.0,10.0,10.0
ecoli,oremboost,13.5,13.5,20.0,19.0,17.0,21.0,20.0,20.0,18.0,19.0,20.0
ecoli,pt_bagging,13.5,13.5,8.5,13.0,20.0,18.0,14.0,15.0,12.0,17.0,1.0
ecoli,s_smote,13.5,13.5,16.0,18.0,18.0,17.0,18.0,18.0,19.0,18.0,19.0
ecoli,scut,13.5,13.5,17.5,17.0,12.0,14.0,16.0,16.0,17.0,15.0,24.0
ecoli,shsampler,13.5,13.5,15.0,14.0,4.0,3.0,13.0,9.0,14.0,13.0,3.0
ecoli,smom,13.5,13.5,10.0,16.0,16.0,15.0,8.0,8.0,16.0,16.0,16.0
ecoli,soup,13.5,13.5,13.5,4.0,7.0,5.0,12.0,12.0,6.0,2.0,13.0
ecoli-0-1-3-7_vs_2-6,DBCF,7.0,1.0,7.0,13.0,19.5,18.5,11.5,14.5,11.0,19.5,27.0
ecoli-0-1-3-7_vs_2-6,DEAHS,2.0,2.0,26.0,26.0,14.0,15.0,26.0,25.0,26.0,15.0,29.0
ecoli-0-1-3-7_vs_2-6,DeepSMOTE,4.0,18.0,5.0,11.0,19.5,18.5,11.5,14.5,8.0,19.5,13.0
ecoli-0-1-3-7_vs_2-6,SPE,1.0,15.0,28.0,28.0,1.0,14.0,28.0,26.0,28.0,1.0,28.0
ecoli-0-1-3-7_vs_2-6,adaboost_ad,29.0,29.0,27.0,27.0,23.0,28.0,27.0,28.0,27.0,26.0,4.0
ecoli-0-1-3-7_vs_2-6,amcs,8.0,4.0,19.0,22.0,28.0,27.0,22.0,22.0,21.0,28.0,21.0
ecoli-0-1-3-7_vs_2-6,des_mi,23.0,26.0,20.0,16.0,10.0,11.0,16.0,12.0,19.0,11.5,7.0
ecoli-0-1-3-7_vs_2-6,dpse,26.0,21.0,21.0,24.0,29.0,29.0,24.0,27.0,24.0,29.0,2.0
ecoli-0-1-3-7_vs_2-6,drcw_aseg,9.5,24.0,17.0,15.0,8.0,9.0,15.0,10.0,18.0,9.0,3.0
ecoli-0-1-3-7_vs_2-6,e_evrs,28.0,28.0,24.0,23.0,26.0,24.0,23.0,23.0,23.0,25.0,18.0
ecoli-0-1-3-7_vs_2-6,easy_bpnn,6.0,3.0,25.0,25.0,17.0,16.0,25.0,24.0,25.0,16.0,19.0
ecoli-0-1-3-7_vs_2-6,evinci,22.0,6.5,9.5,5.5,5.5,4.5,5.5,5.5,5.5,5.5,24.0
ecoli-0-1-3-7_vs_2-6,glos,18.0,14.0,3.0,3.0,4.0,3.0,3.0,3.0,3.0,4.0,9.0
ecoli-0-1-3-7_vs_2-6,mc_ccr,13.0,20.0,5.0,11.0,19.5,18.5,11.5,14.5,8.0,19.5,5.0
ecoli-0-1-3-7_vs_2-6,mc_evhs,15.0,6.5,15.0,4.0,11.0,7.0,4.0,4.0,4.0,9.0,11.0
ecoli-0-1-3-7_vs_2-6,mc_nro,12.0,10.5,9.5,5.5,5.5,4.5,5.5,5.5,5.5,5.5,17.0
ecoli-0-1-3-7_vs_2-6,mc_rbo,11.0,19.0,12.0,14.0,22.0,23.0,14.0,17.0,10.0,22.5,26.0
ecoli-0-1-3-7_vs_2-6,mdo,17.0,12.0,1.5,1.5,2.5,1.5,1.5,1.5,1.5,2.5,12.0
ecoli-0-1-3-7_vs_2-6,multirandbal,27.0,16.0,22.0,19.0,13.0,12.0,19.0,18.0,22.0,13.0,8.0
ecoli-0-1-3-7_vs_2-6,nromm,25.0,13.0,1.5,1.5,2.5,1.5,1.5,1.5,1.5,2.5,16.0
ecoli-0-1-3-7_vs_2-6,ocsv_us,16.0,27.0,29.0,29.0,16.0,25.0,29.0,29.0,29.0,17.0,23.0
ecoli-0-1-3-7_vs_2-6,orem_m,19.0,22.0,13.0,21.0,25.0,22.0,21.0,21.0,20.0,24.0,10.0
ecoli-0-1-3-7_vs_2-6,oremboost,3.0,8.0,5.0,11.0,19.5,18.5,11.5,14.5,8.0,19.5,22.0
ecoli-0-1-3-7_vs_2-6,pt_bagging,9.5,25.0,14.0,9.0,7.0,6.0,9.0,9.0,15.0,7.0,1.0
ecoli-0-1-3-7_vs_2-6,s_smote,24.0,23.0,23.0,17.0,15.0,13.0,17.0,11.0,17.0,14.0,20.0
ecoli-0-1-3-7_vs_2-6,scut,5.0,5.0,18.0,8.0,12.0,10.0,8.0,8.0,14.0,11.5,25.0
ecoli-0-1-3-7_vs_2-6,shsampler,21.0,10.5,16.0,7.0,9.0,8.0,7.0,7.0,13.0,9.0,6.0
ecoli-0-1-3-7_vs_2-6,smom,14.0,9.0,9.5,18.0,24.0,21.0,18.0,19.0,16.0,22.5,15.0
ecoli-0-1-3-7_vs_2-6,soup,20.0,17.0,9.5,20.0,27.0,26.0,20.0,20.0,12.0,27.0,14.0
ecoli-0-1-4-6_vs_5,DBCF,3.0,4.0,5.5,10.0,18.0,11.0,10.0,9.0,5.0,14.0,27.0
ecoli-0-1-4-6_vs_5,DEAHS,1.0,1.0,16.5,7.0,1.0,1.0,7.0,8.0,23.0,1.0,29.0
ecoli-0-1-4-6_vs_5,DeepSMOTE,14.0,14.0,5.5,4.0,8.0,7.0,4.0,4.0,3.0,7.5,15.0
ecoli-0-1-4-6_vs_5,SPE,2.0,2.0,13.0,11.0,6.0,5.0,11.0,10.0,14.0,5.5,28.0
ecoli-0-1-4-6_vs_5,adaboost_ad,27.0,29.0,28.0,28.0,11.0,20.0,28.0,28.0,29.0,12.0,6.0
ecoli-0-1-4-6_vs_5,amcs,20.0,26.0,25.0,26.0,29.0,29.0,27.0,27.0,21.0,29.0,22.0
ecoli-0-1-4-6_vs_5,des_mi,24.0,21.0,5.5,9.0,23.0,22.0,8.0,7.0,1.0,22.0,8.0
ecoli-0-1-4-6_vs_5,dpse,29.0,22.0,20.5,16.0,16.0,19.0,16.0,15.0,18.0,19.5,1.0
ecoli-0-1-4-6_vs_5,drcw_aseg,26.0,24.0,20.5,23.0,26.0,27.0,23.0,23.0,22.0,28.0,3.0
ecoli-0-1-4-6_vs_5,e_evrs,28.0,28.0,26.0,25.0,13.0,23.0,25.0,25.0,26.0,17.0,17.0
ecoli-0-1-4-6_vs_5,easy_bpnn,21.0,16.0,27.0,27.0,10.0,15.0,26.0,26.0,27.0,10.5,19.0
ecoli-0-1-4-6_vs_5,evinci,18.0,20.0,16.5,17.0,20.0,13.0,17.0,16.0,15.0,18.0,26.0
ecoli-0-1-4-6_vs_5,glos,17.0,17.0,13.0,12.0,5.0,6.0,12.0,12.0,16.0,5.5,9.0
ecoli-0-1-4-6_vs_5,mc_ccr,12.0,13.0,13.0,18.0,27.0,25.0,18.0,19.0,10.0,25.0,7.0
ecoli-0-1-4-6_vs_5,mc_evhs,16.0,12.0,20.5,15.0,9.0,14.0,15.0,17.0,24.0,9.0,10.0
ecoli-0-1-4-6_vs_5,mc_nro,9.5,8.0,2.0,2.0,4.0,3.0,2.0,1.0,4.0,3.5,18.0
ecoli-0-1-4-6_vs_5,mc_rbo,7.0,3.0,2.0,6.0,17.0,9.0,6.0,6.0,2.0,13.0,21.0
ecoli-0-1-4-6_vs_5,mdo,11.0,7.0,5.5,5.0,7.0,8.0,5.0,5.0,7.0,7.5,11.0
ecoli-0-1-4-6_vs_5,multirandbal,22.0,27.0,23.0,22.0,19.0,18.0,22.0,22.0,20.0,21.0,4.0
ecoli-0-1-4-6_vs_5,nromm,9.5,10.0,8.5,8.0,14.0,16.0,9.0,11.0,9.0,15.0,13.0
ecoli-0-1-4-6_vs_5,ocsv_us,19.0,19.0,29.0,29.0,22.0,28.0,29.0,29.0,28.0,24.0,25.0
ecoli-0-1-4-6_vs_5,orem_m,8.0,11.0,8.5,3.0,2.0,2.0,3.0,3.0,12.0,2.0,12.0
ecoli-0-1-4-6_vs_5,oremboost,14.0,18.0,10.5,13.0,15.0,17.0,13.0,13.0,11.0,16.0,23.0
ecoli-0-1-4-6_vs_5,pt_bagging,25.0,25.0,16.5,20.0,25.0,26.0,20.0,21.0,13.0,26.5,2.0
ecoli-0-1-4-6_vs_5,s_smote,23.0,23.0,16.5,24.0,28.0,24.0,24.0,24.0,25.0,26.5,20.0
ecoli-0-1-4-6_vs_5,scut,14.0,9.0,20.5,19.0,21.0,12.0,19.0,18.0,17.0,19.5,24.0
ecoli-0-1-4-6_vs_5,shsampler,6.0,15.0,24.0,21.0,12.0,10.0,21.0,20.0,19.0,10.5,5.0
ecoli-0-1-4-6_vs_5,smom,4.0,6.0,2.0,1.0,3.0,4.0,1.0,2.0,6.0,3.5,16.0
ecoli-0-1-4-6_vs_5,soup,5.0,5.0,10.5,14.0,24.0,21.0,14.0,14.0,8.0,23.0,14.0
ecoli-0-1-4-7_vs_2-3-5-6,DBCF,3.0,1.0,11.5,10.0,8.0,6.0,10.0,10.0,13.0,8.0,27.0
ecoli-0-1-4-7_vs_2-3-5-6,DEAHS,4.5,14.0,26.0,25.0,3.0,10.0,25.0,26.0,26.0,7.0,29.0
ecoli-0-1-4-7_vs_2-3-5-6,DeepSMOTE,13.0,15.0,11.5,12.0,24.0,24.0,12.0,12.0,4.0,24.0,16.0
ecoli-0-1-4-7_vs_2-3-5-6,SPE,6.0,6.0,23.0,23.0,9.0,13.0,23.0,22.0,23.0,11.0,28.0
ecoli-0-1-4-7_vs_2-3-5-6,adaboost_ad,25.0,29.0,27.0,27.0,12.0,19.0,27.0,27.0,28.0,13.0,8.0
ecoli-0-1-4-7_vs_2-3-5-6,amcs,27.0,26.0,24.0,28.0,29.0,28.0,28.0,28.0,25.0,29.0,22.0
ecoli-0-1-4-7_vs_2-3-5-6,des_mi,20.0,21.0,19.0,17.0,17.0,16.0,17.0,17.0,18.0,17.0,9.0
ecoli-0-1-4-7_vs_2-3-5-6,dpse,24.0,23.0,15.5,14.0,16.0,15.0,14.0,13.0,15.0,16.0,1.0
ecoli-0-1-4-7_vs_2-3-5-6,drcw_aseg,23.0,20.0,17.5,18.5,25.5,25.5,18.5,18.5,16.5,25.5,3.0
ecoli-0-1-4-7_vs_2-3-5-6,e_evrs,28.0,27.0,21.0,22.0,27.0,27.0,22.0,23.0,20.0,27.0,17.0
ecoli-0-1-4-7_vs_2-3-5-6,easy_bpnn,16.0,18.0,25.0,24.0,2.0,7.0,24.0,25.0,27.0,2.0,18.0
ecoli-0-1-4-7_vs_2-3-5-6,evinci,21.0,22.0,13.5,15.0,23.0,23.0,15.0,15.0,12.0,23.0,25.0
ecoli-0-1-4-7_vs_2-3-5-6,glos,9.0,17.0,10.0,11.0,21.0,22.0,11.0,11.0,7.0,22.0,7.0
ecoli-0-1-4-7_vs_2-3-5-6,mc_ccr,14.0,5.0,1.0,1.0,10.0,8.0,1.0,1.0,1.0,9.0,6.0
ecoli-0-1-4-7_vs_2-3-5-6,mc_evhs,18.0,24.0,22.0,21.0,14.0,17.0,21.0,21.0,22.0,14.0,11.0
ecoli-0-1-4-7_vs_2-3-5-6,mc_nro,12.0,10.0,2.5,3.0,7.0,4.0,3.0,3.0,5.0,6.0,19.0
ecoli-0-1-4-7_vs_2-3-5-6,mc_rbo,8.0,8.0,2.5,4.0,19.0,11.0,4.0,4.0,2.0,18.0,23.0
ecoli-0-1-4-7_vs_2-3-5-6,mdo,17.0,11.0,8.5,9.0,20.0,20.0,9.0,9.0,6.0,21.0,12.0
ecoli-0-1-4-7_vs_2-3-5-6,multirandbal,11.0,13.0,15.5,16.0,15.0,14.0,16.0,16.0,19.0,15.0,4.0
ecoli-0-1-4-7_vs_2-3-5-6,nromm,1.0,4.0,5.5,6.0,5.0,2.0,6.0,6.0,8.0,3.0,13.0
ecoli-0-1-4-7_vs_2-3-5-6,ocsv_us,29.0,28.0,29.0,29.0,28.0,29.0,29.0,29.0,29.0,28.0,24.0
ecoli-0-1-4-7_vs_2-3-5-6,orem_m,4.5,2.0,5.5,5.0,4.0,3.0,5.0,5.0,9.0,4.0,10.0
ecoli-0-1-4-7_vs_2-3-5-6,oremboost,10.0,9.0,13.5,13.0,22.0,18.0,13.0,14.0,14.0,20.0,20.0
ecoli-0-1-4-7_vs_2-3-5-6,pt_bagging,22.0,19.0,17.5,18.5,25.5,25.5,18.5,18.5,16.5,25.5,2.0
ecoli-0-1-4-7_vs_2-3-5-6,s_smote,26.0,25.0,28.0,26.0,18.0,21.0,26.0,24.0,24.0,19.0,21.0
ecoli-0-1-4-7_vs_2-3-5-6,scut,19.0,12.0,20.0,20.0,13.0,12.0,20.0,20.0,21.0,12.0,26.0
ecoli-0-1-4-7_vs_2-3-5-6,shsampler,15.0,16.0,7.0,7.0,1.0,1.0,7.0,7.0,11.0,1.0,5.0
ecoli-0-1-4-7_vs_2-3-5-6,smom,7.0,7.0,8.5,8.0,6.0,5.0,8.0,8.0,10.0,5.0,15.0
ecoli-0-1-4-7_vs_2-3-5-6,soup,2.0,3.0,4.0,2.0,11.0,9.0,2.0,2.0,3.0,10.0,14.0
ecoli-0-1-4-7_vs_5-6,DBCF,2.0,8.0,1.0,1.0,2.0,3.0,1.0,1.0,5.0,2.0,27.0
ecoli-0-1-4-7_vs_5-6,DEAHS,3.0,11.0,27.0,26.0,12.0,17.0,26.0,26.0,28.0,14.0,29.0
ecoli-0-1-4-7_vs_5-6,DeepSMOTE,19.0,9.0,5.5,10.0,22.0,18.0,10.0,9.0,3.0,20.5,17.0
ecoli-0-1-4-7_vs_5-6,SPE,4.0,7.0,22.0,22.0,8.0,12.0,22.0,22.0,22.0,9.0,28.0
ecoli-0-1-4-7_vs_5-6,adaboost_ad,22.0,27.0,25.0,23.0,5.0,6.0,23.0,23.0,25.0,6.0,7.0
ecoli-0-1-4-7_vs_5-6,amcs,29.0,29.0,23.0,28.0,29.0,29.0,29.0,29.0,24.0,29.0,22.0
ecoli-0-1-4-7_vs_5-6,des_mi,15.0,19.0,20.0,19.0,15.0,15.0,19.0,19.0,18.0,15.0,8.0
ecoli-0-1-4-7_vs_5-6,dpse,24.0,12.0,5.5,6.0,11.0,10.0,6.0,5.0,7.0,10.0,1.0
ecoli-0-1-4-7_vs_5-6,drcw_aseg,25.5,24.0,15.5,17.5,24.5,20.5,17.5,17.5,14.5,23.5,3.0
ecoli-0-1-4-7_vs_5-6,e_evrs,28.0,26.0,21.0,21.0,21.0,24.0,21.0,21.0,21.0,22.0,16.0
ecoli-0-1-4-7_vs_5-6,easy_bpnn,20.0,15.0,28.0,25.0,7.0,9.0,25.0,24.0,27.0,7.0,18.0
ecoli-0-1-4-7_vs_5-6,evinci,16.0,22.0,14.0,14.0,18.0,14.0,14.0,15.0,13.0,17.0,26.0
ecoli-0-1-4-7_vs_5-6,glos,18.0,6.0,9.0,7.0,6.0,5.0,7.0,7.0,12.0,5.0,9.0
ecoli-0-1-4-7_vs_5-6,mc_ccr,13.0,1.0,8.0,8.0,20.0,22.0,8.0,8.0,4.0,20.5,6.0
ecoli-0-1-4-7_vs_5-6,mc_evhs,7.0,23.0,24.0,24.0,23.0,26.0,24.0,25.0,23.0,25.0,11.0
ecoli-0-1-4-7_vs_5-6,mc_nro,17.0,18.0,10.0,9.0,13.0,8.0,9.0,10.0,10.0,12.0,19.0
ecoli-0-1-4-7_vs_5-6,mc_rbo,14.0,3.0,3.5,4.0,19.0,19.0,4.0,4.0,1.0,19.0,23.0
ecoli-0-1-4-7_vs_5-6,mdo,6.0,14.0,2.0,3.0,4.0,2.0,3.0,3.0,8.0,3.0,12.0
ecoli-0-1-4-7_vs_5-6,multirandbal,23.0,2.0,13.0,11.0,1.0,1.0,11.0,11.0,16.0,1.0,4.0
ecoli-0-1-4-7_vs_5-6,nromm,12.0,4.0,3.5,2.0,3.0,4.0,2.0,2.0,6.0,4.0,13.0
ecoli-0-1-4-7_vs_5-6,ocsv_us,27.0,28.0,29.0,29.0,27.0,28.0,28.0,28.0,29.0,28.0,25.0
ecoli-0-1-4-7_vs_5-6,orem_m,5.0,10.0,17.0,15.0,14.0,13.0,15.0,14.0,17.0,13.0,10.0
ecoli-0-1-4-7_vs_5-6,oremboost,1.0,5.0,7.0,5.0,10.0,11.0,5.0,6.0,9.0,11.0,20.0
ecoli-0-1-4-7_vs_5-6,pt_bagging,25.5,25.0,15.5,17.5,24.5,20.5,17.5,17.5,14.5,23.5,2.0
ecoli-0-1-4-7_vs_5-6,s_smote,21.0,21.0,26.0,27.0,28.0,27.0,27.0,27.0,26.0,27.0,21.0
ecoli-0-1-4-7_vs_5-6,scut,10.0,20.0,19.0,20.0,17.0,23.0,20.0,20.0,20.0,18.0,24.0
ecoli-0-1-4-7_vs_5-6,shsampler,9.0,17.0,18.0,16.0,9.0,7.0,16.0,16.0,19.0,8.0,5.0
ecoli-0-1-4-7_vs_5-6,smom,11.0,16.0,12.0,12.0,16.0,16.0,12.0,13.0,11.0,16.0,15.0
ecoli-0-1-4-7_vs_5-6,soup,8.0,13.0,11.0,13.0,26.0,25.0,13.0,12.0,2.0,26.0,14.0
ecoli-0-1_vs_2-3-5,DBCF,4.0,8.0,6.5,9.0,19.0,16.0,9.0,9.0,8.0,16.5,26.0
ecoli-0-1_vs_2-3-5,DEAHS,15.0,11.0,23.0,16.0,1.0,1.0,16.0,15.0,22.0,1.0,29.0
ecoli-0-1_vs_2-3-5,DeepSMOTE,3.0,7.0,3.5,5.0,11.0,6.0,5.0,4.0,4.0,7.5,16.0
ecoli-0-1_vs_2-3-5,SPE,7.0,9.0,19.0,14.0,2.0,4.0,14.0,13.0,16.0,2.0,28.0
ecoli-0-1_vs_2-3-5,adaboost_ad,26.0,29.0,29.0,29.0,14.0,26.0,29.0,29.0,29.0,18.0,5.0
ecoli-0-1_vs_2-3-5,amcs,28.0,27.0,22.0,25.0,29.0,29.0,26.0,27.0,24.0,29.0,23.0
ecoli-0-1_vs_2-3-5,des_mi,27.0,24.0,20.0,20.0,24.0,18.0,20.0,20.0,14.0,22.0,9.0
ecoli-0-1_vs_2-3-5,dpse,24.0,23.0,16.0,19.0,25.0,17.0,19.0,17.0,11.0,23.0,1.0
ecoli-0-1_vs_2-3-5,drcw_aseg,19.0,19.0,14.5,17.5,22.5,20.5,17.5,18.5,17.5,20.5,3.0
ecoli-0-1_vs_2-3-5,e_evrs,29.0,28.0,21.0,21.0,28.0,28.0,21.0,23.0,20.0,28.0,17.0
ecoli-0-1_vs_2-3-5,easy_bpnn,12.0,6.0,26.0,28.0,5.0,13.0,28.0,25.0,28.0,9.0,19.0
ecoli-0-1_vs_2-3-5,evinci,22.0,22.0,17.0,22.0,27.0,22.0,22.0,22.0,19.0,27.0,25.0
ecoli-0-1_vs_2-3-5,glos,1.0,4.0,12.0,13.0,7.0,2.0,12.0,12.0,13.0,4.0,8.0
ecoli-0-1_vs_2-3-5,mc_ccr,9.0,3.0,3.5,6.0,12.0,5.0,6.0,5.0,5.0,7.5,6.0
ecoli-0-1_vs_2-3-5,mc_evhs,20.0,21.0,24.0,24.0,21.0,24.0,24.0,24.0,23.0,24.5,12.0
ecoli-0-1_vs_2-3-5,mc_nro,17.0,17.0,10.0,8.0,13.0,12.0,8.0,10.0,12.0,13.0,18.0
ecoli-0-1_vs_2-3-5,mc_rbo,11.0,10.0,10.0,11.0,26.0,23.0,11.0,11.0,2.0,26.0,22.0
ecoli-0-1_vs_2-3-5,mdo,6.0,5.0,1.0,4.0,15.0,9.0,3.0,2.0,1.0,14.0,11.0
ecoli-0-1_vs_2-3-5,multirandbal,23.0,25.0,25.0,26.0,20.0,25.0,27.0,28.0,27.0,24.5,4.0
ecoli-0-1_vs_2-3-5,nromm,13.0,1.0,2.0,1.0,4.0,8.0,1.0,1.0,6.0,5.0,13.0
ecoli-0-1_vs_2-3-5,ocsv_us,25.0,26.0,28.0,27.0,17.0,27.0,25.0,26.0,26.0,19.0,24.0
ecoli-0-1_vs_2-3-5,orem_m,2.0,2.0,13.0,12.0,10.0,11.0,13.0,14.0,15.0,10.0,10.0
ecoli-0-1_vs_2-3-5,oremboost,10.0,16.0,10.0,10.0,16.0,10.0,10.0,8.0,7.0,15.0,20.0
ecoli-0-1_vs_2-3-5,pt_bagging,18.0,20.0,14.5,17.5,22.5,20.5,17.5,18.5,17.5,20.5,2.0
ecoli-0-1_vs_2-3-5,s_smote,16.0,15.0,27.0,23.0,9.0,14.0,23.0,21.0,25.0,11.0,21.0
ecoli-0-1_vs_2-3-5,scut,8.0,14.0,18.0,15.0,8.0,15.0,15.0,16.0,21.0,12.0,27.0
ecoli-0-1_vs_2-3-5,shsampler,14.0,18.0,6.5,2.0,3.0,3.0,2.0,3.0,10.0,3.0,7.0
ecoli-0-1_vs_2-3-5,smom,5.0,13.0,6.5,3.0,6.0,7.0,4.0,6.0,9.0,6.0,15.0
ecoli-0-1_vs_2-3-5,soup,21.0,12.0,6.5,7.0,18.0,19.0,7.0,7.0,3.0,16.5,14.0
ecoli-0-1_vs_5,DBCF,1.5,1.0,1.0,1.0,3.0,1.0,1.0,1.0,1.0,3.0,27.0
ecoli-0-1_vs_5,DEAHS,4.5,3.0,21.5,17.0,1.0,3.0,16.0,17.0,26.0,1.5,29.0
ecoli-0-1_vs_5,DeepSMOTE,14.5,14.0,11.5,12.0,19.0,17.0,12.0,12.0,5.0,19.0,16.0
ecoli-0-1_vs_5,SPE,3.0,4.0,11.5,9.0,9.0,9.0,9.0,9.0,17.0,9.0,28.0
ecoli-0-1_vs_5,adaboost_ad,26.5,29.0,28.5,28.0,18.0,19.0,29.0,28.0,29.0,17.5,7.0
ecoli-0-1_vs_5,amcs,22.0,26.0,25.0,29.0,29.0,27.0,28.0,29.0,27.0,29.0,23.0
ecoli-0-1_vs_5,des_mi,26.5,25.0,21.5,24.0,27.0,28.0,24.0,24.0,20.0,27.0,8.0
ecoli-0-1_vs_5,dpse,25.0,24.0,19.0,22.0,23.0,25.0,22.0,22.0,15.0,26.0,1.0
ecoli-0-1_vs_5,drcw_aseg,12.0,16.0,16.5,20.5,24.5,22.5,20.5,20.5,12.5,24.5,3.0
ecoli-0-1_vs_5,e_evrs,29.0,28.0,24.0,26.0,28.0,29.0,26.0,26.0,24.0,28.0,17.0
ecoli-0-1_vs_5,easy_bpnn,24.0,20.0,28.5,27.0,17.0,21.0,27.0,27.0,28.0,17.5,19.0
ecoli-0-1_vs_5,evinci,19.0,19.0,16.5,14.5,15.5,15.5,14.5,14.5,18.5,15.5,26.0
ecoli-0-1_vs_5,glos,6.0,10.0,7.0,8.0,7.0,7.0,8.0,8.0,14.0,7.0,9.0
ecoli-0-1_vs_5,mc_ccr,14.5,15.0,11.5,18.0,26.0,18.0,19.0,19.0,11.0,22.5,6.0
ecoli-0-1_vs_5,mc_evhs,4.5,5.0,7.0,7.0,8.0,6.0,7.0,7.0,8.0,7.0,10.0
ecoli-0-1_vs_5,mc_nro,9.5,8.0,7.0,6.0,6.0,8.0,6.0,6.0,9.0,7.0,18.0
ecoli-0-1_vs_5,mc_rbo,9.5,12.0,11.5,16.0,22.0,24.0,17.0,16.0,4.0,22.5,20.0
ecoli-0-1_vs_5,mdo,18.0,11.0,11.5,11.0,13.0,14.0,11.0,11.0,16.0,13.5,12.0
ecoli-0-1_vs_5,multirandbal,23.0,22.0,21.5,23.0,20.0,20.0,23.0,23.0,22.0,20.0,4.0
ecoli-0-1_vs_5,nromm,1.5,2.0,3.5,4.5,11.5,10.5,4.5,4.5,2.5,11.5,13.0
ecoli-0-1_vs_5,ocsv_us,28.0,27.0,27.0,25.0,21.0,26.0,25.0,25.0,25.0,21.0,24.0
ecoli-0-1_vs_5,orem_m,20.0,21.0,16.5,14.5,15.5,15.5,14.5,14.5,18.5,15.5,11.0
ecoli-0-1_vs_5,oremboost,21.0,23.0,11.5,10.0,14.0,13.0,10.0,10.0,10.0,13.5,22.0
ecoli-0-1_vs_5,pt_bagging,14.5,18.0,16.5,20.5,24.5,22.5,20.5,20.5,12.5,24.5,2.0
ecoli-0-1_vs_5,s_smote,17.0,13.0,26.0,19.0,10.0,12.0,18.0,18.0,21.0,10.0,21.0
ecoli-0-1_vs_5,scut,7.5,6.0,3.5,2.5,4.5,4.5,2.5,2.5,6.5,4.5,25.0
ecoli-0-1_vs_5,shsampler,14.5,7.0,21.5,13.0,2.0,2.0,13.0,13.0,23.0,1.5,5.0
ecoli-0-1_vs_5,smom,11.0,17.0,3.5,4.5,11.5,10.5,4.5,4.5,2.5,11.5,15.0
ecoli-0-1_vs_5,soup,7.5,9.0,3.5,2.5,4.5,4.5,2.5,2.5,6.5,4.5,14.0
ecoli-0-2-3-4_vs_5,DBCF,1.0,1.0,2.0,4.0,9.0,9.0,4.0,4.0,2.0,9.0,27.0
ecoli-0-2-3-4_vs_5,DEAHS,3.0,2.0,6.0,1.0,1.0,1.0,1.0,1.0,6.0,1.0,29.0
ecoli-0-2-3-4_vs_5,DeepSMOTE,11.0,15.0,13.5,14.0,21.0,17.0,14.0,13.0,5.0,19.5,18.0
ecoli-0-2-3-4_vs_5,SPE,2.0,3.0,16.5,13.0,7.0,7.0,13.0,11.0,20.5,7.0,28.0
ecoli-0-2-3-4_vs_5,adaboost_ad,24.0,29.0,29.0,28.0,17.0,20.0,28.0,28.0,29.0,17.0,6.0
ecoli-0-2-3-4_vs_5,amcs,19.0,19.0,25.0,29.0,29.0,29.0,29.0,29.0,26.0,29.0,23.0
ecoli-0-2-3-4_vs_5,des_mi,25.0,26.0,24.0,23.0,16.0,16.0,23.0,23.0,23.0,16.0,8.0
ecoli-0-2-3-4_vs_5,dpse,22.0,21.0,10.0,11.0,12.0,13.0,11.0,12.0,15.0,12.5,1.0
ecoli-0-2-3-4_vs_5,drcw_aseg,26.0,25.0,18.5,17.5,24.5,25.5,17.5,18.5,10.5,25.5,3.0
ecoli-0-2-3-4_vs_5,e_evrs,29.0,28.0,26.0,26.0,28.0,28.0,26.0,25.0,24.0,28.0,17.0
ecoli-0-2-3-4_vs_5,easy_bpnn,28.0,18.0,27.0,27.0,20.0,22.0,27.0,27.0,28.0,21.0,19.0
ecoli-0-2-3-4_vs_5,evinci,23.0,23.0,13.5,20.0,27.0,21.0,19.0,16.0,1.0,24.0,25.0
ecoli-0-2-3-4_vs_5,glos,14.0,13.0,21.5,21.0,15.0,15.0,21.0,21.0,22.0,15.0,9.0
ecoli-0-2-3-4_vs_5,mc_ccr,17.0,14.0,5.0,7.0,11.0,10.0,7.0,5.0,4.0,11.0,7.0
ecoli-0-2-3-4_vs_5,mc_evhs,4.0,5.0,13.5,10.0,6.0,4.0,10.0,9.0,18.0,6.0,10.0
ecoli-0-2-3-4_vs_5,mc_nro,6.5,7.0,7.5,6.0,4.0,6.0,6.0,7.0,14.0,4.5,16.0
ecoli-0-2-3-4_vs_5,mc_rbo,10.0,12.0,10.0,12.0,18.0,19.0,12.0,14.0,9.0,18.0,20.0
ecoli-0-2-3-4_vs_5,mdo,18.0,16.0,10.0,9.0,13.0,12.0,9.0,10.0,12.0,12.5,12.0
ecoli-0-2-3-4_vs_5,multirandbal,21.0,24.0,21.5,24.0,26.0,27.0,24.0,24.0,19.0,27.0,4.0
ecoli-0-2-3-4_vs_5,nromm,9.0,11.0,4.0,5.0,10.0,11.0,5.0,6.0,7.0,10.0,13.0
ecoli-0-2-3-4_vs_5,ocsv_us,20.0,22.0,28.0,25.0,22.0,24.0,25.0,26.0,27.0,22.0,24.0
ecoli-0-2-3-4_vs_5,orem_m,8.0,10.0,7.5,8.0,5.0,5.0,8.0,8.0,16.0,4.5,11.0
ecoli-0-2-3-4_vs_5,oremboost,15.0,20.0,13.5,15.0,19.0,18.0,15.0,15.0,13.0,19.5,22.0
ecoli-0-2-3-4_vs_5,pt_bagging,27.0,27.0,18.5,17.5,24.5,25.5,17.5,18.5,10.5,25.5,2.0
ecoli-0-2-3-4_vs_5,s_smote,16.0,17.0,20.0,19.0,23.0,23.0,20.0,22.0,17.0,23.0,21.0
ecoli-0-2-3-4_vs_5,scut,6.5,6.0,16.5,16.0,14.0,14.0,16.0,17.0,20.5,14.0,26.0
ecoli-0-2-3-4_vs_5,shsampler,12.0,9.0,23.0,22.0,8.0,8.0,22.0,20.0,25.0,8.0,5.0
ecoli-0-2-3-4_vs_5,smom,13.0,8.0,2.0,3.0,2.0,3.0,3.0,3.0,8.0,2.5,15.0
ecoli-0-2-3-4_vs_5,soup,5.0,4.0,2.0,2.0,3.0,2.0,2.0,2.0,3.0,2.5,14.0
ecoli-0-2-6-7_vs_3-5,DBCF,6.0,8.0,13.5,13.0,12.0,14.0,14.0,15.0,15.0,11.0,26.0
ecoli-0-2-6-7_vs_3-5,DEAHS,8.0,14.0,22.0,20.0,6.0,9.0,19.0,19.0,22.0,6.0,29.0
ecoli-0-2-6-7_vs_3-5,DeepSMOTE,1.0,1.0,2.0,2.0,15.0,11.0,2.0,2.0,1.0,13.0,16.0
ecoli-0-2-6-7_vs_3-5,SPE,14.0,19.0,23.0,22.0,14.0,20.0,22.0,23.0,23.0,15.0,28.0
ecoli-0-2-6-7_vs_3-5,adaboost_ad,27.0,29.0,27.0,26.0,22.0,25.0,27.0,27.0,26.0,25.0,8.0
ecoli-0-2-6-7_vs_3-5,amcs,28.0,28.0,24.0,28.0,29.0,28.0,29.0,29.0,29.0,29.0,23.0
ecoli-0-2-6-7_vs_3-5,des_mi,20.0,12.0,17.5,14.0,8.0,6.0,13.0,11.0,14.0,7.0,9.0
ecoli-0-2-6-7_vs_3-5,dpse,26.0,26.0,19.0,21.0,26.0,26.0,21.0,20.0,18.0,27.0,1.0
ecoli-0-2-6-7_vs_3-5,drcw_aseg,23.0,22.0,9.5,11.5,17.5,18.5,11.5,13.5,11.5,18.5,3.0
ecoli-0-2-6-7_vs_3-5,e_evrs,25.0,27.0,21.0,23.0,25.0,27.0,23.0,24.0,21.0,26.0,17.0
ecoli-0-2-6-7_vs_3-5,easy_bpnn,19.0,18.0,26.0,25.0,11.0,23.0,25.0,25.0,25.0,14.0,19.0
ecoli-0-2-6-7_vs_3-5,evinci,22.0,16.0,4.5,6.0,20.0,13.0,6.0,6.0,5.0,16.0,25.0
ecoli-0-2-6-7_vs_3-5,glos,2.0,2.0,1.0,1.0,1.0,1.0,1.0,1.0,4.0,1.0,6.0
ecoli-0-2-6-7_vs_3-5,mc_ccr,15.0,6.0,7.0,9.0,23.0,21.0,9.0,9.0,3.0,22.0,7.0
ecoli-0-2-6-7_vs_3-5,mc_evhs,13.0,23.0,25.0,24.0,2.0,5.0,24.0,21.0,24.0,2.0,11.0
ecoli-0-2-6-7_vs_3-5,mc_nro,17.0,9.0,15.5,18.0,13.0,15.0,18.0,17.0,17.0,12.0,18.0
ecoli-0-2-6-7_vs_3-5,mc_rbo,11.0,7.0,9.5,16.0,24.0,22.0,16.0,16.0,9.0,23.0,20.0
ecoli-0-2-6-7_vs_3-5,mdo,5.0,3.0,4.5,4.0,5.0,3.0,4.0,5.0,8.0,4.5,12.0
ecoli-0-2-6-7_vs_3-5,multirandbal,16.0,11.0,17.5,17.0,7.0,7.0,17.0,18.0,19.0,8.0,4.0
ecoli-0-2-6-7_vs_3-5,nromm,7.0,17.0,4.5,5.0,9.0,8.0,5.0,3.0,2.0,9.0,13.0
ecoli-0-2-6-7_vs_3-5,ocsv_us,29.0,25.0,29.0,29.0,28.0,29.0,28.0,28.0,28.0,28.0,24.0
ecoli-0-2-6-7_vs_3-5,orem_m,10.0,15.0,13.5,15.0,16.0,17.0,15.0,12.0,10.0,17.0,10.0
ecoli-0-2-6-7_vs_3-5,oremboost,12.0,10.0,4.5,3.0,4.0,4.0,3.0,4.0,7.0,4.5,21.0
ecoli-0-2-6-7_vs_3-5,pt_bagging,24.0,24.0,9.5,11.5,17.5,18.5,11.5,13.5,11.5,18.5,2.0
ecoli-0-2-6-7_vs_3-5,s_smote,21.0,21.0,28.0,27.0,27.0,12.0,26.0,26.0,27.0,24.0,22.0
ecoli-0-2-6-7_vs_3-5,scut,18.0,20.0,20.0,19.0,21.0,24.0,20.0,22.0,20.0,21.0,27.0
ecoli-0-2-6-7_vs_3-5,shsampler,4.0,5.0,15.5,8.0,3.0,2.0,8.0,7.0,16.0,3.0,5.0
ecoli-0-2-6-7_vs_3-5,smom,9.0,13.0,12.0,7.0,10.0,10.0,7.0,8.0,13.0,10.0,15.0
ecoli-0-2-6-7_vs_3-5,soup,3.0,4.0,9.5,10.0,19.0,16.0,10.0,10.0,6.0,20.0,14.0
ecoli-0-3-4-6_vs_5,DBCF,6.0,3.0,7.0,6.5,12.5,13.5,7.5,7.5,7.5,12.5,27.0
ecoli-0-3-4-6_vs_5,DEAHS,6.0,10.0,20.0,15.0,1.0,1.0,15.0,14.0,22.0,1.0,29.0
ecoli-0-3-4-6_vs_5,DeepSMOTE,12.0,14.0,3.0,4.5,9.5,10.5,4.5,4.5,4.5,10.0,18.0
ecoli-0-3-4-6_vs_5,SPE,1.0,1.0,11.0,8.0,2.0,2.0,6.0,6.0,15.0,2.0,28.0
ecoli-0-3-4-6_vs_5,adaboost_ad,27.0,28.0,28.0,28.0,19.0,24.0,28.0,28.0,29.0,20.0,5.0
ecoli-0-3-4-6_vs_5,amcs,18.0,23.0,21.5,24.0,27.0,27.0,24.0,25.0,21.0,27.0,23.0
ecoli-0-3-4-6_vs_5,des_mi,25.0,26.0,23.5,27.0,29.0,28.0,27.0,27.0,23.0,29.0,8.0
ecoli-0-3-4-6_vs_5,dpse,20.0,20.0,18.0,21.0,26.0,25.0,21.0,21.0,16.0,25.5,1.0
ecoli-0-3-4-6_vs_5,drcw_aseg,21.5,18.5,18.0,20.0,25.0,26.0,20.0,22.0,17.0,25.5,3.0
ecoli-0-3-4-6_vs_5,e_evrs,29.0,29.0,29.0,29.0,28.0,29.0,29.0,29.0,27.0,28.0,17.0
ecoli-0-3-4-6_vs_5,easy_bpnn,28.0,27.0,26.0,26.0,16.0,18.0,26.0,26.0,28.0,17.0,19.0
ecoli-0-3-4-6_vs_5,evinci,24.0,21.0,11.0,14.0,22.0,21.0,14.0,15.0,11.0,22.0,25.0
ecoli-0-3-4-6_vs_5,glos,2.0,6.0,11.0,10.0,15.0,15.0,10.0,10.0,9.0,15.0,9.0
ecoli-0-3-4-6_vs_5,mc_ccr,13.5,8.0,3.0,3.0,11.0,9.0,3.0,3.0,1.0,10.0,6.0
ecoli-0-3-4-6_vs_5,mc_evhs,15.0,24.0,23.5,22.0,4.0,6.0,23.0,23.0,25.0,4.0,10.0
ecoli-0-3-4-6_vs_5,mc_nro,17.0,12.0,18.0,18.0,18.0,17.0,18.0,18.0,19.0,18.0,16.0
ecoli-0-3-4-6_vs_5,mc_rbo,8.0,2.0,7.0,9.0,21.0,19.0,9.0,9.0,2.0,21.0,20.0
ecoli-0-3-4-6_vs_5,mdo,13.5,13.0,7.0,6.5,12.5,13.5,7.5,7.5,7.5,12.5,12.0
ecoli-0-3-4-6_vs_5,multirandbal,26.0,22.0,11.0,11.0,14.0,16.0,11.0,11.0,13.0,15.0,4.0
ecoli-0-3-4-6_vs_5,nromm,3.0,7.0,11.0,13.0,17.0,12.0,13.0,13.0,14.0,15.0,13.0
ecoli-0-3-4-6_vs_5,ocsv_us,23.0,16.0,27.0,23.0,3.0,3.0,22.0,20.0,24.0,3.0,24.0
ecoli-0-3-4-6_vs_5,orem_m,9.0,4.0,3.0,1.0,5.0,5.0,1.0,1.0,3.0,5.5,11.0
ecoli-0-3-4-6_vs_5,oremboost,6.0,9.0,3.0,4.5,9.5,10.5,4.5,4.5,4.5,10.0,22.0
ecoli-0-3-4-6_vs_5,pt_bagging,21.5,18.5,15.0,16.0,23.0,23.0,16.0,17.0,12.0,23.5,2.0
ecoli-0-3-4-6_vs_5,s_smote,19.0,25.0,15.0,12.0,8.0,8.0,12.0,12.0,20.0,8.0,21.0
ecoli-0-3-4-6_vs_5,scut,16.0,15.0,3.0,2.0,6.0,4.0,2.0,2.0,6.0,5.5,26.0
ecoli-0-3-4-6_vs_5,shsampler,10.0,17.0,25.0,25.0,7.0,7.0,25.0,24.0,26.0,7.0,7.0
ecoli-0-3-4-6_vs_5,smom,4.0,11.0,15.0,17.0,24.0,22.0,17.0,16.0,10.0,23.5,15.0
ecoli-0-3-4-6_vs_5,soup,11.0,5.0,21.5,19.0,20.0,20.0,19.0,19.0,18.0,19.0,14.0
ecoli-0-3-4-7_vs_5-6,DBCF,1.0,1.0,5.0,9.0,16.0,9.0,9.0,9.0,8.0,13.0,26.0
ecoli-0-3-4-7_vs_5-6,DEAHS,12.0,12.0,23.0,23.0,8.0,11.0,23.0,22.0,24.0,8.0,29.0
ecoli-0-3-4-7_vs_5-6,DeepSMOTE,17.0,22.0,11.0,10.0,24.0,26.0,10.0,11.0,5.0,25.0,16.0
ecoli-0-3-4-7_vs_5-6,SPE,3.0,3.0,19.0,17.0,3.0,4.0,17.0,16.0,21.0,3.0,28.0
ecoli-0-3-4-7_vs_5-6,adaboost_ad,26.0,29.0,28.0,27.0,12.0,24.0,27.0,27.0,27.0,17.0,7.0
ecoli-0-3-4-7_vs_5-6,amcs,29.0,28.0,27.0,29.0,29.0,29.0,29.0,29.0,29.0,29.0,23.0
ecoli-0-3-4-7_vs_5-6,des_mi,16.0,16.0,9.5,8.0,6.0,7.0,8.0,7.0,9.0,6.0,8.0
ecoli-0-3-4-7_vs_5-6,dpse,28.0,24.0,17.0,18.0,22.0,22.0,18.0,19.0,14.0,22.0,1.0
ecoli-0-3-4-7_vs_5-6,drcw_aseg,24.0,18.0,15.5,12.5,13.5,16.5,13.5,13.5,17.5,15.5,3.0
ecoli-0-3-4-7_vs_5-6,e_evrs,27.0,27.0,21.0,22.0,26.0,18.0,21.0,21.0,16.0,23.0,18.0
ecoli-0-3-4-7_vs_5-6,easy_bpnn,20.0,10.0,24.0,25.0,5.0,10.0,25.0,25.0,26.0,7.0,19.0
ecoli-0-3-4-7_vs_5-6,evinci,19.0,19.0,7.5,5.0,4.0,6.0,5.0,5.0,7.0,4.5,25.0
ecoli-0-3-4-7_vs_5-6,glos,8.0,7.0,5.0,7.0,7.0,3.0,7.0,8.0,10.0,4.5,9.0
ecoli-0-3-4-7_vs_5-6,mc_ccr,21.0,4.0,2.0,2.0,15.0,5.0,2.0,2.0,3.0,11.0,6.0
ecoli-0-3-4-7_vs_5-6,mc_evhs,22.0,26.0,26.0,26.0,19.0,21.0,26.0,26.0,25.0,21.0,12.0
ecoli-0-3-4-7_vs_5-6,mc_nro,10.0,14.0,7.5,4.0,1.0,1.0,4.0,4.0,11.0,1.0,17.0
ecoli-0-3-4-7_vs_5-6,mc_rbo,4.0,5.0,5.0,14.0,28.0,25.0,12.0,10.0,1.0,28.0,22.0
ecoli-0-3-4-7_vs_5-6,mdo,5.0,13.0,9.5,6.0,2.0,2.0,6.0,6.0,12.0,2.0,11.0
ecoli-0-3-4-7_vs_5-6,multirandbal,14.0,8.0,20.0,20.0,18.0,15.0,20.0,20.0,19.0,18.0,4.0
ecoli-0-3-4-7_vs_5-6,nromm,6.0,6.0,1.0,1.0,11.0,8.0,1.0,1.0,2.0,10.0,13.0
ecoli-0-3-4-7_vs_5-6,ocsv_us,18.0,25.0,29.0,28.0,25.0,28.0,28.0,28.0,28.0,27.0,24.0
ecoli-0-3-4-7_vs_5-6,orem_m,11.0,9.0,12.5,11.0,17.0,14.0,11.0,12.0,15.0,14.0,10.0
ecoli-0-3-4-7_vs_5-6,oremboost,15.0,11.0,3.0,3.0,10.0,13.0,3.0,3.0,4.0,12.0,20.0
ecoli-0-3-4-7_vs_5-6,pt_bagging,25.0,21.0,15.5,12.5,13.5,16.5,13.5,13.5,17.5,15.5,2.0
ecoli-0-3-4-7_vs_5-6,s_smote,23.0,23.0,25.0,24.0,20.0,20.0,24.0,24.0,23.0,19.0,21.0
ecoli-0-3-4-7_vs_5-6,scut,13.0,17.0,22.0,21.0,23.0,27.0,22.0,23.0,22.0,24.0,27.0
ecoli-0-3-4-7_vs_5-6,shsampler,7.0,20.0,18.0,16.0,9.0,12.0,16.0,17.0,20.0,9.0,5.0
ecoli-0-3-4-7_vs_5-6,smom,2.0,2.0,14.0,19.0,27.0,23.0,19.0,18.0,6.0,26.0,15.0
ecoli-0-3-4-7_vs_5-6,soup,9.0,15.0,12.5,15.0,21.0,19.0,15.0,15.0,13.0,20.0,14.0
ecoli-0-3-4_vs_5,DBCF,5.0,6.0,2.5,1.0,4.0,9.0,1.0,2.0,2.0,5.5,26.0
ecoli-0-3-4_vs_5,DEAHS,14.0,15.0,8.5,6.0,2.0,2.0,6.0,6.0,10.0,2.0,29.0
ecoli-0-3-4_vs_5,DeepSMOTE,16.0,18.0,13.5,18.0,25.0,22.0,18.0,18.0,19.0,22.0,17.0
ecoli-0-3-4_vs_5,SPE,2.5,1.5,5.5,5.0,1.0,1.0,5.0,5.0,9.0,1.0,28.0
ecoli-0-3-4_vs_5,adaboost_ad,28.0,29.0,28.0,28.0,20.0,18.0,28.0,28.0,28.0,20.0,5.0
ecoli-0-3-4_vs_5,amcs,21.0,26.0,19.0,24.0,28.0,26.0,24.0,24.0,18.0,26.0,23.0
ecoli-0-3-4_vs_5,des_mi,27.0,27.0,13.5,12.0,10.0,11.0,12.0,13.0,20.0,10.5,8.0
ecoli-0-3-4_vs_5,dpse,25.0,21.0,13.5,14.5,16.5,15.5,14.5,14.5,11.5,16.0,1.0
ecoli-0-3-4_vs_5,drcw_aseg,24.0,19.5,19.0,19.5,22.5,23.5,19.5,19.5,16.5,23.5,3.0
ecoli-0-3-4_vs_5,e_evrs,29.0,28.0,26.0,27.0,29.0,29.0,27.0,27.0,26.0,29.0,16.0
ecoli-0-3-4_vs_5,easy_bpnn,26.0,24.0,27.0,26.0,14.0,19.0,26.0,26.0,27.0,14.0,19.0
ecoli-0-3-4_vs_5,evinci,17.5,16.0,24.5,25.0,26.0,28.0,25.0,25.0,23.0,28.0,25.0
ecoli-0-3-4_vs_5,glos,8.0,10.0,22.5,22.0,19.0,21.0,22.0,22.0,24.0,19.0,9.0
ecoli-0-3-4_vs_5,mc_ccr,4.0,14.0,8.5,8.0,8.0,7.0,8.0,8.0,8.0,8.5,6.0
ecoli-0-3-4_vs_5,mc_evhs,13.0,13.0,19.0,17.0,18.0,20.0,17.0,17.0,14.0,18.0,10.0
ecoli-0-3-4_vs_5,mc_nro,6.5,5.0,13.5,11.0,11.0,10.0,11.0,11.0,13.0,10.5,18.0
ecoli-0-3-4_vs_5,mc_rbo,9.5,8.0,8.5,9.0,13.0,13.0,9.0,9.0,6.0,13.0,20.0
ecoli-0-3-4_vs_5,mdo,15.0,17.0,22.5,23.0,24.0,25.0,23.0,23.0,21.0,25.0,12.0
ecoli-0-3-4_vs_5,multirandbal,22.0,25.0,13.5,14.5,16.5,15.5,14.5,14.5,11.5,16.0,4.0
ecoli-0-3-4_vs_5,nromm,2.5,1.5,2.5,2.0,5.0,8.0,2.0,1.0,1.0,5.5,13.0
ecoli-0-3-4_vs_5,ocsv_us,17.5,23.0,29.0,29.0,27.0,27.0,29.0,29.0,29.0,27.0,24.0
ecoli-0-3-4_vs_5,orem_m,11.0,12.0,2.5,3.0,6.0,5.0,3.0,4.0,5.0,5.5,11.0
ecoli-0-3-4_vs_5,oremboost,19.0,22.0,5.5,10.0,21.0,14.0,10.0,10.0,4.0,21.0,21.0
ecoli-0-3-4_vs_5,pt_bagging,23.0,19.5,19.0,19.5,22.5,23.5,19.5,19.5,16.5,23.5,2.0
ecoli-0-3-4_vs_5,s_smote,20.0,9.0,8.5,7.0,9.0,6.0,7.0,7.0,7.0,8.5,22.0
ecoli-0-3-4_vs_5,scut,12.0,11.0,24.5,21.0,12.0,12.0,21.0,21.0,25.0,12.0,27.0
ecoli-0-3-4_vs_5,shsampler,9.5,4.0,19.0,13.0,3.0,4.0,13.0,12.0,22.0,3.0,7.0
ecoli-0-3-4_vs_5,smom,6.5,7.0,2.5,4.0,7.0,3.0,4.0,3.0,3.0,5.5,15.0
ecoli-0-3-4_vs_5,soup,1.0,3.0,13.5,16.0,15.0,17.0,16.0,16.0,15.0,16.0,14.0
ecoli-0-4-6_vs_5,DBCF,5.5,7.0,12.0,13.0,15.0,18.0,13.0,16.0,16.0,17.5,27.0
ecoli-0-4-6_vs_5,DEAHS,15.0,16.0,21.5,18.0,2.0,4.0,18.0,19.0,22.0,2.0,29.0
ecoli-0-4-6_vs_5,DeepSMOTE,11.0,14.0,12.0,10.0,16.0,17.0,10.0,12.0,9.0,17.5,16.0
ecoli-0-4-6_vs_5,SPE,7.0,9.5,8.0,4.0,1.0,1.0,4.0,3.0,19.0,1.0,28.0
ecoli-0-4-6_vs_5,adaboost_ad,27.0,29.0,29.0,29.0,20.0,26.0,29.0,29.0,29.0,22.0,5.0
ecoli-0-4-6_vs_5,amcs,23.0,27.0,23.0,26.0,29.0,29.0,26.0,26.0,11.0,29.0,24.0
ecoli-0-4-6_vs_5,des_mi,20.0,15.0,1.5,2.0,6.0,2.0,2.0,1.0,1.0,4.5,8.0
ecoli-0-4-6_vs_5,dpse,21.0,22.0,15.0,14.0,25.0,27.0,15.0,17.0,8.0,26.0,1.0
ecoli-0-4-6_vs_5,drcw_aseg,25.0,24.0,8.0,8.5,23.5,24.5,8.5,8.5,5.5,24.0,3.0
ecoli-0-4-6_vs_5,e_evrs,28.0,28.0,28.0,27.0,26.0,28.0,27.0,27.0,26.0,28.0,17.0
ecoli-0-4-6_vs_5,easy_bpnn,24.0,21.0,27.0,28.0,17.0,22.0,28.0,28.0,28.0,19.0,19.0
ecoli-0-4-6_vs_5,evinci,19.0,20.0,3.0,3.0,14.0,15.0,3.0,4.0,4.0,14.0,26.0
ecoli-0-4-6_vs_5,glos,5.5,3.0,12.0,5.0,7.0,12.0,5.0,5.0,10.0,8.5,9.0
ecoli-0-4-6_vs_5,mc_ccr,8.0,8.0,8.0,15.0,22.0,8.0,14.0,10.0,7.0,16.0,7.0
ecoli-0-4-6_vs_5,mc_evhs,14.0,18.0,24.0,24.0,3.0,6.0,23.0,23.0,27.0,3.0,10.0
ecoli-0-4-6_vs_5,mc_nro,9.0,4.0,18.0,16.0,11.0,14.0,16.0,18.0,20.0,11.0,18.0
ecoli-0-4-6_vs_5,mc_rbo,12.0,13.0,4.5,17.0,27.0,19.0,17.0,13.0,2.0,24.0,20.0
ecoli-0-4-6_vs_5,mdo,13.0,17.0,21.5,23.0,19.0,23.0,24.0,25.0,24.0,21.0,12.0
ecoli-0-4-6_vs_5,multirandbal,22.0,26.0,17.0,11.0,10.0,13.0,11.0,11.0,18.0,10.0,4.0
ecoli-0-4-6_vs_5,nromm,3.0,5.0,4.5,12.0,21.0,9.0,12.0,14.0,13.0,15.0,13.0
ecoli-0-4-6_vs_5,ocsv_us,29.0,23.0,25.0,25.0,13.0,16.0,25.0,24.0,23.0,13.0,25.0
ecoli-0-4-6_vs_5,orem_m,10.0,6.0,15.0,7.0,8.0,10.0,7.0,7.0,12.0,8.5,11.0
ecoli-0-4-6_vs_5,oremboost,17.0,19.0,15.0,20.0,28.0,21.0,20.0,20.0,17.0,27.0,22.0
ecoli-0-4-6_vs_5,pt_bagging,26.0,25.0,8.0,8.5,23.5,24.5,8.5,8.5,5.5,24.0,2.0
ecoli-0-4-6_vs_5,s_smote,18.0,11.0,20.0,19.0,12.0,11.0,19.0,15.0,14.0,12.0,23.0
ecoli-0-4-6_vs_5,scut,2.0,2.0,19.0,21.0,18.0,20.0,21.0,22.0,21.0,20.0,21.0
ecoli-0-4-6_vs_5,shsampler,16.0,12.0,26.0,22.0,4.0,7.0,22.0,21.0,25.0,6.0,6.0
ecoli-0-4-6_vs_5,smom,1.0,1.0,1.5,1.0,5.0,3.0,1.0,2.0,3.0,4.5,15.0
ecoli-0-4-6_vs_5,soup,4.0,9.5,8.0,6.0,9.0,5.0,6.0,6.0,15.0,7.0,14.0
ecoli-0-6-7_vs_3-5,DBCF,5.0,8.0,16.0,16.0,11.0,12.0,16.0,12.0,11.0,11.0,26.0
ecoli-0-6-7_vs_3-5,DEAHS,14.0,21.0,22.0,22.0,17.0,23.0,22.0,23.0,24.0,19.5,29.0
ecoli-0-6-7_vs_3-5,DeepSMOTE,1.0,1.0,3.0,12.0,26.0,15.0,11.0,11.0,10.0,24.5,17.0
ecoli-0-6-7_vs_3-5,SPE,12.5,19.0,23.0,23.0,18.0,24.0,23.0,22.0,21.0,22.0,27.0
ecoli-0-6-7_vs_3-5,adaboost_ad,29.0,29.0,28.0,26.0,22.0,27.0,26.0,26.0,25.0,26.0,6.0
ecoli-0-6-7_vs_3-5,amcs,28.0,28.0,24.0,28.0,29.0,29.0,29.0,29.0,29.0,29.0,23.0
ecoli-0-6-7_vs_3-5,des_mi,21.0,24.0,19.0,18.0,20.0,21.0,18.0,17.0,16.0,22.0,9.0
ecoli-0-6-7_vs_3-5,dpse,25.0,22.0,15.0,14.0,13.0,16.0,15.0,16.0,13.0,13.0,1.0
ecoli-0-6-7_vs_3-5,drcw_aseg,22.5,14.5,2.0,2.0,2.0,2.0,2.0,2.0,2.0,2.0,3.0
ecoli-0-6-7_vs_3-5,e_evrs,26.0,27.0,20.0,20.0,12.0,19.0,20.0,21.0,22.0,15.5,16.0
ecoli-0-6-7_vs_3-5,easy_bpnn,18.0,23.0,26.0,25.0,21.0,25.0,25.0,25.0,26.0,24.5,19.0
ecoli-0-6-7_vs_3-5,evinci,20.0,16.0,4.5,3.0,4.0,4.0,3.0,4.0,5.0,4.0,25.0
ecoli-0-6-7_vs_3-5,glos,2.0,2.0,10.0,7.0,7.0,8.0,7.0,8.0,8.0,7.0,7.0
ecoli-0-6-7_vs_3-5,mc_ccr,6.0,5.0,6.0,5.0,5.0,3.0,5.0,3.0,3.0,4.0,8.0
ecoli-0-6-7_vs_3-5,mc_evhs,15.0,25.0,25.0,24.0,16.0,20.0,24.0,24.0,23.0,18.0,11.0
ecoli-0-6-7_vs_3-5,mc_nro,9.0,4.0,9.0,6.0,6.0,7.0,6.0,6.0,4.0,6.0,18.0
ecoli-0-6-7_vs_3-5,mc_rbo,11.0,6.0,1.0,1.0,1.0,1.0,1.0,1.0,1.0,1.0,20.0
ecoli-0-6-7_vs_3-5,mdo,12.5,7.0,4.5,4.0,3.0,5.0,4.0,5.0,7.0,4.0,12.0
ecoli-0-6-7_vs_3-5,multirandbal,19.0,17.0,18.0,19.0,19.0,22.0,19.0,20.0,20.0,22.0,4.0
ecoli-0-6-7_vs_3-5,nromm,7.0,3.0,14.0,9.0,10.0,9.0,8.0,7.0,6.0,9.0,13.0
ecoli-0-6-7_vs_3-5,ocsv_us,27.0,26.0,27.0,27.0,27.0,26.0,27.0,28.0,27.0,27.0,24.0
ecoli-0-6-7_vs_3-5,orem_m,16.0,13.0,12.5,10.0,9.0,10.0,10.0,9.0,9.0,9.0,10.0
ecoli-0-6-7_vs_3-5,oremboost,17.0,10.0,7.5,13.0,23.0,6.0,12.0,15.0,17.0,12.0,21.0
ecoli-0-6-7_vs_3-5,pt_bagging,22.5,14.5,7.5,15.0,25.0,13.0,13.0,13.0,15.0,19.5,2.0
ecoli-0-6-7_vs_3-5,s_smote,24.0,20.0,29.0,29.0,28.0,28.0,28.0,27.0,28.0,28.0,22.0
ecoli-0-6-7_vs_3-5,scut,8.0,11.0,17.0,17.0,24.0,14.0,17.0,18.0,19.0,15.5,28.0
ecoli-0-6-7_vs_3-5,shsampler,3.0,9.0,21.0,21.0,15.0,17.0,21.0,19.0,18.0,15.5,5.0
ecoli-0-6-7_vs_3-5,smom,4.0,12.0,11.0,8.0,8.0,11.0,9.0,10.0,14.0,9.0,15.0
ecoli-0-6-7_vs_3-5,soup,10.0,18.0,12.5,11.0,14.0,18.0,14.0,14.0,12.0,15.5,14.0
ecoli-0-6-7_vs_5,DBCF,1.0,2.0,2.5,2.0,7.0,7.0,2.0,2.0,6.0,7.5,26.0
ecoli-0-6-7_vs_5,DEAHS,4.0,6.0,25.0,25.0,12.0,16.0,25.0,25.0,25.0,12.0,29.0
ecoli-0-6-7_vs_5,DeepSMOTE,7.0,21.0,15.5,17.0,23.0,25.0,17.0,19.0,14.0,25.0,17.0
ecoli-0-6-7_vs_5,SPE,5.0,3.0,24.0,24.0,9.0,13.0,24.0,24.0,24.0,10.0,27.0
ecoli-0-6-7_vs_5,adaboost_ad,28.0,28.0,26.0,26.0,22.0,27.0,26.0,26.0,26.0,26.0,6.0
ecoli-0-6-7_vs_5,amcs,27.0,29.0,27.0,29.0,29.0,29.0,29.0,29.0,29.0,29.0,23.0
ecoli-0-6-7_vs_5,des_mi,12.5,23.0,13.0,13.0,15.0,18.0,14.0,15.0,15.0,17.0,9.0
ecoli-0-6-7_vs_5,dpse,29.0,25.0,11.0,14.0,26.0,21.0,13.0,11.0,4.0,24.0,1.0
ecoli-0-6-7_vs_5,drcw_aseg,22.0,13.0,7.0,8.5,20.5,9.5,8.5,8.5,9.5,15.0,3.0
ecoli-0-6-7_vs_5,e_evrs,26.0,26.0,15.5,10.0,3.0,3.0,10.0,12.0,18.0,3.0,16.0
ecoli-0-6-7_vs_5,easy_bpnn,25.0,17.0,28.0,27.0,17.0,26.0,27.0,27.0,27.0,21.5,19.0
ecoli-0-6-7_vs_5,evinci,24.0,22.0,2.5,4.0,10.0,4.0,4.0,4.0,8.0,7.5,25.0
ecoli-0-6-7_vs_5,glos,6.0,18.0,18.5,16.0,4.0,5.0,16.0,17.0,20.0,4.0,5.0
ecoli-0-6-7_vs_5,mc_ccr,21.0,12.0,7.0,11.0,25.0,19.0,11.0,10.0,3.0,23.0,8.0
ecoli-0-6-7_vs_5,mc_evhs,10.0,24.0,23.0,23.0,6.0,8.0,23.0,22.0,23.0,6.0,11.0
ecoli-0-6-7_vs_5,mc_nro,9.0,1.0,7.0,3.0,2.0,2.0,3.0,3.0,11.0,2.0,18.0
ecoli-0-6-7_vs_5,mc_rbo,15.5,20.0,11.0,19.0,28.0,24.0,19.0,16.0,5.0,28.0,20.0
ecoli-0-6-7_vs_5,mdo,2.5,11.0,11.0,6.0,8.0,11.0,6.0,7.0,12.0,9.0,12.0
ecoli-0-6-7_vs_5,multirandbal,19.0,19.0,22.0,22.0,13.0,17.0,22.0,23.0,21.0,13.0,4.0
ecoli-0-6-7_vs_5,nromm,15.5,15.0,7.0,5.0,14.0,14.0,5.0,5.0,2.0,15.0,13.0
ecoli-0-6-7_vs_5,ocsv_us,18.0,27.0,29.0,28.0,27.0,28.0,28.0,28.0,28.0,27.0,24.0
ecoli-0-6-7_vs_5,orem_m,20.0,14.0,15.5,12.0,11.0,12.0,12.0,14.0,16.0,11.0,10.0
ecoli-0-6-7_vs_5,oremboost,14.0,7.0,2.5,7.0,24.0,15.0,7.0,6.0,1.0,21.5,21.0
ecoli-0-6-7_vs_5,pt_bagging,23.0,16.0,7.0,8.5,20.5,9.5,8.5,8.5,9.5,15.0,2.0
ecoli-0-6-7_vs_5,s_smote,17.0,4.0,20.5,20.0,19.0,23.0,20.0,21.0,19.0,20.0,22.0
ecoli-0-6-7_vs_5,scut,11.0,10.0,15.5,15.0,16.0,20.0,15.0,13.0,13.0,18.0,28.0
ecoli-0-6-7_vs_5,shsampler,2.5,8.0,20.5,18.0,5.0,6.0,18.0,18.0,22.0,5.0,7.0
ecoli-0-6-7_vs_5,smom,8.0,9.0,18.5,21.0,18.0,22.0,21.0,20.0,17.0,19.0,15.0
ecoli-0-6-7_vs_5,soup,12.5,5.0,2.5,1.0,1.0,1.0,1.0,1.0,7.0,1.0,14.0
ecoli-0_vs_1,DBCF,6.0,6.0,10.5,13.0,15.0,13.0,13.0,12.0,8.0,13.0,27.0
ecoli-0_vs_1,DEAHS,4.0,4.0,15.5,16.0,14.0,17.0,16.0,16.0,16.0,15.0,29.0
ecoli-0_vs_1,DeepSMOTE,17.0,16.0,24.0,23.0,24.0,23.0,23.0,23.0,23.0,24.0,18.0
ecoli-0_vs_1,SPE,7.0,7.0,4.0,4.0,4.0,4.0,4.0,4.0,4.0,4.0,28.0
ecoli-0_vs_1,adaboost_ad,24.0,24.0,15.5,17.0,13.0,16.0,17.0,17.0,17.0,14.0,6.0
ecoli-0_vs_1,amcs,29.0,29.0,29.0,29.0,29.0,29.0,29.0,29.0,29.0,29.0,23.0
ecoli-0_vs_1,des_mi,22.0,21.0,4.0,4.0,4.0,4.0,4.0,4.0,4.0,4.0,4.0
ecoli-0_vs_1,dpse,25.0,25.0,20.0,20.5,21.5,18.5,20.5,18.5,18.5,20.5,1.0
ecoli-0_vs_1,drcw_aseg,22.0,23.0,15.5,14.5,16.5,14.5,14.5,14.5,14.5,16.5,3.0
ecoli-0_vs_1,e_evrs,28.0,26.0,27.5,27.0,27.0,27.0,27.0,27.0,28.0,27.0,17.0
ecoli-0_vs_1,easy_bpnn,5.0,5.0,27.5,28.0,28.0,28.0,28.0,28.0,27.0,28.0,20.0
ecoli-0_vs_1,evinci,13.0,13.0,4.0,4.0,4.0,4.0,4.0,4.0,4.0,4.0,26.0
ecoli-0_vs_1,glos,13.0,15.0,20.0,18.5,19.5,20.5,18.5,20.5,20.5,20.5,9.0
ecoli-0_vs_1,mc_ccr,26.5,27.0,4.0,4.0,4.0,4.0,4.0,4.0,4.0,4.0,8.0
ecoli-0_vs_1,mc_evhs,19.0,19.0,26.0,26.0,26.0,26.0,26.0,26.0,26.0,26.0,11.0
ecoli-0_vs_1,mc_nro,2.0,3.0,10.5,9.5,10.5,9.5,9.5,9.5,10.5,10.5,15.0
ecoli-0_vs_1,mc_rbo,26.5,28.0,4.0,4.0,4.0,4.0,4.0,4.0,4.0,4.0,24.0
ecoli-0_vs_1,mdo,15.0,14.0,10.5,12.0,8.0,12.0,12.0,13.0,13.0,8.0,10.0
ecoli-0_vs_1,multirandbal,9.0,10.0,20.0,20.5,21.5,18.5,20.5,18.5,18.5,20.5,5.0
ecoli-0_vs_1,nromm,18.0,18.0,10.5,9.5,10.5,9.5,9.5,9.5,10.5,10.5,12.0
ecoli-0_vs_1,ocsv_us,1.0,1.0,4.0,4.0,4.0,4.0,4.0,4.0,4.0,4.0,25.0
ecoli-0_vs_1,orem_m,8.0,9.0,10.5,9.5,10.5,9.5,9.5,9.5,10.5,10.5,16.0
ecoli-0_vs_1,oremboost,20.0,20.0,10.5,9.5,10.5,9.5,9.5,9.5,10.5,10.5,21.0
ecoli-0_vs_1,pt_bagging,22.0,22.0,15.5,14.5,16.5,14.5,14.5,14.5,14.5,16.5,2.0
ecoli-0_vs_1,s_smote,3.0,2.0,24.0,25.0,25.0,25.0,25.0,25.0,24.0,25.0,22.0
ecoli-0_vs_1,scut,10.0,8.0,24.0,24.0,23.0,24.0,24.0,24.0,25.0,23.0,19.0
ecoli-0_vs_1,shsampler,11.0,12.0,20.0,22.0,18.0,22.0,22.0,22.0,22.0,18.0,7.0
ecoli-0_vs_1,smom,13.0,11.0,4.0,4.0,4.0,4.0,4.0,4.0,4.0,4.0,14.0
ecoli-0_vs_1,soup,16.0,17.0,20.0,18.5,19.5,20.5,18.5,20.5,20.5,20.5,13.0
ecoli1,DBCF,2.0,13.0,15.0,12.0,12.0,13.0,12.0,10.0,12.0,12.0,27.0
ecoli1,DEAHS,5.0,12.0,22.0,20.0,11.0,11.0,20.0,19.0,23.0,11.0,29.0
ecoli1,DeepSMOTE,10.0,4.0,4.0,5.0,16.0,16.0,5.0,6.0,4.0,16.0,18.0
ecoli1,SPE,1.0,1.0,11.0,15.0,21.0,22.0,15.0,17.0,11.0,21.0,28.0
ecoli1,adaboost_ad,22.0,22.0,9.0,10.0,17.0,17.0,11.0,11.0,8.0,17.0,9.0
ecoli1,amcs,29.0,28.0,29.0,29.0,29.0,29.0,29.0,29.0,29.0,29.0,22.0
ecoli1,des_mi,18.0,20.0,20.0,18.0,8.0,6.0,17.0,15.0,20.0,8.0,4.0
ecoli1,dpse,28.0,23.0,16.0,16.0,25.0,26.0,16.0,21.0,13.0,25.0,1.0
ecoli1,drcw_aseg,19.0,14.0,19.0,23.0,27.0,28.0,24.0,26.0,17.0,28.0,3.0
ecoli1,e_evrs,27.0,29.0,27.0,27.0,24.0,24.0,27.0,27.0,27.0,24.0,17.0
ecoli1,easy_bpnn,8.0,2.0,24.0,21.0,14.0,12.0,21.0,20.0,21.0,13.0,19.0
ecoli1,evinci,3.0,6.0,7.5,6.0,4.0,8.0,6.0,5.0,10.0,6.0,24.0
ecoli1,glos,21.0,21.0,13.0,8.0,6.0,7.0,8.0,7.0,16.0,7.0,8.0
ecoli1,mc_ccr,14.0,15.0,3.0,3.0,15.0,14.0,3.0,4.0,2.0,15.0,6.0
ecoli1,mc_evhs,25.0,26.0,26.0,26.0,10.0,9.0,26.0,23.0,26.0,10.0,11.0
ecoli1,mc_nro,20.0,19.0,13.0,11.0,9.0,10.0,10.0,8.0,14.0,9.0,16.0
ecoli1,mc_rbo,12.0,8.0,6.0,9.0,20.0,20.0,9.0,13.0,6.0,20.0,25.0
ecoli1,mdo,13.0,7.0,10.0,14.0,19.0,19.0,14.0,14.0,9.0,19.0,10.0
ecoli1,multirandbal,15.0,9.0,17.0,17.0,22.0,25.0,18.0,22.0,19.0,23.0,5.0
ecoli1,nromm,7.0,10.0,13.0,13.0,13.0,15.0,13.0,12.0,15.0,14.0,12.0
ecoli1,ocsv_us,26.0,24.0,28.0,28.0,26.0,23.0,28.0,28.0,28.0,26.0,23.0
ecoli1,orem_m,4.0,17.0,1.0,2.0,1.0,2.0,2.0,2.0,5.0,2.0,13.0
ecoli1,oremboost,6.0,5.0,5.0,7.0,23.0,21.0,7.0,9.0,1.0,22.0,20.0
ecoli1,pt_bagging,16.0,11.0,18.0,25.0,28.0,27.0,25.0,25.0,18.0,27.0,2.0
ecoli1,s_smote,17.0,3.0,7.5,4.0,2.0,1.0,4.0,3.0,7.0,1.0,21.0
ecoli1,scut,11.0,18.0,22.0,22.0,18.0,18.0,23.0,24.0,24.0,18.0,26.0
ecoli1,shsampler,23.0,25.0,25.0,24.0,7.0,5.0,22.0,18.0,25.0,5.0,7.0
ecoli1,smom,9.0,16.0,2.0,1.0,3.0,3.0,1.0,1.0,3.0,3.0,14.0
ecoli1,soup,24.0,27.0,22.0,19.0,5.0,4.0,19.0,16.0,22.0,4.0,15.0
ecoli2,DBCF,9.0,2.0,13.0,14.0,21.0,17.0,14.0,12.0,6.0,19.0,28.0
ecoli2,DEAHS,5.0,8.0,22.0,17.0,11.0,14.0,17.0,17.0,21.0,12.0,29.0
ecoli2,DeepSMOTE,8.0,6.0,7.5,10.0,24.0,21.0,10.0,10.0,1.0,24.0,19.0
ecoli2,SPE,2.0,4.0,14.0,13.0,5.0,7.0,13.0,13.0,15.0,5.0,27.0
ecoli2,adaboost_ad,23.0,25.0,12.0,11.0,13.0,12.0,11.0,14.0,12.0,13.0,9.0
ecoli2,amcs,28.0,27.0,27.0,28.0,29.0,28.0,28.0,28.0,28.0,29.0,23.0
ecoli2,des_mi,11.0,19.0,23.0,22.0,18.0,23.0,22.0,22.0,23.0,20.0,4.0
ecoli2,dpse,26.0,26.0,19.0,20.0,23.0,24.0,20.0,20.0,19.0,23.0,1.0
ecoli2,drcw_aseg,22.0,20.0,20.0,21.0,25.0,25.0,21.0,21.0,17.0,25.0,3.0
ecoli2,e_evrs,27.0,29.0,24.5,25.0,17.0,22.0,25.0,25.0,24.0,17.0,17.0
ecoli2,easy_bpnn,20.0,17.0,26.0,26.0,8.0,11.0,26.0,26.0,26.0,9.0,20.0
ecoli2,evinci,19.0,18.0,15.0,15.0,14.0,15.0,15.0,15.0,14.0,15.0,25.0
ecoli2,glos,12.0,3.0,7.5,7.0,7.0,6.0,7.0,8.0,10.0,7.0,10.0
ecoli2,mc_ccr,16.0,13.0,9.0,12.0,19.0,16.0,12.0,11.0,7.0,18.0,7.0
ecoli2,mc_evhs,25.0,24.0,24.5,24.0,10.0,13.0,24.0,23.0,25.0,11.0,11.0
ecoli2,mc_nro,7.0,5.0,1.0,1.0,2.0,3.0,1.0,2.0,4.0,2.5,16.0
ecoli2,mc_rbo,14.0,7.0,3.0,4.0,15.0,10.0,4.0,4.0,2.0,14.0,26.0
ecoli2,mdo,6.0,12.0,2.0,2.0,3.0,1.0,2.0,1.0,3.0,2.5,8.0
ecoli2,multirandbal,18.0,22.0,18.0,18.0,16.0,18.0,18.0,18.0,22.0,16.0,5.0
ecoli2,nromm,4.0,1.0,4.0,3.0,9.0,8.0,3.0,3.0,5.0,8.0,13.0
ecoli2,ocsv_us,29.0,28.0,29.0,29.0,28.0,29.0,29.0,29.0,29.0,28.0,24.0
ecoli2,orem_m,17.0,10.0,5.0,5.0,6.0,4.0,5.0,5.0,8.0,6.0,12.0
ecoli2,oremboost,1.0,11.0,16.0,16.0,22.0,19.0,16.0,16.0,16.0,22.0,21.0
ecoli2,pt_bagging,21.0,21.0,21.0,23.0,26.0,26.0,23.0,24.0,20.0,26.0,2.0
ecoli2,s_smote,24.0,23.0,28.0,27.0,27.0,27.0,27.0,27.0,27.0,27.0,22.0
ecoli2,scut,3.0,14.0,17.0,19.0,20.0,20.0,19.0,19.0,18.0,21.0,18.0
ecoli2,shsampler,13.0,16.0,11.0,8.0,1.0,2.0,8.0,7.0,13.0,1.0,6.0
ecoli2,smom,15.0,9.0,6.0,9.0,12.0,9.0,9.0,9.0,9.0,10.0,15.0
ecoli2,soup,10.0,15.0,10.0,6.0,4.0,5.0,6.0,6.0,11.0,4.0,14.0
ecoli3,DBCF,3.0,3.0,4.0,2.0,12.0,11.0,2.0,2.0,6.0,12.0,27.0
ecoli3,DEAHS,7.0,17.0,25.0,23.0,2.0,2.0,20.0,12.0,25.0,2.0,29.0
ecoli3,DeepSMOTE,22.0,12.0,5.5,16.0,26.0,25.0,17.0,19.0,1.0,26.0,19.0
ecoli3,SPE,1.0,6.0,14.0,4.0,5.0,5.0,4.0,3.0,11.0,5.0,28.0
ecoli3,adaboost_ad,27.0,29.0,26.0,27.0,13.0,16.0,27.0,26.0,27.0,13.0,9.0
ecoli3,amcs,28.0,27.0,27.0,28.0,29.0,29.0,29.0,29.0,29.0,29.0,22.0
ecoli3,des_mi,23.0,23.0,21.0,14.0,9.0,12.0,13.0,15.0,22.0,11.0,8.0
ecoli3,dpse,29.0,26.0,14.0,21.0,23.0,24.0,22.0,24.0,15.0,23.0,1.0
ecoli3,drcw_aseg,16.0,11.0,7.0,12.0,25.0,26.0,14.0,20.0,7.0,25.0,3.0
ecoli3,e_evrs,26.0,28.0,20.0,11.0,10.0,10.0,11.0,9.0,18.0,10.0,16.0
ecoli3,easy_bpnn,4.0,7.0,28.0,26.0,4.0,3.0,25.0,18.0,26.0,4.0,18.0
ecoli3,evinci,21.0,13.0,9.0,8.0,17.0,20.0,8.0,14.0,10.0,18.0,24.0
ecoli3,glos,17.0,22.0,14.0,20.0,22.0,22.0,21.0,23.0,13.0,22.0,6.0
ecoli3,mc_ccr,8.0,8.0,11.0,25.0,28.0,28.0,26.0,27.0,16.0,28.0,7.0
ecoli3,mc_evhs,24.0,25.0,22.0,15.0,7.0,9.0,12.0,8.0,21.0,8.0,11.0
ecoli3,mc_nro,18.0,10.0,3.0,1.0,8.0,8.0,1.0,1.0,8.0,9.0,17.0
ecoli3,mc_rbo,6.0,5.0,5.5,10.0,24.0,23.0,10.0,16.0,5.0,24.0,25.0
ecoli3,mdo,5.0,1.0,1.5,5.0,21.0,18.0,7.0,7.0,2.0,20.0,10.0
ecoli3,multirandbal,10.0,15.0,18.0,22.0,19.0,17.0,23.0,22.0,19.0,19.0,4.0
ecoli3,nromm,11.0,14.0,10.0,9.0,15.0,13.0,9.0,10.0,12.0,14.0,13.0
ecoli3,ocsv_us,25.0,24.0,29.0,29.0,16.0,19.0,28.0,28.0,28.0,17.0,23.0
ecoli3,orem_m,12.0,16.0,12.0,13.0,18.0,14.0,15.0,17.0,14.0,16.0,12.0
ecoli3,oremboost,2.0,2.0,1.5,3.0,14.0,15.0,3.0,4.0,4.0,15.0,20.0
ecoli3,pt_bagging,9.0,4.0,8.0,17.0,27.0,27.0,18.0,21.0,3.0,27.0,2.0
ecoli3,s_smote,15.0,9.0,16.0,6.0,11.0,6.0,5.0,5.0,9.0,7.0,21.0
ecoli3,scut,14.0,18.0,19.0,7.0,1.0,1.0,6.0,6.0,17.0,1.0,26.0
ecoli3,shsampler,13.0,20.0,24.0,19.0,3.0,4.0,19.0,13.0,24.0,3.0,5.0
ecoli3,smom,19.0,21.0,17.0,24.0,20.0,21.0,24.0,25.0,20.0,21.0,15.0
ecoli3,soup,20.0,19.0,23.0,18.0,6.0,7.0,16.0,11.0,23.0,6.0,14.0
ecoli4,DBCF,4.0,4.0,1.0,1.0,6.0,5.0,1.0,1.0,2.0,6.0,26.0
ecoli4,DEAHS,5.0,10.0,25.0,25.0,2.0,2.0,25.0,24.0,25.0,2.0,29.0
ecoli4,DeepSMOTE,16.0,2.0,5.0,7.0,12.0,10.0,7.0,6.0,10.0,11.0,19.0
ecoli4,SPE,8.0,13.0,26.0,26.0,5.0,8.0,26.0,26.0,26.0,5.0,28.0
ecoli4,adaboost_ad,27.0,28.0,28.0,27.0,22.0,28.0,27.0,27.0,27.0,25.0,6.0
ecoli4,amcs,28.0,29.0,27.0,29.0,29.0,29.0,29.0,29.0,29.0,29.0,21.0
ecoli4,des_mi,19.0,25.0,21.5,22.0,26.0,27.0,23.0,22.0,13.0,28.0,7.0
ecoli4,dpse,26.0,23.0,13.0,16.0,25.0,13.0,16.0,14.0,9.0,20.0,2.0
ecoli4,drcw_aseg,23.0,20.5,13.0,18.5,23.5,14.5,18.5,16.5,14.5,20.0,3.0
ecoli4,e_evrs,29.0,26.0,16.5,21.0,27.0,24.0,21.0,23.0,16.0,26.0,17.0
ecoli4,easy_bpnn,1.0,1.0,24.0,23.0,1.0,1.0,22.0,21.0,24.0,1.0,16.0
ecoli4,evinci,25.0,24.0,20.0,24.0,28.0,25.0,24.0,25.0,23.0,27.0,24.0
ecoli4,glos,18.0,14.0,21.5,17.0,9.0,9.0,17.0,19.0,22.0,9.0,9.0
ecoli4,mc_ccr,21.0,17.0,3.0,3.0,7.0,6.0,3.0,3.0,4.0,7.0,11.0
ecoli4,mc_evhs,11.0,22.0,7.0,5.0,3.0,3.0,5.0,5.0,17.0,3.0,8.0
ecoli4,mc_nro,20.0,11.0,5.0,4.0,8.0,7.0,4.0,4.0,7.0,8.0,18.0
ecoli4,mc_rbo,7.0,15.0,9.5,10.5,18.5,20.5,10.5,10.5,5.5,17.5,25.0
ecoli4,mdo,6.0,5.0,9.5,9.0,14.0,11.0,9.0,9.0,8.0,12.0,12.0
ecoli4,multirandbal,17.0,16.0,16.5,13.5,20.5,22.5,13.5,12.5,11.5,22.5,4.0
ecoli4,nromm,3.0,6.0,2.0,2.0,10.0,12.0,2.0,2.0,1.0,10.0,13.0
ecoli4,ocsv_us,24.0,27.0,29.0,28.0,16.0,26.0,28.0,28.0,28.0,24.0,23.0
ecoli4,orem_m,13.0,18.0,16.5,12.0,11.0,16.0,12.0,15.0,19.0,13.0,10.0
ecoli4,oremboost,10.0,19.0,16.5,13.5,20.5,22.5,13.5,12.5,11.5,22.5,22.0
ecoli4,pt_bagging,22.0,20.5,13.0,18.5,23.5,14.5,18.5,16.5,14.5,20.0,1.0
ecoli4,s_smote,2.0,3.0,23.0,20.0,15.0,18.0,20.0,20.0,18.0,15.0,20.0
ecoli4,scut,14.0,8.5,19.0,15.0,13.0,17.0,15.0,18.0,21.0,14.0,27.0
ecoli4,shsampler,15.0,7.0,9.5,6.0,4.0,4.0,6.0,7.0,20.0,4.0,5.0
ecoli4,smom,9.0,8.5,9.5,10.5,18.5,20.5,10.5,10.5,5.5,17.5,15.0
ecoli4,soup,12.0,12.0,5.0,8.0,17.0,19.0,8.0,8.0,3.0,16.0,14.0
flare-F,DBCF,2.0,3.0,13.0,1.0,5.0,4.0,1.0,1.0,3.0,4.0,26.0
flare-F,DEAHS,3.0,4.0,26.0,21.0,3.0,3.0,13.0,9.0,22.0,3.0,29.0
flare-F,DeepSMOTE,18.0,12.0,3.5,27.0,29.0,16.0,28.0,29.0,28.0,28.0,16.0
flare-F,SPE,4.0,6.0,25.0,8.0,2.0,1.0,6.0,5.0,13.0,1.0,24.0
flare-F,adaboost_ad,26.0,28.0,28.0,28.0,10.0,27.0,25.0,18.0,26.0,10.0,10.0
flare-F,amcs,8.0,24.0,9.5,14.0,21.0,17.0,16.0,17.0,8.0,21.0,3.0
flare-F,des_mi,9.0,9.0,12.0,2.0,8.0,8.0,3.0,4.0,5.0,8.0,8.0
flare-F,dpse,29.0,23.0,19.0,11.0,13.0,22.0,14.0,14.0,18.0,13.0,4.0
flare-F,drcw_aseg,22.0,16.0,7.0,19.0,24.0,19.0,21.0,22.0,11.0,24.0,2.0
flare-F,e_evrs,27.0,29.0,23.0,12.0,9.0,12.0,12.0,12.0,19.0,9.0,17.0
flare-F,easy_bpnn,1.0,1.0,27.0,20.0,1.0,2.0,11.0,6.0,21.0,2.0,15.0
flare-F,evinci,7.0,5.0,11.0,5.0,12.0,9.0,5.0,7.0,4.0,12.0,23.0
flare-F,glos,24.0,21.0,9.5,26.0,28.0,21.0,27.0,28.0,27.0,29.0,6.0
flare-F,mc_ccr,17.0,20.0,18.0,13.0,17.0,23.0,15.0,15.0,17.0,16.0,9.0
flare-F,mc_evhs,25.0,25.0,22.0,24.0,16.0,28.0,22.0,23.0,25.0,17.0,12.0
flare-F,mc_nro,20.0,22.0,20.0,9.0,11.0,15.0,9.0,11.0,15.0,11.0,25.0
flare-F,mc_rbo,11.0,8.0,3.5,17.0,26.0,14.0,19.0,20.0,9.0,22.0,28.0
flare-F,mdo,19.0,13.0,1.0,22.0,27.0,13.0,23.0,25.0,20.0,26.0,13.0
flare-F,multirandbal,6.0,17.0,17.0,16.0,18.0,24.0,18.0,19.0,16.0,20.0,5.0
flare-F,nromm,23.0,11.0,2.0,7.0,19.0,11.0,10.0,13.0,2.0,19.0,14.0
flare-F,ocsv_us,28.0,27.0,29.0,29.0,15.0,29.0,29.0,27.0,29.0,18.0,20.0
flare-F,orem_m,16.0,19.0,21.0,15.0,14.0,25.0,17.0,16.0,23.0,14.0,11.0
flare-F,oremboost,5.0,2.0,5.0,6.0,20.0,10.0,7.0,10.0,1.0,15.0,21.0
flare-F,pt_bagging,21.0,15.0,8.0,23.0,25.0,20.0,24.0,24.0,12.0,27.0,1.0
flare-F,s_smote,13.0,14.0,24.0,10.0,4.0,7.0,8.0,8.0,14.0,5.0,19.0
flare-F,scut,14.0,26.0,14.0,25.0,22.0,26.0,26.0,26.0,24.0,25.0,27.0
flare-F,shsampler,10.0,7.0,15.0,4.0,7.0,6.0,4.0,3.0,7.0,7.0,7.0
flare-F,smom,15.0,18.0,6.0,18.0,23.0,18.0,20.0,21.0,10.0,23.0,18.0
flare-F,soup,12.0,10.0,16.0,3.0,6.0,5.0,2.0,2.0,6.0,6.0,22.0
glass,DBCF,10.0,14.0,13.0,13.0,25.0,16.0,15.0,16.0,13.0,18.0,27.0
glass,DEAHS,3.0,3.0,3.0,1.0,3.0,7.0,1.0,1.0,3.0,3.0,29.0
glass,DeepSMOTE,2.0,1.0,5.0,4.0,11.0,8.0,5.0,4.0,5.0,8.0,17.0
glass,SPE,22.0,23.0,28.0,27.0,21.0,21.0,28.0,28.0,27.0,23.0,26.0
glass,adaboost_ad,23.0,24.0,23.5,23.0,17.0,17.0,22.0,22.0,21.0,15.0,6.0
glass,amcs,25.0,28.0,26.0,29.0,29.0,29.0,27.0,27.0,29.0,29.0,5.0
glass,des_mi,19.0,20.0,18.0,11.0,9.0,4.0,17.0,17.0,14.0,5.0,10.0
glass,dpse,29.0,29.0,10.0,17.0,24.0,27.0,11.0,11.0,11.0,26.0,2.0
glass,drcw_aseg,18.0,10.0,12.0,19.0,27.0,23.0,12.0,12.0,18.0,24.0,14.0
glass,e_evrs,27.0,25.0,19.5,24.0,22.0,25.0,21.0,21.0,20.0,25.0,23.0
glass,easy_bpnn,26.0,26.0,27.0,26.0,10.0,22.0,26.0,26.0,26.0,21.0,25.0
glass,evinci,17.0,12.0,15.0,9.0,2.0,2.0,13.0,13.0,17.0,2.0,24.0
glass,glos,7.0,15.0,9.0,10.0,12.0,5.0,9.0,9.0,15.0,6.0,7.0
glass,mc_ccr,5.0,5.0,8.0,6.0,20.0,6.0,7.0,7.0,7.0,9.0,3.0
glass,mc_evhs,14.0,9.0,17.0,18.0,14.0,24.0,18.0,18.0,12.0,22.0,12.0
glass,mc_nro,24.0,21.0,16.0,14.0,16.0,13.0,16.0,14.0,10.0,14.0,19.0
glass,mc_rbo,6.0,2.0,1.5,2.0,8.0,9.0,3.0,3.0,2.0,7.0,21.0
glass,mdo,13.0,11.0,11.0,20.0,26.0,15.0,10.0,10.0,24.0,17.0,8.0
glass,multirandbal,8.0,4.0,14.0,8.0,4.0,10.0,14.0,15.0,8.0,10.0,11.0
glass,nromm,9.0,6.0,6.0,7.0,15.0,11.0,6.0,6.0,9.0,11.0,16.0
glass,ocsv_us,28.0,27.0,29.0,28.0,28.0,28.0,29.0,29.0,28.0,28.0,22.0
glass,orem_m,4.0,8.0,4.0,5.0,13.0,12.0,4.0,5.0,1.0,12.0,9.0
glass,oremboost,16.0,18.0,19.5,22.0,23.0,19.0,20.0,20.0,23.0,20.0,18.0
glass,pt_bagging,12.0,17.0,7.0,12.0,18.0,20.0,8.0,8.0,4.0,19.0,1.0
glass,s_smote,21.0,22.0,22.0,25.0,19.0,26.0,24.0,24.0,19.0,27.0,20.0
glass,scut,20.0,19.0,25.0,16.0,6.0,18.0,25.0,25.0,16.0,16.0,28.0
glass,shsampler,11.0,13.0,21.0,15.0,1.0,1.0,19.0,19.0,22.0,1.0,4.0
glass,smom,1.0,7.0,1.5,3.0,7.0,3.0,2.0,2.0,6.0,4.0,15.0
glass,soup,15.0,16.0,23.5,21.0,5.0,14.0,23.0,23.0,25.0,13.0,13.0
glass-0-1-2-3_vs_4-5-6,DBCF,9.0,5.0,6.5,5.0,2.0,3.0,5.0,5.0,15.0,2.0,27.0
glass-0-1-2-3_vs_4-5-6,DEAHS,10.0,11.0,4.5,3.0,1.0,1.0,3.0,3.0,14.0,1.0,29.0
glass-0-1-2-3_vs_4-5-6,DeepSMOTE,21.0,17.0,13.0,15.0,23.0,19.0,15.0,13.0,5.0,21.0,18.0
glass-0-1-2-3_vs_4-5-6,SPE,4.0,4.0,6.5,8.0,11.0,13.0,8.0,9.0,9.0,11.0,28.0
glass-0-1-2-3_vs_4-5-6,adaboost_ad,27.0,29.0,18.5,22.0,26.0,26.0,23.0,25.0,12.0,26.0,6.0
glass-0-1-2-3_vs_4-5-6,amcs,29.0,27.0,28.0,28.0,27.0,28.0,28.0,28.0,28.0,27.0,24.0
glass-0-1-2-3_vs_4-5-6,des_mi,16.0,25.0,11.5,10.0,8.0,8.0,10.0,8.0,13.0,8.0,4.0
glass-0-1-2-3_vs_4-5-6,dpse,28.0,26.0,23.0,24.0,18.0,22.0,24.0,26.0,24.0,19.0,1.0
glass-0-1-2-3_vs_4-5-6,drcw_aseg,13.0,9.0,2.0,2.0,14.0,11.0,2.0,2.0,1.0,14.0,3.0
glass-0-1-2-3_vs_4-5-6,e_evrs,26.0,28.0,22.0,21.0,19.0,18.0,21.0,21.0,18.0,18.0,17.0
glass-0-1-2-3_vs_4-5-6,easy_bpnn,17.0,14.0,24.5,25.0,15.0,15.0,25.0,23.0,25.0,15.0,21.0
glass-0-1-2-3_vs_4-5-6,evinci,23.0,24.0,18.5,17.0,17.0,16.0,17.0,19.0,22.0,17.0,26.0
glass-0-1-2-3_vs_4-5-6,glos,7.0,2.0,9.0,7.0,6.0,6.0,7.0,7.0,11.0,6.0,9.0
glass-0-1-2-3_vs_4-5-6,mc_ccr,15.0,10.0,18.5,20.0,22.0,23.0,20.0,24.0,17.0,23.0,7.0
glass-0-1-2-3_vs_4-5-6,mc_evhs,18.0,18.0,15.0,14.0,12.0,12.0,14.0,15.0,20.0,12.0,11.0
glass-0-1-2-3_vs_4-5-6,mc_nro,22.0,20.0,18.5,12.0,3.0,2.0,12.0,10.0,23.0,3.0,16.0
glass-0-1-2-3_vs_4-5-6,mc_rbo,14.0,12.0,18.5,19.0,21.0,25.0,19.0,22.0,16.0,23.0,23.0
glass-0-1-2-3_vs_4-5-6,mdo,3.0,3.0,18.5,16.0,16.0,17.0,16.0,17.0,19.0,16.0,10.0
glass-0-1-2-3_vs_4-5-6,multirandbal,20.0,19.0,9.0,9.0,13.0,14.0,9.0,11.0,10.0,13.0,5.0
glass-0-1-2-3_vs_4-5-6,nromm,1.0,1.0,3.0,4.0,10.0,10.0,4.0,4.0,3.0,10.0,13.0
glass-0-1-2-3_vs_4-5-6,ocsv_us,24.0,23.0,29.0,29.0,29.0,29.0,29.0,29.0,29.0,29.0,25.0
glass-0-1-2-3_vs_4-5-6,orem_m,6.0,15.0,1.0,1.0,4.0,4.0,1.0,1.0,4.0,4.0,12.0
glass-0-1-2-3_vs_4-5-6,oremboost,2.0,16.0,14.0,18.0,25.0,24.0,18.0,18.0,7.0,25.0,20.0
glass-0-1-2-3_vs_4-5-6,pt_bagging,11.0,8.0,9.0,11.0,24.0,20.0,11.0,12.0,2.0,23.0,2.0
glass-0-1-2-3_vs_4-5-6,s_smote,8.0,13.0,4.5,6.0,9.0,9.0,6.0,6.0,8.0,9.0,22.0
glass-0-1-2-3_vs_4-5-6,scut,12.0,7.0,26.0,27.0,28.0,27.0,27.0,27.0,21.0,28.0,19.0
glass-0-1-2-3_vs_4-5-6,shsampler,25.0,22.0,27.0,26.0,7.0,7.0,26.0,20.0,27.0,7.0,8.0
glass-0-1-2-3_vs_4-5-6,smom,5.0,6.0,11.5,13.0,20.0,21.0,13.0,14.0,6.0,20.0,15.0
glass-0-1-2-3_vs_4-5-6,soup,19.0,21.0,24.5,23.0,5.0,5.0,22.0,16.0,26.0,5.0,14.0
glass-0-1-4-6_vs_2,DBCF,8.0,4.0,19.5,20.0,18.0,29.0,23.0,24.0,23.0,20.0,27.0
glass-0-1-4-6_vs_2,DEAHS,14.0,18.0,26.0,22.0,1.0,1.0,11.0,4.0,15.0,1.0,29.0
glass-0-1-4-6_vs_2,DeepSMOTE,19.0,14.0,1.0,16.0,27.0,8.0,17.0,18.0,4.0,24.0,18.0
glass-0-1-4-6_vs_2,SPE,16.0,26.0,27.0,27.0,3.0,2.0,16.0,7.0,18.0,3.0,28.0
glass-0-1-4-6_vs_2,adaboost_ad,15.0,27.0,25.0,7.0,2.0,3.0,3.0,1.0,9.0,2.0,4.0
glass-0-1-4-6_vs_2,amcs,18.0,23.0,14.0,17.0,20.0,26.0,21.0,23.0,24.0,21.0,22.0
glass-0-1-4-6_vs_2,des_mi,22.0,17.0,22.0,12.0,12.0,24.0,13.0,16.0,17.0,11.0,10.0
glass-0-1-4-6_vs_2,dpse,20.0,12.0,7.5,2.0,11.0,7.0,2.0,3.0,3.0,9.0,1.0
glass-0-1-4-6_vs_2,drcw_aseg,26.0,16.0,10.0,26.0,29.0,21.0,29.0,29.0,29.0,29.0,3.0
glass-0-1-4-6_vs_2,e_evrs,29.0,29.0,9.0,13.0,19.0,17.0,14.0,19.0,12.0,18.0,16.0
glass-0-1-4-6_vs_2,easy_bpnn,25.0,19.0,28.0,28.0,4.0,20.0,22.0,14.0,22.0,6.0,19.0
glass-0-1-4-6_vs_2,evinci,17.0,22.0,7.5,21.0,26.0,14.0,24.0,25.0,28.0,26.0,26.0
glass-0-1-4-6_vs_2,glos,23.0,25.0,12.5,19.0,21.0,18.0,20.0,22.0,25.0,19.0,7.0
glass-0-1-4-6_vs_2,mc_ccr,5.0,2.0,5.5,6.0,16.0,12.0,7.0,9.0,2.0,16.0,6.0
glass-0-1-4-6_vs_2,mc_evhs,3.0,6.0,19.5,8.0,9.0,28.0,9.0,11.0,11.0,13.0,9.0
glass-0-1-4-6_vs_2,mc_nro,24.0,24.0,5.5,15.0,22.0,13.0,19.0,21.0,19.0,22.0,23.0
glass-0-1-4-6_vs_2,mc_rbo,9.0,7.0,11.0,14.0,17.0,19.0,15.0,17.0,6.0,17.0,25.0
glass-0-1-4-6_vs_2,mdo,7.0,11.0,2.5,18.0,25.0,9.0,18.0,20.0,13.0,23.0,12.0
glass-0-1-4-6_vs_2,multirandbal,4.0,5.0,18.0,5.0,10.0,16.0,6.0,10.0,8.0,10.0,11.0
glass-0-1-4-6_vs_2,nromm,12.0,15.0,12.5,23.0,24.0,22.0,25.0,26.0,27.0,25.0,15.0
glass-0-1-4-6_vs_2,ocsv_us,27.0,28.0,29.0,29.0,8.0,4.0,26.0,15.0,20.0,8.0,24.0
glass-0-1-4-6_vs_2,orem_m,1.0,3.0,15.5,10.0,15.0,15.0,12.0,13.0,14.0,14.0,8.0
glass-0-1-4-6_vs_2,oremboost,6.0,1.0,4.0,1.0,13.0,10.0,1.0,2.0,1.0,12.0,17.0
glass-0-1-4-6_vs_2,pt_bagging,28.0,20.0,2.5,25.0,28.0,11.0,28.0,27.0,21.0,28.0,2.0
glass-0-1-4-6_vs_2,s_smote,21.0,13.0,23.0,4.0,7.0,6.0,4.0,5.0,7.0,5.0,21.0
glass-0-1-4-6_vs_2,scut,11.0,21.0,24.0,11.0,5.0,5.0,8.0,8.0,16.0,4.0,20.0
glass-0-1-4-6_vs_2,shsampler,10.0,8.0,21.0,3.0,6.0,23.0,5.0,6.0,10.0,7.0,5.0
glass-0-1-4-6_vs_2,smom,2.0,10.0,17.0,24.0,23.0,27.0,27.0,28.0,26.0,27.0,14.0
glass-0-1-4-6_vs_2,soup,13.0,9.0,15.5,9.0,14.0,25.0,10.0,12.0,5.0,15.0,13.0
glass-0-1-5_vs_2,DBCF,12.0,12.0,17.5,18.0,19.0,22.0,20.0,23.0,24.0,21.0,28.0
glass-0-1-5_vs_2,DEAHS,2.0,7.0,26.0,21.0,1.0,4.0,15.0,5.0,13.0,2.0,29.0
glass-0-1-5_vs_2,DeepSMOTE,14.0,19.0,3.0,22.0,25.0,10.0,24.0,25.0,21.0,25.0,19.0
glass-0-1-5_vs_2,SPE,20.0,21.0,28.0,28.0,4.0,27.0,22.0,17.0,25.0,6.0,27.0
glass-0-1-5_vs_2,adaboost_ad,9.0,26.0,25.0,16.0,5.0,21.0,16.0,11.0,16.0,4.0,4.0
glass-0-1-5_vs_2,amcs,21.0,4.0,4.5,13.0,18.0,11.0,13.0,13.0,8.0,18.0,22.0
glass-0-1-5_vs_2,des_mi,5.0,1.0,6.0,1.0,2.0,1.0,1.0,1.0,1.0,1.0,9.0
glass-0-1-5_vs_2,dpse,15.0,25.0,14.0,7.0,11.0,12.0,7.0,6.0,4.0,11.0,1.0
glass-0-1-5_vs_2,drcw_aseg,22.0,20.0,11.5,24.0,27.0,18.0,26.0,27.0,23.0,27.5,3.0
glass-0-1-5_vs_2,e_evrs,29.0,29.0,21.0,26.0,29.0,28.0,29.0,29.0,29.0,29.0,16.0
glass-0-1-5_vs_2,easy_bpnn,28.0,27.0,27.0,27.0,6.0,29.0,23.0,22.0,26.0,16.0,18.0
glass-0-1-5_vs_2,evinci,16.0,11.0,13.0,25.0,28.0,17.0,28.0,28.0,28.0,27.5,26.0
glass-0-1-5_vs_2,glos,24.0,14.0,19.0,17.0,21.0,25.0,18.0,19.0,12.0,22.0,7.0
glass-0-1-5_vs_2,mc_ccr,10.0,5.0,1.0,4.0,16.0,6.0,4.0,3.0,2.0,14.0,8.0
glass-0-1-5_vs_2,mc_evhs,7.0,9.0,17.5,3.0,9.0,20.0,3.0,4.0,5.0,7.0,10.0
glass-0-1-5_vs_2,mc_nro,26.0,16.0,16.0,19.0,23.0,23.0,19.0,20.0,10.0,24.0,23.0
glass-0-1-5_vs_2,mc_rbo,17.0,17.0,2.0,14.0,20.0,2.0,14.0,16.0,19.0,15.0,24.0
glass-0-1-5_vs_2,mdo,18.0,24.0,8.0,20.0,24.0,8.0,21.0,24.0,27.0,23.0,12.0
glass-0-1-5_vs_2,multirandbal,4.0,6.0,20.0,9.0,10.0,24.0,11.0,14.0,11.0,12.0,5.0
glass-0-1-5_vs_2,nromm,19.0,13.0,4.5,6.0,15.0,5.0,5.0,8.0,9.0,10.0,15.0
glass-0-1-5_vs_2,ocsv_us,23.0,28.0,29.0,29.0,12.0,19.0,27.0,21.0,20.0,17.0,25.0
glass-0-1-5_vs_2,orem_m,1.0,2.0,9.0,5.0,14.0,9.0,6.0,7.0,7.0,13.0,11.0
glass-0-1-5_vs_2,oremboost,8.0,3.0,11.5,15.0,22.0,13.0,17.0,18.0,17.0,19.0,17.0
glass-0-1-5_vs_2,pt_bagging,25.0,22.0,7.0,23.0,26.0,14.0,25.0,26.0,22.0,26.0,2.0
glass-0-1-5_vs_2,s_smote,11.0,10.0,22.0,2.0,3.0,3.0,2.0,2.0,6.0,3.0,21.0
glass-0-1-5_vs_2,scut,6.0,8.0,23.0,8.0,7.0,16.0,9.0,9.0,15.0,5.0,20.0
glass-0-1-5_vs_2,shsampler,27.0,23.0,24.0,11.0,8.0,26.0,10.0,12.0,14.0,8.0,6.0
glass-0-1-5_vs_2,smom,3.0,15.0,15.0,12.0,13.0,7.0,12.0,15.0,18.0,9.0,14.0
glass-0-1-5_vs_2,soup,13.0,18.0,10.0,10.0,17.0,15.0,8.0,10.0,3.0,20.0,13.0
glass-0-1-6_vs_2,DBCF,7.0,14.0,10.5,4.0,12.0,14.0,6.0,11.0,12.0,10.0,27.0
glass-0-1-6_vs_2,DEAHS,10.0,9.0,26.0,25.0,3.0,12.0,16.0,7.0,21.0,3.0,29.0
glass-0-1-6_vs_2,DeepSMOTE,15.0,18.0,2.0,14.0,24.0,5.0,13.0,14.0,6.0,23.0,17.0
glass-0-1-6_vs_2,SPE,8.0,20.0,27.0,27.0,2.0,1.0,17.0,5.0,20.0,1.0,28.0
glass-0-1-6_vs_2,adaboost_ad,6.0,27.0,24.0,8.0,1.0,19.0,4.0,3.0,17.0,2.0,6.0
glass-0-1-6_vs_2,amcs,1.0,7.0,19.0,23.0,27.0,20.0,28.0,29.0,29.0,27.0,22.0
glass-0-1-6_vs_2,des_mi,3.0,3.0,18.0,3.0,8.0,8.0,2.0,4.0,14.0,5.0,9.0
glass-0-1-6_vs_2,dpse,26.0,26.0,21.0,20.0,15.0,25.0,24.0,25.0,26.0,19.0,1.0
glass-0-1-6_vs_2,drcw_aseg,27.0,23.0,8.0,9.0,21.0,11.0,8.0,9.0,4.0,20.0,3.0
glass-0-1-6_vs_2,e_evrs,24.0,28.0,13.5,21.0,23.0,13.0,23.0,24.0,25.0,21.5,16.0
glass-0-1-6_vs_2,easy_bpnn,17.0,13.0,28.0,28.0,4.0,27.0,25.0,21.0,27.0,6.0,19.0
glass-0-1-6_vs_2,evinci,21.0,25.0,12.0,17.0,19.0,18.0,20.0,22.0,19.0,21.5,26.0
glass-0-1-6_vs_2,glos,20.0,6.0,10.5,2.0,13.0,17.0,3.0,2.0,1.0,11.0,8.0
glass-0-1-6_vs_2,mc_ccr,9.0,4.0,9.0,19.0,26.0,15.0,21.0,19.0,8.0,26.0,7.0
glass-0-1-6_vs_2,mc_evhs,2.0,1.0,15.0,1.0,5.0,2.0,1.0,1.0,13.0,4.0,11.0
glass-0-1-6_vs_2,mc_nro,25.0,17.0,7.0,7.0,18.0,10.0,9.0,12.0,5.0,17.0,23.0
glass-0-1-6_vs_2,mc_rbo,22.0,19.0,13.5,10.0,16.0,16.0,12.0,13.0,9.0,15.0,24.0
glass-0-1-6_vs_2,mdo,19.0,21.0,1.0,26.0,29.0,3.0,27.0,28.0,22.0,29.0,12.0
glass-0-1-6_vs_2,multirandbal,5.0,8.0,20.0,13.0,11.0,21.0,14.0,17.0,16.0,9.0,4.0
glass-0-1-6_vs_2,nromm,14.0,16.0,3.0,24.0,28.0,4.0,26.0,27.0,23.0,28.0,15.0
glass-0-1-6_vs_2,ocsv_us,29.0,29.0,29.0,29.0,9.0,26.0,29.0,26.0,28.0,13.0,25.0
glass-0-1-6_vs_2,orem_m,18.0,22.0,17.0,16.0,22.0,23.0,19.0,20.0,11.0,24.0,10.0
glass-0-1-6_vs_2,oremboost,13.0,5.0,5.5,6.0,20.0,9.0,7.0,8.0,3.0,18.0,18.0
glass-0-1-6_vs_2,pt_bagging,28.0,24.0,5.5,18.0,25.0,7.0,18.0,16.0,7.0,25.0,2.0
glass-0-1-6_vs_2,s_smote,23.0,11.0,25.0,15.0,6.0,28.0,11.0,15.0,18.0,7.0,21.0
glass-0-1-6_vs_2,scut,11.0,10.0,23.0,22.0,10.0,29.0,22.0,23.0,24.0,16.0,20.0
glass-0-1-6_vs_2,shsampler,16.0,15.0,22.0,11.0,7.0,24.0,10.0,10.0,10.0,8.0,5.0
glass-0-1-6_vs_2,smom,12.0,12.0,16.0,12.0,14.0,22.0,15.0,18.0,15.0,12.0,14.0
glass-0-1-6_vs_2,soup,4.0,2.0,4.0,5.0,17.0,6.0,5.0,6.0,2.0,14.0,13.0
glass-0-1-6_vs_5,DBCF,17.0,3.0,10.0,13.0,21.0,20.0,13.0,14.0,14.0,21.0,27.0
glass-0-1-6_vs_5,DEAHS,8.0,6.0,28.0,26.0,8.0,10.0,26.0,26.0,26.0,8.0,29.0
glass-0-1-6_vs_5,DeepSMOTE,4.0,6.0,10.0,10.0,20.0,21.0,10.0,11.0,10.0,21.0,17.0
glass-0-1-6_vs_5,SPE,24.5,13.0,26.0,27.0,5.0,7.0,27.0,27.0,27.0,5.5,28.0
glass-0-1-6_vs_5,adaboost_ad,19.0,27.0,25.0,24.0,7.0,4.0,19.0,18.0,21.0,5.5,4.0
glass-0-1-6_vs_5,amcs,28.0,24.0,21.0,23.0,29.0,29.0,24.0,25.0,22.0,29.0,24.0
glass-0-1-6_vs_5,des_mi,23.0,22.0,14.5,12.0,14.0,6.0,12.0,12.0,19.0,12.0,9.0
glass-0-1-6_vs_5,dpse,8.0,17.0,5.0,3.0,10.0,9.0,3.0,2.0,2.0,9.5,1.0
glass-0-1-6_vs_5,drcw_aseg,24.5,25.0,14.5,20.5,27.5,27.5,21.5,22.5,17.5,27.5,3.0
glass-0-1-6_vs_5,e_evrs,27.0,29.0,23.0,22.0,1.0,1.0,23.0,20.0,24.0,1.0,16.0
glass-0-1-6_vs_5,easy_bpnn,19.0,19.0,27.0,28.0,6.0,8.0,28.0,28.0,28.0,7.0,18.0
glass-0-1-6_vs_5,evinci,11.0,6.0,10.0,16.0,24.0,19.0,14.0,13.0,11.0,21.0,26.0
glass-0-1-6_vs_5,glos,15.5,17.0,18.0,11.0,11.0,13.0,11.0,10.0,13.0,12.0,7.0
glass-0-1-6_vs_5,mc_ccr,8.0,9.0,5.0,7.0,17.0,16.0,7.0,7.0,7.0,17.0,6.0
glass-0-1-6_vs_5,mc_evhs,13.5,15.0,24.0,25.0,2.0,3.0,25.0,24.0,25.0,3.0,11.0
glass-0-1-6_vs_5,mc_nro,19.0,21.0,19.5,18.0,26.0,24.0,18.0,21.0,20.0,25.5,19.0
glass-0-1-6_vs_5,mc_rbo,1.0,1.0,5.0,7.0,17.0,16.0,7.0,7.0,7.0,17.0,23.0
glass-0-1-6_vs_5,mdo,2.0,2.0,14.5,17.0,25.0,22.0,17.0,15.0,12.0,23.5,12.0
glass-0-1-6_vs_5,multirandbal,15.5,17.0,19.5,15.0,23.0,25.0,16.0,17.0,16.0,25.5,8.0
glass-0-1-6_vs_5,nromm,4.0,6.0,5.0,7.0,17.0,16.0,7.0,7.0,7.0,17.0,14.0
glass-0-1-6_vs_5,ocsv_us,29.0,26.0,29.0,29.0,13.0,26.0,29.0,29.0,29.0,14.0,25.0
glass-0-1-6_vs_5,orem_m,8.0,11.5,5.0,7.0,17.0,16.0,7.0,7.0,7.0,17.0,10.0
glass-0-1-6_vs_5,oremboost,21.0,23.0,14.5,14.0,22.0,23.0,15.0,16.0,15.0,23.5,22.0
glass-0-1-6_vs_5,pt_bagging,26.0,28.0,14.5,20.5,27.5,27.5,21.5,22.5,17.5,27.5,2.0
glass-0-1-6_vs_5,s_smote,22.0,14.0,1.0,1.0,3.0,2.0,1.0,1.0,1.0,2.0,21.0
glass-0-1-6_vs_5,scut,12.0,10.0,5.0,2.0,9.0,11.0,2.0,3.0,3.0,9.5,20.0
glass-0-1-6_vs_5,shsampler,13.5,20.0,22.0,19.0,4.0,5.0,20.0,19.0,23.0,4.0,5.0
glass-0-1-6_vs_5,smom,8.0,11.5,5.0,7.0,17.0,16.0,7.0,7.0,7.0,17.0,15.0
glass-0-1-6_vs_5,soup,4.0,6.0,14.5,4.0,12.0,12.0,4.0,4.0,4.0,12.0,13.0
glass-0-4_vs_5,DBCF,10.5,10.5,18.0,17.0,17.0,16.0,17.0,17.0,17.0,16.5,27.0
glass-0-4_vs_5,DEAHS,10.5,10.5,23.0,24.0,22.0,22.0,24.0,24.0,23.5,22.0,29.0
glass-0-4_vs_5,DeepSMOTE,10.5,10.5,4.0,4.0,4.0,4.0,4.0,4.0,4.0,4.0,18.0
glass-0-4_vs_5,SPE,10.5,10.5,23.0,24.0,22.0,22.0,24.0,24.0,23.5,22.0,28.0
glass-0-4_vs_5,adaboost_ad,28.0,28.5,26.0,21.0,25.0,25.0,21.0,21.0,23.5,25.0,4.0
glass-0-4_vs_5,amcs,29.0,27.0,28.0,29.0,29.0,29.0,29.0,29.0,28.0,29.0,24.0
glass-0-4_vs_5,des_mi,10.5,10.5,18.0,17.0,17.0,16.0,17.0,17.0,17.0,16.5,8.0
glass-0-4_vs_5,dpse,22.5,24.5,11.5,11.5,10.5,10.5,11.5,11.5,12.0,10.5,1.0
glass-0-4_vs_5,drcw_aseg,22.5,24.5,11.5,11.5,10.5,10.5,11.5,11.5,12.0,10.5,3.0
glass-0-4_vs_5,e_evrs,27.0,28.5,23.0,24.0,22.0,22.0,24.0,24.0,23.5,22.0,16.0
glass-0-4_vs_5,easy_bpnn,25.5,21.5,29.0,28.0,27.0,28.0,28.0,28.0,29.0,27.0,21.0
glass-0-4_vs_5,evinci,10.5,10.5,18.0,17.0,17.0,16.0,17.0,17.0,17.0,16.5,26.0
glass-0-4_vs_5,glos,10.5,10.5,4.0,4.0,4.0,4.0,4.0,4.0,4.0,4.0,10.0
glass-0-4_vs_5,mc_ccr,10.5,10.5,4.0,4.0,4.0,4.0,4.0,4.0,4.0,4.0,5.0
glass-0-4_vs_5,mc_evhs,10.5,10.5,23.0,24.0,22.0,22.0,24.0,24.0,23.5,22.0,11.0
glass-0-4_vs_5,mc_nro,10.5,10.5,8.0,8.0,10.5,10.5,8.0,8.0,9.0,10.5,17.0
glass-0-4_vs_5,mc_rbo,10.5,10.5,18.0,17.0,17.0,16.0,17.0,17.0,17.0,16.5,22.0
glass-0-4_vs_5,mdo,10.5,10.5,18.0,17.0,17.0,16.0,17.0,17.0,17.0,16.5,12.0
glass-0-4_vs_5,multirandbal,10.5,10.5,11.5,11.5,10.5,10.5,11.5,11.5,12.0,10.5,6.0
glass-0-4_vs_5,nromm,10.5,10.5,4.0,4.0,4.0,4.0,4.0,4.0,4.0,4.0,14.0
glass-0-4_vs_5,ocsv_us,10.5,10.5,23.0,24.0,22.0,22.0,24.0,24.0,23.5,22.0,25.0
glass-0-4_vs_5,orem_m,10.5,10.5,4.0,4.0,4.0,4.0,4.0,4.0,4.0,4.0,9.0
glass-0-4_vs_5,oremboost,22.5,24.5,11.5,11.5,10.5,10.5,11.5,11.5,12.0,10.5,19.0
glass-0-4_vs_5,pt_bagging,22.5,24.5,11.5,11.5,10.5,10.5,11.5,11.5,12.0,10.5,2.0
glass-0-4_vs_5,s_smote,25.5,21.5,11.5,11.5,28.0,27.0,11.5,11.5,8.0,28.0,23.0
glass-0-4_vs_5,scut,10.5,10.5,15.0,20.0,14.0,19.0,20.0,20.0,20.0,16.5,20.0
glass-0-4_vs_5,shsampler,10.5,10.5,27.0,27.0,26.0,26.0,27.0,27.0,27.0,26.0,7.0
glass-0-4_vs_5,smom,10.5,10.5,4.0,4.0,4.0,4.0,4.0,4.0,4.0,4.0,15.0
glass-0-4_vs_5,soup,10.5,10.5,4.0,4.0,4.0,4.0,4.0,4.0,4.0,4.0,13.0
glass-0-6_vs_5,DBCF,17.0,15.0,17.5,19.0,24.0,23.0,19.0,19.0,13.0,23.0,26.0
glass-0-6_vs_5,DEAHS,25.0,18.0,26.0,27.0,23.0,26.0,26.0,26.0,26.0,25.0,29.0
glass-0-6_vs_5,DeepSMOTE,7.0,7.0,11.5,10.5,16.0,15.0,10.5,9.5,5.0,15.5,18.0
glass-0-6_vs_5,SPE,27.0,24.0,29.0,29.0,26.0,27.0,29.0,29.0,29.0,26.0,27.0
glass-0-6_vs_5,adaboost_ad,24.0,27.0,23.0,21.0,11.0,11.0,21.0,21.0,23.0,11.0,4.0
glass-0-6_vs_5,amcs,28.0,28.0,22.0,26.0,29.0,29.0,27.0,28.0,25.0,29.0,23.0
glass-0-6_vs_5,des_mi,7.0,7.0,21.0,23.0,27.0,25.0,23.0,23.0,22.0,27.0,7.0
glass-0-6_vs_5,dpse,17.0,20.5,15.5,15.5,16.0,15.0,15.5,15.5,11.0,15.5,1.0
glass-0-6_vs_5,drcw_aseg,7.0,7.0,5.5,5.5,3.5,3.5,5.5,5.5,6.5,3.5,3.0
glass-0-6_vs_5,e_evrs,29.0,29.0,24.0,24.0,28.0,28.0,24.0,24.0,21.0,28.0,16.0
glass-0-6_vs_5,easy_bpnn,26.0,26.0,27.0,25.0,20.0,20.0,25.0,25.0,27.0,20.0,19.0
glass-0-6_vs_5,evinci,21.5,23.0,20.0,20.0,25.0,24.0,20.0,20.0,19.0,24.0,25.0
glass-0-6_vs_5,glos,7.0,7.0,17.5,17.0,10.0,10.0,17.0,17.0,20.0,10.0,10.0
glass-0-6_vs_5,mc_ccr,7.0,7.0,3.0,2.5,3.5,3.5,2.5,2.5,3.5,3.5,6.0
glass-0-6_vs_5,mc_evhs,21.5,20.5,25.0,22.0,22.0,21.0,22.0,22.0,24.0,22.0,12.0
glass-0-6_vs_5,mc_nro,20.0,17.0,7.5,7.0,7.5,7.5,7.0,7.0,14.0,7.5,17.0
glass-0-6_vs_5,mc_rbo,7.0,7.0,11.5,10.5,7.5,7.5,10.5,9.5,16.0,7.5,21.0
glass-0-6_vs_5,mdo,7.0,7.0,3.0,4.0,12.0,12.0,4.0,4.0,2.0,12.0,11.0
glass-0-6_vs_5,multirandbal,17.0,20.5,15.5,15.5,16.0,15.0,15.5,15.5,11.0,15.5,8.0
glass-0-6_vs_5,nromm,7.0,7.0,11.5,10.5,7.5,7.5,10.5,9.5,16.0,7.5,14.0
glass-0-6_vs_5,ocsv_us,23.0,25.0,28.0,28.0,21.0,22.0,28.0,27.0,28.0,21.0,24.0
glass-0-6_vs_5,orem_m,7.0,7.0,3.0,2.5,3.5,3.5,2.5,2.5,3.5,3.5,9.0
glass-0-6_vs_5,oremboost,17.0,20.5,5.5,5.5,3.5,3.5,5.5,5.5,6.5,3.5,20.0
glass-0-6_vs_5,pt_bagging,7.0,7.0,11.5,13.5,16.0,15.0,13.5,13.5,8.5,15.5,2.0
glass-0-6_vs_5,s_smote,7.0,7.0,1.0,1.0,1.0,1.0,1.0,1.0,1.0,1.0,22.0
glass-0-6_vs_5,scut,7.0,7.0,19.0,18.0,19.0,19.0,18.0,18.0,18.0,19.0,28.0
glass-0-6_vs_5,shsampler,17.0,15.0,7.5,8.0,13.0,18.0,8.0,12.0,11.0,15.5,5.0
glass-0-6_vs_5,smom,7.0,7.0,11.5,10.5,7.5,7.5,10.5,9.5,16.0,7.5,15.0
glass-0-6_vs_5,soup,14.0,15.0,11.5,13.5,16.0,15.0,13.5,13.5,8.5,15.5,13.0
glass0,DBCF,13.0,14.0,18.0,16.0,16.0,15.0,16.0,16.0,18.0,15.0,27.0
glass0,DEAHS,3.0,3.0,8.0,6.0,3.0,3.0,5.0,3.0,7.0,3.0,29.0
glass0,DeepSMOTE,11.0,16.0,12.0,13.0,17.0,17.0,13.0,13.0,13.0,17.0,17.0
glass0,SPE,1.0,1.0,6.0,3.0,4.0,4.0,4.0,4.0,6.0,4.0,26.0
glass0,adaboost_ad,24.0,25.0,16.0,17.0,20.0,19.0,17.0,18.0,16.0,19.0,9.0
glass0,amcs,25.0,24.0,26.0,27.0,28.0,29.0,27.0,28.0,27.0,29.0,23.0
glass0,des_mi,22.0,22.0,24.0,24.0,22.0,25.0,24.0,24.0,24.0,23.0,4.0
glass0,dpse,23.0,23.0,19.0,21.0,25.0,22.0,20.0,21.0,19.0,25.0,1.0
glass0,drcw_aseg,14.0,8.0,3.0,5.0,10.0,9.0,6.0,6.0,3.0,10.0,3.0
glass0,e_evrs,28.0,28.0,15.0,18.0,21.0,20.0,19.0,19.0,14.0,21.0,16.0
glass0,easy_bpnn,26.0,27.0,28.0,28.0,27.0,28.0,28.0,27.0,29.0,27.0,20.0
glass0,evinci,17.0,17.0,13.0,12.0,9.0,7.0,12.0,11.0,12.0,7.0,25.0
glass0,glos,5.0,6.0,11.0,9.0,6.0,6.0,9.0,7.0,10.0,6.0,8.0
glass0,mc_ccr,7.0,4.0,2.0,2.0,2.0,1.0,2.0,1.0,1.0,2.0,6.0
glass0,mc_evhs,2.0,5.0,4.5,4.0,5.0,5.0,3.0,5.0,5.0,5.0,11.0
glass0,mc_nro,19.0,20.0,23.0,22.0,18.0,18.0,22.0,20.0,22.0,18.0,18.0
glass0,mc_rbo,6.0,2.0,1.0,1.0,1.0,2.0,1.0,2.0,2.0,1.0,22.0
glass0,mdo,4.0,10.0,9.0,10.0,8.0,8.0,10.0,10.0,9.0,8.0,10.0
glass0,multirandbal,20.0,15.0,21.0,20.0,19.0,23.0,21.0,22.0,23.0,20.0,5.0
glass0,nromm,8.0,7.0,7.0,7.0,7.0,10.0,7.0,8.0,8.0,9.0,12.0
glass0,ocsv_us,29.0,29.0,29.0,29.0,29.0,27.0,29.0,29.0,28.0,28.0,24.0
glass0,orem_m,9.0,11.0,14.0,14.0,15.0,16.0,15.0,15.0,17.0,16.0,13.0
glass0,oremboost,12.0,12.0,17.0,15.0,13.0,13.0,14.0,14.0,15.0,13.0,19.0
glass0,pt_bagging,16.0,9.0,4.5,8.0,12.0,11.0,8.0,9.0,4.0,12.0,2.0
glass0,s_smote,27.0,26.0,22.0,23.0,26.0,21.0,23.0,23.0,21.0,24.0,21.0
glass0,scut,21.0,21.0,27.0,26.0,24.0,26.0,26.0,26.0,26.0,26.0,28.0
glass0,shsampler,15.0,18.0,25.0,25.0,23.0,24.0,25.0,25.0,25.0,22.0,7.0
glass0,smom,10.0,13.0,10.0,11.0,11.0,12.0,11.0,12.0,11.0,11.0,15.0
glass0,soup,18.0,19.0,20.0,19.0,14.0,14.0,18.0,17.0,20.0,14.0,14.0
glass1,DBCF,9.0,11.0,11.5,9.0,3.0,8.0,9.0,9.0,15.0,5.0,27.0
glass1,DEAHS,8.0,6.0,20.0,18.0,16.0,21.0,19.0,21.0,21.0,19.0,29.0
glass1,DeepSMOTE,10.0,13.0,7.0,12.0,18.0,6.0,12.0,8.0,7.0,14.0,17.0
glass1,SPE,4.0,1.0,10.0,10.0,8.0,12.0,10.0,12.0,14.0,10.0,26.0
glass1,adaboost_ad,23.0,25.0,17.0,22.0,24.0,17.0,22.0,19.0,9.0,23.0,11.0
glass1,amcs,27.0,26.0,27.0,27.0,29.0,28.0,27.0,28.0,28.0,28.0,23.0
glass1,des_mi,20.0,21.0,23.0,21.0,15.0,18.0,21.0,22.0,23.0,16.0,4.0
glass1,dpse,24.0,24.0,11.5,15.0,19.0,15.0,15.0,15.0,16.0,18.0,1.0
glass1,drcw_aseg,14.0,10.0,6.0,8.0,13.0,9.0,7.0,6.0,6.0,12.0,3.0
glass1,e_evrs,26.0,27.0,25.0,25.0,25.0,25.0,25.0,25.0,24.0,25.0,18.0
glass1,easy_bpnn,29.0,29.0,28.0,28.0,27.0,29.0,29.0,29.0,29.0,29.0,20.0
glass1,evinci,22.0,22.0,21.0,23.0,23.0,23.0,23.0,23.0,20.0,24.0,25.0
glass1,glos,1.0,5.0,3.0,2.0,1.0,1.0,2.0,2.0,4.0,1.0,7.0
glass1,mc_ccr,6.0,3.0,1.0,1.0,2.0,2.0,1.0,1.0,1.0,2.0,5.0
glass1,mc_evhs,19.0,16.0,15.0,13.0,6.0,13.0,13.0,13.0,17.0,8.0,10.0
glass1,mc_nro,3.0,12.0,19.0,16.0,12.0,14.0,16.0,16.0,18.0,13.0,15.0
glass1,mc_rbo,15.0,14.0,13.5,14.0,20.0,19.0,14.0,14.0,11.0,20.0,21.0
glass1,mdo,7.0,8.0,4.5,5.0,10.0,5.0,5.0,5.0,3.0,6.0,9.0
glass1,multirandbal,16.0,17.0,8.0,6.0,11.0,7.0,6.0,7.0,8.0,11.0,6.0
glass1,nromm,13.0,7.0,18.0,17.0,17.0,20.0,17.0,17.0,19.0,17.0,12.0
glass1,ocsv_us,28.0,28.0,29.0,29.0,28.0,27.0,28.0,27.0,27.0,27.0,24.0
glass1,orem_m,5.0,2.0,4.5,4.0,5.0,4.0,4.0,4.0,5.0,4.0,13.0
glass1,oremboost,21.0,20.0,9.0,7.0,9.0,10.0,8.0,10.0,10.0,9.0,19.0
glass1,pt_bagging,17.0,19.0,16.0,19.0,22.0,22.0,18.0,18.0,12.0,22.0,2.0
glass1,s_smote,25.0,23.0,26.0,26.0,26.0,26.0,26.0,26.0,26.0,26.0,22.0
glass1,scut,12.0,9.0,22.0,20.0,14.0,16.0,20.0,20.0,22.0,15.0,28.0
glass1,shsampler,11.0,18.0,13.5,11.0,7.0,11.0,11.0,11.0,13.0,7.0,8.0
glass1,smom,2.0,4.0,2.0,3.0,4.0,3.0,3.0,3.0,2.0,3.0,14.0
glass1,soup,18.0,15.0,24.0,24.0,21.0,24.0,24.0,24.0,25.0,21.0,16.0
glass2,DBCF,10.0,14.0,18.0,13.0,15.0,25.0,15.0,18.0,16.0,17.0,27.0
glass2,DEAHS,13.0,6.0,26.0,20.0,1.0,1.0,14.0,4.0,18.0,1.0,29.0
glass2,DeepSMOTE,20.0,20.0,5.5,25.0,27.0,15.0,27.0,27.0,27.0,27.0,17.0
glass2,SPE,15.0,23.0,27.0,23.0,2.0,4.0,17.0,10.0,20.0,2.0,26.0
glass2,adaboost_ad,19.0,27.0,24.0,12.0,3.0,22.0,7.0,6.0,17.0,3.5,9.0
glass2,amcs,26.0,25.0,19.0,21.0,25.0,27.0,25.0,26.0,25.0,25.0,21.0
glass2,des_mi,25.0,22.0,21.0,9.0,12.0,26.0,10.0,12.0,12.0,13.0,12.0
glass2,dpse,28.0,18.0,14.0,6.0,13.0,18.0,9.0,11.0,10.0,14.0,1.0
glass2,drcw_aseg,16.0,11.0,7.0,17.0,24.0,16.0,20.0,21.0,6.0,23.5,3.0
glass2,e_evrs,29.0,26.0,8.0,22.0,26.0,19.0,26.0,25.0,23.0,26.0,16.0
glass2,easy_bpnn,24.0,24.0,28.0,28.0,4.0,12.0,23.0,17.0,24.0,6.0,18.0
glass2,evinci,12.0,8.0,1.0,5.0,18.0,7.0,5.0,7.0,2.0,18.0,24.0
glass2,glos,6.0,1.0,3.0,1.0,8.0,8.0,1.0,1.0,1.0,8.0,7.0
glass2,mc_ccr,11.0,3.0,5.5,16.0,23.0,17.0,21.0,22.0,7.0,23.5,6.0
glass2,mc_evhs,3.0,9.0,15.0,4.0,11.0,13.0,4.0,5.0,8.0,10.0,11.0
glass2,mc_nro,27.0,28.0,20.0,27.0,29.0,28.0,29.0,29.0,29.0,29.0,23.0
glass2,mc_rbo,5.0,17.0,11.5,19.0,21.0,21.0,22.0,24.0,19.0,21.0,25.0
glass2,mdo,14.0,21.0,11.5,26.0,28.0,23.0,28.0,28.0,28.0,28.0,10.0
glass2,multirandbal,2.0,4.0,17.0,2.0,5.0,2.0,2.0,2.0,3.0,3.5,5.0
glass2,nromm,8.0,15.0,4.0,14.0,20.0,10.0,16.0,19.0,14.0,20.0,14.0
glass2,ocsv_us,22.0,29.0,29.0,29.0,7.0,3.0,24.0,16.0,21.0,7.0,22.0
glass2,orem_m,1.0,2.0,10.0,3.0,9.0,14.0,3.0,3.0,4.0,9.0,8.0
glass2,oremboost,18.0,16.0,9.0,7.0,17.0,9.0,8.0,9.0,9.0,12.0,19.0
glass2,pt_bagging,17.0,12.0,2.0,15.0,22.0,11.0,19.0,20.0,5.0,22.0,2.0
glass2,s_smote,23.0,5.0,25.0,24.0,16.0,5.0,13.0,13.0,26.0,11.0,20.0
glass2,scut,4.0,7.0,22.0,8.0,6.0,6.0,6.0,8.0,15.0,5.0,28.0
glass2,shsampler,21.0,19.0,23.0,18.0,10.0,29.0,18.0,23.0,22.0,16.0,4.0
glass2,smom,7.0,10.0,16.0,11.0,14.0,24.0,11.0,14.0,13.0,15.0,15.0
glass2,soup,9.0,13.0,13.0,10.0,19.0,20.0,12.0,15.0,11.0,19.0,13.0
glass4,DBCF,7.0,7.0,4.5,3.0,2.0,1.0,3.0,3.0,5.0,1.5,26.0
glass4,DEAHS,19.0,19.0,21.5,17.0,5.0,8.0,17.0,16.0,21.0,6.0,29.0
glass4,DeepSMOTE,9.0,16.0,6.0,4.0,1.0,2.0,4.0,4.0,6.0,1.5,14.0
glass4,SPE,14.0,13.0,20.0,15.0,4.0,5.0,15.0,12.0,18.0,4.0,27.0
glass4,adaboost_ad,27.0,27.0,28.0,28.0,17.0,25.0,27.0,27.0,28.0,19.0,4.0
glass4,amcs,26.0,24.0,12.0,22.0,28.0,23.0,22.0,24.0,17.0,27.0,23.0
glass4,des_mi,12.0,18.0,18.0,11.0,12.0,12.0,11.0,10.0,12.0,11.0,7.0
glass4,dpse,25.0,20.0,2.5,5.0,14.0,15.0,5.0,6.0,3.0,14.0,1.0
glass4,drcw_aseg,21.0,14.0,17.0,20.0,24.0,27.0,21.0,22.0,16.0,26.0,3.0
glass4,e_evrs,28.0,29.0,26.0,25.0,19.0,24.0,25.0,26.0,24.0,21.0,17.0
glass4,easy_bpnn,22.0,26.0,24.0,23.0,10.0,13.0,23.0,21.0,25.0,10.0,18.0
glass4,evinci,13.0,15.0,14.0,10.0,18.0,22.0,10.0,11.0,8.0,20.0,25.0
glass4,glos,11.0,11.0,15.0,8.0,3.0,3.0,8.0,8.0,9.0,3.0,9.0
glass4,mc_ccr,6.0,9.0,9.5,12.0,23.0,17.0,12.0,13.0,13.0,22.0,6.0
glass4,mc_evhs,20.0,21.0,27.0,26.0,15.0,21.0,26.0,25.0,27.0,16.0,11.0
glass4,mc_nro,16.0,22.0,19.0,16.0,13.0,16.0,16.0,17.0,20.0,13.0,19.0
glass4,mc_rbo,4.0,5.5,9.5,14.0,26.0,19.0,14.0,15.0,11.0,24.0,22.0
glass4,mdo,10.0,12.0,13.0,18.0,25.0,18.0,18.0,18.0,19.0,23.0,12.0
glass4,multirandbal,24.0,8.0,11.0,13.0,21.0,11.0,13.0,14.0,15.0,17.0,8.0
glass4,nromm,5.0,2.5,1.0,1.0,6.0,4.0,1.0,1.0,1.0,5.0,16.0
glass4,ocsv_us,29.0,28.0,29.0,29.0,29.0,29.0,29.0,29.0,29.0,29.0,24.0
glass4,orem_m,1.0,1.0,8.0,7.0,9.0,9.0,7.0,7.0,7.0,9.0,10.0
glass4,oremboost,8.0,10.0,2.5,2.0,8.0,6.0,2.0,2.0,2.0,7.5,20.0
glass4,pt_bagging,23.0,17.0,16.0,19.0,22.0,26.0,19.0,20.0,14.0,25.0,2.0
glass4,s_smote,15.0,4.0,23.0,27.0,27.0,28.0,28.0,28.0,23.0,28.0,21.0
glass4,scut,2.5,5.5,7.0,9.0,20.0,10.0,9.0,9.0,10.0,15.0,28.0
glass4,shsampler,18.0,25.0,25.0,24.0,11.0,14.0,24.0,23.0,26.0,12.0,5.0
glass4,smom,2.5,2.5,4.5,6.0,7.0,7.0,6.0,5.0,4.0,7.5,15.0
glass4,soup,17.0,23.0,21.5,21.0,16.0,20.0,20.0,19.0,22.0,18.0,13.0
glass5,DBCF,20.0,10.5,10.5,14.0,23.0,21.0,14.0,14.0,10.0,22.5,26.0
glass5,DEAHS,12.0,10.5,29.0,27.0,12.0,17.0,27.0,27.0,27.0,12.0,29.0
glass5,DeepSMOTE,3.0,3.5,10.5,14.0,23.0,21.0,14.0,14.0,10.0,22.5,16.0
glass5,SPE,24.0,21.0,26.0,25.0,9.0,14.0,25.0,24.0,25.0,9.0,27.0
glass5,adaboost_ad,23.0,27.0,23.0,21.0,3.0,3.0,21.0,20.0,21.0,3.0,4.0
glass5,amcs,29.0,28.0,21.0,29.0,29.0,29.0,29.0,29.0,29.0,29.0,22.0
glass5,des_mi,25.0,24.0,19.5,17.0,14.0,25.0,17.0,11.0,13.0,19.0,7.0
glass5,dpse,6.5,10.5,1.5,1.5,1.5,1.5,1.5,1.5,1.5,1.5,1.0
glass5,drcw_aseg,12.0,16.0,5.0,6.0,16.0,8.0,6.0,6.0,6.0,14.0,3.0
glass5,e_evrs,28.0,29.0,25.0,23.0,5.0,6.0,23.0,22.0,23.0,6.0,17.0
glass5,easy_bpnn,27.0,26.0,28.0,28.0,10.0,16.0,28.0,28.0,28.0,10.5,18.0
glass5,evinci,22.0,23.0,19.5,22.0,27.0,28.0,22.0,23.0,19.0,28.0,25.0
glass5,glos,12.0,16.0,5.0,6.0,16.0,8.0,6.0,6.0,6.0,14.0,8.0
glass5,mc_ccr,6.5,3.5,5.0,6.0,16.0,8.0,6.0,6.0,6.0,14.0,6.0
glass5,mc_evhs,14.5,10.5,24.0,19.0,4.0,4.0,19.0,18.0,20.0,4.0,11.0
glass5,mc_nro,20.0,22.0,17.5,24.0,28.0,26.0,24.0,26.0,24.0,27.0,19.0
glass5,mc_rbo,3.0,3.5,1.5,1.5,1.5,1.5,1.5,1.5,1.5,1.5,23.0
glass5,mdo,17.0,18.5,15.5,18.0,26.0,27.0,18.0,19.0,16.0,26.0,12.0
glass5,multirandbal,6.5,10.5,10.5,8.0,19.0,10.0,8.0,8.0,14.0,16.5,9.0
glass5,nromm,1.0,1.0,10.5,14.0,23.0,21.0,14.0,14.0,10.0,22.5,15.0
glass5,ocsv_us,26.0,25.0,27.0,26.0,11.0,15.0,26.0,25.0,26.0,10.5,24.0
glass5,orem_m,3.0,3.5,10.5,14.0,23.0,21.0,14.0,14.0,10.0,22.5,10.0
glass5,oremboost,6.5,10.5,10.5,9.0,18.0,11.0,9.0,10.0,17.0,16.5,21.0
glass5,pt_bagging,9.5,6.0,10.5,11.0,20.0,24.0,11.0,17.0,15.0,22.5,2.0
glass5,s_smote,20.0,10.5,17.5,10.0,7.0,12.0,10.0,9.0,18.0,7.0,20.0
glass5,scut,14.5,16.0,15.5,4.0,13.0,18.0,4.0,4.0,4.0,18.0,28.0
glass5,shsampler,17.0,18.5,22.0,20.0,8.0,13.0,20.0,21.0,22.0,8.0,5.0
glass5,smom,9.5,10.5,10.5,14.0,23.0,21.0,14.0,14.0,10.0,22.5,14.0
glass5,soup,17.0,20.0,3.0,3.0,6.0,5.0,3.0,3.0,3.0,5.0,13.0
glass6,DBCF,5.5,12.0,2.5,2.0,2.0,3.0,2.0,2.0,5.0,2.5,26.0
glass6,DEAHS,5.5,2.0,11.0,11.0,1.0,1.0,11.0,9.0,11.0,1.0,29.0
glass6,DeepSMOTE,11.5,6.0,8.0,8.0,16.0,16.0,8.0,8.0,6.0,16.5,16.0
glass6,SPE,3.0,1.0,9.5,9.0,11.0,10.0,9.0,11.0,10.0,10.0,27.0
glass6,adaboost_ad,29.0,28.0,16.5,16.0,13.0,14.0,16.0,16.0,20.0,13.0,7.0
glass6,amcs,22.0,26.0,23.0,25.0,28.0,28.0,25.0,25.0,13.0,28.0,22.0
glass6,des_mi,21.0,23.0,19.0,18.0,15.0,17.0,18.0,17.0,21.0,15.0,9.0
glass6,dpse,27.0,27.0,25.5,27.0,27.0,27.0,27.0,27.0,23.0,27.0,1.0
glass6,drcw_aseg,25.0,22.0,19.0,20.0,25.0,26.0,20.0,23.0,19.0,25.5,3.0
glass6,e_evrs,28.0,29.0,25.5,24.0,18.0,18.0,24.0,24.0,24.0,18.0,18.0
glass6,easy_bpnn,17.0,19.0,24.0,22.0,12.0,13.0,22.0,20.0,26.0,12.0,19.0
glass6,evinci,19.0,17.0,19.0,21.0,26.0,25.0,21.0,21.0,18.0,25.5,25.0
glass6,glos,13.0,5.0,15.0,13.0,5.0,8.0,13.0,13.0,17.0,5.0,8.0
glass6,mc_ccr,8.0,14.0,2.5,3.5,6.5,5.5,3.5,3.5,1.5,6.5,6.0
glass6,mc_evhs,4.0,9.0,27.0,26.0,20.0,20.0,26.0,26.0,27.0,20.0,11.0
glass6,mc_nro,9.5,13.0,12.0,12.0,4.0,4.0,12.0,12.0,15.0,4.0,17.0
glass6,mc_rbo,11.5,7.0,2.5,3.5,6.5,5.5,3.5,3.5,1.5,6.5,24.0
glass6,mdo,2.0,10.0,13.5,14.0,19.0,19.0,14.0,14.0,14.0,19.0,10.0
glass6,multirandbal,20.0,21.0,21.5,23.0,21.0,21.0,23.0,22.0,22.0,21.0,4.0
glass6,nromm,9.5,8.0,6.0,6.0,9.0,7.0,6.0,6.0,7.0,8.5,13.0
glass6,ocsv_us,23.0,24.0,29.0,29.0,29.0,29.0,29.0,29.0,28.0,29.0,23.0
glass6,orem_m,14.0,15.0,9.5,10.0,17.0,15.0,10.0,10.0,9.0,16.5,12.0
glass6,oremboost,1.0,3.0,6.0,7.0,14.0,12.0,7.0,7.0,3.0,14.0,20.0
glass6,pt_bagging,24.0,20.0,16.5,17.0,23.0,23.0,17.0,18.0,16.0,23.0,2.0
glass6,s_smote,26.0,25.0,28.0,28.0,24.0,24.0,28.0,28.0,29.0,24.0,21.0
glass6,scut,18.0,18.0,13.5,15.0,22.0,22.0,15.0,15.0,12.0,22.0,28.0
glass6,shsampler,15.5,16.0,21.5,19.0,10.0,11.0,19.0,19.0,25.0,11.0,5.0
glass6,smom,15.5,11.0,2.5,1.0,3.0,2.0,1.0,1.0,4.0,2.5,15.0
glass6,soup,7.0,4.0,6.0,5.0,8.0,9.0,5.0,5.0,8.0,8.5,14.0
haberman,DBCF,2.0,2.0,2.0,2.0,6.0,4.0,2.0,3.0,2.0,5.0,28.0
haberman,DEAHS,11.0,11.0,24.5,12.0,7.0,15.0,10.0,10.0,12.0,8.0,29.0
haberman,DeepSMOTE,5.0,6.0,4.5,11.0,21.0,10.0,12.0,12.0,10.0,16.0,17.0
haberman,SPE,6.0,10.0,21.0,4.0,2.0,3.0,3.0,2.0,3.0,2.0,27.0
haberman,adaboost_ad,12.0,19.0,3.0,10.0,18.0,9.0,11.0,11.0,11.0,14.0,7.0
haberman,amcs,28.0,22.0,1.0,28.0,29.0,1.0,24.0,23.0,24.0,26.0,25.0
haberman,des_mi,18.0,20.0,26.0,20.0,12.0,26.0,22.0,22.0,22.0,19.0,4.0
haberman,dpse,27.0,28.0,20.0,23.0,25.0,24.0,25.0,26.0,25.0,25.0,1.0
haberman,drcw_aseg,19.0,17.0,23.0,29.0,27.0,27.0,29.0,29.0,29.0,29.0,3.0
haberman,e_evrs,26.0,29.0,10.0,17.0,23.0,16.0,18.0,19.0,17.0,21.0,18.0
haberman,easy_bpnn,7.0,3.0,4.5,3.0,8.0,5.0,4.0,7.0,4.0,7.0,20.0
haberman,evinci,20.0,9.0,6.0,8.0,10.0,11.0,8.0,8.0,8.0,10.0,24.0
haberman,glos,22.0,27.0,24.5,26.0,26.0,28.0,27.0,27.0,27.0,27.0,9.0
haberman,mc_ccr,9.0,14.0,8.0,9.0,9.0,12.0,9.0,9.0,9.0,9.0,8.0
haberman,mc_evhs,3.0,5.0,22.0,7.0,3.0,7.0,6.0,5.0,6.0,3.0,11.0
haberman,mc_nro,4.0,4.0,15.0,5.0,5.0,8.0,7.0,6.0,7.0,6.0,16.0
haberman,mc_rbo,21.0,13.0,9.0,14.0,16.0,14.0,15.0,15.0,13.0,15.0,26.0
haberman,mdo,10.0,8.0,12.0,15.0,13.0,17.0,14.0,14.0,14.0,12.0,10.0
haberman,multirandbal,16.0,25.0,16.0,13.0,11.0,20.0,13.0,13.0,16.0,11.0,5.0
haberman,nromm,14.0,12.0,18.0,19.0,19.0,23.0,20.0,21.0,21.0,20.0,13.0
haberman,ocsv_us,25.0,26.0,28.0,22.0,15.0,25.0,21.0,18.0,20.0,18.0,23.0
haberman,orem_m,15.0,21.0,13.0,18.0,20.0,21.0,19.0,20.0,19.0,22.0,12.0
haberman,oremboost,24.0,23.0,14.0,21.0,24.0,22.0,23.0,24.0,23.0,24.0,19.0
haberman,pt_bagging,17.0,15.0,17.0,27.0,28.0,19.0,28.0,28.0,28.0,28.0,2.0
haberman,s_smote,23.0,7.0,27.0,24.0,22.0,13.0,17.0,17.0,18.0,17.0,22.0
haberman,scut,29.0,24.0,29.0,25.0,17.0,29.0,26.0,25.0,26.0,23.0,21.0
haberman,shsampler,8.0,18.0,19.0,6.0,4.0,6.0,5.0,4.0,5.0,4.0,6.0
haberman,smom,13.0,16.0,11.0,16.0,14.0,18.0,16.0,16.0,15.0,13.0,14.0
haberman,soup,1.0,1.0,7.0,1.0,1.0,2.0,1.0,1.0,1.0,1.0,15.0
hayes-roth,DEAHS,20.0,20.0,10.0,9.0,9.0,12.0,12.0,13.0,10.0,12.0,28.0
hayes-roth,DeepSMOTE,18.0,14.0,24.0,25.0,23.0,22.0,24.0,24.0,25.0,23.0,18.0
hayes-roth,SPE,14.0,15.0,7.0,7.0,7.0,5.0,7.0,6.0,4.0,5.5,27.0
hayes-roth,adaboost_ad,10.0,13.0,10.0,19.0,16.0,18.0,9.0,10.0,18.0,18.0,4.0
hayes-roth,amcs,3.0,3.0,3.0,6.0,4.0,3.0,3.0,3.0,6.0,4.0,26.0
hayes-roth,des_mi,15.0,17.0,19.5,20.0,20.0,19.0,19.0,19.0,19.0,19.5,10.0
hayes-roth,dpse,28.0,28.0,23.0,23.0,24.0,25.0,23.0,23.0,21.0,25.0,1.0
hayes-roth,drcw_aseg,2.0,2.0,12.5,10.0,10.0,11.0,13.0,12.0,12.0,10.5,8.0
hayes-roth,e_evrs,23.0,24.0,7.0,8.0,8.0,6.0,5.0,5.0,5.0,7.5,20.0
hayes-roth,easy_bpnn,27.0,27.0,28.0,28.0,28.0,28.0,28.0,28.0,28.0,28.0,22.0
hayes-roth,evinci,11.0,10.0,14.5,17.0,19.0,13.0,15.0,14.0,13.0,13.5,25.0
hayes-roth,glos,5.0,5.0,10.0,11.0,11.0,10.0,10.0,11.0,9.0,10.5,5.0
hayes-roth,mc_ccr,16.0,18.0,4.0,3.0,3.0,4.0,4.0,4.0,3.0,3.0,9.0
hayes-roth,mc_evhs,19.0,19.0,17.0,16.0,17.0,14.0,18.0,15.0,14.0,17.0,14.0
hayes-roth,mc_nro,26.0,26.0,27.0,27.0,27.0,26.0,27.0,26.0,26.0,26.0,16.0
hayes-roth,mc_rbo,4.0,6.0,5.0,5.0,6.0,7.0,6.0,7.0,8.0,5.5,17.0
hayes-roth,mdo,6.0,4.0,2.0,2.0,2.0,2.0,2.0,2.0,2.0,2.0,6.0
hayes-roth,multirandbal,12.0,12.0,12.5,12.0,12.0,9.0,11.0,9.0,7.0,9.0,3.0
hayes-roth,nromm,13.0,11.0,19.5,18.0,18.0,20.0,20.0,20.0,20.0,19.5,11.0
hayes-roth,ocsv_us,24.0,23.0,21.0,22.0,22.0,23.0,22.0,22.0,22.0,22.0,24.0
hayes-roth,orem_m,8.0,8.0,17.0,15.0,14.0,16.0,16.5,17.0,16.0,15.5,12.0
hayes-roth,oremboost,1.0,1.0,1.0,1.0,1.0,1.0,1.0,1.0,1.0,1.0,19.0
hayes-roth,pt_bagging,7.0,9.0,14.5,13.0,13.0,17.0,14.0,18.0,17.0,13.5,2.0
hayes-roth,s_smote,25.0,25.0,26.0,26.0,26.0,27.0,26.0,27.0,27.0,27.0,21.0
hayes-roth,scut,22.0,22.0,22.0,21.0,21.0,21.0,21.0,21.0,23.0,21.0,23.0
hayes-roth,shsampler,17.0,16.0,7.0,4.0,5.0,8.0,8.0,8.0,11.0,7.5,7.0
hayes-roth,smom,9.0,7.0,17.0,14.0,15.0,15.0,16.5,16.0,15.0,15.5,13.0
hayes-roth,soup,21.0,21.0,25.0,24.0,25.0,24.0,25.0,25.0,24.0,24.0,15.0
iris0,DEAHS,14.0,14.0,13.5,13.5,13.5,13.5,13.5,13.5,13.5,13.5,28.0
iris0,DeepSMOTE,14.0,14.0,13.5,13.5,13.5,13.5,13.5,13.5,13.5,13.5,18.0
iris0,SPE,14.0,14.0,13.5,13.5,13.5,13.5,13.5,13.5,13.5,13.5,27.0
iris0,adaboost_ad,14.0,14.0,13.5,13.5,13.5,13.5,13.5,13.5,13.5,13.5,6.0
iris0,amcs,28.0,28.0,28.0,28.0,28.0,28.0,28.0,28.0,28.0,28.0,22.0
iris0,des_mi,14.0,14.0,13.5,13.5,13.5,13.5,13.5,13.5,13.5,13.5,5.0
iris0,dpse,14.0,14.0,13.5,13.5,13.5,13.5,13.5,13.5,13.5,13.5,1.0
iris0,drcw_aseg,14.0,14.0,13.5,13.5,13.5,13.5,13.5,13.5,13.5,13.5,3.0
iris0,e_evrs,14.0,14.0,13.5,13.5,13.5,13.5,13.5,13.5,13.5,13.5,17.0
iris0,easy_bpnn,14.0,14.0,13.5,13.5,13.5,13.5,13.5,13.5,13.5,13.5,19.0
iris0,evinci,14.0,14.0,13.5,13.5,13.5,13.5,13.5,13.5,13.5,13.5,25.0
iris0,glos,14.0,14.0,13.5,13.5,13.5,13.5,13.5,13.5,13.5,13.5,9.0
iris0,mc_ccr,14.0,14.0,13.5,13.5,13.5,13.5,13.5,13.5,13.5,13.5,7.0
iris0,mc_evhs,14.0,14.0,13.5,13.5,13.5,13.5,13.5,13.5,13.5,13.5,11.0
iris0,mc_nro,14.0,14.0,13.5,13.5,13.5,13.5,13.5,13.5,13.5,13.5,15.0
iris0,mc_rbo,14.0,14.0,13.5,13.5,13.5,13.5,13.5,13.5,13.5,13.5,26.0
iris0,mdo,14.0,14.0,13.5,13.5,13.5,13.5,13.5,13.5,13.5,13.5,10.0
iris0,multirandbal,14.0,14.0,13.5,13.5,13.5,13.5,13.5,13.5,13.5,13.5,4.0
iris0,nromm,14.0,14.0,13.5,13.5,13.5,13.5,13.5,13.5,13.5,13.5,12.0
iris0,ocsv_us,14.0,14.0,27.0,27.0,27.0,27.0,27.0,27.0,27.0,27.0,24.0
iris0,orem_m,14.0,14.0,13.5,13.5,13.5,13.5,13.5,13.5,13.5,13.5,16.0
iris0,oremboost,14.0,14.0,13.5,13.5,13.5,13.5,13.5,13.5,13.5,13.5,21.0
iris0,pt_bagging,14.0,14.0,13.5,13.5,13.5,13.5,13.5,13.5,13.5,13.5,2.0
iris0,s_smote,14.0,14.0,13.5,13.5,13.5,13.5,13.5,13.5,13.5,13.5,20.0
iris0,scut,14.0,14.0,13.5,13.5,13.5,13.5,13.5,13.5,13.5,13.5,23.0
iris0,shsampler,14.0,14.0,13.5,13.5,13.5,13.5,13.5,13.5,13.5,13.5,8.0
iris0,smom,14.0,14.0,13.5,13.5,13.5,13.5,13.5,13.5,13.5,13.5,14.0
iris0,soup,14.0,14.0,13.5,13.5,13.5,13.5,13.5,13.5,13.5,13.5,13.0
kddcup-buffer_overflow_vs_back,DBCF,13.0,13.0,11.5,11.5,11.5,11.5,11.5,11.5,11.5,11.5,22.0
kddcup-buffer_overflow_vs_back,DEAHS,13.0,13.0,29.0,29.0,26.0,26.0,29.0,29.0,29.0,26.0,28.0
kddcup-buffer_overflow_vs_back,DeepSMOTE,13.0,13.0,11.5,11.5,11.5,11.5,11.5,11.5,11.5,11.5,16.0
kddcup-buffer_overflow_vs_back,SPE,13.0,13.0,11.5,11.5,11.5,11.5,11.5,11.5,11.5,11.5,21.0
kddcup-buffer_overflow_vs_back,adaboost_ad,13.0,13.0,11.5,11.5,11.5,11.5,11.5,11.5,11.5,11.5,11.0
kddcup-buffer_overflow_vs_back,amcs,13.0,13.0,11.5,11.5,11.5,11.5,11.5,11.5,11.5,11.5,4.0
kddcup-buffer_overflow_vs_back,des_mi,13.0,13.0,11.5,11.5,11.5,11.5,11.5,11.5,11.5,11.5,8.0
kddcup-buffer_overflow_vs_back,dpse,13.0,13.0,11.5,11.5,11.5,11.5,11.5,11.5,11.5,11.5,3.0
kddcup-buffer_overflow_vs_back,drcw_aseg,13.0,13.0,11.5,11.5,11.5,11.5,11.5,11.5,11.5,11.5,2.0
kddcup-buffer_overflow_vs_back,e_evrs,29.0,29.0,27.0,27.0,24.0,24.0,27.0,27.0,27.0,24.0,18.0
kddcup-buffer_overflow_vs_back,easy_bpnn,27.5,27.0,26.0,26.0,28.0,28.0,26.0,26.0,25.0,28.0,14.0
kddcup-buffer_overflow_vs_back,evinci,13.0,13.0,11.5,11.5,11.5,11.5,11.5,11.5,11.5,11.5,23.0
kddcup-buffer_overflow_vs_back,glos,13.0,13.0,11.5,11.5,11.5,11.5,11.5,11.5,11.5,11.5,9.0
kddcup-buffer_overflow_vs_back,mc_ccr,13.0,13.0,11.5,11.5,11.5,11.5,11.5,11.5,11.5,11.5,5.0
kddcup-buffer_overflow_vs_back,mc_evhs,13.0,13.0,28.0,28.0,25.0,25.0,28.0,28.0,28.0,25.0,13.0
kddcup-buffer_overflow_vs_back,mc_nro,13.0,13.0,11.5,11.5,11.5,11.5,11.5,11.5,11.5,11.5,24.0
kddcup-buffer_overflow_vs_back,mc_rbo,13.0,13.0,11.5,11.5,11.5,11.5,11.5,11.5,11.5,11.5,26.0
kddcup-buffer_overflow_vs_back,mdo,13.0,13.0,11.5,11.5,11.5,11.5,11.5,11.5,11.5,11.5,12.0
kddcup-buffer_overflow_vs_back,multirandbal,13.0,13.0,11.5,11.5,11.5,11.5,11.5,11.5,11.5,11.5,7.0
kddcup-buffer_overflow_vs_back,nromm,13.0,13.0,11.5,11.5,11.5,11.5,11.5,11.5,11.5,11.5,19.0
kddcup-buffer_overflow_vs_back,ocsv_us,26.0,26.0,25.0,25.0,23.0,23.0,25.0,25.0,26.0,23.0,17.0
kddcup-buffer_overflow_vs_back,orem_m,13.0,13.0,23.0,23.0,27.0,27.0,23.0,23.0,23.0,27.0,10.0
kddcup-buffer_overflow_vs_back,oremboost,13.0,13.0,11.5,11.5,11.5,11.5,11.5,11.5,11.5,11.5,29.0
kddcup-buffer_overflow_vs_back,pt_bagging,13.0,13.0,11.5,11.5,11.5,11.5,11.5,11.5,11.5,11.5,1.0
kddcup-buffer_overflow_vs_back,s_smote,27.5,28.0,24.0,24.0,29.0,29.0,24.0,24.0,24.0,29.0,15.0
kddcup-buffer_overflow_vs_back,scut,13.0,13.0,11.5,11.5,11.5,11.5,11.5,11.5,11.5,11.5,27.0
kddcup-buffer_overflow_vs_back,shsampler,13.0,13.0,11.5,11.5,11.5,11.5,11.5,11.5,11.5,11.5,6.0
kddcup-buffer_overflow_vs_back,smom,13.0,13.0,11.5,11.5,11.5,11.5,11.5,11.5,11.5,11.5,20.0
kddcup-buffer_overflow_vs_back,soup,13.0,13.0,11.5,11.5,11.5,11.5,11.5,11.5,11.5,11.5,25.0
kddcup-guess_passwd_vs_satan,DBCF,13.0,13.0,10.5,10.5,10.5,10.5,10.5,10.5,10.5,10.5,23.0
kddcup-guess_passwd_vs_satan,DEAHS,13.0,13.0,10.5,10.5,10.5,10.5,10.5,10.5,10.5,10.5,27.0
kddcup-guess_passwd_vs_satan,DeepSMOTE,13.0,13.0,10.5,10.5,10.5,10.5,10.5,10.5,10.5,10.5,15.0
kddcup-guess_passwd_vs_satan,SPE,13.0,13.0,10.5,10.5,10.5,10.5,10.5,10.5,10.5,10.5,25.0
kddcup-guess_passwd_vs_satan,adaboost_ad,27.0,27.0,21.5,22.0,21.0,21.0,22.0,22.0,23.0,21.0,10.0
kddcup-guess_passwd_vs_satan,amcs,29.0,29.0,28.0,29.0,29.0,29.0,29.0,29.0,29.0,29.0,4.0
kddcup-guess_passwd_vs_satan,des_mi,13.0,13.0,10.5,10.5,10.5,10.5,10.5,10.5,10.5,10.5,5.0
kddcup-guess_passwd_vs_satan,dpse,13.0,13.0,10.5,10.5,10.5,10.5,10.5,10.5,10.5,10.5,3.0
kddcup-guess_passwd_vs_satan,drcw_aseg,13.0,13.0,10.5,10.5,10.5,10.5,10.5,10.5,10.5,10.5,2.0
kddcup-guess_passwd_vs_satan,e_evrs,28.0,28.0,27.0,27.0,26.0,26.0,27.0,27.0,27.0,26.0,16.0
kddcup-guess_passwd_vs_satan,easy_bpnn,26.0,26.0,24.0,24.0,25.0,25.0,24.0,24.0,25.0,25.0,14.0
kddcup-guess_passwd_vs_satan,evinci,13.0,13.0,10.5,10.5,10.5,10.5,10.5,10.5,10.5,10.5,24.0
kddcup-guess_passwd_vs_satan,glos,13.0,13.0,10.5,10.5,10.5,10.5,10.5,10.5,10.5,10.5,9.0
kddcup-guess_passwd_vs_satan,mc_ccr,13.0,13.0,10.5,10.5,10.5,10.5,10.5,10.5,10.5,10.5,7.0
kddcup-guess_passwd_vs_satan,mc_evhs,13.0,13.0,29.0,28.0,27.0,27.0,28.0,28.0,28.0,27.0,11.0
kddcup-guess_passwd_vs_satan,mc_nro,13.0,13.0,23.0,23.0,24.0,24.0,23.0,23.0,24.0,24.0,21.0
kddcup-guess_passwd_vs_satan,mc_rbo,13.0,13.0,10.5,10.5,10.5,10.5,10.5,10.5,10.5,10.5,29.0
kddcup-guess_passwd_vs_satan,mdo,13.0,13.0,10.5,10.5,10.5,10.5,10.5,10.5,10.5,10.5,13.0
kddcup-guess_passwd_vs_satan,multirandbal,13.0,13.0,10.5,10.5,10.5,10.5,10.5,10.5,10.5,10.5,6.0
kddcup-guess_passwd_vs_satan,nromm,13.0,13.0,10.5,10.5,10.5,10.5,10.5,10.5,10.5,10.5,18.0
kddcup-guess_passwd_vs_satan,ocsv_us,13.0,13.0,26.0,26.0,23.0,23.0,26.0,26.0,26.0,23.0,19.0
kddcup-guess_passwd_vs_satan,orem_m,13.0,13.0,10.5,10.5,10.5,10.5,10.5,10.5,10.5,10.5,12.0
kddcup-guess_passwd_vs_satan,oremboost,13.0,13.0,10.5,10.5,10.5,10.5,10.5,10.5,10.5,10.5,28.0
kddcup-guess_passwd_vs_satan,pt_bagging,13.0,13.0,10.5,10.5,10.5,10.5,10.5,10.5,10.5,10.5,1.0
kddcup-guess_passwd_vs_satan,s_smote,13.0,13.0,25.0,25.0,28.0,28.0,25.0,25.0,21.0,28.0,17.0
kddcup-guess_passwd_vs_satan,scut,13.0,13.0,10.5,10.5,10.5,10.5,10.5,10.5,10.5,10.5,26.0
kddcup-guess_passwd_vs_satan,shsampler,13.0,13.0,21.5,21.0,22.0,22.0,21.0,21.0,22.0,22.0,8.0
kddcup-guess_passwd_vs_satan,smom,13.0,13.0,10.5,10.5,10.5,10.5,10.5,10.5,10.5,10.5,20.0
kddcup-guess_passwd_vs_satan,soup,13.0,13.0,10.5,10.5,10.5,10.5,10.5,10.5,10.5,10.5,22.0
kddcup-land_vs_portsweep,DBCF,12.5,12.5,20.0,21.0,26.0,26.0,21.0,21.0,19.0,26.0,23.0
kddcup-land_vs_portsweep,DEAHS,12.5,12.5,26.5,27.0,23.0,24.0,27.0,27.0,27.0,23.5,29.0
kddcup-land_vs_portsweep,DeepSMOTE,25.5,25.5,22.0,22.0,27.0,27.0,23.0,23.0,23.0,27.0,15.0
kddcup-land_vs_portsweep,SPE,25.5,25.5,20.0,19.5,19.5,19.5,19.5,19.5,20.5,19.5,25.0
kddcup-land_vs_portsweep,adaboost_ad,29.0,29.0,29.0,29.0,29.0,29.0,29.0,29.0,29.0,29.0,7.0
kddcup-land_vs_portsweep,amcs,27.0,27.0,23.0,24.0,28.0,28.0,24.0,24.0,22.0,28.0,3.0
kddcup-land_vs_portsweep,des_mi,12.5,12.5,9.5,9.5,9.5,9.5,9.5,9.5,9.5,9.5,5.0
kddcup-land_vs_portsweep,dpse,12.5,12.5,9.5,9.5,9.5,9.5,9.5,9.5,9.5,9.5,4.0
kddcup-land_vs_portsweep,drcw_aseg,12.5,12.5,9.5,9.5,9.5,9.5,9.5,9.5,9.5,9.5,2.0
kddcup-land_vs_portsweep,e_evrs,28.0,28.0,25.0,25.0,22.0,22.0,25.0,25.0,25.0,22.0,16.0
kddcup-land_vs_portsweep,easy_bpnn,12.5,12.5,26.5,26.0,24.0,23.0,26.0,26.0,26.0,23.5,14.0
kddcup-land_vs_portsweep,evinci,12.5,12.5,9.5,9.5,9.5,9.5,9.5,9.5,9.5,9.5,24.0
kddcup-land_vs_portsweep,glos,12.5,12.5,9.5,9.5,9.5,9.5,9.5,9.5,9.5,9.5,9.0
kddcup-land_vs_portsweep,mc_ccr,12.5,12.5,9.5,9.5,9.5,9.5,9.5,9.5,9.5,9.5,8.0
kddcup-land_vs_portsweep,mc_evhs,12.5,12.5,28.0,28.0,25.0,25.0,28.0,28.0,28.0,25.0,13.0
kddcup-land_vs_portsweep,mc_nro,12.5,12.5,9.5,9.5,9.5,9.5,9.5,9.5,9.5,9.5,22.0
kddcup-land_vs_portsweep,mc_rbo,12.5,12.5,9.5,9.5,9.5,9.5,9.5,9.5,9.5,9.5,26.0
kddcup-land_vs_portsweep,mdo,12.5,12.5,9.5,9.5,9.5,9.5,9.5,9.5,9.5,9.5,12.0
kddcup-land_vs_portsweep,multirandbal,12.5,12.5,9.5,9.5,9.5,9.5,9.5,9.5,9.5,9.5,6.0
kddcup-land_vs_portsweep,nromm,12.5,12.5,9.5,9.5,9.5,9.5,9.5,9.5,9.5,9.5,18.0
kddcup-land_vs_portsweep,ocsv_us,12.5,12.5,24.0,23.0,21.0,21.0,22.0,22.0,24.0,21.0,19.0
kddcup-land_vs_portsweep,orem_m,12.5,12.5,9.5,9.5,9.5,9.5,9.5,9.5,9.5,9.5,11.0
kddcup-land_vs_portsweep,oremboost,12.5,12.5,9.5,9.5,9.5,9.5,9.5,9.5,9.5,9.5,28.0
kddcup-land_vs_portsweep,pt_bagging,12.5,12.5,9.5,9.5,9.5,9.5,9.5,9.5,9.5,9.5,1.0
kddcup-land_vs_portsweep,s_smote,12.5,12.5,9.5,9.5,9.5,9.5,9.5,9.5,9.5,9.5,17.0
kddcup-land_vs_portsweep,scut,12.5,12.5,20.0,19.5,19.5,19.5,19.5,19.5,20.5,19.5,27.0
kddcup-land_vs_portsweep,shsampler,12.5,12.5,9.5,9.5,9.5,9.5,9.5,9.5,9.5,9.5,10.0
kddcup-land_vs_portsweep,smom,12.5,12.5,9.5,9.5,9.5,9.5,9.5,9.5,9.5,9.5,21.0
kddcup-land_vs_portsweep,soup,12.5,12.5,9.5,9.5,9.5,9.5,9.5,9.5,9.5,9.5,20.0
kddcup-land_vs_satan,DBCF,13.0,13.0,21.0,21.0,22.0,22.0,21.0,21.0,21.0,22.0,22.0
kddcup-land_vs_satan,DEAHS,13.0,13.0,21.0,21.0,22.0,22.0,21.0,21.0,21.0,22.0,28.0
kddcup-land_vs_satan,DeepSMOTE,13.0,13.0,21.0,21.0,22.0,22.0,21.0,21.0,21.0,22.0,18.0
kddcup-land_vs_satan,SPE,13.0,13.0,8.5,8.5,8.5,8.5,8.5,8.5,8.5,8.5,25.0
kddcup-land_vs_satan,adaboost_ad,29.0,29.0,29.0,29.0,29.0,29.0,29.0,29.0,29.0,29.0,10.0
kddcup-land_vs_satan,amcs,28.0,28.0,27.0,27.0,28.0,28.0,27.0,27.0,27.0,28.0,3.0
kddcup-land_vs_satan,des_mi,13.0,13.0,8.5,8.5,8.5,8.5,8.5,8.5,8.5,8.5,5.0
kddcup-land_vs_satan,dpse,13.0,13.0,8.5,8.5,8.5,8.5,8.5,8.5,8.5,8.5,4.0
kddcup-land_vs_satan,drcw_aseg,13.0,13.0,8.5,8.5,8.5,8.5,8.5,8.5,8.5,8.5,2.0
kddcup-land_vs_satan,e_evrs,27.0,27.0,26.0,26.0,17.0,17.0,26.0,26.0,26.0,17.0,16.0
kddcup-land_vs_satan,easy_bpnn,13.0,13.0,8.5,8.5,8.5,8.5,8.5,8.5,8.5,8.5,14.0
kddcup-land_vs_satan,evinci,13.0,13.0,21.0,21.0,22.0,22.0,21.0,21.0,21.0,22.0,24.0
kddcup-land_vs_satan,glos,13.0,13.0,21.0,21.0,22.0,22.0,21.0,21.0,21.0,22.0,7.0
kddcup-land_vs_satan,mc_ccr,13.0,13.0,21.0,21.0,22.0,22.0,21.0,21.0,21.0,22.0,6.0
kddcup-land_vs_satan,mc_evhs,13.0,13.0,28.0,28.0,27.0,27.0,28.0,28.0,28.0,27.0,13.0
kddcup-land_vs_satan,mc_nro,13.0,13.0,8.5,8.5,8.5,8.5,8.5,8.5,8.5,8.5,21.0
kddcup-land_vs_satan,mc_rbo,13.0,13.0,21.0,21.0,22.0,22.0,21.0,21.0,21.0,22.0,27.0
kddcup-land_vs_satan,mdo,13.0,13.0,8.5,8.5,8.5,8.5,8.5,8.5,8.5,8.5,12.0
kddcup-land_vs_satan,multirandbal,13.0,13.0,8.5,8.5,8.5,8.5,8.5,8.5,8.5,8.5,9.0
kddcup-land_vs_satan,nromm,13.0,13.0,8.5,8.5,8.5,8.5,8.5,8.5,8.5,8.5,17.0
kddcup-land_vs_satan,ocsv_us,26.0,26.0,21.0,21.0,22.0,22.0,21.0,21.0,21.0,22.0,19.0
kddcup-land_vs_satan,orem_m,13.0,13.0,8.5,8.5,8.5,8.5,8.5,8.5,8.5,8.5,11.0
kddcup-land_vs_satan,oremboost,13.0,13.0,8.5,8.5,8.5,8.5,8.5,8.5,8.5,8.5,29.0
kddcup-land_vs_satan,pt_bagging,13.0,13.0,21.0,21.0,22.0,22.0,21.0,21.0,21.0,22.0,1.0
kddcup-land_vs_satan,s_smote,13.0,13.0,8.5,8.5,8.5,8.5,8.5,8.5,8.5,8.5,15.0
kddcup-land_vs_satan,scut,13.0,13.0,8.5,8.5,8.5,8.5,8.5,8.5,8.5,8.5,26.0
kddcup-land_vs_satan,shsampler,13.0,13.0,8.5,8.5,8.5,8.5,8.5,8.5,8.5,8.5,8.0
kddcup-land_vs_satan,smom,13.0,13.0,8.5,8.5,8.5,8.5,8.5,8.5,8.5,8.5,20.0
kddcup-land_vs_satan,soup,13.0,13.0,8.5,8.5,8.5,8.5,8.5,8.5,8.5,8.5,23.0
kddcup-rootkit-imap_vs_back,DBCF,12.0,12.0,16.5,16.5,18.0,18.0,16.5,16.5,16.0,18.0,22.0
kddcup-rootkit-imap_vs_back,DEAHS,12.0,12.0,26.5,25.0,12.0,12.0,25.0,25.0,27.0,12.0,28.0
kddcup-rootkit-imap_vs_back,DeepSMOTE,12.0,12.0,16.5,16.5,18.0,18.0,16.5,16.5,16.0,18.0,17.0
kddcup-rootkit-imap_vs_back,SPE,12.0,12.0,16.5,16.5,18.0,18.0,16.5,16.5,16.0,18.0,23.0
kddcup-rootkit-imap_vs_back,adaboost_ad,29.0,29.0,29.0,29.0,29.0,29.0,29.0,29.0,29.0,29.0,11.0
kddcup-rootkit-imap_vs_back,amcs,24.0,24.0,16.5,16.5,11.0,11.0,16.5,16.5,24.0,11.0,4.0
kddcup-rootkit-imap_vs_back,des_mi,12.0,12.0,5.5,5.5,5.5,5.5,5.5,5.5,5.5,5.5,6.0
kddcup-rootkit-imap_vs_back,dpse,12.0,12.0,5.5,5.5,5.5,5.5,5.5,5.5,5.5,5.5,3.0
kddcup-rootkit-imap_vs_back,drcw_aseg,12.0,12.0,5.5,5.5,5.5,5.5,5.5,5.5,5.5,5.5,2.0
kddcup-rootkit-imap_vs_back,e_evrs,27.0,28.0,28.0,28.0,26.0,26.0,28.0,28.0,28.0,26.0,16.0
kddcup-rootkit-imap_vs_back,easy_bpnn,28.0,26.0,23.0,23.0,27.0,27.0,23.0,23.0,22.0,27.0,14.0
kddcup-rootkit-imap_vs_back,evinci,12.0,12.0,5.5,5.5,5.5,5.5,5.5,5.5,5.5,5.5,20.0
kddcup-rootkit-imap_vs_back,glos,12.0,12.0,5.5,5.5,5.5,5.5,5.5,5.5,5.5,5.5,10.0
kddcup-rootkit-imap_vs_back,mc_ccr,12.0,12.0,16.5,16.5,18.0,18.0,16.5,16.5,16.0,18.0,7.0
kddcup-rootkit-imap_vs_back,mc_evhs,26.0,27.0,26.5,26.0,25.0,25.0,26.0,27.0,26.0,25.0,12.0
kddcup-rootkit-imap_vs_back,mc_nro,12.0,12.0,16.5,16.5,18.0,18.0,16.5,16.5,16.0,18.0,24.0
kddcup-rootkit-imap_vs_back,mc_rbo,12.0,12.0,16.5,16.5,18.0,18.0,16.5,16.5,16.0,18.0,26.0
kddcup-rootkit-imap_vs_back,mdo,12.0,12.0,5.5,5.5,5.5,5.5,5.5,5.5,5.5,5.5,13.0
kddcup-rootkit-imap_vs_back,multirandbal,12.0,12.0,5.5,5.5,5.5,5.5,5.5,5.5,5.5,5.5,9.0
kddcup-rootkit-imap_vs_back,nromm,12.0,12.0,16.5,16.5,18.0,18.0,16.5,16.5,16.0,18.0,19.0
kddcup-rootkit-imap_vs_back,ocsv_us,25.0,25.0,24.0,24.0,24.0,24.0,24.0,24.0,25.0,24.0,18.0
kddcup-rootkit-imap_vs_back,orem_m,12.0,12.0,5.5,5.5,5.5,5.5,5.5,5.5,5.5,5.5,8.0
kddcup-rootkit-imap_vs_back,oremboost,12.0,12.0,5.5,5.5,5.5,5.5,5.5,5.5,5.5,5.5,29.0
kddcup-rootkit-imap_vs_back,pt_bagging,12.0,12.0,5.5,5.5,5.5,5.5,5.5,5.5,5.5,5.5,1.0
kddcup-rootkit-imap_vs_back,s_smote,12.0,12.0,25.0,27.0,28.0,28.0,27.0,26.0,23.0,28.0,15.0
kddcup-rootkit-imap_vs_back,scut,12.0,12.0,16.5,16.5,18.0,18.0,16.5,16.5,16.0,18.0,27.0
kddcup-rootkit-imap_vs_back,shsampler,12.0,12.0,16.5,16.5,18.0,18.0,16.5,16.5,16.0,18.0,5.0
kddcup-rootkit-imap_vs_back,smom,12.0,12.0,16.5,16.5,18.0,18.0,16.5,16.5,16.0,18.0,21.0
kddcup-rootkit-imap_vs_back,soup,12.0,12.0,16.5,16.5,18.0,18.0,16.5,16.5,16.0,18.0,25.0
kr-vs-k-one_vs_fifteen,DBCF,12.5,12.5,10.5,10.5,10.5,10.5,10.5,10.5,10.5,10.5,23.0
kr-vs-k-one_vs_fifteen,DEAHS,12.5,12.5,10.5,10.5,10.5,10.5,10.5,10.5,10.5,10.5,27.0
kr-vs-k-one_vs_fifteen,DeepSMOTE,12.5,12.5,10.5,10.5,10.5,10.5,10.5,10.5,10.5,10.5,19.0
kr-vs-k-one_vs_fifteen,SPE,12.5,12.5,10.5,10.5,10.5,10.5,10.5,10.5,10.5,10.5,24.0
kr-vs-k-one_vs_fifteen,adaboost_ad,28.0,28.0,28.0,28.0,27.0,27.0,28.0,28.0,28.0,27.0,9.0
kr-vs-k-one_vs_fifteen,amcs,27.0,27.0,25.0,26.0,29.0,29.0,26.0,26.0,25.0,29.0,26.0
kr-vs-k-one_vs_fifteen,des_mi,12.5,12.5,24.0,24.0,24.0,24.0,24.0,24.0,24.0,24.0,3.0
kr-vs-k-one_vs_fifteen,dpse,12.5,12.5,10.5,10.5,10.5,10.5,10.5,10.5,10.5,10.5,5.0
kr-vs-k-one_vs_fifteen,drcw_aseg,12.5,12.5,10.5,10.5,10.5,10.5,10.5,10.5,10.5,10.5,2.0
kr-vs-k-one_vs_fifteen,e_evrs,29.0,29.0,29.0,29.0,28.0,28.0,29.0,29.0,29.0,28.0,16.0
kr-vs-k-one_vs_fifteen,easy_bpnn,25.0,25.0,27.0,27.0,26.0,26.0,27.0,27.0,27.0,26.0,13.0
kr-vs-k-one_vs_fifteen,evinci,12.5,12.5,10.5,10.5,10.5,10.5,10.5,10.5,10.5,10.5,20.0
kr-vs-k-one_vs_fifteen,glos,12.5,12.5,10.5,10.5,10.5,10.5,10.5,10.5,10.5,10.5,6.0
kr-vs-k-one_vs_fifteen,mc_ccr,12.5,12.5,10.5,10.5,10.5,10.5,10.5,10.5,10.5,10.5,8.0
kr-vs-k-one_vs_fifteen,mc_evhs,12.5,12.5,23.0,23.0,22.0,22.0,23.0,23.0,23.0,22.0,10.0
kr-vs-k-one_vs_fifteen,mc_nro,12.5,12.5,10.5,10.5,10.5,10.5,10.5,10.5,10.5,10.5,22.0
kr-vs-k-one_vs_fifteen,mc_rbo,12.5,12.5,10.5,10.5,10.5,10.5,10.5,10.5,10.5,10.5,29.0
kr-vs-k-one_vs_fifteen,mdo,12.5,12.5,10.5,10.5,10.5,10.5,10.5,10.5,10.5,10.5,12.0
kr-vs-k-one_vs_fifteen,multirandbal,12.5,12.5,10.5,10.5,10.5,10.5,10.5,10.5,10.5,10.5,4.0
kr-vs-k-one_vs_fifteen,nromm,12.5,12.5,10.5,10.5,10.5,10.5,10.5,10.5,10.5,10.5,14.0
kr-vs-k-one_vs_fifteen,ocsv_us,26.0,26.0,26.0,25.0,25.0,25.0,25.0,25.0,26.0,25.0,17.0
kr-vs-k-one_vs_fifteen,orem_m,12.5,12.5,10.5,10.5,10.5,10.5,10.5,10.5,10.5,10.5,11.0
kr-vs-k-one_vs_fifteen,oremboost,12.5,12.5,10.5,10.5,10.5,10.5,10.5,10.5,10.5,10.5,28.0
kr-vs-k-one_vs_fifteen,pt_bagging,12.5,12.5,10.5,10.5,10.5,10.5,10.5,10.5,10.5,10.5,1.0
kr-vs-k-one_vs_fifteen,s_smote,12.5,12.5,21.5,21.5,22.0,22.0,21.5,21.5,21.5,22.0,18.0
kr-vs-k-one_vs_fifteen,scut,12.5,12.5,10.5,10.5,10.5,10.5,10.5,10.5,10.5,10.5,15.0
kr-vs-k-one_vs_fifteen,shsampler,12.5,12.5,21.5,21.5,22.0,22.0,21.5,21.5,21.5,22.0,7.0
kr-vs-k-one_vs_fifteen,smom,12.5,12.5,10.5,10.5,10.5,10.5,10.5,10.5,10.5,10.5,21.0
kr-vs-k-one_vs_fifteen,soup,12.5,12.5,10.5,10.5,10.5,10.5,10.5,10.5,10.5,10.5,25.0
kr-vs-k-three_vs_eleven,DBCF,10.0,10.0,18.0,19.0,23.0,22.0,19.0,19.0,14.0,23.0,22.0
kr-vs-k-three_vs_eleven,DEAHS,10.0,10.0,23.0,22.0,8.0,8.0,22.0,22.0,23.0,8.0,27.0
kr-vs-k-three_vs_eleven,DeepSMOTE,10.0,10.0,9.5,10.0,13.0,13.0,10.0,10.0,9.0,13.0,18.0
kr-vs-k-three_vs_eleven,SPE,10.0,10.0,9.5,10.0,13.0,13.0,10.0,10.0,9.0,13.0,21.0
kr-vs-k-three_vs_eleven,adaboost_ad,27.0,28.0,29.0,29.0,25.0,25.0,29.0,28.0,29.0,25.0,12.0
kr-vs-k-three_vs_eleven,amcs,29.0,27.0,24.0,28.0,29.0,29.0,28.0,29.0,24.0,29.0,24.0
kr-vs-k-three_vs_eleven,des_mi,10.0,10.0,9.5,5.0,5.0,5.0,5.0,5.0,15.0,5.0,3.0
kr-vs-k-three_vs_eleven,dpse,20.5,20.5,9.5,10.0,13.0,13.0,10.0,10.0,9.0,13.0,8.0
kr-vs-k-three_vs_eleven,drcw_aseg,10.0,10.0,9.5,10.0,13.0,13.0,10.0,10.0,9.0,13.0,2.0
kr-vs-k-three_vs_eleven,e_evrs,28.0,29.0,27.0,26.0,26.0,26.0,26.0,26.0,27.0,26.0,16.0
kr-vs-k-three_vs_eleven,easy_bpnn,24.0,24.0,28.0,27.0,22.0,24.0,27.0,27.0,28.0,22.0,13.0
kr-vs-k-three_vs_eleven,evinci,22.5,23.0,20.5,21.0,24.0,23.0,21.0,21.0,19.0,24.0,23.0
kr-vs-k-three_vs_eleven,glos,10.0,10.0,2.5,2.5,2.5,2.5,2.5,2.5,2.5,2.5,5.0
kr-vs-k-three_vs_eleven,mc_ccr,10.0,10.0,9.5,10.0,13.0,13.0,10.0,10.0,9.0,13.0,7.0
kr-vs-k-three_vs_eleven,mc_evhs,22.5,22.0,25.0,24.0,21.0,21.0,24.0,24.0,26.0,21.0,11.0
kr-vs-k-three_vs_eleven,mc_nro,10.0,10.0,18.0,18.0,20.0,20.0,18.0,18.0,18.0,20.0,26.0
kr-vs-k-three_vs_eleven,mc_rbo,10.0,10.0,9.5,10.0,13.0,13.0,10.0,10.0,9.0,13.0,29.0
kr-vs-k-three_vs_eleven,mdo,10.0,10.0,9.5,10.0,13.0,13.0,10.0,10.0,9.0,13.0,9.0
kr-vs-k-three_vs_eleven,multirandbal,10.0,10.0,15.5,15.5,18.5,18.5,15.5,15.5,16.5,18.5,4.0
kr-vs-k-three_vs_eleven,nromm,10.0,10.0,2.5,2.5,2.5,2.5,2.5,2.5,2.5,2.5,14.0
kr-vs-k-three_vs_eleven,ocsv_us,26.0,26.0,26.0,25.0,27.0,27.0,25.0,25.0,25.0,27.0,17.0
kr-vs-k-three_vs_eleven,orem_m,10.0,10.0,2.5,2.5,2.5,2.5,2.5,2.5,2.5,2.5,10.0
kr-vs-k-three_vs_eleven,oremboost,10.0,10.0,2.5,2.5,2.5,2.5,2.5,2.5,2.5,2.5,28.0
kr-vs-k-three_vs_eleven,pt_bagging,10.0,10.0,9.5,10.0,13.0,13.0,10.0,10.0,9.0,13.0,1.0
kr-vs-k-three_vs_eleven,s_smote,25.0,25.0,22.0,23.0,28.0,28.0,23.0,23.0,22.0,28.0,20.0
kr-vs-k-three_vs_eleven,scut,10.0,10.0,18.0,17.0,6.0,6.0,17.0,17.0,20.0,6.0,15.0
kr-vs-k-three_vs_eleven,shsampler,20.5,20.5,20.5,20.0,7.0,7.0,20.0,20.0,21.0,7.0,6.0
kr-vs-k-three_vs_eleven,smom,10.0,10.0,9.5,10.0,13.0,13.0,10.0,10.0,9.0,13.0,19.0
kr-vs-k-three_vs_eleven,soup,10.0,10.0,15.5,15.5,18.5,18.5,15.5,15.5,16.5,18.5,25.0
kr-vs-k-zero-one_vs_draw,DBCF,12.0,14.0,13.0,13.0,16.0,14.0,13.0,13.0,14.0,16.0,23.0
kr-vs-k-zero-one_vs_draw,DEAHS,17.0,17.0,23.0,23.0,3.0,3.0,23.0,23.0,23.0,3.0,28.0
kr-vs-k-zero-one_vs_draw,DeepSMOTE,9.0,9.0,8.5,9.0,24.0,22.0,9.0,9.0,4.0,23.0,18.0
kr-vs-k-zero-one_vs_draw,SPE,1.0,1.0,5.0,5.0,10.0,13.0,5.0,5.0,7.0,12.0,21.0
kr-vs-k-zero-one_vs_draw,adaboost_ad,25.0,27.0,27.0,26.0,7.0,7.0,26.0,25.0,26.0,7.0,11.0
kr-vs-k-zero-one_vs_draw,amcs,29.0,29.0,25.0,29.0,29.0,29.0,29.0,29.0,28.0,29.0,26.0
kr-vs-k-zero-one_vs_draw,des_mi,16.0,20.0,20.0,20.0,6.0,6.0,20.0,20.0,20.0,6.0,3.0
kr-vs-k-zero-one_vs_draw,dpse,28.0,23.0,16.0,16.0,26.0,26.0,16.0,16.0,10.0,26.0,4.0
kr-vs-k-zero-one_vs_draw,drcw_aseg,22.0,15.0,2.0,2.0,12.0,11.0,2.0,2.0,2.0,11.0,2.0
kr-vs-k-zero-one_vs_draw,e_evrs,27.0,28.0,26.0,25.0,27.0,27.0,25.0,26.0,24.0,27.0,17.0
kr-vs-k-zero-one_vs_draw,easy_bpnn,23.0,24.0,28.0,27.0,23.0,25.0,27.0,27.0,27.0,25.0,13.0
kr-vs-k-zero-one_vs_draw,evinci,11.0,13.0,18.5,19.0,21.0,20.0,19.0,18.0,16.0,20.0,22.0
kr-vs-k-zero-one_vs_draw,glos,7.0,10.0,11.0,10.0,15.0,15.0,10.0,10.0,12.0,14.5,7.0
kr-vs-k-zero-one_vs_draw,mc_ccr,3.0,3.0,8.5,8.0,13.0,12.0,8.0,8.0,9.0,13.0,8.0
kr-vs-k-zero-one_vs_draw,mc_evhs,20.0,25.0,24.0,24.0,5.0,5.0,24.0,24.0,25.0,5.0,10.0
kr-vs-k-zero-one_vs_draw,mc_nro,14.0,12.0,18.5,18.0,20.0,21.0,18.0,19.0,18.0,21.0,25.0
kr-vs-k-zero-one_vs_draw,mc_rbo,2.0,2.0,5.0,4.0,9.0,8.0,4.0,3.0,8.0,8.5,29.0
kr-vs-k-zero-one_vs_draw,mdo,6.0,4.0,3.0,6.0,18.0,19.0,6.0,7.0,5.0,18.0,9.0
kr-vs-k-zero-one_vs_draw,multirandbal,15.0,18.0,14.0,15.0,17.0,17.0,15.0,15.0,15.0,17.0,6.0
kr-vs-k-zero-one_vs_draw,nromm,8.0,6.0,11.0,12.0,25.0,24.0,12.0,12.0,6.0,24.0,15.0
kr-vs-k-zero-one_vs_draw,ocsv_us,26.0,26.0,29.0,28.0,28.0,28.0,28.0,28.0,29.0,28.0,16.0
kr-vs-k-zero-one_vs_draw,orem_m,5.0,5.0,5.0,3.0,8.0,9.0,3.0,4.0,11.0,8.5,12.0
kr-vs-k-zero-one_vs_draw,oremboost,13.0,8.0,7.0,7.0,19.0,18.0,7.0,6.0,3.0,19.0,27.0
kr-vs-k-zero-one_vs_draw,pt_bagging,21.0,16.0,1.0,1.0,11.0,10.0,1.0,1.0,1.0,10.0,1.0
kr-vs-k-zero-one_vs_draw,s_smote,24.0,22.0,22.0,22.0,22.0,23.0,22.0,22.0,22.0,22.0,19.0
kr-vs-k-zero-one_vs_draw,scut,18.0,19.0,15.0,14.0,2.0,2.0,14.0,14.0,17.0,2.0,14.0
kr-vs-k-zero-one_vs_draw,shsampler,19.0,21.0,21.0,21.0,4.0,4.0,21.0,21.0,21.0,4.0,5.0
kr-vs-k-zero-one_vs_draw,smom,10.0,11.0,11.0,11.0,14.0,16.0,11.0,11.0,13.0,14.5,20.0
kr-vs-k-zero-one_vs_draw,soup,4.0,7.0,17.0,17.0,1.0,1.0,17.0,17.0,19.0,1.0,24.0
kr-vs-k-zero_vs_eight,DBCF,21.5,21.0,15.5,16.0,23.0,24.0,16.0,16.0,12.0,23.0,24.0
kr-vs-k-zero_vs_eight,DEAHS,10.5,10.5,26.0,25.0,19.0,20.0,25.0,25.0,25.0,19.0,29.0
kr-vs-k-zero_vs_eight,DeepSMOTE,10.5,10.5,5.5,5.5,5.5,5.5,5.5,5.5,5.5,5.5,17.0
kr-vs-k-zero_vs_eight,SPE,10.5,10.5,20.0,19.0,16.0,16.0,19.0,19.0,20.0,16.0,25.0
kr-vs-k-zero_vs_eight,adaboost_ad,27.0,29.0,27.0,27.0,25.0,25.0,27.0,26.0,27.0,25.0,9.0
kr-vs-k-zero_vs_eight,amcs,29.0,28.0,25.0,26.0,29.0,29.0,26.0,27.0,26.0,29.0,22.0
kr-vs-k-zero_vs_eight,des_mi,10.5,10.5,15.5,15.0,14.0,14.0,15.0,15.0,16.0,14.0,7.0
kr-vs-k-zero_vs_eight,dpse,10.5,10.5,17.0,17.0,15.0,15.0,17.0,17.0,17.0,15.0,3.0
kr-vs-k-zero_vs_eight,drcw_aseg,10.5,10.5,5.5,5.5,5.5,5.5,5.5,5.5,5.5,5.5,2.0
kr-vs-k-zero_vs_eight,e_evrs,24.0,26.0,24.0,24.0,22.0,22.0,24.0,24.0,24.0,22.0,15.0
kr-vs-k-zero_vs_eight,easy_bpnn,26.0,27.0,28.0,28.0,27.0,27.0,28.0,28.0,28.0,27.0,13.0
kr-vs-k-zero_vs_eight,evinci,21.5,22.0,18.5,20.0,24.0,23.0,20.0,20.0,19.0,24.0,21.0
kr-vs-k-zero_vs_eight,glos,10.5,10.5,5.5,5.5,5.5,5.5,5.5,5.5,5.5,5.5,5.0
kr-vs-k-zero_vs_eight,mc_ccr,10.5,10.5,12.5,13.0,11.0,11.0,13.0,13.0,15.0,11.0,8.0
kr-vs-k-zero_vs_eight,mc_evhs,10.5,10.5,21.0,21.0,17.0,17.0,21.0,21.0,21.0,17.0,12.0
kr-vs-k-zero_vs_eight,mc_nro,10.5,10.5,5.5,5.5,5.5,5.5,5.5,5.5,5.5,5.5,23.0
kr-vs-k-zero_vs_eight,mc_rbo,10.5,10.5,5.5,5.5,5.5,5.5,5.5,5.5,5.5,5.5,28.0
kr-vs-k-zero_vs_eight,mdo,10.5,10.5,5.5,5.5,5.5,5.5,5.5,5.5,5.5,5.5,11.0
kr-vs-k-zero_vs_eight,multirandbal,10.5,10.5,12.5,11.5,12.5,12.5,11.5,11.5,13.5,12.5,4.0
kr-vs-k-zero_vs_eight,nromm,10.5,10.5,5.5,5.5,5.5,5.5,5.5,5.5,5.5,5.5,14.0
kr-vs-k-zero_vs_eight,ocsv_us,28.0,25.0,29.0,29.0,28.0,28.0,29.0,29.0,29.0,28.0,18.0
kr-vs-k-zero_vs_eight,orem_m,10.5,10.5,5.5,5.5,5.5,5.5,5.5,5.5,5.5,5.5,10.0
kr-vs-k-zero_vs_eight,oremboost,10.5,10.5,12.5,11.5,12.5,12.5,11.5,11.5,13.5,12.5,26.0
kr-vs-k-zero_vs_eight,pt_bagging,10.5,10.5,5.5,5.5,5.5,5.5,5.5,5.5,5.5,5.5,1.0
kr-vs-k-zero_vs_eight,s_smote,25.0,24.0,23.0,23.0,26.0,26.0,23.0,23.0,23.0,26.0,19.0
kr-vs-k-zero_vs_eight,scut,10.5,10.5,18.5,18.0,21.0,21.0,18.0,18.0,18.0,21.0,27.0
kr-vs-k-zero_vs_eight,shsampler,23.0,23.0,22.0,22.0,18.0,18.0,22.0,22.0,22.0,18.0,6.0
kr-vs-k-zero_vs_eight,smom,10.5,10.5,5.5,5.5,5.5,5.5,5.5,5.5,5.5,5.5,16.0
kr-vs-k-zero_vs_eight,soup,10.5,10.5,12.5,14.0,20.0,19.0,14.0,14.0,11.0,20.0,20.0
kr-vs-k-zero_vs_fifteen,DBCF,13.5,13.5,10.5,10.5,10.5,10.5,10.5,10.5,10.5,10.5,21.0
kr-vs-k-zero_vs_fifteen,DEAHS,13.5,13.5,23.0,23.0,23.0,23.0,23.0,23.0,24.0,23.0,28.0
kr-vs-k-zero_vs_fifteen,DeepSMOTE,13.5,13.5,21.5,21.5,21.5,21.5,21.5,21.5,22.5,21.5,19.0
kr-vs-k-zero_vs_fifteen,SPE,13.5,13.5,10.5,10.5,10.5,10.5,10.5,10.5,10.5,10.5,24.0
kr-vs-k-zero_vs_fifteen,adaboost_ad,29.0,29.0,29.0,29.0,29.0,29.0,29.0,29.0,29.0,29.0,10.0
kr-vs-k-zero_vs_fifteen,amcs,27.0,27.0,24.0,24.0,28.0,28.0,24.0,24.0,21.0,28.0,20.0
kr-vs-k-zero_vs_fifteen,des_mi,13.5,13.5,10.5,10.5,10.5,10.5,10.5,10.5,10.5,10.5,6.0
kr-vs-k-zero_vs_fifteen,dpse,13.5,13.5,10.5,10.5,10.5,10.5,10.5,10.5,10.5,10.5,4.0
kr-vs-k-zero_vs_fifteen,drcw_aseg,13.5,13.5,10.5,10.5,10.5,10.5,10.5,10.5,10.5,10.5,2.0
kr-vs-k-zero_vs_fifteen,e_evrs,28.0,28.0,28.0,28.0,27.0,27.0,28.0,28.0,27.0,27.0,16.0
kr-vs-k-zero_vs_fifteen,easy_bpnn,13.5,13.5,27.0,27.0,26.0,26.0,27.0,27.0,28.0,26.0,13.0
kr-vs-k-zero_vs_fifteen,evinci,13.5,13.5,10.5,10.5,10.5,10.5,10.5,10.5,10.5,10.5,22.0
kr-vs-k-zero_vs_fifteen,glos,13.5,13.5,10.5,10.5,10.5,10.5,10.5,10.5,10.5,10.5,8.0
kr-vs-k-zero_vs_fifteen,mc_ccr,13.5,13.5,10.5,10.5,10.5,10.5,10.5,10.5,10.5,10.5,7.0
kr-vs-k-zero_vs_fifteen,mc_evhs,13.5,13.5,25.0,25.0,24.0,24.0,25.0,25.0,25.0,24.0,12.0
kr-vs-k-zero_vs_fifteen,mc_nro,13.5,13.5,10.5,10.5,10.5,10.5,10.5,10.5,10.5,10.5,23.0
kr-vs-k-zero_vs_fifteen,mc_rbo,13.5,13.5,10.5,10.5,10.5,10.5,10.5,10.5,10.5,10.5,27.0
kr-vs-k-zero_vs_fifteen,mdo,13.5,13.5,10.5,10.5,10.5,10.5,10.5,10.5,10.5,10.5,11.0
kr-vs-k-zero_vs_fifteen,multirandbal,13.5,13.5,10.5,10.5,10.5,10.5,10.5,10.5,10.5,10.5,3.0
kr-vs-k-zero_vs_fifteen,nromm,13.5,13.5,10.5,10.5,10.5,10.5,10.5,10.5,10.5,10.5,14.0
kr-vs-k-zero_vs_fifteen,ocsv_us,13.5,13.5,26.0,26.0,25.0,25.0,26.0,26.0,26.0,25.0,15.0
kr-vs-k-zero_vs_fifteen,orem_m,13.5,13.5,10.5,10.5,10.5,10.5,10.5,10.5,10.5,10.5,9.0
kr-vs-k-zero_vs_fifteen,oremboost,13.5,13.5,10.5,10.5,10.5,10.5,10.5,10.5,10.5,10.5,29.0
kr-vs-k-zero_vs_fifteen,pt_bagging,13.5,13.5,10.5,10.5,10.5,10.5,10.5,10.5,10.5,10.5,1.0
kr-vs-k-zero_vs_fifteen,s_smote,13.5,13.5,10.5,10.5,10.5,10.5,10.5,10.5,10.5,10.5,17.0
kr-vs-k-zero_vs_fifteen,scut,13.5,13.5,10.5,10.5,10.5,10.5,10.5,10.5,10.5,10.5,26.0
kr-vs-k-zero_vs_fifteen,shsampler,13.5,13.5,21.5,21.5,21.5,21.5,21.5,21.5,22.5,21.5,5.0
kr-vs-k-zero_vs_fifteen,smom,13.5,13.5,10.5,10.5,10.5,10.5,10.5,10.5,10.5,10.5,18.0
kr-vs-k-zero_vs_fifteen,soup,13.5,13.5,10.5,10.5,10.5,10.5,10.5,10.5,10.5,10.5,25.0
led7digit-0-2-4-5-6-7-8-9_vs_1,DBCF,6.0,22.0,18.0,16.0,22.0,22.0,16.0,15.0,13.0,22.0,25.0
led7digit-0-2-4-5-6-7-8-9_vs_1,DEAHS,2.0,14.0,20.0,20.0,17.0,19.0,20.0,20.0,20.0,18.0,29.0
led7digit-0-2-4-5-6-7-8-9_vs_1,DeepSMOTE,9.0,3.0,8.0,8.0,14.0,10.0,8.0,8.0,8.0,11.0,19.0
led7digit-0-2-4-5-6-7-8-9_vs_1,SPE,4.0,12.0,10.0,11.0,4.0,7.0,11.0,11.0,11.0,4.0,27.0
led7digit-0-2-4-5-6-7-8-9_vs_1,adaboost_ad,27.0,26.0,28.0,26.0,26.0,27.0,26.0,26.0,27.0,26.0,6.0
led7digit-0-2-4-5-6-7-8-9_vs_1,amcs,28.0,28.0,21.0,29.0,29.0,29.0,29.0,29.0,29.0,29.0,22.0
led7digit-0-2-4-5-6-7-8-9_vs_1,des_mi,20.0,13.0,12.0,12.0,5.0,9.0,12.0,12.0,12.0,5.0,7.0
led7digit-0-2-4-5-6-7-8-9_vs_1,dpse,10.0,15.0,16.0,18.0,21.0,20.0,18.0,19.0,18.0,21.0,1.0
led7digit-0-2-4-5-6-7-8-9_vs_1,drcw_aseg,13.0,5.0,9.0,9.0,16.0,12.0,9.0,10.0,10.0,13.0,3.0
led7digit-0-2-4-5-6-7-8-9_vs_1,e_evrs,26.0,27.0,22.0,21.0,25.0,24.0,21.0,23.0,21.0,25.0,16.0
led7digit-0-2-4-5-6-7-8-9_vs_1,easy_bpnn,3.0,17.0,26.0,25.0,11.0,21.0,25.0,25.0,25.0,16.0,15.0
led7digit-0-2-4-5-6-7-8-9_vs_1,evinci,5.0,2.0,4.5,4.0,9.0,4.0,4.0,3.0,1.0,7.0,24.0
led7digit-0-2-4-5-6-7-8-9_vs_1,glos,22.0,18.0,11.0,10.0,18.0,13.0,10.0,9.0,9.0,17.0,9.0
led7digit-0-2-4-5-6-7-8-9_vs_1,mc_ccr,25.0,23.0,24.0,24.0,23.0,23.0,24.0,22.0,23.0,23.0,10.0
led7digit-0-2-4-5-6-7-8-9_vs_1,mc_evhs,19.0,24.0,25.0,23.0,12.0,18.0,22.0,21.0,24.0,15.0,8.0
led7digit-0-2-4-5-6-7-8-9_vs_1,mc_nro,17.0,19.0,23.0,22.0,24.0,25.0,23.0,24.0,22.0,24.0,18.0
led7digit-0-2-4-5-6-7-8-9_vs_1,mc_rbo,11.0,6.0,4.5,3.0,3.0,3.0,3.0,4.0,6.0,3.0,28.0
led7digit-0-2-4-5-6-7-8-9_vs_1,mdo,24.0,10.0,4.5,5.5,7.5,5.5,5.5,5.5,4.5,8.5,11.0
led7digit-0-2-4-5-6-7-8-9_vs_1,multirandbal,8.0,4.0,15.0,15.0,20.0,16.0,15.0,16.0,16.0,20.0,4.0
led7digit-0-2-4-5-6-7-8-9_vs_1,nromm,21.0,16.0,1.0,1.0,1.0,2.0,1.0,2.0,3.0,1.5,13.0
led7digit-0-2-4-5-6-7-8-9_vs_1,ocsv_us,29.0,29.0,29.0,28.0,27.0,28.0,28.0,28.0,28.0,28.0,23.0
led7digit-0-2-4-5-6-7-8-9_vs_1,orem_m,18.0,7.0,13.0,13.0,6.0,11.0,13.0,14.0,15.0,6.0,12.0
led7digit-0-2-4-5-6-7-8-9_vs_1,oremboost,1.0,1.0,2.0,2.0,2.0,1.0,2.0,1.0,2.0,1.5,20.0
led7digit-0-2-4-5-6-7-8-9_vs_1,pt_bagging,16.0,9.0,7.0,7.0,13.0,8.0,7.0,7.0,7.0,10.0,2.0
led7digit-0-2-4-5-6-7-8-9_vs_1,s_smote,23.0,25.0,27.0,27.0,28.0,26.0,27.0,27.0,26.0,27.0,21.0
led7digit-0-2-4-5-6-7-8-9_vs_1,scut,12.0,11.0,14.0,14.0,19.0,15.0,14.0,13.0,14.0,19.0,26.0
led7digit-0-2-4-5-6-7-8-9_vs_1,shsampler,7.0,21.0,19.0,19.0,15.0,17.0,19.0,18.0,19.0,14.0,5.0
led7digit-0-2-4-5-6-7-8-9_vs_1,smom,14.0,8.0,4.5,5.5,7.5,5.5,5.5,5.5,4.5,8.5,17.0
led7digit-0-2-4-5-6-7-8-9_vs_1,soup,15.0,20.0,17.0,17.0,10.0,14.0,17.0,17.0,17.0,12.0,14.0
lymphography,DeepSMOTE,11.0,18.0,14.0,18.0,23.0,24.0,15.0,15.0,18.0,20.0,16.0
lymphography,SPE,19.0,16.0,23.0,24.0,5.0,11.0,22.0,23.0,24.0,23.0,25.0
lymphography,adaboost_ad,21.0,24.0,26.0,26.0,6.0,16.0,26.0,26.0,26.0,26.0,3.0
lymphography,amcs,22.0,21.0,24.0,21.0,24.0,23.0,24.0,25.0,21.0,22.0,8.0
lymphography,des_mi,18.0,22.0,25.0,17.0,17.0,17.0,25.0,24.0,16.0,16.0,7.0
lymphography,dpse,26.0,26.0,21.0,25.0,22.0,22.0,21.0,21.0,25.0,21.0,2.0
lymphography,drcw_aseg,16.0,14.0,15.0,13.0,16.0,14.0,14.0,14.0,15.0,13.0,11.0
lymphography,e_evrs,24.0,25.0,20.0,20.0,20.0,21.0,20.0,19.0,20.0,19.0,19.0
lymphography,easy_bpnn,17.0,13.0,12.5,19.0,3.0,4.0,11.0,10.0,19.0,17.0,24.0
lymphography,glos,10.0,11.0,12.5,10.0,14.0,13.0,13.0,13.0,8.0,11.0,9.0
lymphography,mc_ccr,7.0,6.0,3.5,8.0,11.0,8.0,4.0,4.0,9.0,7.0,4.0
lymphography,mc_evhs,6.0,17.0,11.0,14.0,21.0,19.0,12.0,12.0,14.0,15.0,12.0
lymphography,mc_nro,25.0,23.0,9.0,12.0,18.0,18.0,9.0,9.0,12.0,14.0,20.0
lymphography,mc_rbo,2.0,1.0,1.0,2.0,7.0,5.0,1.0,1.0,3.0,3.0,22.0
lymphography,mdo,5.0,5.0,5.0,4.0,12.0,9.0,5.0,5.0,4.0,8.0,6.0
lymphography,multirandbal,15.0,15.0,18.0,16.0,15.0,15.0,16.0,17.0,17.0,12.0,10.0
lymphography,nromm,1.0,2.0,2.0,3.0,8.0,6.0,2.0,2.0,2.0,4.0,15.0
lymphography,ocsv_us,4.0,3.0,22.0,23.0,25.0,25.0,23.0,22.0,22.0,25.0,23.0
lymphography,orem_m,3.0,4.0,3.5,6.0,9.0,7.0,3.0,3.0,7.0,5.0,13.0
lymphography,oremboost,12.0,8.0,10.0,11.0,13.0,12.0,10.0,11.0,11.0,10.0,18.0
lymphography,pt_bagging,23.0,20.0,16.0,22.0,26.0,26.0,18.0,20.0,23.0,24.0,1.0
lymphography,s_smote,20.0,19.0,17.0,15.0,19.0,20.0,17.0,16.0,13.0,18.0,21.0
lymphography,scut,13.0,12.0,19.0,9.0,4.0,3.0,19.0,18.0,6.0,6.0,26.0
lymphography,shsampler,14.0,10.0,8.0,7.0,1.0,2.0,6.0,7.0,10.0,1.0,5.0
lymphography,smom,9.0,9.0,6.0,5.0,10.0,10.0,7.0,8.0,5.0,9.0,17.0
lymphography,soup,8.0,7.0,7.0,1.0,2.0,1.0,8.0,6.0,1.0,2.0,14.0
lymphography-normal-fibrosis,DBCF,28.0,27.0,24.0,25.5,27.5,27.5,25.5,27.5,25.5,27.5,26.0
lymphography-normal-fibrosis,DEAHS,19.5,19.0,24.0,12.0,9.0,8.0,12.0,13.0,12.0,9.0,29.0
lymphography-normal-fibrosis,DeepSMOTE,2.0,2.0,9.5,15.5,17.5,17.5,15.5,15.5,13.5,17.5,17.0
lymphography-normal-fibrosis,SPE,24.0,24.0,28.0,28.0,6.0,9.0,27.0,25.0,27.0,6.0,27.0
lymphography-normal-fibrosis,adaboost_ad,25.0,28.0,27.0,27.0,10.0,16.0,28.0,26.0,28.0,10.0,5.0
lymphography-normal-fibrosis,amcs,27.0,12.5,16.5,21.0,23.0,23.0,21.0,21.0,19.0,23.0,4.0
lymphography-normal-fibrosis,des_mi,19.5,22.0,16.5,10.0,8.0,7.0,10.0,10.0,11.0,8.0,8.0
lymphography-normal-fibrosis,dpse,26.0,12.5,5.0,2.0,3.0,5.0,2.0,2.0,4.0,4.0,2.0
lymphography-normal-fibrosis,drcw_aseg,5.0,5.0,9.5,3.5,4.5,3.5,3.5,3.5,2.5,4.0,3.0
lymphography-normal-fibrosis,e_evrs,15.5,26.0,16.5,11.0,15.0,14.0,11.0,11.0,10.0,15.0,16.0
lymphography-normal-fibrosis,easy_bpnn,5.0,5.0,26.0,14.0,1.0,1.0,14.0,12.0,24.0,1.0,19.0
lymphography-normal-fibrosis,evinci,21.0,25.0,24.0,25.5,27.5,27.5,25.5,27.5,25.5,27.5,25.0
lymphography-normal-fibrosis,glos,11.0,8.5,1.5,1.0,2.0,2.0,1.0,1.0,1.0,2.0,13.0
lymphography-normal-fibrosis,mc_ccr,11.0,8.5,5.0,7.5,12.5,11.5,7.5,7.5,7.5,12.5,6.0
lymphography-normal-fibrosis,mc_evhs,23.0,23.0,16.5,21.0,23.0,23.0,21.0,21.0,19.0,23.0,11.0
lymphography-normal-fibrosis,mc_nro,2.0,2.0,16.5,21.0,23.0,23.0,21.0,21.0,19.0,23.0,23.0
lymphography-normal-fibrosis,mc_rbo,11.0,8.5,5.0,7.5,12.5,11.5,7.5,7.5,7.5,12.5,20.0
lymphography-normal-fibrosis,mdo,15.5,19.0,16.5,21.0,23.0,23.0,21.0,21.0,19.0,23.0,12.0
lymphography-normal-fibrosis,multirandbal,14.0,11.0,22.0,13.0,16.0,15.0,13.0,14.0,15.0,16.0,7.0
lymphography-normal-fibrosis,nromm,8.5,15.5,16.5,21.0,23.0,23.0,21.0,21.0,19.0,23.0,14.0
lymphography-normal-fibrosis,ocsv_us,29.0,29.0,29.0,29.0,29.0,29.0,29.0,29.0,29.0,29.0,24.0
lymphography-normal-fibrosis,orem_m,13.0,19.0,5.0,7.5,12.5,11.5,7.5,7.5,7.5,12.5,9.0
lymphography-normal-fibrosis,oremboost,22.0,21.0,5.0,7.5,12.5,11.5,7.5,7.5,7.5,12.5,21.0
lymphography-normal-fibrosis,pt_bagging,7.0,8.5,9.5,3.5,4.5,3.5,3.5,3.5,2.5,4.0,1.0
lymphography-normal-fibrosis,s_smote,17.5,15.5,1.5,5.0,7.0,6.0,5.0,5.0,5.0,7.0,22.0
lymphography-normal-fibrosis,scut,8.5,15.5,16.5,21.0,23.0,23.0,21.0,21.0,19.0,23.0,28.0
lymphography-normal-fibrosis,shsampler,2.0,2.0,16.5,17.0,19.0,19.0,17.0,17.0,23.0,19.0,10.0
lymphography-normal-fibrosis,smom,5.0,5.0,16.5,21.0,23.0,23.0,21.0,21.0,19.0,23.0,18.0
lymphography-normal-fibrosis,soup,17.5,15.5,9.5,15.5,17.5,17.5,15.5,15.5,13.5,17.5,15.0
new-thyroid,DBCF,19.0,11.0,11.5,16.0,24.0,22.0,13.0,13.0,2.0,23.0,27.0
new-thyroid,DEAHS,11.0,7.0,7.5,9.0,13.0,13.0,8.0,8.0,8.0,12.5,29.0
new-thyroid,DeepSMOTE,22.0,23.0,24.5,26.0,25.0,23.0,26.0,26.0,23.0,25.0,17.0
new-thyroid,SPE,1.0,1.0,1.0,1.0,2.0,2.0,1.0,1.0,1.0,2.0,28.0
new-thyroid,adaboost_ad,28.0,28.0,28.0,28.0,27.0,27.0,28.0,28.0,24.0,27.0,4.0
new-thyroid,amcs,17.0,18.0,16.5,13.0,15.0,14.0,16.0,15.0,15.0,14.5,25.0
new-thyroid,des_mi,15.0,21.0,4.5,4.0,1.0,1.0,4.0,4.0,16.0,1.0,10.0
new-thyroid,dpse,27.0,27.0,16.5,18.0,23.0,25.0,18.0,18.0,9.0,24.0,2.0
new-thyroid,drcw_aseg,24.0,24.0,11.5,12.0,22.0,21.0,12.0,12.0,3.5,21.0,5.0
new-thyroid,e_evrs,29.0,29.0,27.0,27.0,28.0,29.0,27.0,27.0,21.0,29.0,18.0
new-thyroid,easy_bpnn,14.0,14.0,16.5,17.0,20.0,20.0,17.0,17.0,13.0,20.0,22.0
new-thyroid,evinci,20.0,15.0,16.5,20.0,26.0,26.0,19.0,19.0,5.0,26.0,23.0
new-thyroid,glos,9.0,12.0,16.5,15.0,14.0,15.0,15.0,16.0,18.0,14.5,8.0
new-thyroid,mc_ccr,8.0,8.0,4.5,5.0,5.0,5.0,5.0,5.0,10.0,5.0,7.0
new-thyroid,mc_evhs,10.0,13.0,11.5,10.0,10.0,10.0,10.0,11.0,17.0,10.0,9.0
new-thyroid,mc_nro,21.0,19.0,24.5,23.0,21.0,24.0,24.0,24.0,22.0,22.0,15.0
new-thyroid,mc_rbo,3.0,3.0,2.5,2.0,3.0,3.0,3.0,3.0,6.0,3.0,24.0
new-thyroid,mdo,16.0,20.0,24.5,25.0,17.0,17.0,25.0,25.0,28.0,17.0,11.0
new-thyroid,multirandbal,13.0,16.0,20.5,19.0,7.0,7.0,20.0,20.0,25.0,7.0,3.0
new-thyroid,nromm,6.0,5.0,7.5,8.0,9.0,9.0,7.0,7.0,12.0,8.5,13.0
new-thyroid,ocsv_us,26.0,25.0,29.0,29.0,29.0,28.0,29.0,29.0,29.0,28.0,26.0
new-thyroid,orem_m,4.0,4.0,7.5,7.0,8.0,8.0,9.0,9.0,11.0,8.5,12.0
new-thyroid,oremboost,2.0,2.0,2.5,3.0,4.0,4.0,2.0,2.0,3.5,4.0,21.0
new-thyroid,pt_bagging,23.0,22.0,20.5,21.0,19.0,19.0,21.0,21.0,20.0,19.0,1.0
new-thyroid,s_smote,25.0,26.0,24.5,24.0,18.0,18.0,23.0,23.0,27.0,18.0,20.0
new-thyroid,scut,7.0,10.0,7.5,6.0,6.0,6.0,6.0,6.0,14.0,6.0,19.0
new-thyroid,shsampler,18.0,17.0,22.0,22.0,12.0,12.0,22.0,22.0,26.0,12.5,6.0
new-thyroid,smom,5.0,6.0,11.5,11.0,16.0,16.0,11.0,10.0,7.0,16.0,16.0
new-thyroid,soup,12.0,9.0,16.5,14.0,11.0,11.0,14.0,14.0,19.0,11.0,14.0
new-thyroid1,DBCF,15.5,14.0,11.0,12.0,19.0,19.0,12.0,13.0,8.0,19.5,27.0
new-thyroid1,DEAHS,4.5,4.0,1.0,1.0,1.0,1.0,1.0,1.0,1.0,1.0,29.0
new-thyroid1,DeepSMOTE,23.0,23.0,22.5,21.0,18.0,20.0,21.0,21.0,24.0,18.0,17.0
new-thyroid1,SPE,4.5,4.0,2.5,2.5,5.5,5.5,2.5,2.5,2.5,5.5,28.0
new-thyroid1,adaboost_ad,27.0,28.0,25.5,26.0,24.0,26.0,26.0,27.0,25.0,24.0,5.0
new-thyroid1,amcs,26.0,25.0,28.0,28.0,27.0,29.0,28.0,28.0,28.0,27.0,23.0
new-thyroid1,des_mi,4.5,4.0,6.0,4.0,2.0,2.0,4.0,4.0,13.0,2.0,7.0
new-thyroid1,dpse,28.0,26.0,22.5,24.0,28.0,28.0,24.0,24.0,22.0,28.5,1.0
new-thyroid1,drcw_aseg,18.5,15.0,17.5,19.0,26.0,25.0,19.0,19.0,15.0,26.0,3.0
new-thyroid1,e_evrs,29.0,29.0,22.5,22.0,23.0,24.0,22.0,22.0,21.0,23.0,18.0
new-thyroid1,easy_bpnn,1.0,1.0,11.0,9.0,3.0,3.0,9.0,9.0,17.0,3.0,19.0
new-thyroid1,evinci,8.0,7.5,11.0,11.0,13.0,13.0,11.0,11.0,11.0,13.0,26.0
new-thyroid1,glos,12.5,11.0,22.5,23.0,29.0,27.0,23.0,23.0,18.0,28.5,9.0
new-thyroid1,mc_ccr,8.0,7.5,15.0,15.0,21.0,21.0,15.0,16.0,12.0,21.0,8.0
new-thyroid1,mc_evhs,21.5,24.0,19.5,18.0,9.0,9.0,18.0,18.0,19.0,9.0,10.0
new-thyroid1,mc_nro,8.0,9.0,19.5,20.0,17.0,18.0,20.0,20.0,23.0,17.0,16.0
new-thyroid1,mc_rbo,10.5,10.0,6.0,6.0,10.0,12.0,6.0,8.0,6.0,11.0,24.0
new-thyroid1,mdo,2.0,4.0,11.0,10.0,8.0,8.0,10.0,10.0,14.0,8.0,11.0
new-thyroid1,multirandbal,18.5,16.5,15.0,14.0,15.0,14.0,14.0,14.0,16.0,15.0,4.0
new-thyroid1,nromm,14.0,16.5,6.0,7.5,11.5,10.5,7.5,6.5,4.5,11.0,13.0
new-thyroid1,ocsv_us,24.0,22.0,29.0,29.0,22.0,22.0,29.0,29.0,29.0,22.0,25.0
new-thyroid1,orem_m,4.5,4.0,6.0,5.0,7.0,7.0,5.0,5.0,9.0,7.0,12.0
new-thyroid1,oremboost,15.5,21.0,6.0,7.5,11.5,10.5,7.5,6.5,4.5,11.0,22.0
new-thyroid1,pt_bagging,20.0,18.0,15.0,17.0,25.0,23.0,17.0,17.0,10.0,25.0,2.0
new-thyroid1,s_smote,25.0,27.0,17.5,16.0,4.0,4.0,16.0,15.0,20.0,4.0,21.0
new-thyroid1,scut,17.0,19.0,27.0,27.0,16.0,16.0,27.0,26.0,26.0,16.0,20.0
new-thyroid1,shsampler,21.5,20.0,25.5,25.0,14.0,15.0,25.0,25.0,27.0,14.0,6.0
new-thyroid1,smom,10.5,13.0,11.0,13.0,20.0,17.0,13.0,12.0,7.0,19.5,15.0
new-thyroid1,soup,12.5,12.0,2.5,2.5,5.5,5.5,2.5,2.5,2.5,5.5,14.0
new-thyroid2,DBCF,11.5,8.5,5.5,6.0,16.0,16.0,6.0,6.0,4.0,16.0,27.0
new-thyroid2,DEAHS,2.0,2.0,10.0,7.0,1.0,1.0,7.0,7.0,19.0,1.0,29.0
new-thyroid2,DeepSMOTE,25.0,26.0,26.5,27.0,24.0,24.0,27.0,26.0,26.0,23.5,17.0
new-thyroid2,SPE,2.0,2.0,1.0,1.0,2.0,2.0,1.0,1.0,1.0,2.0,28.0
new-thyroid2,adaboost_ad,27.0,29.0,26.5,26.0,23.0,25.0,26.0,27.0,27.0,23.5,5.0
new-thyroid2,amcs,28.0,27.0,28.0,28.0,27.0,29.0,28.0,28.0,28.0,27.0,23.0
new-thyroid2,des_mi,18.5,20.0,20.0,19.0,8.0,10.0,19.0,20.0,21.0,8.0,6.0
new-thyroid2,dpse,18.5,19.0,20.0,21.0,26.0,26.0,21.0,21.0,16.0,26.0,1.0
new-thyroid2,drcw_aseg,22.0,21.0,20.0,22.5,28.5,27.5,22.5,23.5,9.5,28.5,3.0
new-thyroid2,e_evrs,29.0,28.0,15.0,15.0,20.0,20.0,15.0,16.0,14.0,20.0,18.0
new-thyroid2,easy_bpnn,5.5,5.0,10.0,9.0,7.0,6.0,9.0,9.0,18.0,6.5,19.0
new-thyroid2,evinci,26.0,25.0,24.5,25.0,22.0,22.0,25.0,25.0,22.0,22.0,25.0
new-thyroid2,glos,11.5,12.5,15.0,14.0,19.0,21.0,14.0,17.0,15.0,20.0,8.0
new-thyroid2,mc_ccr,15.0,16.5,5.5,5.0,12.0,11.0,5.0,5.0,6.0,12.0,9.0
new-thyroid2,mc_evhs,11.5,8.5,10.0,10.5,13.5,13.5,10.5,10.5,11.5,13.5,10.0
new-thyroid2,mc_nro,11.5,12.5,20.0,20.0,15.0,15.0,20.0,19.0,20.0,15.0,16.0
new-thyroid2,mc_rbo,11.5,8.5,15.0,16.0,21.0,19.0,16.0,15.0,13.0,20.0,24.0
new-thyroid2,mdo,20.0,18.0,10.0,8.0,6.0,7.0,8.0,8.0,17.0,6.5,11.0
new-thyroid2,multirandbal,16.5,15.0,10.0,10.5,13.5,13.5,10.5,10.5,11.5,13.5,4.0
new-thyroid2,nromm,11.5,12.5,10.0,12.5,17.5,17.5,12.5,12.5,7.5,17.5,13.0
new-thyroid2,ocsv_us,24.0,24.0,29.0,29.0,25.0,23.0,29.0,29.0,29.0,25.0,26.0
new-thyroid2,orem_m,2.0,2.0,3.0,2.0,5.0,4.0,2.0,2.0,5.0,5.0,12.0
new-thyroid2,oremboost,5.5,5.0,3.0,3.5,9.5,8.5,3.5,3.5,2.5,9.5,22.0
new-thyroid2,pt_bagging,22.0,23.0,20.0,22.5,28.5,27.5,22.5,23.5,9.5,28.5,2.0
new-thyroid2,s_smote,22.0,22.0,20.0,18.0,3.0,5.0,18.0,18.0,24.0,3.5,21.0
new-thyroid2,scut,7.5,12.5,20.0,17.0,4.0,3.0,17.0,14.0,23.0,3.5,20.0
new-thyroid2,shsampler,4.0,5.0,24.5,24.0,11.0,12.0,24.0,22.0,25.0,11.0,7.0
new-thyroid2,smom,7.5,8.5,10.0,12.5,17.5,17.5,12.5,12.5,7.5,17.5,15.0
new-thyroid2,soup,16.5,16.5,3.0,3.5,9.5,8.5,3.5,3.5,2.5,9.5,14.0
page-blocks-1-3_vs_4,DBCF,7.0,7.0,3.0,3.0,3.0,3.0,3.0,3.0,3.0,3.0,27.0
page-blocks-1-3_vs_4,DEAHS,7.0,7.0,27.0,27.0,22.0,22.0,27.0,27.0,27.0,22.0,29.0
page-blocks-1-3_vs_4,DeepSMOTE,7.0,7.0,3.0,3.0,3.0,3.0,3.0,3.0,3.0,3.0,15.0
page-blocks-1-3_vs_4,SPE,7.0,7.0,6.0,6.0,8.0,8.0,6.0,6.0,6.0,8.0,28.0
page-blocks-1-3_vs_4,adaboost_ad,25.0,26.0,25.0,24.0,18.0,19.0,24.0,24.0,24.0,20.0,7.0
page-blocks-1-3_vs_4,amcs,26.0,25.0,22.0,23.0,27.0,27.0,23.0,23.0,20.0,27.0,3.0
page-blocks-1-3_vs_4,des_mi,7.0,7.0,8.5,8.5,8.0,8.0,8.5,8.5,9.5,8.0,6.0
page-blocks-1-3_vs_4,dpse,7.0,7.0,8.5,8.5,8.0,8.0,8.5,8.5,9.5,8.0,1.0
page-blocks-1-3_vs_4,drcw_aseg,15.5,15.0,14.0,14.0,20.0,17.0,14.0,14.0,12.0,17.0,4.0
page-blocks-1-3_vs_4,e_evrs,27.0,28.0,23.0,22.0,24.0,24.0,22.0,22.0,23.0,24.0,18.0
page-blocks-1-3_vs_4,easy_bpnn,28.0,29.0,28.0,29.0,29.0,29.0,29.0,29.0,29.0,29.0,16.0
page-blocks-1-3_vs_4,evinci,20.0,18.0,17.0,17.0,25.0,25.0,17.0,19.0,15.0,25.0,24.0
page-blocks-1-3_vs_4,glos,7.0,7.0,15.5,15.0,14.0,13.0,15.0,15.0,16.0,13.5,9.0
page-blocks-1-3_vs_4,mc_ccr,7.0,7.0,8.5,8.5,8.0,8.0,8.5,8.5,9.5,8.0,11.0
page-blocks-1-3_vs_4,mc_evhs,18.5,19.0,24.0,25.0,17.0,20.0,25.0,25.0,25.0,19.0,8.0
page-blocks-1-3_vs_4,mc_nro,15.5,15.0,15.5,16.0,13.0,14.0,16.0,16.0,18.0,13.5,21.0
page-blocks-1-3_vs_4,mc_rbo,7.0,7.0,3.0,3.0,3.0,3.0,3.0,3.0,3.0,3.0,25.0
page-blocks-1-3_vs_4,mdo,15.5,17.0,20.0,20.0,15.0,15.0,20.0,20.0,22.0,15.0,13.0
page-blocks-1-3_vs_4,multirandbal,18.5,20.0,12.5,11.5,11.5,11.5,11.5,11.5,13.5,11.5,5.0
page-blocks-1-3_vs_4,nromm,7.0,7.0,3.0,3.0,3.0,3.0,3.0,3.0,3.0,3.0,14.0
page-blocks-1-3_vs_4,ocsv_us,29.0,27.0,29.0,28.0,28.0,28.0,28.0,28.0,28.0,28.0,23.0
page-blocks-1-3_vs_4,orem_m,7.0,7.0,18.5,19.0,23.0,23.0,19.0,18.0,17.0,23.0,12.0
page-blocks-1-3_vs_4,oremboost,21.0,22.0,12.5,11.5,11.5,11.5,11.5,11.5,13.5,11.5,26.0
page-blocks-1-3_vs_4,pt_bagging,15.5,15.0,11.0,13.0,16.0,16.0,13.0,13.0,7.0,16.0,2.0
page-blocks-1-3_vs_4,s_smote,24.0,23.0,21.0,21.0,26.0,26.0,21.0,21.0,21.0,26.0,22.0
page-blocks-1-3_vs_4,scut,7.0,7.0,8.5,8.5,8.0,8.0,8.5,8.5,9.5,8.0,20.0
page-blocks-1-3_vs_4,shsampler,23.0,24.0,26.0,26.0,21.0,21.0,26.0,26.0,26.0,21.0,10.0
page-blocks-1-3_vs_4,smom,7.0,7.0,3.0,3.0,3.0,3.0,3.0,3.0,3.0,3.0,19.0
page-blocks-1-3_vs_4,soup,22.0,21.0,18.5,18.0,19.0,18.0,18.0,17.0,19.0,18.0,17.0
page-blocks0,DBCF,3.0,3.0,14.0,14.0,4.0,4.0,14.0,14.0,16.0,4.0,24.0
page-blocks0,DEAHS,2.0,2.0,23.0,23.0,1.0,1.0,23.0,23.0,24.0,1.0,27.0
page-blocks0,DeepSMOTE,19.0,15.0,7.0,9.0,18.0,18.0,9.0,10.0,7.0,18.0,17.0
page-blocks0,SPE,1.0,1.0,1.0,1.0,14.0,14.0,1.0,1.0,3.0,14.0,20.0
page-blocks0,adaboost_ad,29.0,28.0,29.0,29.0,29.0,29.0,29.0,29.0,29.0,29.0,13.0
page-blocks0,amcs,22.0,23.0,20.0,22.0,27.0,27.0,22.0,22.0,14.0,27.0,18.0
page-blocks0,des_mi,18.0,21.0,21.0,20.0,6.0,7.0,20.0,20.0,22.0,7.0,5.0
page-blocks0,dpse,25.0,22.0,10.0,13.0,17.0,17.0,13.0,13.0,9.0,17.0,7.0
page-blocks0,drcw_aseg,21.0,12.0,4.0,4.0,20.0,20.0,4.0,4.0,2.0,20.0,9.0
page-blocks0,e_evrs,27.0,29.0,27.0,26.0,23.0,23.0,26.0,26.0,27.0,23.0,14.0
page-blocks0,easy_bpnn,24.0,24.0,25.0,24.0,24.0,25.0,24.0,24.0,25.0,25.0,16.0
page-blocks0,evinci,10.0,6.0,3.0,2.0,15.0,15.0,2.0,2.0,6.0,15.0,25.0
page-blocks0,glos,6.0,9.0,15.0,15.0,8.0,9.0,15.0,15.0,15.0,9.0,2.0
page-blocks0,mc_ccr,4.0,7.0,11.0,7.0,7.0,6.0,7.0,7.0,12.0,6.0,4.0
page-blocks0,mc_evhs,23.0,26.0,28.0,27.0,25.0,24.0,27.0,27.0,28.0,24.0,6.0
page-blocks0,mc_nro,11.0,19.0,9.0,8.0,10.0,10.0,8.0,8.0,10.0,10.0,26.0
page-blocks0,mc_rbo,12.0,5.0,6.0,5.0,16.0,16.0,5.0,5.0,8.0,16.0,29.0
page-blocks0,mdo,15.0,11.0,5.0,6.0,19.0,19.0,6.0,6.0,5.0,19.0,3.0
page-blocks0,multirandbal,13.0,18.0,16.0,16.0,13.0,13.0,16.0,16.0,17.0,13.0,10.0
page-blocks0,nromm,16.0,13.0,17.0,17.0,12.0,12.0,17.0,17.0,18.0,12.0,22.0
page-blocks0,ocsv_us,28.0,27.0,24.0,28.0,28.0,28.0,28.0,28.0,19.0,28.0,12.0
page-blocks0,orem_m,17.0,16.0,13.0,12.0,5.0,5.0,12.0,11.0,13.0,5.0,11.0
page-blocks0,oremboost,7.0,4.0,8.0,11.0,21.0,21.0,11.0,12.0,4.0,21.0,23.0
page-blocks0,pt_bagging,20.0,10.0,2.0,3.0,22.0,22.0,3.0,3.0,1.0,22.0,8.0
page-blocks0,s_smote,26.0,25.0,26.0,25.0,26.0,26.0,25.0,25.0,26.0,26.0,19.0
page-blocks0,scut,9.0,14.0,18.0,18.0,11.0,11.0,18.0,18.0,20.0,11.0,15.0
page-blocks0,shsampler,14.0,20.0,22.0,21.0,2.0,2.0,21.0,21.0,23.0,2.0,1.0
page-blocks0,smom,5.0,8.0,12.0,10.0,9.0,8.0,10.0,9.0,11.0,8.0,21.0
page-blocks0,soup,8.0,17.0,19.0,19.0,3.0,3.0,19.0,19.0,21.0,3.0,28.0
pageblocks,DEAHS,11.0,6.0,11.5,5.0,6.0,6.0,7.0,6.0,6.0,3.0,28.0
pageblocks,DeepSMOTE,1.0,1.0,19.0,21.0,26.0,25.0,20.0,20.0,22.0,24.0,14.0
pageblocks,SPE,24.0,19.0,28.0,26.0,3.0,14.0,28.0,27.0,26.0,11.0,26.0
pageblocks,adaboost_ad,23.0,28.0,26.0,27.0,9.0,11.0,26.0,26.0,28.0,17.0,4.0
pageblocks,amcs,20.0,2.0,7.0,2.0,5.0,8.0,12.0,12.0,2.0,6.0,9.0
pageblocks,des_mi,7.0,14.0,14.5,14.0,14.0,12.0,13.0,13.0,12.0,13.0,8.0
pageblocks,dpse,25.0,25.0,10.0,10.0,18.0,19.0,9.0,9.0,7.0,14.0,3.0
pageblocks,drcw_aseg,16.0,13.0,2.0,6.0,13.0,10.0,3.0,3.0,5.0,12.0,13.0
pageblocks,e_evrs,28.0,27.0,22.0,24.0,27.0,26.0,24.0,24.0,24.0,26.0,22.0
pageblocks,easy_bpnn,14.0,24.0,25.0,9.0,1.0,1.0,23.0,23.0,11.0,1.0,23.0
pageblocks,evinci,3.0,16.0,5.5,4.0,4.0,3.0,4.0,4.0,4.0,5.0,20.0
pageblocks,glos,18.0,11.0,3.0,3.0,8.0,5.0,2.0,2.0,3.0,7.0,6.0
pageblocks,mc_ccr,19.0,20.0,14.5,22.0,25.0,21.0,16.0,16.0,21.0,23.0,5.0
pageblocks,mc_evhs,13.0,9.0,8.0,12.0,16.0,16.0,6.0,7.0,10.0,18.0,11.0
pageblocks,mc_nro,26.0,26.0,14.5,17.0,21.0,22.0,14.0,14.0,19.0,19.0,27.0
pageblocks,mc_rbo,4.0,10.0,9.0,25.0,28.0,27.0,15.0,15.0,25.0,27.0,25.0
pageblocks,mdo,17.0,8.0,4.0,7.0,10.0,7.0,5.0,5.0,9.0,8.0,10.0
pageblocks,multirandbal,21.0,17.0,20.0,16.0,17.0,15.0,19.0,19.0,20.0,15.0,12.0
pageblocks,nromm,6.0,3.0,5.5,20.0,20.0,24.0,8.0,8.0,13.0,25.0,17.0
pageblocks,ocsv_us,27.0,23.0,27.0,28.0,24.0,28.0,27.0,28.0,27.0,28.0,21.0
pageblocks,orem_m,22.0,21.0,18.0,15.0,15.0,17.0,18.0,18.0,17.0,16.0,7.0
pageblocks,oremboost,5.0,12.0,17.0,18.0,22.0,18.0,17.0,17.0,14.0,21.0,19.0
pageblocks,pt_bagging,2.0,5.0,1.0,1.0,7.0,4.0,1.0,1.0,1.0,4.0,1.0
pageblocks,s_smote,15.0,22.0,23.0,23.0,23.0,23.0,25.0,25.0,23.0,22.0,15.0
pageblocks,scut,8.0,4.0,14.5,8.0,12.0,9.0,10.0,11.0,8.0,9.0,16.0
pageblocks,shsampler,9.0,15.0,24.0,11.0,2.0,2.0,22.0,22.0,16.0,2.0,2.0
pageblocks,smom,10.0,7.0,11.5,19.0,19.0,20.0,11.0,10.0,15.0,20.0,24.0
pageblocks,soup,12.0,18.0,21.0,13.0,11.0,13.0,21.0,21.0,18.0,10.0,18.0
penbased,DEAHS,3.0,3.0,4.0,4.0,4.0,4.0,4.0,4.0,4.0,4.0,28.0
penbased,DeepSMOTE,10.0,6.0,3.0,3.0,3.0,3.0,3.0,3.0,3.0,3.0,18.0
penbased,SPE,1.0,1.0,1.0,1.0,1.0,1.0,1.0,1.0,1.0,1.0,23.0
penbased,adaboost_ad,26.0,26.0,23.0,23.0,23.0,23.0,23.0,23.0,23.0,23.0,8.0
penbased,amcs,23.0,23.0,24.0,24.0,24.0,24.0,24.0,24.0,24.0,24.0,25.0
penbased,des_mi,21.0,18.0,19.0,19.0,19.0,19.0,19.0,19.0,19.0,19.0,6.0
penbased,dpse,28.0,28.0,25.0,25.0,25.0,25.0,25.0,25.0,25.0,25.0,7.0
penbased,drcw_aseg,20.0,21.0,20.0,20.0,20.0,20.0,20.0,20.0,20.0,20.0,15.0
penbased,e_evrs,27.0,24.0,26.0,26.0,26.0,26.0,26.0,26.0,26.0,26.0,26.0
penbased,easy_bpnn,22.0,22.0,18.0,18.0,18.0,18.0,18.0,18.0,18.0,18.0,27.0
penbased,evinci,19.0,20.0,22.0,22.0,21.0,22.0,22.0,22.0,22.0,22.0,22.0
penbased,glos,12.0,8.0,5.0,5.0,5.0,5.0,5.0,5.0,5.0,5.0,5.0
penbased,mc_ccr,5.0,4.0,11.0,12.0,12.0,12.0,12.0,10.0,12.0,12.0,1.0
penbased,mc_evhs,7.0,13.0,17.0,17.0,17.0,17.0,17.0,17.0,17.0,17.0,19.0
penbased,mc_nro,17.0,17.0,15.0,15.0,15.0,15.0,15.0,15.0,15.0,15.0,13.0
penbased,mc_rbo,14.0,14.0,11.0,11.0,11.0,11.0,11.0,11.0,10.0,11.0,14.0
penbased,mdo,9.0,11.0,7.5,7.0,9.0,6.0,7.0,7.0,7.0,6.5,2.0
penbased,multirandbal,16.0,15.0,14.0,14.0,14.0,14.0,14.0,14.0,14.0,14.0,10.0
penbased,nromm,4.0,5.0,13.0,13.0,13.0,13.0,13.0,13.0,13.0,13.0,12.0
penbased,ocsv_us,24.0,25.0,27.0,27.0,27.0,27.0,27.0,27.0,27.0,27.0,21.0
penbased,orem_m,11.0,12.0,7.5,6.0,7.0,8.0,9.0,8.0,8.0,8.0,16.0
penbased,oremboost,25.0,27.0,28.0,28.0,28.0,28.0,28.0,28.0,28.0,28.0,24.0
penbased,pt_bagging,15.0,16.0,16.0,16.0,16.0,16.0,16.0,16.0,16.0,16.0,4.0
penbased,s_smote,18.0,19.0,21.0,21.0,22.0,21.0,21.0,21.0,21.0,21.0,17.0
penbased,scut,2.0,2.0,2.0,2.0,2.0,2.0,2.0,2.0,2.0,2.0,20.0
penbased,shsampler,13.0,10.0,7.5,9.0,8.0,9.0,8.0,9.0,9.0,9.0,3.0
penbased,smom,6.0,7.0,7.5,8.0,6.0,7.0,6.0,6.0,6.0,6.5,9.0
penbased,soup,8.0,9.0,11.0,10.0,10.0,10.0,10.0,12.0,11.0,10.0,11.0
pima,DBCF,2.0,2.0,1.0,1.0,3.0,1.0,1.0,1.0,1.0,2.0,27.0
pima,DEAHS,4.0,4.0,6.0,3.0,2.0,3.0,3.0,3.0,4.0,3.0,29.0
pima,DeepSMOTE,21.0,22.0,17.0,21.0,24.0,23.0,22.0,22.0,21.0,24.0,14.0
pima,SPE,5.0,7.0,10.0,6.0,6.0,6.0,6.0,7.0,7.0,6.0,28.0
pima,adaboost_ad,25.0,27.0,15.0,25.0,26.0,22.0,24.0,23.0,15.0,26.0,10.0
pima,amcs,26.0,24.0,28.0,28.0,28.0,28.0,28.0,28.0,28.0,28.0,26.0
pima,des_mi,24.0,25.0,27.0,23.0,13.0,10.0,20.0,13.0,19.0,10.0,4.0
pima,dpse,28.0,26.0,26.0,27.0,27.0,27.0,27.0,27.0,27.0,27.0,1.0
pima,drcw_aseg,18.0,11.0,9.0,14.0,20.0,17.0,15.0,18.0,13.0,20.0,3.0
pima,e_evrs,27.0,28.0,23.0,24.0,22.0,25.0,25.0,25.0,26.0,22.0,18.0
pima,easy_bpnn,1.0,1.0,12.0,7.0,7.0,7.0,8.0,8.0,8.0,7.0,22.0
pima,evinci,3.0,5.0,2.0,2.0,9.0,8.0,4.0,5.0,2.0,9.0,25.0
pima,glos,19.0,19.0,18.0,16.0,14.0,16.0,16.0,15.0,17.0,14.0,7.0
pima,mc_ccr,20.0,18.0,20.0,22.0,23.0,24.0,23.0,24.0,24.0,23.0,6.0
pima,mc_evhs,22.0,23.0,25.0,20.0,11.0,15.0,19.0,19.0,22.0,13.0,9.0
pima,mc_nro,6.0,6.0,19.0,11.0,8.0,9.0,10.0,9.0,12.0,8.0,13.0
pima,mc_rbo,13.0,14.0,4.0,10.0,15.0,12.0,11.0,11.0,11.0,15.0,20.0
pima,mdo,9.0,3.0,11.0,15.0,18.0,18.0,14.0,17.0,14.0,17.0,8.0
pima,multirandbal,8.0,8.0,5.0,9.0,12.0,11.0,9.0,10.0,10.0,11.0,15.0
pima,nromm,15.0,21.0,14.0,13.0,16.0,19.0,13.0,16.0,16.0,16.0,12.0
pima,ocsv_us,29.0,29.0,29.0,29.0,29.0,29.0,29.0,29.0,29.0,29.0,24.0
pima,orem_m,14.0,15.0,22.0,19.0,17.0,21.0,21.0,21.0,23.0,19.0,11.0
pima,oremboost,23.0,20.0,21.0,26.0,25.0,26.0,26.0,26.0,25.0,25.0,21.0
pima,pt_bagging,16.0,12.0,3.0,12.0,21.0,14.0,12.0,12.0,6.0,18.0,2.0
pima,s_smote,17.0,9.0,24.0,18.0,10.0,13.0,17.0,14.0,20.0,12.0,23.0
pima,scut,12.0,16.0,7.0,4.0,1.0,2.0,2.0,2.0,3.0,1.0,17.0
pima,shsampler,11.0,17.0,8.0,5.0,5.0,5.0,5.0,4.0,5.0,5.0,5.0
pima,smom,7.0,13.0,16.0,17.0,19.0,20.0,18.0,20.0,18.0,21.0,19.0
pima,soup,10.0,10.0,13.0,8.0,4.0,4.0,7.0,6.0,9.0,4.0,16.0
poker-8-9_vs_5,DBCF,17.0,16.0,15.0,6.0,14.0,15.0,6.0,9.0,6.0,12.0,25.0
poker-8-9_vs_5,DEAHS,12.0,14.0,26.0,26.0,1.0,25.0,12.0,8.0,12.0,1.0,28.0
poker-8-9_vs_5,DeepSMOTE,9.0,7.0,6.0,14.0,21.0,8.0,21.0,21.0,21.0,21.0,17.0
poker-8-9_vs_5,SPE,27.0,25.0,29.0,29.0,4.0,27.0,14.0,14.0,13.0,7.0,26.0
poker-8-9_vs_5,adaboost_ad,23.0,28.0,25.0,25.0,2.0,26.0,10.0,7.0,10.0,3.0,10.0
poker-8-9_vs_5,amcs,22.0,27.0,23.0,23.0,9.0,23.0,13.0,13.0,15.0,8.0,1.0
poker-8-9_vs_5,des_mi,24.0,20.0,22.0,9.0,11.0,22.0,9.0,11.0,9.0,9.0,11.0
poker-8-9_vs_5,dpse,19.0,6.0,18.0,3.0,10.0,19.0,3.0,4.0,5.0,6.0,6.0
poker-8-9_vs_5,drcw_aseg,7.0,3.0,6.0,14.0,21.0,8.0,21.0,21.0,21.0,21.0,3.0
poker-8-9_vs_5,e_evrs,25.0,21.0,17.0,7.0,15.0,20.0,7.0,10.0,7.0,14.0,18.0
poker-8-9_vs_5,easy_bpnn,28.0,22.0,27.0,27.0,5.0,28.0,15.0,15.0,14.0,10.0,14.0
poker-8-9_vs_5,evinci,11.0,1.0,1.0,4.0,12.0,2.0,4.0,3.0,1.0,11.0,22.0
poker-8-9_vs_5,glos,20.0,23.0,11.5,19.5,26.5,13.5,26.5,26.5,26.5,26.5,4.0
poker-8-9_vs_5,mc_ccr,18.0,19.0,6.0,14.0,21.0,8.0,21.0,21.0,21.0,21.0,7.0
poker-8-9_vs_5,mc_evhs,14.0,17.0,16.0,5.0,13.0,17.0,5.0,5.0,2.0,13.0,9.0
poker-8-9_vs_5,mc_nro,13.0,12.0,6.0,14.0,21.0,8.0,21.0,21.0,21.0,21.0,29.0
poker-8-9_vs_5,mc_rbo,4.0,11.0,11.5,19.5,26.5,13.5,26.5,26.5,26.5,26.5,27.0
poker-8-9_vs_5,mdo,26.0,26.0,6.0,14.0,21.0,8.0,21.0,21.0,21.0,21.0,12.0
poker-8-9_vs_5,multirandbal,10.0,4.0,19.0,1.0,7.0,1.0,1.0,1.0,3.0,4.0,13.0
poker-8-9_vs_5,nromm,15.0,10.0,6.0,14.0,21.0,8.0,21.0,21.0,21.0,21.0,21.0
poker-8-9_vs_5,ocsv_us,29.0,29.0,28.0,28.0,6.0,29.0,16.0,16.0,16.0,16.0,20.0
poker-8-9_vs_5,orem_m,3.0,8.0,6.0,14.0,21.0,8.0,21.0,21.0,21.0,21.0,8.0
poker-8-9_vs_5,oremboost,1.0,2.0,21.0,2.0,8.0,3.0,2.0,2.0,4.0,5.0,15.0
poker-8-9_vs_5,pt_bagging,6.0,5.0,6.0,14.0,21.0,8.0,21.0,21.0,21.0,21.0,2.0
poker-8-9_vs_5,s_smote,21.0,24.0,24.0,24.0,3.0,24.0,11.0,6.0,11.0,2.0,19.0
poker-8-9_vs_5,scut,8.0,9.0,20.0,8.0,16.0,21.0,8.0,12.0,8.0,15.0,16.0
poker-8-9_vs_5,shsampler,2.0,15.0,13.0,21.0,28.0,16.0,28.0,29.0,28.0,28.0,5.0
poker-8-9_vs_5,smom,16.0,13.0,14.0,22.0,29.0,18.0,29.0,28.0,29.0,29.0,23.0
poker-8-9_vs_5,soup,5.0,18.0,6.0,14.0,21.0,8.0,21.0,21.0,21.0,21.0,24.0
poker-8-9_vs_6,DBCF,5.0,6.0,3.5,3.0,5.0,5.0,3.0,3.0,3.0,3.5,25.0
poker-8-9_vs_6,DEAHS,19.0,18.0,25.0,25.0,4.0,17.0,24.0,20.0,23.0,7.0,29.0
poker-8-9_vs_6,DeepSMOTE,9.0,11.0,14.5,16.0,22.0,13.5,16.0,16.0,16.0,17.5,17.0
poker-8-9_vs_6,SPE,25.0,23.0,27.0,27.0,17.0,28.0,26.0,25.0,26.0,20.0,27.0
poker-8-9_vs_6,adaboost_ad,23.0,27.0,26.0,26.0,9.0,24.0,23.0,21.0,24.0,12.0,10.0
poker-8-9_vs_6,amcs,28.0,29.0,24.0,24.0,23.0,26.0,25.0,26.0,25.0,24.0,1.0
poker-8-9_vs_6,des_mi,3.0,9.0,6.5,4.0,3.0,6.0,4.0,4.0,8.0,5.0,9.0
poker-8-9_vs_6,dpse,22.0,24.0,20.5,19.0,25.0,21.0,19.0,19.0,18.0,23.0,6.0
poker-8-9_vs_6,drcw_aseg,18.0,21.0,18.0,20.0,27.0,20.0,20.0,22.0,21.0,25.0,3.0
poker-8-9_vs_6,e_evrs,26.0,25.0,22.0,21.0,26.0,25.0,21.0,23.0,20.0,26.0,16.0
poker-8-9_vs_6,easy_bpnn,29.0,28.0,28.0,28.0,20.0,29.0,29.0,28.0,28.0,28.0,14.0
poker-8-9_vs_6,evinci,17.0,14.0,12.5,11.0,14.0,12.0,11.0,11.0,11.0,14.0,23.0
poker-8-9_vs_6,glos,7.0,3.0,8.0,7.0,10.0,8.0,7.0,7.0,5.0,10.0,4.0
poker-8-9_vs_6,mc_ccr,8.0,4.0,6.5,9.0,12.0,4.0,9.0,9.0,10.0,8.0,5.0
poker-8-9_vs_6,mc_evhs,14.0,17.0,14.5,14.0,19.0,16.0,14.0,14.0,13.0,17.5,13.0
poker-8-9_vs_6,mc_nro,12.0,12.0,19.0,22.0,28.0,22.0,22.0,24.0,22.0,27.0,28.0
poker-8-9_vs_6,mc_rbo,11.0,16.0,17.0,17.0,24.0,19.0,18.0,18.0,17.0,21.0,22.0
poker-8-9_vs_6,mdo,1.0,1.0,1.0,1.0,1.0,1.0,1.0,1.0,1.0,1.0,12.0
poker-8-9_vs_6,multirandbal,21.0,20.0,12.5,13.0,16.0,15.0,13.0,13.0,15.0,16.0,11.0
poker-8-9_vs_6,nromm,6.0,7.0,9.0,8.0,11.0,9.0,8.0,8.0,6.0,11.0,20.0
poker-8-9_vs_6,ocsv_us,27.0,26.0,29.0,29.0,18.0,27.0,27.0,27.0,27.0,22.0,21.0
poker-8-9_vs_6,orem_m,16.0,13.0,11.0,12.0,15.0,13.5,12.0,12.0,12.0,15.0,8.0
poker-8-9_vs_6,oremboost,2.0,2.0,2.0,2.0,2.0,2.0,2.0,2.0,2.0,2.0,15.0
poker-8-9_vs_6,pt_bagging,20.0,22.0,20.5,23.0,29.0,23.0,28.0,29.0,29.0,29.0,2.0
poker-8-9_vs_6,s_smote,24.0,19.0,23.0,18.0,7.0,10.0,17.0,17.0,19.0,9.0,19.0
poker-8-9_vs_6,scut,15.0,10.0,5.0,5.0,6.0,7.0,5.0,5.0,4.0,6.0,18.0
poker-8-9_vs_6,shsampler,4.0,5.0,3.5,6.0,8.0,3.0,6.0,6.0,9.0,3.5,7.0
poker-8-9_vs_6,smom,13.0,8.0,10.0,10.0,13.0,11.0,10.0,10.0,7.0,13.0,26.0
poker-8-9_vs_6,soup,10.0,15.0,16.0,15.0,21.0,18.0,15.0,15.0,14.0,19.0,24.0
poker-8_vs_6,DBCF,9.0,12.0,6.5,6.5,10.5,8.5,6.5,6.5,6.0,7.5,25.0
poker-8_vs_6,DEAHS,26.0,24.0,25.0,25.0,8.0,27.0,23.0,23.0,23.0,23.0,29.0
poker-8_vs_6,DeepSMOTE,14.0,10.0,16.0,17.0,22.0,17.0,17.0,17.0,17.0,19.0,18.0
poker-8_vs_6,SPE,28.0,25.0,27.0,27.0,16.0,29.0,28.0,29.0,25.0,29.0,27.0
poker-8_vs_6,adaboost_ad,22.0,27.0,26.0,26.0,3.0,25.0,21.0,20.0,21.0,9.0,9.0
poker-8_vs_6,amcs,27.0,28.0,24.0,24.0,29.0,24.0,29.0,27.0,29.0,27.0,1.0
poker-8_vs_6,des_mi,8.0,5.0,5.0,1.0,1.0,1.0,1.0,1.0,2.0,1.0,8.0
poker-8_vs_6,dpse,23.0,21.0,22.0,19.0,24.0,23.0,19.0,19.0,19.0,22.0,7.0
poker-8_vs_6,drcw_aseg,17.0,20.0,19.5,22.0,27.0,21.0,25.0,25.0,27.0,25.0,3.0
poker-8_vs_6,e_evrs,21.0,22.0,19.5,20.0,25.0,19.0,20.0,21.0,20.0,21.0,15.0
poker-8_vs_6,easy_bpnn,29.0,29.0,29.0,29.0,19.0,28.0,27.0,28.0,24.0,28.0,14.0
poker-8_vs_6,evinci,20.0,13.0,11.5,11.5,14.5,13.5,11.5,11.5,9.5,13.5,22.0
poker-8_vs_6,glos,1.0,1.0,1.0,2.0,2.0,4.0,2.0,2.0,1.0,2.0,13.0
poker-8_vs_6,mc_ccr,6.0,2.0,3.0,5.0,9.0,5.0,5.0,4.0,4.0,6.0,4.0
poker-8_vs_6,mc_evhs,5.0,6.0,8.0,8.0,12.0,10.0,8.0,8.0,6.0,10.0,10.0
poker-8_vs_6,mc_nro,18.0,18.0,19.5,22.0,27.0,21.0,25.0,25.0,27.0,25.0,28.0
poker-8_vs_6,mc_rbo,11.0,17.0,17.0,18.0,23.0,18.0,18.0,18.0,18.0,20.0,24.0
poker-8_vs_6,mdo,12.0,7.0,14.0,14.0,17.0,16.0,14.0,13.0,11.0,16.0,11.0
poker-8_vs_6,multirandbal,16.0,14.0,4.0,4.0,6.0,3.0,4.0,5.0,12.0,4.0,12.0
poker-8_vs_6,nromm,15.0,8.0,11.5,11.5,14.5,13.5,11.5,11.5,9.5,13.5,16.0
poker-8_vs_6,ocsv_us,25.0,26.0,28.0,28.0,7.0,26.0,22.0,22.0,22.0,17.0,21.0
poker-8_vs_6,orem_m,10.0,15.0,15.0,16.0,21.0,15.0,16.0,16.0,16.0,18.0,6.0
poker-8_vs_6,oremboost,7.0,11.0,6.5,6.5,10.5,8.5,6.5,6.5,6.0,7.5,17.0
poker-8_vs_6,pt_bagging,19.0,23.0,19.5,22.0,27.0,21.0,25.0,25.0,27.0,25.0,2.0
poker-8_vs_6,s_smote,24.0,19.0,23.0,9.0,4.0,6.0,9.0,10.0,13.0,5.0,19.0
poker-8_vs_6,scut,2.0,9.0,13.0,15.0,20.0,11.0,15.0,15.0,15.0,15.0,20.0
poker-8_vs_6,shsampler,3.0,3.0,2.0,3.0,5.0,2.0,3.0,3.0,3.0,3.0,5.0
poker-8_vs_6,smom,4.0,4.0,9.0,13.0,18.0,7.0,13.0,14.0,14.0,11.5,26.0
poker-8_vs_6,soup,13.0,16.0,10.0,10.0,13.0,12.0,10.0,9.0,8.0,11.5,23.0
poker-9_vs_7,DBCF,8.0,6.0,6.5,4.0,7.0,8.0,4.0,3.0,3.0,7.0,26.0
poker-9_vs_7,DEAHS,18.0,19.0,26.0,24.0,2.0,6.0,17.0,14.0,24.0,4.0,29.0
poker-9_vs_7,DeepSMOTE,5.0,8.0,4.0,6.0,11.0,10.0,6.0,7.0,6.0,11.0,16.0
poker-9_vs_7,SPE,23.0,27.0,27.0,25.0,1.0,2.0,18.0,13.0,23.0,1.0,28.0
poker-9_vs_7,adaboost_ad,22.0,26.0,25.0,12.0,3.0,3.0,11.0,5.0,10.0,3.0,5.0
poker-9_vs_7,amcs,28.0,28.0,24.0,26.0,22.0,27.0,27.0,27.0,27.0,21.0,4.0
poker-9_vs_7,des_mi,17.0,22.0,23.0,16.0,18.0,25.0,16.0,18.0,13.0,20.0,10.0
poker-9_vs_7,dpse,27.0,23.0,13.0,10.0,9.0,5.0,8.0,9.0,11.0,8.0,1.0
poker-9_vs_7,drcw_aseg,19.0,18.0,18.0,22.0,28.0,24.0,24.0,24.0,22.0,27.0,3.0
poker-9_vs_7,e_evrs,25.0,25.0,21.0,23.0,21.0,18.0,25.0,25.0,25.0,19.0,14.0
poker-9_vs_7,easy_bpnn,26.0,24.0,28.0,28.0,5.0,28.0,26.0,26.0,26.0,9.0,15.0
poker-9_vs_7,evinci,21.0,21.0,20.0,15.0,20.0,17.0,15.0,17.0,15.0,18.0,25.0
poker-9_vs_7,glos,4.0,10.0,13.0,19.0,25.0,21.0,21.0,21.0,19.0,24.0,8.0
poker-9_vs_7,mc_ccr,16.0,11.0,18.0,27.0,29.0,26.0,28.0,28.0,29.0,28.0,7.0
poker-9_vs_7,mc_evhs,13.0,16.0,22.0,13.0,16.0,16.0,13.0,15.0,16.0,16.0,13.0
poker-9_vs_7,mc_nro,1.0,3.0,13.0,19.0,25.0,21.0,21.0,21.0,19.0,24.0,27.0
poker-9_vs_7,mc_rbo,15.0,7.0,13.0,19.0,25.0,21.0,21.0,21.0,19.0,24.0,18.0
poker-9_vs_7,mdo,6.0,2.0,13.0,19.0,25.0,21.0,21.0,21.0,19.0,24.0,12.0
poker-9_vs_7,multirandbal,24.0,17.0,8.5,8.5,13.5,12.5,9.5,10.5,8.5,13.5,11.0
poker-9_vs_7,nromm,7.0,9.0,4.0,6.0,11.0,10.0,6.0,7.0,6.0,11.0,17.0
poker-9_vs_7,ocsv_us,29.0,29.0,29.0,29.0,17.0,29.0,29.0,29.0,28.0,29.0,24.0
poker-9_vs_7,orem_m,10.0,14.0,8.5,8.5,13.5,12.5,9.5,10.5,8.5,13.5,9.0
poker-9_vs_7,oremboost,2.0,1.0,1.5,3.0,8.0,4.0,3.0,4.0,4.0,6.0,22.0
poker-9_vs_7,pt_bagging,20.0,20.0,13.0,19.0,25.0,21.0,21.0,21.0,19.0,24.0,2.0
poker-9_vs_7,s_smote,3.0,4.0,1.5,1.0,4.0,1.0,1.0,1.0,1.0,2.0,19.0
poker-9_vs_7,scut,12.0,13.0,18.0,11.0,15.0,14.0,12.0,12.0,12.0,15.0,21.0
poker-9_vs_7,shsampler,9.0,5.0,13.0,2.0,6.0,7.0,2.0,2.0,2.0,5.0,6.0
poker-9_vs_7,smom,14.0,12.0,4.0,6.0,11.0,10.0,6.0,7.0,6.0,11.0,23.0
poker-9_vs_7,soup,11.0,15.0,6.5,14.0,19.0,15.0,14.0,16.0,14.0,17.0,20.0
segment0,DBCF,6.0,6.0,14.0,17.0,20.0,20.0,17.0,17.0,11.0,20.0,22.0
segment0,DEAHS,10.0,10.0,24.0,21.0,17.0,17.0,21.0,21.0,26.0,17.0,28.0
segment0,DeepSMOTE,21.0,14.0,1.0,1.0,9.0,9.0,1.0,1.0,1.0,9.0,16.0
segment0,SPE,4.0,4.0,10.5,10.5,15.5,15.5,10.5,10.5,7.5,15.5,26.0
segment0,adaboost_ad,23.0,28.0,16.5,14.0,2.0,3.0,14.0,14.0,21.0,2.5,10.0
segment0,amcs,16.0,18.0,26.0,26.0,27.0,27.0,26.0,26.0,23.0,27.0,17.0
segment0,des_mi,27.0,25.0,19.0,19.0,21.0,21.0,19.0,19.0,14.0,21.0,7.0
segment0,dpse,28.0,26.0,18.0,18.0,18.0,18.0,18.0,18.0,16.0,18.0,1.0
segment0,drcw_aseg,24.0,21.0,22.5,22.0,23.0,22.0,22.0,22.0,22.0,23.0,9.0
segment0,e_evrs,29.0,29.0,25.0,25.0,26.0,26.0,25.0,25.0,25.0,26.0,13.0
segment0,easy_bpnn,17.0,23.0,27.0,27.0,22.0,23.0,27.0,27.0,27.0,22.0,19.0
segment0,evinci,18.0,20.0,21.0,24.0,25.0,25.0,24.0,24.0,15.0,25.0,24.0
segment0,glos,1.0,1.0,5.5,5.0,1.0,1.0,5.0,5.0,12.0,1.0,5.0
segment0,mc_ccr,22.0,15.0,7.5,8.0,12.0,12.0,8.0,8.0,6.0,12.0,4.0
segment0,mc_evhs,12.0,11.0,5.5,7.0,11.0,11.0,7.0,7.0,5.0,11.0,8.0
segment0,mc_nro,7.0,7.0,9.0,9.0,13.0,13.0,9.0,9.0,10.0,13.0,23.0
segment0,mc_rbo,2.0,2.0,3.0,2.5,4.5,4.5,2.5,2.5,3.5,4.5,29.0
segment0,mdo,14.0,12.0,10.5,10.5,15.5,15.5,10.5,10.5,7.5,15.5,3.0
segment0,multirandbal,20.0,16.0,20.0,20.0,19.0,19.0,20.0,20.0,24.0,19.0,11.0
segment0,nromm,8.0,8.0,7.5,6.0,6.0,6.0,6.0,6.0,9.0,6.0,15.0
segment0,ocsv_us,19.0,27.0,29.0,29.0,29.0,29.0,29.0,29.0,29.0,29.0,14.0
segment0,orem_m,9.0,9.0,16.5,16.0,8.0,7.0,16.0,15.0,17.0,7.5,12.0
segment0,oremboost,11.0,17.0,3.0,2.5,4.5,4.5,2.5,2.5,3.5,4.5,27.0
segment0,pt_bagging,25.0,22.0,22.5,23.0,24.0,24.0,23.0,23.0,19.0,24.0,6.0
segment0,s_smote,26.0,24.0,28.0,28.0,28.0,28.0,28.0,28.0,28.0,28.0,18.0
segment0,scut,3.0,3.0,12.0,12.0,14.0,14.0,12.0,12.0,13.0,14.0,25.0
segment0,shsampler,15.0,13.0,14.0,13.0,3.0,2.0,13.0,13.0,20.0,2.5,2.0
segment0,smom,5.0,5.0,3.0,4.0,10.0,10.0,4.0,4.0,2.0,10.0,20.0
segment0,soup,13.0,19.0,14.0,15.0,7.0,8.0,15.0,16.0,18.0,7.5,21.0
shuttle,DeepSMOTE,5.0,5.0,10.0,18.0,20.0,18.0,10.0,10.0,18.0,19.0,15.0
shuttle,SPE,24.0,24.0,25.0,25.0,22.0,26.0,25.0,25.0,25.0,25.0,20.0
shuttle,adaboost_ad,25.0,26.0,26.0,26.0,26.0,24.0,26.0,26.0,26.0,26.0,3.0
shuttle,amcs,10.0,13.0,21.0,15.0,17.0,17.0,21.0,21.0,13.0,16.0,18.0
shuttle,des_mi,15.0,15.0,20.0,16.0,15.0,15.0,20.0,20.0,16.0,14.0,2.0
shuttle,dpse,20.0,21.0,19.0,12.0,8.0,8.0,19.0,19.0,12.0,8.0,10.0
shuttle,drcw_aseg,26.0,25.0,16.5,11.0,13.0,14.0,17.0,17.0,11.0,13.0,8.0
shuttle,e_evrs,18.0,17.0,16.5,19.0,21.0,20.0,18.0,18.0,19.0,21.0,19.0
shuttle,easy_bpnn,22.0,22.0,23.0,23.0,23.0,23.0,23.0,23.0,24.0,23.0,17.0
shuttle,glos,11.0,12.0,16.5,20.0,14.0,13.0,16.0,16.0,20.0,18.0,6.0
shuttle,mc_ccr,5.0,5.0,4.0,3.0,5.0,5.0,3.0,3.0,3.0,5.0,5.0
shuttle,mc_evhs,5.0,5.0,6.5,6.0,6.0,6.0,7.0,7.0,6.0,6.0,11.0
shuttle,mc_nro,23.0,23.0,16.5,21.0,18.0,21.0,15.0,15.0,21.0,17.0,25.0
shuttle,mc_rbo,5.0,5.0,1.5,1.5,1.5,1.5,1.5,1.5,1.5,1.5,26.0
shuttle,mdo,13.0,11.0,8.5,9.0,10.0,11.0,9.0,9.0,8.0,10.0,9.0
shuttle,multirandbal,12.0,10.0,12.5,7.0,7.0,7.0,13.0,13.0,10.0,7.0,7.0
shuttle,nromm,5.0,5.0,1.5,1.5,1.5,1.5,1.5,1.5,1.5,1.5,16.0
shuttle,ocsv_us,14.0,14.0,24.0,24.0,25.0,25.0,24.0,24.0,23.0,24.0,13.0
shuttle,orem_m,5.0,5.0,4.0,4.5,3.5,3.5,4.5,4.5,4.5,3.5,12.0
shuttle,oremboost,19.0,19.0,6.5,8.0,9.0,9.0,6.0,6.0,7.0,9.0,24.0
shuttle,pt_bagging,17.0,16.0,14.0,14.0,16.0,16.0,14.0,14.0,14.0,15.0,1.0
shuttle,s_smote,21.0,20.0,22.0,22.0,24.0,22.0,22.0,22.0,22.0,22.0,14.0
shuttle,scut,5.0,5.0,8.5,10.0,11.0,10.0,8.0,8.0,9.0,11.0,22.0
shuttle,shsampler,16.0,18.0,11.0,17.0,19.0,19.0,11.0,11.0,17.0,20.0,4.0
shuttle,smom,5.0,5.0,4.0,4.5,3.5,3.5,4.5,4.5,4.5,3.5,23.0
shuttle,soup,5.0,5.0,12.5,13.0,12.0,12.0,12.0,12.0,15.0,12.0,21.0
shuttle-2_vs_5,DBCF,14.5,14.5,14.0,14.0,14.0,14.0,14.0,14.0,14.0,14.0,21.0
shuttle-2_vs_5,DEAHS,14.5,14.5,14.0,14.0,14.0,14.0,14.0,14.0,14.0,14.0,28.0
shuttle-2_vs_5,DeepSMOTE,14.5,14.5,14.0,14.0,14.0,14.0,14.0,14.0,14.0,14.0,19.0
shuttle-2_vs_5,SPE,14.5,14.5,14.0,14.0,14.0,14.0,14.0,14.0,14.0,14.0,24.0
shuttle-2_vs_5,adaboost_ad,29.0,29.0,29.0,28.0,29.0,29.0,28.0,28.0,28.0,29.0,12.0
shuttle-2_vs_5,amcs,14.5,14.5,14.0,14.0,14.0,14.0,14.0,14.0,14.0,14.0,20.0
shuttle-2_vs_5,des_mi,14.5,14.5,14.0,14.0,14.0,14.0,14.0,14.0,14.0,14.0,3.0
shuttle-2_vs_5,dpse,14.5,14.5,14.0,14.0,14.0,14.0,14.0,14.0,14.0,14.0,11.0
shuttle-2_vs_5,drcw_aseg,14.5,14.5,14.0,14.0,14.0,14.0,14.0,14.0,14.0,14.0,2.0
shuttle-2_vs_5,e_evrs,14.5,14.5,14.0,14.0,14.0,14.0,14.0,14.0,14.0,14.0,18.0
shuttle-2_vs_5,easy_bpnn,14.5,14.5,14.0,14.0,14.0,14.0,14.0,14.0,14.0,14.0,13.0
shuttle-2_vs_5,evinci,14.5,14.5,14.0,14.0,14.0,14.0,14.0,14.0,14.0,14.0,23.0
shuttle-2_vs_5,glos,14.5,14.5,14.0,14.0,14.0,14.0,14.0,14.0,14.0,14.0,5.0
shuttle-2_vs_5,mc_ccr,14.5,14.5,14.0,14.0,14.0,14.0,14.0,14.0,14.0,14.0,6.0
shuttle-2_vs_5,mc_evhs,14.5,14.5,14.0,14.0,14.0,14.0,14.0,14.0,14.0,14.0,9.0
shuttle-2_vs_5,mc_nro,14.5,14.5,14.0,14.0,14.0,14.0,14.0,14.0,14.0,14.0,26.0
shuttle-2_vs_5,mc_rbo,14.5,14.5,14.0,14.0,14.0,14.0,14.0,14.0,14.0,14.0,29.0
shuttle-2_vs_5,mdo,14.5,14.5,14.0,14.0,14.0,14.0,14.0,14.0,14.0,14.0,10.0
shuttle-2_vs_5,multirandbal,14.5,14.5,14.0,14.0,14.0,14.0,14.0,14.0,14.0,14.0,4.0
shuttle-2_vs_5,nromm,14.5,14.5,14.0,14.0,14.0,14.0,14.0,14.0,14.0,14.0,15.0
shuttle-2_vs_5,ocsv_us,14.5,14.5,28.0,29.0,28.0,28.0,29.0,29.0,29.0,28.0,17.0
shuttle-2_vs_5,orem_m,14.5,14.5,14.0,14.0,14.0,14.0,14.0,14.0,14.0,14.0,8.0
shuttle-2_vs_5,oremboost,14.5,14.5,14.0,14.0,14.0,14.0,14.0,14.0,14.0,14.0,14.0
shuttle-2_vs_5,pt_bagging,14.5,14.5,14.0,14.0,14.0,14.0,14.0,14.0,14.0,14.0,1.0
shuttle-2_vs_5,s_smote,14.5,14.5,14.0,14.0,14.0,14.0,14.0,14.0,14.0,14.0,16.0
shuttle-2_vs_5,scut,14.5,14.5,14.0,14.0,14.0,14.0,14.0,14.0,14.0,14.0,22.0
shuttle-2_vs_5,shsampler,14.5,14.5,14.0,14.0,14.0,14.0,14.0,14.0,14.0,14.0,7.0
shuttle-2_vs_5,smom,14.5,14.5,14.0,14.0,14.0,14.0,14.0,14.0,14.0,14.0,25.0
shuttle-2_vs_5,soup,14.5,14.5,14.0,14.0,14.0,14.0,14.0,14.0,14.0,14.0,27.0
shuttle-6_vs_2-3,DBCF,13.5,13.5,12.5,12.5,12.5,12.5,12.5,12.5,12.5,12.5,27.0
shuttle-6_vs_2-3,DEAHS,13.5,13.5,12.5,12.5,12.5,12.5,12.5,12.5,12.5,12.5,29.0
shuttle-6_vs_2-3,DeepSMOTE,13.5,13.5,26.0,25.0,25.0,25.0,25.0,25.0,27.0,25.0,18.0
shuttle-6_vs_2-3,SPE,13.5,13.5,12.5,12.5,12.5,12.5,12.5,12.5,12.5,12.5,28.0
shuttle-6_vs_2-3,adaboost_ad,28.0,28.0,28.0,28.0,26.0,26.0,28.0,28.0,28.0,26.0,4.0
shuttle-6_vs_2-3,amcs,13.5,13.5,26.0,26.5,27.5,27.5,26.5,26.5,25.5,27.5,24.0
shuttle-6_vs_2-3,des_mi,13.5,13.5,12.5,12.5,12.5,12.5,12.5,12.5,12.5,12.5,7.0
shuttle-6_vs_2-3,dpse,13.5,13.5,12.5,12.5,12.5,12.5,12.5,12.5,12.5,12.5,1.0
shuttle-6_vs_2-3,drcw_aseg,13.5,13.5,12.5,12.5,12.5,12.5,12.5,12.5,12.5,12.5,3.0
shuttle-6_vs_2-3,e_evrs,13.5,13.5,12.5,12.5,12.5,12.5,12.5,12.5,12.5,12.5,16.0
shuttle-6_vs_2-3,easy_bpnn,13.5,13.5,12.5,12.5,12.5,12.5,12.5,12.5,12.5,12.5,22.0
shuttle-6_vs_2-3,evinci,13.5,13.5,12.5,12.5,12.5,12.5,12.5,12.5,12.5,12.5,26.0
shuttle-6_vs_2-3,glos,13.5,13.5,12.5,12.5,12.5,12.5,12.5,12.5,12.5,12.5,10.0
shuttle-6_vs_2-3,mc_ccr,13.5,13.5,12.5,12.5,12.5,12.5,12.5,12.5,12.5,12.5,8.0
shuttle-6_vs_2-3,mc_evhs,13.5,13.5,12.5,12.5,12.5,12.5,12.5,12.5,12.5,12.5,11.0
shuttle-6_vs_2-3,mc_nro,13.5,13.5,12.5,12.5,12.5,12.5,12.5,12.5,12.5,12.5,20.0
shuttle-6_vs_2-3,mc_rbo,13.5,13.5,12.5,12.5,12.5,12.5,12.5,12.5,12.5,12.5,17.0
shuttle-6_vs_2-3,mdo,13.5,13.5,12.5,12.5,12.5,12.5,12.5,12.5,12.5,12.5,12.0
shuttle-6_vs_2-3,multirandbal,13.5,13.5,12.5,12.5,12.5,12.5,12.5,12.5,12.5,12.5,9.0
shuttle-6_vs_2-3,nromm,13.5,13.5,12.5,12.5,12.5,12.5,12.5,12.5,12.5,12.5,14.0
shuttle-6_vs_2-3,ocsv_us,29.0,29.0,29.0,29.0,29.0,29.0,29.0,29.0,29.0,29.0,25.0
shuttle-6_vs_2-3,orem_m,13.5,13.5,12.5,12.5,12.5,12.5,12.5,12.5,12.5,12.5,6.0
shuttle-6_vs_2-3,oremboost,13.5,13.5,12.5,12.5,12.5,12.5,12.5,12.5,12.5,12.5,19.0
shuttle-6_vs_2-3,pt_bagging,13.5,13.5,12.5,12.5,12.5,12.5,12.5,12.5,12.5,12.5,2.0
shuttle-6_vs_2-3,s_smote,27.0,27.0,26.0,26.5,27.5,27.5,26.5,26.5,25.5,27.5,23.0
shuttle-6_vs_2-3,scut,13.5,13.5,12.5,12.5,12.5,12.5,12.5,12.5,12.5,12.5,21.0
shuttle-6_vs_2-3,shsampler,13.5,13.5,12.5,12.5,12.5,12.5,12.5,12.5,12.5,12.5,5.0
shuttle-6_vs_2-3,smom,13.5,13.5,12.5,12.5,12.5,12.5,12.5,12.5,12.5,12.5,15.0
shuttle-6_vs_2-3,soup,13.5,13.5,12.5,12.5,12.5,12.5,12.5,12.5,12.5,12.5,13.0
shuttle-c0-vs-c4,DEAHS,13.5,13.5,12.5,12.5,12.5,12.5,12.5,12.5,12.5,12.5,27.0
shuttle-c0-vs-c4,DeepSMOTE,13.5,13.5,25.0,25.0,25.0,25.0,25.0,25.0,27.0,25.0,15.0
shuttle-c0-vs-c4,SPE,13.5,13.5,12.5,12.5,12.5,12.5,12.5,12.5,12.5,12.5,23.0
shuttle-c0-vs-c4,adaboost_ad,13.5,13.5,12.5,12.5,12.5,12.5,12.5,12.5,12.5,12.5,10.0
shuttle-c0-vs-c4,amcs,13.5,13.5,12.5,12.5,12.5,12.5,12.5,12.5,12.5,12.5,21.0
shuttle-c0-vs-c4,des_mi,13.5,13.5,12.5,12.5,12.5,12.5,12.5,12.5,12.5,12.5,3.0
shuttle-c0-vs-c4,dpse,13.5,13.5,12.5,12.5,12.5,12.5,12.5,12.5,12.5,12.5,9.0
shuttle-c0-vs-c4,drcw_aseg,13.5,13.5,12.5,12.5,12.5,12.5,12.5,12.5,12.5,12.5,2.0
shuttle-c0-vs-c4,e_evrs,13.5,13.5,12.5,12.5,12.5,12.5,12.5,12.5,12.5,12.5,17.0
shuttle-c0-vs-c4,easy_bpnn,28.0,28.0,27.0,27.5,27.5,27.5,27.5,27.5,25.5,27.5,16.0
shuttle-c0-vs-c4,evinci,13.5,13.5,12.5,12.5,12.5,12.5,12.5,12.5,12.5,12.5,22.0
shuttle-c0-vs-c4,glos,13.5,13.5,12.5,12.5,12.5,12.5,12.5,12.5,12.5,12.5,5.0
shuttle-c0-vs-c4,mc_ccr,13.5,13.5,12.5,12.5,12.5,12.5,12.5,12.5,12.5,12.5,7.0
shuttle-c0-vs-c4,mc_evhs,13.5,13.5,27.0,26.0,26.0,26.0,26.0,26.0,28.0,26.0,11.0
shuttle-c0-vs-c4,mc_nro,13.5,13.5,12.5,12.5,12.5,12.5,12.5,12.5,12.5,12.5,24.0
shuttle-c0-vs-c4,mc_rbo,13.5,13.5,12.5,12.5,12.5,12.5,12.5,12.5,12.5,12.5,28.0
shuttle-c0-vs-c4,mdo,13.5,13.5,12.5,12.5,12.5,12.5,12.5,12.5,12.5,12.5,8.0
shuttle-c0-vs-c4,multirandbal,13.5,13.5,12.5,12.5,12.5,12.5,12.5,12.5,12.5,12.5,4.0
shuttle-c0-vs-c4,nromm,13.5,13.5,12.5,12.5,12.5,12.5,12.5,12.5,12.5,12.5,13.0
shuttle-c0-vs-c4,ocsv_us,13.5,13.5,12.5,12.5,12.5,12.5,12.5,12.5,12.5,12.5,19.0
shuttle-c0-vs-c4,orem_m,13.5,13.5,12.5,12.5,12.5,12.5,12.5,12.5,12.5,12.5,12.0
shuttle-c0-vs-c4,oremboost,13.5,13.5,12.5,12.5,12.5,12.5,12.5,12.5,12.5,12.5,26.0
shuttle-c0-vs-c4,pt_bagging,13.5,13.5,12.5,12.5,12.5,12.5,12.5,12.5,12.5,12.5,1.0
shuttle-c0-vs-c4,s_smote,27.0,27.0,27.0,27.5,27.5,27.5,27.5,27.5,25.5,27.5,18.0
shuttle-c0-vs-c4,scut,13.5,13.5,12.5,12.5,12.5,12.5,12.5,12.5,12.5,12.5,14.0
shuttle-c0-vs-c4,shsampler,13.5,13.5,12.5,12.5,12.5,12.5,12.5,12.5,12.5,12.5,6.0
shuttle-c0-vs-c4,smom,13.5,13.5,12.5,12.5,12.5,12.5,12.5,12.5,12.5,12.5,20.0
shuttle-c0-vs-c4,soup,13.5,13.5,12.5,12.5,12.5,12.5,12.5,12.5,12.5,12.5,25.0
shuttle-c2-vs-c4,DBCF,13.0,13.0,22.5,22.5,25.0,24.0,22.5,22.5,22.0,25.0,26.0
shuttle-c2-vs-c4,DEAHS,13.0,13.0,10.0,10.0,10.0,10.0,10.0,10.0,10.0,10.0,28.0
shuttle-c2-vs-c4,DeepSMOTE,13.0,13.0,10.0,10.0,10.0,10.0,10.0,10.0,10.0,10.0,18.0
shuttle-c2-vs-c4,SPE,13.0,13.0,10.0,10.0,10.0,10.0,10.0,10.0,10.0,10.0,27.0
shuttle-c2-vs-c4,adaboost_ad,28.0,28.0,27.0,26.0,21.0,21.0,26.0,26.0,26.0,21.0,4.0
shuttle-c2-vs-c4,des_mi,13.0,13.0,22.5,22.5,25.0,24.0,22.5,22.5,22.0,25.0,6.0
shuttle-c2-vs-c4,dpse,13.0,13.0,10.0,10.0,10.0,10.0,10.0,10.0,10.0,10.0,1.0
shuttle-c2-vs-c4,drcw_aseg,13.0,13.0,10.0,10.0,10.0,10.0,10.0,10.0,10.0,10.0,3.0
shuttle-c2-vs-c4,e_evrs,26.0,26.0,22.5,22.5,25.0,24.0,22.5,22.5,22.0,25.0,16.0
shuttle-c2-vs-c4,easy_bpnn,13.0,13.0,10.0,10.0,10.0,10.0,10.0,10.0,10.0,10.0,20.0
shuttle-c2-vs-c4,evinci,13.0,13.0,22.5,22.5,25.0,24.0,22.5,22.5,22.0,25.0,25.0
shuttle-c2-vs-c4,glos,13.0,13.0,22.5,22.5,20.0,20.0,22.5,22.5,25.0,20.0,12.0
shuttle-c2-vs-c4,mc_ccr,13.0,13.0,10.0,10.0,10.0,10.0,10.0,10.0,10.0,10.0,5.0
shuttle-c2-vs-c4,mc_evhs,13.0,13.0,10.0,10.0,10.0,10.0,10.0,10.0,10.0,10.0,10.0
shuttle-c2-vs-c4,mc_nro,13.0,13.0,10.0,10.0,10.0,10.0,10.0,10.0,10.0,10.0,17.0
shuttle-c2-vs-c4,mc_rbo,13.0,13.0,10.0,10.0,10.0,10.0,10.0,10.0,10.0,10.0,23.0
shuttle-c2-vs-c4,mdo,13.0,13.0,10.0,10.0,10.0,10.0,10.0,10.0,10.0,10.0,11.0
shuttle-c2-vs-c4,multirandbal,13.0,13.0,10.0,10.0,10.0,10.0,10.0,10.0,10.0,10.0,7.0
shuttle-c2-vs-c4,nromm,13.0,13.0,10.0,10.0,10.0,10.0,10.0,10.0,10.0,10.0,15.0
shuttle-c2-vs-c4,ocsv_us,27.0,27.0,28.0,28.0,22.0,27.0,28.0,28.0,28.0,22.0,24.0
shuttle-c2-vs-c4,orem_m,13.0,13.0,10.0,10.0,10.0,10.0,10.0,10.0,10.0,10.0,9.0
shuttle-c2-vs-c4,oremboost,13.0,13.0,10.0,10.0,10.0,10.0,10.0,10.0,10.0,10.0,22.0
shuttle-c2-vs-c4,pt_bagging,13.0,13.0,22.5,22.5,25.0,24.0,22.5,22.5,22.0,25.0,2.0
shuttle-c2-vs-c4,s_smote,13.0,13.0,26.0,27.0,28.0,28.0,27.0,27.0,27.0,28.0,21.0
shuttle-c2-vs-c4,scut,13.0,13.0,10.0,10.0,10.0,10.0,10.0,10.0,10.0,10.0,19.0
shuttle-c2-vs-c4,shsampler,13.0,13.0,10.0,10.0,10.0,10.0,10.0,10.0,10.0,10.0,8.0
shuttle-c2-vs-c4,smom,13.0,13.0,10.0,10.0,10.0,10.0,10.0,10.0,10.0,10.0,14.0
shuttle-c2-vs-c4,soup,13.0,13.0,10.0,10.0,10.0,10.0,10.0,10.0,10.0,10.0,13.0
thyroid,DBCF,2.0,5.0,2.5,7.0,13.0,13.0,4.0,5.0,5.0,13.0,25.0
thyroid,DEAHS,15.0,8.0,23.0,22.0,3.0,3.0,23.0,23.0,23.0,3.0,29.0
thyroid,DeepSMOTE,17.0,20.0,13.5,21.0,25.0,25.0,17.0,14.0,3.0,26.0,14.0
thyroid,SPE,16.0,6.0,22.0,18.0,2.0,2.0,22.0,21.0,22.0,2.0,24.0
thyroid,adaboost_ad,24.0,25.0,28.0,25.0,26.0,18.0,27.0,27.0,25.0,24.0,5.0
thyroid,amcs,26.0,28.0,25.0,27.0,29.0,29.0,25.0,26.0,28.0,29.0,3.0
thyroid,des_mi,19.0,21.0,6.5,9.0,10.0,10.0,7.0,7.0,15.0,10.0,9.0
thyroid,dpse,29.0,29.0,13.5,8.0,8.0,8.0,9.0,9.0,17.0,8.0,2.0
thyroid,drcw_aseg,3.0,4.0,9.5,12.0,16.0,17.0,11.0,10.0,7.0,16.0,4.0
thyroid,e_evrs,25.0,23.0,20.0,15.0,12.0,14.0,20.0,20.0,19.0,12.0,20.0
thyroid,easy_bpnn,27.0,27.0,29.0,29.0,27.0,27.0,29.0,28.0,29.0,27.0,16.0
thyroid,evinci,4.0,18.0,9.5,5.0,1.0,1.0,8.0,8.0,14.0,1.0,23.0
thyroid,glos,8.0,2.0,17.0,20.0,19.0,21.0,15.0,16.0,16.0,19.0,10.0
thyroid,mc_ccr,11.0,13.0,1.0,1.0,4.0,4.0,1.0,1.0,1.0,4.0,6.0
thyroid,mc_evhs,9.0,10.0,6.5,3.0,6.0,6.0,6.0,6.0,13.0,6.0,13.0
thyroid,mc_nro,5.0,12.0,13.5,10.0,17.0,20.0,14.0,15.0,11.0,18.0,26.0
thyroid,mc_rbo,13.0,14.0,9.5,13.0,18.0,16.0,10.0,11.0,9.0,17.0,28.0
thyroid,mdo,7.0,11.0,13.5,23.0,23.0,24.0,13.0,13.0,18.0,22.5,12.0
thyroid,multirandbal,6.0,15.0,4.5,2.0,9.0,9.0,5.0,4.0,4.0,9.0,11.0
thyroid,nromm,18.0,9.0,17.0,17.0,21.0,22.0,18.0,18.0,8.0,22.5,17.0
thyroid,ocsv_us,23.0,24.0,26.0,26.0,15.0,12.0,26.0,25.0,26.0,15.0,21.0
thyroid,orem_m,22.0,22.0,24.0,24.0,24.0,26.0,24.0,24.0,24.0,25.0,8.0
thyroid,oremboost,21.0,17.0,17.0,16.0,22.0,23.0,16.0,17.0,10.0,21.0,19.0
thyroid,pt_bagging,14.0,19.0,2.5,6.0,14.0,15.0,2.0,2.0,2.0,14.0,1.0
thyroid,s_smote,28.0,26.0,27.0,28.0,28.0,28.0,28.0,29.0,27.0,28.0,15.0
thyroid,scut,1.0,1.0,4.5,4.0,5.0,5.0,3.0,3.0,12.0,5.0,27.0
thyroid,shsampler,20.0,16.0,21.0,19.0,11.0,11.0,21.0,22.0,21.0,11.0,7.0
thyroid,smom,10.0,7.0,9.5,14.0,20.0,19.0,12.0,12.0,6.0,20.0,22.0
thyroid,soup,12.0,3.0,19.0,11.0,7.0,7.0,19.0,19.0,20.0,7.0,18.0
vehicle0,DBCF,13.0,9.0,14.5,14.0,17.0,16.0,14.0,14.0,16.0,17.0,27.0
vehicle0,DEAHS,11.0,10.0,20.0,20.0,6.0,5.0,20.0,18.0,23.0,6.0,29.0
vehicle0,DeepSMOTE,7.0,7.0,12.0,12.0,18.0,18.0,12.0,12.0,10.0,18.0,18.0
vehicle0,SPE,1.0,1.0,2.0,2.0,8.0,7.0,2.0,2.0,1.0,8.0,26.0
vehicle0,adaboost_ad,23.0,25.0,5.5,5.0,10.0,11.0,5.0,6.0,6.0,10.5,11.0
vehicle0,amcs,22.0,19.0,22.0,23.0,26.0,26.0,23.0,23.0,19.0,26.0,16.0
vehicle0,des_mi,21.0,22.0,21.0,21.0,16.0,17.0,21.0,22.0,22.0,16.0,9.0
vehicle0,dpse,27.0,23.0,13.0,13.0,20.0,20.0,13.0,13.0,9.0,20.0,1.0
vehicle0,drcw_aseg,16.0,12.0,16.0,16.0,23.0,23.0,16.0,16.0,15.0,23.0,3.0
vehicle0,e_evrs,28.0,29.0,27.0,27.0,28.0,28.0,27.0,28.0,27.0,28.0,14.0
vehicle0,easy_bpnn,15.0,20.0,19.0,18.0,9.0,9.0,18.0,17.0,21.0,9.0,20.0
vehicle0,evinci,20.0,16.0,18.0,19.0,21.0,21.0,19.0,20.0,18.0,21.0,25.0
vehicle0,glos,6.0,6.0,7.0,7.0,4.0,4.0,7.0,7.0,8.0,4.0,6.0
vehicle0,mc_ccr,3.0,3.0,1.0,1.0,1.0,1.0,1.0,1.0,2.0,1.0,4.0
vehicle0,mc_evhs,24.0,24.0,25.0,25.0,22.0,22.0,25.0,25.0,25.0,22.0,8.0
vehicle0,mc_nro,18.0,21.0,23.0,22.0,13.0,14.0,22.0,21.0,24.0,14.0,19.0
vehicle0,mc_rbo,5.0,4.0,10.0,11.0,14.0,13.0,11.0,11.0,7.0,13.0,23.0
vehicle0,mdo,14.0,14.0,17.0,17.0,15.0,15.0,17.0,19.0,20.0,15.0,7.0
vehicle0,multirandbal,9.0,5.0,11.0,10.0,7.0,8.0,10.0,10.0,12.0,7.0,10.0
vehicle0,nromm,10.0,11.0,3.0,3.0,3.0,3.0,3.0,3.0,4.0,3.0,13.0
vehicle0,ocsv_us,29.0,28.0,29.0,29.0,29.0,29.0,29.0,29.0,29.0,29.0,21.0
vehicle0,orem_m,4.0,8.0,9.0,8.0,2.0,2.0,8.0,8.0,14.0,2.0,12.0
vehicle0,oremboost,2.0,2.0,4.0,4.0,12.0,12.0,4.0,4.0,3.0,12.0,22.0
vehicle0,pt_bagging,19.0,15.0,14.5,15.0,24.0,24.0,15.0,15.0,13.0,24.0,2.0
vehicle0,s_smote,17.0,18.0,24.0,24.0,27.0,27.0,24.0,24.0,17.0,27.0,24.0
vehicle0,scut,8.0,13.0,8.0,9.0,5.0,6.0,9.0,9.0,11.0,5.0,28.0
vehicle0,shsampler,25.0,26.0,28.0,28.0,25.0,25.0,28.0,27.0,28.0,25.0,5.0
vehicle0,smom,12.0,17.0,5.5,6.0,11.0,10.0,6.0,5.0,5.0,10.5,17.0
vehicle0,soup,26.0,27.0,26.0,26.0,19.0,19.0,26.0,26.0,26.0,19.0,15.0
vehicle1,DBCF,8.0,7.0,4.0,4.0,9.0,8.0,7.0,7.0,5.0,9.0,28.0
vehicle1,DEAHS,5.0,2.0,18.0,1.0,2.0,2.0,1.0,2.0,2.0,2.0,29.0
vehicle1,DeepSMOTE,4.0,9.0,1.0,16.0,24.0,17.0,17.0,18.0,1.0,21.0,17.0
vehicle1,SPE,2.0,1.0,16.0,2.0,3.0,3.0,2.0,3.0,3.0,3.0,26.0
vehicle1,adaboost_ad,26.0,27.0,12.0,22.0,22.0,21.0,23.0,23.0,23.0,23.0,12.0
vehicle1,amcs,25.0,21.0,6.0,27.0,27.0,22.0,27.0,26.0,17.0,27.0,20.0
vehicle1,des_mi,24.0,26.0,28.0,26.0,10.0,12.0,22.0,17.0,28.0,10.0,9.0
vehicle1,dpse,27.0,25.0,14.0,23.0,21.0,24.0,24.0,24.0,20.0,24.0,1.0
vehicle1,drcw_aseg,17.0,8.0,10.0,25.0,26.0,26.0,26.0,27.0,24.0,26.0,7.0
vehicle1,e_evrs,28.0,28.0,24.0,15.0,14.0,16.0,14.0,16.0,19.0,16.0,15.0
vehicle1,easy_bpnn,3.0,3.0,22.0,6.0,4.0,4.0,4.0,4.0,6.0,4.0,21.0
vehicle1,evinci,13.0,6.0,23.0,13.0,13.0,13.0,13.0,13.0,16.0,13.0,25.0
vehicle1,glos,9.0,15.0,8.0,10.0,15.0,14.0,10.0,11.0,11.0,14.0,4.0
vehicle1,mc_ccr,12.0,17.0,7.0,12.0,17.0,18.0,12.0,14.0,12.0,17.0,3.0
vehicle1,mc_evhs,6.0,10.0,21.0,7.0,5.0,5.0,6.0,5.0,9.0,5.0,8.0
vehicle1,mc_nro,22.0,23.0,26.0,17.0,11.0,15.0,18.0,15.0,27.0,11.0,18.0
vehicle1,mc_rbo,11.0,16.0,9.0,14.0,18.0,19.0,15.0,19.0,14.0,18.0,14.0
vehicle1,mdo,21.0,12.0,11.0,24.0,25.0,27.0,25.0,25.0,18.0,25.0,6.0
vehicle1,multirandbal,1.0,4.0,5.0,11.0,16.0,11.0,11.0,12.0,10.0,15.0,10.0
vehicle1,nromm,19.0,20.0,20.0,19.0,19.0,25.0,21.0,21.0,26.0,19.0,13.0
vehicle1,ocsv_us,29.0,29.0,29.0,29.0,29.0,29.0,29.0,29.0,29.0,29.0,22.0
vehicle1,orem_m,10.0,13.0,2.0,8.0,12.0,10.0,8.0,9.0,8.0,12.0,11.0
vehicle1,oremboost,23.0,14.0,3.0,20.0,23.0,20.0,19.0,20.0,15.0,22.0,24.0
vehicle1,pt_bagging,18.0,11.0,13.0,28.0,28.0,28.0,28.0,28.0,25.0,28.0,5.0
vehicle1,s_smote,7.0,5.0,15.0,3.0,6.0,6.0,5.0,6.0,7.0,6.0,23.0
vehicle1,scut,14.0,18.0,19.0,9.0,8.0,9.0,9.0,8.0,13.0,8.0,27.0
vehicle1,shsampler,20.0,22.0,27.0,21.0,7.0,7.0,16.0,10.0,21.0,7.0,2.0
vehicle1,smom,16.0,19.0,17.0,18.0,20.0,23.0,20.0,22.0,22.0,20.0,19.0
vehicle1,soup,15.0,24.0,25.0,5.0,1.0,1.0,3.0,1.0,4.0,1.0,16.0
vehicle2,DBCF,14.0,14.0,13.0,13.0,15.0,15.0,13.0,12.0,15.0,15.0,27.0
vehicle2,DEAHS,5.0,4.0,16.0,15.0,13.0,11.0,15.0,14.0,19.0,11.5,29.0
vehicle2,DeepSMOTE,11.0,12.0,8.5,9.0,16.0,16.0,9.0,9.0,6.0,16.0,18.0
vehicle2,SPE,1.0,1.0,3.0,3.0,2.0,2.0,3.0,3.0,5.0,2.0,26.0
vehicle2,adaboost_ad,25.0,27.0,18.0,17.0,20.0,20.0,17.0,17.0,14.0,20.0,11.0
vehicle2,amcs,24.0,24.0,20.0,22.0,24.0,24.0,22.0,21.0,16.0,24.0,17.0
vehicle2,des_mi,22.0,23.0,21.0,20.0,17.0,17.0,20.0,20.0,24.0,17.0,9.0
vehicle2,dpse,27.0,25.0,22.0,24.0,25.0,25.0,24.0,24.0,18.0,25.0,1.0
vehicle2,drcw_aseg,18.0,17.0,18.0,18.5,21.5,21.5,18.5,18.5,12.5,21.5,3.0
vehicle2,e_evrs,28.0,28.0,25.0,26.0,28.0,28.0,26.0,26.0,22.0,28.0,14.0
vehicle2,easy_bpnn,26.0,26.0,27.0,27.0,26.0,26.0,27.0,28.0,28.0,26.0,20.0
vehicle2,evinci,21.0,18.0,23.5,21.0,19.0,19.0,21.0,22.0,25.0,19.0,24.0
vehicle2,glos,15.0,15.0,7.0,7.0,6.0,6.0,7.0,7.0,8.0,6.0,6.0
vehicle2,mc_ccr,3.0,3.0,4.5,4.5,5.0,5.0,4.0,5.0,4.0,5.0,5.0
vehicle2,mc_evhs,6.0,7.0,10.0,10.0,9.0,9.0,10.0,10.0,11.0,9.0,8.0
vehicle2,mc_nro,20.0,21.0,12.0,12.0,10.0,10.0,12.0,13.0,17.0,10.0,19.0
vehicle2,mc_rbo,12.0,8.0,11.0,11.0,14.0,14.0,11.0,11.0,9.0,14.0,25.0
vehicle2,mdo,10.0,9.0,8.5,8.0,7.0,7.0,8.0,8.0,10.0,7.0,7.0
vehicle2,multirandbal,16.0,16.0,23.5,23.0,23.0,23.0,23.0,23.0,23.0,23.0,10.0
vehicle2,nromm,7.0,6.0,1.5,2.0,3.0,3.0,2.0,2.0,1.0,3.0,13.0
vehicle2,ocsv_us,29.0,29.0,29.0,29.0,29.0,29.0,29.0,29.0,29.0,29.0,21.0
vehicle2,orem_m,4.0,11.0,1.5,1.0,1.0,1.0,1.0,1.0,3.0,1.0,12.0
vehicle2,oremboost,2.0,2.0,6.0,6.0,4.0,4.0,6.0,6.0,7.0,4.0,23.0
vehicle2,pt_bagging,19.0,19.0,18.0,18.5,21.5,21.5,18.5,18.5,12.5,21.5,2.0
vehicle2,s_smote,23.0,22.0,28.0,28.0,27.0,27.0,28.0,27.0,27.0,27.0,22.0
vehicle2,scut,13.0,13.0,15.0,16.0,12.0,12.0,16.0,16.0,21.0,11.5,28.0
vehicle2,shsampler,17.0,20.0,26.0,25.0,18.0,18.0,25.0,25.0,26.0,18.0,4.0
vehicle2,smom,8.0,5.0,4.5,4.5,8.0,8.0,5.0,4.0,2.0,8.0,16.0
vehicle2,soup,9.0,10.0,14.0,14.0,11.0,13.0,14.0,15.0,20.0,13.0,15.0
vehicle3,DBCF,7.0,15.0,15.0,11.0,10.0,12.0,10.0,12.0,16.0,10.0,28.0
vehicle3,DEAHS,12.0,6.0,19.5,1.0,1.0,1.0,1.0,1.0,6.0,1.0,29.0
vehicle3,DeepSMOTE,1.0,4.0,2.0,19.0,22.0,18.0,19.0,20.0,2.0,22.0,19.0
vehicle3,SPE,9.0,3.0,22.0,3.0,3.0,3.0,2.0,2.0,9.0,3.0,26.0
vehicle3,adaboost_ad,26.0,27.0,21.0,28.0,24.0,28.0,28.0,28.0,28.0,25.0,12.0
vehicle3,amcs,25.0,22.0,12.0,27.0,28.0,26.0,27.0,26.0,18.0,28.0,20.0
vehicle3,des_mi,24.0,25.0,26.0,15.0,6.0,7.0,14.0,6.0,23.0,7.0,9.0
vehicle3,dpse,28.0,26.0,18.0,26.0,25.0,27.0,26.0,27.0,26.0,26.0,1.0
vehicle3,drcw_aseg,11.0,2.0,10.0,24.0,26.0,25.0,24.0,25.0,17.0,24.0,8.0
vehicle3,e_evrs,27.0,28.0,17.0,18.0,15.0,20.0,18.0,19.0,24.0,16.0,14.0
vehicle3,easy_bpnn,22.0,20.0,25.0,9.0,2.0,2.0,6.0,4.0,14.0,2.0,21.0
vehicle3,evinci,5.0,8.0,3.0,12.0,19.0,13.0,12.0,14.0,3.0,19.0,25.0
vehicle3,glos,13.0,5.0,13.0,17.0,18.0,19.0,17.0,18.0,19.0,18.0,3.0
vehicle3,mc_ccr,4.0,12.0,5.0,5.0,16.0,14.0,9.0,13.0,5.0,15.0,4.0
vehicle3,mc_evhs,14.0,19.0,24.0,6.0,4.0,4.0,3.0,3.0,12.0,4.0,7.0
vehicle3,mc_nro,18.0,16.0,16.0,8.0,9.0,9.0,8.0,9.0,15.0,9.0,18.0
vehicle3,mc_rbo,16.0,14.0,11.0,20.0,21.0,22.0,21.0,22.0,20.0,21.0,15.0
vehicle3,mdo,20.0,11.0,7.0,23.0,23.0,23.0,23.0,23.0,7.0,23.0,6.0
vehicle3,multirandbal,2.0,9.0,14.0,16.0,14.0,16.0,16.0,17.0,21.0,14.0,11.0
vehicle3,nromm,15.0,17.0,4.0,2.0,12.0,10.0,4.0,7.0,4.0,11.0,13.0
vehicle3,ocsv_us,29.0,29.0,29.0,29.0,29.0,29.0,29.0,29.0,29.0,29.0,23.0
vehicle3,orem_m,3.0,10.0,9.0,10.0,13.0,15.0,11.0,15.0,11.0,13.0,10.0
vehicle3,oremboost,6.0,1.0,1.0,4.0,20.0,11.0,7.0,8.0,1.0,20.0,22.0
vehicle3,pt_bagging,10.0,7.0,6.0,25.0,27.0,24.0,25.0,24.0,8.0,27.0,5.0
vehicle3,s_smote,19.0,18.0,19.5,14.0,8.0,8.0,13.0,11.0,22.0,8.0,24.0
vehicle3,scut,23.0,23.0,27.0,21.0,11.0,21.0,22.0,21.0,27.0,12.0,27.0
vehicle3,shsampler,17.0,21.0,28.0,22.0,7.0,6.0,20.0,10.0,25.0,6.0,2.0
vehicle3,smom,8.0,13.0,8.0,13.0,17.0,17.0,15.0,16.0,10.0,17.0,17.0
vehicle3,soup,21.0,24.0,23.0,7.0,5.0,5.0,5.0,5.0,13.0,5.0,16.0
vowel0,DBCF,10.0,14.0,11.0,11.0,12.0,12.0,11.0,11.0,11.0,12.0,28.0
vowel0,DEAHS,16.0,16.0,26.0,26.0,7.0,11.0,26.0,26.0,26.0,11.0,29.0
vowel0,DeepSMOTE,1.0,1.0,4.0,5.0,18.0,18.0,5.0,7.0,2.0,18.0,18.0
vowel0,SPE,6.5,5.0,2.5,2.0,5.0,5.0,2.0,2.0,4.0,5.0,25.0
vowel0,adaboost_ad,26.0,29.0,27.0,27.0,19.0,19.0,27.0,27.0,27.0,19.0,12.0
vowel0,amcs,22.0,24.0,19.0,22.0,27.0,27.0,22.0,22.0,14.0,27.0,19.0
vowel0,des_mi,17.0,18.0,17.0,17.0,13.0,13.0,17.0,17.0,22.0,13.0,8.0
vowel0,dpse,27.0,25.0,20.0,20.0,26.0,26.0,20.0,21.0,18.0,26.0,1.0
vowel0,drcw_aseg,23.0,20.0,13.5,14.5,21.5,20.5,14.5,14.5,9.5,21.5,3.0
vowel0,e_evrs,28.0,27.0,24.0,24.0,28.0,28.0,24.0,25.0,19.0,28.0,15.0
vowel0,easy_bpnn,25.0,26.0,28.0,28.0,25.0,25.0,28.0,28.0,29.0,25.0,16.0
vowel0,evinci,21.0,21.0,22.0,21.0,24.0,24.0,21.0,20.0,20.0,24.0,24.0
vowel0,glos,6.5,6.0,5.0,4.0,6.0,6.0,4.0,4.0,8.0,6.0,4.0
vowel0,mc_ccr,12.0,11.0,6.5,6.5,10.5,9.5,6.5,5.5,5.5,9.5,6.0
vowel0,mc_evhs,19.0,19.0,21.0,19.0,17.0,17.0,19.0,19.0,23.0,17.0,7.0
vowel0,mc_nro,2.0,2.0,12.0,12.0,1.0,1.0,12.0,12.0,16.0,1.0,20.0
vowel0,mc_rbo,13.0,13.0,9.0,9.0,16.0,15.0,9.0,9.0,7.0,16.0,27.0
vowel0,mdo,9.0,9.0,10.0,10.0,3.0,3.0,10.0,10.0,13.0,3.0,9.0
vowel0,multirandbal,20.0,22.0,18.0,18.0,20.0,22.0,18.0,18.0,21.0,20.0,10.0
vowel0,nromm,4.0,4.0,8.0,8.0,2.0,2.0,8.0,8.0,12.0,2.0,13.0
vowel0,ocsv_us,29.0,28.0,29.0,29.0,29.0,29.0,29.0,29.0,28.0,29.0,23.0
vowel0,orem_m,5.0,7.0,15.0,13.0,4.0,4.0,13.0,13.0,17.0,4.0,11.0
vowel0,oremboost,3.0,3.0,1.0,1.0,8.0,7.0,1.0,1.0,1.0,7.0,26.0
vowel0,pt_bagging,24.0,23.0,13.5,14.5,21.5,20.5,14.5,14.5,9.5,21.5,2.0
vowel0,s_smote,18.0,17.0,23.0,23.0,23.0,23.0,23.0,23.0,24.0,23.0,21.0
vowel0,scut,15.0,15.0,16.0,16.0,15.0,14.0,16.0,16.0,15.0,15.0,14.0
vowel0,shsampler,14.0,12.0,25.0,25.0,14.0,16.0,25.0,24.0,25.0,14.0,5.0
vowel0,smom,8.0,8.0,2.5,3.0,9.0,8.0,3.0,3.0,3.0,8.0,17.0
vowel0,soup,11.0,10.0,6.5,6.5,10.5,9.5,6.5,5.5,5.5,9.5,22.0
wine,DBCF,13.0,11.0,13.0,14.0,12.0,14.0,14.0,14.0,14.0,14.0,27.0
wine,DEAHS,18.0,17.0,17.5,18.0,17.0,17.0,17.0,17.0,18.0,17.0,29.0
wine,DeepSMOTE,1.0,1.5,2.5,2.5,2.5,2.5,2.5,2.5,2.5,2.5,19.0
wine,SPE,13.0,11.0,4.5,4.5,7.0,7.0,4.5,4.5,4.5,7.0,28.0
wine,adaboost_ad,27.0,27.0,19.5,20.0,22.0,22.0,20.0,20.0,19.0,22.0,7.0
wine,amcs,25.0,25.0,26.0,26.0,26.0,26.0,26.0,26.0,26.0,26.0,23.0
wine,des_mi,26.0,26.0,27.0,27.0,27.0,27.0,27.0,27.0,28.0,27.0,10.0
wine,dpse,29.0,29.0,29.0,29.0,29.0,29.0,29.0,29.0,29.0,29.0,2.0
wine,drcw_aseg,23.0,22.0,23.0,23.0,23.0,25.0,23.0,23.0,24.0,23.0,5.0
wine,e_evrs,28.0,28.0,28.0,28.0,28.0,28.0,28.0,28.0,27.0,28.0,21.0
wine,easy_bpnn,6.0,5.0,1.0,1.0,1.0,1.0,1.0,1.0,1.0,1.0,24.0
wine,evinci,24.0,23.0,25.0,25.0,24.0,24.0,25.0,25.0,25.0,24.0,25.0
wine,glos,2.0,1.5,8.0,8.0,7.0,7.0,8.0,8.0,8.0,7.0,9.0
wine,mc_ccr,7.0,7.0,13.0,12.0,14.5,12.0,11.0,11.0,11.0,11.5,4.0
wine,mc_evhs,19.0,19.0,8.0,8.0,7.0,7.0,8.0,8.0,8.0,7.0,11.0
wine,mc_nro,3.0,5.0,13.0,14.0,12.0,14.0,14.0,14.0,14.0,14.0,14.0
wine,mc_rbo,13.0,11.0,13.0,14.0,12.0,14.0,14.0,14.0,14.0,14.0,17.0
wine,mdo,15.5,15.5,16.0,16.0,16.0,16.0,16.0,16.0,17.0,16.0,8.0
wine,multirandbal,22.0,21.0,19.5,19.0,21.0,21.0,19.0,19.0,20.0,21.0,3.0
wine,nromm,10.0,13.0,4.5,4.5,7.0,7.0,4.5,4.5,4.5,7.0,12.0
wine,ocsv_us,17.0,18.0,24.0,24.0,25.0,23.0,24.0,24.0,23.0,25.0,26.0
wine,orem_m,4.0,5.0,2.5,2.5,2.5,2.5,2.5,2.5,2.5,2.5,16.0
wine,oremboost,21.0,24.0,22.0,21.0,20.0,20.0,22.0,22.0,22.0,20.0,22.0
wine,pt_bagging,20.0,20.0,17.5,17.0,18.0,18.0,18.0,18.0,16.0,18.0,1.0
wine,s_smote,11.0,14.0,13.0,11.0,14.5,11.0,12.0,12.0,12.0,11.5,20.0
wine,scut,5.0,3.0,8.0,8.0,7.0,7.0,8.0,8.0,8.0,7.0,18.0
wine,shsampler,9.0,9.0,21.0,22.0,19.0,19.0,21.0,21.0,21.0,19.0,6.0
wine,smom,15.5,15.5,8.0,8.0,7.0,7.0,8.0,8.0,8.0,7.0,15.0
wine,soup,8.0,8.0,8.0,8.0,7.0,7.0,8.0,8.0,8.0,7.0,13.0
winequality-red-3_vs_5,DBCF,10.0,8.0,13.5,19.0,24.0,19.0,22.0,22.0,24.0,24.0,25.0
winequality-red-3_vs_5,DEAHS,7.0,1.0,25.0,11.0,2.0,3.0,9.0,6.0,9.0,2.0,29.0
winequality-red-3_vs_5,DeepSMOTE,16.0,18.0,11.5,16.0,22.0,18.0,24.0,24.0,21.0,22.5,18.0
winequality-red-3_vs_5,SPE,11.0,4.0,29.0,29.0,3.0,26.0,14.0,9.0,13.0,3.0,26.0
winequality-red-3_vs_5,adaboost_ad,27.0,29.0,27.0,27.0,4.0,28.0,12.0,12.0,12.0,6.0,5.0
winequality-red-3_vs_5,amcs,26.0,28.0,22.0,25.0,29.0,25.0,28.0,28.0,29.0,29.0,1.0
winequality-red-3_vs_5,des_mi,13.0,16.0,13.5,8.0,14.0,9.0,7.0,10.0,8.0,14.0,6.0
winequality-red-3_vs_5,dpse,25.0,26.0,18.0,23.0,27.0,23.0,27.0,27.0,27.0,27.0,3.0
winequality-red-3_vs_5,drcw_aseg,23.0,13.0,5.5,5.0,12.0,6.0,5.0,8.0,5.0,12.0,4.0
winequality-red-3_vs_5,e_evrs,28.0,27.0,16.0,22.0,26.0,21.0,26.0,26.0,26.0,26.0,15.0
winequality-red-3_vs_5,easy_bpnn,1.0,2.0,26.0,26.0,1.0,2.0,10.0,4.0,10.0,1.0,14.0
winequality-red-3_vs_5,evinci,22.0,19.0,11.5,18.0,23.0,16.0,19.0,19.0,23.0,22.5,24.0
winequality-red-3_vs_5,glos,8.0,3.0,5.5,2.0,7.0,1.0,2.0,2.0,2.0,4.0,8.0
winequality-red-3_vs_5,mc_ccr,3.0,10.0,7.5,14.5,19.5,14.5,20.5,20.5,19.5,19.5,10.0
winequality-red-3_vs_5,mc_evhs,17.0,7.0,19.0,3.0,9.0,8.0,4.0,5.0,3.0,8.0,11.0
winequality-red-3_vs_5,mc_nro,5.0,9.0,9.5,7.0,13.0,7.0,8.0,11.0,7.0,13.0,28.0
winequality-red-3_vs_5,mc_rbo,15.0,17.0,1.0,10.0,16.0,11.0,16.0,16.0,16.0,16.0,27.0
winequality-red-3_vs_5,mdo,2.0,6.0,17.0,4.0,6.0,4.0,3.0,3.0,4.0,5.0,12.0
winequality-red-3_vs_5,multirandbal,18.0,25.0,21.0,24.0,28.0,24.0,29.0,29.0,28.0,28.0,13.0
winequality-red-3_vs_5,nromm,12.0,21.0,15.0,20.0,25.0,20.0,25.0,25.0,25.0,25.0,21.0
winequality-red-3_vs_5,ocsv_us,29.0,14.0,28.0,28.0,5.0,29.0,15.0,14.0,15.0,10.0,22.0
winequality-red-3_vs_5,orem_m,9.0,23.0,3.0,13.0,17.0,12.0,17.0,17.0,18.0,17.0,9.0
winequality-red-3_vs_5,oremboost,21.0,22.0,7.5,14.5,19.5,14.5,20.5,20.5,19.5,19.5,23.0
winequality-red-3_vs_5,pt_bagging,24.0,15.0,4.0,12.0,18.0,13.0,18.0,18.0,17.0,18.0,2.0
winequality-red-3_vs_5,s_smote,4.0,12.0,24.0,21.0,11.0,27.0,11.0,13.0,11.0,11.0,17.0
winequality-red-3_vs_5,scut,19.0,24.0,23.0,9.0,15.0,22.0,13.0,15.0,14.0,15.0,16.0
winequality-red-3_vs_5,shsampler,6.0,11.0,20.0,6.0,10.0,10.0,6.0,7.0,6.0,9.0,7.0
winequality-red-3_vs_5,smom,14.0,20.0,9.5,17.0,21.0,17.0,23.0,23.0,22.0,21.0,20.0
winequality-red-3_vs_5,soup,20.0,5.0,2.0,1.0,8.0,5.0,1.0,1.0,1.0,7.0,19.0
winequality-red-4,DBCF,22.0,23.0,20.0,12.0,15.0,23.0,14.0,18.0,16.0,16.0,26.0
winequality-red-4,DEAHS,9.0,12.0,25.0,18.0,1.0,22.0,12.0,7.0,15.0,1.0,28.0
winequality-red-4,DeepSMOTE,7.0,17.0,8.0,24.0,29.0,9.0,29.0,29.0,29.0,29.0,15.0
winequality-red-4,SPE,14.0,14.0,28.0,28.0,3.0,25.0,20.0,14.0,20.0,4.0,23.0
winequality-red-4,adaboost_ad,26.0,29.0,26.0,26.0,6.0,28.0,21.0,20.0,21.0,11.0,12.0
winequality-red-4,amcs,29.0,26.0,23.0,19.0,18.0,26.0,23.0,24.0,24.0,24.0,1.0
winequality-red-4,des_mi,23.0,22.0,17.0,9.0,11.0,20.0,9.0,11.0,11.0,13.0,10.0
winequality-red-4,dpse,27.0,25.0,14.0,7.0,16.0,14.0,7.0,8.0,4.0,14.0,11.0
winequality-red-4,drcw_aseg,18.0,13.0,5.0,23.0,28.0,5.0,28.0,27.0,28.0,28.0,9.0
winequality-red-4,e_evrs,24.0,27.0,18.0,8.0,9.0,19.0,8.0,10.0,12.0,8.0,16.0
winequality-red-4,easy_bpnn,19.0,4.0,27.0,27.0,2.0,24.0,18.0,9.0,17.0,2.0,14.0
winequality-red-4,evinci,11.0,16.0,9.0,16.0,23.0,12.0,19.0,21.0,18.0,21.0,25.0
winequality-red-4,glos,20.0,19.0,15.0,14.0,20.0,17.0,16.0,19.0,13.0,18.0,2.0
winequality-red-4,mc_ccr,4.0,11.0,6.5,17.0,24.0,7.0,22.0,22.0,22.0,23.0,3.0
winequality-red-4,mc_evhs,3.0,8.0,19.0,5.0,7.0,18.0,4.0,4.0,9.0,6.0,7.0
winequality-red-4,mc_nro,6.0,3.0,10.0,6.0,17.0,10.0,6.0,6.0,1.0,15.0,29.0
winequality-red-4,mc_rbo,15.0,18.0,1.0,20.0,25.0,1.0,25.0,25.0,25.0,25.0,27.0
winequality-red-4,mdo,12.0,7.0,4.0,22.0,27.0,4.0,27.0,28.0,27.0,27.0,6.0
winequality-red-4,multirandbal,13.0,10.0,16.0,4.0,12.0,15.0,5.0,5.0,8.0,7.0,13.0
winequality-red-4,nromm,1.0,1.0,11.5,3.0,14.0,6.0,3.0,3.0,2.0,12.0,18.0
winequality-red-4,ocsv_us,28.0,28.0,29.0,29.0,8.0,29.0,24.0,23.0,23.0,22.0,20.0
winequality-red-4,orem_m,10.0,9.0,6.5,15.0,21.0,8.0,15.0,17.0,6.0,20.0,4.0
winequality-red-4,oremboost,25.0,24.0,3.0,13.0,22.0,3.0,13.0,16.0,5.0,19.0,22.0
winequality-red-4,pt_bagging,21.0,20.0,2.0,21.0,26.0,2.0,26.0,26.0,26.0,26.0,8.0
winequality-red-4,s_smote,16.0,21.0,24.0,25.0,4.0,27.0,17.0,13.0,19.0,5.0,19.0
winequality-red-4,scut,17.0,15.0,22.0,11.0,10.0,21.0,10.0,12.0,14.0,9.0,17.0
winequality-red-4,shsampler,2.0,2.0,21.0,1.0,5.0,13.0,1.0,1.0,7.0,3.0,5.0
winequality-red-4,smom,8.0,5.0,13.0,10.0,19.0,16.0,11.0,15.0,10.0,17.0,21.0
winequality-red-4,soup,5.0,6.0,11.5,2.0,13.0,11.0,2.0,2.0,3.0,10.0,24.0
winequality-red-8_vs_6,DBCF,2.0,5.0,17.0,17.0,23.0,15.0,18.0,25.0,21.0,22.0,25.0
winequality-red-8_vs_6,DEAHS,4.0,17.0,26.0,25.0,3.0,4.0,22.0,16.0,23.0,4.0,29.0
winequality-red-8_vs_6,DeepSMOTE,12.0,12.0,2.0,5.0,19.0,17.0,4.0,3.0,1.0,20.0,17.0
winequality-red-8_vs_6,SPE,3.0,7.0,28.0,28.0,1.0,1.0,26.0,14.0,26.0,1.0,26.0
winequality-red-8_vs_6,adaboost_ad,20.0,27.0,25.0,18.0,4.0,3.0,15.0,9.0,20.0,3.0,5.0
winequality-red-8_vs_6,amcs,29.0,29.0,22.0,24.0,22.0,29.0,27.0,28.0,28.0,23.0,1.0
winequality-red-8_vs_6,des_mi,28.0,22.0,20.0,15.0,17.0,27.0,16.0,21.0,19.0,19.0,9.0
winequality-red-8_vs_6,dpse,24.0,23.0,10.0,10.0,18.0,16.0,10.0,12.0,10.0,18.0,3.0
winequality-red-8_vs_6,drcw_aseg,17.0,14.0,9.0,21.0,28.0,25.0,24.0,27.0,14.0,28.0,4.0
winequality-red-8_vs_6,e_evrs,26.0,24.0,15.0,2.0,11.0,7.0,2.0,2.0,13.0,8.0,15.0
winequality-red-8_vs_6,easy_bpnn,7.0,13.0,27.0,27.0,2.0,2.0,25.0,15.0,24.0,2.0,14.0
winequality-red-8_vs_6,evinci,19.0,20.0,6.5,26.0,29.0,24.0,29.0,29.0,29.0,29.0,24.0
winequality-red-8_vs_6,glos,18.0,25.0,16.0,11.0,15.0,18.0,11.0,17.0,16.0,16.0,6.0
winequality-red-8_vs_6,mc_ccr,15.0,9.0,4.0,16.0,25.0,21.0,17.0,19.0,6.0,25.0,8.0
winequality-red-8_vs_6,mc_evhs,6.0,3.0,14.0,1.0,8.0,10.0,1.0,1.0,9.0,9.0,11.0
winequality-red-8_vs_6,mc_nro,13.0,21.0,18.0,6.0,9.0,11.0,6.0,8.0,15.0,10.0,28.0
winequality-red-8_vs_6,mc_rbo,25.0,16.0,1.0,13.0,24.0,13.0,13.0,13.0,5.0,24.0,27.0
winequality-red-8_vs_6,mdo,5.0,18.0,12.0,8.0,16.0,5.0,8.0,5.0,7.0,11.0,13.0
winequality-red-8_vs_6,multirandbal,14.0,11.0,19.0,14.0,13.0,20.0,14.0,18.0,17.0,14.0,12.0
winequality-red-8_vs_6,nromm,16.0,8.0,11.0,7.0,12.0,19.0,7.0,6.0,2.0,17.0,16.0
winequality-red-8_vs_6,ocsv_us,27.0,28.0,29.0,29.0,5.0,23.0,28.0,26.0,27.0,7.0,23.0
winequality-red-8_vs_6,orem_m,23.0,4.0,5.0,9.0,21.0,14.0,9.0,10.0,4.0,21.0,10.0
winequality-red-8_vs_6,oremboost,11.0,10.0,8.0,20.0,27.0,26.0,21.0,24.0,12.0,27.0,21.0
winequality-red-8_vs_6,pt_bagging,21.0,19.0,6.5,19.0,26.0,22.0,20.0,23.0,11.0,26.0,2.0
winequality-red-8_vs_6,s_smote,9.0,6.0,24.0,23.0,10.0,8.0,23.0,20.0,25.0,6.0,19.0
winequality-red-8_vs_6,scut,10.0,15.0,21.0,12.0,7.0,6.0,12.0,11.0,18.0,5.0,20.0
winequality-red-8_vs_6,shsampler,22.0,26.0,23.0,22.0,6.0,28.0,19.0,22.0,22.0,12.0,7.0
winequality-red-8_vs_6,smom,8.0,2.0,3.0,3.0,20.0,9.0,3.0,7.0,8.0,15.0,22.0
winequality-red-8_vs_6,soup,1.0,1.0,13.0,4.0,14.0,12.0,5.0,4.0,3.0,13.0,18.0
winequality-red-8_vs_6-7,DBCF,1.0,1.0,12.5,18.0,20.0,21.0,18.0,24.0,16.0,20.0,26.0
winequality-red-8_vs_6-7,DEAHS,8.0,16.0,26.0,27.0,3.0,18.0,25.0,17.0,27.0,3.0,29.0
winequality-red-8_vs_6-7,DeepSMOTE,13.0,2.0,7.5,13.0,26.0,12.0,13.0,16.0,7.0,25.0,20.0
winequality-red-8_vs_6-7,SPE,4.0,10.0,28.0,28.0,2.0,1.0,26.0,13.0,26.0,2.0,25.0
winequality-red-8_vs_6-7,adaboost_ad,12.0,27.0,25.0,24.0,4.0,20.0,21.0,14.0,23.0,4.0,11.0
winequality-red-8_vs_6-7,amcs,27.0,25.0,22.0,21.0,19.0,28.0,24.0,26.0,21.0,27.0,1.0
winequality-red-8_vs_6-7,des_mi,25.0,20.0,18.5,20.0,16.0,26.0,20.0,25.0,20.0,18.0,9.0
winequality-red-8_vs_6-7,dpse,28.0,5.0,7.5,3.0,17.0,3.0,3.0,3.0,9.0,13.0,3.0
winequality-red-8_vs_6-7,drcw_aseg,23.0,15.0,5.0,10.5,24.5,9.5,10.5,11.5,4.5,23.5,4.0
winequality-red-8_vs_6-7,e_evrs,29.0,28.0,14.5,22.0,28.0,24.0,27.0,28.0,25.0,28.0,15.0
winequality-red-8_vs_6-7,easy_bpnn,3.0,19.0,27.0,26.0,1.0,2.0,23.0,6.0,22.0,1.0,14.0
winequality-red-8_vs_6-7,evinci,19.0,26.0,5.0,25.0,29.0,14.0,29.0,29.0,29.0,29.0,24.0
winequality-red-8_vs_6-7,glos,22.0,22.0,16.0,5.0,11.0,17.0,5.0,8.0,12.0,11.0,5.0
winequality-red-8_vs_6-7,mc_ccr,15.0,9.0,2.5,7.0,22.0,8.0,7.0,5.0,2.0,21.5,7.0
winequality-red-8_vs_6-7,mc_evhs,10.0,3.0,14.5,1.0,8.0,13.0,1.0,1.0,6.0,7.0,10.0
winequality-red-8_vs_6-7,mc_nro,20.0,21.0,17.0,19.0,15.0,23.0,19.0,23.0,19.0,16.0,28.0
winequality-red-8_vs_6-7,mc_rbo,5.0,6.0,1.0,6.0,21.0,5.0,6.0,4.0,1.0,19.0,27.0
winequality-red-8_vs_6-7,mdo,17.0,18.0,18.5,2.0,6.0,4.0,2.0,2.0,13.0,6.0,12.0
winequality-red-8_vs_6-7,multirandbal,6.0,8.0,20.0,12.0,12.0,16.0,12.0,15.0,14.0,8.0,13.0
winequality-red-8_vs_6-7,nromm,2.0,11.0,12.5,4.0,13.0,7.0,4.0,7.0,11.0,12.0,19.0
winequality-red-8_vs_6-7,ocsv_us,26.0,29.0,29.0,29.0,7.0,29.0,28.0,27.0,28.0,14.0,23.0
winequality-red-8_vs_6-7,orem_m,9.0,7.0,9.0,14.0,27.0,15.0,15.0,21.0,10.0,26.0,8.0
winequality-red-8_vs_6-7,oremboost,16.0,13.0,2.5,9.0,23.0,6.0,9.0,10.0,3.0,21.5,17.0
winequality-red-8_vs_6-7,pt_bagging,24.0,17.0,5.0,10.5,24.5,9.5,10.5,11.5,4.5,23.5,2.0
winequality-red-8_vs_6-7,s_smote,11.0,23.0,24.0,23.0,5.0,22.0,22.0,18.0,24.0,5.0,16.0
winequality-red-8_vs_6-7,scut,7.0,4.0,21.0,15.0,10.0,25.0,14.0,19.0,17.0,9.0,18.0
winequality-red-8_vs_6-7,shsampler,18.0,24.0,23.0,17.0,9.0,27.0,16.0,20.0,15.0,10.0,6.0
winequality-red-8_vs_6-7,smom,21.0,12.0,10.0,16.0,18.0,11.0,17.0,22.0,18.0,17.0,21.0
winequality-red-8_vs_6-7,soup,14.0,14.0,11.0,8.0,14.0,19.0,8.0,9.0,8.0,15.0,22.0
winequality-white-3-9_vs_5,DBCF,4.0,9.0,12.0,10.0,14.0,15.0,10.0,10.0,8.0,15.0,26.0
winequality-white-3-9_vs_5,DEAHS,15.0,11.0,25.0,25.0,2.0,24.0,22.0,16.0,23.0,3.0,28.0
winequality-white-3-9_vs_5,DeepSMOTE,11.0,24.0,11.0,24.0,29.0,18.0,29.0,29.0,29.0,28.0,15.0
winequality-white-3-9_vs_5,SPE,14.0,19.0,29.0,29.0,4.0,27.0,27.0,22.0,26.0,5.0,25.0
winequality-white-3-9_vs_5,adaboost_ad,27.0,29.0,27.0,27.0,6.0,28.0,26.0,25.0,27.0,10.0,12.0
winequality-white-3-9_vs_5,amcs,26.0,26.0,23.0,23.0,19.0,25.0,25.0,27.0,25.0,23.0,1.0
winequality-white-3-9_vs_5,des_mi,19.0,25.0,18.0,21.0,28.0,20.0,24.0,26.0,22.0,27.0,11.0
winequality-white-3-9_vs_5,dpse,28.0,22.0,14.0,14.0,24.0,14.0,14.0,15.0,10.0,22.0,6.0
winequality-white-3-9_vs_5,drcw_aseg,9.0,2.0,10.0,8.0,21.0,9.0,8.0,7.0,6.0,14.0,9.0
winequality-white-3-9_vs_5,e_evrs,25.0,27.0,21.0,17.0,18.0,22.0,17.0,18.0,15.0,20.0,16.0
winequality-white-3-9_vs_5,easy_bpnn,22.0,7.0,26.0,26.0,3.0,26.0,23.0,21.0,24.0,4.0,14.0
winequality-white-3-9_vs_5,evinci,8.0,10.0,8.0,18.0,25.0,16.0,19.0,20.0,11.0,26.0,24.0
winequality-white-3-9_vs_5,glos,1.0,6.0,16.0,4.0,8.0,6.0,4.0,6.0,12.0,6.0,2.0
winequality-white-3-9_vs_5,mc_ccr,18.0,14.0,6.0,20.0,27.0,13.0,21.0,24.0,19.0,25.0,4.0
winequality-white-3-9_vs_5,mc_evhs,3.0,18.0,15.0,9.0,13.0,17.0,9.0,8.0,5.0,16.0,7.0
winequality-white-3-9_vs_5,mc_nro,17.0,8.0,13.0,7.0,11.0,8.0,7.0,9.0,9.0,9.0,29.0
winequality-white-3-9_vs_5,mc_rbo,13.0,12.0,3.5,19.0,26.0,11.0,20.0,23.0,18.0,24.0,27.0
winequality-white-3-9_vs_5,mdo,12.0,3.0,1.0,13.0,23.0,2.0,12.0,14.0,16.0,11.0,10.0
winequality-white-3-9_vs_5,multirandbal,24.0,21.0,20.0,16.0,17.0,23.0,16.0,19.0,20.0,19.0,13.0
winequality-white-3-9_vs_5,nromm,16.0,15.0,17.0,11.0,15.0,19.0,11.0,13.0,13.0,17.0,19.0
winequality-white-3-9_vs_5,ocsv_us,29.0,28.0,28.0,28.0,7.0,29.0,28.0,28.0,28.0,29.0,20.0
winequality-white-3-9_vs_5,orem_m,20.0,16.0,3.5,3.0,9.0,3.0,2.0,3.0,4.0,7.0,3.0
winequality-white-3-9_vs_5,oremboost,21.0,20.0,5.0,12.0,22.0,10.0,13.0,11.0,7.0,21.0,22.0
winequality-white-3-9_vs_5,pt_bagging,10.0,4.0,2.0,5.0,20.0,4.0,5.0,4.0,1.0,12.0,8.0
winequality-white-3-9_vs_5,s_smote,5.0,17.0,24.0,22.0,1.0,7.0,18.0,12.0,21.0,1.0,17.0
winequality-white-3-9_vs_5,scut,23.0,23.0,19.0,15.0,16.0,21.0,15.0,17.0,17.0,18.0,18.0
winequality-white-3-9_vs_5,shsampler,2.0,5.0,22.0,1.0,5.0,1.0,1.0,1.0,14.0,2.0,5.0
winequality-white-3-9_vs_5,smom,7.0,13.0,9.0,6.0,12.0,12.0,6.0,5.0,2.0,13.0,21.0
winequality-white-3-9_vs_5,soup,6.0,1.0,7.0,2.0,10.0,5.0,3.0,2.0,3.0,8.0,23.0
winequality-white-3_vs_7,DBCF,4.0,10.0,15.0,4.0,10.0,8.0,4.0,8.0,9.0,10.0,27.0
winequality-white-3_vs_7,DEAHS,16.0,20.0,25.5,25.0,8.0,28.0,23.0,18.0,26.0,9.0,29.0
winequality-white-3_vs_7,DeepSMOTE,11.0,13.0,11.0,26.0,29.0,18.0,29.0,29.0,29.0,29.0,15.0
winequality-white-3_vs_7,SPE,20.0,26.0,29.0,29.0,2.0,26.0,25.0,15.0,25.0,3.0,25.0
winequality-white-3_vs_7,adaboost_ad,25.0,29.0,27.0,27.0,6.0,27.0,21.0,16.0,24.0,8.0,11.0
winequality-white-3_vs_7,amcs,29.0,27.0,23.5,17.0,16.0,22.0,17.0,19.0,22.0,17.0,1.0
winequality-white-3_vs_7,des_mi,27.0,22.0,17.0,18.0,23.0,16.0,18.0,24.0,18.0,22.0,10.0
winequality-white-3_vs_7,dpse,21.0,16.0,16.0,9.0,11.0,11.0,9.0,10.0,10.0,14.0,2.0
winequality-white-3_vs_7,drcw_aseg,18.0,7.0,4.0,5.5,12.5,5.5,5.5,6.5,5.5,11.5,4.0
winequality-white-3_vs_7,e_evrs,28.0,28.0,19.0,16.0,21.0,19.0,16.0,22.0,15.0,23.0,16.0
winequality-white-3_vs_7,easy_bpnn,26.0,25.0,28.0,28.0,3.0,29.0,26.0,17.0,27.0,7.0,14.0
winequality-white-3_vs_7,evinci,22.0,11.0,13.0,13.0,22.0,12.0,13.0,14.0,13.0,21.0,24.0
winequality-white-3_vs_7,glos,2.0,4.0,6.0,1.0,1.0,1.0,1.0,1.0,2.0,1.0,5.0
winequality-white-3_vs_7,mc_ccr,15.0,12.0,7.0,19.0,24.0,14.0,20.0,21.0,14.0,24.0,6.0
winequality-white-3_vs_7,mc_evhs,12.0,24.0,20.0,22.0,27.0,21.0,27.0,27.0,21.0,28.0,9.0
winequality-white-3_vs_7,mc_nro,7.0,2.0,1.0,2.0,9.0,3.0,2.0,2.0,1.0,5.0,26.0
winequality-white-3_vs_7,mc_rbo,23.0,15.0,8.0,20.0,25.0,15.0,22.0,25.0,19.0,25.0,28.0
winequality-white-3_vs_7,mdo,1.0,3.0,9.5,11.0,17.0,4.0,11.0,12.0,11.0,13.0,12.0
winequality-white-3_vs_7,multirandbal,9.0,21.0,21.0,14.0,19.0,24.0,14.0,20.0,16.0,19.0,13.0
winequality-white-3_vs_7,nromm,8.0,9.0,9.5,12.0,18.0,13.0,12.0,11.0,8.0,18.0,17.0
winequality-white-3_vs_7,ocsv_us,24.0,17.0,25.5,24.0,5.0,25.0,19.0,13.0,23.0,6.0,22.0
winequality-white-3_vs_7,orem_m,13.0,18.0,13.0,21.0,26.0,17.0,24.0,26.0,20.0,26.0,8.0
winequality-white-3_vs_7,oremboost,14.0,8.0,4.0,8.0,15.0,10.0,8.0,5.0,4.0,16.0,23.0
winequality-white-3_vs_7,pt_bagging,17.0,6.0,4.0,5.5,12.5,5.5,5.5,6.5,5.5,11.5,3.0
winequality-white-3_vs_7,s_smote,5.0,19.0,23.5,10.0,4.0,7.0,10.0,9.0,12.0,4.0,19.0
winequality-white-3_vs_7,scut,19.0,23.0,22.0,15.0,20.0,23.0,15.0,23.0,17.0,20.0,18.0
winequality-white-3_vs_7,shsampler,6.0,5.0,13.0,3.0,7.0,2.0,3.0,3.0,7.0,2.0,7.0
winequality-white-3_vs_7,smom,3.0,14.0,18.0,23.0,28.0,20.0,28.0,28.0,28.0,27.0,20.0
winequality-white-3_vs_7,soup,10.0,1.0,2.0,7.0,14.0,9.0,7.0,4.0,3.0,15.0,21.0
winequality-white-9_vs_4,DBCF,4.0,1.0,11.5,21.0,27.0,24.0,21.0,23.0,21.0,26.0,27.0
winequality-white-9_vs_4,DEAHS,4.0,13.0,27.0,27.0,5.0,25.0,26.0,26.0,26.0,13.0,29.0
winequality-white-9_vs_4,DeepSMOTE,18.5,11.5,4.0,10.5,17.5,13.5,10.5,13.5,8.5,16.5,19.0
winequality-white-9_vs_4,SPE,21.0,16.0,29.0,28.0,15.0,29.0,27.0,27.0,27.0,25.0,28.0
winequality-white-9_vs_4,adaboost_ad,28.0,28.0,25.0,24.0,14.0,23.0,24.0,22.0,24.0,14.0,5.0
winequality-white-9_vs_4,amcs,29.0,29.0,23.0,26.0,29.0,28.0,29.0,29.0,29.0,29.0,4.0
winequality-white-9_vs_4,des_mi,16.0,23.5,21.0,16.0,13.0,11.0,16.0,11.0,16.0,12.0,11.0
winequality-white-9_vs_4,dpse,22.5,15.0,7.5,5.5,8.5,5.5,5.5,5.5,5.5,7.5,1.0
winequality-white-9_vs_4,drcw_aseg,7.0,19.5,9.5,13.5,20.5,17.5,13.5,16.5,11.5,19.5,3.0
winequality-white-9_vs_4,e_evrs,27.0,26.0,17.0,20.0,24.0,19.0,20.0,20.0,20.0,22.0,16.0
winequality-white-9_vs_4,easy_bpnn,11.0,17.0,26.0,25.0,4.0,20.0,23.0,21.0,23.0,4.0,18.0
winequality-white-9_vs_4,evinci,2.0,22.0,19.0,19.0,23.0,21.0,19.0,19.0,18.0,23.0,25.0
winequality-white-9_vs_4,glos,26.0,27.0,22.0,23.0,25.0,22.0,25.0,25.0,25.0,24.0,7.0
winequality-white-9_vs_4,mc_ccr,13.0,9.0,7.5,5.5,8.5,5.5,5.5,5.5,5.5,7.5,6.0
winequality-white-9_vs_4,mc_evhs,9.5,5.0,17.0,7.5,10.5,9.5,7.5,7.5,13.5,9.5,10.0
winequality-white-9_vs_4,mc_nro,22.5,9.0,14.5,4.0,2.0,2.0,4.0,2.0,4.0,2.0,24.0
winequality-white-9_vs_4,mc_rbo,14.5,19.5,4.0,10.5,17.5,13.5,10.5,13.5,8.5,16.5,23.0
winequality-white-9_vs_4,mdo,1.0,7.0,9.5,13.5,20.5,17.5,13.5,16.5,11.5,19.5,12.0
winequality-white-9_vs_4,multirandbal,4.0,14.0,20.0,15.0,12.0,8.0,15.0,9.0,15.0,11.0,13.0
winequality-white-9_vs_4,nromm,14.5,9.0,4.0,10.5,17.5,13.5,10.5,13.5,8.5,16.5,17.0
winequality-white-9_vs_4,ocsv_us,20.0,25.0,28.0,29.0,26.0,27.0,28.0,28.0,28.0,28.0,26.0
winequality-white-9_vs_4,orem_m,12.0,11.5,4.0,10.5,17.5,13.5,10.5,13.5,8.5,16.5,9.0
winequality-white-9_vs_4,oremboost,25.0,23.5,11.5,18.0,22.0,16.0,18.0,18.0,17.0,21.0,20.0
winequality-white-9_vs_4,pt_bagging,7.0,19.5,14.5,22.0,28.0,26.0,22.0,24.0,22.0,27.0,2.0
winequality-white-9_vs_4,s_smote,24.0,3.0,13.0,3.0,1.0,1.0,3.0,1.0,3.0,1.0,22.0
winequality-white-9_vs_4,scut,18.5,19.5,17.0,7.5,10.5,9.5,7.5,7.5,13.5,9.5,21.0
winequality-white-9_vs_4,shsampler,7.0,2.0,24.0,17.0,3.0,3.0,17.0,10.0,19.0,3.0,8.0
winequality-white-9_vs_4,smom,9.5,5.0,1.0,1.0,6.0,4.0,1.0,3.0,1.0,5.0,15.0
winequality-white-9_vs_4,soup,17.0,5.0,4.0,2.0,7.0,7.0,2.0,4.0,2.0,6.0,14.0
wisconsin,DBCF,9.0,9.0,5.0,4.0,4.0,4.0,4.0,4.0,6.0,4.0,27.0
wisconsin,DEAHS,4.0,4.0,1.0,1.0,1.0,1.0,1.0,1.0,1.0,1.0,29.0
wisconsin,DeepSMOTE,13.0,20.0,13.5,14.0,14.0,14.0,14.0,14.0,12.0,14.0,19.0
wisconsin,SPE,2.0,2.0,8.5,10.0,10.0,12.0,10.0,11.0,5.0,11.0,28.0
wisconsin,adaboost_ad,28.0,28.0,16.5,16.0,16.0,17.0,16.0,16.0,16.0,16.5,8.0
wisconsin,amcs,23.0,19.0,27.0,27.0,27.0,27.0,27.0,27.0,28.0,27.0,25.0
wisconsin,des_mi,25.0,26.0,15.0,17.0,17.0,16.0,17.0,17.0,17.0,16.5,4.0
wisconsin,dpse,27.0,27.0,24.0,24.0,24.0,24.0,24.0,24.0,24.0,24.0,2.0
wisconsin,drcw_aseg,14.0,11.0,22.5,22.5,22.5,22.5,22.5,22.5,22.5,22.5,3.0
wisconsin,e_evrs,29.0,29.0,26.0,26.0,26.0,26.0,26.0,26.0,27.0,26.0,16.0
wisconsin,easy_bpnn,1.0,1.0,4.0,5.0,5.0,7.0,5.0,5.0,4.0,5.0,22.0
wisconsin,evinci,7.0,10.0,25.0,25.0,25.0,25.0,25.0,25.0,25.0,25.0,26.0
wisconsin,glos,18.0,17.0,12.0,13.0,13.0,11.0,12.0,12.0,13.0,12.0,10.0
wisconsin,mc_ccr,5.0,6.0,19.0,19.0,19.0,19.0,19.0,19.0,20.0,19.0,6.0
wisconsin,mc_evhs,20.0,21.0,8.5,6.0,7.0,5.0,6.0,6.0,10.0,6.5,11.0
wisconsin,mc_nro,11.0,15.0,3.0,3.0,3.0,3.0,3.0,3.0,7.0,3.0,14.0
wisconsin,mc_rbo,10.0,14.0,6.0,11.0,11.0,10.0,11.0,9.0,2.0,10.0,20.0
wisconsin,mdo,3.0,5.0,13.5,12.0,12.0,13.0,13.0,13.0,14.0,13.0,9.0
wisconsin,multirandbal,19.0,18.0,21.0,21.0,21.0,21.0,21.0,21.0,21.0,21.0,5.0
wisconsin,nromm,17.0,16.0,16.5,15.0,15.0,15.0,15.0,15.0,18.0,15.0,12.0
wisconsin,ocsv_us,21.0,8.0,29.0,29.0,29.0,29.0,29.0,29.0,29.0,29.0,23.0
wisconsin,orem_m,8.0,7.0,11.0,9.0,9.0,9.0,9.0,10.0,8.0,9.0,17.0
wisconsin,oremboost,6.0,3.0,18.0,18.0,18.0,18.0,18.0,18.0,15.0,18.0,24.0
wisconsin,pt_bagging,15.0,13.0,22.5,22.5,22.5,22.5,22.5,22.5,22.5,22.5,1.0
wisconsin,s_smote,26.0,25.0,28.0,28.0,28.0,28.0,28.0,28.0,26.0,28.0,21.0
wisconsin,scut,12.0,12.0,20.0,20.0,20.0,20.0,20.0,20.0,19.0,20.0,18.0
wisconsin,shsampler,16.0,23.0,2.0,2.0,2.0,2.0,2.0,2.0,3.0,2.0,7.0
wisconsin,smom,22.0,22.0,8.5,8.0,8.0,8.0,8.0,8.0,9.0,8.0,13.0
wisconsin,soup,24.0,24.0,8.5,7.0,6.0,6.0,7.0,7.0,11.0,6.5,15.0
yeast,DBCF,2.0,13.0,12.0,17.0,26.0,21.0,11.0,11.0,16.0,21.0,27.0
yeast,DEAHS,1.0,2.0,13.0,13.0,9.0,14.0,13.0,12.0,11.0,14.0,29.0
yeast,DeepSMOTE,12.0,8.0,2.0,9.0,24.0,18.0,3.0,3.0,8.0,18.0,14.0
yeast,SPE,24.0,24.0,28.0,27.0,15.0,28.0,28.0,28.0,26.0,27.0,21.0
yeast,adaboost_ad,25.0,28.0,27.0,26.0,4.0,24.0,27.0,27.0,27.0,22.0,5.0
yeast,amcs,22.0,22.0,23.0,21.0,13.0,23.0,24.0,26.0,20.0,24.0,24.0
yeast,des_mi,20.0,20.0,18.0,18.0,7.0,9.0,18.0,18.0,22.0,9.0,7.0
yeast,dpse,26.0,26.0,20.0,25.0,25.0,25.0,22.0,22.0,25.0,25.0,9.0
yeast,drcw_aseg,10.0,1.0,3.0,8.0,19.0,19.0,4.0,4.0,2.0,19.0,11.0
yeast,e_evrs,27.0,27.0,25.0,24.0,8.0,20.0,23.0,23.0,24.0,20.0,25.0
yeast,easy_bpnn,18.0,15.0,19.0,16.0,2.0,12.0,19.0,19.0,18.0,6.0,26.0
yeast,evinci,11.0,11.0,6.0,6.0,22.0,5.0,5.0,5.0,6.0,10.0,18.0
yeast,glos,14.0,18.0,7.0,4.0,17.0,7.0,7.0,8.0,4.0,11.0,4.0
yeast,mc_ccr,7.0,5.0,5.0,11.0,18.0,17.0,6.0,7.0,9.0,17.0,3.0
yeast,mc_evhs,17.0,16.0,21.0,19.0,1.0,8.0,20.0,20.0,21.0,5.0,12.0
yeast,mc_nro,19.0,12.0,8.0,7.0,11.0,1.0,8.0,6.0,10.0,1.0,23.0
yeast,mc_rbo,3.0,4.0,4.0,5.0,20.0,11.0,2.0,2.0,5.0,12.0,28.0
yeast,mdo,6.0,3.0,1.0,1.0,12.0,3.0,1.0,1.0,3.0,3.0,6.0
yeast,multirandbal,13.0,10.0,17.0,12.0,5.0,10.0,17.0,17.0,15.0,7.0,8.0
yeast,nromm,4.0,7.0,9.0,2.0,16.0,13.0,10.0,10.0,1.0,13.0,16.0
yeast,ocsv_us,29.0,29.0,29.0,29.0,28.0,29.0,29.0,29.0,29.0,29.0,15.0
yeast,orem_m,5.0,6.0,11.0,15.0,23.0,16.0,12.0,13.0,12.0,16.0,10.0
yeast,oremboost,28.0,25.0,24.0,28.0,29.0,27.0,26.0,25.0,28.0,28.0,22.0
yeast,pt_bagging,23.0,23.0,15.0,23.0,27.0,26.0,16.0,16.0,19.0,26.0,1.0
yeast,s_smote,21.0,21.0,26.0,22.0,14.0,22.0,25.0,24.0,17.0,23.0,13.0
yeast,scut,16.0,19.0,22.0,20.0,3.0,15.0,21.0,21.0,23.0,15.0,17.0
yeast,shsampler,8.0,17.0,10.0,10.0,10.0,2.0,9.0,9.0,13.0,2.0,2.0
yeast,smom,15.0,9.0,14.0,3.0,6.0,4.0,14.0,14.0,7.0,4.0,19.0
yeast,soup,9.0,14.0,16.0,14.0,21.0,6.0,15.0,15.0,14.0,8.0,20.0
yeast-0-2-5-6_vs_3-7-8-9,DBCF,21.0,12.0,13.0,7.0,3.0,3.0,8.0,9.0,14.0,3.0,27.0
yeast-0-2-5-6_vs_3-7-8-9,DEAHS,12.0,10.0,22.0,19.0,2.0,12.0,19.0,18.0,21.0,2.0,29.0
yeast-0-2-5-6_vs_3-7-8-9,DeepSMOTE,7.0,3.0,1.0,8.0,25.0,15.0,6.0,4.0,1.0,24.0,14.0
yeast-0-2-5-6_vs_3-7-8-9,SPE,8.0,4.0,26.0,24.0,4.0,17.0,24.0,23.0,25.0,6.0,25.0
yeast-0-2-5-6_vs_3-7-8-9,adaboost_ad,27.0,29.0,28.0,28.0,16.0,28.0,28.0,28.0,29.0,20.0,12.0
yeast-0-2-5-6_vs_3-7-8-9,amcs,29.0,27.0,19.0,22.0,29.0,27.0,23.0,24.0,19.0,29.0,26.0
yeast-0-2-5-6_vs_3-7-8-9,des_mi,20.0,25.0,20.0,20.0,19.0,23.0,20.0,22.0,20.0,18.0,3.0
yeast-0-2-5-6_vs_3-7-8-9,dpse,25.0,24.0,18.0,17.0,23.0,21.0,17.0,17.0,18.0,25.0,1.0
yeast-0-2-5-6_vs_3-7-8-9,drcw_aseg,17.0,8.0,5.0,14.0,21.0,16.0,14.0,10.0,5.0,21.0,4.0
yeast-0-2-5-6_vs_3-7-8-9,e_evrs,24.0,28.0,21.0,21.0,11.0,20.0,21.0,20.0,22.0,14.0,16.0
yeast-0-2-5-6_vs_3-7-8-9,easy_bpnn,18.0,16.0,27.0,27.0,12.0,26.0,27.0,27.0,27.0,17.0,17.0
yeast-0-2-5-6_vs_3-7-8-9,evinci,5.0,7.0,12.0,9.0,9.0,7.0,10.0,11.0,12.0,8.0,24.0
yeast-0-2-5-6_vs_3-7-8-9,glos,10.0,11.0,9.5,12.0,18.0,11.0,13.0,13.0,8.0,15.0,5.0
yeast-0-2-5-6_vs_3-7-8-9,mc_ccr,13.0,5.0,4.0,4.0,22.0,13.0,4.0,5.0,3.0,19.0,6.0
yeast-0-2-5-6_vs_3-7-8-9,mc_evhs,23.0,21.0,24.0,23.0,6.0,19.0,22.0,21.0,23.0,10.0,9.0
yeast-0-2-5-6_vs_3-7-8-9,mc_nro,2.0,1.0,6.0,2.0,7.0,2.0,2.0,2.0,7.0,5.0,23.0
yeast-0-2-5-6_vs_3-7-8-9,mc_rbo,1.0,6.0,2.5,1.0,17.0,6.0,1.0,1.0,4.0,12.0,28.0
yeast-0-2-5-6_vs_3-7-8-9,mdo,3.0,2.0,2.5,5.0,24.0,14.0,5.0,3.0,2.0,23.0,11.0
yeast-0-2-5-6_vs_3-7-8-9,multirandbal,14.0,19.0,15.0,16.0,8.0,10.0,16.0,16.0,17.0,9.0,8.0
yeast-0-2-5-6_vs_3-7-8-9,nromm,9.0,17.0,9.5,11.0,15.0,9.0,11.0,12.0,10.0,13.0,13.0
yeast-0-2-5-6_vs_3-7-8-9,ocsv_us,28.0,26.0,29.0,29.0,27.0,29.0,29.0,29.0,28.0,28.0,22.0
yeast-0-2-5-6_vs_3-7-8-9,orem_m,15.0,9.0,8.0,3.0,10.0,5.0,3.0,6.0,11.0,7.0,10.0
yeast-0-2-5-6_vs_3-7-8-9,oremboost,22.0,20.0,17.0,18.0,28.0,24.0,18.0,19.0,16.0,27.0,21.0
yeast-0-2-5-6_vs_3-7-8-9,pt_bagging,16.0,13.0,7.0,15.0,26.0,18.0,15.0,15.0,6.0,26.0,2.0
yeast-0-2-5-6_vs_3-7-8-9,s_smote,26.0,23.0,25.0,26.0,14.0,22.0,26.0,25.0,26.0,16.0,20.0
yeast-0-2-5-6_vs_3-7-8-9,scut,19.0,22.0,23.0,25.0,20.0,25.0,25.0,26.0,24.0,22.0,15.0
yeast-0-2-5-6_vs_3-7-8-9,shsampler,6.0,15.0,16.0,10.0,1.0,1.0,9.0,8.0,15.0,1.0,7.0
yeast-0-2-5-6_vs_3-7-8-9,smom,11.0,14.0,11.0,6.0,13.0,8.0,7.0,7.0,9.0,11.0,18.0
yeast-0-2-5-6_vs_3-7-8-9,soup,4.0,18.0,14.0,13.0,5.0,4.0,12.0,14.0,13.0,4.0,19.0
yeast-0-2-5-7-9_vs_3-6-8,DBCF,19.0,9.0,15.0,13.0,4.0,5.0,13.0,13.0,16.0,4.0,26.0
yeast-0-2-5-7-9_vs_3-6-8,DEAHS,3.0,14.0,22.0,22.0,13.0,15.0,22.0,22.0,23.0,14.0,29.0
yeast-0-2-5-7-9_vs_3-6-8,DeepSMOTE,4.0,5.0,13.5,16.0,27.0,26.0,16.0,15.0,3.0,27.0,15.0
yeast-0-2-5-7-9_vs_3-6-8,SPE,2.0,4.0,16.0,15.0,19.0,19.0,15.0,16.0,15.0,18.0,25.0
yeast-0-2-5-7-9_vs_3-6-8,adaboost_ad,29.0,29.0,28.0,28.0,25.0,27.0,28.0,28.0,28.0,26.0,10.0
yeast-0-2-5-7-9_vs_3-6-8,amcs,26.0,26.0,23.0,24.0,29.0,28.0,24.0,27.0,21.0,29.0,27.0
yeast-0-2-5-7-9_vs_3-6-8,des_mi,22.0,24.0,19.0,18.0,6.0,8.0,18.0,18.0,19.0,8.0,4.0
yeast-0-2-5-7-9_vs_3-6-8,dpse,25.0,23.0,11.5,12.0,22.0,20.0,12.0,12.0,9.0,22.0,1.0
yeast-0-2-5-7-9_vs_3-6-8,drcw_aseg,20.0,8.0,8.5,11.0,20.0,18.0,11.0,11.0,7.0,20.5,3.0
yeast-0-2-5-7-9_vs_3-6-8,e_evrs,27.0,28.0,24.0,23.0,14.0,21.0,23.0,23.0,24.0,17.0,14.0
yeast-0-2-5-7-9_vs_3-6-8,easy_bpnn,23.0,19.0,26.0,27.0,18.0,22.0,27.0,25.0,27.0,19.0,17.0
yeast-0-2-5-7-9_vs_3-6-8,evinci,14.0,20.0,5.5,3.0,2.0,1.0,3.0,3.0,12.0,2.0,24.0
yeast-0-2-5-7-9_vs_3-6-8,glos,6.0,17.0,11.5,8.0,7.0,7.0,8.0,8.0,13.0,6.5,6.0
yeast-0-2-5-7-9_vs_3-6-8,mc_ccr,10.0,15.0,2.0,5.0,15.0,11.0,5.0,4.0,1.0,12.5,8.0
yeast-0-2-5-7-9_vs_3-6-8,mc_evhs,17.0,25.0,25.0,25.0,24.0,25.0,26.0,26.0,26.0,24.0,9.0
yeast-0-2-5-7-9_vs_3-6-8,mc_nro,12.0,3.0,4.0,1.0,3.0,3.0,1.0,1.0,8.0,3.0,21.0
yeast-0-2-5-7-9_vs_3-6-8,mc_rbo,8.0,6.0,2.0,4.0,12.0,14.0,4.0,5.0,2.0,12.5,28.0
yeast-0-2-5-7-9_vs_3-6-8,mdo,15.0,2.0,2.0,2.0,5.0,4.0,2.0,2.0,5.0,5.0,11.0
yeast-0-2-5-7-9_vs_3-6-8,multirandbal,5.0,11.0,17.0,17.0,10.0,10.0,17.0,17.0,17.0,10.0,5.0
yeast-0-2-5-7-9_vs_3-6-8,nromm,13.0,7.0,7.0,7.0,11.0,9.0,7.0,7.0,11.0,11.0,13.0
yeast-0-2-5-7-9_vs_3-6-8,ocsv_us,28.0,27.0,29.0,29.0,28.0,29.0,29.0,29.0,29.0,28.0,23.0
yeast-0-2-5-7-9_vs_3-6-8,orem_m,9.0,16.0,10.0,9.0,8.0,6.0,9.0,10.0,14.0,6.5,12.0
yeast-0-2-5-7-9_vs_3-6-8,oremboost,18.0,21.0,13.5,14.0,26.0,23.0,14.0,14.0,10.0,25.0,22.0
yeast-0-2-5-7-9_vs_3-6-8,pt_bagging,21.0,10.0,8.5,10.0,21.0,17.0,10.0,9.0,6.0,20.5,2.0
yeast-0-2-5-7-9_vs_3-6-8,s_smote,24.0,22.0,27.0,26.0,23.0,24.0,25.0,24.0,25.0,23.0,20.0
yeast-0-2-5-7-9_vs_3-6-8,scut,16.0,12.0,21.0,21.0,9.0,12.0,21.0,21.0,22.0,9.0,16.0
yeast-0-2-5-7-9_vs_3-6-8,shsampler,1.0,13.0,20.0,20.0,1.0,2.0,20.0,20.0,20.0,1.0,7.0
yeast-0-2-5-7-9_vs_3-6-8,smom,11.0,1.0,5.5,6.0,16.0,13.0,6.0,6.0,4.0,15.0,18.0
yeast-0-2-5-7-9_vs_3-6-8,soup,7.0,18.0,18.0,19.0,17.0,16.0,19.0,19.0,18.0,16.0,19.0
yeast-0-3-5-9_vs_7-8,DBCF,9.0,5.0,13.0,2.0,5.0,2.0,2.0,4.0,11.0,5.0,28.0
yeast-0-3-5-9_vs_7-8,DEAHS,1.0,4.0,26.0,22.0,1.0,5.0,20.0,15.0,21.0,1.0,29.0
yeast-0-3-5-9_vs_7-8,DeepSMOTE,10.0,7.0,1.0,12.0,27.0,6.0,11.0,3.0,1.0,26.0,17.0
yeast-0-3-5-9_vs_7-8,SPE,6.0,9.0,28.0,28.0,3.0,15.0,25.0,22.0,25.0,3.0,27.0
yeast-0-3-5-9_vs_7-8,adaboost_ad,27.0,28.0,27.0,27.0,7.0,28.0,27.0,26.0,27.0,13.0,11.0
yeast-0-3-5-9_vs_7-8,amcs,29.0,27.0,18.0,26.0,29.0,25.0,28.0,29.0,29.0,29.0,25.0
yeast-0-3-5-9_vs_7-8,des_mi,18.0,22.0,19.0,7.0,6.0,16.0,7.0,9.0,17.0,6.0,4.0
yeast-0-3-5-9_vs_7-8,dpse,24.0,24.0,16.0,19.0,21.0,23.0,22.0,23.0,19.0,22.0,1.0
yeast-0-3-5-9_vs_7-8,drcw_aseg,11.0,15.0,11.0,18.0,22.0,19.0,18.0,21.0,13.0,21.0,3.0
yeast-0-3-5-9_vs_7-8,e_evrs,28.0,29.0,22.0,24.0,20.0,26.0,26.0,27.0,24.0,28.0,14.0
yeast-0-3-5-9_vs_7-8,easy_bpnn,5.0,3.0,25.0,23.0,2.0,4.0,21.0,16.0,22.0,2.0,16.0
yeast-0-3-5-9_vs_7-8,evinci,4.0,1.0,3.0,1.0,13.0,1.0,1.0,1.0,7.0,9.0,24.0
yeast-0-3-5-9_vs_7-8,glos,16.0,17.0,12.0,8.0,15.0,11.0,9.0,14.0,12.0,14.0,9.0
yeast-0-3-5-9_vs_7-8,mc_ccr,19.0,18.0,4.0,16.0,28.0,7.0,14.0,6.0,2.0,27.0,7.0
yeast-0-3-5-9_vs_7-8,mc_evhs,20.0,23.0,21.0,15.0,8.0,21.0,16.0,19.0,18.0,7.0,8.0
yeast-0-3-5-9_vs_7-8,mc_nro,3.0,6.0,5.0,13.0,25.0,10.0,13.0,11.0,6.0,24.0,22.0
yeast-0-3-5-9_vs_7-8,mc_rbo,13.0,2.0,2.0,4.0,19.0,3.0,3.0,2.0,3.0,16.0,26.0
yeast-0-3-5-9_vs_7-8,mdo,14.0,11.0,6.0,10.0,23.0,9.0,8.0,7.0,5.0,20.0,12.0
yeast-0-3-5-9_vs_7-8,multirandbal,23.0,20.0,20.0,21.0,17.0,24.0,23.0,25.0,23.0,18.0,6.0
yeast-0-3-5-9_vs_7-8,nromm,8.0,10.0,7.0,14.0,26.0,12.0,15.0,10.0,4.0,25.0,13.0
yeast-0-3-5-9_vs_7-8,ocsv_us,26.0,25.0,29.0,29.0,12.0,29.0,29.0,28.0,28.0,19.0,23.0
yeast-0-3-5-9_vs_7-8,orem_m,15.0,16.0,8.0,3.0,14.0,8.0,4.0,5.0,9.0,12.0,10.0
yeast-0-3-5-9_vs_7-8,oremboost,21.0,12.0,10.0,9.0,18.0,13.0,10.0,13.0,10.0,17.0,20.0
yeast-0-3-5-9_vs_7-8,pt_bagging,7.0,14.0,9.0,17.0,24.0,17.0,17.0,17.0,8.0,23.0,2.0
yeast-0-3-5-9_vs_7-8,s_smote,17.0,21.0,23.0,20.0,4.0,22.0,19.0,20.0,20.0,4.0,21.0
yeast-0-3-5-9_vs_7-8,scut,25.0,26.0,24.0,25.0,9.0,27.0,24.0,24.0,26.0,11.0,18.0
yeast-0-3-5-9_vs_7-8,shsampler,2.0,8.0,17.0,6.0,10.0,18.0,6.0,12.0,16.0,8.0,5.0
yeast-0-3-5-9_vs_7-8,smom,22.0,19.0,15.0,11.0,16.0,20.0,12.0,18.0,15.0,15.0,19.0
yeast-0-3-5-9_vs_7-8,soup,12.0,13.0,14.0,5.0,11.0,14.0,5.0,8.0,14.0,10.0,15.0
yeast-0-5-6-7-9_vs_4,DBCF,12.0,19.0,17.0,5.0,13.0,7.0,5.0,5.0,16.0,12.0,28.0
yeast-0-5-6-7-9_vs_4,DEAHS,2.0,5.0,24.0,17.0,1.0,2.0,15.0,12.0,23.0,1.0,29.0
yeast-0-5-6-7-9_vs_4,DeepSMOTE,15.0,14.0,10.0,28.0,29.0,27.0,28.0,27.0,9.0,29.0,18.0
yeast-0-5-6-7-9_vs_4,SPE,7.0,6.0,25.0,22.0,3.0,8.0,20.0,17.0,25.0,3.0,27.0
yeast-0-5-6-7-9_vs_4,adaboost_ad,25.0,27.0,27.0,25.0,4.0,12.0,25.0,25.0,27.0,6.0,10.0
yeast-0-5-6-7-9_vs_4,amcs,28.0,26.0,18.0,26.0,28.0,28.0,27.0,28.0,22.0,27.0,24.0
yeast-0-5-6-7-9_vs_4,des_mi,20.0,21.0,19.0,6.0,9.0,11.0,7.0,7.0,18.0,8.0,4.0
yeast-0-5-6-7-9_vs_4,dpse,26.0,25.0,13.5,15.0,21.0,24.0,17.0,24.0,17.0,21.0,1.0
yeast-0-5-6-7-9_vs_4,drcw_aseg,24.0,13.0,6.0,19.0,25.0,25.0,21.0,23.0,10.0,25.0,3.0
yeast-0-5-6-7-9_vs_4,e_evrs,27.0,29.0,23.0,24.0,10.0,13.0,23.0,22.0,26.0,9.0,14.0
yeast-0-5-6-7-9_vs_4,easy_bpnn,22.0,1.0,28.0,27.0,8.0,16.0,26.0,26.0,28.0,10.0,17.0
yeast-0-5-6-7-9_vs_4,evinci,17.0,4.0,5.0,3.0,14.0,9.0,2.0,2.0,8.0,14.0,23.0
yeast-0-5-6-7-9_vs_4,glos,9.0,2.0,4.0,21.0,26.0,19.0,22.0,18.0,2.0,23.0,9.0
yeast-0-5-6-7-9_vs_4,mc_ccr,8.0,10.0,1.0,14.0,24.0,21.0,14.0,16.0,3.0,24.0,8.0
yeast-0-5-6-7-9_vs_4,mc_evhs,14.0,24.0,26.0,18.0,2.0,1.0,16.0,14.0,24.0,2.0,7.0
yeast-0-5-6-7-9_vs_4,mc_nro,4.0,9.0,2.0,2.0,15.0,10.0,3.0,3.0,5.0,15.0,21.0
yeast-0-5-6-7-9_vs_4,mc_rbo,6.0,8.0,8.0,10.0,20.0,23.0,11.0,9.0,4.0,20.0,25.0
yeast-0-5-6-7-9_vs_4,mdo,18.0,7.0,9.0,16.0,23.0,22.0,19.0,21.0,7.0,22.0,12.0
yeast-0-5-6-7-9_vs_4,multirandbal,11.0,23.0,15.0,4.0,11.0,4.0,4.0,4.0,14.0,11.0,6.0
yeast-0-5-6-7-9_vs_4,nromm,16.0,18.0,13.5,12.0,17.0,18.0,12.0,15.0,12.0,17.0,13.0
yeast-0-5-6-7-9_vs_4,ocsv_us,29.0,28.0,29.0,29.0,22.0,29.0,29.0,29.0,29.0,28.0,26.0
yeast-0-5-6-7-9_vs_4,orem_m,19.0,20.0,12.0,8.0,16.0,17.0,8.0,10.0,13.0,16.0,11.0
yeast-0-5-6-7-9_vs_4,oremboost,1.0,3.0,7.0,9.0,18.0,15.0,9.0,11.0,11.0,18.0,20.0
yeast-0-5-6-7-9_vs_4,pt_bagging,23.0,15.0,3.0,23.0,27.0,26.0,24.0,20.0,1.0,26.0,2.0
yeast-0-5-6-7-9_vs_4,s_smote,21.0,16.0,22.0,20.0,12.0,14.0,18.0,19.0,21.0,13.0,22.0
yeast-0-5-6-7-9_vs_4,scut,10.0,11.0,21.0,11.0,6.0,5.0,10.0,8.0,20.0,5.0,16.0
yeast-0-5-6-7-9_vs_4,shsampler,5.0,22.0,20.0,7.0,7.0,6.0,6.0,6.0,19.0,7.0,5.0
yeast-0-5-6-7-9_vs_4,smom,13.0,17.0,11.0,13.0,19.0,20.0,13.0,13.0,6.0,19.0,19.0
yeast-0-5-6-7-9_vs_4,soup,3.0,12.0,16.0,1.0,5.0,3.0,1.0,1.0,15.0,4.0,15.0
yeast-1-2-8-9_vs_7,DBCF,3.0,16.0,19.0,14.0,11.0,21.0,14.0,17.0,17.0,11.0,27.0
yeast-1-2-8-9_vs_7,DEAHS,10.0,21.0,25.0,25.0,1.0,11.0,20.0,13.0,22.0,1.0,29.0
yeast-1-2-8-9_vs_7,DeepSMOTE,14.0,20.0,3.5,22.0,29.0,13.0,27.0,28.0,24.0,29.0,17.0
yeast-1-2-8-9_vs_7,SPE,13.0,22.0,28.0,28.0,4.0,25.0,26.0,21.0,27.0,4.0,25.0
yeast-1-2-8-9_vs_7,adaboost_ad,26.0,27.0,24.0,24.0,5.0,27.0,23.0,20.0,25.0,5.0,10.0
yeast-1-2-8-9_vs_7,amcs,24.0,6.0,18.0,10.0,8.0,10.0,10.0,11.0,14.0,8.0,24.0
yeast-1-2-8-9_vs_7,des_mi,17.0,24.0,21.0,17.0,19.0,22.0,16.0,22.0,19.0,19.0,7.0
yeast-1-2-8-9_vs_7,dpse,28.0,11.0,16.0,5.0,10.0,6.0,5.0,8.0,11.0,9.0,5.0
yeast-1-2-8-9_vs_7,drcw_aseg,23.0,3.0,11.0,9.0,17.0,4.0,9.0,10.0,10.0,15.0,2.0
yeast-1-2-8-9_vs_7,e_evrs,29.0,29.0,20.0,19.0,22.0,24.0,22.0,26.0,23.0,21.0,15.0
yeast-1-2-8-9_vs_7,easy_bpnn,2.0,15.0,27.0,27.0,3.0,23.0,25.0,19.0,26.0,3.0,13.0
yeast-1-2-8-9_vs_7,evinci,4.0,4.0,3.5,2.0,14.0,2.0,2.0,1.0,3.0,10.0,23.0
yeast-1-2-8-9_vs_7,glos,7.0,18.0,10.0,21.0,28.0,17.0,24.0,24.0,12.0,28.0,3.0
yeast-1-2-8-9_vs_7,mc_ccr,20.0,13.0,1.5,11.0,23.0,12.0,11.0,9.0,1.0,23.0,8.0
yeast-1-2-8-9_vs_7,mc_evhs,27.0,28.0,22.0,23.0,25.0,28.0,28.0,29.0,28.0,27.0,11.0
yeast-1-2-8-9_vs_7,mc_nro,12.0,2.0,5.0,6.0,15.0,9.0,6.0,4.0,2.0,18.0,26.0
yeast-1-2-8-9_vs_7,mc_rbo,21.0,10.0,1.5,7.0,21.0,5.0,7.0,6.0,5.0,17.0,28.0
yeast-1-2-8-9_vs_7,mdo,15.0,19.0,14.0,16.0,26.0,18.0,18.0,23.0,18.0,25.0,12.0
yeast-1-2-8-9_vs_7,multirandbal,19.0,12.0,17.0,12.0,18.0,16.0,12.0,14.0,15.0,16.0,6.0
yeast-1-2-8-9_vs_7,nromm,9.0,14.0,12.0,18.0,27.0,19.0,21.0,25.0,16.0,26.0,14.0
yeast-1-2-8-9_vs_7,ocsv_us,18.0,25.0,29.0,29.0,9.0,29.0,29.0,27.0,29.0,20.0,22.0
yeast-1-2-8-9_vs_7,orem_m,5.0,8.0,8.5,15.0,24.0,14.0,15.0,12.0,8.0,24.0,9.0
yeast-1-2-8-9_vs_7,oremboost,11.0,9.0,8.5,4.0,13.0,8.0,4.0,5.0,7.0,14.0,21.0
yeast-1-2-8-9_vs_7,pt_bagging,25.0,7.0,6.5,8.0,16.0,3.0,8.0,7.0,6.0,12.0,1.0
yeast-1-2-8-9_vs_7,s_smote,16.0,23.0,26.0,26.0,2.0,15.0,19.0,15.0,21.0,2.0,18.0
yeast-1-2-8-9_vs_7,scut,8.0,26.0,23.0,20.0,6.0,26.0,17.0,18.0,20.0,7.0,16.0
yeast-1-2-8-9_vs_7,shsampler,6.0,1.0,13.0,1.0,7.0,1.0,1.0,2.0,9.0,6.0,4.0
yeast-1-2-8-9_vs_7,smom,22.0,17.0,15.0,13.0,20.0,20.0,13.0,16.0,13.0,22.0,19.0
yeast-1-2-8-9_vs_7,soup,1.0,5.0,6.5,3.0,12.0,7.0,3.0,3.0,4.0,13.0,20.0
yeast-1-4-5-8_vs_7,DBCF,20.0,22.0,18.0,11.0,14.0,20.0,13.0,16.0,11.0,18.0,27.0
yeast-1-4-5-8_vs_7,DEAHS,15.0,1.0,25.0,25.0,4.0,28.0,17.0,14.0,16.0,6.0,29.0
yeast-1-4-5-8_vs_7,DeepSMOTE,21.0,26.0,1.5,15.5,21.5,1.5,20.5,20.5,21.5,20.5,16.0
yeast-1-4-5-8_vs_7,SPE,13.0,4.0,28.0,28.0,3.0,25.0,18.0,9.0,15.0,3.0,25.0
yeast-1-4-5-8_vs_7,adaboost_ad,16.0,25.0,24.0,17.0,2.0,27.0,10.0,7.0,13.0,2.0,7.0
yeast-1-4-5-8_vs_7,amcs,25.0,8.0,15.0,4.0,15.0,14.0,6.0,8.0,2.0,12.0,24.0
yeast-1-4-5-8_vs_7,des_mi,10.0,16.0,21.0,3.0,8.0,21.0,2.0,2.0,5.0,8.0,6.0
yeast-1-4-5-8_vs_7,dpse,28.0,14.0,16.0,2.0,12.0,9.0,3.0,5.0,7.0,9.0,3.0
yeast-1-4-5-8_vs_7,drcw_aseg,6.0,6.0,4.0,9.0,18.0,4.0,9.0,13.0,4.0,16.0,2.0
yeast-1-4-5-8_vs_7,e_evrs,19.0,27.0,20.0,13.0,13.0,19.0,16.0,17.0,17.0,13.0,14.0
yeast-1-4-5-8_vs_7,easy_bpnn,4.0,9.0,26.0,26.0,1.0,24.0,12.0,3.0,12.0,1.0,13.0
yeast-1-4-5-8_vs_7,evinci,1.0,15.0,9.0,23.0,28.0,13.0,28.0,28.0,28.0,27.0,23.0
yeast-1-4-5-8_vs_7,glos,26.0,29.0,7.0,20.0,25.0,8.0,27.0,27.0,24.5,25.0,8.0
yeast-1-4-5-8_vs_7,mc_ccr,18.0,23.0,3.0,18.0,23.0,3.0,23.0,22.0,23.0,22.0,5.0
yeast-1-4-5-8_vs_7,mc_evhs,23.0,7.0,22.0,5.0,7.0,23.0,4.0,6.0,8.0,7.0,11.0
yeast-1-4-5-8_vs_7,mc_nro,14.0,17.0,5.0,19.0,24.0,5.0,24.0,24.0,24.5,23.0,28.0
yeast-1-4-5-8_vs_7,mc_rbo,3.0,13.0,7.0,21.5,26.5,6.5,25.5,25.5,26.5,25.0,26.0
yeast-1-4-5-8_vs_7,mdo,12.0,19.0,1.5,15.5,21.5,1.5,20.5,20.5,21.5,20.5,10.0
yeast-1-4-5-8_vs_7,multirandbal,24.0,12.0,19.0,6.0,10.0,18.0,7.0,10.0,10.0,10.0,4.0
yeast-1-4-5-8_vs_7,nromm,9.0,20.0,14.0,24.0,29.0,16.0,29.0,29.0,29.0,29.0,15.0
yeast-1-4-5-8_vs_7,ocsv_us,29.0,28.0,29.0,29.0,9.0,29.0,22.0,23.0,20.0,28.0,22.0
yeast-1-4-5-8_vs_7,orem_m,8.0,21.0,10.5,14.0,20.0,11.0,19.0,19.0,19.0,19.0,12.0
yeast-1-4-5-8_vs_7,oremboost,2.0,3.0,10.5,10.0,19.0,12.0,11.0,15.0,6.0,17.0,17.0
yeast-1-4-5-8_vs_7,pt_bagging,5.0,10.0,7.0,21.5,26.5,6.5,25.5,25.5,26.5,25.0,1.0
yeast-1-4-5-8_vs_7,s_smote,27.0,5.0,27.0,27.0,5.0,26.0,14.0,12.0,14.0,5.0,21.0
yeast-1-4-5-8_vs_7,scut,22.0,18.0,23.0,8.0,6.0,22.0,5.0,4.0,9.0,4.0,19.0
yeast-1-4-5-8_vs_7,shsampler,7.0,11.0,13.0,1.0,11.0,15.0,1.0,1.0,1.0,11.0,9.0
yeast-1-4-5-8_vs_7,smom,17.0,24.0,17.0,12.0,17.0,17.0,15.0,18.0,18.0,15.0,18.0
yeast-1-4-5-8_vs_7,soup,11.0,2.0,12.0,7.0,16.0,10.0,8.0,11.0,3.0,14.0,20.0
yeast-1_vs_7,DBCF,6.0,7.0,15.0,12.0,11.0,20.0,13.0,15.0,13.0,14.0,28.0
yeast-1_vs_7,DEAHS,14.0,17.0,27.0,25.0,2.0,8.0,18.0,13.0,23.0,2.0,29.0
yeast-1_vs_7,DeepSMOTE,16.0,22.0,8.0,28.0,29.0,18.0,29.0,29.0,24.0,29.0,17.0
yeast-1_vs_7,SPE,15.0,15.0,28.0,27.0,3.0,7.0,23.0,17.0,25.0,3.0,27.0
yeast-1_vs_7,adaboost_ad,27.0,28.0,25.0,26.0,8.0,29.0,25.0,25.0,28.0,8.0,8.0
yeast-1_vs_7,amcs,28.0,25.0,17.0,23.0,26.0,24.0,26.0,27.0,15.0,28.0,25.0
yeast-1_vs_7,des_mi,22.0,23.0,22.0,16.0,9.0,25.0,17.0,21.0,22.0,17.0,7.0
yeast-1_vs_7,dpse,24.0,21.0,18.0,17.0,23.0,23.0,21.0,23.0,19.0,23.0,2.0
yeast-1_vs_7,drcw_aseg,9.0,1.0,1.5,1.5,13.5,4.5,1.5,1.5,1.5,10.5,3.0
yeast-1_vs_7,e_evrs,29.0,29.0,20.0,24.0,24.0,27.0,27.0,28.0,27.0,25.0,18.0
yeast-1_vs_7,easy_bpnn,5.0,13.0,26.0,20.0,1.0,3.0,16.0,9.0,21.0,1.0,14.0
yeast-1_vs_7,evinci,10.0,5.0,4.0,8.0,22.0,9.0,8.0,7.0,5.0,22.0,24.0
yeast-1_vs_7,glos,19.0,24.0,13.0,21.0,25.0,22.0,22.0,26.0,20.0,24.0,12.0
yeast-1_vs_7,mc_ccr,1.0,12.0,7.0,19.0,28.0,10.0,20.0,20.0,10.0,27.0,9.0
yeast-1_vs_7,mc_evhs,20.0,19.0,23.0,13.0,4.0,16.0,11.0,11.0,18.0,5.0,6.0
yeast-1_vs_7,mc_nro,3.0,9.0,6.0,5.0,19.0,6.0,5.0,5.0,6.0,13.0,22.0
yeast-1_vs_7,mc_rbo,7.0,10.0,5.0,18.0,27.0,11.0,19.0,19.0,4.0,26.0,26.0
yeast-1_vs_7,mdo,13.0,8.0,16.0,15.0,17.0,19.0,14.0,18.0,16.0,15.0,11.0
yeast-1_vs_7,multirandbal,12.0,14.0,19.0,14.0,15.0,21.0,15.0,16.0,14.0,18.0,5.0
yeast-1_vs_7,nromm,4.0,18.0,11.0,11.0,21.0,17.0,12.0,14.0,7.0,21.0,13.0
yeast-1_vs_7,ocsv_us,25.0,26.0,29.0,29.0,6.0,26.0,28.0,22.0,29.0,7.0,23.0
yeast-1_vs_7,orem_m,18.0,16.0,9.5,10.0,18.0,14.0,10.0,12.0,9.0,20.0,10.0
yeast-1_vs_7,oremboost,23.0,3.0,3.0,4.0,20.0,2.0,4.0,3.0,3.0,12.0,20.0
yeast-1_vs_7,pt_bagging,8.0,2.0,1.5,1.5,13.5,4.5,1.5,1.5,1.5,10.5,1.0
yeast-1_vs_7,s_smote,26.0,27.0,24.0,22.0,12.0,28.0,24.0,24.0,26.0,16.0,21.0
yeast-1_vs_7,scut,21.0,20.0,21.0,9.0,7.0,13.0,9.0,8.0,17.0,6.0,19.0
yeast-1_vs_7,shsampler,11.0,6.0,14.0,3.0,5.0,1.0,3.0,4.0,11.0,4.0,4.0
yeast-1_vs_7,smom,17.0,11.0,9.5,6.0,16.0,12.0,6.0,6.0,8.0,19.0,16.0
yeast-1_vs_7,soup,2.0,4.0,12.0,7.0,10.0,15.0,7.0,10.0,12.0,9.0,15.0
yeast-2_vs_4,DBCF,16.0,10.0,16.0,13.0,12.0,14.0,13.0,18.0,19.0,12.0,28.0
yeast-2_vs_4,DEAHS,8.0,6.0,21.5,16.0,2.0,2.0,15.0,11.0,22.0,2.0,29.0
yeast-2_vs_4,DeepSMOTE,20.0,13.0,5.0,14.0,28.0,28.0,14.0,12.0,1.0,28.0,16.0
yeast-2_vs_4,SPE,3.0,2.0,6.5,4.0,10.0,11.0,4.0,4.0,7.0,11.0,27.0
yeast-2_vs_4,adaboost_ad,28.0,29.0,26.0,25.0,7.0,7.0,25.0,25.0,27.0,7.0,8.0
yeast-2_vs_4,amcs,29.0,27.0,25.0,29.0,29.0,29.0,29.0,29.0,21.0,29.0,25.0
yeast-2_vs_4,des_mi,21.0,22.0,18.0,15.0,13.0,13.0,16.0,16.0,15.0,13.0,4.0
yeast-2_vs_4,dpse,23.0,26.0,16.0,17.0,16.0,17.0,17.0,20.0,18.0,16.0,1.0
yeast-2_vs_4,drcw_aseg,10.0,9.0,16.0,20.0,26.0,26.0,20.0,22.0,14.0,26.0,3.0
yeast-2_vs_4,e_evrs,26.0,28.0,24.0,24.0,1.0,1.0,24.0,19.0,26.0,1.0,14.0
yeast-2_vs_4,easy_bpnn,25.0,20.0,28.0,27.0,8.0,9.0,27.0,27.0,29.0,9.0,17.0
yeast-2_vs_4,evinci,1.0,3.0,6.5,5.0,19.0,16.0,5.0,7.0,8.0,17.0,26.0
yeast-2_vs_4,glos,13.0,15.0,4.0,1.0,6.0,6.0,1.0,1.0,11.0,6.0,9.0
yeast-2_vs_4,mc_ccr,5.0,7.0,2.0,6.0,25.0,21.0,6.0,5.0,2.0,24.0,10.0
yeast-2_vs_4,mc_evhs,19.0,23.0,27.0,26.0,9.0,8.0,26.0,26.0,28.0,8.0,7.0
yeast-2_vs_4,mc_nro,2.0,1.0,1.0,2.0,14.0,12.0,2.0,3.0,5.0,14.0,20.0
yeast-2_vs_4,mc_rbo,9.0,11.0,9.5,10.0,24.0,25.0,10.0,10.0,3.0,25.0,24.0
yeast-2_vs_4,mdo,6.0,5.0,3.0,3.0,11.0,10.0,3.0,2.0,4.0,10.0,12.0
yeast-2_vs_4,multirandbal,18.0,21.0,19.0,22.0,15.0,15.0,22.0,24.0,20.0,15.0,5.0
yeast-2_vs_4,nromm,4.0,4.0,9.5,9.0,17.0,18.0,9.0,9.0,9.0,18.0,13.0
yeast-2_vs_4,ocsv_us,27.0,24.0,29.0,28.0,23.0,23.0,28.0,28.0,25.0,23.0,23.0
yeast-2_vs_4,orem_m,17.0,19.0,13.0,12.0,21.0,24.0,12.0,15.0,12.0,22.0,11.0
yeast-2_vs_4,oremboost,22.0,16.0,8.0,8.0,20.0,20.0,8.0,8.0,6.0,20.0,22.0
yeast-2_vs_4,pt_bagging,11.0,8.0,14.0,21.0,27.0,27.0,21.0,21.0,10.0,27.0,2.0
yeast-2_vs_4,s_smote,24.0,25.0,20.0,23.0,18.0,19.0,23.0,23.0,17.0,19.0,21.0
yeast-2_vs_4,scut,12.0,14.0,21.5,18.0,4.0,5.0,18.0,17.0,23.0,4.0,19.0
yeast-2_vs_4,shsampler,15.0,18.0,23.0,19.0,3.0,3.0,19.0,13.0,24.0,3.0,6.0
yeast-2_vs_4,smom,14.0,17.0,11.0,11.0,22.0,22.0,11.0,14.0,13.0,21.0,18.0
yeast-2_vs_4,soup,7.0,12.0,12.0,7.0,5.0,4.0,7.0,6.0,16.0,5.0,15.0
yeast-2_vs_8,DBCF,14.0,10.0,11.5,17.0,26.0,21.0,17.0,15.0,9.0,27.0,26.0
yeast-2_vs_8,DEAHS,4.0,13.0,26.0,26.0,1.0,2.0,26.0,25.0,26.0,1.0,29.0
yeast-2_vs_8,DeepSMOTE,5.0,11.0,6.5,8.0,18.0,15.0,8.0,7.0,7.0,19.0,18.0
yeast-2_vs_8,SPE,23.0,23.0,28.0,28.0,7.0,27.0,28.0,28.0,28.0,16.0,27.0
yeast-2_vs_8,adaboost_ad,25.0,29.0,27.0,27.0,5.0,26.0,27.0,27.0,27.0,14.0,6.0
yeast-2_vs_8,amcs,29.0,25.0,19.5,22.0,29.0,28.0,22.0,22.0,20.0,28.0,24.0
yeast-2_vs_8,des_mi,20.0,14.0,16.5,14.0,14.0,12.0,14.0,16.0,17.0,12.5,7.0
yeast-2_vs_8,dpse,22.0,21.0,13.5,11.0,20.0,19.0,12.0,14.0,14.0,23.5,1.0
yeast-2_vs_8,drcw_aseg,16.0,19.0,18.0,18.0,23.0,20.0,18.0,18.0,18.0,25.0,3.0
yeast-2_vs_8,e_evrs,27.0,27.0,22.0,21.0,25.0,23.0,21.0,21.0,22.0,26.0,15.0
yeast-2_vs_8,easy_bpnn,17.0,3.0,24.0,24.0,4.0,24.0,24.0,24.0,24.0,4.0,14.0
yeast-2_vs_8,evinci,21.0,20.0,2.5,2.5,9.5,4.5,2.5,2.5,2.5,6.5,25.0
yeast-2_vs_8,glos,13.0,12.0,16.5,10.0,15.0,11.0,11.0,13.0,15.0,12.5,9.0
yeast-2_vs_8,mc_ccr,7.0,8.0,9.5,16.0,27.0,8.0,16.0,17.0,16.0,19.0,10.0
yeast-2_vs_8,mc_evhs,12.0,22.0,19.5,19.0,16.0,10.0,19.0,20.0,19.0,15.0,8.0
yeast-2_vs_8,mc_nro,2.0,2.0,2.5,2.5,9.5,4.5,2.5,2.5,2.5,6.5,20.0
yeast-2_vs_8,mc_rbo,3.0,1.0,6.5,8.0,18.0,15.0,8.0,7.0,7.0,19.0,28.0
yeast-2_vs_8,mdo,8.0,15.0,2.5,2.5,9.5,4.5,2.5,2.5,2.5,6.5,12.0
yeast-2_vs_8,multirandbal,11.0,16.0,21.0,20.0,6.0,1.0,20.0,19.0,21.0,2.0,4.0
yeast-2_vs_8,nromm,24.0,17.0,9.5,12.0,24.0,13.0,10.0,9.0,5.0,19.0,13.0
yeast-2_vs_8,ocsv_us,28.0,28.0,29.0,29.0,28.0,29.0,29.0,29.0,29.0,29.0,23.0
yeast-2_vs_8,orem_m,1.0,4.0,6.5,8.0,18.0,15.0,8.0,7.0,7.0,19.0,11.0
yeast-2_vs_8,oremboost,9.0,6.0,13.5,13.0,22.0,17.0,13.0,11.0,10.0,23.5,22.0
yeast-2_vs_8,pt_bagging,18.0,18.0,11.5,15.0,21.0,18.0,15.0,12.0,12.0,22.0,2.0
yeast-2_vs_8,s_smote,26.0,26.0,25.0,25.0,3.0,25.0,25.0,26.0,25.0,10.0,21.0
yeast-2_vs_8,scut,19.0,24.0,23.0,23.0,2.0,22.0,23.0,23.0,23.0,3.0,19.0
yeast-2_vs_8,shsampler,15.0,5.0,15.0,6.0,13.0,9.0,6.0,10.0,13.0,11.0,5.0
yeast-2_vs_8,smom,10.0,9.0,6.5,5.0,12.0,7.0,5.0,5.0,11.0,9.0,17.0
yeast-2_vs_8,soup,6.0,7.0,2.5,2.5,9.5,4.5,2.5,2.5,2.5,6.5,16.0
yeast1,DBCF,3.0,2.0,8.0,2.0,12.0,10.0,3.0,7.0,9.0,9.0,27.0
yeast1,DEAHS,4.0,4.0,19.0,8.0,2.0,3.0,8.0,4.0,13.0,2.0,29.0
yeast1,DeepSMOTE,8.0,3.0,3.0,14.0,24.0,7.0,14.0,13.0,2.0,20.0,18.0
yeast1,SPE,1.0,1.0,22.0,12.0,1.0,1.0,9.0,2.0,14.0,1.0,26.0
yeast1,adaboost_ad,25.0,26.0,12.0,22.0,23.0,23.0,22.0,24.0,19.0,26.0,11.0
yeast1,amcs,29.0,28.0,26.0,28.0,29.0,28.0,29.0,29.0,28.0,29.0,28.0
yeast1,des_mi,22.0,23.0,27.0,25.0,9.0,20.0,24.0,21.0,23.0,13.0,7.0
yeast1,dpse,26.0,25.0,21.0,26.0,26.0,27.0,26.0,27.0,26.0,27.0,3.0
yeast1,drcw_aseg,21.0,8.0,7.0,16.0,22.0,18.0,17.0,18.0,7.0,22.0,5.0
yeast1,e_evrs,27.0,27.0,23.0,23.0,19.0,26.0,25.0,25.0,24.0,24.0,16.0
yeast1,easy_bpnn,18.0,16.0,25.0,24.0,10.0,24.0,23.0,22.0,25.0,14.0,21.0
yeast1,evinci,11.0,20.0,16.0,20.0,17.0,19.0,20.0,19.0,18.0,16.0,24.0
yeast1,glos,13.0,14.0,11.0,18.0,18.0,21.0,19.0,20.0,17.0,19.0,2.0
yeast1,mc_ccr,5.0,5.0,1.0,9.0,21.0,5.0,10.0,8.0,1.0,18.0,6.0
yeast1,mc_evhs,17.0,22.0,24.0,17.0,5.0,16.0,16.0,16.0,22.0,8.0,8.0
yeast1,mc_nro,16.0,13.0,14.0,11.0,11.0,17.0,12.0,14.0,15.0,11.0,17.0
yeast1,mc_rbo,12.0,10.0,2.0,6.0,16.0,4.0,5.0,5.0,3.0,15.0,25.0
yeast1,mdo,14.0,19.0,4.0,15.0,25.0,9.0,15.0,15.0,4.0,21.0,9.0
yeast1,multirandbal,15.0,12.0,13.0,7.0,7.0,8.0,6.0,6.0,12.0,5.0,10.0
yeast1,nromm,2.0,6.0,10.0,4.0,13.0,11.0,4.0,9.0,10.0,10.0,13.0
yeast1,ocsv_us,28.0,29.0,29.0,29.0,28.0,29.0,28.0,28.0,29.0,28.0,19.0
yeast1,orem_m,7.0,9.0,5.0,1.0,8.0,2.0,1.0,1.0,5.0,4.0,12.0
yeast1,oremboost,23.0,21.0,17.0,21.0,20.0,22.0,21.0,23.0,21.0,23.0,22.0
yeast1,pt_bagging,19.0,15.0,6.0,19.0,27.0,15.0,18.0,17.0,6.0,25.0,1.0
yeast1,s_smote,20.0,17.0,20.0,13.0,4.0,14.0,13.0,12.0,20.0,6.0,23.0
yeast1,scut,24.0,24.0,28.0,27.0,15.0,25.0,27.0,26.0,27.0,17.0,14.0
yeast1,shsampler,6.0,18.0,15.0,3.0,3.0,6.0,2.0,3.0,11.0,3.0,4.0
yeast1,smom,10.0,11.0,9.0,5.0,14.0,12.0,7.0,10.0,8.0,12.0,15.0
yeast1,soup,9.0,7.0,18.0,10.0,6.0,13.0,11.0,11.0,16.0,7.0,20.0
yeast3,DBCF,1.0,2.0,3.0,4.0,17.0,17.0,4.0,4.0,6.0,17.0,26.0
yeast3,DEAHS,3.0,1.0,22.0,16.0,2.0,2.0,15.0,14.0,22.0,2.0,29.0
yeast3,DeepSMOTE,13.0,16.0,16.0,20.0,28.0,28.0,20.0,22.0,1.0,28.0,20.0
yeast3,SPE,2.0,3.0,2.0,2.0,13.0,12.0,2.0,3.0,7.0,13.0,24.0
yeast3,adaboost_ad,27.0,28.0,26.0,26.0,8.0,9.0,26.0,26.0,26.0,8.0,11.0
yeast3,amcs,29.0,29.0,28.0,29.0,29.0,29.0,29.0,29.0,29.0,29.0,28.0
yeast3,des_mi,25.0,24.0,10.0,6.0,7.0,7.0,6.0,5.0,16.0,7.0,3.0
yeast3,dpse,28.0,25.0,13.0,12.0,21.0,21.0,12.0,15.0,14.0,21.0,4.0
yeast3,drcw_aseg,22.0,9.0,17.5,21.0,26.0,26.0,21.0,23.0,13.0,26.0,2.0
yeast3,e_evrs,26.0,27.0,23.0,23.0,6.0,6.0,23.0,21.0,23.0,6.0,14.0
yeast3,easy_bpnn,5.0,10.0,27.0,27.0,9.0,11.0,27.0,27.0,27.0,10.0,17.0
yeast3,evinci,8.0,6.0,4.0,3.0,10.0,8.0,3.0,2.0,10.0,9.0,23.0
yeast3,glos,16.0,22.0,11.0,9.0,14.0,13.0,9.0,9.0,15.0,14.0,7.0
yeast3,mc_ccr,14.0,4.0,8.0,18.0,25.0,25.0,18.0,19.0,3.0,25.0,6.0
yeast3,mc_evhs,11.0,23.0,25.0,24.0,1.0,1.0,24.0,20.0,25.0,1.0,10.0
yeast3,mc_nro,20.0,8.0,6.0,7.0,19.0,19.0,7.0,7.0,8.0,19.0,25.0
yeast3,mc_rbo,19.0,13.0,12.0,17.0,23.0,23.0,17.0,18.0,9.0,23.0,27.0
yeast3,mdo,23.0,5.0,9.0,15.0,24.0,24.0,16.0,17.0,2.0,24.0,8.0
yeast3,multirandbal,4.0,20.0,15.0,8.0,11.0,10.0,8.0,8.0,18.0,11.0,9.0
yeast3,nromm,12.0,18.0,5.0,10.0,20.0,20.0,10.0,11.0,4.0,20.0,13.0
yeast3,ocsv_us,24.0,26.0,29.0,28.0,22.0,22.0,28.0,28.0,28.0,22.0,19.0
yeast3,orem_m,9.0,15.0,14.0,11.0,15.0,15.0,11.0,10.0,17.0,15.0,12.0
yeast3,oremboost,15.0,21.0,19.0,19.0,18.0,18.0,19.0,16.0,19.0,18.0,16.0
yeast3,pt_bagging,21.0,11.0,17.5,22.0,27.0,27.0,22.0,24.0,12.0,27.0,1.0
yeast3,s_smote,18.0,19.0,24.0,25.0,12.0,14.0,25.0,25.0,24.0,12.0,21.0
yeast3,scut,6.0,14.0,20.0,13.0,5.0,4.0,13.0,13.0,21.0,5.0,15.0
yeast3,shsampler,7.0,12.0,21.0,14.0,3.0,5.0,14.0,12.0,20.0,4.0,5.0
yeast3,smom,17.0,17.0,7.0,5.0,16.0,16.0,5.0,6.0,11.0,16.0,18.0
yeast3,soup,10.0,7.0,1.0,1.0,4.0,3.0,1.0,1.0,5.0,3.0,22.0
yeast4,DBCF,15.0,10.0,16.0,4.0,11.0,10.0,4.0,5.0,15.0,11.0,26.0
yeast4,DEAHS,3.0,17.0,26.0,24.0,2.0,2.0,23.0,14.0,26.0,2.0,29.0
yeast4,DeepSMOTE,5.0,6.0,1.0,26.0,29.0,26.0,27.0,26.0,5.0,29.0,20.0
yeast4,SPE,1.0,4.0,24.0,17.0,1.0,1.0,17.0,7.0,22.0,1.0,24.0
yeast4,adaboost_ad,23.0,29.0,27.0,28.0,6.0,6.0,28.0,25.0,28.0,6.0,11.0
yeast4,amcs,29.0,27.0,16.0,22.0,21.0,28.0,24.0,27.0,20.0,21.0,25.0
yeast4,des_mi,21.0,11.0,18.0,6.0,12.0,13.0,6.0,8.0,16.0,12.0,3.0
yeast4,dpse,28.0,24.0,12.0,7.0,19.0,19.0,7.0,12.0,11.0,20.0,5.0
yeast4,drcw_aseg,25.0,15.0,9.0,15.0,24.0,24.0,15.0,15.0,4.0,25.0,2.0
yeast4,e_evrs,27.0,28.0,22.0,16.0,3.0,3.0,16.0,9.0,21.0,3.0,15.0
yeast4,easy_bpnn,17.0,14.0,28.0,27.0,4.0,5.0,25.0,22.0,27.0,4.0,13.0
yeast4,evinci,19.0,3.0,10.0,2.0,15.0,11.0,2.0,1.0,7.0,15.0,23.0
yeast4,glos,9.0,22.0,8.0,25.0,28.0,29.0,26.0,29.0,13.0,28.0,4.0
yeast4,mc_ccr,14.0,8.0,2.0,19.0,26.0,27.0,20.0,17.0,1.0,27.0,7.0
yeast4,mc_evhs,11.0,25.0,25.0,20.0,5.0,4.0,18.0,13.0,24.0,5.0,10.0
yeast4,mc_nro,16.0,1.0,7.0,5.0,20.0,15.0,5.0,4.0,8.0,19.0,28.0
yeast4,mc_rbo,10.0,7.0,3.0,8.0,25.0,23.0,8.0,6.0,2.0,24.0,27.0
yeast4,mdo,18.0,9.0,4.0,21.0,27.0,22.0,22.0,24.0,6.0,26.0,12.0
yeast4,multirandbal,6.0,13.0,19.0,14.0,14.0,18.0,14.0,19.0,19.0,14.0,8.0
yeast4,nromm,8.0,18.0,13.0,9.0,17.0,17.0,10.0,16.0,14.0,17.0,14.0
yeast4,ocsv_us,20.0,26.0,29.0,29.0,7.0,9.0,29.0,28.0,29.0,7.0,17.0
yeast4,orem_m,4.0,2.0,6.0,1.0,16.0,16.0,1.0,2.0,9.0,16.0,9.0
yeast4,oremboost,22.0,21.0,11.0,12.0,22.0,25.0,12.0,18.0,10.0,22.0,21.0
yeast4,pt_bagging,26.0,19.0,5.0,11.0,23.0,20.0,11.0,10.0,3.0,23.0,1.0
yeast4,s_smote,24.0,20.0,23.0,23.0,8.0,7.0,21.0,20.0,25.0,8.0,19.0
yeast4,scut,7.0,23.0,21.0,18.0,9.0,14.0,19.0,21.0,23.0,10.0,16.0
yeast4,shsampler,2.0,12.0,20.0,10.0,10.0,8.0,9.0,11.0,18.0,9.0,6.0
yeast4,smom,13.0,16.0,16.0,13.0,18.0,21.0,13.0,23.0,17.0,18.0,18.0
yeast4,soup,12.0,5.0,14.0,3.0,13.0,12.0,3.0,3.0,12.0,13.0,22.0
yeast5,DBCF,7.0,2.0,9.0,2.0,7.0,6.0,2.0,1.0,12.0,7.0,26.0
yeast5,DEAHS,9.0,11.0,27.0,26.0,4.0,4.0,26.0,24.0,27.0,4.0,29.0
yeast5,DeepSMOTE,3.0,3.0,12.5,19.0,28.0,28.0,19.0,20.0,6.0,28.0,19.0
yeast5,SPE,6.0,4.0,20.0,17.0,9.0,9.0,17.0,14.0,20.0,9.0,23.0
yeast5,adaboost_ad,26.0,28.0,25.0,24.0,10.0,12.0,24.0,26.0,25.0,10.0,9.0
yeast5,amcs,23.0,26.0,22.0,28.0,29.0,29.0,28.0,29.0,23.0,29.0,25.0
yeast5,des_mi,16.0,21.0,18.0,18.0,16.0,16.0,18.0,18.0,18.0,16.0,7.0
yeast5,dpse,29.0,25.0,19.0,21.0,24.0,24.0,21.0,21.0,17.0,24.0,3.0
yeast5,drcw_aseg,24.0,10.0,5.0,13.5,26.5,26.5,13.5,15.5,3.5,26.5,2.0
yeast5,e_evrs,28.0,29.0,26.0,25.0,6.0,7.0,25.0,25.0,26.0,6.0,15.0
yeast5,easy_bpnn,14.0,23.0,28.0,27.0,3.0,3.0,27.0,27.0,28.0,3.0,13.0
yeast5,evinci,19.0,22.0,3.0,3.0,18.0,18.0,3.0,4.0,7.0,18.0,21.0
yeast5,glos,21.0,18.0,17.0,12.0,8.0,8.0,12.0,10.0,19.0,8.0,4.0
yeast5,mc_ccr,18.0,5.0,2.0,8.0,25.0,25.0,8.0,8.0,1.0,25.0,5.0
yeast5,mc_evhs,11.0,20.0,24.0,23.0,2.0,1.0,23.0,23.0,24.0,1.5,11.0
yeast5,mc_nro,5.0,17.0,7.0,5.0,11.0,10.0,5.0,6.0,11.0,11.0,28.0
yeast5,mc_rbo,8.0,8.0,5.0,7.0,20.0,20.0,7.0,7.0,5.0,20.0,27.0
yeast5,mdo,2.0,1.0,1.0,1.0,23.0,23.0,1.0,2.0,2.0,23.0,12.0
yeast5,multirandbal,17.0,6.0,14.5,9.0,14.0,13.0,9.0,9.0,13.0,13.5,8.0
yeast5,nromm,20.0,15.0,10.0,16.0,22.0,21.0,16.0,17.0,10.0,22.0,14.0
yeast5,ocsv_us,27.0,27.0,29.0,29.0,19.0,19.0,29.0,28.0,29.0,19.0,18.0
yeast5,orem_m,4.0,9.0,16.0,11.0,15.0,15.0,11.0,12.0,14.0,15.0,10.0
yeast5,oremboost,13.0,7.0,11.0,15.0,21.0,22.0,15.0,13.0,8.0,21.0,24.0
yeast5,pt_bagging,25.0,19.0,5.0,13.5,26.5,26.5,13.5,15.5,3.5,26.5,1.0
yeast5,s_smote,15.0,24.0,23.0,22.0,17.0,17.0,22.0,22.0,22.0,17.0,20.0
yeast5,scut,10.0,13.0,12.5,6.0,5.0,5.0,6.0,3.0,16.0,5.0,16.0
yeast5,shsampler,1.0,14.0,21.0,20.0,1.0,2.0,20.0,19.0,21.0,1.5,6.0
yeast5,smom,12.0,12.0,8.0,4.0,12.0,11.0,4.0,5.0,9.0,12.0,17.0
yeast5,soup,22.0,16.0,14.5,10.0,13.0,14.0,10.0,11.0,15.0,13.5,22.0
yeast6,DBCF,7.0,4.0,7.0,1.0,10.0,7.0,1.0,1.0,7.0,10.0,26.0
yeast6,DEAHS,2.0,1.0,25.0,25.0,1.0,1.0,26.0,24.0,26.0,1.0,29.0
yeast6,DeepSMOTE,15.0,11.0,1.0,8.0,26.0,25.0,8.0,4.0,2.0,26.0,19.0
yeast6,SPE,1.0,3.0,23.0,23.0,3.0,2.0,23.0,21.0,23.0,2.0,24.0
yeast6,adaboost_ad,27.0,29.0,28.0,27.0,4.0,10.0,27.0,27.0,27.0,6.0,9.0
yeast6,amcs,28.0,26.0,20.0,22.0,22.0,21.0,22.0,23.0,21.0,21.0,25.0
yeast6,des_mi,25.0,25.0,19.0,19.0,19.0,19.0,19.0,22.0,19.0,19.0,7.0
yeast6,dpse,29.0,22.0,14.0,12.0,24.0,23.0,12.0,14.0,15.0,23.0,3.0
yeast6,drcw_aseg,22.0,8.0,3.5,3.0,23.0,22.0,3.0,3.0,5.0,22.0,2.0
yeast6,e_evrs,23.0,27.0,22.0,20.0,6.0,4.0,20.0,19.0,20.0,4.0,16.0
yeast6,easy_bpnn,3.0,16.0,27.0,28.0,2.0,3.0,28.0,28.0,28.0,3.0,13.0
yeast6,evinci,8.0,14.0,13.0,4.0,13.0,15.0,4.0,5.0,10.0,15.0,22.0
yeast6,glos,18.0,19.0,9.0,10.0,21.0,20.0,10.0,10.0,9.0,20.0,4.0
yeast6,mc_ccr,20.0,2.0,2.0,17.0,29.0,28.0,17.0,12.0,1.0,29.0,6.0
yeast6,mc_evhs,6.0,24.0,24.0,24.0,5.0,6.0,24.0,25.0,25.0,5.0,11.0
yeast6,mc_nro,14.0,6.0,12.0,5.0,16.0,18.0,5.0,8.0,11.0,16.0,27.0
yeast6,mc_rbo,24.0,15.0,8.0,18.0,28.0,27.0,18.0,18.0,6.0,28.0,28.0
yeast6,mdo,10.0,10.0,5.0,15.0,27.0,26.0,15.0,13.0,4.0,27.0,12.0
yeast6,multirandbal,16.0,13.0,17.0,16.0,11.0,11.0,16.0,17.0,17.0,11.0,8.0
yeast6,nromm,17.0,17.0,6.0,2.0,12.0,14.0,2.0,2.0,8.0,12.0,14.0
yeast6,ocsv_us,26.0,28.0,29.0,29.0,20.0,29.0,29.0,29.0,29.0,24.0,18.0
yeast6,orem_m,19.0,12.0,11.0,6.0,14.0,13.0,6.0,9.0,14.0,14.0,10.0
yeast6,oremboost,11.0,21.0,15.0,11.0,17.0,17.0,11.0,11.0,13.0,17.0,15.0
yeast6,pt_bagging,21.0,9.0,3.5,9.0,25.0,24.0,9.0,6.0,3.0,25.0,1.0
yeast6,s_smote,9.0,18.0,26.0,26.0,8.0,8.0,25.0,26.0,24.0,8.0,20.0
yeast6,scut,5.0,23.0,21.0,21.0,7.0,5.0,21.0,20.0,22.0,7.0,17.0
yeast6,shsampler,4.0,5.0,18.0,14.0,9.0,9.0,14.0,15.0,18.0,9.0,5.0
yeast6,smom,12.0,20.0,10.0,7.0,15.0,12.0,7.0,7.0,12.0,13.0,21.0
yeast6,soup,13.0,7.0,16.0,13.0,18.0,16.0,13.0,16.0,16.0,18.0,23.0
zoo-3,DBCF,20.0,20.0,19.5,22.5,26.5,21.5,23.5,23.5,23.5,23.5,27.0
zoo-3,DEAHS,24.0,23.0,27.0,27.0,9.0,25.0,26.0,25.0,25.0,16.0,29.0
zoo-3,DeepSMOTE,5.0,5.5,15.5,20.0,24.0,17.0,21.0,21.0,21.0,20.0,21.0
zoo-3,SPE,26.0,28.0,29.0,28.0,10.0,28.0,28.0,27.0,26.0,27.0,28.0
zoo-3,adaboost_ad,29.0,27.0,26.0,24.0,8.0,27.0,20.0,17.0,20.0,15.0,5.0
zoo-3,amcs,25.0,29.0,24.0,26.0,29.0,26.0,27.0,28.0,29.0,28.0,1.0
zoo-3,des_mi,22.0,26.0,23.0,25.0,28.0,24.0,25.0,26.0,27.0,26.0,9.0
zoo-3,dpse,27.0,22.0,12.5,11.5,15.5,12.5,11.5,12.5,11.0,12.5,3.0
zoo-3,drcw_aseg,16.0,18.0,19.5,22.5,26.5,21.5,23.5,23.5,23.5,23.5,4.0
zoo-3,e_evrs,23.0,24.0,3.5,7.5,11.5,7.5,7.5,7.5,7.5,8.5,15.0
zoo-3,easy_bpnn,17.0,12.5,25.0,19.0,1.0,11.0,14.0,10.0,14.0,7.0,20.0
zoo-3,evinci,21.0,21.0,21.0,18.0,23.0,23.0,19.0,20.0,19.0,25.0,26.0
zoo-3,glos,2.0,5.5,3.5,7.5,11.5,7.5,7.5,7.5,7.5,8.5,13.0
zoo-3,mc_ccr,6.0,4.0,9.5,14.5,19.5,15.5,15.5,15.5,15.5,17.5,6.0
zoo-3,mc_evhs,12.0,9.0,5.5,3.5,4.5,3.5,3.5,3.5,3.5,3.5,10.0
zoo-3,mc_nro,9.0,7.0,18.0,21.0,25.0,20.0,22.0,22.0,22.0,22.0,25.0
zoo-3,mc_rbo,3.5,2.5,1.5,1.5,2.5,1.5,1.5,1.5,1.5,1.5,17.0
zoo-3,mdo,10.0,14.5,9.5,14.5,19.5,15.5,15.5,15.5,15.5,17.5,7.0
zoo-3,multirandbal,15.0,17.0,22.0,13.0,17.0,14.0,13.0,14.0,13.0,14.0,8.0
zoo-3,nromm,11.0,8.0,12.5,11.5,15.5,12.5,11.5,12.5,11.0,12.5,14.0
zoo-3,ocsv_us,28.0,25.0,28.0,29.0,18.0,29.0,29.0,29.0,28.0,29.0,24.0
zoo-3,orem_m,8.0,14.5,1.5,1.5,2.5,1.5,1.5,1.5,1.5,1.5,11.0
zoo-3,oremboost,18.0,12.5,5.5,3.5,4.5,3.5,3.5,3.5,3.5,3.5,19.0
zoo-3,pt_bagging,19.0,19.0,15.5,16.5,21.5,18.5,17.5,18.5,17.5,20.0,2.0
zoo-3,s_smote,1.0,1.0,9.5,10.0,14.0,9.0,10.0,11.0,11.0,10.5,23.0
zoo-3,scut,3.5,2.5,9.5,5.0,6.0,5.0,5.0,5.0,5.0,5.0,22.0
zoo-3,shsampler,14.0,10.5,15.5,6.0,7.0,6.0,6.0,6.0,6.0,6.0,12.0
zoo-3,smom,7.0,16.0,15.5,16.5,21.5,18.5,17.5,18.5,17.5,20.0,18.0
zoo-3,soup,13.0,10.5,7.0,9.0,13.0,10.0,9.0,9.0,9.0,10.5,16.0
