dataset,channel,window_id,feat_abs_mean,feat_band_energy_1,feat_band_energy_2,feat_band_energy_3,feat_band_energy_4,feat_clearance_factor,feat_crest_factor,feat_impulse_factor,feat_kurtosis,feat_mean,feat_p2p,feat_peak,feat_peak_freq,feat_rms,feat_root_amplitude,feat_shape_factor,feat_skewness,feat_spec_centroid,feat_spec_flatness,feat_spec_kurtosis,feat_spec_skewness,feat_spec_spread,feat_std,feat_variance,label,condition,fs
CWRU,DE,0,0.05871973016826918,0.9457191426390524,0.052456917673879534,0.0011135933705995428,0.000710345349884548,5.47190172048127,3.7248450828604085,4.646971678769314,-0.04582380725790669,0.012004959735576918,0.4906633846153845,0.272868923076923,1031.25,0.07325644879367162,0.04986729239956513,1.2475610596939997,-0.1373218084174156,853.2292868364196,0.009066753445565888,151.49899465058303,11.615102444478781,502.4386217262691,0.0722660932360883,0.005222388231607008,normal,baseline,12000.0
CWRU,DE,1,0.05944041075721149,0.9444598008912602,0.05386463825873759,0.0008719433273803198,0.0008036167351738378,5.43528117443287,3.662320598173693,4.590629835844762,-0.11633848943580949,0.013116182992788458,0.4852393846153845,0.272868923076923,1031.25,0.07450710983986379,0.05020327639358875,1.2534756891938936,-0.010098870031259463,860.9305602925126,0.008960478644363237,169.66181818589462,12.375136082469812,501.5286095250488,0.07334354204965299,0.005379275160389215,normal,baseline,12000.0
CWRU,DE,2,0.06336498768028842,0.9543275556114289,0.04425380581797909,0.0007939447424855876,0.0006246937170958905,4.226340245844964,2.8691705500135685,3.5787101264988492,-0.1845797806983538,0.012790221454326919,0.4497747692307691,0.226764923076923,1031.25,0.0790350099877648,0.0536551507654553,1.2472978040576659,-0.06234781547794211,796.2498629421233,0.0076811019999210315,122.68574607844334,10.396593676757366,508.8623393376954,0.07799322431413742,0.0060829430389153566,normal,baseline,12000.0
CWRU,DE,3,0.06236112800480764,0.9500226103333583,0.04864904992515985,0.0008363739467033917,0.0004919654094779007,4.28910913874134,2.910360981903782,3.63631849410166,-0.15065664928791023,0.012147975360576917,0.4497747692307691,0.226764923076923,1031.25,0.07791642496821377,0.052869935397229895,1.2494389928643836,-0.10381923541383421,825.8332524007226,0.00804673597919977,147.75709683601494,11.384248114333683,499.2223038465756,0.07696360162093574,0.005923395974466103,normal,baseline,12000.0
CWRU,DE,4,0.05944509645432688,0.9442952334506676,0.053940991934707534,0.0009587110899370747,0.000805062566485683,4.342668287389394,2.949440411211336,3.688357531713789,-0.22175974612149352,0.011958815805288455,0.4214030769230769,0.2192547692307692,1031.25,0.07433775179771175,0.050488491112125625,1.2505279027485012,0.025960082570679742,867.3737646179327,0.008912266406454213,154.69262936441507,11.83205108783258,501.46991447151396,0.07336953091626919,0.0053830880668733795,normal,baseline,12000.0
CWRU,DE,5,0.058742445612980726,0.9482903392232682,0.04993528001618066,0.0009725141137845923,0.0008018640467782372,4.9717858685975935,3.4154190773374973,4.243871395104056,-0.17961564571480348,0.010740534555288457,0.46855015384615384,0.2492953846153846,1031.25,0.07299115539570147,0.05014201962919696,1.2425624203084271,-0.021942586980997554,855.032150866231,0.008881688731982354,131.94263032346862,10.823205014718521,501.4517900297317,0.07219660437628694,0.005212349683466094,normal,baseline,12000.0
CWRU,DE,6,0.059124941105769185,0.9464505501708949,0.05197261603617507,0.0009159361984282185,0.000660892032423207,4.954821720131749,3.383104726678905,4.216416624744161,-0.06903485417689215,0.010284697716346148,0.4967132307692307,0.2492953846153846,1031.25,0.07368834391955421,0.050313694154217894,1.246315726348588,-0.1475354646777328,862.0873599925598,0.00870500796094063,132.97220310992492,10.909331685313102,492.269032879333,0.07296709547796107,0.005324197022489888,normal,baseline,12000.0
CWRU,DE,7,0.05816366015624995,0.9431662334380156,0.055393875917597195,0.0008546848468011334,0.0005852022638493699,5.041509885115433,3.3825027602344555,4.253821810546081,0.01977682111702128,0.01080633804086538,0.4629175384615384,0.2474178461538461,1031.25,0.07314638411017779,0.04907614024209755,1.2575959613559133,-0.13228631129541166,907.9163041178839,0.008920958102944835,135.78316768211258,11.14008355752534,474.05433044835075,0.07234373895880843,0.005233616566540217,normal,baseline,12000.0
CWRU,DE,8,0.05815021424278841,0.9379459430110998,0.06043557933129863,0.0009396875211398089,0.0006787898233802438,4.551258231826761,3.1156981945707676,3.863765115166933,-0.20560065019250073,0.011016379507211533,0.4282873846153845,0.2246787692307692,1031.25,0.07211185268916008,0.0493662977986175,1.2400960792350502,-0.08345110709392883,916.3890639787132,0.009961276558857823,179.65084638698426,12.760290692104643,479.87571327939014,0.07126541012873085,0.005078758680816213,normal,baseline,12000.0
CWRU,DE,9,0.05658366346153841,0.9401533535931944,0.05816510732000918,0.0008630797305411736,0.00081845888461194,4.6948407016312395,3.18697963655308,3.970735641454004,-0.19814862824187252,0.01027247415865384,0.4126412307692307,0.2246787692307692,1031.25,0.07049896605984389,0.047856526666113244,1.2459243843015595,-0.05847925886378032,916.42519696106,0.009318513210756956,157.01485860382633,11.983228417619753,480.2435667545485,0.069746544646791,0.00486458049016681,normal,baseline,12000.0
CWRU,DE,10,0.05799660486778841,0.9372136347712038,0.060962593296780054,0.000990086944939909,0.0008336845850391874,4.266900261112979,2.8737455411380344,3.6006245620074537,-0.1007090963947439,0.011832913161057685,0.40805169230769234,0.208824,1031.25,0.07266614145569181,0.04894044557430792,1.252937850781864,-0.14113279966423067,920.4803662657945,0.009611654165555717,149.92220913055272,11.772223515663145,482.60912031454495,0.07169623616467938,0.005140350280181479,normal,baseline,12000.0
CWRU,DE,11,0.058738778545673026,0.9415644208173146,0.056544744016204684,0.001005522867842432,0.0008853116781389309,4.187548175140187,2.868681688632184,3.55513010604445,-0.23408650664804398,0.01156705078124999,0.40805169230769234,0.208824,1031.25,0.07279441313670788,0.0498678442052811,1.239290549429892,-0.1606396713510308,915.2137611157187,0.009738843122471037,161.32104920551907,12.104689228632193,473.5715945843316,0.07186953401923302,0.005165229920141692,normal,baseline,12000.0
CWRU,DE,12,0.0576795054086538,0.9413713208977849,0.056620264396135364,0.0011378427073337899,0.0008705715720250884,4.833855412044949,3.3038781503780235,4.105070940898481,-0.1899383312643086,0.010938861778846147,0.4526953846153845,0.2367784615384615,1031.25,0.07166682630573702,0.04898335621468103,1.2425007079721713,-0.10265323035996111,905.1446650482878,0.009932958121079964,162.5747295249782,12.112460463230137,478.46361651234207,0.07082708024279964,0.00501647529571998,normal,baseline,12000.0
CWRU,DE,13,0.05870771033653842,0.941425336063018,0.056645241476921016,0.0009843167500397886,0.0009451051152581446,4.728553872138684,3.2462137303792082,4.033174862060592,-0.18765458612951802,0.011386651442307686,0.4526953846153845,0.2367784615384615,1031.25,0.07293988665090209,0.050074180804747535,1.2424243124587653,-0.07432998210560987,875.7974759095745,0.010103845594699307,131.78002936648167,10.852136000787867,501.47657597286974,0.07204561911440444,0.005190571233577837,normal,baseline,12000.0
CWRU,DE,14,0.05834395763221149,0.943872409954471,0.05441782587586255,0.0009202924874860067,0.0007894713225016322,4.423344477048711,3.032521614259067,3.7651199698307707,-0.29292266786107124,0.012053752103365378,0.4061741538461537,0.2196719999999999,1031.25,0.07243872524010753,0.04966196983748522,1.241580588288964,-0.046444715708722,902.9653809910575,0.009075769294492412,150.40133742181533,11.620645992263034,477.79538698627186,0.07142881753635857,0.005102075974642407,normal,baseline,12000.0
CWRU,DE,15,0.05872502704326918,0.9419979985244618,0.05613297689167022,0.0010245439489036015,0.00084448040256093,4.401678772117146,3.014812317634585,3.740687932559714,-0.3162647014701494,0.01166942307692307,0.40659138461538447,0.2196719999999999,1031.25,0.07286423725784498,0.04990641329656611,1.2407697522924577,-0.10476614380934891,876.9592814180509,0.009281153386425914,154.46020749853068,11.769799621957365,494.3419248837574,0.07192372095643619,0.005173021636219299,normal,baseline,12000.0
CWRU,DE,16,0.060125643028846106,0.9485785431129494,0.04977217302022555,0.0009016704253295318,0.0007476119227493181,4.1098292797008344,2.834534098932777,3.5008843560464893,-0.3860566299415975,0.011843812499999993,0.416604923076923,0.210492923076923,1031.25,0.07426014848654497,0.05121695057178758,1.235082815678456,-0.05782197532282056,843.332423797415,0.008562196319457593,122.20126957018009,10.475450835823704,500.9684114207354,0.07330957480921951,0.005374293758708551,normal,baseline,12000.0
CWRU,DE,17,0.06082513611778841,0.94940930250545,0.049006208468588754,0.0008887091685153393,0.0006957784063688088,4.775524768396039,3.312194044999196,4.081409817342043,-0.32731182347461507,0.012758236478365378,0.4587452307692307,0.2482523076923077,1031.25,0.0749510156469012,0.05198429905237168,1.2322375325516395,-0.05884939826321822,818.0922815334823,0.008572894102276261,136.89357547730046,11.0171787068891,506.9896507436921,0.07385717398103,0.005454882148464136,normal,baseline,12000.0
CWRU,DE,18,0.057646705528846105,0.9405220996042293,0.057603273902670095,0.0010176985513249807,0.0008569263913523906,5.05032718185935,3.482809659025712,4.3064439748093415,-0.24889797338631636,0.011383188100961533,0.43454584615384606,0.2482523076923077,1031.25,0.07127932100709583,0.04915568808769931,1.2364855953724543,-0.09138705427011777,869.5035393479736,0.010193683985449186,152.8351662250021,11.677958198522889,502.8911765910187,0.07036451258902275,0.00495116463189074,normal,baseline,12000.0
CWRU,DE,19,0.059203375600961484,0.9422846534250974,0.05592791069996512,0.00102105412734603,0.0007663798858708433,4.754245359053112,3.2226314546244454,4.024074080446523,-0.16604472863743025,0.011985402043269224,0.4579107692307691,0.2382387692307692,1031.25,0.07392678082655056,0.05011074339634387,1.2486919888627088,-0.017295309971774905,886.6392827996957,0.009649640486923603,147.84117612030985,11.645873078848032,492.1756836132299,0.07294874269813045,0.005321519061238041,normal,baseline,12000.0
CWRU,DE,20,0.060006055889423024,0.9414223485572483,0.05667324752546264,0.0009384027557994774,0.0009660004479979557,4.667838288048331,3.194255835444609,3.9702454310576076,-0.17652053398837664,0.013175772836538455,0.4579107692307691,0.2382387692307692,1031.25,0.07458349659635471,0.051038351058725125,1.242932825543383,-0.06607348469674677,854.4459199309458,0.009122385695590403,154.23560886908814,11.77828595111985,514.6784020740811,0.0734104691082845,0.005389096974698392,normal,baseline,12000.0
CWRU,DE,21,0.059247991586538415,0.9433703838873904,0.05513510862085046,0.0007582020512073797,0.0007363053977323314,4.276042151581804,2.9858081044821523,3.6654173343144616,-0.34676277856397375,0.01302542307692307,0.4159790769230768,0.2171686153846153,1031.25,0.07273361441366984,0.050787295280585516,1.227613164024879,-0.11876575504451899,851.7713750023861,0.008092071325056143,147.28419251966028,11.49376703915462,501.9882128120955,0.07155778797128626,0.0051205170193435595,normal,baseline,12000.0
CWRU,DE,22,0.0601319585336538,0.9456563235401567,0.05262340428151103,0.0008245439632669444,0.0008957275572403175,4.219905916916576,2.9333973626169763,3.6115340441318478,-0.3224776816417636,0.011999459134615378,0.4257839999999999,0.2171686153846153,1031.25,0.07403313923718549,0.05146290454344945,1.2311779134177323,-0.06011655506043026,863.472359348633,0.008689345952389274,162.1490385320268,12.118757052227618,497.40489651231263,0.07305421744012587,0.005336918685789191,normal,baseline,12000.0
CWRU,DE,23,0.05906901832932688,0.9454761073643791,0.05263364260815663,0.0008744927893798391,0.001015756286970255,4.134464973253358,2.863418547072366,3.5317225597400896,-0.32594387290979254,0.012472205228365377,0.41493599999999986,0.2086153846153846,1031.25,0.07285535844163558,0.050457649530219084,1.233393757035979,-0.09064971793092381,864.8792603204208,0.008924534479647594,142.443553710954,11.363626850919418,501.7608948396558,0.07177985337405432,0.005152347350400738,normal,baseline,12000.0
CWRU,DE,24,0.0607622866586538,0.9407046177106846,0.0575034108630297,0.000910243841674921,0.0008817266692604443,4.204401175978601,2.91813135298018,3.594668991299393,-0.2784721481214021,0.011355481370192301,0.4266184615384614,0.2184203076923076,1031.25,0.07484937491564353,0.05195039639419492,1.2318393370566716,-0.1588139383258967,873.8560965370264,0.009327827667031581,154.34889463208071,11.932342527902824,503.662052134935,0.07398298431473134,0.005473481968113784,normal,baseline,12000.0
CWRU,DE,25,0.06156955078124995,0.9476949945694588,0.05058705675956465,0.0008819445093835738,0.0008360030120817279,4.141694351560766,2.890736070131364,3.547537783219041,-0.3601357585701752,0.009395535757211533,0.4266184615384614,0.2184203076923076,1031.25,0.07555871667051982,0.052736945112812975,1.2272091595888346,-0.10770931540720247,880.2305752436858,0.008487138353669654,150.62385513693826,11.73125674123019,488.13802883393555,0.07497228536419874,0.005620843572730848,normal,baseline,12000.0
CWRU,DE,26,0.06213234374999995,0.950843422872106,0.04769940355080688,0.0008482042646286635,0.000608968784580931,3.9169523269213444,2.753615907004583,3.364312413928785,-0.45383036821987055,0.009843834735576918,0.4101378461538461,0.2090326153846154,1031.25,0.07591204526850792,0.053366137225599415,1.2217798442298096,-0.12921532702385138,881.1430948358974,0.007839040397635845,158.20691407181982,12.042038379710798,471.04099697660644,0.07527109361864386,0.005665737534546647,normal,baseline,12000.0
CWRU,DE,27,0.059087761117788414,0.9462082562904329,0.05216432381527717,0.0008872428016572372,0.000740176882452063,5.692748096077587,3.899145892660712,4.85104754417994,0.001234706406857633,0.009321175781249996,0.5182006153846153,0.2866375384615384,1031.25,0.07351290419808881,0.05035134764860528,1.2441308116505654,-0.15958789801111775,851.2518123268217,0.008517224584628006,154.04856614532014,11.775892218063705,503.9703906211626,0.07291956366910339,0.005317262765692422,normal,baseline,12000.0
CWRU,DE,28,0.056827930889423034,0.9421142057206443,0.05563533349971364,0.0010725006258630397,0.0011779591039511555,5.936382745270209,4.049589652029264,5.043955216657169,-0.012873752903884483,0.008584808293269224,0.5182006153846153,0.2866375384615384,1031.25,0.07078187250846596,0.04828488167982696,1.2455472406024213,-0.08503685665157286,876.1813887089016,0.010248458553389558,147.92326241891305,11.669214779877553,510.29974213233845,0.07025933775927969,0.004936374542372544,normal,baseline,12000.0
CWRU,DE,29,0.05758059645432688,0.9400416451242669,0.05762960507909213,0.001051557855391536,0.001277191787765344,4.389646378114244,3.068399112955556,3.767935960373272,-0.33744489643935704,0.009051238882211533,0.4222375384615384,0.21696,1031.25,0.07070788121530217,0.0494253935992913,1.2279810486400204,-0.10916160580429735,895.9038254601854,0.010149787328994917,166.73944776374105,12.339582322421515,498.8625178454305,0.07012616872932972,0.004917679540654422,normal,baseline,12000.0
CWRU,DE,30,0.05954054206730765,0.9458597588998243,0.052298539598155606,0.0008180708448499727,0.0010236303069700446,4.301699407731624,3.0328688976707476,3.7069712377419974,-0.35265705173353634,0.010236210937499997,0.4259926153846153,0.2207150769230769,1031.25,0.07277435470177651,0.051308809845331475,1.2222655719107947,-0.12030843479857206,878.3069828906242,0.009003010630896665,159.2544431401866,12.015183978403043,488.648142407053,0.07205086181235437,0.005191326687902985,normal,baseline,12000.0
CWRU,DE,31,0.05968131670673072,0.9419699005155655,0.056287493707656774,0.0008393425287570819,0.0009032600817539172,4.309121653950033,3.0105756497536045,3.698227336498847,-0.31497718977677014,0.009395026442307688,0.44101292307692297,0.2207150769230769,1031.25,0.07331324723268155,0.05122043299027181,1.2284120270492198,-0.0721449018191759,897.0211275046443,0.009129332749773296,162.93891453853328,12.259811537737905,490.2270579777747,0.07270877318418066,0.0052865656979486295,normal,baseline,12000.0
CWRU,DE,32,0.05787752704326918,0.9436670601727299,0.0546618031974696,0.0008351619051728358,0.0008359712604660491,4.463887145151388,3.0723872975601636,3.8062760696246,-0.24974125011367398,0.010733098557692302,0.4289132307692307,0.2202978461538461,1031.25,0.07170249868198207,0.04935112358141279,1.238865970005549,-0.05017820029987682,894.7381129318745,0.009069100771021707,167.56071650220258,12.396510396692213,486.81745081706816,0.07089463246671432,0.005026048912590503,normal,baseline,12000.0
CWRU,DE,33,0.06015233112980764,0.9419258571993073,0.05621334890074192,0.0008110612166456488,0.0010497309275124996,4.42994923791529,3.0756919944398624,3.787184897429733,-0.3509375003803985,0.01231992007211538,0.4272443076923076,0.2278079999999999,1031.25,0.07406723443433995,0.05142451702385762,1.231327748121751,-0.06369878710582999,885.0791189442551,0.008920364366319967,168.60802793756736,12.42687333822512,497.96385045721064,0.07303543514054094,0.005334174786168162,normal,baseline,12000.0
CWRU,DE,34,0.05907645432692303,0.9404973109744083,0.05775946166896546,0.0008400846127533364,0.0009031403584056308,4.517912880646725,3.1197263147145553,3.8561555969377213,-0.2907987220198671,0.011834033653846148,0.4272443076923076,0.2278079999999999,1031.25,0.0730217900607232,0.05042328305529209,1.2360557330781585,-0.07363637716761143,876.7735632805808,0.009118332909202624,159.8508708136405,12.121284339732728,507.1013483069852,0.07205648805730104,0.0051921374711519684,normal,baseline,12000.0
CWRU,DE,35,0.05709257091346149,0.9358928353324238,0.06226977296682097,0.0010730082810911329,0.0007643831411147347,4.787324502541422,3.2396492687742873,4.044961140728373,-0.186976334510093,0.013027460336538454,0.4493575384615383,0.2309372307692307,1031.25,0.07128463966613435,0.048239310004290346,1.248579955773661,-0.06499451168681977,887.0409898238455,0.009428574479856495,159.91988043109052,12.092400509344168,510.97341203905773,0.07008412894165507,0.0049117851295105335,normal,baseline,12000.0
CWRU,DE,36,0.05911862560096149,0.9373827544588944,0.060732217424566304,0.0010937059011375831,0.0007913212046293824,4.809607192677839,3.2615189309289736,4.061601656862646,-0.20923898421660292,0.013871904447115377,0.4585366153846152,0.2401163076923076,1031.25,0.07362100689199913,0.049924307344238306,1.2453098519056536,-0.09073388654217832,890.3002804086007,0.010017593668329034,169.74603919691626,12.43336284239199,503.1980693764048,0.0723023023340328,0.005227622922801885,normal,baseline,12000.0
CWRU,DE,37,0.059335288161057646,0.9414023135686067,0.05653466836027766,0.0010611072650672944,0.0010019103125632322,4.783966724489676,3.2523344958892904,4.046770735157538,-0.2435493349689839,0.013376952223557685,0.4652123076923076,0.2401163076923076,1031.25,0.07382890904849941,0.05019188500269549,1.2442664616054577,-0.01932474177160413,886.9820727724324,0.009897271941584995,163.93064967278448,12.226989373303173,496.79031197138335,0.07260692088568592,0.005271764960500254,normal,baseline,12000.0
CWRU,DE,38,0.05736423948317303,0.939892775961241,0.058008926892499334,0.0009552804137790855,0.0011430165653198423,4.629158981623532,3.156635717846613,3.923977760849225,-0.26403643227786233,0.012663503906249993,0.4132670769230769,0.225096,1031.25,0.07130883007100848,0.04862567928506414,1.2430885637719629,0.03302106853795106,867.9649089232345,0.009869759999306412,152.61950665469828,11.770414942348424,514.718169682302,0.07017538681697705,0.004924584914912355,normal,baseline,12000.0
CWRU,DE,39,0.05858038161057687,0.9412657304298523,0.057026339343292876,0.0008904162942683277,0.0008175131388069222,5.0680244577398765,3.481865848718769,4.312591072701668,-0.2206073563647828,0.01365717728365384,0.46124861538461537,0.2526332307692308,1031.25,0.07255685363702133,0.04984846321793294,1.2385862236158762,0.007567596098822552,889.2887016452785,0.009152606588010152,162.00006269155165,12.182134842406557,492.1846444944599,0.07125993627801659,0.0050779785183469855,normal,baseline,12000.0
CWRU,DE,40,0.059812516225961496,0.9457186982561168,0.05248700889308449,0.001080869092831466,0.0007134223586730511,4.942718640462518,3.416289538520298,4.223751928690401,-0.2383122766018677,0.01242707992788461,0.46124861538461537,0.2526332307692308,1031.25,0.07394959587607265,0.05111220143123309,1.2363565444513933,0.030225682158107565,870.7112928584041,0.00923126787708092,170.15001986258642,12.421617742860073,496.08095732726144,0.07289794520218268,0.005314110414700429,normal,baseline,12000.0
CWRU,DE,41,0.058826075120192264,0.9465979469991592,0.05177510221558257,0.0009203879072956049,0.000706562425233645,4.972705525033823,3.3864199669797266,4.2271992131629,-0.12679433044179023,0.012316049278846148,0.4704276923076922,0.2486695384615384,1031.25,0.07343139388683716,0.050006890054051005,1.248279674222759,0.04062791992456077,848.5657553307856,0.009084793111850991,145.60580792996478,11.411043187163319,508.7598146426297,0.07239119102711916,0.005240484538324859,normal,baseline,12000.0
CWRU,DE,42,0.05846334104567303,0.9407844944902206,0.05763753175370626,0.0008773962977568037,0.0007005767473586568,5.03726380119898,3.379192614332912,4.253426745954726,0.01297587935907174,0.013973869290865379,0.4704276923076922,0.2486695384615384,1031.25,0.07358844755010462,0.04936599476929311,1.25871095003988,-0.02379446434616705,846.9593608063224,0.008861139084314764,143.94849041353666,11.341119198366455,516.5561523575288,0.07224950235037131,0.005219990589876308,normal,baseline,12000.0
CWRU,DE,43,0.05836667307692303,0.9414696203276443,0.05672769526931706,0.0010176467765350575,0.0007850371340432656,4.5296836826074625,3.087220211573116,3.8494359432592455,-0.16569412233256342,0.012964916466346147,0.42578399999999994,0.2246787692307692,1031.25,0.07277704660928042,0.04960142583321301,1.2468938655003612,6.44529692691533e-06,848.1228998182041,0.008931787477545514,162.47643940777644,12.04778111200732,518.7117311711173,0.07161291401828332,0.00512840945419004,normal,baseline,12000.0
CWRU,DE,44,0.060470347355769186,0.9478968005787586,0.050200990038336356,0.0009616052647374201,0.0009406036763077968,4.9131734009460315,3.3713525903002153,4.195052927343662,-0.1259949418020634,0.013191459735576918,0.4577021538461537,0.2536763076923076,1031.25,0.0752446683927883,0.05163186539344657,1.2443234028423282,0.07565540149469661,867.852356384454,0.008908980620071049,160.71156730166675,12.102464428668988,499.9491256953056,0.0740793190545467,0.0054877455115853275,normal,baseline,12000.0
CWRU,DE,45,0.059935057391826876,0.9498901854263326,0.0483535639256707,0.0008264765493584336,0.0009297730494664732,4.971795408084132,3.3982920536264207,4.232519642617386,-0.10914638786914033,0.013548285757211533,0.4577021538461537,0.2536763076923076,1031.25,0.07464817728705862,0.0510230785602783,1.2454843715097221,-0.013428366864023752,850.5918535958954,0.008799216501394742,163.21358547356908,12.115302624231154,503.36529682863596,0.07340840772909513,0.005388794325321074,normal,baseline,12000.0
CWRU,DE,46,0.060622021334134565,0.9490828374881664,0.04921040599963028,0.0008173828045704245,0.0008893724248030552,4.722001529248255,3.248524902136842,4.0193771812351216,-0.25424222075139546,0.012829336838942305,0.46437784615384614,0.2436627692307692,1031.25,0.07500720375284507,0.05160158625987579,1.2372930183146271,-0.05213521457831155,820.4167651120723,0.008549362454032757,153.11737780413833,11.643065637107776,512.1795788642991,0.07390188584260737,0.005461488731093773,normal,baseline,12000.0
CWRU,DE,47,0.06076187920673072,0.9462717748601283,0.05186176018888857,0.0009025623293544418,0.0009639011532444604,6.02698078566554,4.107750812923468,5.122523495153446,-0.010131172856556514,0.012775858774038458,0.5319692307692307,0.3112541538461538,1031.25,0.07577240393134645,0.05164346211065331,1.2470385202133936,0.0819697269454851,862.803972639634,0.008492391791855989,147.74261199790044,11.52755149485576,501.64057209961567,0.07468758015976251,0.005578234630120952,normal,baseline,12000.0
CWRU,DE,48,0.060368076923076885,0.9409015259167219,0.0576361773075249,0.0008606846489920276,0.0006016117757510208,6.062976592656874,4.139792324971679,5.155939524838015,-0.0550740353525514,0.014089891225961531,0.522372923076923,0.3112541538461538,1031.25,0.07518593432057806,0.051336855600453216,1.245458496489504,0.08392273975477418,859.9584530954969,0.009304436906568311,157.8854527317096,11.853519741513178,506.10898319479435,0.07385390771583349,0.00545439968489885,normal,baseline,12000.0
CWRU,DE,49,0.05906311027644227,0.942928987746512,0.05532318590133323,0.0009751746815032717,0.0007726510357760026,4.627148847654448,3.1945892805082874,3.9453287089814437,-0.23408672448811485,0.013471481069711529,0.4441421538461538,0.2330233846153846,1031.25,0.07294314359506913,0.050360036447391725,1.2350034269049155,-0.048644660110156966,862.5189862398994,0.009265989063923903,140.67407403447106,11.27243794521778,503.8142298137718,0.07168836303975198,0.005139221395319278,normal,baseline,12000.0
CWRU,DE,50,0.056918996394230724,0.9366059254708575,0.06131857914405239,0.0010774632142432918,0.0009980313454706767,5.222767257094035,3.5658851587564495,4.438469522889155,-0.01552822668954601,0.012680515024038453,0.47313969230769226,0.2526332307692308,1031.25,0.07084727059952008,0.04837152764678178,1.2447034397588415,-0.07796661125516607,903.9389748551906,0.010126795021300442,153.2353053273989,11.762785879794057,497.16240608883277,0.0697032301269228,0.004858540290126757,normal,baseline,12000.0
CWRU,DE,51,0.05868693028846149,0.9420620598715603,0.055862092796852114,0.0011603975451216222,0.0009154497205522852,5.067666225585953,3.453611907850779,4.304761375786277,-0.09007606127434764,0.012804991586538455,0.47313969230769226,0.2526332307692308,1031.25,0.0731504400349509,0.04985198699427366,1.2464519727884473,-0.04561192336517322,884.2873228155952,0.009976594401586748,155.1822747618854,11.909431430934097,495.1386159515908,0.07202096269681228,0.0051870190677756264,normal,baseline,12000.0
CWRU,DE,52,0.058265217548076884,0.9400725109047706,0.05792631765455238,0.0010322369308675132,0.000968934325343382,4.586172865077134,3.1800468626228113,3.924167301869246,-0.33295409271567467,0.01366634495192307,0.4326683076923076,0.2286424615384615,1031.25,0.07189908558450732,0.04985474125485586,1.2339966897949124,-0.027621378710507197,890.581314254889,0.010310714912586139,155.77623685373553,11.879925782742447,497.8337505024885,0.07058831010545129,0.0049827095235433555,normal,baseline,12000.0
CWRU,DE,53,0.05757193810096149,0.937428617069614,0.060590418012744236,0.001070566443923717,0.0009103963248965654,4.155206093338563,2.8941813017331666,3.5655832551885225,-0.36297170572135284,0.013563259615384609,0.4093033846153845,0.2052775384615384,1031.25,0.07092767075048441,0.049402492644258965,1.2319833774937632,0.038536418084340975,911.0412843417346,0.010318355376275231,171.55350410786437,12.452110166803896,485.8545905357765,0.06961876519082193,0.004846772466694798,normal,baseline,12000.0
CWRU,DE,54,0.057346006009615334,0.9372736566899154,0.06068845848737631,0.0011035573669977603,0.0009343267797879943,4.442279343416563,3.0482162595931026,3.7869876299354157,-0.23750755402969181,0.01295411899038461,0.4337113846153845,0.2171686153846153,1031.25,0.07124449083990009,0.048886753532611175,1.2423618626195931,0.08216044344544682,925.6872121241065,0.010297808568469468,166.22025096210155,12.176553447268239,480.6829716798906,0.07005689313850254,0.004907968276219564,normal,baseline,12000.0
CWRU,DE,55,0.05765251171874995,0.9415460954498477,0.056597327091136025,0.0009628103726828118,0.0008937669061118741,5.5321127109539745,3.7766597134208637,4.707663331454592,-0.09550691452375615,0.013070752103365378,0.4948356923076922,0.2714086153846153,1031.25,0.07186472596938734,0.04906057225609432,1.2465150923513926,0.07098591335576561,890.2197335729446,0.009614058227407506,183.17834127404927,12.888180962854323,495.4654387311525,0.07066607586464317,0.004993694278107505,normal,baseline,12000.0
CWRU,DE,56,0.057716787259615335,0.9415185464075901,0.05651839503131033,0.0010197249377192452,0.0009433312386822658,5.587791930913112,3.7195010430771887,4.702420704114988,0.08740222778083817,0.01209480288461538,0.4948356923076922,0.2714086153846153,1031.25,0.07296909242430959,0.048571711105260124,1.2642611602078266,0.15721116141887703,889.8938425348551,0.009650325244709773,153.21450174338727,11.711858696306907,495.8117473224728,0.07195974008019855,0.0051782041924097345,normal,baseline,12000.0
CWRU,DE,57,0.05878186658653842,0.9423810542931772,0.055924270868996095,0.000948581108138555,0.0007460936919372662,5.288806461508145,3.4974157032782625,4.425572029639491,-0.07225724603929695,0.013334067908653841,0.45311261538461534,0.2601433846153846,1031.25,0.07438160249910876,0.04918754099033578,1.2653834731431075,0.134047917598127,888.6885508202051,0.009337135097930414,164.47873094601795,12.165364948600779,491.2683580576889,0.07317667267198497,0.005354825423342831,normal,baseline,12000.0
CWRU,DE,58,0.05784319921874995,0.9435644631070939,0.05471898590604007,0.0009663430094096686,0.0007502070967603954,5.413155776735176,3.650271599233911,4.573127200173287,-0.010910352388597389,0.013250642127403841,0.4973390769230768,0.2645243076923076,1031.25,0.07246702074109329,0.04886693060435987,1.2528183385403588,-0.06877747498516526,900.5982533516773,0.009494313475508727,171.53392788127192,12.48777819031496,481.9692931236064,0.07124527758596717,0.005075889578301516,normal,baseline,12000.0
CWRU,DE,59,0.05762276772836533,0.9447163245675559,0.053571161916199296,0.0010177207464596438,0.0006947923234347944,5.437545512388601,3.663417791864881,4.590621348479468,0.0029636281334255443,0.012876804987980764,0.4837790769230768,0.2645243076923076,1031.25,0.07220697248337875,0.04864774135492386,1.2530979564147906,-0.11127528586602804,924.0789794635274,0.009039922344446408,160.59221402820805,12.125715580221447,462.3363664655749,0.07104952335179265,0.0050480347685169305,normal,baseline,12000.0
CWRU,DE,60,0.058269292067307646,0.9382396236883735,0.05969779004498445,0.0011949557037060218,0.0008676302817483882,4.736788363449685,3.193066647369491,3.9990769811690203,-0.19207149814073388,0.013023182091346147,0.4282873846153846,0.2330233846153846,1031.25,0.07297792697416877,0.0491943837756094,1.25242515199723,0.02273747797047018,905.4159175899196,0.01028881606338916,147.46595778368697,11.579080687951123,481.7946294046388,0.0718065077389421,0.005156174553662751,normal,baseline,12000.0
CWRU,DE,61,0.0567578491586538,0.9420951996838467,0.05585069341807098,0.0012083598785647155,0.0008457467480691965,4.821850390983758,3.3087177729235995,4.10557108963062,-0.2722164190833931,0.012598820913461532,0.4170221538461538,0.2330233846153846,1031.25,0.07042709611629522,0.048326548051160705,1.2408344777024958,0.013481280303483808,892.8469490781522,0.010180731795265793,164.32618619035526,12.18805502628887,491.86050506765497,0.06929102091154676,0.00480124557896441,normal,baseline,12000.0
CWRU,DE,62,0.05689241015624995,0.9361439828144265,0.061491548217637346,0.0010642467937863052,0.001300221266390787,4.567831342068783,3.113897238251179,3.8758502396516534,-0.2470125382049435,0.011385327223557687,0.4101378461538461,0.2205064615384615,1031.25,0.0708136603962891,0.04827377480154369,1.244694330962701,0.033950717953693185,911.207634819381,0.011061667044649118,161.61803493312507,12.181788993379458,496.00091009460147,0.06989240890635749,0.0048849488227334795,normal,baseline,12000.0
CWRU,DE,63,0.058419947415865335,0.940131605686217,0.057831351914978034,0.0010185021839291338,0.0010185397000730223,4.468051536545898,3.0146933583467415,3.774506333748902,-0.13390549759862758,0.011456835036057687,0.4272443076923076,0.2205064615384615,1031.25,0.07314391061629807,0.049351816946347875,1.252036570584692,-0.028192958531154094,941.0038813104015,0.010017977524086667,140.2118030236342,11.404654694727713,465.25025022426564,0.07224107274398384,0.005218772591201563,normal,baseline,12000.0
CWRU,DE,64,0.06006798858173072,0.9427592711788205,0.055366972291508165,0.0010697170515819817,0.000804039017611896,4.441451737533365,3.021911574290901,3.764718650690021,-0.17460456845053507,0.0120202391826923,0.4389267692307692,0.2261390769230769,1031.25,0.07483312180507498,0.050915576772352145,1.2458070192121429,-0.08968708926441937,876.1046356721948,0.00943832275994304,160.7420689023131,12.109676604755721,499.3346113092223,0.07386142409325763,0.0054555099690840585,normal,baseline,12000.0
CWRU,DE,65,0.05758467097355765,0.9453287749753552,0.05322729546222786,0.0007998553955033033,0.0006440733016913322,4.640696772815643,3.1378502345197408,3.9270707481669533,-0.1515514086248002,0.010398478665865381,0.4389267692307692,0.2261390769230769,1031.25,0.07206815495376512,0.0487295524774983,1.251516310423275,-0.0006065583902400567,905.2965204497241,0.00879584337951214,171.4769746462399,12.50572324654823,470.0190997650537,0.0713140280721503,0.005085690599875441,normal,baseline,12000.0
CWRU,DE,66,0.05677913852163457,0.9443544135315025,0.054145379297506624,0.000950193626815545,0.0005500129211921299,4.102610138395141,2.8122553287676815,3.4867735783727163,-0.3510752699820774,0.010672490084134612,0.3790541538461537,0.1979759999999999,1031.25,0.07039759084988637,0.04825610850692339,1.2398495764965287,0.0253731338608536,949.5154014732404,0.008852626964279513,149.52177719175575,11.802466001923134,443.93902479514475,0.0695838972239415,0.0048419187528720535,normal,baseline,12000.0
CWRU,DE,67,0.058087262920673025,0.942419944521401,0.055908105672410405,0.0009165308120753762,0.0007554184167432227,4.83907727257946,3.251077603366616,4.079845821737525,-0.1764307207194067,0.012041935997596152,0.454572923076923,0.2369870769230769,1031.25,0.07289493080007307,0.04897360872205114,1.254921081401652,0.05656825228156229,920.0309298739664,0.008881711011741195,174.86433953706435,12.691416797926752,475.36811819241996,0.07189341217230714,0.005168662713777241,normal,baseline,12000.0
CWRU,DE,68,0.0587733100961538,0.9470077884903098,0.05139740849816868,0.0008206206529607622,0.0007741817428191732,4.776318355994984,3.1970328217959296,4.032222730612983,-0.015213404337872216,0.012986511418269226,0.454572923076923,0.2369870769230769,1031.25,0.07412719547556902,0.049617102391347756,1.2612390786616594,0.004534809477123063,883.6412373599203,0.00869217008163133,152.03979417669404,11.739836351055825,486.55634549065763,0.07298076205587595,0.005326191630256383,normal,baseline,12000.0
CWRU,DE,69,0.05902419861778841,0.9400960126786924,0.05805202141743999,0.0008877975577026269,0.0009641666607945658,4.425956375065841,3.0984606986135366,3.806553489792857,-0.33643525475105474,0.0128399305889423,0.4253667692307692,0.2246787692307692,1031.25,0.0725130285923284,0.050763891505240355,1.2285305059690348,-0.02692916907130019,900.8103644560292,0.009858049554553078,157.9517546438667,12.072239721340129,485.90716746952927,0.07136718782537939,0.00509327549810298,normal,baseline,12000.0
CWRU,DE,70,0.05734284825721149,0.9420753242326427,0.05621922141735588,0.0010268963240401673,0.0006785577476168315,4.698298747098824,3.2560481580323692,4.01639248162774,-0.3155732821867421,0.012486058593749995,0.43892676923076923,0.2303113846153846,1031.25,0.07073340854840483,0.0490201660244787,1.2335175300523955,-0.005404426959957208,915.0639879523565,0.009295077767893923,167.68715443455142,12.42052736965391,472.2761650188306,0.0696226502344531,0.004847313425668992,normal,baseline,12000.0
CWRU,DE,71,0.05926500270432688,0.9436951907521459,0.05462290635107988,0.000958998102055394,0.0007229047422301514,4.588187109219996,3.109770808779878,3.886127969392125,-0.10885235289825701,0.011299966045673073,0.4562418461538461,0.2303113846153846,1031.25,0.07406056548127016,0.050196598162392324,1.2496509255345578,0.0105485269654338,882.4563557499187,0.008937717808661856,156.93099075611758,11.938922516836191,490.9967719316822,0.07319342953279441,0.005357278126772141,normal,baseline,12000.0
CWRU,DE,72,0.05879775721153842,0.9469037389166511,0.051274251249752385,0.0009744484560500101,0.0008475599506530311,4.516972054792945,3.097320013655957,3.8425013512951667,-0.23698631270091397,0.01209989603365384,0.43412861538461534,0.2259304615384615,1031.25,0.07294385486237888,0.05001812249396747,1.2405890687283638,0.017602631495359625,893.0139615107472,0.008976217450876308,167.06461083616247,12.415826021085456,483.8363197298346,0.07193329186238154,0.005174398478158565,normal,baseline,12000.0
CWRU,DE,73,0.058553286057692264,0.9455771638300493,0.052546576909484506,0.0009830922977183928,0.0008931663422661914,4.556954088919842,3.149797029533189,3.8906099954072912,-0.23603415664162153,0.013303305288461532,0.44768861538461524,0.2278079999999999,1031.25,0.07232466024446084,0.04999128706473283,1.2351938740585748,-0.061182550236661054,915.647080130791,0.009417084245561615,161.42153328256774,12.228546397341617,474.2228125944873,0.07109063614765793,0.005053878547878688,normal,baseline,12000.0
CWRU,DE,74,0.058277441105769184,0.941056360626237,0.057065023490345625,0.0010710107384706848,0.0008076047263563469,4.587266589987004,3.1528435397190675,3.909025442392803,-0.20668982995937535,0.012480252403846148,0.44768861538461524,0.2278079999999999,1031.25,0.07225477481838462,0.04966094634596881,1.2398412395500966,-0.07214194512391313,896.2060219388367,0.009361447502437883,153.7507540631372,11.962385565103466,492.2098742064666,0.07116878377485286,0.0050649957839917605,normal,baseline,12000.0
CWRU,DE,75,0.05750053215144226,0.9396019970961286,0.05828602249061587,0.0010525433209844673,0.0010594363116646363,5.037623158182799,3.4501393614453173,4.2811108808143326,-0.28816610327727465,0.012164375300480763,0.4485230769230768,0.2461661538461538,1031.25,0.07134962622003506,0.04886553561401212,1.2408515808535074,-0.042929734682417335,903.6645599335251,0.009379935265216074,145.28056406314462,11.576094209997768,498.6086124560863,0.07030502923182501,0.004942797135287769,normal,baseline,12000.0
CWRU,DE,76,0.056253932992788414,0.9407409149133701,0.05742287781229834,0.0009602821174758949,0.000875923789572706,5.184967561705185,3.484503763728733,4.375981211441902,-0.027394477624628877,0.011778722055288456,0.4485230769230768,0.2461661538461538,1031.25,0.07064597157522765,0.04747689371564688,1.2558405753475805,-0.09437186999137735,890.9089014213318,0.009628629840089078,158.1260819106881,12.022853486960386,492.0477741013326,0.06965712459290961,0.004852115006552133,normal,baseline,12000.0
CWRU,DE,77,0.055718133713942256,0.9400118038330243,0.05806544786747739,0.0010684193792151922,0.000854327311331398,5.205108713232879,3.5317577292153364,4.414317603031862,-0.057382137149809775,0.012387658954326917,0.46708984615384597,0.2459575384615384,1031.25,0.0696416791069595,0.047253103059354706,1.2498925298629155,-0.04244086987713953,855.6229474306933,0.010211593436841429,160.42644546780542,12.005779632793395,512.586692061979,0.06853108327224955,0.0046965093744680015,normal,baseline,12000.0
CWRU,DE,78,0.05846863792067303,0.942625539798022,0.055482699280359093,0.0010374377985995433,0.0008543214510495843,4.94275774601156,3.4052302128777554,4.206657572479109,-0.32287247658304263,0.01151999008413461,0.4620830769230768,0.2459575384615384,1031.25,0.07222934224282006,0.0497611962997798,1.2353518879782488,-0.024063061608814874,874.472248965593,0.0095260925509584,157.97555658680946,11.971875270840103,500.73200848859835,0.0713047523611987,0.005084367709291871,normal,baseline,12000.0
CWRU,DE,79,0.05813982421874995,0.9397059945694313,0.0582812573751947,0.0010101723083409402,0.0010025749188820824,4.061777672267178,2.789497414694111,3.4518164218198413,-0.36756721985898944,0.012350580829326918,0.3951175384615384,0.200688,1031.25,0.07194414267704455,0.049408908166059515,1.237433095882026,-0.04631299683061892,877.79222003393,0.010036443912575592,150.2377836047469,11.710411970671725,506.33944954732794,0.07087610894168221,0.0050234228187132045,normal,baseline,12000.0
CWRU,DE,80,0.05801860727163457,0.9414177431718885,0.05682534324961895,0.000983104196860691,0.0007738090664653704,4.040092056724094,2.8136297335920943,3.459028222797703,-0.40059741881635214,0.013144500901442303,0.3865643076923077,0.200688,1031.25,0.07132708245295176,0.049674115634564954,1.2293828791685548,-0.07590032072409604,888.8591708912556,0.009574817972582266,160.83147153974244,12.025549871631611,492.54701657279,0.07010545476139615,0.004914774787302163,normal,baseline,12000.0
CWRU,DE,81,0.058808350961538414,0.9413207372181972,0.056892967191634586,0.0010550908310916751,0.0007312040336152079,4.229377186021879,2.938585780566758,3.6147770418202505,-0.3853219467680642,0.01284553305288461,0.3913624615384615,0.2125790769230769,1031.25,0.07234060626335613,0.050262501444811356,1.2301077156655527,-0.05275641870666644,882.2038769641532,0.009865431819921376,151.80382272107192,11.663404424253347,496.18319059710626,0.07119097973154444,0.00506815559513717,normal,baseline,12000.0
CWRU,DE,82,0.05882526021634611,0.9428281108878864,0.05551439208082774,0.0009660110161314032,0.0006914851985712438,4.519068237464355,3.097000989548228,3.8371584813002406,-0.3179064389015194,0.013297600961538454,0.43830092307692303,0.2257218461538461,1031.25,0.07288400840542614,0.04994875808303759,1.2389916871999394,-0.021432132674805378,868.6516781631367,0.00940132320618237,153.24438457312746,11.746284983018942,500.31239487749536,0.07166067603581423,0.00513525248990992,normal,baseline,12000.0
CWRU,DE,83,0.06020367007211534,0.9450923674873171,0.05318622242308657,0.0009541112941361996,0.0007672983550037202,4.540711769955969,3.136698588661093,3.867119213029547,-0.36589338275780614,0.013963173677884608,0.4585366153846153,0.2328147692307692,1031.25,0.0742228692525241,0.05127274775976956,1.232862866393623,-0.02088397938389413,861.5129971941225,0.00938486854812073,159.08924621854518,11.848339820125453,498.1650572724457,0.07289762753971159,0.005314064100918518,normal,baseline,12000.0
CWRU,DE,84,0.061948990384615335,0.9440240778495942,0.05443618138862779,0.0008414936272967092,0.0006982469169968752,4.380063274873343,3.0641829629234785,3.7581689029202865,-0.44667635121835625,0.01411148617788461,0.43162523076923065,0.2328147692307692,1031.25,0.07597939550210313,0.053153289032679886,1.226483192548884,0.018176553028637805,888.189928405126,0.009000293004041655,158.67754324912286,12.010063048540744,482.99636009735985,0.07465744771097108,0.005573734498716381,normal,baseline,12000.0
CWRU,DE,85,0.05942798347355764,0.9396072464032368,0.05877868488120565,0.0008806256942742801,0.0007334427986939845,4.508037908782558,3.1110895361369386,3.8473871764502237,-0.3625561230461969,0.012826892127403839,0.4362147692307692,0.2286424615384615,1031.25,0.07349272943856461,0.05071884180322004,1.2366687399256118,-0.01708931652799255,856.2131879418077,0.00909745262193732,152.38521360694034,11.630530106509914,517.725275101886,0.07236471597872825,0.0052366521186820066,normal,baseline,12000.0
CWRU,DE,86,0.05866716887019226,0.9382213468235376,0.05957690113988752,0.0011349496200665583,0.0010668009847399139,4.401748217688304,3.062186028450454,3.7657125196634413,-0.39604205183169006,0.013707090144230761,0.428496,0.2209236923076923,1031.25,0.07214574498580853,0.050189988473197195,1.2297464898202117,-0.04974244234721766,887.6395981011383,0.01025619179764957,153.69451540181433,11.828155042608454,506.4012260365671,0.07083166099517396,0.005017124199335249,normal,baseline,12000.0
CWRU,DE,87,0.05971146814903841,0.9389956889904882,0.058994116580038516,0.0010469793069945337,0.0009632144932092006,4.9800054792763815,3.488337864486741,4.269330631156242,-0.40024033619538324,0.01371544290865384,0.4439335384615384,0.254928,1031.25,0.07308007707490484,0.05119030512332735,1.2238867899295107,-0.03163854350962835,898.8622534590168,0.010044257274894023,148.45365052340964,11.606585739261437,498.88994177796553,0.0717815038230148,0.00515258429109349,normal,baseline,12000.0
CWRU,DE,88,0.060158850360576874,0.9469920713284059,0.05130876963401636,0.0009123027962627463,0.0007868561888767919,4.978504732992978,3.43610663858036,4.237580978892154,-0.3818488134742615,0.012909706730769226,0.4487316923076923,0.254928,1031.25,0.07419094539665522,0.05120573619435777,1.2332507179238554,-0.021570652459781098,814.371324705146,0.009232507140369205,142.3565311191572,11.15345330862533,519.094911619575,0.07305912572002904,0.005337635850975008,normal,baseline,12000.0
CWRU,DE,89,0.060209068810096106,0.9452866761833881,0.05310212447257045,0.0009125858912613236,0.0006986132443360475,4.030889983534209,2.7912204600946082,3.4405959271095763,-0.3828422728285159,0.0130359149639423,0.4053396923076922,0.2071550769230769,1031.25,0.074216666108866,0.05139189552909782,1.2326492931314201,-0.07779034212827085,816.8878272196432,0.00859262477658697,144.1667451953789,11.18547631182461,521.5248111992296,0.07306283904535714,0.005338178449367763,normal,baseline,12000.0
CWRU,DE,90,0.0583747202524038,0.9453821435186368,0.052795185531301546,0.0009597873083940013,0.0008628829428385645,5.274678712931226,3.642319973668821,4.5028975467263255,-0.2601711783531653,0.011351101262019225,0.4610399999999999,0.2628553846153846,1031.25,0.07216702171023616,0.049833439896723404,1.2362718210587813,-0.03300192105017248,858.0136014704233,0.009151400272648543,149.00261856092766,11.384752950025796,506.5848267276328,0.07126872752242096,0.005079231522665083,normal,baseline,12000.0
CWRU,DE,91,0.05972460847355765,0.9478213882909673,0.050232753580325994,0.0010018452520166807,0.0009440100538090035,5.202527387554521,3.5171208508161853,4.4011236127527,-0.17000381271120535,0.01149085727163461,0.4547815384615384,0.2628553846153846,1031.25,0.07473595470976956,0.05052455566965143,1.2513427315786925,0.0515013726867498,815.2660634668488,0.009368643825337095,145.68976736375836,11.288142010774235,525.4976133965641,0.07384729599344615,0.005453423125543648,normal,baseline,12000.0
CWRU,DE,92,0.06284375480769226,0.9509607791911783,0.04735318264301386,0.0008261175064636845,0.0008599190858215674,4.381855984946991,3.0322289006519823,3.7411758603698244,-0.3952888722229151,0.013317158653846148,0.4251581538461537,0.2351095384615384,1031.25,0.07753687012579616,0.05365524090002301,1.2338039056238157,0.0029763297503855226,800.8701540167856,0.008165827924266194,136.21192636427534,10.889129983207107,524.9342762524408,0.07638468114938277,0.005834619514292871,normal,baseline,12000.0
CWRU,DE,93,0.061733855769230725,0.9444105969002972,0.053637994600607725,0.0009675094006132735,0.0009838969997856652,4.63866908094114,3.2434545937047887,3.9807804002323266,-0.3872612256153838,0.012757523437499994,0.4620830769230768,0.245748923076923,1031.25,0.07576764711116855,0.052978326064825255,1.2273273095786854,-0.010046621921638316,844.2656746031402,0.009832836797518589,146.89806810432978,11.494784344523282,518.4558645314313,0.0746858885232291,0.005577981944504206,normal,baseline,12000.0
CWRU,DE,94,0.059242898437499955,0.9472227368757788,0.050881341177459426,0.0009546036610667289,0.0009413163676277145,4.867066046632694,3.348817063883837,4.148158337259327,-0.2912447826171687,0.01293293149038461,0.4620830769230768,0.245748923076923,1031.25,0.07338380042530968,0.050492210445129616,1.2386936216959081,0.006434952130583327,906.4062458684165,0.009279355956875719,169.5567731938099,12.414794309343275,473.89813087970145,0.07223518151099712,0.0052179214479267,normal,baseline,12000.0
CWRU,DE,95,0.05937695012019226,0.9449243709216038,0.05282830364580079,0.0011061085275996907,0.0011412168722766548,5.210477609140469,3.6013483546993204,4.447973100478636,-0.3049940406325784,0.014145304687499994,0.4716793846153846,0.2641070769230769,1031.25,0.07333560958590672,0.05068769059860609,1.2350854908758198,-0.011369135282286436,860.5259620333636,0.009837084054622226,171.2680746071918,12.34056767357191,509.66186397269075,0.07195847405715551,0.005178021988634323,normal,baseline,12000.0
CWRU,DE,96,0.057726056790865336,0.9417083271961673,0.05644718540529246,0.0010163100961676308,0.0008281758512562379,5.372934367802632,3.6922500400646383,4.5751795914262,-0.15629389658662785,0.013914177584134607,0.4716793846153846,0.2641070769230769,1031.25,0.07153011688191445,0.04915509083932636,1.239130487312854,-0.042943566980306075,829.1649640655697,0.009240045348923663,157.50799019793288,11.876875146403192,522.6963737541329,0.07016376047004257,0.004922953283297509,normal,baseline,12000.0
CWRU,DE,97,0.05720217548076918,0.936769072138402,0.06112878481081688,0.0011052510311652171,0.0009968904368574869,4.734258151542579,3.268451381318494,4.033563644134199,-0.36838717296974366,0.013270709134615376,0.4245323076923076,0.2307286153846153,1031.25,0.07059264112153914,0.04873595989045005,1.234090146541222,-0.03744525539502647,938.4034318600163,0.00956976765491182,160.4159276211109,12.120585751787369,472.0004446532979,0.06933404113117059,0.004807209259578854,normal,baseline,12000.0
CWRU,DE,98,0.058093476562499954,0.9379264210194039,0.06001693253517098,0.0012141825074032078,0.0008424637107453607,3.904882827691523,2.7037808506874885,3.3360663498798924,-0.34737261255209173,0.013659621995192302,0.385104,0.1938036923076923,1031.25,0.07167877243394706,0.049631115928327245,1.2338523475494076,-0.09164113907857264,909.3860123664653,0.010024799739704873,163.1080945633323,12.228351566461152,486.09613833510195,0.07036519839086669,0.004951261144586027,normal,baseline,12000.0
CWRU,DE,99,0.05808308653846149,0.9417503725473916,0.05659887563767845,0.0008584455056659538,0.0007923057591889308,3.8544604972802383,2.6818748668499253,3.3043380661092114,-0.31414843043567897,0.013884739182692302,0.3823919999999999,0.1919261538461538,1031.25,0.07156417184802745,0.04979326003770945,1.2321000159080568,-0.10273528664430956,886.2414076381773,0.00927739976679384,151.71201103821,11.793695170003806,492.7267719379632,0.07020430692003599,0.004928644710122613,normal,baseline,12000.0
CWRU,DE,100,0.057180784254807646,0.9391375034236265,0.05883896612382749,0.000993842646453042,0.0010296865370653218,4.297224707195039,2.9840050998582597,3.673886167275321,-0.3736738657039167,0.013044573317307684,0.3934486153846153,0.2100756923076923,1031.25,0.07040058085613557,0.04888636425178162,1.2311929920796152,-0.0494469093242719,910.262513183511,0.010285305884779484,167.53791768441786,12.475788066161627,487.54048516381414,0.06918150686311093,0.004786080891850666,normal,baseline,12000.0
CWRU,DE,101,0.05616785877403842,0.939558312401134,0.05810034536787917,0.0012306429451209525,0.0011106980712712266,4.368951142926298,3.044955445312894,3.740140658607272,-0.3628090165150968,0.013594022235576916,0.3934486153846153,0.2100756923076923,1031.25,0.06899138462963793,0.04808378153823547,1.2283071873397946,0.005994719033501132,898.0691718862483,0.011458201840420781,150.04788923680215,11.777139427692399,502.4263720495809,0.06763884765852594,0.00457501371257328,normal,baseline,12000.0
CWRU,DE,102,0.05799792908653841,0.9432558577292222,0.054771044544927795,0.0009263334003489555,0.001046761840638525,4.28604436010836,2.996205927446385,3.6688843146484227,-0.4075094852847352,0.013320010817307687,0.4207772307692307,0.2127876923076923,1031.25,0.07101904790938306,0.04964663788554735,1.2245100648924188,-0.011358506475132625,895.5228837805524,0.009681624710828585,135.02829353318674,11.153239662595595,497.0453449268071,0.0697587448122603,0.004866282477782052,normal,baseline,12000.0
CWRU,DE,103,0.05674919080528841,0.9410696399783041,0.057012361206338395,0.0009567113671126303,0.000961283839721597,4.416514457995298,3.024601758330169,3.7496163255928363,-0.2936515941282609,0.011901772536057686,0.41785661538461527,0.2127876923076923,1031.25,0.07035230066954955,0.04818000582393176,1.2397057944127279,-0.006459553952677785,895.5429062534906,0.009876842743424324,140.4733469926516,11.342964503724973,494.9540481823686,0.06933825798214607,0.004807794019998644,normal,baseline,12000.0
CWRU,DE,104,0.05702646183894226,0.9402153386408149,0.058010135136283184,0.000960741126814598,0.0008137820545339199,4.465086200067571,3.101396582645555,3.8228406584082837,-0.32414240959678775,0.011502265925480764,0.4053396923076923,0.2180030769230769,1031.25,0.07029190595712716,0.04882393466889348,1.2326190980539877,-0.042803700646917374,911.7216285628352,0.009682835354984773,141.35227115067602,11.446655274282884,483.71605842493676,0.06934442963688672,0.004808649921665133,normal,baseline,12000.0
CWRU,DE,105,0.05760850691105765,0.9420738389792077,0.05619289835006236,0.0009357178273835475,0.000797542370496207,4.404413652628178,3.091678852101639,3.784216752217759,-0.41530127711048825,0.010806338040865381,0.4053396923076923,0.2180030769230769,1031.25,0.07051284669327293,0.04949650376117404,1.2240005942549148,-0.10026338370777474,883.1219469591555,0.009618803337211922,151.01886941654377,11.805129618330371,492.11790662907134,0.06967987232289936,0.004855284606935557,normal,baseline,12000.0
CWRU,DE,106,0.05870771033653842,0.9472041024008411,0.05078057349523466,0.0009760618933944594,0.0010392616006398214,4.745932705111002,3.274016515709878,4.04738869417358,-0.3268907565128085,0.010984496394230768,0.43809230769230756,0.237612923076923,1031.25,0.07257535871819001,0.05006664397517316,1.2362151121574345,0.05447055878866629,830.7111014826484,0.009412630452828,134.42034820667521,10.937428947285358,513.6627157226545,0.07173927468297327,0.00514652353203909,normal,baseline,12000.0
CWRU,DE,107,0.05957802764423072,0.9426621036533868,0.05509835333254444,0.0011139457250678253,0.0011255968837157412,4.672525608970308,3.2208878145196875,3.9882643395955455,-0.27854040808524827,0.012671347355769226,0.43809230769230756,0.237612923076923,1031.25,0.07377249279089121,0.05085320936941555,1.2382500010141746,0.06625787346316803,879.572320773033,0.009654528995123384,156.27430383380369,11.952885284689472,501.0373740252673,0.07267611470608164,0.005281817648771536,normal,baseline,12000.0
CWRU,DE,108,0.05708187530048072,0.9419299372408697,0.05610235226676268,0.0011506101246384027,0.0008171000789252558,4.534885758804191,3.126635898921263,3.8666402559696236,-0.24042456493541486,0.013195228665865377,0.41201538461538456,0.2207150769230769,1031.25,0.07059187064257369,0.048670482270600245,1.2366774965078835,-0.09656890252052458,903.6684032215963,0.009323019279099506,152.43058944091644,11.84284671117587,483.059311080229,0.06934766139729141,0.004809098141273381,normal,baseline,12000.0
CWRU,DE,109,0.05728682361778842,0.9422477544995698,0.05604486666671521,0.0009330062844584383,0.0007743720574245167,4.826588838829555,3.323814619692907,4.111360245807635,-0.25270918537409326,0.011485152944711533,0.4211944615384615,0.2355267692307692,1031.25,0.07086038067084799,0.04879776941760059,1.2369402978880606,-0.01586609412193421,899.8579390524529,0.009375706300416993,143.0467555262567,11.508348796041803,482.1883662378871,0.06992342104512672,0.004889284810654071,normal,baseline,12000.0
CWRU,DE,110,0.05708920943509611,0.9435485600416402,0.054632989982820096,0.0010735479780501797,0.0007449012130928032,4.832621787921548,3.3267713738666336,4.125591710961354,-0.1801485988392315,0.011790538161057688,0.427452923076923,0.2355267692307692,1031.25,0.07079740167326906,0.048736851251102435,1.2401187960705184,0.04562926690878973,896.8559346165238,0.009959318077249972,145.74707802518068,11.645470050853985,482.9232117850027,0.06980870499843729,0.004873255293558843,normal,baseline,12000.0
CWRU,DE,111,0.05863508203124995,0.9477693464599798,0.05028534724158277,0.0010088908530793148,0.0009364147271084319,4.981176076620547,3.3935713062810744,4.2409685438660825,-0.013745130631024782,0.012699970853365378,0.4839876923076922,0.2486695384615384,1031.25,0.07327665047181484,0.04992185271841403,1.2497066249990332,0.026615646004047113,840.180773982405,0.00927728724472879,126.05567374120056,10.737142247070153,510.829520975868,0.07216770915507982,0.005208178244692193,normal,baseline,12000.0
CWRU,DE,112,0.057885472355769185,0.9477652481417733,0.05059618870441055,0.0008805362983224593,0.0007580266268692498,5.050851492391619,3.428345301229558,4.295888559623278,-0.011884473832394882,0.012375537259615378,0.4839876923076922,0.2486695384615384,1031.25,0.07253339923850563,0.04923319144031917,1.2530501399851937,0.08325189165659164,834.2460675348823,0.009067445160911307,138.92612733617514,11.220057297552872,511.4908219869736,0.07146985436271941,0.005107940082628322,normal,baseline,12000.0
CWRU,DE,113,0.056803585637019184,0.9437268139692314,0.054205598140488295,0.001178180285635119,0.0008894071908178217,4.537016058175843,3.106877075353075,3.863548086872164,-0.1601285276972737,0.011406922175480763,0.4366319999999999,0.2194633846153846,1031.25,0.07063793619528513,0.048371745173770055,1.2435471353281973,-0.008380600149278173,908.0512431286156,0.0098469221298321,154.5696410620412,11.929063581911613,478.4558168876649,0.06971083241800874,0.004859600156411698,normal,baseline,12000.0
CWRU,DE,114,0.059483600661057644,0.9462125021965558,0.051909458009730354,0.001000234194901405,0.0008778052615434278,4.771352349479539,3.2847830348917415,4.068244750897756,-0.16880765372512796,0.01091614633413461,0.4591624615384614,0.2419938461538461,1031.25,0.07367118119624044,0.05071808335015185,1.2385124702861345,-0.05303020640229861,888.3770128289185,0.009193813663132029,138.87040025056584,11.309406365285048,485.0081038263096,0.07285794869512215,0.005308280688061051,normal,baseline,12000.0
CWRU,DE,115,0.06088350360576918,0.9500260300384925,0.04825415484770602,0.0008513116296539651,0.0008685033142060445,4.66274632385734,3.203794562757252,3.9747030282750564,-0.14603677891310474,0.0111992235576923,0.4643778461538461,0.2419938461538461,1031.25,0.07553350922275777,0.05189942350405465,1.2406235638449754,-0.10221276090321259,813.3236299909728,0.008615123966820834,134.70764226910492,11.000670984434805,515.0093092600149,0.07469865063847715,0.005579888407209263,normal,baseline,12000.0
CWRU,DE,0,0.20618910996366638,0.18084680426368355,0.4224288061861248,0.39071518124368565,0.00600920828827405,9.060386859527224,5.134991438190072,7.1910095762707,2.5088368612961123,0.015557684572261726,2.657926027944112,1.4827078642714573,3585.9375,0.2887459272559307,0.16364730195955737,1.4003936837731734,0.13700680632775386,2721.538926688988,0.07014237531484345,23.297721023208826,4.369416170088315,927.6349451758673,0.28832649714800274,0.08313216895763723,inner_race,7mil,12000.0
CWRU,DE,1,0.20249918343001494,0.18447148547836967,0.42828122992570494,0.3810041427705961,0.006243141783571576,9.21825254089038,5.185596543564202,7.322043670284186,2.6689388560990377,0.015303483111901193,2.6639361277445115,1.4827078642714573,3585.9375,0.2859281187449172,0.16084478676348396,1.4119964036483923,0.14112655109294217,2715.286710988137,0.0720833111940707,27.92449597502672,4.7381406613220785,934.3263840900479,0.2855182874942535,0.08152069249365121,inner_race,7mil,12000.0
CWRU,DE,2,0.20219485550383604,0.1811850120151133,0.4331186696261492,0.37975890409472457,0.005937414238962099,7.4465956679468555,4.251582898803737,5.95369621797399,2.4004803254843567,0.015594962165512722,2.38503500998004,1.203806746506986,3585.9375,0.2831431904681194,0.1616586693015514,1.4003481431937206,0.1106431485013776,2714.8578183626573,0.0701365330574677,29.31096264440145,4.825689774250062,926.3300042127531,0.28271339455979433,0.07992686346352196,inner_race,7mil,12000.0
CWRU,DE,3,0.20379993349239017,0.17592473787736795,0.4115149056651426,0.4070081332468538,0.005552223175668474,7.926593079693414,4.567871009954323,6.349956334460907,2.2543945126595952,0.0155269900433508,2.4664150099800395,1.2941206786427144,3585.9375,0.2833093745034747,0.1632631656036478,1.3901347740825116,0.09605866691929915,2748.0704343148823,0.06937819783346108,33.92201692324887,5.061732531778349,929.4008007818638,0.2828835701516505,0.08002311426174376,inner_race,7mil,12000.0
CWRU,DE,4,0.20908787906608653,0.1780572855303157,0.4247039191453365,0.3914575622483901,0.005781233014727854,9.308957537528919,5.388856771135869,7.482859248699743,2.4959365068350063,0.015273264467159431,2.7368695009980044,1.5645751696606789,3585.9375,0.2903352670349218,0.16807200627493663,1.3885800952773324,0.11769635597499493,2729.844362744244,0.06833385164959026,46.21607713067058,5.874478404795774,927.5918562938897,0.2899332590041294,0.08406129467675558,inner_race,7mil,12000.0
CWRU,DE,5,0.20979543951160173,0.18182783234840005,0.40688164196748483,0.40539598429112755,0.005894541347729149,9.296844502902303,5.341777597439242,7.463042186302044,2.7816316239615766,0.015622642761352295,2.6860273053892216,1.5657122155688623,3585.9375,0.2931069643033133,0.16841329497122126,1.39710836892193,0.1697018899789897,2735.9573519005803,0.06774427655117708,55.91356423480565,6.354728161022548,940.8893621151757,0.2926903236464351,0.08566762555625494,inner_race,7mil,12000.0
CWRU,DE,6,0.20750500900542662,0.17570239548739305,0.40296647721528667,0.4155798916337426,0.005751235628889311,9.447091930502584,5.382407956374846,7.545418894094823,2.6801143780358005,0.01476938244604541,2.7206259880239516,1.5657122155688623,3585.9375,0.29089437817779223,0.1657348342841379,1.401866776961441,0.08777098210582016,2750.4169971423803,0.06907991187280081,37.03477257582629,5.149025757615873,934.2597121301509,0.2905191983287969,0.08440140459760684,inner_race,7mil,12000.0
CWRU,DE,7,0.207718601683352,0.1607461039044656,0.3991224507634664,0.43457577011453535,0.005555675172025242,9.414216528383701,5.319769623645969,7.48995833809035,2.6600154429093195,0.014529298882703344,2.71071744510978,1.5558036726546904,3585.9375,0.2924569638766428,0.16526108869112677,1.4079478751858088,0.09836485181749831,2788.0059158781432,0.0666865441947982,29.126349735655594,4.729416565601263,911.6778767300374,0.2920958322090903,0.08531997519392102,inner_race,7mil,12000.0
CWRU,DE,8,0.20740832520505859,0.17171447136677248,0.4032038421383753,0.41986899246795517,0.005212694008131793,9.407615752406414,5.323083012241982,7.501163085505428,2.727599917144193,0.015191095133950849,2.7659453892215566,1.5558036726546904,3585.9375,0.2922749220849395,0.16537704277055798,1.4091764243116844,0.12910363237762804,2759.0475340974685,0.06619357459010425,32.777685624277524,4.9069718845633075,925.7785896514612,0.2918798737638289,0.08519386070838869,inner_race,7mil,12000.0
CWRU,DE,9,0.2041636676256861,0.16869131026679413,0.41708386771632416,0.4084342319902195,0.005790589995557362,9.704908328700283,5.520419316981781,7.761198204588912,2.9013089696073973,0.014866938700723552,2.7946964071856284,1.5845546906187624,3585.9375,0.2870352050512528,0.16327353509695355,1.4059073702452458,0.15069430372094705,2760.508437659078,0.0669146960002469,50.31810115621692,6.01305691909681,918.3898757000452,0.2866499312270695,0.08216818307248368,inner_race,7mil,12000.0
CWRU,DE,10,0.20493420340958704,0.17295360384146968,0.40866490663177096,0.41226011976512544,0.00612136970708498,9.670064559124116,5.517454055644114,7.7320167363757655,2.782621074996082,0.014531043791323603,2.733458363273453,1.5845546906187624,3585.9375,0.2871894672141098,0.16386185231035172,1.401374013883496,0.1565815091546902,2751.9700518305885,0.06579463877291104,60.592155065670525,6.535418724619399,925.8356844608589,0.2868216150241451,0.08226663884505891,inner_race,7mil,12000.0
CWRU,DE,11,0.20661455041089694,0.16922700408458785,0.42423358812054984,0.4006348582792486,0.005904549445110324,9.101129051972324,5.251188070429953,7.294914931522574,2.457611573974064,0.014321020244666915,2.6655604790419165,1.5072355688622756,3585.9375,0.2870275352257317,0.16560973482027921,1.3891932327849925,0.11343908466363084,2745.170238556029,0.06030507205002209,75.387178858493,7.3364489264815935,911.4544843237272,0.28667004440106836,0.0821797143569105,inner_race,7mil,12000.0
CWRU,DE,12,0.2069924024412113,0.17709620511337779,0.4106368966762453,0.4067797108232503,0.005487187359831311,9.14828292133423,5.246811659780102,7.300432258160928,2.410890119112442,0.014170164963042665,2.669458922155689,1.511134011976048,3585.9375,0.28800995918336064,0.16518225605506925,1.3914035287607207,0.1387596643149353,2739.4344831656267,0.05408594681249122,105.00070106856707,8.63519817595256,920.693817117705,0.28766116007156967,0.08274894301372124,inner_race,7mil,12000.0
CWRU,DE,13,0.21000506648811745,0.16535349528655882,0.4178653742114124,0.4108964707087641,0.005884659775944475,9.028949353812372,5.1682348670566345,7.1957026430195725,2.2339364448433807,0.014444432872536175,2.7235498203592816,1.511134011976048,3585.9375,0.292388804078607,0.1673654323177689,1.392294047796942,0.12443411575426695,2759.0079494675138,0.06415921533199388,84.89513267500126,7.7304905025639945,904.6568261851723,0.29203179811367946,0.08528257110950885,inner_race,7mil,12000.0
CWRU,DE,14,0.20816640868653313,0.1791589430135848,0.4239260854362577,0.3912188271834034,0.005696144363809903,8.982269903905092,5.14551400488232,7.171084190452969,2.339403322861795,0.014251858412082085,2.705194650698603,1.4927788423153694,3585.9375,0.2901126769646233,0.16619171526635773,1.3936575012037065,0.15969352484239055,2718.2657520866055,0.06638976338863056,62.5740310183632,6.755521940507469,929.3540247262684,0.2897624024392775,0.08396224986738181,inner_race,7mil,12000.0
CWRU,DE,15,0.20750025016373497,0.17346798411145603,0.42598454042512524,0.3949272912164196,0.005620184235804832,9.01454770581534,5.17538899133546,7.19410622945005,2.228610828390213,0.014021292532123251,2.5861297005988026,1.4927788423153694,3585.9375,0.2884379985378011,0.1655966434513812,1.3900609676865427,0.15269696737603158,2735.7897178069034,0.06495028114913912,85.5109460747243,7.878075152420374,918.8604015484921,0.28809700164392754,0.08299988235622119,inner_race,7mil,12000.0
CWRU,DE,16,0.21005622403630236,0.17573261361377124,0.4272609316124944,0.39224292205316585,0.004763532683778897,8.087675157447142,4.693515526405769,6.478653623378839,2.0001792362855744,0.014286518642402692,2.4542323752495006,1.3608815169660675,3585.9375,0.2899492947897441,0.16826609507343604,1.380341363937088,0.13851607938806162,2725.6698059906657,0.05958301182652302,103.05235339154422,8.64691758575721,922.922062449561,0.28959711485812534,0.08386648893415025,inner_race,7mil,12000.0
CWRU,DE,17,0.21119533210921904,0.175442685578398,0.4374886871407428,0.3814485741648266,0.005620053081093537,8.454091504563008,4.896158079919659,6.763665260363817,1.9770128421329867,0.0142765250748503,2.5172572055888223,1.4284545309381238,3585.9375,0.2917500839681964,0.168966059826432,1.381422974904193,0.12295384014025675,2715.768591828055,0.05929242330237719,82.01718611956505,7.750172106982582,919.3239401798943,0.2914005702246254,0.08491429232723682,inner_race,7mil,12000.0
CWRU,DE,18,0.21198886896129612,0.1681708504956632,0.4270894585788311,0.3992245316902256,0.005515159121225337,8.484715757678678,4.892031438715236,6.78049026874276,2.036025076665675,0.0145186708029254,2.605297045908184,1.4373884630738525,3585.9375,0.29382240917309904,0.16940914747474176,1.3860275334868817,0.14098787631625165,2739.1195914048,0.05301986556140855,91.89499858057066,8.238035056315079,908.11758219089,0.29346348381084875,0.08612081633040028,inner_race,7mil,12000.0
CWRU,DE,19,0.21105335999875247,0.16763727394580685,0.43665185256557754,0.38972636996346177,0.005984503352417366,8.484110455547087,4.9345441462511515,6.81054527197458,2.025826578077891,0.014460533620259479,2.6317739720558886,1.4373884630738525,3585.9375,0.2912910332691741,0.16942123403568587,1.3801771896495556,0.11332779953536384,2732.678219553413,0.059750626876647846,90.86707381993887,8.186676755981253,905.0803840915746,0.2909318803954638,0.08464135903044044,inner_race,7mil,12000.0
CWRU,DE,20,0.2091667965241392,0.17657764736537793,0.4273674478394828,0.39024424771837035,0.005810657010584446,7.804979916985865,4.563662218716206,6.275557618350994,1.9114734207689574,0.01377716395334331,2.50702379241517,1.3126382834331338,3585.9375,0.28762827319906015,0.16817958500783045,1.3751143966383115,0.1075655007962827,2721.9945380775007,0.060555441156576295,95.52291649247302,8.27222064572141,923.2832064624693,0.2872981261631824,0.08254021329687587,inner_race,7mil,12000.0
CWRU,DE,21,0.20812302391311124,0.18114283113874072,0.426865625307781,0.3861569330607036,0.005834610396711379,7.895878143179584,4.54253298464575,6.307030614648112,2.051928889918212,0.014100765188373254,2.413948463073852,1.3126382834331338,3585.9375,0.28896615343685833,0.16624348294521027,1.388439145288885,0.17725048914808905,2713.845399117653,0.061416738142422836,115.74978936660278,9.087496074499967,930.3280905488934,0.28862190882397737,0.0833026062531963,inner_race,7mil,12000.0
CWRU,DE,22,0.2100271951019835,0.17054547417099503,0.4185326993961396,0.40532912163230395,0.005592704673038579,7.7724298819703215,4.477475816836502,6.215819513709355,2.1042994732797675,0.014347114559942614,2.406801317365269,1.3054911377245508,3585.9375,0.2915685513734226,0.16796435060197765,1.388241895207165,0.15536654690641782,2743.7638057904,0.0596804632314822,111.36638594006801,8.900004401874103,921.930699587298,0.2912153506493091,0.08480638045380004,inner_race,7mil,12000.0
CWRU,DE,23,0.21130962362384603,0.17915490906487433,0.4333490484336515,0.38202407099564,0.0054719714002243285,8.889907351681973,5.137704265447739,7.119761730941385,2.1699739257018225,0.014135901302863022,2.7399557684630738,1.5044741716566867,3585.9375,0.2928300450795946,0.16923395398176336,1.3857866009967617,0.1361412245155011,2712.217491139047,0.06098172093403129,72.85570773413447,7.373178633193778,921.9655553893441,0.2924886520801673,0.08554961159567313,inner_race,7mil,12000.0
CWRU,DE,24,0.21367571971291788,0.17124948644035293,0.44678285257233225,0.37667971561096464,0.005287945329691599,8.804293002794953,5.068075521043682,7.040922448643251,2.22286667111299,0.014898109113803642,2.7399557684630738,1.5044741716566867,3585.9375,0.29685314778949196,0.17087961193239323,1.3892694415084987,0.12889717495960815,2716.9661966931417,0.05970859664255537,72.75036228176384,7.262726314480607,904.8136372768216,0.2964790678907419,0.08789983769736315,inner_race,7mil,12000.0
CWRU,DE,25,0.21373393620961198,0.17481243924510326,0.459219763144727,0.360359624390639,0.005608173212735823,8.631894532206521,4.962044005465101,6.893847032467575,2.141322090250841,0.014173972036395957,2.5939265868263472,1.4734490618762477,3585.9375,0.296943973139581,0.17069822347558253,1.3893159804457245,0.17866169430282286,2702.041631469001,0.05570705935178706,83.51150630859854,7.8440448426162295,904.8875938986093,0.2966054984329044,0.08797482170063164,inner_race,7mil,12000.0
CWRU,DE,26,0.211508305264471,0.1639367124074267,0.4278897107544281,0.4027952319809919,0.00537834484939489,8.78372240004237,5.097500049664686,7.031667366652669,1.9954043042254597,0.014065867015968065,2.6684843113772456,1.4872560479041916,3585.9375,0.29176185059616105,0.16931956409471885,1.379434487129669,0.14696586229121517,2755.1199760274426,0.05439069666982116,103.6128532532222,8.70703224041689,905.9186001015013,0.29142259495170536,0.08492712884838571,inner_race,7mil,12000.0
CWRU,DE,27,0.21588493265422276,0.1728661772126315,0.42564031650528,0.39587905776055804,0.005614448485730073,8.551134892404527,5.0122057413572065,6.889114629812034,1.9496701233167313,0.014781834748471808,2.6684843113772456,1.4872560479041916,3585.9375,0.2967268553308572,0.17392498967888279,1.374467646642653,0.13261223463730432,2738.634581262815,0.05650984132436457,114.1070363250516,9.055209221993112,918.9464536283479,0.296358438442384,0.0878283240360083,inner_race,7mil,12000.0
CWRU,DE,28,0.21649842666230035,0.17395900629293404,0.4172238956774503,0.402602696546846,0.00621440145310751,7.865138475425981,4.616539358241709,6.341393504481918,1.868553384295227,0.014648031982909183,2.524079481037924,1.3729017165668662,3585.9375,0.2973876339028463,0.17455531404264424,1.373624919532182,0.15453444120939905,2740.1013813579425,0.061957301716529835,98.3208438907494,8.321906962146839,924.146634469277,0.29702666539784106,0.08822483995736102,inner_race,7mil,12000.0
CWRU,DE,29,0.21484663271114018,0.16585991427427071,0.42730251380479223,0.4013961797519412,0.005441392071803387,7.956044544789018,4.63515108364939,6.390147703235001,1.9214648244752786,0.015031118739084331,2.524079481037924,1.3729017165668662,3585.9375,0.2961935202953386,0.17256083834599414,1.378627705529687,0.11733349284409411,2748.241281316285,0.05858600440668285,104.53702883265395,8.70003334908209,907.6037685395253,0.2958118776087206,0.08750466693439668,inner_race,7mil,12000.0
CWRU,DE,30,0.21375828561626742,0.1700918813157176,0.44093331062298874,0.3830455787300002,0.005929229318515142,8.188169370651353,4.775888802966108,6.5853018528523,2.0289812500816886,0.014488928042352793,2.522292694610778,1.407662834331337,3585.9375,0.2947436367147191,0.17191423022791727,1.3788641495929388,0.1028053327913278,2731.017844887054,0.06343836646255727,83.6358673821676,7.7368536697142645,910.6721714615735,0.2943872999094931,0.08666388234800182,inner_race,7mil,12000.0
CWRU,DE,31,0.21250536191289293,0.1726080458396266,0.43704204749456793,0.3850506128737031,0.0052992937769395475,9.600620261428801,5.575893081951909,7.712607551773959,2.4044096399466657,0.013931271110123503,2.798757285429142,1.6389704590818364,3585.9375,0.2939386453421906,0.17071505949115817,1.383205782180111,0.1338075570659503,2734.1983083958057,0.06124337426967184,74.17959730169025,7.352298082365356,914.3137033392541,0.2936083222779258,0.08620584691085835,inner_race,7mil,12000.0
CWRU,DE,32,0.21319325247941612,0.17701932627401024,0.4153396912989747,0.4020914279465421,0.0055495544732409845,9.573399845662347,5.564166238996486,7.687722008181659,2.4129889656747014,0.015001296664483531,2.798757285429142,1.6389704590818364,3585.9375,0.2945581401927038,0.17120046018180726,1.3816485126382858,0.13681827027769008,2741.9602151793492,0.06769563502973042,56.044704319627584,6.189329446016631,928.7646567791402,0.29417589814967626,0.0865394590521687,inner_race,7mil,12000.0
CWRU,DE,33,0.20952339239489765,0.18022642274685666,0.4397065118868799,0.37379185889830047,0.00627520646356327,9.314202948782002,5.3926650957391615,7.471181749286634,2.4999818484805267,0.015375500249500995,2.703570299401197,1.5653873453093812,3585.9375,0.2902808384199903,0.1680645519447355,1.3854340324582264,0.13009685684069064,2713.607314393358,0.07157282336620187,22.605982588965322,4.24009841946049,930.2769592400803,0.2898733501822651,0.0840265591458901,inner_race,7mil,12000.0
CWRU,DE,34,0.20809930901868134,0.1944850210210155,0.44530934040822734,0.3539698932242206,0.006235745339616779,9.430588727940151,5.360327697542838,7.522309193101907,2.8082855431532883,0.014557851932853041,2.703570299401197,1.5653873453093812,2613.28125,0.29203202371880194,0.16599041591874153,1.4033300979994405,0.18702575627200368,2669.2268360295775,0.0753289803429174,13.969317014412905,3.494623393446166,948.0479302773135,0.2916689421662856,0.08507077182440004,inner_race,7mil,12000.0
CWRU,DE,35,0.20772129836031059,0.18706005126694428,0.42903460363609963,0.3772503838437001,0.006654961233341902,9.82889944980771,5.565299151199489,7.826897031775435,2.8924857512803426,0.014359884118481787,2.800868942115769,1.6258132135728545,3585.9375,0.29213402000545524,0.16541152159254835,1.406374899018412,0.15404050976950098,2709.0524216712997,0.07533303914113332,27.825246943406817,4.648862401270671,940.7756428151246,0.29178087561156485,0.08513607937265148,inner_race,7mil,12000.0
CWRU,DE,36,0.2071040765929079,0.17218283204665194,0.4231291816153426,0.3980719988175653,0.006615987503006077,9.832478851200209,5.584234325922944,7.85022313572619,2.9369528302581287,0.014446653665325597,2.800868942115769,1.6258132135728545,3585.9375,0.2911434439678792,0.16535130542125684,1.4057832600763456,0.12129805626831942,2748.07991770757,0.07659531177663438,13.92530825881975,3.4216393497295963,925.4782752506005,0.2907847987143615,0.08455579916335176,inner_race,7mil,12000.0
CWRU,DE,37,0.20761398648016463,0.17373303815990926,0.4262129311855482,0.39382070813808895,0.006233322494962169,8.76675961159233,5.040071135729937,7.025080798588031,2.381368520743944,0.014599015913485527,2.6044848702594807,1.4585050299401197,3585.9375,0.2893818342365299,0.1663676312068066,1.3938455647552308,0.12448083069456799,2744.9910626987803,0.0740791858775814,20.546407144709175,4.06924950550895,925.0105407454525,0.2890133469590225,0.0835287147204563,inner_race,7mil,12000.0
CWRU,DE,38,0.20731180003274696,0.17845403079786595,0.4098525740842133,0.4057873630145039,0.005906032046333118,9.647966489077778,5.5141869916493755,7.727178333543756,2.5590907607033246,0.014735277413922152,2.7141285828343316,1.601935249500998,3585.9375,0.29051159344558886,0.16603864154322145,1.4013268583828786,0.19229532965249552,2738.7957359906727,0.07234621904351722,29.83248137939671,4.708993770839476,936.8545004476575,0.29013765271992853,0.08417985752582985,inner_race,7mil,12000.0
CWRU,DE,39,0.2100118081805139,0.17667533257461418,0.42107340046700176,0.39649994343507017,0.005751323523134786,9.45439320827526,5.4901868608343145,7.6278341840858195,2.456132010904848,0.014553806917415169,2.687164351297405,1.601935249500998,3585.9375,0.2917815531796964,0.16943818754003726,1.389357844721274,0.17937898906078456,2741.079627704432,0.06593593797483067,32.31944424812834,5.026388274721359,926.7831930690261,0.29141836160435497,0.08492466148016659,inner_race,7mil,12000.0
CWRU,DE,40,0.21153765145490266,0.17720495326203203,0.4205486712493471,0.39657738033034495,0.0056689951452643115,10.042607869800996,5.77561525848927,8.048898237404813,2.5116668300712,0.01469784119261477,2.997253013972056,1.7026450299401197,3585.9375,0.2947989008508647,0.1695421201359582,1.3936001407943792,0.14794372722375113,2741.9582541959176,0.06614593374521809,49.48908241075854,5.967823840440114,929.0407031314678,0.29443227643577835,0.08669036540715461,inner_race,7mil,12000.0
CWRU,DE,41,0.20511059780828964,0.17312047864495525,0.42530010466580637,0.3955293738008721,0.006050042870278355,10.444376277090315,5.889687147896206,8.301107052164744,2.8062270028795853,0.01424805133872879,2.997253013972056,1.7026450299401197,3585.9375,0.2890892142799646,0.1630202689723907,1.4094308990809294,0.18857321611257874,2747.7968496452977,0.06365390774576901,59.094135874284376,6.56242490754085,920.5809086969098,0.288737886059409,0.08336956684605623,inner_race,7mil,12000.0
CWRU,DE,42,0.20414415637475045,0.17481646017516092,0.4167938295534643,0.40238208533952974,0.0060076249145715275,10.197706488422149,5.7421583148157715,8.088967905163894,2.7329785851990334,0.01412662156156437,2.7401182035928144,1.6513155289421158,3585.9375,0.28757749933181626,0.1619300899488447,1.4086981691697607,0.1988823365440372,2741.9646676869593,0.061441466231086726,82.39490719345909,7.747655993904165,923.1018092772813,0.28723031992670467,0.08250125668519712,inner_race,7mil,12000.0
CWRU,DE,43,0.20995462276618632,0.17271829742825257,0.42505760961527317,0.39640949281637,0.005814600133514122,9.8450953797627,5.613550847812355,7.865106789199328,2.6146928799736973,0.014548968761695358,2.7536003193612775,1.6513155289421158,3585.9375,0.2941659519456649,0.16772976444052673,1.4010929984297589,0.1677750816322789,2740.7641294998466,0.052686944236185265,89.1559440125787,8.016828682777705,911.8177778404804,0.2938059475096964,0.08632193479207047,inner_race,7mil,12000.0
CWRU,DE,44,0.21152543709456084,0.17600584910079967,0.4181866958442221,0.3997875697814737,0.006019885264085122,9.513900050885761,5.495577154144283,7.6354528192652555,2.301491556630781,0.01421132894367515,2.7173772854291416,1.61509249500998,3585.9375,0.2938895132774214,0.16976134775134746,1.3893814252989363,0.14034190726202225,2741.9009223704247,0.05438906345637152,86.69693633966374,7.9174584911478005,926.9175093886361,0.29354571048491634,0.08616908414409431,inner_race,7mil,12000.0
CWRU,DE,45,0.20865038288657056,0.1728539266552905,0.4152214912347778,0.40627084028638283,0.005653741817709307,9.701359937262525,5.541298093622641,7.740663940636042,2.3485729976686356,0.013904462968594062,2.668646746506986,1.61509249500998,3585.9375,0.29146464740252015,0.16648104033399236,1.3969044454664157,0.19862430361701947,2748.087178637439,0.05685796901900239,104.5740856235455,8.725121492272384,922.3958201362053,0.29113279889945476,0.08475830659503038,inner_race,7mil,12000.0
CWRU,DE,46,0.20915640638644584,0.17062705651109958,0.3975783175480232,0.4267061917910586,0.005088434135961317,9.999576512659699,5.670747157978802,7.954922647016554,2.5081716865842223,0.01377597424292041,2.765133213572854,1.6638230339321358,3585.9375,0.2934045528006162,0.1663893497715325,1.4027997414456916,0.17323048974842647,2766.946316823404,0.055816789563104756,94.37203805912877,8.274109055002118,925.4609660298418,0.29308096856975885,0.08589645413778797,inner_race,7mil,12000.0
CWRU,DE,47,0.2091132595551085,0.1666864315560574,0.4046431898928368,0.42324342495908024,0.0054269535257634935,10.002571320485735,5.6757813200973395,7.956564004941358,2.617073528000878,0.014035331115113523,2.765133213572854,1.6638230339321358,3585.9375,0.29314431619144926,0.16633953216854833,1.4018447075767364,0.14912703321500193,2770.126365732482,0.05909251502266763,78.18666699709699,7.418863609417033,913.1203781317263,0.29280812761233505,0.0857365995958415,inner_race,7mil,12000.0
CWRU,DE,48,0.20788849233174272,0.17525415495406943,0.40581563839417706,0.41344661168785063,0.005483594908593373,8.50230564953852,4.848625513229344,6.777490661295856,2.479301135703026,0.014175399688903443,2.510434930139721,1.4089623153692614,3585.9375,0.2905900469163778,0.16571532163698863,1.3978168952837573,0.13415276494652495,2755.6623535242065,0.0634241864238814,55.66972606397132,6.297915015074931,930.0114831510206,0.2902440928090053,0.08424163341052249,inner_race,7mil,12000.0
CWRU,DE,49,0.21250028581508854,0.17009293993106547,0.41265347910998224,0.4114600409458353,0.005793539903122884,8.28698810884438,4.774404867945274,6.6304019778839205,2.160688510007125,0.013892407236308631,2.510434930139721,1.4089623153692614,3585.9375,0.2951074226714305,0.17002103742197128,1.3887389447006402,0.12721887516010877,2761.231334849046,0.069795260484413,55.14946369287989,6.1369706314174906,923.6648497801096,0.2947802434644406,0.08689539193695486,inner_race,7mil,12000.0
CWRU,DE,50,0.2111982667282622,0.17044203267444177,0.4150547615630937,0.4087545037416392,0.00574870195145251,9.16091476484773,5.30463994464237,7.376553574399385,2.3588376588572073,0.013652878871163922,2.7011337724550897,1.5579153293413173,3585.9375,0.293689175061692,0.17006110954326867,1.39058515778241,0.15125796273707526,2762.4499150540123,0.06224907665044507,46.16326359492229,5.866413883760925,917.5976937071681,0.2933716592429243,0.0860669304469465,inner_race,7mil,12000.0
CWRU,DE,51,0.20825817501715316,0.16968656726341907,0.4061228728372076,0.41802505126832507,0.006165508605783665,9.31317857839851,5.359122552747153,7.48069231478188,2.463511949859199,0.014072688022392716,2.7011337724550897,1.5579153293413173,3585.9375,0.290703434005761,0.16728073194632284,1.3958800608034583,0.14149162870454468,2766.6458882550533,0.06505300228893947,66.07397455383781,6.840908252358501,918.7367200731032,0.2903626112201194,0.08431044599456622,inner_race,7mil,12000.0
CWRU,DE,52,0.2077757870976796,0.17186945070240028,0.41700743265668905,0.40567340126867574,0.005449715347270628,8.420850324481354,4.801372803555614,6.723315239382211,2.3733144897271465,0.014389626879054391,2.501176127744511,1.3969421157684632,3585.9375,0.2909463965668257,0.165890861604229,1.4002901908394452,0.14626013758946896,2750.695422420075,0.058763866429588724,81.04529971871641,7.557625998089784,910.6878254407459,0.2905903376120792,0.08444274431350218,inner_race,7mil,12000.0
CWRU,DE,53,0.20511202546079713,0.1722282805361281,0.4365553108970017,0.3853195255388387,0.005896882988845711,9.759610855294294,5.522217753450904,7.755406939087228,2.6538077502043826,0.014238533655345557,2.8106150499002,1.5907272255489022,3585.9375,0.2880594892432187,0.16299084555056625,1.4044007834064087,0.11975437205153798,2726.8391823617594,0.06474148458119146,75.65081153717314,7.44641056207954,911.7775477975424,0.2877073747793227,0.08277553350240964,inner_race,7mil,12000.0
CWRU,DE,54,0.20522512726500122,0.1794003813917468,0.42616859191124074,0.3885382239743332,0.005892802617692911,9.74930391017307,5.532058612341126,7.751132849803731,2.5983287805956055,0.01368825292773827,2.8106150499002,1.5907272255489022,3585.9375,0.28754706647544326,0.16316315915529436,1.4011299216013744,0.13774255285647138,2721.9804990693583,0.06417950789983715,69.1205099855528,7.0144418281842595,924.5032306283649,0.2872210771695198,0.08249594717041923,inner_race,7mil,12000.0
CWRU,DE,55,0.20724604870337449,0.17358887917310045,0.41868309039424817,0.4021818618902732,0.005546168505139415,8.510989127056037,4.805579558129537,6.748338392051072,2.2238041012489767,0.013617187558476794,2.486556966067864,1.3985664670658684,3585.9375,0.29102971871518213,0.16432478601340128,1.4042714953360818,0.152267154410744,2740.496988632167,0.06803059993035653,49.342596996370986,5.94812377841202,926.7961081078657,0.2907109722360601,0.0845128693784353,inner_race,7mil,12000.0
CWRU,DE,56,0.20581427186642337,0.1800997425841288,0.41605576341817435,0.3980011279348701,0.005843366057898877,8.018162375551427,4.554886645341219,6.38251605342574,2.1375188291449385,0.014260900211296158,2.368304191616766,1.3136128942115768,3585.9375,0.2883963963307742,0.1638296697778257,1.4012458597523687,0.17458372369875333,2730.236150572607,0.06814813071838459,40.78646378001955,5.425512610188946,929.1258879784408,0.2880435872255108,0.08296910814174045,inner_race,7mil,12000.0
CWRU,DE,57,0.20322038588837943,0.17659044271631408,0.40051270049168647,0.41660988982728775,0.0062869669447416805,9.445456198742626,5.381270162449891,7.544642644576493,2.647495190128419,0.014056904530782184,2.7958334530938123,1.5332251896207585,3585.9375,0.2849188283315511,0.16232410138378076,1.4020189317426315,0.14297550649818394,2746.1017751853356,0.0731881667330362,24.089861260039466,4.397309692845591,939.3141189582385,0.28457185766135823,0.08098114217283633,inner_race,7mil,12000.0
CWRU,DE,58,0.20703634241283056,0.1776327455777108,0.422423161568326,0.3940412900818956,0.005902802764557515,9.287356814145886,5.279831097072486,7.40558479613935,2.6149761843996613,0.013408750292383982,2.7958334530938123,1.5332251896207585,3609.375,0.2903928480725241,0.1650873569631191,1.4026177466634366,0.16619882118823684,2726.563605147262,0.07345476356448152,15.466244280013886,3.597536905758282,928.4901873555274,0.2900831115857463,0.08414821162726853,inner_race,7mil,12000.0
CWRU,DE,59,0.2070108826097804,0.17137303085990438,0.4221325428054781,0.40079892279326124,0.0056955035241907075,8.237282506541527,4.641859805235703,6.523742383188457,2.3112383129339094,0.013799847765406686,2.4158976846307385,1.3504856686626747,3597.65625,0.2909363327042791,0.1639479607006564,1.4054156430640403,0.1877816583417262,2746.9950274931794,0.07628768267762398,18.977003730232685,3.893097067367717,928.5985429249569,0.29060886753343673,0.08445351388906658,inner_race,7mil,12000.0
CWRU,DE,60,0.20609345724566489,0.17056785590290072,0.42204543161303165,0.40260600463943663,0.004780707835680389,8.946040308772346,5.012220910300755,7.055630493421269,2.357120199751746,0.013037560640437873,2.6579260279441117,1.4541192814371258,3562.5,0.2901147629883441,0.16254334110379978,1.4076854591386916,0.04732079434702734,2746.4079617437897,0.06997162930523909,13.019079529628968,3.356330407541249,922.8731353276436,0.2898216653673945,0.08399659771632999,inner_race,7mil,12000.0
CWRU,DE,61,0.20519601901665416,0.17786803711225585,0.42150508485322896,0.3946623112550063,0.005964566765612938,8.863075368798361,5.073848226790775,7.086488755510926,2.4921177099497536,0.012368229556511977,2.6579260279441117,1.4541192814371258,3585.9375,0.28659100872571047,0.16406486698242673,1.3966694388084113,0.09386876281574529,2732.0594616586773,0.07411271948229503,30.305584012720125,4.582255366741311,930.1870434637402,0.28632400035634054,0.08198143318005768,inner_race,7mil,12000.0
CWRU,DE,62,0.2082242286130863,0.17892492633497195,0.418869032115598,0.3956395871387888,0.006566454371927695,8.214385650199695,4.759268115974624,6.609763251176813,2.280203543768775,0.013206420206462077,2.4794098203592814,1.3763128542914171,3585.9375,0.2891858203306055,0.16754909166675883,1.3888192659268233,0.1924398223283122,2731.4237035140827,0.07564448345279706,20.090618700372143,4.010562585872914,936.2283651479867,0.2888841102338715,0.08345402914561562,inner_race,7mil,12000.0
CWRU,DE,63,0.21187513264486646,0.1772969141219549,0.41068018142803747,0.40581128066229394,0.006211623784127911,8.30933867437214,4.727161141017567,6.615465991850548,2.1109576825528507,0.012822143739864022,2.515307984031936,1.401652734530938,3585.9375,0.29651046213948584,0.16868403003646348,1.39945853219349,0.16830000404246123,2744.015006231019,0.07182023925401979,20.095670954085904,4.015586240089007,927.2236995045845,0.29623309536256365,0.08775404678808572,inner_race,7mil,12000.0
CWRU,DE,64,0.20994177389361895,0.16844501868564987,0.41417993083913474,0.41122361473794444,0.006151435735117917,8.359263233732925,4.788724565858401,6.676387974320819,2.126860564518937,0.012786293799120508,2.5175820758483036,1.401652734530938,3585.9375,0.29269854953114954,0.16767658767757382,1.3941891797078214,0.12966091085896075,2759.978096580047,0.069565519132174,18.86384530249533,3.965281919658829,921.9816907896972,0.2924191368370432,0.08550895158852137,inner_race,7mil,12000.0
CWRU,DE,65,0.20716038955292537,0.17631040792252142,0.42064762092882796,0.3970160646813518,0.006025906408129816,7.972920509034763,4.593198385505185,6.384952569029225,2.2165184355560603,0.012487438540886974,2.4911051497005987,1.322709261477046,3585.9375,0.2879712893854392,0.1659002193710795,1.3900885686057673,0.17773968832216205,2735.2010937302502,0.07208214216719129,33.30575137158096,4.948649337802303,923.3118608303112,0.2877004125631382,0.08277152738899995,inner_race,7mil,12000.0
CWRU,DE,66,0.20675525349691237,0.17355929169517348,0.42357792713838804,0.39669743647332567,0.0061653446476342055,8.009648222682642,4.602269104632698,6.397463856930721,2.1481427650222056,0.011918915586795158,2.4911051497005987,1.322709261477046,3585.9375,0.2874037200792086,0.16513949485712065,1.3900673149449168,0.19569290246028787,2743.4057107059143,0.06920875997767006,41.225979120266196,5.568159840987541,929.997466113092,0.28715646913591025,0.08245883776660297,inner_race,7mil,12000.0
CWRU,DE,67,0.20917575900932506,0.17918942672164564,0.42515926341455973,0.3896082763719166,0.006043033433477781,8.256809683942814,4.74614955203472,6.596779826118346,2.127787483912808,0.012729346326877493,2.446597924151696,1.3798864271457083,3585.9375,0.2907380840020386,0.1671210164658635,1.3899224526732923,0.17117393164143788,2727.3416870586175,0.07336784692820626,43.58618810185936,5.5754164091775555,926.6491863201217,0.29045928670171123,0.08436659723126688,inner_race,7mil,12000.0
CWRU,DE,68,0.20930226488429388,0.16970474241584588,0.41771624519104505,0.4065333747010777,0.0060456376696619305,9.01067069691437,5.117417818161959,7.160882577856127,2.32762359906257,0.012743226281811376,2.6855399999999996,1.4987889421157683,3585.9375,0.29287992408915586,0.1663348925434614,1.3993155986681045,0.16587741057514607,2755.3126330057657,0.07217283986549256,26.924682507851795,4.664851979146005,922.2716032120868,0.29260256341734303,0.08561626011840026,inner_race,7mil,12000.0
CWRU,DE,69,0.20982438913189244,0.17725616848653866,0.42548591831360105,0.39141331719355804,0.005844595970984861,8.962871686912205,5.127956373163854,7.1430635319216975,2.280638426038964,0.011815014209861526,2.6855399999999996,1.4987889421157683,3585.9375,0.2922780213106695,0.16722195680925958,1.3929649576005578,0.16482802148505793,2730.5955124875663,0.07085684028769036,41.28600387073033,5.479048450622349,926.6946851871029,0.29203911926401394,0.08528684718050096,inner_race,7mil,12000.0
CWRU,DE,70,0.21025514361901193,0.1702317406293508,0.4158960303875136,0.4079696608404988,0.0059025681400342155,8.443831960368833,4.875523966235767,6.749874006005464,1.9744418281548528,0.011707860957771956,2.4683642315369263,1.4191957285429142,3585.9375,0.2910857865474978,0.16807484270221346,1.384440739651788,0.18237165286398807,2755.0662181746507,0.06336433899344737,55.868146234212816,6.364095231386686,917.8328125944485,0.2908502383044734,0.08459386112176895,inner_race,7mil,12000.0
CWRU,DE,71,0.21086324427317235,0.1774091571885127,0.4392741968598031,0.3774582373919622,0.005858408540103296,7.682445337543654,4.434819236733769,6.13494010164046,1.876336543531151,0.012455871557665917,2.3428018762475054,1.293633373253493,3585.9375,0.29169923376769924,0.1683882301031917,1.3833574209348891,0.1891402269593778,2716.1460148121464,0.06217884353279779,68.65057678609313,7.092085408005809,916.1498450591043,0.2914331728619818,0.08493329424440177,inner_race,7mil,12000.0
CWRU,DE,72,0.211853638543226,0.18413790340330274,0.43609404559147774,0.3737215776060937,0.006046473351141668,8.497282474749865,4.8949077377441395,6.787885322533184,2.122427398865013,0.012921682845247005,2.540160558882236,1.4380382035928143,3585.9375,0.2937824941018289,0.1692350710790212,1.3867238538925841,0.20277172097503912,2703.1960242440523,0.06433137652366719,64.26727376831194,6.897937757139862,929.3316578570314,0.29349818390091953,0.08614118395313797,inner_race,7mil,12000.0
CWRU,DE,73,0.2144279339563061,0.17837094183193425,0.43291082680722404,0.38280005391339084,0.005918177404752741,8.795774070977158,5.120253721315932,7.058644417245448,2.1272408226378863,0.012578966929422404,2.615692894211577,1.5135705389221557,3585.9375,0.2956045972138193,0.17207928792945984,1.378573172626168,0.1877578622603897,2722.2060967489774,0.0600993893702551,86.85699092989036,7.983919045388297,921.6779467623587,0.29533683733143223,0.08722384748493286,inner_race,7mil,12000.0
CWRU,DE,74,0.2171461843305576,0.17068390914898196,0.42019512469679726,0.40358529618976197,0.0055356699212784945,8.703661607146756,5.066474628745425,6.970283837076664,1.8600458224614922,0.01181945579544037,2.5789825548902194,1.5135705389221557,3585.9375,0.298742350417523,0.17390043492492074,1.375766059802152,0.17963372365432986,2754.069015721014,0.05773496557341479,97.41889610816305,8.3842824682208,916.1278078658839,0.29850844610778726,0.08910729239768572,inner_race,7mil,12000.0
CWRU,DE,75,0.2135592074055015,0.17005104457278694,0.43298734408097567,0.39106763382702614,0.005893977499411736,8.529407492869218,4.901233649574961,6.79528392492251,1.9333040947906008,0.012370291721245012,2.4738870259481036,1.4511954491017964,3585.9375,0.29608779194349266,0.17014024131395167,1.386443579467345,0.187173902049806,2744.8221846487586,0.0571794411059335,90.62701195816516,8.146544507521298,910.9674632054554,0.29582926903993845,0.0875149564207043,inner_race,7mil,12000.0
CWRU,DE,76,0.20941512874641338,0.1690917857555162,0.4300972161472785,0.3948569650785853,0.005954033001773445,8.749427745045017,4.960431654984159,6.929754587401799,2.090235279815282,0.012640514615300651,2.4738870259481036,1.4511954491017964,3585.9375,0.2925542674584901,0.16586175592153884,1.3970063634359113,0.2148895599536156,2749.9761354311836,0.05654247477141921,98.72138698309078,8.413114186927004,911.5796017252059,0.2922810578851016,0.08542821679843413,inner_race,7mil,12000.0
CWRU,DE,77,0.20897089087450096,0.1740958536896433,0.4238887118808798,0.39610522520997105,0.005910209155719354,8.902514818163455,5.103799343858336,7.105389247011456,2.282882726807853,0.012255127752307884,2.561114690618762,1.4848195209580837,3585.9375,0.2909243528049047,0.16678652619916612,1.39217644901376,0.2103405537697598,2740.493704115734,0.059858200780507576,75.76117704762041,7.369652981527761,919.9771439718445,0.29066611584208996,0.08448679089872727,inner_race,7mil,12000.0
CWRU,DE,78,0.20992067636211947,0.17928148378837147,0.4499910820250608,0.3648924711359654,0.005834963031918411,8.823516686652633,5.102207703658365,7.073240934098008,2.1744376824185974,0.013015035456430884,2.561114690618762,1.4848195209580837,3585.9375,0.2910151070277763,0.16827978839822175,1.3863098770021418,0.18520629379620743,2709.162960838599,0.06202460463057488,55.49633412653122,6.524467208333354,917.7126638159068,0.2907239263811218,0.08452040137045594,inner_race,7mil,12000.0
CWRU,DE,79,0.21165408444829087,0.1807349689500357,0.4351767367441041,0.378335888821078,0.005752405448476011,8.088989548350122,4.597138711408061,6.415162046318651,2.0718700755923596,0.012484662549900197,2.495815768463074,1.3577952495009982,3585.9375,0.29535659781845436,0.16785721398019882,1.3954684531052024,0.2517193473109279,2718.6638288726526,0.07156261646803454,38.96167732805338,5.479939629957499,932.3892013207031,0.295092617792969,0.08707965307590732,inner_race,7mil,12000.0
CWRU,DE,80,0.21027179956493258,0.17223372691093086,0.4197749637652286,0.40252582527046726,0.005465483985838534,8.647481195281003,4.9438840990889235,6.882981973724413,2.2729630028280328,0.01181572803611527,2.6104949700598805,1.447297005988024,3585.9375,0.29274493029776666,0.16736630855905477,1.3922215480320086,0.21104067941502117,2749.8346326468704,0.0693629103556734,37.70418357216343,5.286863354097864,919.0004638342309,0.29250638076120805,0.08555998278602082,inner_race,7mil,12000.0
CWRU,DE,81,0.20916061002994008,0.1725225087805532,0.4182751218557317,0.4031545588257689,0.006047810457832316,8.640778907594164,4.973862295209467,6.919548598471061,2.354835356657575,0.012408203826721555,2.6104949700598805,1.447297005988024,3585.9375,0.29098051375125034,0.16749612754424614,1.3911821815283396,0.16726972799286632,2743.4532946785876,0.0723716614340837,32.46118474535953,4.9662935037974645,921.238899711961,0.29071583352259317,0.08451569586073611,inner_race,7mil,12000.0
CWRU,DE,82,0.21168684114193484,0.175085492358872,0.4355331551421623,0.3838686505938271,0.005512701803942921,10.243255136124041,5.925083892542555,8.215109118832691,2.432964086435863,0.012719352759325099,2.9608675449101796,1.739030499001996,3585.9375,0.29350310148195186,0.16977322890934357,1.386496675460142,0.2099213623121797,2734.456176047911,0.06355219120436882,45.175245343969095,5.841318142024239,916.0267164338559,0.29322736680758293,0.0859822886449088,inner_race,7mil,12000.0
CWRU,DE,83,0.21431292861542536,0.16829357918812873,0.40758190323900806,0.41828121659763245,0.005843300912582594,10.127158994837266,5.892508281398705,8.114445125812292,2.1567929295718633,0.012728394558539172,2.9608675449101796,1.739030499001996,3585.9375,0.29512567754749125,0.17171948222483108,1.3770782726649247,0.1999596359730213,2772.4957667901836,0.061448012023133367,63.52145139731549,6.692391331964201,916.0504314167232,0.2948510700672934,0.08693715351982795,inner_race,7mil,12000.0
CWRU,DE,84,0.21014680065649946,0.1753963048019953,0.40878332861581296,0.4106156047645617,0.005204761790527877,9.496867487933772,5.47386974063951,7.612112831065155,2.3710372732844416,0.012381395685192115,2.7147783233532934,1.599661157684631,3585.9375,0.29223588310995197,0.16844092641253314,1.3906273243133176,0.1968573394704796,2750.886229455725,0.06500199176304768,29.690398838681133,4.838968395011684,926.3233836917404,0.291973478963313,0.08524851241794018,inner_race,7mil,12000.0
CWRU,DE,85,0.20777658023796153,0.17545968056516922,0.4227189987644116,0.3960535022436214,0.005767818404143461,9.59952491478097,5.5133838036290195,7.698948340821556,2.624085011045543,0.012161854455152193,2.7147783233532934,1.599661157684631,3585.9375,0.2901414475501782,0.1666396172608017,1.3964107370420966,0.19369659266506967,2733.888160720589,0.06730123953047507,39.15783591013984,5.444997541835747,923.2440106930727,0.2898864413571709,0.08403414888272448,inner_race,7mil,12000.0
CWRU,DE,86,0.20621171446170156,0.1803395365156023,0.4366659877034184,0.3775766741833455,0.005417801559831616,9.43589968703686,5.406833050113182,7.54311561036024,2.5500396727988752,0.012467213463697602,2.671245708582834,1.5554788023952095,3585.9375,0.28768759604342664,0.1648468989694902,1.3951079200054715,0.19811394871165167,2708.8650370014147,0.06099256779966785,55.72169423731672,6.468319736905886,920.9769648385989,0.28741732986320856,0.08260872150569643,inner_race,7mil,12000.0
CWRU,DE,87,0.20971461851687248,0.17184535074667762,0.4095066340408795,0.41308892386045426,0.005559091327881648,9.287473758708451,5.303491176869445,7.417121483450923,2.4362038394866925,0.012724746113242265,2.671245708582834,1.5554788023952095,3585.9375,0.29329337044610315,0.16748136714105988,1.3985356505917892,0.18658496598626914,2758.7523886375734,0.06101544909165529,58.45647027923959,6.555432210948974,924.358503721865,0.2930172042457381,0.08585908198398863,inner_race,7mil,12000.0
CWRU,DE,88,0.21163996655127243,0.17472077000949576,0.41960955865192173,0.4003275428209423,0.005342128422554025,10.066905337286085,5.714748462217329,8.015074314752772,2.4957095115392205,0.012588722554890219,2.8547974051896206,1.6963100598802394,3585.9375,0.29683022290399624,0.1685036267895953,1.4025244274081163,0.22583913603939806,2741.6501610232526,0.0618062315690847,46.71198014133919,5.880789133403128,922.9655528604304,0.29656315565773184,0.08794970529367208,inner_race,7mil,12000.0
CWRU,DE,89,0.20789023724036299,0.17735155535021851,0.41549215448934745,0.40146388089195467,0.005692409222640031,10.2311356083293,5.831852606101176,8.15964271529963,2.5489796761052297,0.012191755843781188,2.8547974051896206,1.6963100598802394,3585.9375,0.29086984436225144,0.16579880521759985,1.3991510530912874,0.2141533262784211,2737.77655082267,0.06842815234989502,44.86975440612223,5.816761509042881,930.7968743100379,0.2906142244432746,0.084456627448766,inner_race,7mil,12000.0
CWRU,DE,90,0.20472156249999995,0.1793738236055514,0.4214091875380208,0.39341466222740884,0.005802326613436265,9.550436527921004,5.4660718136239055,7.652768996169154,2.7392721587516906,0.012382347453530439,2.7092555289421156,1.5666868263473055,3585.9375,0.28662024206166087,0.16404347819778153,1.4000491133495572,0.19113607141716574,2724.860038140882,0.06686783318035923,44.52116878616385,5.786688843756585,928.4715769652503,0.28635265081892486,0.08199784063102511,inner_race,7mil,12000.0
CWRU,DE,91,0.2063861260096993,0.16982554701621505,0.3843486000150794,0.44008091153622325,0.005744941419241852,9.487399038773955,5.388943970815348,7.591047211544043,3.018890667877595,0.012538516775043662,2.7178645908183636,1.5666868263473055,3585.9375,0.2907224188694368,0.1651334385688247,1.408633537972286,0.20506102254368597,2786.0576165935395,0.0659984234191614,37.39036979144837,5.192533349665466,929.5248185812557,0.29045190725897846,0.08436231043037822,inner_race,7mil,12000.0
CWRU,DE,92,0.20931035491516964,0.17290381129209675,0.4267751857702833,0.3943205175069141,0.006000485406428021,9.003327019471378,5.071841625161439,7.152069262389505,2.5995659492670296,0.012654711826347306,2.6481799201596807,1.4970021556886228,2613.28125,0.29515948373900036,0.16627210723892133,1.410152325519796,0.21039327608657046,2736.484208145576,0.06980924143655708,21.191114940963892,4.162614950315039,917.2224591378255,0.294888078954822,0.08695897910966532,inner_race,7mil,12000.0
CWRU,DE,93,0.2051468443191741,0.1686306877197858,0.41237743479426636,0.4133909333064964,0.005600944152887637,8.430652634234338,4.800728439411366,6.727918735409901,2.4836428983648267,0.01243548785242016,2.5071862275449104,1.3802112974051897,3585.9375,0.2875003897480238,0.16371345817292576,1.4014370569635541,0.2267139651112459,2760.474679002057,0.0695966781806758,21.68632893862066,4.203619296073343,921.4429609377828,0.28723132271244006,0.08250183274713789,inner_race,7mil,12000.0
CWRU,DE,94,0.21046389814121752,0.1778210045228214,0.418102769009132,0.3983032641207917,0.0057729623130047,8.184402468742368,4.712623648185334,6.557947988205998,2.2736435979218745,0.012410107363398206,2.5071862275449104,1.3802112974051897,3585.9375,0.292875349368639,0.1686392259760505,1.3915704876478383,0.20202468256248673,2729.5296932180077,0.07202578200846088,27.26773283467969,4.523199864077783,930.1393791563963,0.29261230237813185,0.08562195950303128,inner_race,7mil,12000.0
CWRU,DE,95,0.21023420471556883,0.17252623749132903,0.3758919367393985,0.4456864026516281,0.005895423113320708,8.6537240407073,4.896283663937034,6.884985452657758,2.4173238450320964,0.01284950707959082,2.5700486227544905,1.4474594411177644,3585.9375,0.29562409788036714,0.16726434010477856,1.4061655584557444,0.20549202854225082,2779.3589444200734,0.06806003121235372,38.40750174074789,5.338084949368696,939.912083272713,0.2953447094758808,0.08722849741539243,inner_race,7mil,12000.0
CWRU,DE,96,0.20434640714664418,0.18033188247105272,0.4115195246110777,0.4022418483080382,0.005906744593334255,8.93785411780995,4.995438425237518,7.083361343755022,2.6973802234441386,0.01219754576783932,2.5700486227544905,1.4474594411177644,3585.9375,0.28975623717130333,0.16194708730292373,1.4179659002439269,0.20714339975726093,2729.9551410323606,0.07375957330569764,33.55566566185792,5.008458658960753,934.6310016522331,0.2894993900803835,0.08380989685691403,inner_race,7mil,12000.0
CWRU,DE,97,0.20647757508420655,0.17900076095093292,0.41742598155407606,0.39815123171986544,0.005422025727781438,8.934456663504017,5.078209735200399,7.109373823604884,2.343205878830866,0.012249099886165172,2.511409540918164,1.46792626746507,3609.375,0.28906373387650985,0.16429944458305334,1.3999764078913783,0.19784237079981035,2730.7317554538363,0.07394608690154007,18.15137329063922,3.8745505750698337,937.2030134415793,0.28880408895063875,0.08340780179460847,inner_race,7mil,12000.0
CWRU,DE,98,0.20994811901587448,0.18007945711428056,0.40034335951810807,0.41343362722431853,0.006143556060173721,8.955596362516154,5.135228689066598,7.153554014300454,2.4703971880576034,0.012707297027039672,2.872015528942116,1.5018752095808383,3597.65625,0.2924651073044667,0.16770242301975222,1.3930351397068386,0.15240577728869545,2741.1735721027303,0.07695184289056416,16.16669055635814,3.647735131157744,946.6021423771446,0.2921889176421307,0.08537436359287981,inner_race,7mil,12000.0
CWRU,DE,99,0.21010754021254363,0.1736814618292417,0.4171694074646455,0.4035156354712879,0.005633495188536821,8.976480048599088,5.081194657784486,7.148126183675035,2.6821188926955974,0.012161457885011228,2.872015528942116,1.5018752095808383,3574.21875,0.2955752162102149,0.16731226510275907,1.4067806224908093,0.17883141809343167,2748.1423371527735,0.0753711382986907,12.228852703369212,3.2386410930041465,927.0098757332079,0.29532491831849605,0.08721680737982636,inner_race,7mil,12000.0
CWRU,DE,100,0.20480603194002617,0.17866978243179346,0.39240672353219064,0.4232040054453154,0.005719488580195511,8.543497411908525,4.86646330189139,6.831909169523708,2.6263145775060686,0.012198418222149449,2.52278,1.3992162075848302,3609.375,0.2875221944119077,0.16377557575361404,1.4038756167889797,0.19132563283769366,2751.0253110293047,0.0746680298913991,32.20027908552517,4.796184033775324,949.1530311060969,0.2872633127851804,0.08252021087231638,inner_race,7mil,12000.0
CWRU,DE,101,0.20439637498440616,0.18412006989775362,0.4271123049276193,0.38222859809337795,0.0065390270637784,7.800093761451514,4.472523213530089,6.2400355134471495,2.329690075785008,0.012500683983595306,2.3990044311377243,1.275440638722555,3609.375,0.2851725028199173,0.16351606502807078,1.3951935441207004,0.15918529528815245,2702.3570955346427,0.08294971285215459,18.692682218770635,3.7320661505132406,939.9989944942938,0.28489838410303076,0.08116708926451804,inner_race,7mil,12000.0
CWRU,DE,102,0.20373878237665288,0.1861578968429095,0.41902961554870605,0.38877099899951945,0.0060414885856700535,8.969403794393404,5.135447481631181,7.176240997118846,2.5049146222849457,0.012629727907466314,2.5505564071856286,1.462078602794411,3597.65625,0.2847032528370845,0.16300733430111902,1.397393512987391,0.1859216631328763,2709.648206338669,0.07592212675669711,18.499541391602122,3.888521728670344,942.8609681600345,0.2844229810493524,0.08089643214900025,inner_race,7mil,12000.0
CWRU,DE,103,0.20360323470247,0.18330914217417463,0.44413927704957273,0.3665856548315611,0.005965925937359238,9.550609274602632,5.404646769230392,7.603853759097988,2.9734099435566224,0.01242961861433383,2.7873868263473054,1.5481692215568863,3585.9375,0.2864515087962616,0.1621016185505401,1.406910402061439,0.20630174744352428,2704.2888372990365,0.07591640536108893,16.51856435147777,3.7071283409697076,929.9453722453917,0.2861817105839521,0.08189997147275692,inner_race,7mil,12000.0
CWRU,DE,104,0.20675715703358905,0.1751216424792705,0.41707725066666396,0.4018958163883338,0.005905290444786271,9.495473395520083,5.282325121288015,7.487862784384175,2.797532461248574,0.012048514708863523,2.7873868263473054,1.5481692215568863,3597.65625,0.2930848037576658,0.16304286864594922,1.417531600659668,0.1893506015615887,2742.221076703549,0.07069861803366469,33.70678020314282,5.128864807376482,933.8228641752412,0.29283704596068405,0.0857535354869798,inner_race,7mil,12000.0
CWRU,DE,105,0.20648788590787173,0.17190879959170763,0.4139758811571816,0.4087879677944525,0.005327351434693329,9.137176300977037,5.072981735773259,7.201057684847098,2.675126166696984,0.011901069930451598,2.624139520958084,1.4869311776447105,3585.9375,0.2931079304227107,0.16273421116824824,1.419492136955124,0.16910510306628782,2757.0799606786445,0.06726084237191145,25.55340478435045,4.507359373218004,923.9396088411844,0.2928662210142971,0.08577062341119512,inner_race,7mil,12000.0
CWRU,DE,106,0.2055418281795783,0.17351974307835472,0.40577447435973213,0.41483882253558513,0.005866960020969057,9.149700829827463,5.128597074773168,7.234202355861138,2.614254070154165,0.01234395946388473,2.577845508982036,1.4869311776447105,3585.9375,0.2899294204566608,0.16251145313925525,1.4105616507573073,0.208291680812931,2758.3843657861,0.06539636230352655,44.52548492292977,5.784018424206631,931.220791044877,0.28966652466429255,0.0839066955110892,inner_race,7mil,12000.0
CWRU,DE,107,0.21041797531889342,0.1783065779977062,0.4229216356507548,0.3931632788253122,0.005608507500735523,7.891556289264858,4.491486916927923,6.293051606631504,2.4658177891743325,0.012899554231380988,2.381299001996008,1.3241711776447105,3585.9375,0.2948179972770385,0.16779594912679313,1.401106520629879,0.19621880425001462,2733.3364432994435,0.06590549173889299,57.79080152300816,6.44953754832597,923.5489102182261,0.2945356566174553,0.08675125301907555,inner_race,7mil,12000.0
CWRU,DE,108,0.21157032883451843,0.1695877071164645,0.4053791248116739,0.4189385496919754,0.006094618374343703,9.56923508433757,5.367933093067251,7.6023545624333195,2.858858130137821,0.012425018400698602,2.7714681836327344,1.608432654690619,3585.9375,0.29963723966081635,0.16808372252482526,1.4162535990345801,0.18119199183362114,2768.0600704902477,0.0663156531894416,55.168087347053415,6.289679844771113,924.3243110639208,0.29937951551383035,0.0896280943092958,inner_race,7mil,12000.0
CWRU,DE,109,0.20443952181574349,0.1786837429722549,0.4230172111911184,0.39203051914643877,0.0062685266529985,9.899152323280877,5.565888528142322,7.867523071885588,2.9021774071298196,0.01204209027257984,2.7714681836327344,1.608432654690619,3609.375,0.28898039307794965,0.16248185725033232,1.4135250880619885,0.19075783822588213,2734.1657299131953,0.07450553514755498,13.837469515132877,3.5046610556378743,936.312648295266,0.28872938133372106,0.08336465564535332,inner_race,7mil,12000.0
CWRU,DE,110,0.20653444324242137,0.17671650073842451,0.41976149106410304,0.3973399258222187,0.006182082374364769,8.935510609653358,5.0708473563836725,7.128651245060982,2.675626394312924,0.012085157789888973,2.6567889820359283,1.4723120159680638,3585.9375,0.2903483209989698,0.1647708877853574,1.4058106553112366,0.14047287586883886,2738.312942757745,0.0694374397647924,24.301835362973186,4.439567606568476,931.5604052118108,0.2900967019256066,0.08415609646811426,inner_race,7mil,12000.0
CWRU,DE,111,0.21103067618668908,0.16920164944560448,0.40755151785800503,0.41754325663587105,0.005703576049728269,8.671384896134638,5.029136739361896,6.976767750417372,2.3755601849783234,0.012160902686813873,2.6567889820359283,1.4723120159680638,3597.65625,0.29275640975211836,0.1697897202815161,1.3872694484148376,0.12726979483653345,2770.657175500144,0.06920290465020601,25.26625417129359,4.4676801255787835,927.9576980253718,0.29250372287680726,0.08555842789679206,inner_race,7mil,12000.0
CWRU,DE,112,0.20976093790933753,0.17787884546027807,0.4016865877520583,0.414603770866756,0.005830795902741913,8.429199965931854,4.905552140357135,6.785910933194795,2.056106324378513,0.012092296052426399,2.4543948103792417,1.423419041916168,3585.9375,0.2901648991162369,0.16886763247629374,1.3833123650584143,0.1864715925612213,2753.1061731076898,0.06916039600412777,17.71005131008644,3.823591312029853,939.4951490792473,0.2899128231991755,0.08404944505531638,inner_race,7mil,12000.0
CWRU,DE,113,0.20850024143120005,0.16892837608715333,0.39867177704161894,0.4266092239317211,0.005790622846837987,8.114248824312384,4.607485361579169,6.449095668964554,2.157395741030011,0.011925815907248005,2.5776830738522953,1.344638003992016,3609.375,0.29183771590565727,0.16571318345120667,1.3996996545539087,0.19578300327198442,2782.5364026876773,0.07186663819994771,23.4115505482186,4.123599939401741,930.7512173058379,0.2915939425639318,0.08502702733997754,inner_race,7mil,12000.0
CWRU,DE,114,0.20926363895256356,0.17611544832885606,0.43139092396603385,0.38671035842812274,0.005783269259603755,8.631893460798599,4.899480322211983,6.868792257787716,2.4388597574574797,0.011844677656405941,2.6704335329341315,1.4373884630738525,3609.375,0.2933756987567429,0.16652064458414542,1.4019430237627002,0.18976125424918233,2736.3174487717156,0.07177970080892693,20.93862852877135,4.082703507514477,923.9357341627687,0.2931364942006079,0.08592900423222302,inner_race,7mil,12000.0
CWRU,DE,115,0.20667102199897075,0.1695048575557638,0.4092006782949436,0.4158625835176688,0.005431880612278097,8.686039389452672,4.957631857513306,6.954958896371117,2.7581811050620972,0.011351978913267217,2.6902506187624753,1.4373884630738525,3609.375,0.2899344897696439,0.16548260934888828,1.4028792569240203,0.1849994687509612,2764.067132046614,0.07351174823907086,26.348952253614,4.464289074251534,929.6518640911778,0.2897121691139958,0.08393314093273649,inner_race,7mil,12000.0
CWRU,DE,0,0.10822058096697226,0.09869902212517473,0.20199327106362053,0.6974454532411226,0.0018622535235264348,5.226519950001042,3.5793238019371807,4.451857405546677,-0.10071732565131253,0.01575057628882859,0.9344893013972055,0.4817825948103792,3363.28125,0.13460156763398484,0.09218037995057939,1.2437705141784794,0.011866016572550597,2962.350085943535,0.03694836293908013,90.47594811600305,8.061106287599417,789.9886614790848,0.13367685422725947,0.017869501356095982,ball,7mil,12000.0
CWRU,DE,1,0.11274917403474298,0.09472006861134709,0.2744076134170133,0.629507579460493,0.0013647383211374412,5.294569115480993,3.6134083235028367,4.515081382768436,0.07284128646938193,0.015344885034618262,1.0036866666666666,0.5090716966067864,3363.28125,0.14088407703486233,0.09614978773594479,1.2495353357661827,-0.008733351143826997,2935.5664461614538,0.03536210011801703,44.73976294592349,5.825076690823031,772.475917288907,0.1400459127045105,0.019612857665239375,ball,7mil,12000.0
CWRU,DE,2,0.11129931359936374,0.10239663358727875,0.23099293753380096,0.6651312360853983,0.0014791926512859766,5.388300863308815,3.6415416961614366,4.573897898771018,0.07560311741720716,0.015279530275386723,1.0036866666666666,0.5090716966067864,3234.375,0.13979565224899138,0.09447722195196405,1.2560333727861421,-0.003104688891683615,2932.9590013435854,0.03591705864752022,37.33873032326263,5.246198923625182,792.7656704227878,0.13895812441985703,0.01930936034228447,ball,7mil,12000.0
CWRU,DE,3,0.10420967056122127,0.11519888265057346,0.20196659081145774,0.6807452420982912,0.0020892843966999254,4.583165935461844,3.1357412106501608,3.8968343548570012,-0.2554327206175979,0.015305624590662422,0.8058406786427144,0.4060878243512973,3269.53125,0.12950297778785755,0.08860421596548107,1.2427155473231914,-0.009978575583030645,2918.3483076457564,0.041225668232135596,18.69567716947822,4.204321061596745,835.9910893690713,0.12859533083207975,0.016536759111812037,ball,7mil,12000.0
CWRU,DE,4,0.10906844792836198,0.10292366152654057,0.18278935001460647,0.7126947813346308,0.0015922070751348586,4.612289167482183,3.2356330114477947,3.96301486313827,-0.39916431162369204,0.015259146570140967,0.8474240718562873,0.432239880239521,3363.28125,0.13358742438040394,0.09371482674740399,1.2248035698476836,-0.023219683851173352,2968.0938534381194,0.03953757223167281,42.82035062166702,5.823184119086122,815.1502695684658,0.1327130679267912,0.017612758398541095,ball,7mil,12000.0
CWRU,DE,5,0.1119714999883046,0.0960282362681296,0.21250966942783622,0.690102094698519,0.0013599994993336547,5.447491372092764,3.740812873463088,4.647987708863262,-0.06443697515845148,0.015253435960111025,0.9502455089820359,0.5204421556886227,3363.28125,0.13912541826953753,0.09553794951467437,1.2425074084393721,-0.055259362756375,2966.864904849658,0.035086329452374554,33.26675220405885,5.217029498537313,788.4667122199043,0.1382867119432831,0.01912321470008456,ball,7mil,12000.0
CWRU,DE,6,0.11087522149061249,0.09908424102721337,0.18959418776746387,0.7098109523719253,0.0015106185701607654,5.573802714720805,3.7162520264268672,4.69394467665336,0.09429951181431973,0.014884942985123498,0.977209740518962,0.5204421556886227,3234.375,0.1400449033024872,0.09337290577474125,1.2630856689142618,-0.06693815073433607,2957.3755184150655,0.03392800978467835,25.84147619945783,4.732047313270384,793.5725760185917,0.13925161906898106,0.019391013413332613,ball,7mil,12000.0
CWRU,DE,7,0.11166249253446228,0.10333524167556812,0.16770861162598624,0.7272951001564196,0.0016610459311748092,5.145180241602431,3.4934161053851205,4.36700138437749,-0.09321546902357314,0.015042777901228788,0.917758483033932,0.4876302594810379,3269.53125,0.13958550735749833,0.0947741841069437,1.2500661967080684,-0.03925630314523893,2942.321747987982,0.03633513349239613,25.16688034385011,4.628284769304187,797.1831124971585,0.13877257905387694,0.019257828697264525,ball,7mil,12000.0
CWRU,DE,8,0.11327375701721552,0.08102238993347596,0.17757999584571255,0.7399183678631753,0.0014792459608112202,5.073754542430046,3.4484131155616757,4.30488289893066,-0.13778512066397886,0.015225596736215066,0.917758483033932,0.4876302594810379,3257.8125,0.14140714674831323,0.09610836618191824,1.24836635132374,-0.04757919829380573,3018.543871977705,0.03128871821489814,29.523097161012373,5.1099067027326015,728.0998910726651,0.14058507159554726,0.01976416235552515,ball,7mil,12000.0
CWRU,DE,9,0.11430943959736772,0.08348658548523812,0.1969402612993419,0.7182634291237391,0.0013097240731954176,5.458330799377291,3.6550420351936554,4.599817100163334,-0.025718678050973054,0.015290158355164667,1.0384477844311375,0.5258025149700598,3433.59375,0.14385676276967937,0.09633027647024353,1.2584854170957904,-0.03621904568549165,3015.2902576570277,0.03403713688607351,39.52176978778516,5.871033854849723,745.1618959466861,0.14304187936421206,0.020460979252045798,ball,7mil,12000.0
CWRU,DE,10,0.11408434638535425,0.07871319934444279,0.19917372768393152,0.7208719816793205,0.0012410912305824075,5.453619938695329,3.6539104001707483,4.608892732697994,0.11860690770491944,0.015113288072292912,1.0384477844311375,0.5258025149700598,3234.375,0.14390131595604777,0.09641348698307856,1.261358990215693,-0.02818113500581749,3000.95172088755,0.03256367080191982,25.367169432603994,4.69909381702813,715.8738979711293,0.14310547598721082,0.020479177257526175,ball,7mil,12000.0
CWRU,DE,11,0.11237044955011848,0.08028786163190534,0.21518346692728205,0.7030296479840099,0.001499023324542515,4.98919557821075,3.3561909199218074,4.231073441941193,0.17674532741068294,0.014856548563030186,0.9257178043912175,0.475447624750499,3257.8125,0.14166286605696912,0.09529544739174294,1.2606772209608887,-0.038491964577223974,2986.3999757716592,0.03278418613929171,39.56846706028745,5.588840252204748,723.518332796737,0.14088169002488968,0.0198476505842691,ball,7mil,12000.0
CWRU,DE,12,0.11148966726702841,0.08183309823736787,0.16723601430494994,0.7490817890723446,0.0018490982262801333,5.009447733689087,3.417680285206449,4.264499450085867,-0.04268421322862581,0.014910402788173648,0.9073626347305389,0.475447624750499,3269.53125,0.1391141315378419,0.0949101877145182,1.2477760042520376,-0.03988043211630018,3025.644076071808,0.031109857045028298,30.759546469303636,5.28772318447697,737.6406900612212,0.13831276688079958,0.019130421482222406,ball,7mil,12000.0
CWRU,DE,13,0.11192351500124748,0.09526316794092542,0.1658696121013179,0.7372871150589848,0.0015801047467810245,4.312261521667494,2.950188328044366,3.6630932066465225,-0.2888216613261543,0.01477429991579341,0.8196476646706585,0.4099862674650698,3433.59375,0.13896952393437312,0.09507453696976464,1.2416472439489075,-0.03371139658300798,3001.506503216535,0.03404341929537037,30.716511565043525,5.224644672262892,786.3650635341369,0.13818194037045686,0.019094248644544495,ball,7mil,12000.0
CWRU,DE,14,0.10662509997582956,0.08966674256639931,0.18669882299164778,0.7220013187054315,0.001633115675235422,5.071072720258619,3.400262375015395,4.280818631582315,0.0020269763658444795,0.015110829337418908,0.8664289820359281,0.4564427145708583,3246.09375,0.13423749823682113,0.09000910453273488,1.2589671500167496,-0.0763865824469475,2982.0823758178085,0.036123408068266104,22.40035441810631,4.448052680331145,760.755324355651,0.13338428981561493,0.017791368769615953,ball,7mil,12000.0
CWRU,DE,15,0.10404065236714068,0.10544766496034566,0.19899010199580808,0.6939872569285158,0.001574975909696045,5.295363169414142,3.5565079047839117,4.47458826184138,0.11042592841945265,0.01516880789202844,0.9296162475049901,0.4655390818363273,3269.53125,0.13089780602205994,0.08791447667371843,1.2581409578262275,-0.06907341996161859,2932.2728230949424,0.03806910014907243,18.210789899490628,4.093245585722469,825.4443929351307,0.13001593321021684,0.016904142888523568,ball,7mil,12000.0
CWRU,DE,16,0.10355001578873498,0.10217870221844337,0.19871251694375658,0.6972879735168797,0.001820807112465663,5.291679967937216,3.6166119325088473,4.495789578498282,-0.12096315803394919,0.014834102693051392,0.9296162475049901,0.4655390818363273,3281.25,0.1287224315254035,0.08797566834295954,1.2430942723178897,-0.0010317197728270716,2950.627420513749,0.035523855000715775,21.04459987451254,4.3539042536535755,817.1753439359327,0.1278648261841551,0.016349413775104196,ball,7mil,12000.0
CWRU,DE,17,0.10841093463463693,0.11452187232688915,0.19804077880039062,0.685843144219942,0.001594204614616464,4.748527170857713,3.228437776964505,4.030502093488933,-0.0795732441599748,0.014815939780595056,0.8547336526946108,0.436950499001996,3445.3125,0.1353442529138142,0.09201811072780929,1.2484372851313115,0.003703348151816349,2919.243586376239,0.03791874464400878,20.57825099881634,4.327123648119648,850.276202871626,0.13453086904207628,0.018098554725216282,ball,7mil,12000.0
CWRU,DE,18,0.11296395642309127,0.09103584917756169,0.16911953882307748,0.7385454721528326,0.0012991397573944928,5.817149715375119,3.942723517478912,4.939315940466012,0.035199893287828576,0.014922141264346305,1.070122634730539,0.5579646706586827,3234.375,0.1415175748908361,0.09591719277637714,1.252767514275094,-0.009595584160327452,2984.9955635088186,0.03275361286920596,25.162344660655968,4.775239763457181,760.8604150040014,0.1407286527437476,0.0198045537030703,ball,7mil,12000.0
CWRU,DE,19,0.10854568916853788,0.08487878277807244,0.21968133278346808,0.6939413611447383,0.0014985231934814683,6.033513391841917,4.12625139999552,5.140366926892289,-0.016162120386769896,0.015124392036240018,1.070122634730539,0.5579646706586827,3234.375,0.13522313998107058,0.09247757225717314,1.2457716286743628,-0.012315199178339826,2989.333743659893,0.03573754394694717,27.067797927084833,4.851353883798019,736.0604501975946,0.13437466409957766,0.018056550351874326,ball,7mil,12000.0
CWRU,DE,20,0.10714896913204836,0.09930897999236535,0.18889160723828116,0.70973939691517,0.0020600156645446737,5.209672827512256,3.546303316618517,4.420582317872071,-0.142621080489179,0.014932927972180637,0.8716269061876247,0.4736608383233533,3269.53125,0.13356467172554207,0.09091949801952107,1.2465324940358455,0.01899743834523484,2973.901083910269,0.03819442746632437,39.45072540965692,5.787622003216347,787.8789360418921,0.1327272737433022,0.01761652919532948,ball,7mil,12000.0
CWRU,DE,21,0.10691039253524197,0.09219745659381093,0.1760494970944846,0.7294278556026628,0.002325190546871103,5.239873921575034,3.5481153449825102,4.430447097715179,-0.17779875619441965,0.014512087738585325,0.8716269061876247,0.4736608383233533,3398.4375,0.1334964600272002,0.09039546474068165,1.2486761750799333,0.038953305777664676,2997.976997476459,0.03896094885462316,31.177328413027446,5.2217229367368745,768.4175675622046,0.1327053282625135,0.017610704149261462,ball,7mil,12000.0
CWRU,DE,22,0.11095667699756732,0.07734666588074926,0.17318677751408285,0.7476010277685284,0.0018655288356356928,4.75224310106694,3.2137586830965077,4.017081333624981,-0.10420720256851457,0.014583628992015964,0.8714644710578843,0.445721996007984,3363.28125,0.13869180606258955,0.0937919181592191,1.2499635877310051,0.01634146226362708,3029.5560325619517,0.03344657709718592,32.42918752387162,5.313307690260503,700.1121566662893,0.13792293077775783,0.019022734834326177,ball,7mil,12000.0
CWRU,DE,23,0.11243366283058878,0.08226607142759021,0.18122126965113014,0.7346531067027986,0.0018595521606064773,4.698486247294895,3.1644257972962415,3.9643109081982213,-0.06950731284734335,0.014638672927582332,0.8714644710578843,0.445721996007984,3363.28125,0.14085398886231404,0.09486502089148476,1.2527741720426562,-0.004805479985592657,3026.12632494581,0.0334399410576402,40.42145807522889,5.791384004795456,716.4278443080225,0.14009123967380743,0.019625555433344155,ball,7mil,12000.0
CWRU,DE,24,0.10909121105445355,0.0842114741188052,0.17934148965687494,0.7349852035063241,0.001461832691826996,5.223445365721978,3.5422620725329987,4.417817212603442,-0.20446005239619325,0.014522557190306882,0.8760126546906188,0.4819450299401198,3363.28125,0.13605572373573444,0.09226573577332822,1.2471740154009419,-0.03513277647479831,3026.314968584185,0.03454184838505612,28.780852105799195,5.108100542409256,723.5950292387034,0.13527843617483445,0.01830025529390876,ball,7mil,12000.0
CWRU,DE,25,0.12021619321903065,0.07944864050448865,0.2048239398648416,0.714494938903735,0.0012324806729957943,5.0259619660050685,3.4674457598612016,4.290033839172555,-0.29511629090561975,0.01460813702672779,0.9107737724550897,0.5157315369261477,3234.375,0.14873528604144393,0.10261349775714311,1.2372317077987345,-0.019794991880346783,3014.401268135333,0.03214099717108307,28.866843659168044,5.071085887827011,715.2100480207949,0.14801617359747712,0.021908787646438485,ball,7mil,12000.0
CWRU,DE,26,0.11864204770147202,0.07609868074043019,0.17418061807917934,0.7483908309834141,0.0013298701515452487,5.1268612323485,3.4722411279834478,4.346954110433386,-0.16375330308818192,0.01424892379303892,0.9437481037924151,0.5157315369261477,3234.375,0.1485298739104752,0.10059401133623089,1.2519159672986018,0.028075556898441666,3024.6534229747763,0.031802644349734434,57.503752807832356,6.625329095610857,700.7755857615062,0.14784482275210667,0.021858091614601834,ball,7mil,12000.0
CWRU,DE,27,0.10919289163859777,0.09030981808859298,0.2391315040104285,0.6687243742250308,0.001834303519820358,6.17132693616349,4.105085051972304,5.19320469871782,0.09097523830737186,0.014328555077345307,0.9997882235528941,0.5670610379241517,3234.375,0.138136245837758,0.09188640365189837,1.265066285587122,0.05146299261369288,2961.3927799797148,0.037581856634648324,26.18421639439906,4.595810146335027,746.1785732070825,0.13739110205375382,0.018876314923544996,ball,7mil,12000.0
CWRU,DE,28,0.11183476260369882,0.080938065382298,0.21591924228415232,0.7015303998351818,0.0016122924088729982,5.995022039930545,4.039715407348227,5.07052569989894,-0.01875183812273029,0.014423335341036674,0.9997882235528941,0.5670610379241517,3363.28125,0.1403715313441808,0.09458864940732085,1.255169037570239,0.029560225681712685,2999.529998616465,0.03696092676830546,84.70400211521174,7.64332683896656,713.3490899378629,0.13962855800140003,0.019496134209550334,ball,7mil,12000.0
CWRU,DE,29,0.11152646897611024,0.08123236404053766,0.22501008407167764,0.6919247949158973,0.00183275688477634,4.464969861812651,3.0634858608441022,3.8072166458768635,-0.1770854911380555,0.013918660179640715,0.8326424750499002,0.4246054291417165,3363.28125,0.13860205283425797,0.09509704259668592,1.2427727167077038,-0.02840392386622156,2998.276011893635,0.03643006098115779,35.72485375772961,5.377560487105558,718.0072598582859,0.137901413874819,0.019016799948674123,ball,7mil,12000.0
CWRU,DE,30,0.1096804349699039,0.09371539218087459,0.20828157280861181,0.6966404151827491,0.0013626197579754348,5.616541716888387,3.760289370518187,4.734710524469888,0.11850337918858944,0.013567378348771204,0.9754229540918162,0.5193051097804391,3421.875,0.13810243271487274,0.0924599399340238,1.2591346191576263,0.00382641689540279,2973.0060419005117,0.0375898407323272,40.66732179609086,5.619720917285912,762.9323412368863,0.13743437767351824,0.01888820816650725,ball,7mil,12000.0
CWRU,DE,31,0.1139569680560753,0.0960326377567384,0.2094773579042522,0.6933818637497872,0.0011081404429344511,5.4053365408050285,3.6237537273388436,4.5570281364883485,0.05979496029231823,0.013217365542352791,0.9754229540918162,0.5193051097804391,3363.28125,0.14330585046732697,0.09607266927048688,1.2575435527278143,0.014069851729115866,2969.6507029864165,0.03258303266374276,25.648260781273457,4.702962309703888,773.2369393000132,0.14269501752438207,0.020361868026283706,ball,7mil,12000.0
CWRU,DE,32,0.11243516979712445,0.09695298364615967,0.20073209058970073,0.7007209855721774,0.0015939399404982066,6.2150441708998,4.1964419685115315,5.265932794627523,0.0787036142878832,0.013239018272049645,1.0158693013972058,0.5920760479041917,3234.375,0.14109001204994615,0.09526497827262782,1.2548565747223566,0.005133815857231969,2974.040083262189,0.034833917340013495,32.25848573301744,5.1433476805536325,773.2001026491988,0.14046750476692565,0.019731119895446278,ball,7mil,12000.0
CWRU,DE,33,0.10936214777476293,0.10083248295947361,0.223218022831884,0.6742923238267484,0.0016571701636612427,6.396092800743,4.305993654409587,5.41390289008957,0.13476615514468682,0.013541125405439117,1.0158693013972058,0.5920760479041917,3421.875,0.13750044598831945,0.0925683954797237,1.257294674492941,0.0582428854550503,2947.77254265125,0.03565862689366282,30.233521262074717,4.91746526909534,779.8592663115107,0.13683205242099136,0.018723010569740926,ball,7mil,12000.0
CWRU,DE,34,0.10737096909696228,0.09364906956191561,0.241441593956513,0.6627508711342182,0.0021584652960829655,5.461336082503477,3.664363644817678,4.614162933196432,0.11907123005562958,0.01362289816850673,0.9578799600798402,0.4954271457085829,3421.875,0.13520141386874637,0.09071537408140593,1.2591989716200807,0.022728710647702273,2952.7235659140133,0.03720994525381854,28.102018073477304,4.723928358216756,757.7890376513916,0.13451334118814587,0.018093838957598543,ball,7mil,12000.0
CWRU,DE,35,0.1119642030977108,0.07567190259266295,0.22062304174980465,0.7020400138680316,0.0016650417323475987,5.217257474477528,3.538100822216363,4.424870914110158,-0.05545573679757432,0.013219665649170407,0.9578799600798402,0.4954271457085829,3257.8125,0.14002629393648364,0.09495930536918659,1.2506344890811498,-0.002669787694260438,3012.823795739179,0.03142318945370081,37.781319924380924,5.618036106188034,691.9475390360806,0.1394008731454386,0.019432603433710657,ball,7mil,12000.0
CWRU,DE,36,0.11478476856833204,0.07913038320083236,0.20272174277279648,0.7167407331634518,0.0014071408253542948,4.602073253882073,3.147741104563643,3.9142438013873515,-0.22999081726743542,0.013261067571887473,0.8563580039920159,0.4492955688622754,3410.15625,0.14273587119692907,0.0976289476668527,1.2435088119897857,0.007152173933699944,3029.347227383214,0.0334113653022424,26.049047966191388,4.807773040140982,707.4309379154197,0.14211851748875007,0.020197673013200163,ball,7mil,12000.0
CWRU,DE,37,0.10809978570203338,0.09022924234793149,0.2068416679308914,0.7006444501708543,0.002284639502461782,5.198578560142716,3.497021641798194,4.399731755169364,0.03829510612625331,0.01378414358782435,0.9279918962075848,0.4756100598802395,3375.0,0.1360043227057861,0.09148848177975455,1.2581368392410035,-0.012198136707773291,2979.8654156072794,0.03546571009368662,31.95104690362924,5.246060452044148,750.8397536581598,0.13530400282404745,0.018307173180209843,ball,7mil,12000.0
CWRU,DE,38,0.10814856382937246,0.09342544445359542,0.23224215890721778,0.672174760171567,0.0021576361790550075,5.1773388046315345,3.50315474607196,4.397747349013495,0.027219141642851774,0.013739965674120506,0.9279918962075848,0.4756100598802395,3363.28125,0.13576621484207474,0.09186380838255537,1.255367709332461,-0.002126705629148009,2959.372212214526,0.03661265857610005,29.06191597651739,4.763921372210481,758.7867924421608,0.13506916167585548,0.018243678435818388,ball,7mil,12000.0
CWRU,DE,39,0.11018296865253863,0.08826116944487405,0.1954139989112791,0.7147820458814288,0.0015427856821694944,4.956260501949742,3.377004956281578,4.213351722827328,-0.13363490560011382,0.013591013929172899,0.8587945309381235,0.4642396007984031,3363.28125,0.1374708082482584,0.09366731240534594,1.24765932457104,-0.0032318849850840412,2988.8022555571824,0.032636494787703516,32.294800105387544,5.320913288316235,750.8638908740737,0.13679732256446564,0.018713507460806463,ball,7mil,12000.0
CWRU,DE,40,0.11441215126387845,0.08884815993283428,0.21384417511973383,0.695615366562862,0.0016922981858862472,4.786015374353598,3.258249794742757,4.057607480237723,-0.23952305226778314,0.013476960356630483,0.9078499401197604,0.4642396007984031,3421.875,0.14248127984154615,0.0969991871079402,1.2453334568714602,-0.047336576709975445,2984.204155069939,0.03555350785772372,50.094162962083395,6.217849149847302,757.8332208030124,0.1418424712306959,0.020119286644830793,ball,7mil,12000.0
CWRU,DE,41,0.1112675086740581,0.07922308469266139,0.1808452022749548,0.7385306870310244,0.0014010257992974195,4.930838800541691,3.332390464595826,4.172283592313773,-0.12870931208382652,0.013257260498534177,0.9078499401197604,0.4642396007984031,3269.53125,0.13931128591640268,0.09415022870903886,1.2520392302886436,-0.05205386701478503,3025.5064172795082,0.03056057933146788,31.197933013358217,5.236267204993044,720.3229244721489,0.13867905187069782,0.0192318794277557,ball,7mil,12000.0
CWRU,DE,42,0.1125028246631736,0.09000036413449783,0.213337409596334,0.6951668909301602,0.0014953352262401744,4.83039396893908,3.32743556911486,4.126470621411572,-0.1781380433190578,0.013357275488086325,0.8695152495009979,0.4642396007984031,3234.375,0.13951873482012958,0.09610802012912542,1.2401353942697877,0.017552094037222247,2982.020684762336,0.033356921087024684,36.49922779639917,5.3824764968694465,754.0140832185973,0.13887786201315533,0.019287060557345012,ball,7mil,12000.0
CWRU,DE,43,0.11865045498846052,0.0981991128854098,0.2025810226266233,0.6977861337729028,0.0014337306670401304,4.353205413844156,3.025479402079242,3.7251099295568477,-0.35323032420034606,0.013323487712075846,0.8618807984031935,0.4419859880239521,3234.375,0.14608791840400565,0.1015311583088496,1.2312461711016074,0.0050430296002288225,2955.49606027706,0.03217816964482159,31.207233075158705,5.109879188291958,787.2012846436115,0.14547908639664184,0.021164164578801582,ball,7mil,12000.0
CWRU,DE,44,0.11286465525979286,0.09711017699467982,0.2333046896685508,0.6680494746344844,0.0015356586283814544,4.600772076137409,3.1581179721110244,3.9160708638730597,-0.2292168146573581,0.013100139408682633,0.8756877844311377,0.4419859880239521,3421.875,0.1399523361467429,0.09606778616927762,1.2400014497417229,-0.028671231250008544,2953.207232607714,0.034892070863356515,31.06274037228411,5.129666376321506,784.3208051595669,0.13933787259895997,0.019415042740404002,ball,7mil,12000.0
CWRU,DE,45,0.10465874658885349,0.10707902981582444,0.21979888513533344,0.67163534631019,0.0014867387272842927,4.913436823294796,3.3054017238312503,4.143961307992353,-0.0636963374561943,0.012846572460547653,0.8500230339321357,0.4337017964071856,3363.28125,0.13121001095881538,0.08826851997994326,1.2536936972336117,-0.02191078115188009,2926.0990848182328,0.03686650707541497,28.301808293099977,4.776719599327393,818.6109208974159,0.1305796023574446,0.01705103255182835,ball,7mil,12000.0
CWRU,DE,46,0.10157105147127615,0.09671616284048508,0.20745558598392302,0.6942749033152957,0.0015533476461960212,5.196401955972587,3.446004490744768,4.354694097151457,0.018733806536017195,0.012631790072199348,0.8586320958083832,0.4423108582834331,3234.375,0.12835469584308018,0.08511867673651657,1.2636936802744267,-0.04081873892696055,2962.891445049129,0.03811665857891189,20.27515461514231,4.211215605836029,782.0633293398782,0.1277316163858483,0.01631536582454151,ball,7mil,12000.0
CWRU,DE,47,0.10926601917259227,0.0971487403758394,0.1904096431002837,0.710789098364119,0.0016525181281780784,6.5547231117790865,4.435962453162249,5.555433285086505,0.07816814054160881,0.012800966894336324,1.0493309381237523,0.6070200798403194,3363.28125,0.13684067127475236,0.09260804300787034,1.2523625580117848,-0.0426288024863578,2977.0442421240605,0.03581109261147831,28.447794188243606,4.900029976794756,784.6405237199856,0.1362406127463281,0.018561504561494933,ball,7mil,12000.0
CWRU,DE,48,0.11341461873128739,0.0898172273046573,0.18167407245387157,0.7271969252742427,0.0013117747547081332,6.27344349976019,4.314015972458201,5.352220786268555,-0.09442032937894362,0.012790180186501993,1.0423462275449102,0.6070200798403194,3304.6875,0.14070881603491814,0.0967602688800056,1.2406585465697217,-0.036727142151970704,2995.6189664026438,0.03400497654743201,23.411973695592092,4.6450888469379885,758.5051288530614,0.14012630802510015,0.019635382200745247,ball,7mil,12000.0
CWRU,DE,49,0.10865339761882481,0.09304643900849756,0.20893810625662118,0.6964496169745166,0.0015658377164819654,5.006038427081086,3.419109085137648,4.259210432187715,-0.10509822712907901,0.012385361386601791,0.899565748502994,0.4627776846307385,3363.28125,0.13535037142931863,0.09244389378380666,1.2457076759270014,-0.047403269813369474,2980.863822919749,0.034638044170215175,26.29524671021744,4.772753098504608,778.6814864514275,0.1347825132180647,0.018166325869377782,ball,7mil,12000.0
CWRU,DE,50,0.10759709339134227,0.08392279941847554,0.2300774589418431,0.6841439312417086,0.0018558102799991639,5.801290771824222,3.9296759340661755,4.923004343223777,0.08927596289730699,0.012164075247941612,1.000925269461078,0.5297009580838323,3375.0,0.13479507393774628,0.09130743121108327,1.2527761641988042,-0.05347523051712844,2993.2972082386295,0.03672847508416484,32.66585849221855,5.0219363997317,741.0471732542031,0.13424510133053236,0.0180217472312449,ball,7mil,12000.0
CWRU,DE,51,0.10926712956898699,0.07384919731205253,0.20521379308283333,0.719809143059534,0.00112786628148624,5.87061758649252,3.8860782205112887,4.929523566183625,0.3548293117038903,0.012212774061252492,1.0683358483033931,0.5386348902195609,3445.3125,0.138606291395929,0.09175097547809713,1.2685085802351788,-0.06808064252326139,3030.6544620373766,0.03144927517002477,25.790495013839198,4.840914469835558,699.497556394467,0.13806720162392652,0.01906255216426198,ball,7mil,12000.0
CWRU,DE,52,0.11053893001107157,0.07346874260480686,0.19749023342920208,0.7278224492362768,0.0012185744481546439,5.780203145560929,3.8759866065538175,4.872807165453938,0.1452504855899739,0.012230619717596055,1.0563156487025949,0.5386348902195609,3234.375,0.1389671701416087,0.0931861522260201,1.257178535450721,-0.02917567644610524,3027.341462421423,0.03165209841070861,37.24452367478183,5.578405291887676,697.5877544021475,0.13842791018609782,0.019162286318490367,ball,7mil,12000.0
CWRU,DE,53,0.11442714161520705,0.09974464414910737,0.21331158584163426,0.6857831543663497,0.0011606154062288791,4.59759912254876,3.1589137956624285,3.9151208489578653,-0.24641757864707436,0.012365215623440616,0.8880328542914171,0.4479960878243513,3386.71875,0.14181966232807752,0.09744131140689724,1.2393883157982344,0.018954793027738896,2961.5142825190883,0.03218027847966164,25.76725305632951,4.753266060036147,801.1521999599819,0.14127957412674966,0.019959918065435754,ball,7mil,12000.0
CWRU,DE,54,0.11674556997333455,0.09323878356555726,0.17948481690937526,0.7262251658044707,0.0010512336532629135,5.560718114437708,3.7606357239148887,4.706971271266988,-0.06913642150511645,0.012287249933726296,1.0348742115768461,0.5495180439121756,3363.28125,0.1461237099934044,0.09882141705500605,1.2516424394242969,-0.007157477886234927,2989.3740912059175,0.029463242765410534,27.338276850685123,4.888856544113154,777.4699018045867,0.1456061884375204,0.0212011621113027,ball,7mil,12000.0
CWRU,DE,55,0.11061776815509602,0.07911576645039162,0.19074870620237613,0.7287783319496438,0.001357195267902564,5.90607030202015,3.940807105640805,4.9677195000147,0.0493853347232327,0.012100386083302144,1.0348742115768461,0.5495180439121756,3421.875,0.1394430199655306,0.09304292292697819,1.2605842830784562,-0.03931379217487329,3026.3560693655054,0.031412308925709606,29.26318569976202,4.865942021631475,729.9337796103096,0.13891701290246053,0.019297936473742387,ball,7mil,12000.0
CWRU,DE,56,0.10782916623783678,0.07980861616603104,0.1723199277569574,0.7464633085797905,0.0014081473683627895,4.813311049867838,3.187267155337826,4.031158009947616,-0.026535710749117758,0.012220705464071854,0.8519722554890219,0.4346764071856287,3257.8125,0.13637903131454204,0.09030715087435787,1.264769413256274,-0.004840597368009162,3021.1516507322517,0.033768140917668804,21.710921312510305,4.441112071383751,722.2767027412712,0.13583038886881407,0.018449894540253246,ball,7mil,12000.0
CWRU,DE,57,0.10860580920190864,0.07471267659359433,0.18945761731096894,0.734240596864646,0.001589109225731546,4.73263977769882,3.108415811210818,3.954470632740191,0.0804957935606514,0.012356808336452094,0.8483986826347305,0.4294784830339321,3375.0,0.13816635518484183,0.09074818773609684,1.2721819965263303,0.01391319181054315,3028.324261020922,0.03326327223861769,33.50552939899101,5.278301188544586,707.1438947782344,0.13761268470893245,0.018937250992800053,ball,7mil,12000.0
CWRU,DE,58,0.10809431303408804,0.08163152486749442,0.2519631609086981,0.6650590115811033,0.0013463025297109695,4.771572265555019,3.165408222909251,4.004740014601594,0.04086984208214739,0.012334679722586075,0.8464494610778444,0.432889620758483,3234.375,0.1367563329195577,0.09072263745923383,1.2651575192159366,-0.020723343323833663,2979.558932348476,0.03569661508683972,35.945651501172264,5.408220905483486,716.4150656637842,0.13619893637523797,0.01855015026974612,ball,7mil,12000.0
CWRU,DE,59,0.10826388642636597,0.10271853636835462,0.25359409455734866,0.6423812022751325,0.0013061663497112603,5.111377526960345,3.3995867829403643,4.289537825191595,-0.022284457783950717,0.012199052734374997,0.877961876247505,0.4644020359281437,3234.375,0.13660543636026082,0.09085653201678418,1.2617821220852894,0.017943853081186872,2932.612031899801,0.036460295470573306,38.433829205146516,5.510923534871894,786.9079299162454,0.1360596499905876,0.018512228355561204,ball,7mil,12000.0
CWRU,DE,60,0.10951165471790789,0.09373333707168882,0.1976957851067063,0.707122745673155,0.0014481318407435953,5.001787147684867,3.403193452841251,4.240663125074691,-0.1454350628300083,0.012012982024232783,0.8714644710578843,0.4644020359281437,3234.375,0.13646066330446913,0.09284722084647232,1.2460834753705388,0.004296817877274954,2978.234863986029,0.033577193711510016,44.021923966216335,5.826433707827953,755.2482071087925,0.13593086806307517,0.018477200892381147,ball,7mil,12000.0
CWRU,DE,61,0.10931884231536922,0.0884633716096672,0.24043720490692763,0.669604457779109,0.0014949656832542635,4.506597676363641,3.1522788966032955,3.8707280832095114,-0.29741634887088697,0.011740696965444112,0.8367033532934132,0.4231435129740519,3445.3125,0.13423416101602104,0.09389422872012064,1.227914220210773,-0.05203255750979641,2987.5754711962145,0.03424271879646281,21.918921322643033,4.35998774232157,737.5258428662245,0.13371972935375195,0.01788096601844067,ball,7mil,12000.0
CWRU,DE,62,0.10872359053377614,0.0783412014556082,0.2076459127036252,0.7126224053699647,0.0013904803075688859,5.079529199238213,3.4663824197080677,4.322197492119561,-0.059946789409321966,0.012041852330495258,0.9388750499001997,0.4699248303393213,3445.3125,0.13556635519138638,0.09251346176133741,1.24688997600085,-0.01577675097770273,3028.596494568862,0.035160344729520634,22.1774061295459,4.5095484263299435,700.7254102256918,0.13503047971597998,0.01823323045232768,ball,7mil,12000.0
CWRU,DE,63,0.10783455959175395,0.07070752900794258,0.16768965325030483,0.7602784940167121,0.0013243235886520699,5.160398281552381,3.4784994444470443,4.357831405055937,-0.07769452606968841,0.012271307814059378,0.9388750499001997,0.4699248303393213,3363.28125,0.13509412257906006,0.0910636746817061,1.252790599697415,0.010528530113040776,3054.971790238863,0.03291249258184009,22.038346833274343,4.481585746907951,665.061215483308,0.13453563453575676,0.018099836959938706,ball,7mil,12000.0
CWRU,DE,64,0.10589398326394084,0.09505221887203154,0.1866732165360967,0.7164929812774269,0.0017815832378014868,4.890963096833794,3.3531134220227963,4.160048175336655,-0.2329773763124665,0.011745376493107532,0.8542463473053892,0.4405240718562874,3398.4375,0.1313776232450071,0.09006898296604698,1.2406523883188743,-0.036158593781281195,2992.664177427315,0.03831190802888809,24.636769439478673,4.696761984016698,760.4649829277392,0.13085154191121398,0.017122126020542187,ball,7mil,12000.0
CWRU,DE,65,0.10866077382344681,0.09560217673589928,0.16129417193343196,0.7412166145821898,0.0018870364236598886,4.841098636391375,3.3175492240667404,4.127371611969867,-0.14725296959297118,0.011720471888254737,0.8622056686626746,0.4484833932135728,3386.71875,0.1351851511230359,0.0926408294683867,1.2441025989993977,-0.03144651298215302,2994.1623537770715,0.03628784368249745,32.09475485947919,5.388409941322604,766.3207846518231,0.13467611377996722,0.018137655622874678,ball,7mil,12000.0
CWRU,DE,66,0.10633742799557132,0.094103564617918,0.1585582393756896,0.7457246532776026,0.001613542306522951,4.965899510517924,3.3726597541356513,4.217549753340385,-0.06752330568925746,0.012149640094810375,0.8815354491017963,0.4484833932135728,3375.0,0.13297617486128854,0.09031261954932264,1.2505114837536475,-0.03326484091782869,3007.4784593191835,0.035235512736165875,28.064877389731638,5.020096295478482,762.9427048963217,0.13241997329068814,0.017535049326306562,ball,7mil,12000.0
CWRU,DE,67,0.10582077641591812,0.0959170021478649,0.16148337175201893,0.7409794396471415,0.0016201862599501968,5.188693198824468,3.502758099001478,4.394711437565585,0.023436999829286265,0.012279239216878738,0.8925810379241517,0.4650517764471058,3386.71875,0.13276731173062647,0.08962791952171431,1.2546431450171718,-0.051569019192035534,3005.9648614028915,0.033823457464986134,33.31698040951613,5.372046149133514,773.9412359932128,0.13219825773599292,0.017476379348432013,ball,7mil,12000.0
CWRU,DE,68,0.11448583399607032,0.08400938332223361,0.18547965581899106,0.7290954071093964,0.0014155536926755451,5.962292607374159,4.061713270627401,5.058103848418721,-0.10848735246750874,0.012013695850486523,1.0493309381237526,0.5790812375249501,3398.4375,0.1425706835863136,0.09712392122599668,1.2453128794188397,-0.015667308819228263,3023.695914828451,0.03348825208337294,22.851796657569018,4.601080269492161,731.1252704659942,0.14206361578631158,0.02018207093028075,ball,7mil,12000.0
CWRU,DE,69,0.1087850589056262,0.09099180968100036,0.20762936140718855,0.7000717329276419,0.001307095749425963,6.303245861568368,4.246509854261221,5.323168855635936,0.01484224784388033,0.011628229673465565,1.0493309381237526,0.5790812375249501,3363.28125,0.136366394380049,0.09187032367810315,1.2535397392977494,-0.003141654950483701,2989.7961804981023,0.0350952255051329,21.014439481599382,4.312481113370109,751.070559020598,0.1358697088790441,0.018460577790876193,ball,7mil,12000.0
CWRU,DE,70,0.10392144338276567,0.11283837039470018,0.21174066471063643,0.6739538856406017,0.0014670788997328285,5.2398144028268545,3.531127647045937,4.425014100330244,-0.03558994989944386,0.011723961705495256,0.9003779241516966,0.4598538522954092,3281.25,0.13022861200730387,0.08776147720944473,1.2531447578883512,-0.03472987077044086,2925.152256622192,0.039028513327157954,22.96077726478029,4.5214319345929175,823.2192837766763,0.12969980766090972,0.016822040107276972,ball,7mil,12000.0
CWRU,DE,71,0.11116947653521078,0.0938845510705893,0.19227580726154245,0.712315927591563,0.00152371371953993,5.149398344455013,3.506758909253687,4.3659121441571545,-0.1655164792412367,0.011820407563778688,0.925880239520958,0.4853561676646706,3363.28125,0.13840591276004335,0.09425492750765979,1.244999230667475,0.010522278103827746,2974.507725255789,0.03355664241465817,27.628193787704557,4.843223653279458,757.0725582218836,0.1379002344159244,0.0190164746519669,ball,7mil,12000.0
CWRU,DE,72,0.10709709775760973,0.09743231072157957,0.16794721890621545,0.733190442395064,0.001430027730178949,5.368957214859848,3.6095960579862894,4.531926427765256,-0.06531606848772764,0.01150910000311876,0.8977789620758483,0.4853561676646706,3363.28125,0.13446273762151648,0.09040045361533774,1.2555217689077134,0.04616377488449066,2988.711059411911,0.036457512244241444,45.200700819797405,5.990547416148939,774.9786271065248,0.13396928164990282,0.01794776842579099,ball,7mil,12000.0
CWRU,DE,73,0.1042876362509356,0.09498396174608771,0.2110381355802526,0.6923410017020873,0.0016369009605840834,4.643282105864698,3.1054088742471,3.911054324762145,-0.07094124136133573,0.011469918873191116,0.8118507784431138,0.4078746107784431,3234.375,0.1313432875654197,0.08784187595737013,1.2594329710319938,0.03944164726691934,2963.965446357114,0.0350597931007412,56.601840191200274,6.347102778078776,754.2728356131526,0.130841507747102,0.017119500149534946,ball,7mil,12000.0
CWRU,DE,74,0.11546322076550021,0.06847169125571793,0.17586914324348588,0.7543019584718611,0.001357207005331119,5.217428460908831,3.544810092821202,4.421612435455255,-0.1519293088545015,0.011570885631081586,0.9876055888223553,0.5105336127744511,3363.28125,0.14402283885626538,0.09785157891470553,1.2473481850014236,0.03446259775848466,3063.8128730644853,0.030216725983351008,77.17827764567525,7.550063106374765,662.6965080359057,0.14355728026794815,0.020608692717930217,ball,7mil,12000.0
CWRU,DE,75,0.11647574364941987,0.07192776518714372,0.1681509438927988,0.7585365522569752,0.001384738644191582,5.149778628761334,3.542007542472536,4.3831753872386106,-0.2165527861306762,0.011884810554671905,0.9876055888223553,0.5105336127744511,3363.28125,0.14413679436099328,0.09913700171947949,1.2374833578640232,0.018191772788583027,3061.1401289448954,0.029581689169985888,42.88634974470509,5.7492160737398255,684.7695197612143,0.14364597720348043,0.020634166766742817,ball,7mil,12000.0
CWRU,DE,76,0.1163014114154503,0.07984885371484396,0.23954774589617947,0.6789626408034799,0.0016407595094751824,4.982890135800271,3.391896545473921,4.2249381283071274,-0.14322981467217266,0.011815014209861523,0.908986986027944,0.4913662674650698,3445.3125,0.14486475659782108,0.09861069661857085,1.2455975798981251,-0.005254813323363304,2991.883527610189,0.03400489024964547,22.48808768312822,4.421904171902708,712.5623343849693,0.14438214274406208,0.020846203143366715,ball,7mil,12000.0
CWRU,DE,77,0.10973833421048523,0.07559634113876629,0.2486865111419831,0.674337502650809,0.0013796447120584864,5.066219052336894,3.4171657061262355,4.289631416175134,0.02316747813622433,0.011552484776540667,0.8789364870259481,0.470737005988024,3269.53125,0.13775656391028823,0.09291682833392038,1.2553185256672679,0.005064407407612775,2996.644383112245,0.03442631051302606,27.774461741001428,4.885062580964477,693.5417096741572,0.13727130434237567,0.018843410995857124,ball,7mil,12000.0
CWRU,DE,78,0.1059613208738772,0.09239245608011694,0.24099248876386284,0.6649017976647446,0.0017132571098603636,5.784768873034723,3.838939260044608,4.8702338072953655,0.32424566263415455,0.011555736651696603,0.9824076646706588,0.5160564071856288,3257.8125,0.1344268226790419,0.08920951182530179,1.2686404960829658,0.012146564905311604,2951.861560749095,0.03892964405641411,65.81063954664701,6.941043041909931,751.0104115338291,0.13392921864186028,0.017937035606019214,ball,7mil,12000.0
CWRU,DE,79,0.11057406612556134,0.06744556393739203,0.2159399349544736,0.7153019987444946,0.001312502168468711,5.550578229009704,3.6819474069471676,4.667065481698266,0.24067121366320965,0.011471029269585823,0.9824076646706588,0.5160564071856288,3234.375,0.1401585493078809,0.09297344995310516,1.267553543239743,0.044990454606295735,3025.653328337808,0.030195129300458104,23.605169294029164,4.616827946239766,665.9369408969352,0.13968834751541012,0.01951283443158599,ball,7mil,12000.0
CWRU,DE,80,0.1102640275893525,0.09505487431501468,0.2113625585258255,0.6917695697636869,0.0018129973126010121,4.971158899758065,3.3888498872038624,4.227932105758726,-0.03429274931061643,0.011565016392995257,0.9210071856287425,0.4661888223552894,3234.375,0.1375654979925775,0.09377870065227199,1.2476008812674764,0.057266093982339755,2967.816176276676,0.03963576422111922,25.34551998868412,4.66879678411645,770.4889843944069,0.13707850536745575,0.018790516633775595,ball,7mil,12000.0
CWRU,DE,81,0.10874413286707829,0.09521989099944315,0.16999302353498552,0.7331010019102411,0.001686083549143596,5.01974503001393,3.4557174101444197,4.28702505656216,-0.09819473091865971,0.01135475490425399,0.8950175648702595,0.4661888223552894,3234.375,0.13490362984738577,0.09287101627032154,1.2405600770414265,0.013983259146848092,2979.0631153529825,0.03690492941671292,45.535165694329145,5.817315212756879,777.3817542574213,0.13442491914472104,0.01807005888706479,ball,7mil,12000.0
CWRU,DE,82,0.11352668945312495,0.07982446926125888,0.18343794061490662,0.7355174482951734,0.00122014152458837,4.693683012923188,3.193130117015631,3.9848060267284837,-0.12783231743697065,0.011194143997161923,0.8722766467065868,0.4523818363273453,3421.875,0.1416734739109696,0.09638099443055605,1.2479309895622952,0.025802344101590293,3025.1162513162385,0.03224187866282403,22.67731999584675,4.6510451304356035,731.9256611302319,0.14123053618170892,0.01994606435017299,ball,7mil,12000.0
CWRU,DE,83,0.11733963204450469,0.07775920649651696,0.1859826489216161,0.7348615964533614,0.0013965480488166706,4.549425679478281,3.0874810319648653,3.8553200521011135,-0.16270135525166562,0.011394015348209826,0.8748756087824351,0.4523818363273453,3421.875,0.14652133297138042,0.09943713079388596,1.2486943278960314,0.0043645184172578545,3041.9837511536657,0.03112554570737532,30.49057123971268,5.2296401910766495,723.0576892069049,0.1460776417866707,0.021338677429954888,ball,7mil,12000.0
CWRU,DE,84,0.11375146540902564,0.07911390337615705,0.18506384012732097,0.7342030488808404,0.001619207546561241,5.605524464530219,3.777051338105839,4.73947472826144,0.012285766573738588,0.011044716368045155,1.0410467465069861,0.5391221956087824,3257.8125,0.14273626364823197,0.09617694098387358,1.2548081304709637,-0.009212122479553124,3013.5863872757764,0.03163010301910531,27.404963775586488,4.9590361353913055,716.4219714166699,0.14230831037085298,0.020251655200607024,ball,7mil,12000.0
CWRU,DE,85,0.10790395936642336,0.07878767648012922,0.19132338388214298,0.7279791991941346,0.0019097403998115361,5.898958499368803,3.96816800179379,4.996315230454295,0.14501292941507282,0.0107449093414733,1.0410467465069861,0.5391221956087824,3257.8125,0.1358617365406593,0.09139277648189409,1.259098714619879,-0.004539542599436439,3021.5268772991867,0.03605375204075317,28.298116043639034,5.019572131880649,717.4012729401667,0.13543617825044765,0.018342958379087032,ball,7mil,12000.0
CWRU,DE,86,0.10842521115971179,0.08933432538774029,0.1726737550157709,0.7363969535194917,0.0015949660630843793,4.769717754137808,3.275919186443799,4.0734171789059115,-0.15800504352812794,0.011026791397673399,0.8284191616766465,0.441661117764471,3398.4375,0.13482051681620383,0.0925969083561229,1.2434425109637222,-0.022346864496992,3009.2722146282654,0.0361274932844302,24.005307417321493,4.7121644381978856,754.1386529701206,0.1343688268388933,0.018054981626060493,ball,7mil,12000.0
CWRU,DE,87,0.11374075801521952,0.06955379276201508,0.18085294384025796,0.748147699739371,0.0014455633324862887,4.843822246190716,3.3287206538398952,4.128686745845352,-0.20902402472874337,0.011290986425586326,0.8750380439121757,0.4695999600798403,3234.375,0.14107520844025354,0.0969482231618106,1.2403223866450444,-0.013469601767325291,3054.344163416556,0.03137257481334801,19.713233830876135,4.3114084372069765,678.3779745062354,0.14062264420070547,0.019774728061998204,ball,7mil,12000.0
CWRU,DE,88,0.11388415777819356,0.06342310136436077,0.16656134917970097,0.7685244350841139,0.0014911142495628758,4.858100739287687,3.336414203795013,4.143456483343828,-0.10964526222342474,0.01121643123908433,0.934651736526946,0.4718740518962075,3363.28125,0.14143149593341053,0.09713138471587054,1.241889115155679,-0.004847919947917732,3068.6407499133866,0.03173381569621272,29.1907034053174,5.017120962360663,647.1671673717198,0.1409860266559109,0.019877059712221215,ball,7mil,12000.0
CWRU,DE,89,0.11309545908183628,0.06899819822667573,0.19384733834421888,0.7357243060717538,0.0014301573103619673,5.415405581506402,3.734894340174158,4.630520646319572,-0.03178868576730132,0.010646004748315865,0.9864685429141717,0.5236908582834332,3363.28125,0.14021570908991593,0.09670390341063952,1.239799636769283,0.009978979680883236,3057.251752633144,0.033354377521439084,45.87732277465974,6.063561442776016,674.4939548894148,0.13981097116638153,0.019547107658486766,ball,7mil,12000.0
CWRU,DE,90,0.11540674917742635,0.06380841030986054,0.17580440865175512,0.7587891453210838,0.0015980356134334575,5.3821213312635106,3.719493453349281,4.60393619236582,-0.06151854224858022,0.010921779624345058,1.0550161676646708,0.5313253093812376,3269.53125,0.1428488357474582,0.09872042577243484,1.2377858033921603,0.01052958950473901,3059.660779593792,0.030548910322057143,65.32174412838368,7.165354810935894,652.0569257565953,0.14243070105929248,0.020286504604241543,ball,7mil,12000.0
CWRU,DE,91,0.11376360045533929,0.08010865474216741,0.18987306310010513,0.7281791387965822,0.0018391429336597426,5.463955708507814,3.771864719399386,4.670433313068554,-0.17569492167492884,0.011428199694361275,0.976884870259481,0.5313253093812376,3234.375,0.1408654203976444,0.0972418770807241,1.2382292739842091,0.013540488348358632,3015.043315732367,0.032801547722702405,37.18634623264571,5.434540219101531,721.0475917542591,0.1404010787549401,0.019712462915550892,ball,7mil,12000.0
CWRU,DE,92,0.11304398427753864,0.08795232978188565,0.16034801375340482,0.7502088941009486,0.001490762248604373,4.628639412869945,3.180119851532251,3.94578153908976,-0.2683190928164083,0.011217303693394458,0.8581447904191617,0.4460468662674651,3234.375,0.14026102382668063,0.09636673468821756,1.2407650413516953,0.026437324928203772,3009.7345812594076,0.03326553361785762,20.81287975475836,4.410687840953298,758.5064566524942,0.1398117552381016,0.01954732690275883,ball,7mil,12000.0
CWRU,DE,93,0.11032160957382106,0.09028361770393308,0.1787614651111915,0.7293808423252964,0.0015740747812065243,4.751509255722217,3.246915001292412,4.04315045792543,-0.17836651972783057,0.01101552880566991,0.8641548902195608,0.4460468662674651,3363.28125,0.13737559070376626,0.09387477583681295,1.245228303271284,0.015924314266491605,3001.978054124289,0.03476614621233733,21.767168519140732,4.424499278473924,773.0545261318914,0.13693323572580973,0.01875071104634017,ball,7mil,12000.0
CWRU,DE,94,0.10715182443706332,0.08004843127451133,0.16760912499863242,0.7506098094082523,0.0017326342046888985,5.192000971359632,3.519928067430202,4.405305178011256,0.02379268520011557,0.011094287635666165,0.9400120958083832,0.4720364870259481,3363.28125,0.13410401519101733,0.09091610144717203,1.2515327284024422,-0.031531607552986916,3033.454541783551,0.03436027877220977,29.199276179102654,5.060036031551235,725.1775227226731,0.13364431777000366,0.017860803672209713,ball,7mil,12000.0
CWRU,DE,95,0.11097452265391089,0.07682522782402983,0.1780825350923052,0.7434763863705837,0.0016158507022334752,5.014244719766944,3.4072278796814395,4.253557264653058,-0.08138992476988927,0.011308197569704338,0.9400120958083832,0.4720364870259481,3257.8125,0.13853974659014628,0.09413910038437209,1.2483923631931384,-0.03368303659844315,3028.245217261479,0.03183698997462028,38.74572584257346,5.58595969566182,704.1683171719199,0.13807746395768747,0.01906538605298648,ball,7mil,12000.0
CWRU,DE,96,0.11311671524139218,0.07787143261593488,0.1487922940006158,0.7717744019742105,0.0015618711693637744,5.805841913601201,3.960767877137456,4.929773634331521,-0.07486336326186027,0.011074300500561376,1.1024472255489022,0.5576398003992016,3363.28125,0.14079083089368558,0.09604805103163983,1.2446509836608723,-0.012723702639811301,3039.282650343753,0.03217311793345114,43.82473941217153,6.05136842713715,708.6609901310101,0.1403546149300323,0.01969941793215764,ball,7mil,12000.0
CWRU,DE,97,0.1128818664039109,0.0798088674954261,0.16512929378148153,0.7539712204150729,0.0010906180908474713,5.934137921252796,3.968251273429084,5.0134180984481045,0.2890316993669826,0.011056454844217814,1.1235637924151696,0.565923992015968,3363.28125,0.14261294283588455,0.09536751580868076,1.2633822187665704,0.024371231406092302,3028.819265503226,0.030039659607290627,84.04010772455229,7.8464642944237974,709.8395248627507,0.14218370606574107,0.02021620627058905,ball,7mil,12000.0
CWRU,DE,98,0.1114489791705651,0.08544148795886737,0.1704470586754476,0.7430966008286012,0.001014852429468653,6.025620274916199,3.99604387722232,5.077875062003572,0.2813711220218389,0.011258705616111525,1.0480314570858282,0.565923992015968,3257.8125,0.14162106558483187,0.09391962423716428,1.27072555207608,0.05631012016889186,3010.0679382823046,0.03362047207869884,49.60140763159774,6.40170010549166,730.1251538136378,0.14117282941569523,0.019929767765232986,ball,7mil,12000.0
CWRU,DE,99,0.10978647782559876,0.07777755805626368,0.19407712404058533,0.7266453733847532,0.0014999442708357742,4.74679945430698,3.1823926552041004,4.012553099263114,0.034405501576785014,0.011140448400074849,0.8805608383233532,0.4405240718562874,3257.8125,0.13842543004110683,0.0928044414129568,1.2608604700936161,0.0139296698246332,3030.6013936520235,0.035761029811614616,39.006621199029695,5.747800460106826,697.7626019471996,0.1379764113590096,0.019037490091510633,ball,7mil,12000.0
CWRU,DE,100,0.11219072396223174,0.06508867585708446,0.18751794857220683,0.7458354176328712,0.0015579578604910562,5.224674107441834,3.4951902965644446,4.405801855479591,0.02811630893359318,0.01128694141014845,0.9585297005988023,0.4942900998003992,3375.0,0.14142008241618653,0.09460687683780132,1.260532755486939,-0.027572199783841858,3073.600001344922,0.031028542227241256,35.78084875776101,5.430338682617193,647.8396442300443,0.140968949290987,0.019872244664204862,ball,7mil,12000.0
CWRU,DE,101,0.1183131324265531,0.058364412427971656,0.13649924513517064,0.8035983904652118,0.0015379516767399053,5.606708265261688,3.7284243977340563,4.7187453283323455,0.18360511221154274,0.011266002506705335,1.0628130538922156,0.5582895409181636,3234.375,0.14973873179712674,0.09957527920210166,1.2656137888165724,-0.014071904743221243,3107.355436554821,0.030267704342442147,34.819543881560534,5.40113190489451,610.4757906990179,0.1493143160843285,0.022294764987730756,ball,7mil,12000.0
CWRU,DE,102,0.11978876992109527,0.062208502738052486,0.1615595497321399,0.7749642889489844,0.0012676583402459287,5.5082998215927566,3.704038593716035,4.6606166945858805,0.11446466579486048,0.011436289725237022,1.0628130538922156,0.5582895409181636,3421.875,0.15072454748860106,0.101354239783689,1.2582527359441387,-0.01379788860763411,3098.717543795582,0.029101933932478494,33.401877193521244,5.507449162281421,639.2867539468947,0.15029005453776373,0.022587100492963995,ball,7mil,12000.0
CWRU,DE,103,0.11898325665076094,0.07335609645407827,0.2024643624910156,0.7229564165029814,0.0012231241841061395,4.965189202951076,3.3599430305549807,4.206160167556133,-0.12370830426446178,0.011513541588697601,0.9393623552894212,0.500462634730539,3363.28125,0.1489497381888272,0.10079427274052064,1.2518546086364382,-0.013354718419931829,3025.6986615233095,0.030746055877088178,21.59088765484971,4.385644395961014,676.3571393896406,0.14850408366979512,0.022053462866605505,ball,7mil,12000.0
CWRU,DE,104,0.11621963865238269,0.0683117581527423,0.1742287275935466,0.7561089770590788,0.0013505370537514633,5.405446985498699,3.636463034749533,4.571734308781079,-0.010083501602240919,0.01124085995976796,0.9776970459081837,0.5313253093812376,3363.28125,0.14611046621510163,0.09829442612361838,1.2571925701139333,0.013031733109902917,3054.3506012886464,0.030423916763276455,48.272916033245636,6.394968647143851,659.9543215322692,0.14567742242694726,0.021221911404959236,ball,7mil,12000.0
CWRU,DE,105,0.11632330208723174,0.06524328567614965,0.1872003000820681,0.7461240221302401,0.0014323920120719504,5.399164781695982,3.643465863124996,4.5676601321272035,-0.06462945034356693,0.011537415111183879,0.9776970459081837,0.5313253093812376,3363.28125,0.14582963841069738,0.09840879670546711,1.2536580013980225,0.0377920439976495,3062.3236880734557,0.029765841582385343,46.77406645312348,6.1670971237413035,648.3044133821651,0.14537252660508782,0.021133171491546966,ball,7mil,12000.0
CWRU,DE,106,0.11751674026946105,0.06448229213253913,0.15778864159907277,0.7763767522756442,0.0013523139709601707,4.911342704436626,3.34134650142078,4.170187032957541,-0.08690184992659633,0.011469442989021953,0.9759102594810378,0.4900667864271457,3257.8125,0.1466674546380519,0.09978264925077361,1.2480558455054953,0.009948172750927176,3072.1037530044573,0.028598034548435097,44.383143063055236,5.936149890589497,646.8427027776794,0.1462183098231086,0.02137979412752658,ball,7mil,12000.0
CWRU,DE,107,0.11207627381954836,0.07381648482684736,0.16222426566030068,0.7621489626936808,0.0018102867745095027,5.156446521724252,3.4860629116890847,4.372618483160779,0.10148749882903507,0.011075252268899698,0.9759102594810378,0.4900667864271457,3269.53125,0.14057887044548376,0.09503963327506272,1.2543142777197145,-0.010248172923457205,3045.0743389282807,0.031588373661632994,25.452526841788572,4.789959577782327,686.3010197396213,0.14014191950629312,0.019639757602908342,ball,7mil,12000.0
CWRU,DE,108,0.10835002146098424,0.08272387658388021,0.2063281216775795,0.7091768999936314,0.001771101712779887,5.650747893012629,3.822644323591222,4.791348147887877,0.019728672972773253,0.011321680954497253,0.9820827944111776,0.5191426746506986,3363.28125,0.13580721372554608,0.09187149815914436,1.2534119688610204,-0.028366377483525274,3003.4291917596083,0.034195192618690404,28.96043545863001,4.914227275929681,727.78292219404,0.13533447025891346,0.01831541884026073,ball,7mil,12000.0
CWRU,DE,109,0.10857987351468933,0.09110522347188021,0.18478660761318727,0.7227172962284028,0.0013908726746390716,5.658111128384803,3.806994304105487,4.781205373023997,-0.018115331391903133,0.011236973572386476,1.0030369261477046,0.5191426746506986,3398.4375,0.13636549812823515,0.09175194033329212,1.255900322169622,-0.05878442493976711,2992.1752947977475,0.03296543357557677,25.50290015382301,4.6948161758709,749.76624238645,0.1359017273793648,0.01846927950469519,ball,7mil,12000.0
CWRU,DE,110,0.10770797440275694,0.08679604164957781,0.18115739937255743,0.7308198969811541,0.0012266619494451984,5.357897894170437,3.5377668734797005,4.492650188439716,0.14729918144253284,0.010648860053330838,0.9047636726546906,0.483894251497006,3257.8125,0.1367795755917218,0.09031419804089554,1.2699113166891078,-0.034828918086046254,3006.0916866522725,0.032967687056296074,31.61911429515778,5.178081828139317,730.6287119736489,0.13636441646784586,0.018595254078616112,ball,7mil,12000.0
CWRU,DE,111,0.11239646455136597,0.09432622611892022,0.1808706436323917,0.723480058060143,0.001323072100923405,4.779114106395027,3.194412095116674,4.030656824078917,0.058920818254359464,0.010910041148172404,0.8860836327345307,0.4530315768463073,3339.84375,0.14182001675327385,0.09479404901425073,1.2617836096478028,-0.0393626675849576,2989.7512135134775,0.035542181369829375,38.105147491320146,5.436483514232092,761.3721742582389,0.14139974594759375,0.019993888154044057,ball,7mil,12000.0
CWRU,DE,112,0.110362139042228,0.07523675772967116,0.18241736736832365,0.7407491706315554,0.0015967040384036464,4.825909309042736,3.296018189217398,4.10495465906984,-0.12343003474892056,0.01089029195515219,0.8860836327345307,0.4530315768463073,3363.28125,0.13744814222456536,0.09387486333351142,1.2454283997882047,-0.03507862702004545,3042.1210725952037,0.03271102749144447,26.90042086298183,4.850970583725568,686.7243501511387,0.1370160331571305,0.01877339334211589,ball,7mil,12000.0
CWRU,DE,113,0.11166899628477416,0.06953837392251065,0.1786649556404086,0.7502894524892125,0.0015072177879209597,5.21322731372613,3.5279297325936687,4.416203873048119,-0.050629729030017945,0.010422735758950844,0.9776970459081835,0.4931530538922156,3269.53125,0.13978539576230692,0.09459649929205498,1.251783399268955,-0.024725919476669838,3056.7757546215366,0.03221921615999728,28.933804376845114,4.98017035312712,657.376046623758,0.13939628204412002,0.019431323447723862,ball,7mil,12000.0
CWRU,DE,114,0.11536963021223173,0.0694523945649195,0.1942938643893126,0.7348420598689271,0.0014116811416045648,5.074524306339592,3.37753824114023,4.27454827570324,0.08500583415777285,0.010140377818581585,0.9776970459081835,0.4931530538922156,3269.53125,0.14600961371372395,0.09718212469218455,1.2655810150828037,0.0007009827464515219,3034.844343215282,0.032307231886945426,76.73494002303207,7.671895454581989,665.098898003965,0.14565706311239188,0.02121598003452731,ball,7mil,12000.0
CWRU,DE,115,0.11278169278630235,0.07589639690168716,0.2093357888638673,0.7133972154263135,0.0013705987112668289,5.503259108706492,3.651718324604812,4.631880975889687,0.17860170595561398,0.009891252456025446,1.0067729341317366,0.522391377245509,3339.84375,0.14305357938636792,0.0949240017463568,1.2684113516315494,-0.030966539909568287,3022.001590251642,0.033127304424254364,22.84905508383823,4.561252559137178,701.5376301017213,0.14271121084239682,0.020366489700103043,ball,7mil,12000.0
CWRU,DE,0,0.4084914359757048,0.008718922060179043,0.2533354444919054,0.7311871494337548,0.006758483939523593,12.170371972697575,5.282363926151277,8.684596349148254,4.672676085360448,0.03430252405345559,6.520958283433133,3.547583233532934,3445.3125,0.671590084123132,0.2914934105129581,1.644073840909299,0.13196905846307933,3252.8950491105447,0.02153363131476226,45.98616436972204,6.214395878169356,425.1185677214063,0.6707134842360616,0.4498565779360777,outer_race,7mil,12000.0
CWRU,DE,1,0.40341315703553826,0.008170339413768051,0.254666405368188,0.7312875657488274,0.005875689382098063,12.451919246037175,5.291362962124802,8.79392050473062,4.66561196250602,0.03455890664959144,6.520958283433133,3.547583233532934,3445.3125,0.6704479089652856,0.28490252493903323,1.6619386286060651,0.15103064766657284,3250.7467059835553,0.020343509580670105,53.43607743440076,6.562640435391802,418.1098290427615,0.6695566298731637,0.44830608060710875,outer_race,7mil,12000.0
CWRU,DE,2,0.4165229727556605,0.007569177164068945,0.2597626788586594,0.7265886247918125,0.006079519169405948,11.28583220539235,4.830137214413759,7.9828660680834815,4.720601296499296,0.03412743833621819,6.407659780439122,3.325047105788423,3445.3125,0.6883959933614409,0.2946213487207192,1.6527203501096341,0.04851430278177072,3249.409617655055,0.02185224564731583,43.5977067622849,5.9636663377226204,414.89467440003824,0.6875495339455133,0.47272436162869264,outer_race,7mil,12000.0
CWRU,DE,3,0.4260402595687531,0.007397254203998414,0.25402291340870026,0.7324990355934623,0.00608079676982232,11.013356210207096,4.75728497269642,7.804537320379313,4.517980359801867,0.03409055731310816,6.476694710578842,3.325047105788423,3445.3125,0.6989379708955701,0.3019104296932478,1.6405444208560238,0.022595807231067567,3252.8431888367204,0.02006670237940365,54.42703861566343,6.555653691825416,411.18063084514233,0.6981060958491184,0.48735212106169845,outer_race,7mil,12000.0
CWRU,DE,4,0.41297981683118135,0.007996560001629415,0.2523327492156335,0.7325816019624642,0.007089088782615844,11.18610856271446,4.782513229768022,7.884192018467822,4.415370752593469,0.034367164986433385,6.407659780439122,3.256012175648703,3445.3125,0.6808161356213618,0.29107639688941006,1.6485457832910684,0.10750647557985799,3255.8986505720713,0.02182634122130093,44.95609315577818,5.984654902080172,421.133238679118,0.679948166034147,0.46232950849319987,outer_race,7mil,12000.0
CWRU,DE,5,0.40607097012030624,0.008037018252559383,0.25876076758153127,0.7262145113069347,0.006987702801445511,12.265217830151204,5.177596910417228,8.600356948408503,4.644420900992513,0.033847856386835705,6.704916067864271,3.4923552894211576,3445.3125,0.6745127807061619,0.28473650756010294,1.6610711681909316,0.13606341969421562,3250.609080086903,0.020386886484968506,49.53458831264614,6.216213686633015,422.55797455778577,0.6736629824726716,0.4538218139539751,outer_race,7mil,12000.0
CWRU,DE,6,0.4085883973751715,0.008331495011240322,0.25538270575184585,0.728764298582138,0.007521500611309375,12.103246631131789,5.166275928696906,8.547367746750842,4.838742661168087,0.03347944272587637,6.704916067864271,3.4923552894211576,3445.3125,0.675990856396638,0.2885469821327258,1.6544543622366592,0.0519526723622056,3255.067935261683,0.021861122539070653,44.260378404095455,5.847120760348491,426.1898812103187,0.675161288024295,0.455842764846625,outer_race,7mil,12000.0
CWRU,DE,7,0.41635839614715875,0.007390674256987536,0.2617269853494777,0.7236276592541594,0.007254681102315777,10.783411910050205,4.701101503409737,7.708051778338575,4.732868088018989,0.033987845646597424,6.305731736526947,3.209312075848304,3445.3125,0.6826723638110281,0.2976156436032278,1.6396267497623436,0.03486793141465045,3251.580128024297,0.02025613985610546,66.04591190819639,7.1660631033259525,420.53628796123206,0.681825771483918,0.4648863826596399,outer_race,7mil,12000.0
CWRU,DE,8,0.4224005388149482,0.007297020961604666,0.24892989349402928,0.735232088033892,0.008540997487623108,10.58361106299282,4.671649583154054,7.597793518095603,4.344518884619552,0.03348142557658121,6.241975948103793,3.209312075848304,3445.3125,0.6869761994609073,0.3032341283846063,1.6263620339790061,0.044574737945614576,3264.649523071754,0.023466997267535983,51.37589415456804,6.193736984890346,421.86475238797505,0.6861598157624156,0.4708152927671121,outer_race,7mil,12000.0
CWRU,DE,9,0.4184146123280782,0.0075226181185623605,0.2532677527264036,0.7316510364730223,0.007558592633113338,10.41924275364272,4.538851752144069,7.420743476701134,4.139756740110705,0.0323254236156593,6.137611377245509,3.10494750499002,3445.3125,0.6840821587802026,0.29800126347036926,1.6349385002926593,0.07350844137535582,3257.008950884632,0.02098199155951302,70.22111321204484,7.382053450867661,421.16466751040315,0.6833179837743556,0.46692346694945047,outer_race,7mil,12000.0
CWRU,DE,10,0.40200057419341,0.009175948651445826,0.24176131096821515,0.7398850964471778,0.009177643786885526,10.95398867777351,4.730799371594244,7.791420187660274,4.441422588214376,0.03220922856435565,6.209895009980039,3.132155389221557,3445.3125,0.6620774087416107,0.28593743168430896,1.6469563757963013,0.06622567102845255,3264.5848319783913,0.022901249920265702,56.10275134375989,6.475695692189059,439.1003803798574,0.661293475516956,0.43730906076129494,outer_race,7mil,12000.0
CWRU,DE,11,0.4042457560465007,0.009231248798404172,0.2549633930306013,0.7261922480446613,0.00961311005151779,10.802939774885498,4.749059179872696,7.7481466221287,4.617043218697431,0.03242159187484406,6.209895009980039,3.132155389221557,3445.3125,0.6595317663119789,0.2899354670571377,1.6315119118680677,-0.026032324091137957,3253.0355382140597,0.020606070916197913,74.79204822003751,7.715397479324512,444.4841366908911,0.6587343858907775,0.43393099115489975,outer_race,7mil,12000.0
CWRU,DE,12,0.40414720836647017,0.008596086110354303,0.24892345023566345,0.7324202761277033,0.010060187522691411,10.684694529495147,4.707067281889127,7.667642194412458,4.599393769389178,0.03257209024334144,6.105124351297405,3.0988561876247505,3445.3125,0.6583411712740721,0.290027588441611,1.6289637974614077,-0.004370241570974262,3262.7163293545127,0.023017771058224584,58.98359675599659,6.6599490653207685,438.0418675656781,0.6575349091353986,0.4323521567316968,outer_race,7mil,12000.0
CWRU,DE,13,0.40712366555950597,0.008618717057810628,0.2570751894110604,0.7255205375286683,0.008785555995792347,11.1229790379243,4.896584853117455,7.956704188145083,4.332220370524663,0.032008762358096306,6.133956586826347,3.239362574850299,3445.3125,0.661555486532196,0.29123156339731887,1.624949720432063,0.03374896601218827,3252.815747490804,0.021549669927910024,73.30594543924806,7.566388872746257,433.7382203500674,0.6607806753327109,0.4366311008931535,outer_race,7mil,12000.0
CWRU,DE,14,0.41008683765281934,0.008749641625807724,0.25603038088152624,0.7254032661792849,0.009816711288155141,11.020886816384015,4.859988014543557,7.899211282642416,4.223426660791796,0.031055804309350045,6.120961776447105,3.239362574850299,3445.3125,0.6665371530045914,0.29392939323490336,1.6253561241311616,0.061570180997585225,3257.088381353693,0.02236624111120524,58.868988102055276,6.637241059651784,436.7867270707477,0.6658132721372904,0.4433073133541654,outer_race,7mil,12000.0
CWRU,DE,15,0.396145810917228,0.009293868706956879,0.2608612521865263,0.7190565406319785,0.010788338373676147,11.838525568842186,5.207280335571107,8.499078013474419,4.4146777505218155,0.030930091574663168,6.248473353293413,3.366874151696607,3445.3125,0.6465705578970613,0.28439978712871833,1.6321529600426794,0.0975142717337654,3251.23059843088,0.02232988994580482,68.07733930673014,7.255330592921013,447.24693006653604,0.6458303304851051,0.4170968157745,outer_race,7mil,12000.0
CWRU,DE,16,0.3883093866466286,0.00959234253283957,0.25228567137776314,0.7247974190140848,0.013324566905427179,12.139243610819072,5.290679642949066,8.670596868060127,4.557048023690374,0.03108534878485216,6.137205289421158,3.366874151696607,3445.3125,0.6363783821580784,0.27735452550732964,1.638843674765964,0.07351443940262849,3262.88731012649,0.025553310555481785,53.42166565974125,6.30942057471907,456.28691107171744,0.6356187114686426,0.40401114636905744,outer_race,7mil,12000.0
CWRU,DE,17,0.3826776940747411,0.009981012102000081,0.2551773890433965,0.7221568808116741,0.012684717956456183,11.625822310747376,5.029459502815848,8.27503902977144,4.569263556293163,0.030134373586810752,5.888679540918163,3.1666728542914173,3445.3125,0.6296248836517104,0.2723826985867501,1.6453137807628209,0.08496338616299964,3258.0564270482014,0.025293124212303977,64.58220827489176,7.0737210926352025,458.7921432790099,0.6289033420502393,0.3955194136419604,outer_race,7mil,12000.0
CWRU,DE,18,0.3919812295818519,0.01031449967513432,0.2527453012202878,0.7244326616873886,0.012507537411851925,11.395338791496332,4.911783615094453,8.07863391231637,4.452003253502255,0.02916000075045222,5.888679540918163,3.1666728542914173,3445.3125,0.6447093566092533,0.27789194443736226,1.644745482575787,0.0967485089814733,3260.9654347155033,0.026308025548844167,50.33813788325596,6.174182654951126,457.40083515221716,0.6440495701852079,0.4147998488557511,outer_race,7mil,12000.0
CWRU,DE,19,0.39698832418171465,0.009609800211225667,0.25056318152691137,0.7287045301627,0.011122488089371036,11.290501170478054,4.869116860771564,7.9716259204668685,4.143693669060224,0.02952008643845122,5.884212574850299,3.1646424151696606,3445.3125,0.6499417667844162,0.28029246597524293,1.6371810635088513,0.07918467155002694,3258.8206586619544,0.02395706646187998,59.976728688766194,6.7985429486092235,447.07265257958915,0.6492710256183583,0.42155286470751485,outer_race,7mil,12000.0
CWRU,DE,20,0.39148492205043034,0.009017351064085558,0.24941430094309713,0.7301786805475674,0.011389667438919377,10.86705430159972,4.6298390295544465,7.636612279256914,4.311537985761958,0.029739588011477046,5.757107085828345,2.989618562874252,3445.3125,0.6457284030373641,0.2751084590084505,1.6494336478026161,0.051093951947300785,3261.758553795404,0.02403882818872003,52.13931941600124,6.279198195646667,443.2886549031626,0.6450431980837347,0.4160807273940922,outer_race,7mil,12000.0
CWRU,DE,21,0.388726578434927,0.009334261326592645,0.2454560593503671,0.7342459770846764,0.01096370221659301,10.871621951934948,4.646876167980691,7.690800497642628,4.6363361345097855,0.028885970783043287,5.757107085828345,2.989618562874252,3445.3125,0.6433609278151684,0.27499287374890324,1.6550474382416518,0.023406203869875332,3262.236005197886,0.024673685824690313,54.741905139341846,6.490369514928573,445.3306853767902,0.642712131619682,0.4130788841311155,outer_race,7mil,12000.0
CWRU,DE,22,0.383542018696981,0.00929994163123963,0.24775265442331215,0.7311722911692207,0.011775112767802777,11.325645092127074,4.806284103314905,7.984283687708603,4.700267573262402,0.02827227848989521,5.942689221556886,3.0623082834331337,3445.3125,0.6371467473845445,0.27038709570387925,1.661217588490415,0.02387031463887685,3263.5658456021583,0.02436010316192459,56.96050240322808,6.58246678363755,449.31786258219864,0.6365191717235972,0.40515665597169426,outer_race,7mil,12000.0
CWRU,DE,23,0.3856184599550898,0.008638178840003851,0.25007132272556476,0.7300828293043342,0.01120766911689224,11.267754236351939,4.797763131052751,7.9412906835159776,4.644817391723756,0.028201292434661927,5.942689221556886,3.0623082834331337,3445.3125,0.6382783392562329,0.27177627583973557,1.6552069092609534,0.02835525773069655,3262.5571953384133,0.024351065253345155,53.4719278055729,6.444559887130029,443.0444599680161,0.6376550207351225,0.40660392546870944,outer_race,7mil,12000.0
CWRU,DE,24,0.3960674883143868,0.0079681285843085,0.25573698570012776,0.7255510634686387,0.010743822237202948,11.847550054833869,5.130240918135015,8.406431151484506,4.693818007083094,0.028159454284789793,6.511212175648702,3.3295140718562872,3445.3125,0.6489976055679385,0.2810297535310118,1.6386035832680697,0.005069159987718581,3260.0010707540664,0.02357828821894047,57.34963876587406,6.6307260317687575,434.50338144868834,0.6483864103814179,0.4204049371673004,outer_race,7mil,12000.0
CWRU,DE,25,0.40768461402390527,0.0073512203071385476,0.25396318830680165,0.7291219090327943,0.00956368234723269,11.526250831775052,4.989094788957917,8.16688674854199,4.669574204811914,0.02769189808858845,6.511212175648702,3.3295140718562872,3445.3125,0.6673583511031527,0.28886357935900825,1.6369476015202795,0.020038838490283505,3262.1690564120963,0.022674899591963935,56.00683430807059,6.584861979286929,426.31639762963783,0.6667835687592865,0.4446003275673701,outer_race,7mil,12000.0
CWRU,DE,26,0.39692368324873684,0.008448361870467682,0.24828487829922707,0.7347887880872421,0.008477971740413297,11.763339543741349,5.062464104163813,8.350443579548832,5.008926295162603,0.027488457606271825,6.419436327345309,3.314488822355289,3445.3125,0.6547184837575765,0.2817642736597494,1.6494820324119825,0.08662469909284265,3260.2081824258535,0.021430858101797044,59.23251833688732,6.77726849629904,428.57889744411216,0.6541411756434907,0.42790067767224815,outer_race,7mil,12000.0
CWRU,DE,27,0.39672163076191364,0.009434017271904864,0.24439729280698344,0.7374649949756936,0.008703694937549236,11.761021430084003,5.049106577439645,8.354696505934733,4.87453377200356,0.02746446511274326,6.226544610778442,3.314488822355289,3445.3125,0.6564505564538976,0.2818198097893964,1.6546880874460215,0.1134871418605556,3260.092656386278,0.022934404731853097,56.474911514030076,6.635379147659227,438.3822201040951,0.6558757780439088,0.4301730362247027,outer_race,7mil,12000.0
CWRU,DE,28,0.39976947058032375,0.008118567912467956,0.24823591437698228,0.7363347968635581,0.007310720798131675,11.4757981526905,4.8886420024015695,8.12643994573776,4.861778414064292,0.02710933655150636,6.136799201596807,3.248702594810379,3445.3125,0.6645409079278944,0.28309164657525115,1.6623102983907607,0.0850810766511838,3257.9863919677946,0.02014372752345656,67.60237716278102,7.338100105053126,422.65812371040045,0.6639877274327949,0.44087970218136746,outer_race,7mil,12000.0
CWRU,DE,29,0.4160657273831243,0.007071491552803365,0.24474846631226785,0.7407831941263665,0.007396847986997941,10.669815798176367,4.574852721491241,7.553406747585333,4.574253275541987,0.02673061206688186,6.199336726546907,3.1427136726546907,3445.3125,0.6869540647486192,0.2945424487264183,1.6510710196421772,0.06474153013540533,3262.681750722317,0.02113674070497697,58.678371759560655,6.769134622842299,412.4207412093473,0.6864337997601662,0.47119136145317997,outer_race,7mil,12000.0
CWRU,DE,30,0.41439021853753427,0.005892183377689634,0.25067708031320335,0.7356523539387783,0.007778382346908131,11.195010526415054,4.802964153127648,7.923995308801358,4.609822825190989,0.026933655979057506,6.503496506986028,3.283626147704591,3445.3125,0.6836665948394228,0.2933115730402174,1.6498135435054877,0.05033344333576141,3262.2395248492844,0.018913117765502214,70.66360067380604,7.486421203039359,405.27348446938186,0.683135851112305,0.46667459107493336,outer_race,7mil,12000.0
CWRU,DE,31,0.4195944084974582,0.006162425313970192,0.24651133780330486,0.7403222038961206,0.00700403295043976,11.008583090028129,4.7537354620652446,7.8257147407255845,4.787960278225269,0.026507739647657805,6.510400000000001,3.283626147704591,3445.3125,0.6907465032305418,0.2982787267762904,1.6462242804999774,0.04773686888411975,3263.6061771119494,0.019684645358507467,62.531123133440516,6.9282142438846055,403.006392456688,0.6902376920047129,0.4764280714639928,outer_race,7mil,12000.0
CWRU,DE,32,0.41729132740378616,0.007091351897748399,0.25170115009141486,0.7355981931517352,0.0056093047766724,10.921457262821813,4.672588036781872,7.732664544866196,4.741236627737428,0.025663640102607285,6.334157884231537,3.226773852295409,3445.3125,0.6905752929414614,0.2954526831579339,1.6548997009785342,0.052595287854781354,3255.090338363763,0.018554852401864243,70.02002795963924,7.51242982088672,405.48706358837416,0.6900982631465384,0.47623561279786897,outer_race,7mil,12000.0
CWRU,DE,33,0.4135734823322106,0.006750805424781981,0.24642125599449663,0.7417874142743872,0.005040524302560959,10.71814459939771,4.507453603644858,7.513499207959528,4.43306317462912,0.025876994838448103,6.1692862275449105,3.107384031936128,3445.3125,0.6893879128169855,0.2899180919905431,1.6669055011201659,0.024018498344956687,3260.105564680479,0.019962867195972376,48.35719290950644,6.19075781959901,398.62047859419624,0.688902079744495,0.4745860754762906,outer_race,7mil,12000.0
CWRU,DE,34,0.4189729830865612,0.005708313351663012,0.24671477974530126,0.7418351182689028,0.005741788624851512,11.687448062916749,4.904156007334874,8.175588729298816,4.568226358801513,0.026546603521472676,6.409690219560878,3.4253507984031937,3445.3125,0.6984587752265806,0.2930794455696049,1.6670735427402885,0.04516704835172004,3262.636634015824,0.018567625773447043,74.61845545462472,7.74081672304564,394.67239057049943,0.6979541091880531,0.48713993853248877,outer_race,7mil,12000.0
CWRU,DE,35,0.4195432509492733,0.005457582486872632,0.24881483139370467,0.7400444399518795,0.005683146155313518,11.567343597893904,4.947289903830929,8.164475988239293,4.722535273247581,0.02523712891599613,6.559942714570859,3.4253507984031937,3445.3125,0.6923691283485888,0.29612250811213525,1.6502926141274112,0.07293766628622339,3263.074187705404,0.01921819098017642,69.02211549133767,7.296424365512995,391.64775015897857,0.6919090237988387,0.47873809721426197,outer_race,7mil,12000.0
CWRU,DE,36,0.42432291257329086,0.005842054710445721,0.25199924020281567,0.7358909421380584,0.0062677629196234335,10.807718739047496,4.632077173792963,7.618879569936692,4.3482075655197745,0.023847745427114517,6.3674570858283435,3.2328651696606787,3445.3125,0.6979299023667727,0.29912558308725906,1.6448084269930232,0.054949634682091415,3260.6738261178357,0.019345289653087846,84.16180150055283,8.142907150036795,398.1552455295646,0.6975223535168865,0.48653743365573643,outer_race,7mil,12000.0
CWRU,DE,37,0.415740738152601,0.006289538413298476,0.2534328412510028,0.7346410947835149,0.005636525541882239,11.0416487788665,4.71050522498279,7.79959955777748,4.607650161012459,0.024567916803112523,6.255782934131736,3.2426112774451097,3445.3125,0.6883786605834742,0.29367093107067527,1.6557883252970973,0.05466531104893679,3257.7944311956276,0.01965552793158064,60.75683135000386,6.729289138248983,397.9640680104279,0.6879401120814612,0.4732615978106534,outer_race,7mil,12000.0
CWRU,DE,38,0.4208961499851859,0.0066372758475178005,0.2560994909242079,0.731643426354382,0.005619806861942803,10.882593109616476,4.70117282434723,7.745552089290813,4.665047042350334,0.025006523379023204,6.497405189620759,3.260073053892216,3445.3125,0.6934595207834942,0.29956766930957207,1.6475786742356793,0.03909246751813578,3255.363547057376,0.01984309292152849,84.95380981789853,8.114757883453153,402.7491327272755,0.6930084997702176,0.4802607807537677,outer_race,7mil,12000.0
CWRU,DE,39,0.42246557631806697,0.006508539587181183,0.2462691402667895,0.7416083313391195,0.005613988779374831,10.823651235326032,4.680451528742326,7.71677797349757,4.7980981647313445,0.02486038728207647,6.497405189620759,3.260073053892216,3445.3125,0.6965296048623375,0.30119901159158285,1.648725112547235,0.013112548765719982,3260.5610778381583,0.019464133322345305,58.806857762755634,6.631685995105577,398.91836600529433,0.6960858076371541,0.4845354515938692,outer_race,7mil,12000.0
CWRU,DE,40,0.42902960529137035,0.006616124612631249,0.24971109750831838,0.7371297081721505,0.006543069662423043,10.481766582043889,4.5554010645728855,7.472825496683692,4.543744204357015,0.02479257378797093,6.393852794411178,3.206063373253493,3445.3125,0.703793876281691,0.3058705179283173,1.6404319599429922,-0.017873534154570377,3261.2707135021856,0.02048690191548825,79.88364436515508,7.884309358526575,408.66139112474673,0.7033570562499363,0.49471114857657605,outer_race,7mil,12000.0
CWRU,DE,41,0.4324571610197574,0.005926822046036441,0.25451020359374366,0.7344079336899364,0.005155040611348535,10.937183583446085,4.716774997338239,7.741317119267561,4.3610845917414025,0.024863163273063246,6.53557744510978,3.347788023952096,3445.3125,0.7097620780811705,0.30609233157785903,1.6412309520034611,0.026924806259336253,3258.7114655887067,0.01935192236947526,47.09036531429692,5.985696240668834,394.68323543325903,0.709326462634913,0.5031440305941586,outer_race,7mil,12000.0
CWRU,DE,42,0.41965429058874437,0.006169918431867587,0.25019276286108266,0.7373504735866069,0.0062868450652294105,11.282417999289947,4.847695392527813,7.977490279571295,4.599555354833336,0.024260773228932754,6.418218063872256,3.347788023952096,3445.3125,0.6905937260646248,0.29672611173976954,1.645625319583346,0.09298670798472357,3262.396482163496,0.020239526259404096,76.3069054783687,7.660628697122449,403.71183499693194,0.6901674502337504,0.47633110936215634,outer_race,7mil,12000.0
CWRU,DE,43,0.41948356714305757,0.005796672626931586,0.2554197998620544,0.7333283235849926,0.0054552039248299804,11.661587722127791,5.003752462081025,8.256635837920777,4.731079436942693,0.024165398110029934,6.545323552894212,3.4635230538922155,3445.3125,0.6921851310869525,0.2970027012119629,1.6500887884623494,0.01999412686102604,3259.6295448157016,0.019061403333998674,50.76607829761219,6.1908641571139045,395.79588586262344,0.691763174238153,0.47853628923204533,outer_race,7mil,12000.0
CWRU,DE,44,0.41574886784049087,0.006662406677425054,0.2532304792060077,0.7334667544943733,0.006640359607999978,11.719659158532433,5.048924351916563,8.330805738287795,4.706333616098097,0.024407107610949972,6.545323552894212,3.4635230538922155,3445.3125,0.6859922653777667,0.29553103951582216,1.6500159554035378,0.012078362659365844,3260.7543996648624,0.020139191440590693,76.79419213734644,7.724727196010385,410.59967845710827,0.6855579342814053,0.4699896812561877,outer_race,7mil,12000.0
CWRU,DE,45,0.4220404531269492,0.006705942966346321,0.2520890492475205,0.7353321224146055,0.005872885319737809,10.769952384759437,4.609658136104051,7.610049176561568,4.4344754641356054,0.023899101260369884,6.184311477045908,3.211748602794411,3445.3125,0.6967433393030068,0.29821381637112504,1.6508923117221357,0.07904448071899164,3260.4674411913347,0.020111823915679693,54.08839768894034,6.420063967751304,404.98128872405897,0.6963333352799157,0.4848801138220515,outer_race,7mil,12000.0
CWRU,DE,46,0.4252487055673808,0.006661674048541098,0.2478828532942684,0.7368631428943574,0.008592329759494564,10.774557643490612,4.594665482506109,7.552635812281169,4.221893402775109,0.02425680752752308,6.245630738522953,3.211748602794411,3445.3125,0.69901685226551,0.2980863538963728,1.6437836097181266,0.0714011611346905,3266.3040393469178,0.022796881077870697,68.20548557384076,7.289340668754108,417.7630000712932,0.6985958538667077,0.4880361670397545,outer_race,7mil,12000.0
CWRU,DE,47,0.4145254489556044,0.0063099065097893476,0.2523659527861565,0.7338239118501096,0.0075002288174239274,11.038235058388882,4.7686117976210145,7.804832501256845,4.37545753945602,0.024527268363663295,6.2691838323353295,3.2353016966067867,3445.3125,0.6784577637921434,0.2930995471189943,1.6367095566786447,0.05913113096647039,3262.337267571483,0.021061275369273505,46.0906708339248,5.958889400162153,408.71926680295473,0.6780142700242029,0.45970335035645277,outer_race,7mil,12000.0
CWRU,DE,48,0.40392017196076596,0.007144386253964667,0.24691611792046544,0.7362527402611837,0.009686755447233597,11.247518134595907,4.876425414810567,8.009755197175549,4.739876329567583,0.023743844050180887,6.222889820359281,3.2353016966067867,3445.3125,0.6634576398483617,0.287645830652668,1.642546438390815,0.06390047057902502,3268.575032334353,0.021407618840129733,67.3242113669917,7.30364543028711,426.2467752568962,0.663032630978958,0.43961226974287915,outer_race,7mil,12000.0
CWRU,DE,49,0.3992299369035367,0.008114350587228512,0.25507902781400993,0.7282636298717347,0.008542991677008008,11.631498827272607,5.008630178296103,8.2676210655136,4.792979249609448,0.0239821827049027,6.231011576846308,3.3006818363273456,3445.3125,0.6589989116445829,0.28377098131052303,1.6506750890372544,0.08838975364903975,3256.9744673842133,0.021490740816872664,48.312267645556254,6.142120771491926,429.51458778749475,0.658562389194413,0.43370442046145347,outer_race,7mil,12000.0
CWRU,DE,50,0.40103155505395455,0.00863461465497092,0.24356726743451265,0.7378048107285905,0.009993307141537006,11.675909149015382,4.958481725659733,8.230479110012363,4.634355778195726,0.02447749881097181,6.367863173652696,3.3006818363273456,3445.3125,0.6656638098002036,0.28269163404767406,1.6598788833727698,0.140577545666289,3266.694126536512,0.02245271110878496,64.81434912906892,7.162077933488276,437.8006720864617,0.6652136196213067,0.4425091597296804,outer_race,7mil,12000.0
CWRU,DE,51,0.40967599098677643,0.007792808599132605,0.2596030750092952,0.7248111955498042,0.007792920803832552,10.98383620025662,4.687142585681991,7.707893534472745,4.200273181271583,0.02376208627666542,6.204615868263472,3.1577389221556884,3445.3125,0.6737023387770973,0.2874896224401009,1.6444760093320752,0.08704090600190156,3253.724545501816,0.022252442509728847,48.22844280433034,6.122520728580051,423.3843421320908,0.673283153308852,0.4533102045295111,outer_race,7mil,12000.0
CWRU,DE,52,0.41391354122809065,0.008144721226193443,0.2500443062808409,0.7305827647177234,0.01122820771950239,10.738138967477461,4.678993984539495,7.62898191923513,4.276815325656745,0.023113495811112147,6.214768063872255,3.1577389221556884,3445.3125,0.674875610567059,0.29406761560075856,1.630474829513159,0.0602144076029333,3266.1902905594543,0.02330106112340302,61.864506031937424,7.0132321045897195,440.6673107923986,0.6744796928371161,0.45492285604965044,outer_race,7mil,12000.0
CWRU,DE,53,0.39900389192318486,0.008554224691801749,0.25631287876603237,0.7264192768854352,0.008713619621058192,11.292274100676996,4.981002498981859,8.124730528745092,4.694441762062016,0.023619321025916913,6.261062075848303,3.241799101796407,3445.3125,0.6508326591803651,0.2870811559207595,1.6311436363273912,0.08196308773721037,3254.343064297622,0.0233096584883293,47.35476223668885,6.052455462630195,433.72507888824896,0.6504039344361779,0.42302527793006006,outer_race,7mil,12000.0
CWRU,DE,54,0.39598857085633415,0.009332578730985114,0.24957263128720722,0.7293061396737125,0.011788650287073885,11.419406656519493,5.00993844079555,8.18659764544705,4.553122981277401,0.023904653242343435,6.261062075848303,3.241799101796407,3445.3125,0.6470736397474831,0.28388507383136413,1.6340715045087586,0.04586268991090153,3262.934864713189,0.02420296196242366,55.37895869276563,6.659134035430141,452.1181314941493,0.6466319376657936,0.41813286280941886,outer_race,7mil,12000.0
CWRU,DE,55,0.3981401621561564,0.009743737755021247,0.2529650417727612,0.7290631690995164,0.008228051336499351,11.272959461720747,4.9080508956452755,8.041380175883678,4.461728573585984,0.023156523671407178,6.0003536926147705,3.2015964071856287,3445.3125,0.6523152418868112,0.284006734705043,1.6384060285557518,0.06116588113819865,3250.9828533720897,0.023835398838083534,44.687416561969336,5.893892945584019,437.15206558294096,0.6519040958678696,0.42497895020930454,outer_race,7mil,12000.0
CWRU,DE,56,0.4066436174038641,0.008808480130712375,0.24802066329430283,0.732285679040653,0.010885177515783323,11.056874433724703,4.816571281962111,7.873224293118354,4.285914931736088,0.023433131344732405,6.213143712574849,3.2015964071856287,3445.3125,0.6647044587869994,0.2895570919590442,1.6346118083216792,0.048375930585625435,3262.799786950617,0.024057626499420035,49.43417240063928,6.25073904562608,441.93369794196514,0.6642912809052202,0.44128290588669816,outer_race,7mil,12000.0
CWRU,DE,57,0.4064040890387194,0.008682091440357182,0.2549478280831875,0.7285477515968877,0.00782232882649084,10.595293795893094,4.6278248939206446,7.533133131179575,4.10177667637655,0.023211448635931258,6.073043413173652,3.061496107784431,3445.3125,0.6615410431380354,0.2889486753987998,1.6277913066839451,0.03549066696807832,3252.294502848392,0.023177659811287537,48.34448888347927,6.11568696517013,427.43777017443296,0.661133708419395,0.43709778040838154,outer_race,7mil,12000.0
CWRU,DE,58,0.4007426537062593,0.009289216958589244,0.2525578557898408,0.7264790433720243,0.011673883836170608,11.498271993563163,5.011375824080954,8.180678986048294,4.197244296928861,0.02266854411294598,6.284615169660679,3.278347005988024,3445.3125,0.6541810315312455,0.2851164947066196,1.6324217686364733,0.06787911132412063,3260.1625660661302,0.024169336796378896,47.55327545844452,6.10570349878629,449.2725196296249,0.6537881607394583,0.42743895912308383,outer_race,7mil,12000.0
CWRU,DE,59,0.3925681533904846,0.009660203230915527,0.2537768989116114,0.7264439729919449,0.010118924842225327,11.732579312561487,5.078772723651022,8.351026382741436,4.5860300111306955,0.02289419252315681,6.284615169660679,3.278347005988024,3445.3125,0.6454998450159609,0.2794225309415178,1.6443000774285605,0.0533744728759264,3255.9229599246114,0.0239814512803867,57.73745902240823,6.621246372664912,445.4954484037246,0.6450937186675609,0.41614590586434225,outer_race,7mil,12000.0
CWRU,DE,60,0.3930969796734656,0.00927269006916775,0.25739181947087975,0.7216117326046367,0.011723757846259076,12.362934829745441,5.387260753847461,8.819125904673127,4.607122477520336,0.022981636239240266,6.524613073852295,3.466771756487026,3445.3125,0.643512893637297,0.28041656809076687,1.6370334215537468,0.05153229419152455,3258.2680466270317,0.024377921061608288,54.256418535770834,6.41018652503978,451.6887563200772,0.6431023936149005,0.4135806886732144,outer_race,7mil,12000.0
CWRU,DE,61,0.3995420376044785,0.008007388872040815,0.2545555439007362,0.728162064236437,0.009275002965066123,12.196249722903001,5.297703307999534,8.676863584299262,4.623958817221868,0.022167081169691863,6.609485429141717,3.466771756487026,3445.3125,0.6543914513393378,0.28424899745836385,1.6378538169922041,0.04105797132792678,3258.295528758273,0.024112194780232143,53.43340004660978,6.329099397250696,431.1625424685324,0.6540158959065302,0.4277367920984213,outer_race,7mil,12000.0
CWRU,DE,62,0.4001499796305826,0.008163124135466132,0.2485306708749961,0.7325780458575911,0.010728159087248803,11.579528573448426,5.125782051231201,8.314576319563303,4.662214923318811,0.021801046929578342,6.469791217564871,3.32707754491018,3445.3125,0.6490868147839068,0.28732409301524475,1.6221088287525145,0.08862444731862881,3263.6369358296456,0.023885643147339517,52.11895891334087,6.317893984781921,436.9471633201753,0.648720592766325,0.4208384074790921,outer_race,7mil,12000.0
CWRU,DE,63,0.39994019402601044,0.007027090983526675,0.2514049799890992,0.7310530929881847,0.010514835991077323,11.625364824557767,5.107208004561284,8.328076010066455,4.637903090055708,0.022607274026166416,6.410502395209582,3.330732335329341,3445.3125,0.6521630472764455,0.28650561815431397,1.6306514249328776,0.11383378751925602,3265.7323366064215,0.023447837402990467,54.220743283885454,6.44452388251502,427.877399114212,0.6517710881851121,0.4248055513940051,outer_race,7mil,12000.0
CWRU,DE,64,0.39058649239606724,0.006677467981032812,0.25019645257409595,0.7331745202073687,0.009951559210468515,12.047602875873071,5.138383464710558,8.527515416359742,4.9416827034767286,0.022011427389361897,6.410502395209582,3.330732335329341,3445.3125,0.6482062614057861,0.2764643198855414,1.659571628883889,0.018754005834425075,3265.945951141957,0.022492755661824817,50.485509002929845,6.244196214070272,422.0406009924627,0.647832427707929,0.4196868543899491,outer_race,7mil,12000.0
CWRU,DE,65,0.38775359359406186,0.006990935283962346,0.25107318296134,0.7314187081203833,0.010517173611488573,11.77066769458017,4.951548700409933,8.257828032825785,4.7992961100650176,0.02148339424666292,6.180656686626747,3.2020024950099804,3445.3125,0.6466668690433945,0.272032358579314,1.6677263079614117,-0.0006067709739596461,3265.0707199351614,0.02293895543708593,56.43416596022642,6.6083524665308095,425.93395779184846,0.646309912727655,0.41771650329002913,outer_race,7mil,12000.0
CWRU,DE,66,0.38529009987836826,0.007042921089097075,0.2581393707720897,0.7255335274694806,0.009284180621468326,11.68027833946184,4.914062988050674,8.194689755402674,4.854219325963089,0.02090360870056761,6.265935129740519,3.1573328343313376,3445.3125,0.6425096385636275,0.27031315030090364,1.6675996574177758,-0.017674080351955387,3258.705083570043,0.0228588790229237,54.70541264549059,6.48842061031592,424.3490296009991,0.6421695062757627,0.41238167479045684,outer_race,7mil,12000.0
CWRU,DE,67,0.4026767262837606,0.0070860581208300865,0.25981609181677817,0.7246806426100251,0.008417207414331659,11.80653816977282,5.025255070979151,8.29669139751536,4.481612465026985,0.021235339623487396,6.498217365269461,3.340884530938124,3445.3125,0.6648188965037283,0.2829690196141897,1.6509990598146458,0.03416412190893229,3255.7183430236787,0.022572614094294702,57.33311234848109,6.68132307530414,419.51074972822965,0.6644796652264914,0.44153322549951013,outer_race,7mil,12000.0
CWRU,DE,68,0.4068123579988461,0.007468854944249646,0.25410830350599184,0.7294207987899128,0.009002042754497458,11.609049139248693,5.0030733824898554,8.212347696054014,4.2479804635615235,0.02149568792103293,6.365426646706587,3.340884530938124,3445.3125,0.6677664458472289,0.2877827883114928,1.6414605719748636,0.057921410447926,3260.07012144782,0.022483822812772,60.30928296763006,6.854127851253204,425.2568430800461,0.6674203784724,0.44544996160024164,outer_race,7mil,12000.0
CWRU,DE,69,0.40255577239076534,0.0065530599894399405,0.25112938724104694,0.7336697455800057,0.008647807184118214,11.568910029917925,5.029439327427396,8.256815751455406,4.724675753688768,0.020881202487602918,6.521364371257485,3.323828842315369,3445.3125,0.6608746275532739,0.28730700072173954,1.6416970588407203,0.013517342287502877,3264.23314633835,0.02116977971130406,62.946076909540366,7.0366103602436745,414.0862536695086,0.6605446606599361,0.4363192487263502,outer_race,7mil,12000.0
CWRU,DE,70,0.3988641009484936,0.00658189371330016,0.25192568457195186,0.7317844159235832,0.009708005743308388,11.303358904919303,4.858782424167013,8.016603954425626,4.808999668706541,0.021133817667399576,6.274056886227545,3.197535528942116,3445.3125,0.6580939934741572,0.2828836592590655,1.6499203410615753,0.07357011933812017,3265.421324808135,0.022595526082510777,60.68139787511637,6.8409773152246265,419.38963962143913,0.6577545636463233,0.43264106599756524,outer_race,7mil,12000.0
CWRU,DE,71,0.39337338906172026,0.007238902377541285,0.24557832930919057,0.7377982670782595,0.009384501222086918,11.526193919013792,4.891306527741949,8.134693766451367,4.916917559997798,0.020829846654347554,6.223295908183633,3.199972055888224,3445.3125,0.6542162176381691,0.27762608180741255,1.663092206614725,0.10461306610737839,3268.881269936539,0.022816834281914843,64.78328412301155,7.132491706913561,421.869829731329,0.6538845287274723,0.4275649769091485,outer_race,7mil,12000.0
CWRU,DE,72,0.40610289401665417,0.008081768541560435,0.24735834225833908,0.7359718940048338,0.008587995185095437,11.846494966603501,5.064225102764226,8.393688515465247,5.114935168893199,0.01951323378633358,6.692733433133732,3.4087011976047905,3445.3125,0.6730943290305571,0.2877392179893102,1.6574477526450566,0.02436182339601534,3262.1507797980676,0.02330894761899232,59.21286021547791,6.720187717902065,423.81103522461035,0.6728114219306147,0.4526752094802957,outer_race,7mil,12000.0
CWRU,DE,73,0.41240736783269394,0.007438994942078203,0.25133738848018095,0.7325730543213078,0.008650562187597776,11.606327413568646,5.050169852839836,8.26537415060838,4.722249877510197,0.019621299149747376,6.692733433133732,3.4087011976047905,3445.3125,0.6749676341456106,0.2936933515781891,1.636652705049228,0.040639013090588476,3262.6139754415735,0.023134352584410708,63.77695357990875,7.053794342236868,419.48742907026707,0.6746823784298794,0.455196311763799,outer_race,7mil,12000.0
CWRU,DE,74,0.4160215098124064,0.0076529665539240834,0.25427017466792395,0.7306122543791587,0.007464604342725595,10.555865660949932,4.5177549383754005,7.437074912611328,4.165898091129898,0.019953426642808136,6.1002512974051895,3.093983133732535,3445.3125,0.6848497043190974,0.2931055806420811,1.6461882094219402,0.11780947253455148,3258.007029782241,0.022240501267320866,63.10417148446979,6.971613661523894,415.8452486574433,0.6845589662484637,0.46862097827116517,outer_race,7mil,12000.0
CWRU,DE,75,0.4041299575653381,0.007593550328084933,0.24641765655881329,0.738896799805486,0.007091993298054503,12.405666460575402,5.179536929493388,8.670804454680427,4.816224640275176,0.019100800839726796,6.562379241516966,3.5041318363273453,3445.3125,0.6765338067915051,0.28246219962976626,1.6740501270117443,0.11627228472535044,3262.8958873480938,0.021752669170796282,62.01513728107835,6.997231094448863,411.6734682809928,0.6762641134490922,0.4573331511390866,outer_race,7mil,12000.0
CWRU,DE,76,0.408011387820063,0.008567233483910681,0.25243519918077073,0.7310099710780471,0.00798759622534283,12.191496390786186,5.152106044609352,8.588318711027501,5.283672977236927,0.018844021673449972,6.67933253493014,3.5041318363273453,3445.3125,0.680135813585149,0.28742426064905524,1.6669530162356534,0.0744239115311227,3256.9109423441528,0.022344634294673333,55.18451781013549,6.502828384547925,425.07969424370765,0.6798747147587584,0.4622296277683031,outer_race,7mil,12000.0
CWRU,DE,77,0.4171735460719187,0.008888477909946124,0.24936986624282598,0.7347280493933791,0.007013606401808727,11.320355926353916,4.835220348731664,8.000593181831144,4.8548511371809475,0.017596213724893957,6.512836526946108,3.3376358283433136,3445.3125,0.6902758483837899,0.29483488417296666,1.654649137950827,0.036095831001145495,3256.1635148491614,0.022134296212600088,48.837134663093046,6.201817303537719,421.76340564465795,0.6900515343976192,0.47617112012450863,outer_race,7mil,12000.0
CWRU,DE,78,0.4235670498846058,0.007637115113922976,0.2525825309368306,0.7326306566673216,0.007149697246739722,11.150513758387271,4.840714940812754,7.931600373007164,4.456718536507977,0.018412355075006236,6.375984930139721,3.3595645708582835,3445.3125,0.6940223937859505,0.3012923568953281,1.6385183738324924,0.070294472736882,3257.7822318386366,0.022084183834814124,42.3825352820555,5.727414420158285,414.4989092237633,0.693778111687716,0.4813280682569729,outer_race,7mil,12000.0
CWRU,DE,79,0.42440282145669594,0.006204194752397571,0.2470616332291713,0.7403187552367594,0.006415416755735277,12.127417741662878,5.1747091772332245,8.554196546666997,4.557930845690304,0.019810463106989147,6.756895309381237,3.630425149700599,3445.3125,0.7015708565175227,0.2993568150314912,1.6530777389968594,0.11738759551037263,3265.0181763348187,0.0208412402276264,39.2615176416514,5.611429436893083,400.0409305577333,0.7012911037979999,0.49180921226621704,outer_race,7mil,12000.0
CWRU,DE,80,0.40836235239481977,0.005553152149247125,0.24789228916497213,0.7400825893422632,0.006471969279041981,12.67419551201317,5.308255952370496,8.890205300293132,4.910976039113348,0.018713550097071485,6.756895309381237,3.630425149700599,3445.3125,0.6839205159425984,0.2864422555466751,1.6747883636475844,0.09055964758445584,3265.58969190881,0.021500201341958194,35.50078027229854,5.3488662679044445,397.9902203256684,0.6836644463257939,0.4673970751699543,outer_race,7mil,12000.0
CWRU,DE,81,0.41384850372497195,0.006663706981351363,0.24559418657845317,0.7413787511794111,0.0063633551706028775,11.326748361268585,4.7916319098284985,7.9844111963793525,5.094667669080666,0.018162317601125876,6.550196606786429,3.304336626746508,3445.3125,0.6896056894455352,0.29172861631194796,1.6663239887024481,0.08612899119541331,3264.8128606178784,0.0212347396752116,29.67268519758678,5.07853677503598,406.03855799141684,0.68936647520387,0.4752261371350078,outer_race,7mil,12000.0
CWRU,DE,82,0.41471243177707084,0.007894083782866579,0.25136621070052173,0.73353540086939,0.0072043046060378466,11.33295345532088,4.780270404375593,7.961902867612465,5.004992706219317,0.018225173968469312,6.5477600798403195,3.301900099800399,3457.03125,0.6907350046093675,0.2913538922415798,1.6655758344391107,0.07382953829779529,3258.583866371185,0.02231819907306331,27.63484339964137,4.851514300575594,421.8765552560102,0.6904945254138674,0.476782689626522,outer_race,7mil,12000.0
CWRU,DE,83,0.42900204366657313,0.007173498892403601,0.24529315761364068,0.7405069198535242,0.007026423571632766,11.360653987971808,4.8340772656384985,7.995821705132554,4.535466543035576,0.01832986848568488,6.666743812375249,3.430223852295409,3457.03125,0.7095922683483081,0.3019389425931983,1.6540533520157632,0.01932829385678725,3262.862911693186,0.02235855374493365,27.771032419179075,4.902699822135335,412.87426496764425,0.7093554843807123,0.5031852032209949,outer_race,7mil,12000.0
CWRU,DE,84,0.4352966032290887,0.006858001883710266,0.2489444044904047,0.7370007451337158,0.007196848413488684,11.162503071604585,4.798829370713607,7.8801989881141905,4.2741237507289425,0.0183494987076628,6.666743812375249,3.430223852295409,3457.03125,0.7148042964872743,0.3072988047834259,1.642108601778098,0.03828301451641581,3261.287845176436,0.022418622518907153,30.07336414004925,5.06100792500693,412.32265219824393,0.7145687357937265,0.5106084781738445,outer_race,7mil,12000.0
CWRU,DE,85,0.41946572148671407,0.006438345474060046,0.2479694283140096,0.7393731405312751,0.00621908566897805,11.056444930590194,4.688032192379263,7.781646425282727,4.45218633116292,0.018265624122848052,6.317102195608783,3.2641339321357283,3457.03125,0.6962695216645088,0.2952245457402634,1.6598961154602048,0.050256662717986476,3261.124930024507,0.021627689703848887,30.948920019421436,5.143914145026187,402.4267705782875,0.6960298943108167,0.4844576137743268,outer_race,7mil,12000.0
CWRU,DE,86,0.41060495654199414,0.006817268522243727,0.2433988497293914,0.7434440662244263,0.00633981548186433,11.315011166438916,4.794217070977629,7.984187608443384,4.778176161329187,0.017868062556527568,6.3313152694610775,3.278347005988024,3445.3125,0.683812801434022,0.28973431468736166,1.6653788283339581,0.0421179561531656,3264.392403890307,0.021975351234239285,32.17773063502016,5.223847477951099,406.91537050672554,0.6835793148900288,0.4672806797455211,outer_race,7mil,12000.0
CWRU,DE,87,0.41252316631385666,0.0064023993906196395,0.24983362204178752,0.7378333440990144,0.005930634399287606,11.41965463275813,4.907700760013333,8.111456388145863,4.8517149613946415,0.017784386256783306,6.402786726546907,3.346163672654691,3445.3125,0.6818190098137931,0.2930179397068604,1.6528017466419092,0.042852978016811205,3260.0582245511123,0.022029753612004866,35.74297991421618,5.504569742360473,401.67465675405305,0.681587028741694,0.46456087774893073,outer_race,7mil,12000.0
CWRU,DE,88,0.41929023919933567,0.006283560226594628,0.24932885498336618,0.736600608059976,0.0077869766939198575,11.267887070876323,4.83624656383835,7.980542735849102,4.604722777619629,0.01814407537464134,6.437710279441118,3.346163672654691,3445.3125,0.6918926958097364,0.29696460850263506,1.6501521645983328,-0.008054111241842094,3264.76897113336,0.022916749760132915,32.74968740273826,5.188868197377213,409.7667113798827,0.6916547513345541,0.47838629504366387,outer_race,7mil,12000.0
CWRU,DE,89,0.4170163060110248,0.005763471235603162,0.24955318391654002,0.7375416072155337,0.007141737618287276,10.57518181523603,4.616993012118373,7.5264510024416165,4.410752914887171,0.01771458991197293,6.261874251497005,3.1386527944111773,3445.3125,0.679804536453283,0.2967942158582287,1.6301629616260396,0.0012910011224173306,3263.090985158198,0.02129427640096837,38.40911623347188,5.6333652786874815,401.02095082893265,0.6795736906963906,0.46182040108671363,outer_race,7mil,12000.0
CWRU,DE,90,0.4140160546095309,0.005634207750425999,0.2426611935233309,0.7432061928885262,0.008498405819792072,10.713451412032363,4.63659357271219,7.580992957800443,4.268459468974787,0.01773580641451472,6.261874251497005,3.1386527944111773,3445.3125,0.6769307564249615,0.2929637400405,1.635035040038223,0.04606757128849212,3271.4836606849694,0.021929266609211958,37.83128227740285,5.481544501458957,405.8649670654247,0.6766983745841993,0.45792069016489734,outer_race,7mil,12000.0
CWRU,DE,91,0.4024954937293381,0.005390165541894694,0.24505095340146985,0.7423893795078573,0.00716950151617326,10.818827239282268,4.586311621094874,7.612340218623439,4.369208292860698,0.017851010040465944,5.866344710578842,3.0639326347305387,3445.3125,0.6680602819568325,0.28320376755861787,1.6597956806097212,0.0280496790021239,3267.2487317762657,0.02023076585898098,41.50037913099537,5.84609829721309,398.3318118028234,0.6678217440071698,0.44598588176877774,outer_race,7mil,12000.0
CWRU,DE,92,0.4008842292465849,0.005362445238165987,0.24629405427615958,0.7395982000018535,0.008745300466635457,11.394146890498469,4.840443638852394,8.035972671295315,4.660765836989244,0.017616240517012847,6.023906786427146,3.2214947105788423,3445.3125,0.6655370769573957,0.2827324188057671,1.660172759123488,0.014725788294266623,3270.699805931867,0.022150014336755213,36.84181003060093,5.405246302269865,405.65251009844076,0.6653038921237732,0.4426292688750412,outer_race,7mil,12000.0
CWRU,DE,93,0.4009306279530782,0.0062275363614433706,0.2522943914177591,0.7334579836728283,0.008020088535246417,11.378612907737264,4.843316008629974,8.035042688122747,4.786688139655232,0.018191267221416542,6.107966966067864,3.2214947105788423,3445.3125,0.665142374529905,0.2831184026295754,1.6589961658098817,-0.01068485319357986,3262.2356609089065,0.02113892885064612,41.3998736919894,5.816662284297562,411.0707130817365,0.6648935675671404,0.4420834561921595,outer_race,7mil,12000.0
CWRU,DE,94,0.4074266451472056,0.007577345174603579,0.24985318784114416,0.7328682316711802,0.009701235220834104,11.04455603917015,4.765345892886463,7.835168429085359,4.507082636193125,0.017738185835360527,6.15669750499002,3.192256387225549,3445.3125,0.6698897538562383,0.2890343781953778,1.6441972115353507,0.0069836631445829465,3264.217378189909,0.023629668133157797,36.289396813500616,5.379758389071005,428.3283493476673,0.6696548656471046,0.44843763908484174,outer_race,7mil,12000.0
CWRU,DE,95,0.40476625435652136,0.008728094096067686,0.2531415147332101,0.7289037588043767,0.009226632295054738,11.119156472714323,4.817781707529075,7.8866663237538175,4.447161718982061,0.016700956631658555,6.245224650698603,3.192256387225549,3445.3125,0.6625988019002174,0.287095194231607,1.6369912134932945,0.08613889657389165,3257.568271945105,0.022501046288704814,42.05353548082809,5.924885456517645,435.42496454993136,0.6623882927159801,0.43875825032719096,outer_race,7mil,12000.0
CWRU,DE,96,0.39344556482737647,0.007542246002809593,0.2564141951217728,0.7264726479141264,0.009570910928273718,11.00892452177092,4.697864680979444,7.759569649266572,4.5402514335974695,0.016844713307759482,6.070606886227544,3.052968263473054,3445.3125,0.6498629634509926,0.2773175760661811,1.6517226817288404,0.07627944470789186,3258.1437417939974,0.022838525708363634,37.48101232147854,5.564299607484307,427.22459128873663,0.6496446158469147,0.4220381268988854,outer_race,7mil,12000.0
CWRU,DE,97,0.3868882775464695,0.00779819193801424,0.25183755253466966,0.7311159246285089,0.009248330876276223,11.504666198763193,4.89507786115549,8.125151447437746,4.718733525660371,0.01688397375171532,5.95324750499002,3.143525848303393,3445.3125,0.6421809698367821,0.273239205205392,1.6598615339531686,-0.009040828710341888,3259.245817238244,0.02154244650629158,40.920941228358785,5.912610522971257,427.4923536322231,0.6419589780125062,0.41211132945086143,outer_race,7mil,12000.0
CWRU,DE,98,0.3898918997941616,0.007144677177200116,0.2511546463180061,0.7293540610440737,0.012346615442062578,11.597606191745246,5.032589393637187,8.278156149558567,4.794159703529079,0.016667049884605788,6.358117065868264,3.227586027944112,3445.3125,0.641337048483395,0.2782976050903841,1.644909906622786,0.034570986153349526,3267.7690540018157,0.022921851266051892,33.80923875368716,5.332207750669107,435.71574677313816,0.6411204404833281,0.41103541920553655,outer_race,7mil,12000.0
CWRU,DE,99,0.39385482521285553,0.00834313786157359,0.25040453731705103,0.729280191991281,0.011972132815284548,11.536457794420533,4.976533957631257,8.194862221631512,4.707754468501679,0.016899836557354043,6.358117065868264,3.227586027944112,3445.3125,0.6485610377469194,0.27977270713936947,1.6467007542599232,0.1482231132479424,3262.5036565773157,0.022813623993282052,35.08831336187443,5.518779942176171,443.5170775867626,0.6483408171692537,0.42034581520769576,outer_race,7mil,12000.0
CWRU,DE,100,0.38875850233127496,0.008435188180753624,0.24795128483114282,0.7305165681505923,0.013096958817299605,10.955907125704078,4.69231454248593,7.7580663917853885,4.750586521172815,0.0164917658822979,5.995074550898204,3.016014271457086,3328.125,0.6427562014756238,0.27528658620892266,1.6533559976725818,0.10420341848784383,3266.83917003342,0.023467562131048485,34.81275612690831,5.326058887941404,447.46566654184886,0.6425445947118816,0.41286355619345616,outer_race,7mil,12000.0
CWRU,DE,101,0.39036639596782996,0.009303616617667812,0.2549111279828103,0.7227369432356957,0.01304831205903879,12.192080763404983,5.258639009037881,8.666518685049574,4.8728183943947405,0.016731492532513097,6.458014670658683,3.383117664670659,3328.125,0.6433447245297093,0.27748484695288617,1.6480535496265596,-0.031104309706996392,3260.9604961055397,0.023917150325414062,35.795897569131,5.521887530912791,453.0566230512392,0.6431271194234014,0.413612491737842,outer_race,7mil,12000.0
CWRU,DE,102,0.3846795801463479,0.008776323654380132,0.2576327312797956,0.7220546563732236,0.011536288558585054,12.402698710937768,5.307916989982428,8.794638029353111,5.120374461640846,0.017049541785569486,6.5262374251497,3.383117664670659,3433.59375,0.6373719994219161,0.27277270403151327,1.6568906495619904,-0.015401072502441658,3258.7228506044007,0.02276713424638441,38.552876844160274,5.564382138440913,444.0729630365507,0.6371439231225494,0.40595237877199314,outer_race,7mil,12000.0
CWRU,DE,103,0.38444540547810624,0.009484326902680659,0.2526831593365454,0.7258361492449444,0.011996364412599476,12.006875860249384,5.141279858337915,8.527470895148264,4.727026466121505,0.017089793654877745,6.421466766467066,3.278347005988024,3433.59375,0.637651926430602,0.27303913558742604,1.658628032340773,0.08138652176354931,3258.8048713504563,0.024314057593207233,42.70949219097955,5.907136614500585,452.51349728434406,0.6374228723802524,0.40630791823349155,outer_race,7mil,12000.0
CWRU,DE,104,0.38899783241134916,0.009187291047351156,0.2524970476939666,0.7266843868776528,0.011631274362182399,12.259320559904857,5.223495022354174,8.68761363862268,4.785191757993241,0.016965865485825227,6.174565369261478,3.379462874251497,3433.59375,0.6469735033323357,0.27566477748402435,1.6631802273082794,0.10718909452867045,3260.1031207272445,0.02352090075525557,39.136191321711124,5.612757627693102,449.0415389400732,0.6467510134684233,0.41828687342243276,outer_race,7mil,12000.0
CWRU,DE,105,0.4030491056461296,0.009613145663768963,0.2553354928739032,0.7233300448759793,0.011721316517620721,11.763172286049155,5.102353931478179,8.384742273113016,4.799873268934601,0.01760910225447543,6.5903993013972055,3.379462874251497,3433.59375,0.6623340755337309,0.2872917944302712,1.6433086347430061,0.08834613979253853,3258.6404816866157,0.024678703818284867,45.46578283140152,6.028555783816331,452.47849388389744,0.6620999525229656,0.43837634713091334,outer_race,7mil,12000.0
CWRU,DE,106,0.3964232117308352,0.00805106003800192,0.2588401353729713,0.7206246633754708,0.0124841411474559,11.410367520938443,4.92616452578444,8.09976896440131,4.595878588065901,0.01823925220847368,6.405629341317365,3.2109364271457084,3433.59375,0.6518126648712368,0.28140517132805076,1.6442343575829934,0.08570447752622541,3260.7785577276222,0.023377663616921705,37.85433274578441,5.532490147428219,442.7858066298533,0.6515574262990322,0.4245270797654188,outer_race,7mil,12000.0
CWRU,DE,107,0.3865819271125717,0.007083946967503652,0.2540447791353974,0.7264632618501281,0.01240801200369132,11.931533656585101,5.017689017035363,8.382649604257635,4.679259280099025,0.017719348753664543,6.069794710578842,3.2405808383233534,3433.59375,0.6458313433378159,0.27159801343181506,1.6706195971488118,0.06452690238048434,3267.1925484131825,0.025181546317336073,42.4222636369872,5.808264591768939,434.7184239552245,0.6455882191592981,0.4167841487172739,outer_race,7mil,12000.0
CWRU,DE,108,0.3904722801954684,0.0071256511797710455,0.25790414855811733,0.72416458052813,0.010805619665945317,12.290509564644552,5.258446007780837,8.722408108276923,4.929581286326087,0.017755833206633605,6.45070508982036,3.405858582834332,3433.59375,0.6476929834013203,0.2771128865667037,1.6587425439703134,0.05284248448699717,3259.792682703505,0.023456027356268186,36.9614315166386,5.457687146683204,428.2843258558247,0.6474495587568511,0.4191909311344411,outer_race,7mil,12000.0
CWRU,DE,109,0.3917730302578437,0.008119082141753067,0.2508650331902784,0.7307842049043135,0.010231679729536673,12.372336401241977,5.221687598092532,8.693448297328638,4.809160878132097,0.016986090563014596,6.45070508982036,3.405858582834332,3433.59375,0.6522524603115826,0.27528014696500175,1.6648733065732102,0.1251890076625612,3262.777455096519,0.025800766774919923,32.84457757577541,5.185045866441531,433.6358980208566,0.6520312451945057,0.4251447447098977,outer_race,7mil,12000.0
CWRU,DE,110,0.4046260668116891,0.008372374114197592,0.2530976013774622,0.7302905271994344,0.008239497272004475,11.208505153762587,4.636914567491764,7.772979690565847,4.432633000040268,0.0165476822721744,6.063703393213574,3.1451501996007987,3433.59375,0.6782851298686096,0.2806038946723419,1.6763258363784062,0.10805646399896131,3255.800000148323,0.02351090412169419,29.047065865381526,4.998826820795878,427.43778066399074,0.6780832482905736,0.45979689161229576,outer_race,7mil,12000.0
CWRU,DE,111,0.4030748827052925,0.007747418741174512,0.24686855033340954,0.7363191807149444,0.009064850144395363,11.718405602562628,4.967462271370856,8.244167049962982,4.731751415267778,0.01762813762124189,6.353650099800399,3.3230166666666667,3445.3125,0.6689565989898547,0.28357242268009364,1.6596335512152494,0.0243513883974815,3264.832207223113,0.0256539869251895,25.878001181078307,4.670942523596675,424.6205572620779,0.6687242930356874,0.4471921800960798,outer_race,7mil,12000.0
CWRU,DE,112,0.4012117961830245,0.006838186879210803,0.2579618737516904,0.7264793056408742,0.008720633670997378,11.763122458600023,5.047132846248966,8.355325097397513,4.999503387586427,0.017611481675321228,6.471821656686627,3.35225499001996,3445.3125,0.6641899653010638,0.28498002990431553,1.6554597138466838,0.04780657724137835,3257.9384538682616,0.02355956563536476,29.191347791675767,5.031899017621234,417.8341591543037,0.6639564336007506,0.44083814571982805,outer_race,7mil,12000.0
CWRU,DE,113,0.39029719447823097,0.007242677320717551,0.24938033725328165,0.7334731235985887,0.009903861705376367,12.291830266867716,5.1180927494600414,8.58898049344532,4.885161034149686,0.016686481821513218,6.471821656686627,3.35225499001996,3445.3125,0.6549812897340758,0.272722199805823,1.6781603839343193,0.08870403536975614,3267.757916967994,0.024818931307087462,26.080663415366637,4.6791924005013765,422.5286918499046,0.654768700554733,0.4287220512261336,outer_race,7mil,12000.0
CWRU,DE,114,0.39487976074218745,0.00744931572729483,0.2577388151774958,0.7251425816460524,0.009669287357340111,12.21409352623235,5.095409289787874,8.54072483962892,4.942604292860183,0.016260367205043036,6.443395508982036,3.372559381237525,3445.3125,0.6618819391008975,0.27612031740171633,1.676160707393238,0.10012761077635218,3259.1863465363735,0.023500054052143508,36.104266958283596,5.489510793329769,423.4844511939767,0.6616821757961457,0.4378233017663215,outer_race,7mil,12000.0
CWRU,DE,115,0.414785004112868,0.00833018152857922,0.25773767086072885,0.7265208946513096,0.007411252888244798,11.50823410040846,4.889373205786854,8.130861404815423,4.993385376131139,0.015882634145770957,6.448674650698603,3.372559381237525,3445.3125,0.6897733593430558,0.29305620235148183,1.6629660004664975,0.05611872897566002,3256.3764831380663,0.024577580275654078,30.244930608782326,4.905027338508519,418.3868391865733,0.6895904793368278,0.475535029191996,outer_race,7mil,12000.0
CWRU,DE,0,0.12656266381299897,0.04356970176033741,0.47106144302711883,0.481338901444213,0.004029953756824833,16.519364380355892,7.804016139588632,12.716287860747157,15.75434664560959,0.05080444213136226,3.0489073852295414,1.609407265469062,3539.0625,0.20622808009132304,0.09742549582494221,1.629454326246109,-0.07773490124012938,3028.994664182705,0.07250944891613102,7.116062707626394,2.6894655377262535,679.2082968445678,0.19987228341587088,0.03994892967787421,inner_race,14mil,12000.0
CWRU,DE,1,0.12604387075458454,0.03915028772892046,0.4239434503410274,0.5317413896034929,0.005164872304434202,16.822865985769344,8.073270588600222,13.039258734878164,16.572808966505338,0.0504859963081649,3.2529259081836326,1.6435186427145707,3574.21875,0.20357531990012626,0.0976955201393652,1.6151147904407062,-0.1322255640202334,3077.6428100729754,0.077695819256929,6.7481469450246845,2.589408132444968,669.6640376763397,0.1972158083146752,0.038894075049210705,inner_race,14mil,12000.0
CWRU,DE,2,0.1244548935137537,0.04837187257153147,0.4331312897843691,0.5139706092021515,0.0045262284247875265,19.971382049536533,9.286751458071206,15.3827654748681,23.269644600896243,0.05003945832943486,3.7987079441117766,1.9144604391217563,3539.0625,0.2061496366910821,0.09586018806175631,1.656420497987893,-0.21203830625815814,3044.8171700137837,0.0757224036121148,7.624441548907063,2.7193333668135065,702.657566667693,0.19998431267967468,0.039993725317961894,inner_race,14mil,12000.0
CWRU,DE,3,0.12523494698103788,0.04653998826999079,0.4006526747296962,0.5477531315118767,0.005054205436828635,20.081558708046224,9.179785148056178,15.286950529963729,20.1689543682492,0.04970023223085079,3.7987079441117766,1.9144604391217563,3574.21875,0.2085517698120793,0.09533425502247869,1.6652841306640758,-0.20533538824427025,3079.150655524635,0.07894470659649537,7.112603355438008,2.6471617852079015,701.487066398533,0.2025431499901935,0.04102372760795001,inner_race,14mil,12000.0
CWRU,DE,4,0.13116938119854035,0.05094614888880554,0.4146916558887026,0.5299884548812261,0.004373740284660379,17.87837819359552,7.950580815057992,13.439938855894136,14.977428284304242,0.04925115620321855,3.2907732934131735,1.7629084630738523,3515.625,0.22173329270925643,0.09860561422206462,1.690434846022769,-0.10972083125003927,3056.632695371865,0.07751678037223299,6.829677801636976,2.6551402434829905,714.7250377060428,0.21619430313570925,0.04673997670833495,inner_race,14mil,12000.0
CWRU,DE,5,0.12733930677707078,0.046436724639891715,0.3868876959675809,0.5619561119101361,0.004719467446074457,18.20959154317738,8.300464981141882,13.844181405511534,16.012339131091007,0.04881873612150697,3.2907732934131735,1.7629084630738523,3703.125,0.21238671171784543,0.09681208163806203,1.667880225621651,0.057018585437885516,3091.814480067917,0.07882126432317188,7.653836747772468,2.7026163649446118,702.1648410268373,0.20669989433431707,0.042724846317817845,inner_race,14mil,12000.0
CWRU,DE,6,0.127453677605726,0.046653256803664715,0.3960218127071213,0.5521411518841532,0.0051837785685946705,16.787501864872247,7.67084414443848,12.772678676996797,16.587791629314104,0.04864773507672154,3.243991976047904,1.6279248702594808,3679.6875,0.21222238903651303,0.09697243123861714,1.6650942760005434,0.02651989837335359,3077.678162924739,0.08332027504172577,7.767636344371798,2.7535540070628186,701.50899042724,0.20657139269577043,0.0426717402802702,inner_race,14mil,12000.0
CWRU,DE,7,0.12414556880379861,0.05292454977386715,0.42509175340714606,0.5169623922650555,0.00502130447243337,17.183233762253238,7.828786110998478,13.113032433983014,18.95505686226371,0.048366725474831576,3.243991976047904,1.6279248702594808,3574.21875,0.20794090516439673,0.0947391447258069,1.6749764584270377,0.07763206503131463,3035.96887972386,0.08495319717523664,6.334404128294386,2.509350640983232,725.421128252973,0.20223768171987858,0.04090007990743091,inner_race,14mil,12000.0
CWRU,DE,8,0.12301875440525195,0.05127203559654241,0.3896707472726983,0.553550301742501,0.005506915375547581,16.710978104240404,7.701907241989064,12.772320916240398,16.87729714763575,0.04787648546656685,3.0687244710578843,1.57123500998004,3714.84375,0.20400596379738523,0.0940241199634712,1.6583322175848314,0.040568668558926956,3068.496214811122,0.08170427080184058,7.771463075132893,2.7272915038164287,727.1978394727553,0.19830853588353092,0.039326275404269674,inner_race,14mil,12000.0
CWRU,DE,9,0.11918796615752865,0.049992091884391986,0.432819548220152,0.5120885377258397,0.0050998220489147286,19.771875972120778,8.7639092567386,14.995421015681414,21.957044680830627,0.04746793890734155,3.489269021956088,1.7872737325349302,2730.46875,0.20393567301723137,0.09039474731963044,1.71104247846375,-0.06607126226278928,3029.0851705580094,0.08478672730818615,4.618789966817654,2.2640586386050865,713.7714642967262,0.19833444860860655,0.039336553504879995,inner_race,14mil,12000.0
CWRU,DE,10,0.11975585459939492,0.047301544877623176,0.4368018480828344,0.5109188620850091,0.004977744890794957,19.638821045611653,8.789972121966159,14.924311955467108,21.519986604546702,0.046999351628773695,3.489269021956088,1.7872737325349302,3679.6875,0.2033309898752158,0.09100718054225058,1.697879327531793,0.0030769726335769946,3057.0094515656883,0.08068831518729684,7.17056722244406,2.6707411418910456,714.0169819746691,0.19782454951322398,0.03913455239011,inner_race,14mil,12000.0
CWRU,DE,11,0.12157603223241013,0.04390816678371322,0.465736236538231,0.48549074966675637,0.004864846982834457,17.305360671313935,7.789988266027696,13.102922410891134,17.273269070633628,0.04681811907435128,3.180804710578842,1.5930013173652695,2625.0,0.20449341680171484,0.09205247712669132,1.6820208148493954,0.10604454426004553,3027.7593147517073,0.08173945387538283,4.779232123849219,2.3254589271847275,697.3269027790336,0.1990618528035438,0.039625621241579735,inner_race,14mil,12000.0
CWRU,DE,12,0.11682758067848673,0.04792139867646252,0.47393168203728153,0.4736729136576096,0.004474005529536592,17.860038177179828,8.304534876599357,13.635490079600814,15.755853572930214,0.04653552319189744,2.8603201996007988,1.5930013173652695,2625.0,0.1918230630657055,0.08919361210552636,1.641933026017279,0.04909417068328123,3017.1563419011272,0.0837897555458197,6.589482196296657,2.5767076827298063,721.7000317027926,0.18609280643046364,0.03463053260516601,inner_race,14mil,12000.0
CWRU,DE,13,0.11880583116969182,0.0379003805080371,0.4775564904178951,0.48106297774932455,0.003480151312543712,22.147694524998897,10.145669963323185,16.92496446732363,23.568197912501724,0.04608089518229165,3.945061996007984,2.010784471057884,2625.0,0.1981913937992181,0.09078978711704008,1.6681958439913518,-0.11818507643305273,3031.5212628176373,0.07673284422723868,5.614904402461351,2.4314685248044516,670.1086272150703,0.19275990162706402,0.037156379675275394,inner_race,14mil,12000.0
CWRU,DE,14,0.11177020098474921,0.04191799333832793,0.5209428318799967,0.43366001099735846,0.003479163705840902,23.586180605300786,10.605170199605777,17.990344951891522,27.076807432652245,0.04567544187016591,3.945061996007984,2.010784471057884,2753.90625,0.18960416789281045,0.08525265301351834,1.6963749391367875,-0.06956499700723212,2995.1787519853947,0.07736085431613929,6.940331777952002,2.6383215938067743,684.2602207186668,0.1840203643412602,0.03386349449229015,inner_race,14mil,12000.0
CWRU,DE,15,0.11321736474316987,0.03584909066588769,0.4840850705171134,0.47620195449406727,0.0038638842697181733,18.426589186744074,8.381761612862114,14.024380419164995,16.66837062370485,0.04538943548449974,2.9257815568862275,1.5878033932135729,3515.625,0.18943552281146145,0.08616914270579303,1.673202014913438,0.05252023897235847,3040.776729310184,0.07623000173999114,6.472702685919607,2.5665487040714043,660.4603528711585,0.1839174174711307,0.03382561644925017,inner_race,14mil,12000.0
CWRU,DE,16,0.11324139689371254,0.04372533285503444,0.5154359743135405,0.43674318987667066,0.004095502911640493,18.18316538891478,8.472411943170227,14.021404157561498,19.299077466822684,0.04518758128274699,2.974836966067864,1.5878033932135729,3515.625,0.187408662829896,0.08732271632867424,1.654948349019363,0.06323264054256557,2996.267837711789,0.08221589878006494,7.413427302427333,2.699548069680254,694.2523948345175,0.18187932648188682,0.033080089401504774,inner_race,14mil,12000.0
CWRU,DE,17,0.11667387009184751,0.03709824333810213,0.4576142789262853,0.5009909699544637,0.004296507730613065,19.504633028763447,9.215278778562956,15.109711040578862,20.28171229579503,0.044720183714602034,3.3292704191616767,1.7629084630738523,3515.625,0.1913027815474035,0.09038408774336304,1.6396368903920553,-0.10835275114363478,3069.404522045292,0.07713787580368499,6.923461595952778,2.6542179275767213,682.6595030083973,0.18600231019077645,0.03459685939630582,inner_race,14mil,12000.0
CWRU,DE,18,0.11720543270880111,0.04347960738070387,0.44995828877547084,0.502274498072102,0.004287605741515974,19.398692104434335,9.214400988823906,15.04118386264422,21.076496332363867,0.04459835736729664,3.3292704191616767,1.7629084630738523,3515.625,0.19132100558810866,0.09087769699024555,1.632356121780199,-0.13924562515742195,3050.9231036338692,0.07826143079936053,8.628054301901521,2.8016650440741944,708.7840911495889,0.1860502988425012,0.03461471369938401,inner_race,14mil,12000.0
CWRU,DE,19,0.11247807868637721,0.04306809439872034,0.4586990988654073,0.4945596723515027,0.0036731343674991394,17.65083453054124,8.025679129978874,13.475356383308798,20.768887433187476,0.04448565213323352,2.962816766467066,1.5156821956087825,3691.40625,0.18885407341381863,0.08587028522567573,1.6790300440710826,-0.02485811320195337,3046.78323077309,0.07759454067236222,7.211155224348564,2.6990543217759226,704.5990999666444,0.1835398806779413,0.03368688779927293,inner_race,14mil,12000.0
CWRU,DE,20,0.10974729669567113,0.053387429684333056,0.4126904991231768,0.5297233589471294,0.00419871219437834,18.089983892868606,8.230158155967361,13.810656309938677,19.606289882261866,0.044163319922654674,2.9246445109780437,1.5156821956087825,3703.125,0.18416197682784763,0.08378571283340343,1.6780547892539728,-0.07315969101790624,3064.371110710845,0.0828693459196826,10.588082885998137,3.066104785412848,751.8403360073847,0.1787882403362982,0.03196523488254993,inner_race,14mil,12000.0
CWRU,DE,21,0.11105225040154063,0.04937432981055466,0.4421381677476368,0.5040361586884344,0.004451343624844098,19.7150830120187,8.98556670880792,15.054016008181934,20.17624714344501,0.04363104347944734,3.239931097804391,1.671782355289421,3445.3125,0.18605196638857405,0.08479712483433471,1.6753552108656138,-0.12371804581602022,3048.080783664462,0.08628115324547214,7.691990671440347,2.7609071185224026,729.0874850551904,0.1808636675563936,0.03271166624194967,inner_race,14mil,12000.0
CWRU,DE,22,0.11889894583879113,0.05792001045974556,0.36915285314931956,0.5677206424251213,0.005206493770733814,18.346555987605342,8.469232857005174,14.060531348663961,18.339069358954095,0.04261058919270832,3.239931097804391,1.671782355289421,3703.125,0.1973947798479335,0.0911224077379347,1.6601894865878017,-0.406678624298036,3072.21988253557,0.08879137903181798,7.600944250420657,2.7671868935376622,769.6852031890261,0.19274085399796376,0.03714903679986438,inner_race,14mil,12000.0
CWRU,DE,23,0.1156186762607597,0.05964057589004717,0.45494392989643245,0.48064352768210533,0.004771966358491588,17.22650648780994,7.927667901912402,13.175351041651664,18.242704494393035,0.04308805964243387,3.023242634730539,1.5233166467065868,3445.3125,0.19215192482257173,0.0884286461555358,1.661945379734355,-0.14747804833631428,2995.5275270781103,0.08769215060786548,6.624090721697177,2.6159787159754635,760.8008683632061,0.1872585948074729,0.03506578132926932,inner_race,14mil,12000.0
CWRU,DE,24,0.11973531226609278,0.06021246649362236,0.35143715942882536,0.5833520168818472,0.004998357161839159,18.149932829360047,7.853797606800753,13.575680495165724,18.13714567333862,0.043577506510416655,3.23343369261477,1.625488343313373,3398.4375,0.20696845331306116,0.08955891785361977,1.7285498270811415,0.039888984010692755,3071.7082713338177,0.09224124882210787,6.351657598961255,2.5932624972610743,771.9343050481378,0.20232879575862495,0.040936941593135365,inner_race,14mil,12000.0
CWRU,DE,25,0.11463296151836948,0.04705887735007427,0.4531099030927892,0.49561501942654157,0.004216200072000867,18.590799928261703,8.445792096024471,14.17993849049163,18.60578080863306,0.042453071532715804,3.23343369261477,1.625488343313373,3574.21875,0.19246132569122895,0.08743509421788292,1.6789353004754028,-0.14916803555895322,3030.4523478274778,0.08417128762189015,5.392546665311718,2.440742023677474,705.9980746679007,0.18772079960479449,0.035239098604263414,inner_race,14mil,12000.0
CWRU,DE,26,0.1141794439051584,0.05984599739310893,0.3926082220822943,0.5432412231337361,0.004304557339514118,17.78814712633878,8.27993852988327,13.688548173885987,18.04900290284365,0.041944351355881974,3.106734291417166,1.5629508183632734,3703.125,0.18876357749787642,0.08786473415485885,1.6532185745682062,-0.19134099688220982,3043.48457697771,0.0905432927029297,6.993129153533928,2.629662043735306,768.6290133870236,0.18404445000904296,0.033872359579131116,inner_race,14mil,12000.0
CWRU,DE,27,0.11606378658698224,0.048797033996556806,0.4484856080339247,0.49838006536209994,0.0043372924437957506,17.51393294617871,8.084562148005464,13.466309038538421,18.28024497668161,0.04172512738195483,3.106734291417166,1.5629508183632734,3445.3125,0.19332535142288043,0.08924042493289819,1.6656819246371535,-0.1624796182672603,3037.6152521439217,0.08222093238317209,5.766839067642525,2.527059155928677,720.325353924625,0.18876892023778669,0.03563370524773987,inner_race,14mil,12000.0
CWRU,DE,28,0.11217961999828463,0.06154390781695364,0.42528548239979297,0.5091986794754025,0.003971930268687243,16.751743257399063,7.841867470036911,12.917531655369558,18.244466116959522,0.041734327809225286,2.86080750499002,1.4490837924151696,3691.40625,0.18478810027738823,0.08650346236503624,1.6472519721515715,-0.22817803650588334,3019.558209599875,0.08811840044942033,6.968960533332943,2.6086520698492386,774.894071621366,0.18001357695029066,0.032404887886438215,inner_race,14mil,12000.0
CWRU,DE,29,0.11702261387381482,0.05463180956334606,0.4579335915096843,0.4832395603949495,0.004195038516147139,17.90568759422289,8.331141037996744,13.696048755823716,17.067502828020732,0.041264550820234516,3.014471137724551,1.6027474251497007,3714.84375,0.19238030155051697,0.08951052098478546,1.6439583357620104,-0.30454995939431145,3017.8371947570254,0.08447060047391197,7.203591558541593,2.7034355860573855,744.717825547395,0.187902680316892,0.03530741727027212,inner_race,14mil,12000.0
CWRU,DE,30,0.1168504231186065,0.06124980034587343,0.45565984283054217,0.4788582260566259,0.004232130676349295,17.81657815079285,8.389480256875979,13.71623124995334,17.771317627417293,0.04053319616626122,3.1676474650698605,1.6027474251497007,3714.84375,0.1910425170660717,0.08995820699040222,1.6349321805378327,-0.20292832309058195,2985.899650478322,0.08803978930255203,6.196776952571639,2.4945585226396485,763.4061989831449,0.1866930725428442,0.03485430333548768,inner_race,14mil,12000.0
CWRU,DE,31,0.11777689028193608,0.048357295572427815,0.4739376659194141,0.4736272231022117,0.00407781532415051,19.45605902193938,9.011454868988784,15.030266461226825,21.487439599764375,0.040308658152445095,3.5399487824351294,1.7702180439121755,3714.84375,0.19644087105224772,0.09098543759124143,1.6679067564273826,-0.2772250336014548,3021.990839908267,0.07628378229782025,8.546233683007419,2.839833010327543,717.449183082945,0.1922608329788341,0.03696422789771514,inner_race,14mil,12000.0
CWRU,DE,32,0.11535511574507232,0.059142053001414834,0.45136886482230854,0.48545450323562744,0.004034578879319095,19.86635631235638,9.251731799010063,15.345813078842971,21.487816955668407,0.04022886824008232,3.5399487824351294,1.7702180439121755,2742.1875,0.19133910086991382,0.08910632710292948,1.6586962757053743,-0.16347821685835506,3004.9085575545982,0.08298660657680945,6.964100970224447,2.648906910798538,756.1950787735567,0.18706226151158645,0.03499228968182916,inner_race,14mil,12000.0
CWRU,DE,33,0.1188297046921781,0.050854608272288236,0.4597308437485295,0.4854091492735115,0.004005398546008927,18.098420263912658,8.402455852561815,13.934762497847448,19.83169454276894,0.040352439496007975,3.306204630738523,1.6558637125748503,3714.84375,0.19706901668159268,0.09149216829032088,1.6584154373865463,0.04872434441716866,3028.943871114964,0.07736780884693832,7.244002660409036,2.6919061165044598,726.4193128855187,0.1928934368053275,0.03720787796257087,inner_race,14mil,12000.0
CWRU,DE,34,0.11923357172373997,0.05946912615476861,0.4447647346279209,0.49160217658589755,0.00416396263081744,18.085270201287262,8.388025678373596,13.887562778136253,19.156483243699338,0.039643372083957074,3.306204630738523,1.6558637125748503,2742.1875,0.197408040469413,0.09155869357467439,1.655641423933861,0.06305035379233324,2996.065510818132,0.08357649559326859,5.186619809771644,2.36496153218546,749.609123793641,0.19338649769770982,0.037398337491786324,inner_race,14mil,12000.0
CWRU,DE,35,0.12119469038485525,0.052373497203491624,0.46144463353627346,0.4822212051006115,0.003960664151259319,16.82162806935932,7.744762365086558,12.813101262012154,14.809691589770662,0.03899870766279939,3.013983832335329,1.552879840319361,3714.84375,0.20050709978136375,0.09231447954481525,1.6544214861612414,-0.016903743094223864,3023.7959271527548,0.0747094179347795,6.382675854268376,2.5573313275690626,735.6969494874926,0.19667790385136116,0.03868219786336526,inner_race,14mil,12000.0
CWRU,DE,36,0.1204738844966317,0.06159817289858894,0.41354176538502396,0.5205680508853471,0.00429201081589925,17.66852585088096,8.025963207183054,13.437173622796834,16.703025446470026,0.03889829610310627,3.171708343313373,1.618828502994012,2718.75,0.2016989688596127,0.09162216002945692,1.6742132097952893,-0.03402745912268963,3022.940196366349,0.08030389129180422,4.862331114735162,2.34405193458908,766.3946940334445,0.19791259838450426,0.03916939659930607,inner_race,14mil,12000.0
CWRU,DE,37,0.1236576289023515,0.053532304280039945,0.4511481270068522,0.4913673800512231,0.003952188613652634,17.227913152051055,7.818666222239963,13.091214164168951,15.359757998554798,0.038982448287019696,3.071810738522954,1.618828502994012,2718.75,0.2070466313537343,0.09396544367889872,1.6743538849287853,0.014978137152069677,3025.1650405059418,0.07623154904498862,5.154207766765692,2.4215604669526365,731.9774841965857,0.2033437392212482,0.041348676280478995,inner_race,14mil,12000.0
CWRU,DE,38,0.12215494532419532,0.057341196465556514,0.41522440104276054,0.5227386061367899,0.004695796244477159,17.697498390814687,8.0348721219902,13.494269038654206,17.35130597158277,0.038645522295253226,3.202895888223553,1.6483916966067864,3562.5,0.20515468965528325,0.09314263859248778,1.6794628257645177,-0.004282525299773038,3045.4301232902817,0.08233888895700076,7.728625977551271,2.7210410622513614,750.7202525172947,0.20148193540385367,0.04059497029408267,inner_race,14mil,12000.0
CWRU,DE,39,0.12042486842720804,0.05695076041499561,0.4684195889742414,0.47040092001996237,0.004228730513183017,20.754192119294277,9.111639327489888,15.782898315912885,24.7128600684096,0.03823761024825348,3.786038003992016,1.9006534530938124,2707.03125,0.20859621246854293,0.09157925503285945,1.7321689049187619,-0.060314100608768496,2993.5049444804895,0.08379709062780867,5.696252590008701,2.469275520085885,737.4047327060258,0.20506161273803578,0.04205026501872416,inner_race,14mil,12000.0
CWRU,DE,40,0.12199171705417286,0.05815162188594541,0.42137739539893565,0.5155466731320733,0.004924309539654507,20.40936573374368,9.220799388284592,15.580184450144179,20.980035279231156,0.03772341740347429,3.786038003992016,1.9006534530938124,2753.90625,0.20612675464002303,0.09312653209753503,1.689678279948206,-0.08879158942438167,3031.376587863017,0.0872863334800795,7.770082370402486,2.6820222638456146,757.3284372004512,0.20264546073828427,0.041065182757831505,inner_race,14mil,12000.0
CWRU,DE,41,0.12132825520833329,0.05893682664657148,0.46523441207604926,0.47118367934108274,0.004645081918440771,19.72762394661241,8.987064543143351,14.989284313469133,17.444953339791827,0.03754059856848801,3.439076566866267,1.81862371257485,2707.03125,0.20236014817122489,0.09218665752634343,1.6678732239555525,0.11024900358343652,2984.8994156643375,0.08513626039585327,5.396045223630649,2.420512626263327,749.6391913136292,0.1988475119960009,0.03954033302699972,inner_race,14mil,12000.0
CWRU,DE,42,0.1289679410319985,0.07421435724431126,0.4009692653890539,0.5192116767204904,0.005604700494763218,19.004742569945346,8.104062561706213,14.155521198099438,18.090979513042956,0.03765782470215817,3.5826692215568867,1.8256084231536929,3562.5,0.22527077120309555,0.09606067624618937,1.7467191412104748,0.1088912318616943,3003.9871486791485,0.09671496215216012,10.196142794973042,2.971464202721957,813.3229268461758,0.2221008973352853,0.04932880859713894,inner_race,14mil,12000.0
CWRU,DE,43,0.12077821242281059,0.05340735253337902,0.4633701529348918,0.4791474224981491,0.004075071966870925,19.802215114554826,8.937384050099721,15.115378730418287,19.20020027910833,0.037274024119729285,3.5826692215568867,1.8256084231536929,3574.21875,0.20426652954824326,0.09219213166772704,1.69125312794963,0.06287328123527278,3018.015395142004,0.08146119075661973,6.641989802684721,2.6355547383985622,728.4227656500248,0.20083690452604866,0.040335462219605184,inner_race,14mil,12000.0
CWRU,DE,44,0.11869098445686746,0.0647535849856607,0.4476570441462163,0.482531763924229,0.00505760688237655,20.367387115562476,9.250223880384183,15.522149807313088,19.476289067809304,0.037026247095652436,3.5854306187624747,1.842339241516966,3574.21875,0.19916698939836353,0.09045535546919795,1.6780296356101183,0.13817805065428349,2995.5419126110305,0.09345073887944716,9.316826195739562,2.871639422593097,776.5344329835675,0.19569503491918117,0.03829654669201954,inner_race,14mil,12000.0
CWRU,DE,45,0.12040083627666537,0.04896307132210819,0.48167066899542,0.464937290911896,0.0044289687224875265,20.311055908638977,9.067970051376143,15.404247750534084,22.16392166414111,0.03626213574803517,3.697023552894211,1.854684311377245,3574.21875,0.20453136709420214,0.09131402718400206,1.6987537081903303,0.11419685693392703,3010.7178237540543,0.0799890420693081,5.984908685710446,2.5246572518405275,712.1996671615572,0.20129117625075954,0.04051813763641434,inner_race,14mil,12000.0
CWRU,DE,46,0.11881193834986273,0.05429728560346489,0.47105333841255237,0.47088624632933596,0.003763129607365348,20.320686665279133,9.302858288032994,15.610252110489096,21.76104149389294,0.036377696287113265,3.59338994011976,1.854684311377245,2753.90625,0.1993671465213087,0.09127074994696142,1.678006009246621,0.0931293562535567,2995.7540679575454,0.08233187196721037,7.131200105460525,2.602525517611808,731.539480457272,0.19602020897063527,0.038423922324891516,inner_race,14mil,12000.0
CWRU,DE,47,0.12284259794863393,0.047510834327297975,0.46459244454271953,0.483986691198321,0.0039100299239071415,17.452135331797713,8.000422900281617,13.32352453136693,16.080578677172213,0.03807160598724425,3.203870499001996,1.636696367265469,3574.21875,0.204576231489945,0.09378201212337699,1.6653525316640374,0.05854651156506795,3028.1144232375414,0.07850249793383937,7.399033975805988,2.6894387090167813,710.2515968349966,0.20100245597549196,0.040401987308179586,inner_race,14mil,12000.0
CWRU,DE,48,0.12227574058913418,0.053316522079228865,0.44636582769693817,0.4965368066620274,0.0037808435248743296,17.717714609909425,8.286004418984762,13.592526526497963,16.475255657616355,0.03885689418038921,3.2165404391217565,1.66203624750499,3574.21875,0.20058355794464205,0.09380646906771045,1.6404198983233684,0.1019868996524942,3010.9027438485277,0.08059764054166894,7.186533945597619,2.6411471124241066,726.0838399191498,0.1967839055725483,0.03872390549238561,inner_race,14mil,12000.0
CWRU,DE,49,0.11791362766654187,0.04762058110487241,0.4673821541062855,0.4805092625660262,0.00448800218706551,18.380609729416573,8.507108873791136,14.095370318053531,18.92654687409719,0.03827806040263222,3.2165404391217565,1.66203624750499,2695.3125,0.19537028056916292,0.09042334677532732,1.6568931380999268,-0.011410525354656757,3019.6449579807595,0.07869938416987798,6.934923466712556,2.6274035961044846,711.7591532346734,0.19158375876228623,0.03670433662148588,inner_race,14mil,12000.0
CWRU,DE,50,0.11483077070468434,0.060780642805238164,0.48609587596143705,0.4487082351992577,0.004415245993072902,20.114843413827863,9.037907141386917,15.251796692772967,20.758584208948335,0.03763252352716441,3.3783258283433133,1.7513755688622754,2765.625,0.19378109793165205,0.08706881444865237,1.6875363349254875,-0.08838120207066684,2967.2686149571246,0.08231791758972487,7.993422677050203,2.8087281668671995,755.2284652905099,0.19009183856382142,0.03613490708857395,inner_race,14mil,12000.0
CWRU,DE,51,0.11846938106209451,0.048499778314667986,0.440820152321456,0.5058732375542334,0.004806831757536024,19.575040296426852,8.843058283951423,14.783360503456247,16.4994206833127,0.03691504882812499,3.3783258283433133,1.7513755688622754,3574.21875,0.1980508906110808,0.08946983210971803,1.67174749150816,-0.029470286568675088,3040.760790252391,0.07994657533136855,6.403672704687063,2.5696993981453438,722.3414390522203,0.19458014914646213,0.037861434441859444,inner_race,14mil,12000.0
CWRU,DE,52,0.11952243341442112,0.05504024538411381,0.4390306723311149,0.5017341294843416,0.004194952714243738,20.063338368386276,9.069066570068093,15.153236466722236,17.598040201534094,0.03685818066991017,3.602811177644711,1.8111516966067864,3574.21875,0.19970651694016484,0.09027170171543392,1.6708705741266225,0.044790398595572656,3019.532157259438,0.08173456298750215,6.496677132607173,2.5970762355475006,748.5470059284486,0.1962757433461318,0.0385241674260766,inner_race,14mil,12000.0
CWRU,DE,53,0.12416960095434126,0.0477145992144045,0.4217127392731322,0.5265440501765584,0.004028611315659936,19.189297275510498,8.717723395536575,14.586111920201546,18.320766414129555,0.036541876325474044,3.602811177644711,1.8111516966067864,3574.21875,0.20775512303293378,0.0943834300236825,1.673156081973139,0.05621289889185259,3043.1433314905894,0.07923240320743212,6.399098070831899,2.5691147559795993,714.5136765262382,0.20451621554547506,0.04182688242104322,inner_race,14mil,12000.0
CWRU,DE,54,0.12240906747052764,0.046331109709502646,0.40948161506874037,0.5397120612055358,0.004475214010877936,18.964260944064392,8.674650483285463,14.474764262346712,18.36725200464882,0.03566045953015842,3.3831988822355292,1.771842395209581,3292.96875,0.2042551914481871,0.09343060615099522,1.6686279510900244,-0.027028701619705584,3066.532249997429,0.08126040712120051,5.886438094394654,2.5136749086258696,722.2596382379911,0.20111816143658803,0.04044851485963349,inner_race,14mil,12000.0
CWRU,DE,55,0.12163401078701967,0.05316154587275392,0.4112655163492787,0.5306119220872856,0.004961015656566936,19.278701497950742,8.656501339904358,14.566998027484804,17.968902171735117,0.035413317018307126,3.3831988822355292,1.771842395209581,3292.96875,0.2046834310579749,0.09190672906045677,1.6827812363794712,-0.1093877390989804,3037.2663948977424,0.08461556995712546,6.183131346266634,2.521510170169873,741.9448669169982,0.20159663669671088,0.04064120392742564,inner_race,14mil,12000.0
CWRU,DE,56,0.11872255144008853,0.05599320429050615,0.3924408952572606,0.5461591614501574,0.005406738841265158,16.271057102469673,7.4652713898494705,12.343819457573723,15.01009064909399,0.034784832658900935,2.891020439121756,1.465489740518962,3714.84375,0.19630763089357856,0.09006727290610549,1.6534990910521503,-0.19497359662965003,3048.084932526159,0.08885886154812989,9.96384720414885,2.927891387871627,760.8975452348459,0.19320119400237087,0.03732670136394175,inner_race,14mil,12000.0
CWRU,DE,57,0.11643045533932131,0.059996974728743,0.4373811158481434,0.49733228895241255,0.0052896203673588075,19.963842132231413,8.808696413560984,15.029690020490916,19.862304813535452,0.03454792165668662,3.449797285429142,1.7499136526946109,2625.0,0.19865750509923574,0.08765415199659357,1.7062331717270578,-0.2972537006188615,2995.3418546351504,0.09102691573913882,5.481137058106441,2.4173441161179268,769.8050238096731,0.19563037964860241,0.03827124544145631,inner_race,14mil,12000.0
CWRU,DE,58,0.1181355483174276,0.05559942923281937,0.39964825046263874,0.5391873841356352,0.005564936027432621,19.53465629485175,8.75037831357015,14.812761083502416,19.707674320819365,0.03450049186782683,3.449797285429142,1.7499136526946109,3714.84375,0.19998148536970475,0.08957995606791357,1.6928137907512726,-0.3427278057646206,3048.671186699947,0.09020862137496351,12.71305926283411,3.155496042867294,769.7454178685642,0.19698302097275147,0.03880231055155145,inner_race,14mil,12000.0
CWRU,DE,59,0.11756710467736398,0.05248496731794567,0.41001059834576636,0.5319433090425356,0.005561125258449042,17.3700908227709,7.628621503292282,13.074436399134054,18.13527704042527,0.03360844699273327,3.015120878243513,1.537123632734531,2625.0,0.20149428465826427,0.0884925501206635,1.7138661806056996,-0.23532616080813634,3047.558582408237,0.08860162497352056,4.012280797064452,2.2090479053674903,743.331837319739,0.1986716362259149,0.03947041904068227,inner_race,14mil,12000.0
CWRU,DE,60,0.12025458120867635,0.05617270699401545,0.4372725453866651,0.501395970204157,0.005158777388565217,17.306403238036623,7.322987386745414,12.782245942607197,15.898839978299375,0.033236305572448846,3.015120878243513,1.537123632734531,3679.6875,0.20990390281385987,0.08881820281155743,1.7454961025527678,-0.16011026065199235,3019.9228564573223,0.09320012429730726,11.160375965229337,3.0877799737668954,763.0989554406484,0.20725587183089683,0.04295499640838514,inner_race,14mil,12000.0
CWRU,DE,61,0.11136252687983403,0.05096296677177854,0.4256098006261677,0.5182935212465227,0.005133711262106747,23.214795035963352,10.154113988793663,17.520891749776194,23.79754622657756,0.03298789403614645,3.7808400798403192,1.9511707784431136,2625.0,0.19215568986092485,0.0840485895059786,1.7254968546849772,-0.2986554963694091,3048.1342301300356,0.08997389823553334,7.299662887192403,2.618094277736552,734.217394017524,0.18930295294312743,0.03583560799298792,inner_race,14mil,12000.0
CWRU,DE,62,0.11241319981131483,0.05559111790421891,0.4673378524450574,0.47223815203866853,0.004832877466028965,22.737199105934252,10.284845849007,17.357132273773427,23.90350961025042,0.03262582549744261,3.7808400798403192,1.9511707784431136,3714.84375,0.18971317675427277,0.08581403405724988,1.687641460902329,-0.2795867864767541,2993.8422676468285,0.0889860150275963,10.220692997515863,2.9574721221115476,748.636921004623,0.1868867168763162,0.03492664494480836,inner_race,14mil,12000.0
CWRU,DE,63,0.11661303623222301,0.04918984255503973,0.4342196207885019,0.5122310772995832,0.004359459311455077,20.266460716983282,9.23022417677411,15.369715766491874,16.46971790506438,0.03248083945390468,3.405777365269461,1.792309221556886,3574.21875,0.19417829808151896,0.08843720897230625,1.6651508643924906,-0.11003338926557392,3039.7820895587492,0.07980704466184636,7.907828084631177,2.7005842626183725,722.527405377319,0.19144243655523424,0.03665020651420489,inner_race,14mil,12000.0
CWRU,DE,64,0.1122333949093999,0.058346893111034706,0.49396044985427273,0.44296923741480004,0.00472341939134469,21.10283228436336,9.437150254091904,15.969482372013452,18.60826434547963,0.03200328969015094,3.405777365269461,1.792309221556886,3703.125,0.18992059819962592,0.08493216443201985,1.6921932937423732,-0.0549404242166588,2974.047177114384,0.08714989937684048,8.815516989414313,2.8645436647572415,760.4275304537722,0.18720476241140882,0.035045623069512026,inner_race,14mil,12000.0
CWRU,DE,65,0.11365319532809377,0.04584190305561072,0.44416106097994046,0.5055172731646145,0.00447976266146664,18.066743783119247,8.164269263099108,13.721916714586397,16.703931770563468,0.031471489131112765,3.068562035928144,1.5595396806387225,3574.21875,0.19102011832063592,0.08632101608126454,1.6807280936466371,-0.1334487503488128,3047.445996369735,0.08039841110315926,11.28578440596122,3.1344260657500427,710.5938137058171,0.18840974225103116,0.03549823097509999,inner_race,14mil,12000.0
CWRU,DE,66,0.1146748393252557,0.05012900758456244,0.4833088055529334,0.4623410893924572,0.0042210974411311004,18.403765315154715,8.475668792849522,14.160595310800076,20.22238123507056,0.03161623723256611,3.192824910179641,1.623863992015968,3703.125,0.19159125158193263,0.08823542162205174,1.670734859619176,-0.20155110974888593,3005.4875033853295,0.08335024682734414,8.399046162136548,2.8027521489140517,728.1782622233112,0.1889646031032942,0.0357076212259855,inner_race,14mil,12000.0
CWRU,DE,67,0.11101449692412046,0.04588300608321446,0.45414908162894796,0.4959728217698441,0.003995090393558995,19.141179346383446,8.677058885755331,14.62749493992569,19.95008924325723,0.031546916771924886,3.192824910179641,1.623863992015968,2625.0,0.1871445167534566,0.08483615155733769,1.6857664713949188,-0.12363622797654535,3039.174203617874,0.07656623777266462,7.700354605347833,2.7381906563905387,707.8635037467418,0.18446642565266463,0.034027862193070045,inner_race,14mil,12000.0
CWRU,DE,68,0.11089972952532431,0.04961036278278698,0.45644039362102895,0.490397754916246,0.003551488644171483,21.287784991549564,9.475420357760042,16.18057037581639,21.38743672760302,0.03093421590412923,3.3728030339321355,1.794420878243513,2625.0,0.1893763875893848,0.08429345180608641,1.707636153847788,-0.22851779470298908,3024.811297548138,0.07612341130567453,6.798748042109381,2.628469254673846,722.3157317293322,0.18683278744053897,0.034906490462801615,inner_race,14mil,12000.0
CWRU,DE,69,0.11012395901556259,0.05299425717524479,0.4695699321177953,0.47368568532578437,0.0037501253474861987,21.33962032223206,9.651261153283007,16.294554738900437,21.324309961106486,0.030852443141061614,3.3728030339321355,1.794420878243513,2625.0,0.1859260515018927,0.08408869750948886,1.6883342477327559,-0.24093626326181344,3009.516381913078,0.07707856808965591,6.948859957709839,2.654812617180961,737.6935460344881,0.18334836617573666,0.03361662337931201,inner_race,14mil,12000.0
CWRU,DE,70,0.11027148310800271,0.053630847758142884,0.45298724863025663,0.4894829226681293,0.003898980915058559,17.318432532989327,7.718916290470439,13.124853000938641,18.20720728067351,0.030549939437531176,2.88907121756487,1.447297005988024,3539.0625,0.1875000261079158,0.08356974588959562,1.7003491820661691,-0.12606592663380703,3019.9126024121942,0.07740899816660309,6.869813623328664,2.6556520138030977,741.359515897944,0.1849944890823299,0.034222960990832274,inner_race,14mil,12000.0
CWRU,DE,71,0.11361710744526568,0.06101938424012605,0.46085769278106614,0.47351614080773763,0.004606782142066553,16.972735213814936,7.338189836770444,12.738372226957548,17.928216832995595,0.030152734784337564,2.88907121756487,1.447297005988024,2777.34375,0.1972280682540891,0.0852718779710885,1.7359011568667373,0.026970838173848558,2986.882316388675,0.08451390511866441,5.413172714921627,2.420197106096028,766.6834853240844,0.1949095264276865,0.03798972349226502,inner_race,14mil,12000.0
CWRU,DE,72,0.10900602778817362,0.06083250429731259,0.4321909193689847,0.5015609820799152,0.005415594072058436,16.421345988123544,7.462339076012242,12.533636019674617,16.720172561164524,0.030205478613086315,2.724361996007984,1.366241876247505,2601.5625,0.18308493655016322,0.08319914075469916,1.6795854345407737,0.12475405222929921,3022.101820000331,0.08809583506138768,6.71572772400244,2.6261725940189646,784.2514832327414,0.18057608660432223,0.03260772305333168,inner_race,14mil,12000.0
CWRU,DE,73,0.10880219073571602,0.07119028252793647,0.4599701070379467,0.46356262556837957,0.005276984506946854,19.590349386066247,8.806307281350728,14.948807033146478,19.606499475883247,0.02981112926490767,3.165210938123752,1.6264629540918163,2777.34375,0.18469295950371906,0.08302368283684862,1.6975114035373067,-0.04654152317944694,2955.1319498403072,0.09194602511770061,7.835817851571976,2.696952541092207,804.3143100684838,0.1822711876907411,0.03322278586219337,inner_race,14mil,12000.0
CWRU,DE,74,0.10747391870555759,0.07518880599959708,0.42795076237535656,0.49172622079867356,0.005134210697855517,19.922786018382904,8.921917913916403,15.133559599215676,19.08209423795135,0.029288687761196343,3.165210938123752,1.6264629540918163,3703.125,0.18229969943512483,0.08163832872526296,1.6962226894746877,-0.027076838710245334,2976.88599213184,0.09104729815213962,5.531975231321459,2.4236554510101755,822.3916381701238,0.17993152359540562,0.03237535318336401,inner_race,14mil,12000.0
CWRU,DE,75,0.10989561392839317,0.06895493859521931,0.4613617857596651,0.4645718808432746,0.005111394750286577,19.511295294687624,8.619814993503407,14.803027766069857,19.325803795118414,0.029016402702407677,3.190713253493014,1.6267878243512974,3445.3125,0.18872653596131433,0.08337672101114814,1.7173254619996623,-0.00016060619573179605,2967.8374682374624,0.08837413930052801,8.139150721091303,2.7492215733672536,792.789642793094,0.18648258296733497,0.034775753750168975,inner_race,14mil,12000.0
CWRU,DE,76,0.10976300087325344,0.0634388228087698,0.44130914469731275,0.49057862134419716,0.004673410999990962,19.521955019089276,8.614388396979678,14.82091243323237,19.577340273633848,0.02880637915575099,3.190713253493014,1.6267878243512974,3703.125,0.18884542342224453,0.08333119417397311,1.7204834226453947,-0.020427631548910263,3001.999872036015,0.08863166036723868,6.121517938433664,2.5313171293250822,788.9684900220439,0.18663543733027213,0.034832786467461935,inner_race,14mil,12000.0
CWRU,DE,77,0.11033905866002365,0.055284932520492755,0.4302606967636014,0.5091948170409164,0.005259553633190607,20.37845196526623,8.939209852344293,15.458998092967999,22.327103528196,0.02908167814761102,3.4030159680638725,1.7057312974051897,3527.34375,0.19081454911340565,0.08370269244751759,1.7293472631603901,-0.04753249120728759,3042.390759102966,0.0865571127930877,6.842438534379115,2.6485509352379113,755.9758870781735,0.18858538689270454,0.03556444814947106,inner_race,14mil,12000.0
CWRU,DE,78,0.11941607330261347,0.07792622056298157,0.45452593404163005,0.46285511350201913,0.004692731840433553,19.194373191509754,8.10898143723668,14.283933897932474,19.705465356496177,0.029089926806543154,3.4030159680638725,1.7057312974051897,3714.84375,0.21035086966316405,0.08886621513432309,1.7614954490264623,-0.018847807438977474,2948.192443602941,0.09064541153185006,6.978160752961562,2.5444565312641334,827.709830737563,0.20832970149846466,0.04340126452643939,inner_race,14mil,12000.0
CWRU,DE,79,0.1126781086654815,0.05884711143041183,0.4280971842444457,0.508385550178123,0.004670154064328059,20.464648004371103,9.141356712350055,15.537408721873954,20.78590740515288,0.028418216301771448,3.26462123752495,1.7507258283433134,3714.84375,0.19151706726180667,0.08554878774212832,1.6996830132318077,0.06809705328157883,3030.756474285236,0.08047995291413344,6.126025624741484,2.5020693814586634,765.4728295960726,0.18939691664541192,0.03587119203478911,inner_race,14mil,12000.0
CWRU,DE,80,0.1123637871717502,0.0676152697952923,0.46192136845990245,0.4661604585723637,0.004302902995751571,20.32196220470487,9.336295352193146,15.580872382552355,19.775333262574318,0.028088349258514212,3.26462123752495,1.7507258283433134,3714.84375,0.1875182566854056,0.0861494481048681,1.6688495591447121,0.22341648338646247,2968.0981895996474,0.08399141430019641,9.689998953776596,2.862775287541885,796.140801856739,0.1854026462223918,0.03437414122626538,inner_race,14mil,12000.0
CWRU,DE,81,0.11360505171298024,0.052011895982669386,0.44775256060389695,0.49606760525660415,0.0041679380474095645,20.065942087764945,8.918559140127352,15.206168904837877,20.635095357281475,0.027963508978137465,3.447035888223553,1.7274976047904191,3714.84375,0.1936969388942967,0.08609102912958906,1.7050028671582864,0.0976090643297586,3050.506147254797,0.07627910256065507,13.561887257034531,3.309949552442851,748.3252187765245,0.19166780194558122,0.036736546302650545,inner_race,14mil,12000.0
CWRU,DE,82,0.11537327865752865,0.05520660870482526,0.45093528805826255,0.4894740474852339,0.004384055712611704,19.687683797253996,8.8810478274626,14.97311704141028,20.478759927821102,0.027945108123596546,3.447035888223553,1.7274976047904191,3714.84375,0.19451506605431507,0.08774509091980477,1.685962887747249,0.09537516172315177,3024.0072914093835,0.08050709578721206,8.896933864201083,2.8797214896750547,748.9158588805709,0.19249722557500681,0.03705518185407505,inner_race,14mil,12000.0
CWRU,DE,83,0.11622685622894832,0.048560749997476775,0.4593710649313186,0.48783947343286993,0.004228711535953406,20.214871487468436,8.952209862862606,15.289412249616321,21.063388350453593,0.027994282821076587,3.37101624750499,1.7770403193612774,3679.6875,0.19850297821247026,0.08790757440446242,1.7078925185883986,0.003989945590868757,3041.440163285953,0.07665071846139468,9.912852512363068,3.0240564937139123,725.7047837978351,0.196519089374427,0.038619752488554024,inner_race,14mil,12000.0
CWRU,DE,84,0.11592562154986898,0.047519541872520395,0.4782754479544868,0.4700713111061667,0.004133698916955691,20.334092770002417,8.926148136379975,15.329142044727607,20.697779123117307,0.02745383703296531,3.376051736526946,1.7770403193612774,2742.1875,0.19908254850921187,0.08739216150242174,1.7173300073579538,-0.12149067350307381,3021.494000862457,0.0784726711257754,7.410094008529132,2.7164469247018785,716.2165437637287,0.1971804958739329,0.038880147953090076,inner_race,14mil,12000.0
CWRU,DE,85,0.1152112400979291,0.049459392004909744,0.47062227802630985,0.47586398962976373,0.004054340329518679,18.852773366847046,8.370086173940459,14.258213570738187,18.803272043273356,0.026890786746818853,3.278753093812375,1.6427064670658682,3714.84375,0.1962592060497887,0.08713341189124982,1.7034727330681376,-0.05375830446922925,3031.8137983702522,0.07377855927917926,8.06138638095977,2.828649884318474,729.6408268090911,0.19440823425830123,0.03779456154743052,inner_race,14mil,12000.0
CWRU,DE,86,0.1139260355850798,0.047138664237967726,0.4475201425944211,0.5010541567545294,0.00428703635779239,19.362952541391405,8.201640128470478,14.41906109195819,19.41097746570755,0.027058773858532927,3.278753093812375,1.6427064670658682,2742.1875,0.2002899958221181,0.0848376023002856,1.7580704427526737,-0.09437852691714947,3047.29658342248,0.0753651052954995,5.896927908472339,2.5224046754174045,710.9902071896502,0.1984537860150238,0.03938390518369686,inner_race,14mil,12000.0
CWRU,DE,87,0.11284847519804136,0.04806381803219367,0.44775215258964257,0.5000591748143589,0.004124854522879291,20.759604669561913,8.875409116357208,15.493800279166667,19.993423577506228,0.0269821565072979,3.469939241516966,1.748451736526946,3714.84375,0.19699956515858896,0.08422374916852612,1.7456998405416484,-0.02251821590106278,3053.851295781794,0.07499442682703722,6.017771803618631,2.568894189508398,710.1594475987914,0.1951430037251882,0.038080791902888815,inner_race,14mil,12000.0
CWRU,DE,88,0.11298426081430883,0.04655664142629146,0.4336231649546412,0.5153171158801773,0.0045030777263892095,20.862042563890807,8.843683277638819,15.475179674809311,19.62869446472124,0.02661794648983283,3.469939241516966,1.748451736526946,3527.34375,0.1977062816064311,0.08381018930300067,1.7498568400723007,-0.06695296186318854,3059.974464775897,0.07999919807246103,5.397106656809706,2.458179543552223,704.7652987546094,0.19590624980154628,0.03837925871130585,inner_race,14mil,12000.0
CWRU,DE,89,0.12152106761087197,0.058360557719662726,0.41334548351314665,0.5236208596215379,0.004673099132030697,17.836729462542998,7.5155691187131755,13.10483888337377,14.540991411476327,0.026418471708925893,3.084155808383233,1.592514011976048,3539.0625,0.21189533178675896,0.08928284836748328,1.7436921511032015,-0.060969998682441684,3044.2786729768127,0.08109084133090239,6.357005279406756,2.587263396758361,760.5362972990428,0.21024199386798378,0.044201695985585335,inner_race,14mil,12000.0
CWRU,DE,90,0.11432014699117388,0.05188510234746084,0.45735310025318837,0.4857518473828132,0.005009949941645645,18.53354862225293,8.147546184547341,13.930300597837741,16.201259835488553,0.026201627155844554,3.084155808383233,1.592514011976048,3562.5,0.19545934148816665,0.0859260168915489,1.7097541127484481,-0.1410575084333855,3021.7587578589373,0.0839700872489397,8.701550509744902,2.8017935675626817,736.3386434573293,0.19369519588614958,0.03751782890937386,inner_race,14mil,12000.0
CWRU,DE,91,0.11159769297342811,0.06103015534964981,0.441674888353952,0.4922234192688662,0.005071536940904293,20.551893507268435,8.635627820404592,15.274457796389008,20.60870472953727,0.026258812570172145,3.2712810778443115,1.7045942514970058,3562.5,0.19739088887889833,0.0829409830726378,1.768772127985638,-0.25915512849630046,3016.3759113054257,0.08972437393911575,6.6211043670436425,2.6100467788762884,774.8343219822714,0.19563649397493854,0.03827363777480616,inner_race,14mil,12000.0
CWRU,DE,92,0.11173990302597926,0.05926397783639073,0.4598666029493099,0.47498933760952183,0.005880081551850472,20.652373555442043,8.624936545348184,15.255018174668468,18.93335605860379,0.02637691115815244,3.2712810778443115,1.7045942514970058,3562.5,0.19763557013255592,0.08253745008635259,1.768710771895033,-0.14294761462195985,2996.710541713161,0.09337013660445859,7.3180908884290155,2.654811635886765,760.7578851470641,0.19586749893582486,0.038364077139375355,inner_race,14mil,12000.0
CWRU,DE,93,0.10935913384169157,0.05944709396624847,0.42850820629710823,0.5060442246358566,0.006000475030956107,22.050809791106918,9.367722689534697,16.558532997972172,25.1282592116945,0.02640697117483782,3.4926801596806385,1.8108268263473053,3480.46875,0.1933049137300253,0.08212064969503347,1.7676156251370256,-0.2644264881274347,3033.090789797378,0.09140248377677106,6.160189666718853,2.5483328193387513,775.1412983820401,0.19149271930165862,0.03666946154554382,inner_race,14mil,12000.0
CWRU,DE,94,0.11076648195795903,0.06442002592584502,0.47142204111301067,0.45866886503249793,0.005489067913574391,21.715211455281025,9.299171508921281,16.348147872337385,25.294350194690004,0.02629069680950598,3.4926801596806385,1.8108268263473053,2613.28125,0.19472990949893385,0.08338978554624767,1.758021976114063,-0.3710975999472076,2969.0713058558495,0.09257016143882152,7.573098632483699,2.717362318027401,779.1719461554359,0.19294697954291382,0.0372285369147336,inner_race,14mil,12000.0
CWRU,DE,95,0.1156507984421781,0.05937065065466607,0.3997109934362888,0.5355822108645366,0.005336144862608508,18.976884204873564,8.442627563410214,14.288293700596245,15.869148657910092,0.0261923474145459,3.102510978043912,1.6524525748502994,3703.125,0.1957272854261532,0.08707712799480136,1.6923989117464755,-0.2612788336302211,3053.4531299217047,0.09006411466465895,7.177918850994731,2.6817239103880035,779.7807374119923,0.19396683014682323,0.037623131197206575,inner_race,14mil,12000.0
CWRU,DE,96,0.11427842781234401,0.057470916606728435,0.4985147665795529,0.43923300505408075,0.004781311638064094,19.44913317504825,8.230110800495243,14.459881943456404,17.670895589136354,0.025805850155158423,3.17690626746507,1.6524525748502994,2753.90625,0.20078132784686978,0.08496278780024344,1.7569486358052782,-0.19067634399326075,2955.706428481739,0.09041981635282129,8.365892422883816,2.809194211099907,751.325216304329,0.19911604583689813,0.03964719970972171,inner_race,14mil,12000.0
CWRU,DE,97,0.11081502214321352,0.05206283055719607,0.43701453782952276,0.5061833668190268,0.0047392647393461555,20.48149375784091,8.905053097620767,15.421916333612,20.40172637225516,0.02543648472586077,3.2334336926147706,1.7089800000000002,3691.40625,0.19191126445462764,0.08344020315147928,1.7318163254672108,-0.13690788721059413,3037.735240639401,0.0874485378054568,6.444041712823994,2.5866250771516515,749.8938647825423,0.19021808186753714,0.036182918669365065,inner_race,14mil,12000.0
CWRU,DE,98,0.11098221611464565,0.048629527406394354,0.4401255591982026,0.5067084802714372,0.004536433091398995,20.322745310351156,9.045415621256922,15.398683319087882,19.775037777294557,0.025362246795471548,3.224174890219561,1.7089800000000002,3515.625,0.18893327532500112,0.08409198530523093,1.7023743257192785,-0.04534728461861641,3033.533772968248,0.08316484005291047,6.083394129427564,2.507192129815545,718.1234918222851,0.18722323296674015,0.03505253896251826,inner_race,14mil,12000.0
CWRU,DE,99,0.10971636422467561,0.050410623278088706,0.4568805570250119,0.4876018416940496,0.0051069778668825895,20.29238802960662,9.068030917546658,15.369075467933577,18.68200919890149,0.02492728866485778,3.1293127744510976,1.686239081836327,3574.21875,0.18595427134830905,0.08309712387601213,1.69486359361594,-0.31316588619619284,3030.0372836748306,0.08534112934290675,7.688370000358592,2.725299575401912,742.660421554761,0.18427593796396588,0.0339576213124994,inner_race,14mil,12000.0
CWRU,DE,100,0.11509322082397701,0.04712604964709248,0.4822626758315737,0.46605770880038283,0.004553565671843728,19.192392503969916,8.762426226899922,14.651072146249627,17.195860272885845,0.02465666920066117,3.250814251497006,1.686239081836327,3574.21875,0.19243974650077084,0.08785976430439983,1.672033722951304,-0.3028452730890549,3006.395093039736,0.08141260721154005,6.232065694242374,2.5332469685335512,716.1754285243475,0.19085362112679474,0.03642510469721011,inner_race,14mil,12000.0
CWRU,DE,101,0.11341033577376493,0.04948459227915529,0.4504010859641494,0.4955074533079394,0.004606868398439909,18.055747895304314,8.200955031062728,13.795701767268818,16.895598654625637,0.02442459635416666,2.9337408782435133,1.5645751696606789,3574.21875,0.19077963038872217,0.08665247093240439,1.6822067326323442,-0.1771089246499605,3030.03172481238,0.08246648492607202,8.10690211815245,2.6851710866615526,729.9166670094328,0.18920968913930772,0.035800306464193465,inner_race,14mil,12000.0
CWRU,DE,102,0.11176369723443733,0.04261724684828527,0.44997882175430837,0.5033017069312602,0.004102224372734547,21.154106848291878,9.226005639160872,15.942125951562995,20.681393259094513,0.02428904867998377,3.4350156886227543,1.7817509381237526,3574.21875,0.19312268036786145,0.08422718817209826,1.7279553660681448,-0.18252180253807831,3053.0691492306532,0.07856870041775027,6.447412643090637,2.55099367495623,701.1604058185097,0.19158917450286314,0.03670641178668855,inner_race,14mil,12000.0
CWRU,DE,103,0.11281770135510225,0.04885230748896966,0.4348162184413635,0.5120295835806719,0.004301890435440809,21.018709433541794,9.163192173645358,15.793185969243929,19.92093232291974,0.024069904020084822,3.4350156886227543,1.7817509381237526,3574.21875,0.19444653177179033,0.08476975923557052,1.723546300236655,0.055348663689663936,3044.6277444566026,0.08010922949916806,5.704562264563551,2.4509756077641507,722.8140150528511,0.19295101305394013,0.03723009343854178,inner_race,14mil,12000.0
CWRU,DE,104,0.11613469332818732,0.043276821522239384,0.4018614627102346,0.5507699698896472,0.004091745863225559,21.004916134328145,9.147225499221138,15.835841006830178,20.419229587455085,0.023636611484063118,3.659176167664671,1.839090538922156,3457.03125,0.20105446608687516,0.08755524312313473,1.7312179532666554,0.03299720934915858,3085.088824550681,0.07358051124173189,7.431078679280896,2.686826255840059,702.3567293577308,0.19966023372477026,0.03986420893102989,inner_race,14mil,12000.0
CWRU,DE,105,0.1163349612493762,0.05409724802448476,0.38275082019764717,0.5587539170322007,0.004398014585978216,20.996165396397913,9.24110270881714,15.808579976056143,19.514542046540853,0.023563087379927634,3.659176167664671,1.839090538922156,3292.96875,0.19901202236043097,0.08759173421436607,1.710681124772353,0.00017839253080087134,3056.0100624594297,0.07844970150962662,6.463853433144777,2.539348055493688,738.2394044981243,0.19761216044847688,0.03905056595711457,inner_race,14mil,12000.0
CWRU,DE,106,0.11594901918818609,0.05071992396410211,0.4024462038437474,0.5422080286013821,0.00462584344532472,16.701425906438054,7.272303398199621,12.416340948547713,14.328175256996438,0.02344633713042664,2.8788378043912175,1.4396625548902195,3457.03125,0.1979651392496402,0.08619997855005058,1.7073463892639003,0.08663124288340482,3066.629531886688,0.07969165858401034,6.20790987109133,2.540065135507931,738.0311686049272,0.19657178239334305,0.03864046563329582,inner_race,14mil,12000.0
CWRU,DE,107,0.12263654010338694,0.06352520973619281,0.3713165578356243,0.5595172771709886,0.005640955162538989,18.880642202524257,7.811285111374678,13.822740045853912,16.087417859889026,0.023358853757329087,3.379625309381238,1.695173013972056,3281.25,0.2170158930063339,0.08978365226080175,1.769585906642358,0.08539535431141457,3041.8066347514173,0.0890442067026682,5.758153205528435,2.4518630720931207,785.2556912477322,0.21575509673813104,0.04655026176848028,inner_race,14mil,12000.0
CWRU,DE,108,0.11529729581851918,0.058033756831152854,0.41596396154508325,0.5209118424026583,0.0050904392023401615,19.664878622584688,8.567720007767958,14.702625954387523,17.297255374809723,0.023057143194080584,3.379625309381238,1.695173013972056,3714.84375,0.19785579038940587,0.08620307536631253,1.7160488369201288,0.10316582186414859,3034.8866010116312,0.08681962204422149,8.960293388940919,2.80896713648402,769.4217320442788,0.1965077147043957,0.038615281938344174,inner_race,14mil,12000.0
CWRU,DE,109,0.11635304484780436,0.06593817803826536,0.41170398678966474,0.5169188987902338,0.005438936369938925,20.40434533071742,8.802938922388238,15.257473796721458,19.464978393403037,0.022616553767465068,3.533613812375249,1.7752535329341317,3656.25,0.2016660059311766,0.08700369966105223,1.7332249980648626,0.04103447921482315,3016.3809174550506,0.0903362711020769,6.285649384112279,2.589749656107806,792.0446668212231,0.20039378594137272,0.04015766944391671,inner_race,14mil,12000.0
CWRU,DE,110,0.1177284294107098,0.06081953603609754,0.430268517012574,0.5042382990508946,0.004673647881723812,20.038628093039993,8.787366181690002,15.079225483769482,19.157594998724658,0.022345379105071103,3.533613812375249,1.7752535329341317,3714.84375,0.2020233931565501,0.08859157047536251,1.7160119621724264,0.02100299105675173,3016.4497754940644,0.08664328298818512,9.34912039247337,2.8791633122653004,770.3352567868543,0.2007838026712729,0.04031413541513666,inner_race,14mil,12000.0
CWRU,DE,111,0.11854195339789167,0.06804571932308422,0.38745852850506307,0.5386968761880762,0.005798875969343911,21.05196570368515,9.326212557307835,15.845865421286106,19.168701340390232,0.022470298699476043,3.643095089820359,1.8783998403193607,3527.34375,0.20141079015483984,0.08922681457677592,1.699067582249088,-0.016795307078977657,3028.026628996903,0.09189230826692651,6.758486737211214,2.6180111234178107,797.8973484578981,0.20015342132262756,0.040061392067153256,inner_race,14mil,12000.0
CWRU,DE,112,0.11888887295721053,0.05922889349536586,0.43999768708789655,0.4963295537065049,0.004443865651218675,21.059395264048135,9.254584771907371,15.799626942341513,19.441770745318923,0.02253152912924151,3.643095089820359,1.8783998403193607,3527.34375,0.20296965089361024,0.08919533617976673,1.7072215914323736,-0.05644302439522188,2999.160669230587,0.08654298245945165,7.80037871098925,2.673133336741685,758.0713962531696,0.20171516893623087,0.04068900937897216,inner_race,14mil,12000.0
CWRU,DE,113,0.11780314322526816,0.06248718416375779,0.38345362231857205,0.5490231888539678,0.0050360046228835435,19.24246281964961,8.481010103946844,14.479505815421394,15.932377567016562,0.02230207364567739,3.1850280239520954,1.7057312974051897,3574.21875,0.20112360161101403,0.08864412593087447,1.7072855282512873,0.10304893596327175,3047.8216870755564,0.08645645219059227,6.777210606893709,2.6060728954993175,777.8140813875424,0.1998832675240443,0.03995332063608867,inner_race,14mil,12000.0
CWRU,DE,114,0.1196083305069548,0.06412052626425055,0.4436975426942661,0.48803345630970146,0.0041484747193710975,19.064993528866125,8.237957161279454,14.260974049010805,16.469974122906912,0.022136624582865513,3.1850280239520954,1.7057312974051897,3515.625,0.2070575585683513,0.08946928278903206,1.7311299111921945,0.13135811595166572,2993.5916050286123,0.08384289628445882,6.344680061524867,2.5684025979261853,773.8456752178428,0.20587083915009308,0.0423828024123635,inner_race,14mil,12000.0
CWRU,DE,115,0.1142612959822542,0.0648654866159519,0.4503160704970199,0.48022452468260546,0.004593918134063938,20.897528782515444,9.147823522244778,15.686057174034223,17.924613142849566,0.02186457746616142,3.2902859880239523,1.792309221556886,2789.0625,0.19592739378919202,0.08576656312857797,1.7147310653611114,0.11724229318454363,2990.896913177709,0.08646939897712952,7.805119007594692,2.6722214270938256,776.9237945891327,0.19470357954914788,0.037909483889251354,inner_race,14mil,12000.0
CWRU,DE,0,0.09866768215522076,0.22673104415469705,0.2961494467656948,0.47276369309153027,0.004355815256870402,7.960637428923766,4.905067814191311,6.52916649584852,1.5004033466927007,0.00504349973880364,1.1805785229540917,0.6442177245508982,3257.8125,0.13133716983219917,0.08092539451806095,1.3311062646184781,-0.01203514474905244,2548.4791728031673,0.06477778462143195,19.562484205417594,4.069089331156323,1028.7706835568192,0.13124029598380452,0.017224015289916617,ball,14mil,12000.0
CWRU,DE,1,0.07987929927254861,0.3681062791048479,0.20756362517959934,0.4198981309590122,0.004431964497178075,6.925925240234653,4.478681696721512,5.787361474769321,0.9453478192177958,0.005188485782341564,0.8498605988023951,0.4622903792415169,1441.40625,0.10322019079407296,0.0667478153757626,1.2922020064533253,0.009214302397932129,2244.4963649020474,0.0703886240873008,27.466454233762416,4.658344047453616,1218.3291273402515,0.10308970561045978,0.010627487402851262,ball,14mil,12000.0
CWRU,DE,2,0.08942077686424023,0.31391100160410546,0.16781865615502456,0.5133859725387532,0.0048843695536432185,11.716696740897971,7.22092777652591,9.707512770228144,4.490758264129487,0.004703083929796656,1.5566158483033932,0.8680533333333333,3281.25,0.12021354598715651,0.07408686531105059,1.3443581033708336,-0.13858823520988367,2391.823638943316,0.07252305805521943,49.81714140034779,5.8918084963899044,1196.167072364457,0.12012151197997584,0.01442917764035548,ball,14mil,12000.0
CWRU,DE,3,0.15794341769585826,0.08980616411777916,0.26751994842595367,0.6387020055805784,0.003971881846547264,10.371248965223435,5.540013148985749,8.137007323608696,4.356744069824349,0.00506166265125998,2.5180693812375248,1.285186746506986,3152.34375,0.23198261663734038,0.12391822342867634,1.4687703990555323,-0.022655335730615952,2869.7774330259235,0.044919813838312984,21.53121251367638,4.409558355082769,760.1019022248885,0.23192738948453687,0.053790313993112064,ball,14mil,12000.0
CWRU,DE,4,0.16628051176942987,0.08372123392133142,0.21766607586473793,0.6945776362248158,0.0040350539887275836,9.838206705336484,5.327241519791561,7.729028091332007,3.70104452334094,0.005429283171937374,2.5180693812375248,1.285186746506986,3328.125,0.2412480721462149,0.1306322163174178,1.4508499497568155,0.03903564934583419,2918.3159988057505,0.04825474714320781,23.603719985565252,4.595635262760055,745.1447795604773,0.24118697145265586,0.058171155198504236,ball,14mil,12000.0
CWRU,DE,5,0.13700784544192857,0.10072452370695956,0.2142713365830838,0.681569334336775,0.0034348053404345473,12.39981273491532,6.684189501490621,9.79653006524219,6.161311712477525,0.004908427948789919,2.492079760479042,1.3422014770459083,3281.25,0.20080242739177098,0.10824368929915734,1.4656272182375283,0.19178131911554225,2900.864187496791,0.04718553789790409,26.08393294768826,4.792754278299605,790.7166773140575,0.20074242745742366,0.040297522181499,ball,14mil,12000.0
CWRU,DE,6,0.13496812657887344,0.06745988403372837,0.21422287927437997,0.7161032396332602,0.0022139969993641953,12.472563243248167,6.8881001272099285,9.944581073084281,6.286084351053441,0.004916597293693861,2.492079760479042,1.3422014770459083,3281.25,0.19485800906752732,0.10761232080923612,1.4437335244010747,0.08800905869746611,2982.5504939008692,0.03042109421414589,24.747899773098336,4.636706840629721,656.9398712887117,0.1947959721575685,0.0379454707688122,ball,14mil,12000.0
CWRU,DE,7,0.1213740987166292,0.10189703836079675,0.15908282690465786,0.7366397003024663,0.002380434386522485,8.422014675719076,5.251253559789067,6.940431210130317,1.4448066575967902,0.0050615040232035915,1.6146051896207585,0.8423885828343314,3222.65625,0.16041666494355467,0.10002221739923622,1.3216713173547654,-0.05786161684594789,2942.8658768737346,0.03552577435185731,44.3340758079187,5.994633108761834,780.9985422994134,0.1603367941822331,0.025707887568635776,ball,14mil,12000.0
CWRU,DE,8,0.14290698491688497,0.09017385898239857,0.24725074754965012,0.6606048469441088,0.0019705464457606967,15.161331056447883,8.013198794893565,11.881395525664246,7.107375525155671,0.005096957393806137,2.8414777245508978,1.6979344111776449,3234.375,0.21189221116786205,0.11199111772284262,1.4827281625954045,0.16214479670133836,2901.798284122737,0.03959352721805553,46.1362746025672,6.00820864994347,754.9079263222156,0.211830899962521,0.04487233017893157,ball,14mil,12000.0
CWRU,DE,9,0.12280119602591688,0.1133936761584368,0.27762851352963386,0.6078373245983871,0.0011404856439121336,18.001890609804573,8.760227654702,13.82669278578769,10.559215708199634,0.00520307956352919,2.8414777245508978,1.6979344111776449,3246.09375,0.1938230920592901,0.09431978273731315,1.5783485693281378,0.22238412401450544,2802.2619703621763,0.03745382218325525,52.59884181056235,6.510169792496411,812.2745410511866,0.19375324249797637,0.037540318978479634,ball,14mil,12000.0
CWRU,DE,10,0.08198492809303265,0.21473248893745003,0.23396220045077745,0.5491498412509556,0.002155469258044587,8.599062108648736,5.414542208788172,7.132609379156896,1.6820510369601172,0.0051075854735840795,1.0415340518962077,0.5847664670658683,3328.125,0.10799924435287482,0.0680035170902794,1.3173060813119497,0.11741274123232025,2616.4054692613104,0.04931971940439703,21.135223231265346,4.188798892561475,1014.3707802514499,0.10787840076411032,0.011637749351421997,ball,14mil,12000.0
CWRU,DE,11,0.07577114986823225,0.2779199986309862,0.15682682533415754,0.5632285140449345,0.0020246616576548387,8.469450466873202,5.490471672990839,7.08298171000418,1.047258562485501,0.004808412959237774,0.9864685429141716,0.5366856686626746,3328.125,0.09774855433692174,0.0633672362524379,1.2900497683736978,0.08684426203807037,2520.50822136788,0.05023678938776349,38.38435750404375,5.618871868877727,1110.2787230009244,0.09763021581340266,0.009531659039771578,ball,14mil,12000.0
CWRU,DE,12,0.1036244916612088,0.09450592967180514,0.22067410395215362,0.683440400472389,0.0013795658513695024,9.794963118258295,5.438289355807652,7.812599836663968,4.354694016819539,0.004708001399544659,1.5501184431137724,0.8095766866267465,3246.09375,0.14886605578685957,0.08265234660431295,1.4365914215875153,0.030593140137078884,2936.967639540008,0.02969086093468905,55.23313986010825,6.944931768900449,728.1619680026885,0.148791590113011,0.02213893728835827,ball,14mil,12000.0
CWRU,DE,13,0.1356508617335641,0.05656852758109152,0.21810148696192255,0.7243894348144947,0.0009405506147073923,11.043979601884452,5.837721726933531,8.63840458492394,4.972818810354655,0.005125193187843061,2.245178363273453,1.1718070259481037,3257.8125,0.20073019591559677,0.10610369343204477,1.479756142720692,0.02530532619483849,3015.920986299413,0.025221972857095116,52.03600334368429,6.447320209875205,592.7481431617313,0.20066475511933118,0.04026634394710115,ball,14mil,12000.0
CWRU,DE,14,0.13207879584580834,0.052087211507597764,0.2327614954386056,0.7142653263726181,0.0008859666757862043,11.26820756871901,5.953799639944714,8.872029900364149,6.032457518914816,0.0053221299198478005,2.245178363273453,1.1718070259481037,3257.8125,0.19681667117017476,0.10399231810399787,1.4901458626253894,-0.03207355480184413,3019.178230296915,0.02512474827801645,36.08404395357533,5.454782846886985,580.7420764007051,0.19674470001406635,0.038708476983624965,ball,14mil,12000.0
CWRU,DE,15,0.1299358894320733,0.08640605766376538,0.19318587963056635,0.7190094881772364,0.0013985744235930889,11.197690195858241,5.898079988984703,8.782075463636113,6.084362335129921,0.00531197772423902,2.1342351696606787,1.1411067864271458,3246.09375,0.19347089028264877,0.10190555074020659,1.4889719162909931,0.012773962648015502,2935.1841942546785,0.030018238610936755,46.7912088988457,6.359178144793322,715.2816857363503,0.1933979531417484,0.03740276827941791,ball,14mil,12000.0
CWRU,DE,16,0.15286811303174896,0.0914709188923091,0.1909357460230812,0.7164825326365367,0.001110802395376195,17.189355368309567,7.9504497760209105,12.887012303761901,10.36248219396432,0.00501756405158433,3.6500798003992014,1.970013253493014,3304.6875,0.24778639058065696,0.11460658129885117,1.6209161326482426,0.4500630639023531,2907.6070370748334,0.028374797810775957,39.16786058220063,5.857678451640177,770.0740868668448,0.2477355836531727,0.06137291940797813,ball,14mil,12000.0
CWRU,DE,17,0.13417847611417785,0.09086586073894434,0.2102005618318233,0.6977423859566911,0.0011911913803427001,19.28687537641677,8.973529773514462,14.682036273959845,15.1962390537985,0.004773832042945357,3.6500798003992014,1.970013253493014,3304.6875,0.21953604693077902,0.10214268589622705,1.6361495024281465,0.605255163144824,2909.803929015526,0.027839123231172932,52.51195815092072,6.669342751865739,768.6322263600231,0.2194841370796964,0.04817328642961896,ball,14mil,12000.0
CWRU,DE,18,0.12471139508093185,0.10330583921753485,0.14389063857883885,0.7500603478670544,0.00274317420281155,9.264689704066681,5.34505339303151,7.455442880992131,3.069141185651498,0.005241308925118511,1.7463400798403192,0.9297786826347304,3246.09375,0.1739512431899947,0.10035723940399316,1.3948303848025154,0.05606079708507284,2916.8940490767236,0.034752208007672605,98.1111290754914,8.770764535857476,790.1185837019515,0.17387226256104263,0.030231563688096146,ball,14mil,12000.0
CWRU,DE,19,0.13239652784275197,0.0844358867634667,0.15134813056330207,0.7622572081538095,0.0019587745177599087,8.741823109135591,5.079427586688528,7.022681771073584,2.4136854525932154,0.0051533496678517945,1.7463400798403192,0.9297786826347304,3246.09375,0.18304792553227214,0.10635981431185339,1.3825734595523465,0.03858204285437225,2965.5403617376,0.031150707895914256,117.10949024259789,9.51484046010475,729.8597845306601,0.18297537000609973,0.0334799860288691,ball,14mil,12000.0
CWRU,DE,20,0.10305723773156808,0.133056730078581,0.16583390462249947,0.698476377884954,0.0026329873502701205,7.777886622510434,4.654176619813548,6.2888951997026235,1.322277952430131,0.004797784879459829,1.1573502994011975,0.6481161676646706,3351.5625,0.13925474269831964,0.08332805543718264,1.351236902555401,0.017655378228624417,2863.3301490641384,0.03954031088331053,25.805996553035467,4.913318586405459,863.0027267476121,0.13917206840535795,0.019368864624225633,ball,14mil,12000.0
CWRU,DE,21,0.15347066170393583,0.03271111383291239,0.36908177790193747,0.5972657773459664,0.0009413308488012953,15.977395609347099,7.206157846300012,11.96851845631081,12.578174201970779,0.005241150297062126,3.536537644710579,1.8368164471057884,3257.8125,0.2548953945060887,0.11496344535846717,1.6608737570820795,-0.04753766788533931,2999.5292382447583,0.024564854354546403,32.640790508209825,4.9528765809674935,494.5902976718411,0.25484150463371974,0.0649441924839782,ball,14mil,12000.0
CWRU,DE,22,0.1581313919426771,0.03551446994489538,0.342887671810585,0.6207156470216318,0.0008822111436455611,15.215045078802678,7.146343265258578,11.615760947526708,12.094492534267747,0.004937774139221557,3.536537644710579,1.8368164471057884,3257.8125,0.25702885782653856,0.1207236940536448,1.6254132381235975,-0.04615503791512449,3001.9183657917943,0.025664920679963333,59.341033379386445,6.211742544080835,506.3323010429777,0.25698142372974164,0.06603945214216501,ball,14mil,12000.0
CWRU,DE,23,0.12041836467689616,0.08465671802925341,0.1264639962937814,0.7876773321756274,0.0012019534794414013,12.835799146197257,6.570105930075792,9.998218999794505,7.856768732841445,0.0045762607987150684,2.346213013972056,1.2039691816367266,3246.09375,0.18324958447402653,0.0937977579676771,1.5217743984957584,0.10329100308088658,2977.7506978172505,0.026313854552007077,56.85560257348294,7.013913220852649,701.0688727105431,0.18319243446989159,0.033559468047005526,ball,14mil,12000.0
CWRU,DE,24,0.12904757231630484,0.11585342808494897,0.11068298552191352,0.7725011525623209,0.0009624338300538286,12.00709753535978,6.186563952171624,9.329653863504785,6.323770900349505,0.005019150332148203,2.346213013972056,1.2039691816367266,3246.09375,0.19461031857823213,0.1002714584512327,1.5080509852694346,0.032961276286309675,2884.934906149516,0.025912975486864158,48.75568862743671,6.474830653132649,801.9835688335784,0.19454558393102708,0.0378479842270643,ball,14mil,12000.0
CWRU,DE,25,0.09674463422763843,0.20368339069945424,0.1605079636483654,0.634730885719265,0.0010777599113376882,10.467603565440312,6.054987304758128,8.445416214736097,3.2556115945325503,0.00504762406826971,1.4589923353293415,0.8170487025948104,3152.34375,0.13493813636120386,0.07805499104803382,1.3947867748788711,-0.11753905672198729,2669.9189870379905,0.04118742663803561,51.74978975434275,6.189506512220931,983.38631604611,0.1348436952026318,0.01818282213590027,ball,14mil,12000.0
CWRU,DE,26,0.09788778731599297,0.1596603864761084,0.1606691181508164,0.6782976005113036,0.0013728945770381399,13.696194230393665,7.402864883609077,10.839209839731648,6.222047654411698,0.004847038890968061,1.9110493013972056,1.06102626746507,3269.53125,0.14332643971583522,0.07746869309946791,1.464191230037319,-0.21782487941849688,2787.241817461532,0.04122232809494231,72.3227103560197,7.443560337917852,914.0462515619164,0.1432444572596315,0.020518974535606395,ball,14mil,12000.0
CWRU,DE,27,0.11086237261804512,0.1066553780826415,0.16799321298816397,0.7224920510973651,0.0028593576916675924,12.13332992708789,6.584385855407041,9.570661734984068,4.4788191005296865,0.004610921029035675,1.9110493013972056,1.06102626746507,3269.53125,0.16114278396879858,0.08744724439548195,1.4535390156584949,-0.17495573517623847,2923.051469099745,0.046083946129870365,52.533704636616335,6.361243023661955,795.6385113655609,0.1610768022791578,0.02594573623247889,ball,14mil,12000.0
CWRU,DE,28,0.09477661524607031,0.12342207332780855,0.14770244621241246,0.7196399902763257,0.009235490004452951,9.274551137494328,5.382263004244482,7.50505207731846,3.4649589890011567,0.0048519563607160665,1.3085774051896206,0.7113034331337325,3316.40625,0.1321569444995153,0.07669410870550257,1.3944045602007809,-0.04781152421301078,2942.5859630510763,0.07001589451958114,20.908785636104856,4.474847969499225,843.0751070298487,0.13206784808923658,0.017441916498921673,ball,14mil,12000.0
CWRU,DE,29,0.09790166727092685,0.12902378347729968,0.16851371567708204,0.6887138111122367,0.013748689346773521,13.558745357252002,7.906315776356976,11.006908061295178,5.5439639221061086,0.005099812698821107,1.9813837125748504,1.077594650698603,3292.96875,0.13629542269498504,0.07947598559495352,1.3921665125253664,0.1066508870137451,2914.249735808385,0.0712668499239656,28.403581542254127,5.059766315142968,894.0705144803966,0.13619997855374863,0.018550434158041584,ball,14mil,12000.0
CWRU,DE,30,0.10331707048793035,0.1527271448785642,0.17853169137288674,0.6597188034949137,0.009022360071690107,12.996067700096713,7.394323811445683,10.429976823863672,4.793620672699145,0.0052003828865706085,1.9813837125748504,1.077594650698603,3128.90625,0.14573268336322961,0.08291697731696056,1.4105382844769523,0.10358214580202381,2795.5593282359605,0.060800240272992134,32.856343609453816,5.446327199570941,938.5084837122245,0.14563986754347316,0.021210971018080407,ball,14mil,12000.0
CWRU,DE,31,0.11290058451456458,0.1427972936573556,0.27661668952930124,0.5766066007635918,0.003979415952730189,12.314841281475548,6.813559282483126,9.8050458635033,4.858261086734969,0.005072370045066118,1.8905824750498996,1.1069954091816363,3222.65625,0.16246947641999587,0.08989116334343836,1.4390490281211672,0.22654669466705843,2743.9226864082093,0.051986917288209596,26.5256499330579,4.89436405002098,884.6067109076467,0.1623902762800578,0.02637060183031351,ball,14mil,12000.0
CWRU,DE,32,0.10941536748768085,0.1170543731978744,0.22874185018102103,0.6524488154814138,0.0017549610894370482,12.767800858497417,6.860491897984127,10.117366825151628,6.1297089650016705,0.00492532183679516,1.935739441117764,1.1069954091816363,3257.8125,0.1613580229585161,0.0867021205492011,1.4747290683521534,0.17856477136305623,2843.930472309194,0.04259928553289194,44.594496945697365,5.977454910482901,816.5367315850799,0.16128283472795546,0.026012152777884996,ball,14mil,12000.0
CWRU,DE,33,0.09108185055669907,0.21097141681474774,0.22934985306541641,0.5576404428762051,0.0020382871778893675,11.322816105489698,6.3539093515910245,9.098893213859649,5.690194444863145,0.004926987431387225,1.5853668662674651,0.8287440319361278,3140.625,0.13043057212149392,0.07319239526766876,1.4320149549475831,-0.03602255073446584,2607.0428651771545,0.048694294591423416,23.977933096550426,4.526371075031991,973.5222906237794,0.13033748094386044,0.01698785893879118,ball,14mil,12000.0
CWRU,DE,34,0.10571639915481532,0.0704065210125815,0.2537674599844053,0.6746638443835206,0.0011621746005775866,18.107010896747347,8.665183313879078,13.982312039157204,16.689809256403063,0.004998687312874249,2.896380798403194,1.4781596806387227,3164.0625,0.1705860830746818,0.08163466013621563,1.6136198776962571,0.037217928448442426,2937.0419776572894,0.02700026474429621,33.286950402836325,5.164915750082122,621.8155042678591,0.17051282903028248,0.029074624863910343,ball,14mil,12000.0
CWRU,DE,35,0.09424195938201717,0.13558812043168883,0.17142749882749345,0.6919069133919055,0.0010774673266364277,20.306313176370026,9.333231417062187,15.68472992636843,22.62120749072297,0.00508807422264845,2.896380798403194,1.4781596806387227,3164.0625,0.15837598089944305,0.07279310960095021,1.6805251284881886,0.010008146492508281,2822.0509153923567,0.032052284533526744,27.019805788978733,4.947452808031148,821.0162509882848,0.15829422865842446,0.025057062826565567,ball,14mil,12000.0
CWRU,DE,36,0.06411825353199846,0.3683924426632034,0.12218558524288999,0.507091841876347,0.0023301300327204177,5.770460211370527,3.8761688833073444,4.88180007669376,0.20281617599556423,0.0050364407902944094,0.5899643912175648,0.31301249500998,1441.40625,0.08075305912442644,0.05424393957230618,1.2594394681091294,-0.03190035503077263,2310.493781344599,0.05169095405602031,48.28134742542121,6.204408748383006,1171.57540454737,0.08059584866554213,0.00649569082211897,ball,14mil,12000.0
CWRU,DE,37,0.06461047639096802,0.4952101262731408,0.12338148812012237,0.3790814592199515,0.0023269258022459004,7.199673334063743,4.754970547639341,6.043819419211019,0.3040528272383156,0.004822292914171656,0.6666337724550898,0.3904940518962076,1441.40625,0.08212333767031907,0.05423774576669569,1.271052966292618,0.039209211473457475,1996.0952246410222,0.05723030196096388,79.98901283926837,7.818004905294624,1222.4543353813972,0.08198163258415372,0.006720988081163177,ball,14mil,12000.0
CWRU,DE,38,0.0671352005364271,0.36490295667376293,0.19386376855969228,0.43907014457985316,0.0021631295801045137,7.537481996066769,4.830590847140047,6.283499990548743,1.072284222083133,0.004721246842252991,0.8123380838323353,0.4218440319361277,1441.40625,0.08732762622317322,0.05596617440098107,1.3007725533759276,0.0964232484481524,2265.1822117325264,0.0547546826744442,36.35651763110703,5.213049887303421,1174.800770702543,0.08719990900241105,0.007603824130028768,ball,14mil,12000.0
CWRU,DE,39,0.07501068696591189,0.3837986730609915,0.18698394082822126,0.42662497191570053,0.002592413181126439,6.736575676163768,4.339296700290646,5.623785743061278,0.8667433671629525,0.005114565108065117,0.8097391217564869,0.4218440319361277,1441.40625,0.09721483942498622,0.06261994998864948,1.296013186349898,0.013855738772255741,2215.357643689428,0.06158123464588996,35.14974770293685,5.057328137546627,1184.898166241403,0.09708020513050648,0.009424566228181218,ball,14mil,12000.0
CWRU,DE,40,0.0786040883272517,0.4538690502246113,0.13639164912859775,0.4072120420699624,0.002527257811063797,5.676394733423229,3.8273236192290865,4.8170050118611725,0.25682423837347557,0.005151684073259729,0.7559730938123752,0.3786362874251497,656.25,0.09892978098920624,0.06670365702295122,1.2585831487203663,-0.006461080554568474,2048.81266294112,0.06006508348530426,33.73682446111447,5.292570385500416,1247.7310547568075,0.09879555515194817,0.009760561717781634,ball,14mil,12000.0
CWRU,DE,41,0.09357064544738644,0.14994144058386433,0.24014725137054535,0.608987349429354,0.0009239585235031007,17.21773320798223,8.611771966389345,13.63077739417453,19.078634147250888,0.005016532969217814,2.5078359680638727,1.275440638722555,3292.96875,0.14810432088778458,0.07407715192910841,1.582807515964627,-0.2192686883231827,2766.3557556661763,0.031789454493303365,22.897290983907485,4.360014508097535,907.6746395311231,0.14801933746169996,0.02190972426260061,ball,14mil,12000.0
CWRU,DE,42,0.11293159629958828,0.14633189504091818,0.2882529664791977,0.5634086748667716,0.0020064635559750867,19.906970280863742,9.173983331084496,15.161644382078507,15.779057106260254,0.004844183585953092,2.944624031936128,1.7122287025948104,3269.53125,0.18663961343740532,0.08601151649082175,1.6526784314841545,0.49935163219282575,2737.8410339672278,0.04112795358882657,21.520308873524034,4.244529398110377,914.3695313981112,0.18657673807163008,0.03481087918944965,ball,14mil,12000.0
CWRU,DE,43,0.10048421134293907,0.27899046990579207,0.23448498039987742,0.4831516088918494,0.003372940794552589,21.17413879664796,11.258687508541513,17.039778485708613,20.384010589311867,0.005118610123502992,2.914735968063872,1.7122287025948104,3246.09375,0.15208066671144496,0.08086414843308151,1.5134782338333148,1.1148151579361791,2413.261795355407,0.052669653316056886,34.59163151026899,5.187227694068277,1147.4292429542886,0.15199450324864108,0.023102329017801168,ball,14mil,12000.0
CWRU,DE,44,0.08716175471322973,0.38845381074610535,0.17403041135832692,0.43498831783687203,0.0025274599049956983,9.743557851860148,6.3488977018439705,8.207318837612442,1.7690550784216734,0.005609643272049649,1.1328225948103792,0.7153643113772455,656.25,0.11267535641178712,0.07341920910755151,1.2927155583604244,0.1976397258110376,2167.48251018238,0.059822840323462315,17.76074715760447,3.8701898771079275,1249.8357839795885,0.11253562922418663,0.012664267844883607,ball,14mil,12000.0
CWRU,DE,45,0.09468778353449347,0.25190295087375536,0.14096303729110166,0.605494569567183,0.001639441764510758,9.88248226039751,5.8319609865049715,8.062762494618182,4.359031886988425,0.0050137569782310355,1.5148700199600798,0.7634451097804391,3257.8125,0.1309071016673524,0.07725236328931498,1.3825131055017748,0.051007239705578106,2525.5472684712963,0.04535598798170822,17.680953354208214,3.9968320259312047,1114.6830756249112,0.1308110526978121,0.017111531507909773,ball,14mil,12000.0
CWRU,DE,46,0.12159736770599422,0.15285969890910334,0.22797829529440436,0.6179574652310681,0.0012045404307682477,24.294659099223843,11.153978594150564,18.59495027437639,26.43823024624432,0.004918500830370508,4.224612854291417,2.261097005988024,3269.53125,0.20271663486729322,0.09306971531287142,1.6671136776367912,0.7847671913914228,2739.6531871315688,0.0361161153904494,27.519726226288565,4.719460636645919,932.6609108719314,0.2026569574465706,0.04106984240150113,ball,14mil,12000.0
CWRU,DE,47,0.11256810010837695,0.18856511834844436,0.18772727872992132,0.6221652288117667,0.0015423738172635694,26.149958130075916,11.801618699179501,20.086481017367376,32.906004157858035,0.005188485782341564,4.224612854291417,2.261097005988024,3246.09375,0.1915921081355751,0.08646656314862176,1.7020106757697462,0.9632808887930964,2667.3019369391045,0.038638980353166895,37.84713086584391,5.421699301221542,1011.9085101145897,0.1915218408305443,0.03668061551512034,ball,14mil,12000.0
CWRU,DE,48,0.08172802995571352,0.2747532264754801,0.15973516754777367,0.5635449987787888,0.0019666067608507926,8.800962675758784,5.558545135200372,7.3199927021183315,2.0172147886254557,0.004777242546157681,1.1466295808383236,0.5982485828343314,3246.09375,0.10762682829466058,0.06797535734154818,1.3168900358051088,0.022372465826099162,2494.0518878467647,0.052529600819378276,36.4769614717571,5.297632843733819,1118.1930806644539,0.10752075205477096,0.011560712122423534,ball,14mil,12000.0
CWRU,DE,49,0.07139182580152191,0.4187775752278014,0.13554951494228576,0.443578474233838,0.002094435293368893,10.045542589127356,6.365889267623125,8.37979104915367,2.9515546503165266,0.005062297163485525,1.1466295808383236,0.5982485828343314,656.25,0.09397722104231691,0.059553635607681045,1.3163582803384968,-0.03490015726665799,2145.6728094703785,0.0574429902267829,41.487215403015426,5.77294976245333,1220.7345631460032,0.09384077590400167,0.008806091222265059,ball,14mil,12000.0
CWRU,DE,50,0.06159226036208828,0.4692261227779979,0.11589731729297123,0.41255359683901677,0.002322962833685692,6.973917475947346,4.665649556331185,5.894287899742717,0.32956868056019584,0.005167626192926642,0.6414563273453093,0.3630425149700599,656.25,0.07781178388707294,0.05205718539431724,1.2633370399078294,-0.011234950404837171,2058.8189232964196,0.061639016833904735,65.75103338042453,7.171842461505792,1225.268869621565,0.07763999839785368,0.006027969351218723,ball,14mil,12000.0
CWRU,DE,51,0.06359565340023074,0.40506282824746115,0.20826934535887762,0.3846799097446322,0.001987916399656703,6.885151446733289,4.572847016576916,5.808219041407002,0.7058583461695327,0.004514633798808629,0.7324200000000001,0.3693774850299401,656.25,0.08077626119809361,0.05364841832276529,1.2701538057913961,-0.006157900739053612,2176.8668880531404,0.05421382969511258,61.37892627039875,7.057978993988233,1159.5122598865632,0.08064999971980966,0.006504422454805299,ball,14mil,12000.0
CWRU,DE,52,0.07278727681356034,0.2732902545760574,0.11149644118879487,0.612308822946705,0.002904480907722405,8.303163751759296,5.3674409186271435,6.96495407045799,1.5225658618576885,0.004595296165481535,1.0015750099800398,0.5069600399201596,3140.625,0.09445097721724476,0.06105624977138908,1.297630318814846,0.011438832202431765,2503.0562502589187,0.04951243470907722,31.54043149595997,5.284198979915836,1080.5584356668408,0.09433912417679105,0.008899870350444001,ball,14mil,12000.0
CWRU,DE,53,0.07691937905439117,0.34753009803665424,0.14464808625267103,0.5060405800657557,0.0017812348341512511,8.941305093985731,5.71600539764408,7.490406348473105,2.163393461863426,0.004874640172779439,1.0806809181636727,0.5761574051896208,3246.09375,0.10079721153291614,0.0644377301896528,1.310426745146246,0.10372024410531945,2333.8051328936263,0.05231671377494194,38.538098116780915,5.702603660831956,1168.1101687533148,0.10067927163024853,0.010136315735997367,ball,14mil,12000.0
CWRU,DE,54,0.0716451548075723,0.2740563477791014,0.19144528124268123,0.5330510868184676,0.0014472837616424556,9.689046976157803,6.0754757202716005,8.04181953039378,2.7634588092723673,0.004839266116205086,1.0806809181636727,0.5761574051896208,1441.40625,0.09483329894105214,0.05946481698431153,1.3236526488882545,-0.027216552881293325,2510.2615282511406,0.04703209318751368,22.612656337612066,4.395071060803374,1087.6736870740845,0.09470974654965301,0.00896993609149951,ball,14mil,12000.0
CWRU,DE,55,0.07339157039436747,0.34743817344536343,0.13698799376333762,0.5139021546100536,0.0016716778687265862,8.598827646430754,5.252103113694903,7.066961048448718,2.6299535434425145,0.00483252442380863,0.938387744510978,0.518655369261477,1441.40625,0.09875193956285412,0.060316986290190756,1.3455488012071883,-0.13101100096717128,2335.7186473419397,0.047468761971923595,25.698711436454353,4.772533883278773,1199.4252837155032,0.09863362649278838,0.009728592275118885,ball,14mil,12000.0
CWRU,DE,56,0.06808316180139716,0.36898597537443456,0.14474729332748448,0.48449037073301865,0.0017763602472145063,9.165213482336505,5.734628268832527,7.617968313140732,2.624131609892599,0.004489808507984031,0.938387744510978,0.518655369261477,3351.5625,0.09044271833282518,0.056589556834769475,1.3284153664404166,0.006587855542800741,2266.6617054365297,0.05028174295303624,28.697609512371404,4.932066468331302,1212.4904033413593,0.09033120678366023,0.008159726918992385,ball,14mil,12000.0
CWRU,DE,57,0.0622028990651509,0.3933937753437453,0.1463710905168421,0.45847091068142243,0.0017642229303318922,6.060025261170911,4.062980958561005,5.131352955202417,0.38560311309634443,0.004542076452563621,0.6133550499001995,0.3191850299401197,1441.40625,0.07855932213208457,0.05267057746199017,1.2629527451735338,0.014989151894975548,2238.1749114355175,0.05607460224654917,58.61329900561947,6.4891723464725155,1180.1259906059622,0.07842790724832391,0.006150936635351698,ball,14mil,12000.0
CWRU,DE,58,0.07339315667493135,0.26672361520298515,0.14517516272242978,0.5862651728668075,0.0018360490289977588,8.643311328493168,5.530673052503944,7.215093980757535,1.8266498886772977,0.004797626251403441,1.030650898203593,0.5295385229540919,1441.40625,0.09574576510436643,0.06126570047389569,1.3045598451152325,-0.007843249086077727,2546.650516658079,0.04759212906416983,29.515352644769237,5.07791138974428,1070.3198593480834,0.09562548989559402,0.009144234317772355,ball,14mil,12000.0
CWRU,DE,59,0.07412919085656808,0.22200785183788924,0.18640663278764014,0.5900829315020135,0.001502583630604312,9.877610931416786,6.160167601684945,8.190869318200061,2.892318011987947,0.004659619842346556,1.1082948902195608,0.6071825149700599,3257.8125,0.09856590830482953,0.06147058425219521,1.3296504004143772,0.15752505979820325,2632.633194018576,0.04464963053753208,44.709015652916385,6.066782414497716,1008.0385870119128,0.09845570690864432,0.009693526222880873,ball,14mil,12000.0
CWRU,DE,60,0.07190546344810375,0.21712931280431036,0.17528915870368042,0.6060045934407802,0.0015769348631320644,12.467100475168097,7.259535058856481,10.210723236031207,7.167607282149637,0.004450627378056386,1.3478867065868263,0.7342067864271457,3257.8125,0.10113688830959343,0.05889154321724885,1.4065257834348963,-0.12675516538408554,2668.332644096949,0.04222488192329342,55.92421288647189,6.7740115585671585,1011.4722109961308,0.10103891375548764,0.01020886209288887,ball,14mil,12000.0
CWRU,DE,61,0.07218496608345804,0.2992998843975551,0.15246991553972283,0.5462243171178384,0.0020058824275689057,12.415343600083574,7.310956211474434,10.171186969573116,6.288340323995316,0.004565156834767962,1.3478867065868263,0.7342067864271457,3316.40625,0.10042554834001322,0.059137049289735594,1.3912252618350516,-0.3117257034022304,2493.8904698589477,0.05151689362492428,49.53771649067462,6.462572662724725,1105.1081240299163,0.10032173295186993,0.010064450102466304,ball,14mil,12000.0
CWRU,DE,62,0.0650764463066055,0.2639597487749206,0.20296127487065352,0.5311055715991527,0.0019734046473059465,9.766259849239747,6.119726246011123,8.079766871300237,2.235002614119707,0.00454842157481911,1.0387726546906186,0.5258025149700598,1441.40625,0.0859192868819551,0.05383867755791802,1.3202824025938549,0.015602152368939222,2547.633059837606,0.05130697852967897,29.383112995934567,4.766462556866812,1056.6683702142418,0.08579880954582891,0.007361435719481424,ball,14mil,12000.0
CWRU,DE,63,0.06313039731084702,0.3085452015733799,0.20542491292058473,0.484383316177183,0.001646569266778548,9.987416918044653,6.383196670433557,8.328832660137826,2.3299909924686064,0.004320155801677893,1.0387726546906186,0.5258025149700598,1441.40625,0.08237291471928694,0.05264649701566698,1.3048058974457568,0.07715455925407622,2438.5159063529068,0.05110651117603425,41.625691428498726,5.687793159570106,1102.3924663109744,0.08225954858373676,0.006766633333200147,ball,14mil,12000.0
CWRU,DE,64,0.06456098443737521,0.3152599074397314,0.13123326391003462,0.551352555933445,0.0021542726136974844,5.495861322339923,3.661945550342685,4.6420112236975335,0.3504467758708558,0.004387969295783431,0.5974364071856286,0.2996928143712575,1441.40625,0.0818397789511677,0.054530636199470184,1.2676352392140657,-0.019013112477435073,2462.651406721052,0.05002716890648704,39.37290396929162,5.708284461764047,1118.3640846852602,0.08172206032788976,0.0066784951442352535,ball,14mil,12000.0
CWRU,DE,65,0.07093339071856283,0.35511848297830106,0.1290717914105892,0.5137005201126735,0.0021092052370354514,11.274913604772355,6.8990088657115365,9.299556318877922,3.509841671283498,0.004244410904752993,1.1898373253493015,0.6596490618762475,1441.40625,0.09561504771427974,0.05850590833769552,1.347955409232367,0.17092631503710812,2366.057216078593,0.05395801644979886,51.91655363601744,6.3947645628203444,1152.3830831006237,0.0955207952514823,0.009124222325475604,ball,14mil,12000.0
CWRU,DE,66,0.07334390266342311,0.23738132555719124,0.16660725484074226,0.5945921832753809,0.0014192359409519906,10.924112101965349,6.705406248879574,8.993918211625477,3.079631506015059,0.004198091512287922,1.1898373253493015,0.6596490618762475,3246.09375,0.0983757042291763,0.06038468442277982,1.3412935589291548,0.14110752370415472,2620.1421186316225,0.0422756462084635,64.04302975289512,6.848246165032389,1018.7129232165288,0.09828608858959048,0.009660155210240828,ball,14mil,12000.0
CWRU,DE,67,0.07940928434147326,0.14433916036370043,0.13161303193447513,0.7225575158976034,0.0014902916003327886,17.159541169748486,9.438069079101034,13.840145984672414,16.132998990322793,0.00420023299104915,2.1348849101796405,1.0990360878243512,3281.25,0.11644713326563545,0.06404810460561168,1.4664171101818928,0.09012524006455405,2886.555279224181,0.03863798155918453,36.215301315195724,5.4492844592512855,863.9196297006653,0.11637135768137091,0.013542292888605565,ball,14mil,12000.0
CWRU,DE,68,0.07866286002214318,0.1516217242896858,0.14118775001679512,0.7054135523652125,0.001776972978074846,17.182946720569245,9.563586586231208,13.971473799897161,17.03608414651388,0.004181435566367265,2.1348849101796405,1.0990360878243512,3281.25,0.11491882024748377,0.06396086222561144,1.4609031532178558,0.1378107504485088,2863.277742229086,0.042101164726925336,34.802788265286566,5.425425345294626,888.704740236106,0.11484272220597092,0.013188850843677807,ball,14mil,12000.0
CWRU,DE,69,0.07516495275074846,0.2961862309551755,0.1445737461660659,0.5567750881087783,0.002464934392576697,5.127687552696174,3.4414525927301955,4.335063860679888,0.1517055537787435,0.004196505231724051,0.6460045109780438,0.325844870259481,3234.375,0.09468236492573028,0.06354616323846594,1.2596610715595438,0.009951033368201362,2475.978631936201,0.04975907053806354,39.707336365904915,5.638611898554583,1112.00460972759,0.09458932060105556,0.008947139571769272,ball,14mil,12000.0
CWRU,DE,70,0.07408017478714442,0.2917909568189443,0.16187185779831134,0.5441854739467772,0.0021517109977615763,5.2417950193760445,3.4563930646701917,4.398543486104556,0.21143248544681725,0.004040494538267214,0.6460045109780438,0.325844870259481,3234.375,0.09427309457079154,0.06216284098386355,1.2725819673302299,-0.010975132657075637,2478.591432343116,0.05180899866395976,39.75914825146295,5.703551509255153,1098.9334333158063,0.09418646805056255,0.008871090763839639,ball,14mil,12000.0
CWRU,DE,71,0.06541654485949971,0.4008454777450808,0.14072213391037383,0.45614168636990665,0.002290701849041666,5.460387388126179,3.679382237129542,4.618546301494098,0.005403804360652575,0.0040273284095870745,0.5539037924151695,0.3021293413173652,1441.40625,0.08211414901895879,0.0553311184430535,1.2552504751714086,0.018312948286086993,2236.898053716664,0.053078420557719164,56.06554233927057,6.487460227374212,1184.1915895391878,0.08201532841480977,0.006726514094989103,ball,14mil,12000.0
CWRU,DE,72,0.07024597603620879,0.29714682141583953,0.13778217010976082,0.5634137945353463,0.0016572134113633115,8.087972796341056,5.292208486536711,6.779887294237469,0.8528338704785958,0.0041499478971744,0.8937180838323353,0.4762598003992016,1441.40625,0.08999263759369996,0.058884940935342696,1.281107369727664,-0.1237575889379781,2488.5380853552283,0.04634138229408343,33.45279182412796,5.1731118034862345,1093.2990177287234,0.08989690068918815,0.008081452753521758,ball,14mil,12000.0
CWRU,DE,73,0.07194416869386222,0.29935465462089367,0.16007884253319657,0.5386998420548901,0.0018666604270303592,7.894098605020323,5.160916688329963,6.619852714203824,0.7955856116363522,0.003934293054515967,0.8937180838323353,0.4762598003992016,1441.40625,0.09228201677351935,0.060331118754498446,1.282689319355388,-0.05966827005082432,2481.0228252917286,0.04976474443435918,39.810146075852124,5.47753747272673,1097.4247634360293,0.09219811255090471,0.008500491957949293,ball,14mil,12000.0
CWRU,DE,74,0.06811147690946229,0.3781224706092662,0.13843383997605682,0.4811939221015263,0.002249767118352076,5.547911831348595,3.749166586819367,4.7005241296431945,0.006726425669417502,0.0038688589812562357,0.623263592814371,0.3201596407185628,1441.40625,0.08539488265048595,0.057708134240615334,1.2537517394314877,0.029026274906633263,2303.2218082384525,0.05354765823752641,57.40142516137433,6.60276053447946,1163.7127383317456,0.08530719731109104,0.007277317913073419,ball,14mil,12000.0
CWRU,DE,75,0.07003420758093185,0.3880986319616041,0.17092199392824262,0.43857148638159005,0.002407887717707659,7.689022024688065,5.060521318485384,6.471037906045198,0.7106247575047058,0.0039862437429827825,0.7946326546906187,0.4531940119760479,1441.40625,0.0895548073912055,0.05894039716896681,1.2787295021181693,0.03222342970461237,2256.409096160843,0.05421493216752374,59.32183156083748,6.524195713739996,1163.7452350548012,0.08946604600460135,0.008004173387697447,ball,14mil,12000.0
CWRU,DE,76,0.07974105492140715,0.3492037638965507,0.1231076363279719,0.5258649289962747,0.0018236707566486622,12.201330873743611,7.2451447182940365,9.983496852943755,4.795732507235404,0.0038492684162924145,1.5374485029940121,0.7960945708582835,1441.40625,0.10987973350596292,0.06524653573418142,1.377956858161213,0.041602747325995316,2372.4319326543837,0.04926131518489219,39.16129285062674,5.637439369313398,1160.8141966684573,0.10981228969473665,0.012058738968000766,ball,14mil,12000.0
CWRU,DE,77,0.08022050822183754,0.2036562236284466,0.16678794500328306,0.6279545145708866,0.0016013167153654387,12.100523770248058,7.228392509386525,9.923828563349483,4.822765015098321,0.004011941488117515,1.5374485029940121,0.7960945708582835,3339.84375,0.11013438600968393,0.06579009189797771,1.3728956404155923,0.07620700990550809,2695.3416198159875,0.04219188887214548,27.591253580396774,4.893187945046425,987.0626369678947,0.11006128886773037,0.012113487307225987,ball,14mil,12000.0
CWRU,DE,78,0.06919799978168659,0.4218492473494526,0.10876136898814953,0.46776400808377916,0.001625375328900583,9.00470814225698,5.988991835201989,7.624343233355039,0.9945994530563245,0.0040696027866142705,0.8831598003992016,0.5275893013972056,1441.40625,0.08809317426284516,0.05859038328198034,1.2730595471078807,0.1227379716042656,2193.904592161893,0.04625314043888795,47.97308271992212,6.418138031648006,1220.437747126784,0.08799912320508191,0.007743845684863185,ball,14mil,12000.0
CWRU,DE,79,0.06832895597476916,0.45522783614764456,0.14040022780122732,0.40249768354471266,0.0018742521026140022,5.393123971057115,3.6765733976251784,4.588095865462411,-0.013121715251620092,0.004185004697635976,0.6214768063872254,0.3134998003992015,656.25,0.08526956121743727,0.0581295371813513,1.2479271781779238,-0.037254544416330485,2064.8181888057065,0.0495848427496487,56.794290671727616,6.549237865895706,1227.1513884945714,0.08516679990404151,0.0072533838058950455,ball,14mil,12000.0
CWRU,DE,80,0.06981220761601792,0.5145284745860367,0.13094261275778565,0.3527508457705235,0.0017780666892395866,6.134618702214904,4.113832449694464,5.177005226084983,0.09403310793271924,0.004181276938310878,0.6542887025948103,0.3614181636726546,656.25,0.08785437134161778,0.05891452773457047,1.2584385215954725,0.03491400850291412,1909.6815267253817,0.05199836115543845,61.42079932948151,6.728889285128627,1245.3846272860114,0.08775481460863568,0.00770090748699602,ball,14mil,12000.0
CWRU,DE,81,0.07134780651587445,0.5382584893137288,0.1316428729610876,0.3284879604125108,0.0016106772302196372,6.607981363893462,4.353488202625092,5.545958528660094,0.3400110510232106,0.0039741880106973545,0.7080547305389221,0.3956919760479042,656.25,0.09089078863457295,0.059880915858812306,1.2739114637581788,0.05648673011567887,1832.3581879183134,0.054845753153403676,38.31980752972156,5.461486785663976,1245.949097659919,0.09080386163743394,0.008245341288270246,ball,14mil,12000.0
CWRU,DE,82,0.09088205851967934,0.3603321548946421,0.13982678710298635,0.4980989407031774,0.001742117201900014,19.023566521884533,10.35046264383147,15.313739744521763,16.506934374276767,0.004199915734936376,2.308690499001996,1.3917441916167663,3281.25,0.1344620273999249,0.07315895208270841,1.4795222466358295,0.5273719686352645,2273.2596977583607,0.05088021137772475,103.25902078880767,8.470871068781376,1210.924415288324,0.1343964192987209,0.018062397520317595,ball,14mil,12000.0
CWRU,DE,83,0.12423313149092435,0.16198090683599783,0.22467742875827992,0.6116792580611401,0.0016624060056467998,14.294347885424807,7.493084250061079,11.20268140160693,7.664775350549126,0.004715932802364021,2.451633413173653,1.3917441916167663,3269.53125,0.1857371604497069,0.09736325173923145,1.49506945708179,0.2926540827439659,2700.8649790502295,0.03883589953779072,42.68085684397195,5.967097593363457,938.5160428360033,0.18567728118895904,0.03447605274972376,ball,14mil,12000.0
CWRU,DE,84,0.1341058244643525,0.24096596599882453,0.24025515506624268,0.517812787878445,0.000966090624710214,22.558065814051137,10.208840307917205,16.987723715283877,17.005048532070326,0.0047068910031499486,3.97836119760479,2.278152694610778,3152.34375,0.22315489574697484,0.10099060413201497,1.6640209076548573,0.45284466255453515,2482.094576598357,0.03981845084048192,17.97142428241901,3.8513490282372356,1064.7175033017843,0.2231052502137224,0.049775952672927684,ball,14mil,12000.0
CWRU,DE,85,0.12420410255660551,0.15671131113165204,0.10581145556866217,0.7370217027883724,0.00045553020315964985,24.227411713449946,10.949095521961917,18.342008417737404,21.221685150171457,0.004257021835235778,3.97836119760479,2.278152694610778,3246.09375,0.20806766093520815,0.09403202956864155,1.6752076352742227,0.5323398522328401,2784.458006940567,0.026456246964592076,50.52067182841422,6.492098687474757,959.894099161106,0.2080241074782994,0.043274029292143065,ball,14mil,12000.0
CWRU,DE,86,0.12236798280392336,0.3943548152074256,0.19488817125662447,0.4095048841265704,0.0012521291181048937,17.404081604176326,8.545105839823695,13.334050630367985,10.145561983036323,0.004370916779721805,2.7315091417165664,1.631660878243513,3105.46875,0.1909468307155781,0.09375162190988438,1.560431301883453,0.6047977213538125,2110.017515235081,0.04981599457623008,11.921620919245353,3.3456052264595963,1219.8650904285646,0.19089679737184798,0.03644158724682839,ball,14mil,12000.0
CWRU,DE,87,0.11405341391435875,0.137029512840653,0.2625277417705869,0.5996031494532166,0.0008395958599958553,19.080824521584447,8.537855845330016,14.306111691393177,12.780359355998772,0.004644946747130735,2.7315091417165664,1.631660878243513,3257.8125,0.19110897487640163,0.08551312216082484,1.675609421212967,0.49897213347108066,2734.6231619464347,0.02861020097767984,41.16140073648484,5.9340023631581245,890.6743012084587,0.1910525182980466,0.03650106474802543,ball,14mil,12000.0
CWRU,DE,88,0.08862248117047153,0.45868115351407374,0.1788203795441989,0.360603179117361,0.0018952872334095212,15.388083799037888,7.89186281653324,12.203371870530772,13.86111833253712,0.00445602073197355,2.111494251497006,1.0814930938123752,1441.40625,0.13703901334253762,0.07028120641505693,1.5463233655006061,-0.11796775665350911,2020.995399777315,0.057067215209245924,34.28034271429446,5.0952814738659695,1223.6354441705644,0.13696654721913826,0.018759835057132426,ball,14mil,12000.0
CWRU,DE,89,0.0944491276236589,0.13075801793827402,0.24807011983835242,0.6197557592805024,0.0014161029205753402,18.576992544370988,8.985778469105888,14.501489303634042,19.497263909891547,0.004249883572698352,2.7384938522954094,1.369653013972056,3164.0625,0.1524245248957646,0.07372845796759897,1.6138267100053474,0.10643059851258815,2771.5761194094885,0.03857700143219425,20.47963420855268,4.32965004762314,844.9867847868682,0.15236526598709454,0.023215174279318067,ball,14mil,12000.0
CWRU,DE,90,0.1004750902296968,0.2921864069054102,0.15676324341425305,0.548669374168129,0.002380975361958838,17.417120448252472,8.66704960117733,13.631766946821173,16.72333589817515,0.004182308020677393,2.7384938522954094,1.369653013972056,3257.8125,0.15802990371556228,0.07863831556090999,1.572826691215594,0.05920107373955215,2436.9645935100298,0.05588388295225331,26.22314873911441,4.666724630265558,1147.7725500798206,0.15797455101366822,0.024955958767970063,ball,14mil,12000.0
CWRU,DE,91,0.08027713843796777,0.3516359241733946,0.150487374307744,0.496463973101607,0.0014127277694646603,7.676665240138273,4.902909875983597,6.377849770239979,1.092678448321963,0.004193887868793661,0.9750980838323353,0.5119955289421158,656.25,0.10442686932714663,0.06669504438790581,1.3008294934159865,-0.062103585923128014,2291.520912784203,0.047248246745030205,24.78318569085571,4.613883563735373,1209.7849542771246,0.10434261996908521,0.010887382342012942,ball,14mil,12000.0
CWRU,DE,92,0.09311903137085199,0.23599103352532572,0.22891324789110393,0.5336981470381567,0.0013975710345094127,14.411905071750367,7.768740351751077,11.425699818151626,8.192032793857624,0.004585857796126496,1.9963277445109782,1.0639500998003992,3281.25,0.1369527171236434,0.07382438994036335,1.4707274668506933,-0.1825884794442976,2568.335159221566,0.04390264182341923,22.491634040117663,4.344088587301784,1042.3953389641047,0.13687591693143975,0.01873501663582239,ball,14mil,12000.0
CWRU,DE,93,0.10341280251996003,0.10828225972744,0.2606871130608051,0.6300875418480127,0.0009430852735203593,13.10703415527403,6.989428549182568,10.288378942201502,6.050523836196675,0.00459037869573353,1.9963277445109782,1.0639500998003992,3222.65625,0.15222275931625784,0.0811739778195577,1.471991432461922,-0.1705685533829927,2866.64168342309,0.02940323386728221,16.450731853989993,3.92144206446039,768.0966852891452,0.15215353061064707,0.023150696877285118,ball,14mil,12000.0
CWRU,DE,94,0.11481585966738395,0.1368430969374745,0.21474557717219828,0.6469761112241158,0.0014352144357427901,8.334828397489513,4.847939154770264,6.7044751663257625,2.443258728246632,0.004314603819704338,1.5101594011976047,0.7697800798403194,3316.40625,0.1587850126136325,0.09235704001682632,1.3829536535599272,0.012273483242697034,2806.6862603102495,0.03510658947127075,28.289958145761496,4.774777070945752,841.5949008506724,0.1587263822576147,0.025194064424590427,ball,14mil,12000.0
CWRU,DE,95,0.12675151051412797,0.1505973858308467,0.18106645940264293,0.6662917226689926,0.0020444320481485334,9.447897732779442,5.323463940076846,7.545614565323632,3.5154843109360145,0.004453720625155935,1.8610192814371256,0.9564180439121756,3152.34375,0.17966084765070642,0.10123077863066693,1.4174256931690061,0.0012824322861706354,2777.174238253024,0.037165715848803245,26.068426379383684,4.845164782991596,883.3100334827584,0.1796056361898574,0.03225818455116341,ball,14mil,12000.0
CWRU,DE,96,0.13628719818176144,0.09618072265315708,0.25928434217810015,0.6431650674595794,0.0013698676945949407,9.308289139407439,4.983803397192055,7.261997155367674,3.344470723202888,0.004397011094997504,1.9461352894211577,0.989717245508982,3234.375,0.19858673519637685,0.10632643987378189,1.4571195082573252,0.11236067221588311,2860.8133930032973,0.03535340189769032,34.0867137666592,5.36386919269542,751.5935625272674,0.19853805098616834,0.03941735768938638,ball,14mil,12000.0
CWRU,DE,97,0.1350173012763535,0.13951761082210232,0.20465674391416408,0.654044876431022,0.001780768823322456,10.31917257682547,5.678088426072889,8.137558721574708,3.3194398789015658,0.004538586635323103,1.9563687025948107,1.0987112175648703,3292.96875,0.19350019498107168,0.10647280190199819,1.4331511084273219,0.14552139445533707,2803.4544528888036,0.04041084400059842,31.657467996143396,5.02100601593477,887.110010974795,0.1934469609196961,0.03742172668906643,ball,14mil,12000.0
CWRU,DE,98,0.148628223026603,0.12449148886024375,0.2434405733285987,0.6307116149612353,0.0013563228457786469,15.600788845052854,7.652654235785232,11.918026426941159,8.673333679429053,0.00485092527834955,2.950309261477046,1.7713550898203592,3117.1875,0.23146937457819194,0.11354266168291043,1.5573716072536317,0.6523941140169214,2785.2188435621256,0.03827467974134077,25.0996758663122,4.7004026624583375,844.4769881355605,0.23141853834894732,0.053554539891563196,ball,14mil,12000.0
CWRU,DE,99,0.15546096792742636,0.1501835263355971,0.23971213467250416,0.6090818566483007,0.0010224823106034495,15.21534261782037,7.163963780414147,11.394211122159478,7.790641779722456,0.004306355160772204,2.950309261477046,1.7713550898203592,3234.375,0.24725907948657405,0.1164190077287993,1.5904897723395217,0.5438414736924085,2731.7963864653375,0.03737226783292188,34.69504528001842,5.20586746943623,930.7773051331573,0.2472215761089174,0.06111850769377723,ball,14mil,12000.0
CWRU,DE,100,0.14105650932509978,0.07551216191343015,0.16815184686188178,0.7551774778784601,0.0011585133322626633,11.403633811830895,6.040465270940125,8.860107868848036,4.427233685732148,0.004345932860840817,2.380161956087824,1.249775888223553,3128.90625,0.20690059989849766,0.10959453002839775,1.4667922869241277,0.03462295787025064,2949.936251960129,0.027663689113136252,48.803829758978964,6.557889414425134,674.2088938392044,0.2068549518525657,0.042788971105927276,ball,14mil,12000.0
CWRU,DE,101,0.1247665183305264,0.13731582999446318,0.2451210208887311,0.6155690563167246,0.00199409277809391,7.08689989646094,4.046766926105114,5.613848080505002,1.527273710733576,0.004582764549026945,1.3823229540918165,0.7004202794411177,3328.125,0.17308144803764378,0.09883309905236477,1.3872427503276434,0.037592075268901404,2774.789177180587,0.04102493209610002,31.234136515014484,4.998733350260775,870.1534623608032,0.1730207673196942,0.029936185923895763,ball,14mil,12000.0
CWRU,DE,102,0.0951567673832023,0.19475921144605293,0.19116730654278843,0.6111875636707348,0.002885918015223078,7.4297278712568176,4.532249883121145,6.0684794377481275,1.2540127441144397,0.004545883525916915,1.0421837924151696,0.5774568862275449,3234.375,0.12741064617334774,0.07772248139282951,1.3389551755184896,-0.02157173545850997,2682.3809216167997,0.056403819823501004,43.09785940131898,5.881159936233748,987.6995280464562,0.12732952407544296,0.01621280770127881,ball,14mil,12000.0
CWRU,DE,103,0.10136602470839566,0.1670479692750848,0.2346941780066619,0.5944458154189046,0.003812036967076776,6.688541696572751,4.240849737331443,5.547720952650714,1.05486368829495,0.004723309006986029,1.070772375249501,0.5623504191616766,3269.53125,0.13260324085793615,0.08407668587157471,1.3081625844497902,-0.09307883454221033,2756.6208107893317,0.05583089747231847,43.10906252395628,5.8048046214317,922.121418577508,0.13251909235296003,0.017561309838052347,ball,14mil,12000.0
CWRU,DE,104,0.1018472229174463,0.16833975652786654,0.1935696255470341,0.6355479688185045,0.0025426489875994846,6.7151952724013,4.181520613043034,5.521509600880307,1.0178625779853414,0.004753369023671409,1.070772375249501,0.5623504191616766,3281.25,0.1344846698609086,0.08374297341327866,1.3204549521189894,-0.05913093046040015,2761.4428226239343,0.046614428658192306,38.12356833197952,5.654267433090873,923.774624637209,0.13440063954655268,0.01806353191052238,ball,14mil,12000.0
CWRU,DE,105,0.11215931560706707,0.12266512942125053,0.19271169762281767,0.6816985824812917,0.0029245904028238467,8.750068786166198,5.4334882333327394,7.194923758076598,1.397418252953618,0.004699752740612524,1.512433493013972,0.8069777245508982,3281.25,0.14851927342003687,0.09222530065440454,1.324181345224603,0.05129819848079787,2876.437018448211,0.04732724450887551,27.12825878891425,4.868885722366086,828.2630332059598,0.14844489516784595,0.022035886901392777,ball,14mil,12000.0
CWRU,DE,106,0.11172610238507355,0.13853516401917965,0.17319467648876571,0.6860741377838636,0.002196021628208987,8.73718846779629,5.465239688547669,7.222821769702308,1.601380070059963,0.004277484854509729,1.512433493013972,0.8069777245508982,3257.8125,0.1476564195787988,0.09236125871901166,1.3215928635001366,0.050793660517290055,2852.6398299828434,0.04199532598314514,37.120824897519945,5.3436516438314,872.7037021750017,0.14759444896793955,0.02178412136614971,ball,14mil,12000.0
CWRU,DE,107,0.13108784637755733,0.10648883740902784,0.23483736344656675,0.6560466050286472,0.0026271940415934733,22.03320944097314,10.140484387280658,16.751823907742768,20.43619957087747,0.00476550406998503,4.074847664670658,2.195960518962076,3328.125,0.2165538089794308,0.09966593949215813,1.651974725068834,0.5690150215869392,2890.679687015863,0.04382028393467116,30.893658322179313,5.197453225346878,800.0821524289174,0.2165013675579412,0.046872842154458756,ball,14mil,12000.0
CWRU,DE,108,0.1444036406288984,0.0991240136297224,0.20880063038565547,0.6907677605298815,0.0013075954080436604,19.778168819715606,9.603842493446535,15.207099415211108,16.22405681614785,0.005235439687032184,4.074847664670658,2.195960518962076,3222.65625,0.22865436625606408,0.111029516381368,1.5834390688506312,0.460411006151566,2891.601311867917,0.03337251968940017,29.42993666336401,5.000585263142189,789.1102103755811,0.22859442114637388,0.05225540937924575,ball,14mil,12000.0
CWRU,DE,109,0.13365064125654935,0.118701282025025,0.23455434571070077,0.644203339241668,0.002541032973837323,14.018963998425736,7.217191684357388,10.848402629664317,7.302960312589381,0.0049545887131986,2.8781880638722557,1.4498959680638723,3257.8125,0.20089475678003552,0.10342390266689384,1.503133504570379,0.05803075085000308,2830.1229514640277,0.039659530297158935,38.60013642325296,5.697986700045703,832.0468131017758,0.2008336509462313,0.04033415535239267,ball,14mil,12000.0
CWRU,DE,110,0.14318172871054763,0.12922248104240938,0.16134530346422804,0.7077992815518697,0.0016329339115135602,13.628200730128071,6.436798123049346,10.126263882418568,6.276931911519249,0.004727829906593062,2.8781880638722557,1.4498959680638723,3246.09375,0.22525111714657964,0.10638939041003155,1.5731833885169895,0.14967109336205187,2829.518603837748,0.03201760051550072,59.77995721100545,7.145920268665035,867.915911894884,0.22520149511083726,0.05071571340015646,ball,14mil,12000.0
CWRU,DE,111,0.13370409891155186,0.10219798329412873,0.270399788308559,0.6262510413298153,0.0011511870277195763,12.337994997466923,6.352556480621035,9.48946822671846,4.349714258408895,0.00456880528006487,2.2753912974051893,1.2687807984031936,3128.90625,0.19972759034472304,0.10283524986545084,1.4938030469570507,0.1810316439662433,2833.8094176799395,0.030510681576536747,26.219971113319943,4.753719620813013,750.3282773591052,0.19967532737727603,0.03987023636322236,ball,14mil,12000.0
CWRU,DE,112,0.11430166682260474,0.14232242837041642,0.3606228254863831,0.49556251250867994,0.0014922335505407388,8.364937266272593,4.7357040481833765,6.673527958654613,2.9713387990137896,0.004519313326472055,1.5233166467065868,0.7627953692614771,2800.78125,0.1610732768560752,0.09118961027204187,1.4091944705063628,0.10398809976600025,2698.5295405863344,0.037278236945898276,19.690943905099918,4.145407372952528,839.3301377528076,0.16100986405873097,0.025924176324211026,ball,14mil,12000.0
CWRU,DE,113,0.09791530928377615,0.1362450004687625,0.2433363265419611,0.6187303125668283,0.0016883602997421435,12.183820874242741,7.048189761724625,9.827530706092299,4.052725935044981,0.004639474079185376,1.7102794810379243,0.9622657085828344,3257.8125,0.13652664600610542,0.07897897699867834,1.3943340117573104,0.05607089526645063,2814.270429432807,0.040087046608693576,34.19056154428433,5.303743939996822,827.7091117723959,0.13644779349606567,0.018618000349944985,ball,14mil,12000.0
CWRU,DE,114,0.10110309870493384,0.14895117163788874,0.24016951646226165,0.6085570899817669,0.002322221810571556,11.719082030929487,6.921272615638803,9.51766781541658,3.2085951849122383,0.004491315474519709,1.7102794810379243,0.9622657085828344,3281.25,0.13903017003095197,0.08211101398925129,1.3751326300760285,0.10235680771247273,2807.174803421857,0.04242086766529786,30.57733488551129,4.930426583531252,865.1647201570495,0.13895760599601503,0.019309216264143753,ball,14mil,12000.0
CWRU,DE,115,0.09393945567848674,0.20280136039291238,0.19974973526912881,0.595501729465439,0.0019471746798215054,8.132950613893852,4.950094984731021,6.657216022641021,1.6875213526906334,0.004531607000842064,1.1250257085828343,0.625375249500998,3386.71875,0.12633601000183226,0.07689401782824598,1.3448663193687709,0.11118639686756951,2689.3347902322453,0.04277433386068989,21.243730789966747,4.410208211794701,979.3719335109893,0.1262547106494367,0.015940251961172984,ball,14mil,12000.0
CWRU,DE,0,0.08097268583925893,0.18471631456827675,0.07830404223588662,0.7004777449814367,0.03650189819873451,5.230030760954871,3.533408924285869,4.4277649955173715,-0.046692762572217994,0.019298426623315865,0.6484846706586826,0.3585280239520958,3421.875,0.10146802468512961,0.06855180023580544,1.2531142277601677,0.04074764908812595,3015.197887946437,0.09428462236817468,82.91305260891251,7.858697218749377,1195.1058376860954,0.09961591621506358,0.009923330763366565,outer_race,14mil,12000.0
CWRU,DE,1,0.08312509636976043,0.14663244835190686,0.07325808128547585,0.7428531806590877,0.03725628968401184,5.216935743578009,3.535504200542221,4.423493858675124,0.008790746726011989,0.019335100346182632,0.7344729341317364,0.3677033532934131,3410.15625,0.10400308766060026,0.07048263029615649,1.2511635138198158,0.03880733888743744,3116.571129174049,0.07944393037931799,108.9210376804461,9.44786034378978,1096.5377092671358,0.10219000018368506,0.010442796137541552,outer_race,14mil,12000.0
CWRU,DE,2,0.0828665763590007,0.1594942632023252,0.07267594486735467,0.7242227327463961,0.04360705914532663,5.248143253924164,3.541801235255484,4.4372938939871425,0.0081123134109089,0.019047637829809127,0.7344729341317364,0.3677033532934131,3421.875,0.10381817862426974,0.07006351303739133,1.2528353793030012,0.007405259118469296,3094.9008827445678,0.08556430730426494,117.94004237508277,9.516310704981045,1144.2892226525241,0.10205587541129223,0.010415401705965202,outer_race,14mil,12000.0
CWRU,DE,3,0.08262784033495504,0.16882776581597525,0.06414091599034731,0.7275389833702585,0.03949233480581076,4.917928569917151,3.3200093770215924,4.157764071717226,-0.06724079743061706,0.019153476211639216,0.6738589221556885,0.3435470658682635,3410.15625,0.10347773962507974,0.06985605036432056,1.252335038718231,-0.011148965823119698,3063.1264889059407,0.08589419929692452,94.0184178891248,8.66458617769685,1161.314882902604,0.10168965998038329,0.010340786946925966,outer_race,14mil,12000.0
CWRU,DE,4,0.08697238795845803,0.1811533398091133,0.06365580031309757,0.7145165692421346,0.0406742906194766,5.4271045235406,3.6702657350163395,4.595189578666465,-0.00793645368680318,0.019090833528255982,0.798294251497006,0.3996546107784431,3421.875,0.1088898296833169,0.07364048527993185,1.252004598693181,0.042793044779120416,3042.4109814656804,0.09091185352244542,45.06555211274612,5.923294578395007,1199.0085759272986,0.10720324194565284,0.01149253508365818,outer_race,14mil,12000.0
CWRU,DE,5,0.09038570055202091,0.13918955087082804,0.06006618417754329,0.7530361410211659,0.04770812392936464,5.212838432062154,3.5329383172581643,4.4216575004408405,0.08626028105823647,0.01865863866017964,0.798294251497006,0.3996546107784431,3410.15625,0.11312244225328176,0.07666736960814326,1.2515524199336692,0.005422279435283986,3170.251642836285,0.07744224495896324,79.61434401401083,7.7695793261028525,1103.5266516273473,0.11157303502502706,0.012448542144695915,outer_race,14mil,12000.0
CWRU,DE,6,0.08527068757017212,0.13482084854996232,0.07132377306194357,0.745397802346476,0.04845757599324388,5.2542031036922925,3.524298441639566,4.436455850168293,0.13927469811750948,0.018380949195359278,0.73418874251497,0.3782996407185628,3421.875,0.10734041029243004,0.07199943231214641,1.2588195703722456,-0.005158566841125431,3185.0926220263786,0.0827157374080547,46.7566215673148,6.253215921812338,1089.3847250927042,0.10575492607167215,0.011184104388424841,outer_race,14mil,12000.0
CWRU,DE,7,0.08018925582428887,0.13646326511210802,0.06739167212271951,0.7393133842463706,0.056831678508812766,5.856315920567229,3.9148168390722837,4.929213222602764,0.06418499461079286,0.018347685137537418,0.7056477844311376,0.3952699401197604,3410.15625,0.10096767137985177,0.06749464091094927,1.2591172014501877,0.01356335228127689,3195.148562034355,0.08937780004213787,55.028082975551435,6.5003998300065895,1107.0015726747324,0.09928662102198627,0.009857833113963526,outer_race,14mil,12000.0
CWRU,DE,8,0.08363614965381733,0.1355917819767764,0.06570230066363567,0.7587342070028307,0.039971710292689935,5.595692426464503,3.7616698365880206,4.726065723444258,0.10658274759376996,0.018575934459206578,0.719654371257485,0.3952699401197604,3421.875,0.10507831821792353,0.07063825349841497,1.256374410501423,-0.015299519553236501,3166.9909303806526,0.08618787027558142,70.87007829268903,7.424518618172902,1075.381053377317,0.10342334174872934,0.01069638761847446,outer_race,14mil,12000.0
CWRU,DE,9,0.08365410986620506,0.1516321506724315,0.06758631157206935,0.7382455400892425,0.04253599759217716,5.438930063089666,3.6725166845675976,4.614883985897358,0.21038258512234798,0.01836465416822604,0.7621207185628742,0.3860540119760479,3410.15625,0.10511974352582197,0.07097977129655242,1.2565998693184193,-0.010760355113530603,3123.9388702679444,0.08380239351333403,107.40027530841722,9.127211973151107,1123.4895924603707,0.1035031398374757,0.010712899956216049,outer_race,14mil,12000.0
CWRU,DE,10,0.08044287939745505,0.1693576876479849,0.07207106972354003,0.7198162574168787,0.03875498519429119,5.625657685072845,3.8356365825961083,4.799107327680533,0.20859816611592263,0.017995339867140712,0.7666677844311377,0.3860540119760479,3421.875,0.10064926738047521,0.06862380073362906,1.2511892678926089,0.005471432831849786,3068.1549417874535,0.08705876346920398,32.79860670669282,5.269654829696476,1171.616876641357,0.09902748490844594,0.009806442767292489,outer_race,14mil,12000.0
CWRU,DE,11,0.080023609538735,0.17468669613794177,0.08249192034498057,0.6944882227574638,0.04833316074436337,5.584932534646942,3.79861534210628,4.756268489374449,0.1641835831719689,0.017977696832896697,0.6927373652694611,0.3806137724550898,3445.3125,0.1001980295914997,0.0681501110521742,1.2521058493743573,0.0009727754144778466,3062.68247609827,0.09305020749243316,44.78315585978396,5.97121581596713,1203.0216237624077,0.09857204243903799,0.009716447550603505,outer_race,14mil,12000.0
CWRU,DE,12,0.07808630526057257,0.1535086528524334,0.08680216946079344,0.7104649094570006,0.04922426821762899,5.407002386690724,3.625411991501635,4.566476544731207,0.15309514577515237,0.017201145618918404,0.6687028742514969,0.3565792814371257,3421.875,0.09835551994448818,0.06594768338087692,1.2595745133064962,-0.027156520244258305,3123.6471272666226,0.09480552885503915,55.24429304996355,6.5407864342284245,1150.1672806830368,0.09683970721221423,0.009377928892947376,outer_race,14mil,12000.0
CWRU,DE,13,0.07903621415372376,0.1378470702461615,0.07647493544773488,0.7341875578905653,0.05149043640204154,4.542694718236861,3.07859681898918,3.8479275860935984,-0.16506044655069552,0.014905529156530683,0.592377125748503,0.304125628742515,3421.875,0.09878709250481553,0.06694828677823944,1.2498965640317328,0.02237756114735659,3174.0396132218425,0.09179923692660713,101.63475282792206,8.923028225086965,1103.4420605739992,0.09765610501202059,0.009536714846118793,outer_race,14mil,12000.0
CWRU,DE,14,0.08121152098147451,0.1384760265425342,0.06563233854875614,0.7387794595644017,0.057112175340283504,4.678095534853974,3.214068510008986,3.9928156844212754,-0.16708855060571004,0.011828564160741014,0.6297280239520958,0.3242626347305389,3421.875,0.10088852609107338,0.06931509463939596,1.2422932715924317,-0.021907590801441595,3200.2594873197395,0.08505453827371982,50.47588405507625,6.374172451775427,1117.7466003396617,0.10019271314184693,0.010038579766724426,outer_race,14mil,12000.0
CWRU,DE,15,0.07786348761461448,0.15269270810743082,0.06558886850029846,0.731788121525221,0.049930301856853,4.892437553661387,3.3546077987505023,4.164501805203969,-0.1708133868220134,0.009156278829060626,0.6297280239520958,0.3242626347305389,3421.875,0.09666186158969692,0.06627833900258333,1.241427330716613,-0.053880427963196226,3125.066095302936,0.0871440273994228,109.13865256541733,9.312104024310875,1142.460805760169,0.09622722090962735,0.009259678043990222,outer_race,14mil,12000.0
CWRU,DE,16,0.0761142897993076,0.16177327603022112,0.07604514178127951,0.7131087662143978,0.049072815963428745,5.265392997425648,3.634498157889739,4.489032504395673,-0.302122383217315,0.00736810774934506,0.5897788023952095,0.3416795209580838,3410.15625,0.09401009606136922,0.06489155151859272,1.2351175621456618,0.016668025307466385,3096.7455943076284,0.09055920318380689,64.36435278150766,7.011132411590907,1163.3001629993137,0.09372091095194236,0.008783609149661909,outer_race,14mil,12000.0
CWRU,DE,17,0.07562280244199097,0.15939203426003912,0.08799652199120228,0.7036215719110483,0.04898987183553631,5.283483000024425,3.665777402895896,4.518207603059681,-0.3437242187599101,0.005989512771332335,0.5765841916167664,0.3416795209580838,3421.875,0.09320792928893154,0.06466937074587052,1.2325373601491407,0.035788813269194426,3118.72350094403,0.09734187681760142,31.136247155209368,5.018620253795403,1162.374902924947,0.09301528809336941,0.00865184381909251,outer_race,14mil,12000.0
CWRU,DE,18,0.07433153057166911,0.13787160367260215,0.07622330072865342,0.7403818280737974,0.045523267517975814,4.2620330478588615,2.8973610695314194,3.6097398098271802,-0.2885791749780089,0.004562805833645208,0.5237651497005986,0.2683174850299401,3410.15625,0.09260754134220979,0.0629552802657727,1.2458715787228314,0.040460400336348956,3180.1669663693856,0.09116014884207124,72.44656269185349,7.315837943455616,1092.8709461696633,0.09249506752456343,0.00855533751637355,outer_race,14mil,12000.0
CWRU,DE,19,0.07459976416308005,0.14910930600574954,0.08539118193791732,0.7219670541744925,0.043532457858641294,5.07507499403761,3.3918907600738133,4.2770374893739955,-0.06110429451799515,0.0035508687897642206,0.615437245508982,0.3190659880239521,3421.875,0.09406729479018029,0.06286921639558092,1.2609596805767767,0.0857339197377177,3138.8640270881774,0.09108114988516171,53.70340579977013,6.4625183783226,1120.6415369757829,0.09400025148892188,0.00883604727998056,outer_race,14mil,12000.0
CWRU,DE,20,0.07904707750514592,0.14006538562091544,0.07411583828440682,0.746346270227576,0.039472505857415206,4.896343031976835,3.2136517194976966,4.098550551634013,0.08898883024753701,0.003393825961358533,0.6430444311377245,0.3239784431137724,3410.15625,0.10081317808900934,0.06616743169298951,1.275356170915319,0.03657185139094306,3158.254940586798,0.0777124099720426,94.52086475040855,8.507496395227466,1093.2439602709273,0.10075603615541018,0.010151778821750324,outer_race,14mil,12000.0
CWRU,DE,21,0.08102563476562497,0.16070151006611383,0.07441173163476361,0.7199924509305042,0.04489430736629793,4.755370853209979,3.162186483531657,3.998468435957504,0.006001664851176258,0.004045864930295658,0.6270079041916167,0.3239784431137724,3421.875,0.10245393331513461,0.06812895421081194,1.2644631987332555,-0.006311205398754619,3111.484196920336,0.0839382190004042,54.41839357139724,6.327591997061435,1167.573900957868,0.10237401735161052,0.010480439428707852,outer_race,14mil,12000.0
CWRU,DE,22,0.08084190932587945,0.1678360127437499,0.06857593440598246,0.7229972447037324,0.040590808144179535,5.227447911840038,3.5897217214718635,4.4670685083607236,-0.025109109503480997,0.004854708844030685,0.69156,0.3611263473053892,3410.15625,0.10060009530691966,0.06908272514537105,1.2444052366625034,0.03117079912872285,3068.520613236162,0.08266754819037812,79.0446596558331,8.018296665570839,1170.6649871617778,0.10048288898016922,0.010096810977801011,outer_race,14mil,12000.0
CWRU,DE,23,0.08105772922904188,0.15810804801777908,0.07939981974362031,0.7167982241226566,0.04569390811510953,5.245239805327881,3.5556174179155833,4.455174734601405,0.03105355669878751,0.005834016186377242,0.70223748502994,0.3611263473053892,3421.875,0.1015650180713461,0.06884839601395787,1.2529960934923001,0.0644004220130004,3121.356316895076,0.08684936531469122,60.060278641831275,6.91990010966228,1160.0105819930914,0.10139732319430306,0.010281417150969948,outer_race,14mil,12000.0
CWRU,DE,24,0.07992468960516463,0.14292818680007835,0.06921798095352052,0.7447453364252236,0.04310849580163766,5.066905098538339,3.3905057806056615,4.26790694351985,-0.0029362636426970568,0.0065563497614146695,0.6770662275449101,0.3411111377245509,3410.15625,0.10060774403505562,0.06732139858371375,1.2587817923606235,0.012604018007522477,3142.4223197626384,0.07729346942591458,84.87883201096273,8.379748068965464,1101.7722792281388,0.1003938864554474,0.010078932437629265,outer_race,14mil,12000.0
CWRU,DE,25,0.08144986053284053,0.1795996865976446,0.07116374653767026,0.7075349299295968,0.041701636889922976,5.525555992805241,3.768688602464482,4.695412810543418,-0.11285514601457658,0.007314663232129489,0.676660239520958,0.3824407185628742,3574.21875,0.10147846078680589,0.06921307449618565,1.245900976661462,-0.040495541788659,3042.095556080301,0.08805131282161525,54.26546089097058,6.784854524921002,1197.788529714132,0.10121449355433162,0.010244373705459837,outer_race,14mil,12000.0
CWRU,DE,26,0.08139776402273574,0.17928011478680894,0.0660051414815543,0.711797445228469,0.042917298490319125,5.6419886521858675,3.860651110477027,4.805154870915131,-0.07969638921917577,0.008490402963604038,0.7735695808383233,0.3911288622754491,3410.15625,0.10131163140176132,0.06932464533120154,1.244648825654023,-0.01172743955747672,3033.0353564643283,0.08289079981601852,66.23372939270435,7.385073600534256,1200.7388223047049,0.10095523619308695,0.010191959714801973,outer_race,14mil,12000.0
CWRU,DE,27,0.08306925319283304,0.1828245862185927,0.0783251825095353,0.7023537118628563,0.0364965193686917,5.543665585810648,3.774158766261129,4.708467299778187,-0.07201565984859792,0.009089354240737273,0.708043113772455,0.3911288622754491,3410.15625,0.10363338865654582,0.07055419491330202,1.2475541150704241,0.01398211560645508,3021.028110154986,0.08153959069266878,52.47453354291755,6.47709600537002,1198.901769209753,0.10323401999304818,0.010657262883925073,outer_race,14mil,12000.0
CWRU,DE,28,0.08276159039343184,0.15435693223185293,0.07559101087998413,0.7214164397500814,0.048635617080980395,5.440452227459802,3.68818574069193,4.606276325512381,-0.09477982153498887,0.00949573873736901,0.6981370059880239,0.381222754491018,3398.4375,0.1033632201016801,0.07007188714328891,1.2489274264826509,0.042887074577640606,3131.9099914183316,0.08580614894055667,36.90767033415307,5.463732407663656,1144.573936774117,0.10292612018151658,0.010593786215619995,outer_race,14mil,12000.0
CWRU,DE,29,0.07672370795518334,0.1560413685445107,0.06448039486221492,0.7214388681832963,0.05803936835817108,5.909604709206508,3.932773638476332,4.96877385949206,0.004886463564217625,0.009688027986994757,0.6684186826347306,0.381222754491018,3410.15625,0.09693483264872435,0.06450901088140723,1.263427371176416,0.06875619123513994,3171.0659022492327,0.09285027161548366,44.61248375415255,5.919212937393148,1168.1554855897775,0.09644948882373303,0.009302503894359403,outer_race,14mil,12000.0
CWRU,DE,30,0.07676930231334203,0.17609269177929787,0.06388076554602869,0.704496110461856,0.055530432191257924,5.300558443015567,3.52253029471855,4.4708270767943645,0.13672720769547242,0.010082954423184878,0.6371982035928143,0.3432222754491018,3410.15625,0.09743628776272177,0.06475209718729891,1.2692089784146436,0.09136117327667011,3098.2064224863134,0.08743760278317686,69.97193123089373,7.483151601311118,1209.1761937914455,0.0969131786862855,0.009392164203079902,outer_race,14mil,12000.0
CWRU,DE,31,0.08036596369760474,0.2011862120373012,0.06398115735356989,0.6911354165759822,0.043697214015765914,5.055432185082796,3.3877445673171587,4.270741737640997,0.04113704760004344,0.01092210867327844,0.6371982035928143,0.3432222754491018,3410.15625,0.10131291442698948,0.06789177717819206,1.2606445535600421,0.03672593417448073,2991.9296711432503,0.07972883120627351,71.49394545156366,7.373362927699795,1239.2747987739806,0.10072246110882908,0.010145014171819587,outer_race,14mil,12000.0
CWRU,DE,32,0.08095315955978663,0.2073807637346264,0.06048834272804632,0.68905123696881,0.04307965656474043,5.373996411795634,3.585347448243284,4.524621363778506,0.06665989502512382,0.011495388344404937,0.694117724550898,0.3662823952095808,3421.875,0.10216092038417324,0.06815828801180636,1.261975702242035,-0.0168520599694371,2963.7040410789714,0.07885266889095839,64.28876258244162,7.071338634880043,1249.8470490020288,0.10151211602834757,0.0103047097005527,outer_race,14mil,12000.0
CWRU,DE,33,0.07944245988491762,0.20955615073626938,0.07077695149007728,0.6778057560784373,0.041861141686204216,6.063681374531822,4.0630360408917445,5.12068735773415,0.15390537944815463,0.012131112462574846,0.7730823952095808,0.4068,3410.15625,0.10012217364203262,0.06708795777241991,1.2603105919312187,0.01801119931828508,2954.1678613331815,0.08969276983225268,55.33033164723465,6.6336937800281,1248.6191705976373,0.09938453483930833,0.009877285765225691,outer_race,14mil,12000.0
CWRU,DE,34,0.07784865953639591,0.19611386004715428,0.07297581061291168,0.6877582034703715,0.043152125863899306,6.1389077035935795,4.181896856760979,5.225523501914792,0.05753415090123326,0.012633502818581582,0.7210753293413175,0.4068,3421.875,0.09727643075230709,0.06626586025423845,1.2495581983248958,-0.0399808035848696,3007.638544727351,0.0917930391761033,60.51762675479588,6.932934240843013,1224.7819571295704,0.09645257169428552,0.009303098586441287,outer_race,14mil,12000.0
CWRU,DE,35,0.07791518765203963,0.1838309909698673,0.07523493385357113,0.6957767637939599,0.045157311374267886,4.751496390956506,3.211578476316315,4.0335567276669515,0.08327433646266291,0.013265083797249246,0.6270079041916168,0.3142753293413174,3421.875,0.09785696711412503,0.06614239041399163,1.2559421348138584,-0.09215385435405053,3047.6241161127114,0.09376172548623979,70.29460430407052,7.335968222990256,1209.5693061709837,0.09695371867353465,0.009400023564626901,outer_race,14mil,12000.0
CWRU,DE,36,0.07869076750795281,0.1951675155238517,0.07263215874704602,0.6874165827669673,0.0447837429503719,5.216158369261951,3.52571970265524,4.4256338827920505,0.0973987181970104,0.014219948598895953,0.6527881437125747,0.3482565269461077,3421.875,0.09877601066353452,0.06676494505963083,1.255242689729158,-0.07153932764414894,3014.723065571624,0.09138773479674014,78.7738713659547,7.786962966866848,1238.3812238873925,0.09774708867504668,0.00955449334444744,outer_race,14mil,12000.0
CWRU,DE,37,0.08152606258186748,0.21853682928931872,0.07061692896636694,0.6663337626815682,0.044512479053525844,5.063755945468298,3.4945964092621273,4.327992551614332,-0.1040634281187045,0.014672561809973795,0.658268982035928,0.3528441916167664,3410.15625,0.10096850974881769,0.06968033124355784,1.2384813708797273,-0.07676438039079393,2942.8144155273126,0.0887204428639997,67.22865967465009,7.219575021891432,1290.6116103285437,0.0998967261266834,0.00997935589082959,outer_race,14mil,12000.0
CWRU,DE,38,0.08112080803237272,0.2506765716093382,0.06791564635222866,0.6423465371772323,0.03906124485283347,6.055257636493978,4.135364839579945,5.154375011913125,-0.010604666753661451,0.014765950949663167,0.7709712574850298,0.4181270658682634,3421.875,0.10111007905912726,0.06905190348108144,1.2464136084391253,-0.10451155918795137,2838.8337164052978,0.09037432985467651,72.17861990769417,7.479627686347931,1334.9442330537315,0.1000260705011204,0.010005214779895109,outer_race,14mil,12000.0
CWRU,DE,39,0.07929370333551643,0.2160029648806111,0.07201446799920086,0.6725799333697677,0.03940263374740397,6.204009750872505,4.195434784628685,5.273143368005366,0.2071238596070053,0.014782166682260473,0.7584668263473053,0.4181270658682634,3410.15625,0.09966239194092717,0.06739626187877282,1.2568764952145628,-0.13169902719552415,2938.6171753548947,0.08457693549347704,100.00239004424357,8.845850050164636,1262.0372387949599,0.09856003203918338,0.009714079915564855,outer_race,14mil,12000.0
CWRU,DE,40,0.07700252736714068,0.20750631695831043,0.0730774270381282,0.6811010757445066,0.03831518024581424,5.0436376226832715,3.4070595103962744,4.2822422111122,0.13966658595525105,0.015011327891092809,0.6520167664670659,0.3297434730538922,3421.875,0.09678242251058884,0.06537810559008103,1.2568733237694851,-0.05694084074740756,2973.643370404018,0.09564972634193575,52.93074578490343,6.361141450604006,1244.9188646772418,0.09561117791327661,0.009141497341964233,outer_race,14mil,12000.0
CWRU,DE,41,0.07520763607550521,0.17927252877275623,0.07984681926585298,0.6950566680519898,0.045823983837304606,6.5805585595106315,4.453031063149671,5.580688890956573,0.05971008920595677,0.015364961697698347,0.7193295808383233,0.4197104191616767,3410.15625,0.09425274901738763,0.06378036383478194,1.2532337663526874,0.003596552979256789,3040.05453895368,0.09261054568387549,101.56373663435798,9.016745723945144,1199.091990885586,0.09299192787206277,0.008647498649362925,outer_race,14mil,12000.0
CWRU,DE,42,0.07738956399700594,0.20375502208233243,0.07320301517479665,0.6797970748973327,0.043244887794993005,6.405055899432526,4.322738493222487,5.423346475733013,0.04252074813695872,0.01506362263753742,0.7193295808383233,0.4197104191616767,3421.875,0.09709364094537064,0.06552798691403491,1.2546089670323897,0.010900656160867645,2966.851076472081,0.09451306473033763,69.37720846548962,7.378824417952965,1255.0869903979135,0.09591799823319094,0.009200262385062422,outer_race,14mil,12000.0
CWRU,DE,43,0.079077883432354,0.20729433978076878,0.0850656316202362,0.6628551229994779,0.044784905586015625,5.377180196549765,3.550172343454911,4.50459568155092,0.06031072894876566,0.014610870661021702,0.7110068263473054,0.3562138922155689,3410.15625,0.10033707036005841,0.06624548168278448,1.268838593105369,0.059378581632615876,2955.6657339413277,0.09521052767922518,91.11659919886844,8.304507435633266,1258.0483821215148,0.09926756845499042,0.009854050146966208,outer_race,14mil,12000.0
CWRU,DE,44,0.08091749684225294,0.18263338229065482,0.06715962164921832,0.6852431693915766,0.06496382665713223,5.229422653536191,3.489638684655457,4.402186252869399,-0.01146104281873006,0.014605181278068858,0.7110068263473054,0.3562138922155689,3421.875,0.10207758579187662,0.06811725037651972,1.2615020208901773,0.02045461618624445,3080.086799251218,0.09140840421276349,60.325324265149256,6.615239910723587,1243.8936488469087,0.10102733392964837,0.01020652220093268,outer_race,14mil,12000.0
CWRU,DE,45,0.07864792863491762,0.16176166521634297,0.07396343861596215,0.7167482656134664,0.04752663054426216,5.5377820813741625,3.7188252638546593,4.678922271664288,0.05227028050567295,0.014642965124438618,0.6785683832335327,0.3679875449101796,3410.15625,0.0989526312211698,0.06645034772095366,1.2581721214872201,-0.019095130044713502,3112.895079949433,0.09457066038306026,54.44323831019435,6.537134321406783,1158.8520334001657,0.0978632045150643,0.009577206797957304,outer_race,14mil,12000.0
CWRU,DE,46,0.07661557003181133,0.1592396560387314,0.07374592602834429,0.7134702822339517,0.05354413564342551,5.715523315378023,3.790905144378893,4.803038661167548,0.159383888650102,0.015111714773577837,0.6910728143712574,0.3679875449101796,3410.15625,0.09707115606831444,0.06438387608709124,1.266989934657013,-0.0022335649321977616,3151.7077475575657,0.09888529697960917,27.554748018210358,4.621594360483507,1170.992879978046,0.09588767082915868,0.009194445417041088,outer_race,14mil,12000.0
CWRU,DE,47,0.07760891250701717,0.1732262680630418,0.0786329893817906,0.7049196267828673,0.04322111576804734,5.120300027889826,3.4142291056318714,4.315742985448929,0.08396708846791334,0.015342560991298645,0.6580253892215568,0.334940119760479,3421.875,0.09810124317901965,0.06541415892351805,1.2640460999907663,-0.04560519667198413,3082.6881098705912,0.09739884407802961,59.35804565480876,6.720334769329617,1188.4769820514284,0.09689406450086316,0.00938845973549743,outer_race,14mil,12000.0
CWRU,DE,48,0.08095946347539291,0.16916039745362244,0.07613655981327987,0.7181194630794624,0.036583579644414915,4.743632236270953,3.191697914665963,4.011765953221694,-0.00797281925645521,0.015135681547062121,0.6407708982035928,0.3247904191616766,3410.15625,0.10176101493479484,0.0684687182699896,1.256937862066297,-0.03603762552801188,3070.794038724391,0.08909100068588603,78.06460849852374,7.893724198620927,1172.9950420048806,0.10062909770372315,0.01012621530466546,outer_race,14mil,12000.0
CWRU,DE,49,0.0805177532630052,0.19687531250721804,0.0827076071459357,0.6720059937458378,0.04841108656188026,4.7585045850937275,3.2189301428845685,4.033773993926197,0.015427967583280022,0.01532896197838697,0.6407708982035928,0.3247904191616766,3421.875,0.10090011424436299,0.06825472443151576,1.2531412037141714,-0.05266143344649626,2994.0016059161735,0.1030850206637995,69.73279044947718,7.261933634831449,1255.3760265078909,0.09972891245366446,0.00994585597919067,outer_race,14mil,12000.0
CWRU,DE,50,0.08041108228854785,0.14612399730055028,0.07325956752976504,0.7447971123074857,0.03581932281240586,5.452094014926557,3.6926997115869327,4.625303106951025,0.04768326655253485,0.015845744292664665,0.680923113772455,0.3719256287425149,3410.15625,0.10071916424059306,0.0682170240873084,1.2525532721866808,-0.04124204177672307,3127.635573989217,0.0889613423015661,60.87787586179389,7.056079764365943,1108.3998722262338,0.0994648804007477,0.009893262433135045,outer_race,14mil,12000.0
CWRU,DE,51,0.08195742485731657,0.13958634245037935,0.08154708327459756,0.7359205080819062,0.04294606618327567,5.343965151758303,3.643072790081341,4.538034587958531,-0.1411098279023575,0.01624128526150823,0.680923113772455,0.3719256287425149,3421.875,0.102091187899161,0.06959731551021468,1.2456612451757265,0.02507822991382736,3172.9684238545406,0.09494125762414372,91.59588142308809,8.377455064174336,1101.4814984909544,0.10079102787310044,0.01015883129971611,outer_race,14mil,12000.0
CWRU,DE,52,0.08101370093796777,0.13945837051021684,0.07377195792472245,0.7507331550014962,0.036036516550078904,5.602286934937576,3.8333380663405623,4.761784931349644,-0.1738880864060688,0.01635217867000374,0.6690276646706586,0.3857698203592814,3410.15625,0.1006354810567362,0.068859347055843,1.2422032309546363,0.012520357609304882,3159.2701363141414,0.09101103082827622,83.55930388502013,7.9899742788313635,1081.1390347598276,0.09929806795836958,0.009860106300264985,outer_race,14mil,12000.0
CWRU,DE,53,0.0831925561962013,0.1640361765661791,0.06672353773187392,0.7243009229263094,0.04493936276504797,5.4418045251316425,3.727081879914155,4.637071367893564,-0.10217690432180548,0.016649652121538166,0.6920065868263473,0.3857698203592814,3421.875,0.10350451983313197,0.0708900546827248,1.2441560226737947,0.007553374285818487,3113.3279090251795,0.09721719949520333,79.60408918474616,7.665083211532383,1173.5829399388556,0.10215661853310812,0.010435974710118968,outer_race,14mil,12000.0
CWRU,DE,54,0.0830215178822043,0.15007958263584043,0.057959674515781656,0.7412438851240745,0.050716857710998424,4.896473170986646,3.3816736719932643,4.194285253104879,-0.17786297438644816,0.01672902595200224,0.6544526946107784,0.3482159281437125,3410.15625,0.10297147564166448,0.07111566141258904,1.2402986390560375,0.023251282623778867,3157.7731755425816,0.08537636788109833,78.98412319415156,7.708685394980518,1151.0528953965588,0.10160346690206558,0.010323264486519136,outer_race,14mil,12000.0
CWRU,DE,55,0.08235849662004113,0.15966420202298404,0.07515669851391928,0.7254729601989927,0.03970613926126763,4.677387089119788,3.222998452591439,3.997842371311916,-0.21917077397458407,0.01722180184552769,0.6303776047904192,0.3292562874251497,3421.875,0.10215837589385514,0.07039320910408349,1.240410887599858,0.03984427399960207,3100.504336922735,0.08677819620526303,51.50573578511862,6.393225051053831,1144.5615260256345,0.10069629241667036,0.010139743306463583,outer_race,14mil,12000.0
CWRU,DE,56,0.08272293430716687,0.11733759519129376,0.05890532786456005,0.7733088361883236,0.050448240714185244,4.660358355307056,3.2167641246756316,3.9802297897528023,-0.28405949390247853,0.017561578931979786,0.6146252694610778,0.3292562874251497,3410.15625,0.10235636641786747,0.07065042263331615,1.2373396480085888,0.028860268466750553,3229.10566971463,0.07955962472536657,101.42701461939434,9.026086498021655,1030.7389350351184,0.10083856748131932,0.010168416691684591,outer_race,14mil,12000.0
CWRU,DE,57,0.08061780314371253,0.13693150118586844,0.06517027946991624,0.7449359542008429,0.05296226513434105,4.662197926066059,3.2282450688529805,3.9859622617754926,-0.29136627369870194,0.01726602837294161,0.6209992814371257,0.3213395209580838,3421.875,0.0995400021077886,0.06892446997187625,1.2347148920734616,-0.011558498356920185,3205.943172243793,0.09217406420431404,34.234938463602234,5.351075362815346,1107.2609736774589,0.09803109855471036,0.009610096283843335,outer_race,14mil,12000.0
CWRU,DE,58,0.07826874216410923,0.14455728464635378,0.06287852394887951,0.7364343995602993,0.05612979183681134,4.8052563268881245,3.320592453434102,4.1055919907888425,-0.27276828850027046,0.017383423933383227,0.6209992814371257,0.3213395209580838,3410.15625,0.09677174343565101,0.06687250358737527,1.2364034576248304,0.027097468222280294,3184.8158831652313,0.08561216468164373,72.3568259624627,7.491268381577096,1137.4428080107264,0.09519762024298582,0.009062586899927744,outer_race,14mil,12000.0
CWRU,DE,59,0.07743470241158304,0.16066364785505208,0.07281275583072122,0.713250464463172,0.05327313184475975,5.07101054180498,3.4301931035197293,4.291373082814137,-0.07014708737154685,0.017602296676178887,0.6333819161676646,0.3323011976047904,3421.875,0.09687536170013733,0.06552958130639397,1.2510587460544855,-0.05900770888695139,3119.912797697708,0.08445332911092888,63.58825917899543,7.051666203816968,1165.5401639733182,0.09526276741863117,0.009074994856256216,outer_race,14mil,12000.0
CWRU,DE,60,0.08001667126684128,0.14157337897413402,0.07709118931213758,0.7253853507486604,0.055950080946359254,4.932793309688865,3.2979587605676004,4.152899543854121,0.02801732451083261,0.01795771460984281,0.6623288622754491,0.3323011976047904,3410.15625,0.10075965824011673,0.06736572500455126,1.2592333153187703,-0.044335507441214644,3157.217338168121,0.08447001510298582,90.877282056051,8.657300220907079,1120.6887816568892,0.09914650379441808,0.00983002921465656,outer_race,14mil,12000.0
CWRU,DE,61,0.08052774437453214,0.13262045965011252,0.07143796292877092,0.7488007146553054,0.047140862761481904,4.831233087253803,3.2803727819004855,4.098310057409654,-0.09048108918830611,0.018059508970340567,0.6171829940119761,0.3300276646706587,3421.875,0.10060675618685538,0.06831126934060945,1.24934278202226,0.02559321636024741,3185.3271621740073,0.0887133279179481,57.53806437208629,6.927541490307173,1085.4503140552479,0.09897258977207553,0.00979557352619155,outer_race,14mil,12000.0
CWRU,DE,62,0.0816051588814558,0.11059042254185845,0.07374941117827387,0.763358416028792,0.05230175024321548,5.731426279871723,3.8811083235500567,4.857120716598501,0.0025267842554468345,0.017689917138379488,0.7164876646706586,0.3963661077844311,3410.15625,0.10212704071652252,0.06915662671548875,1.2514777511171562,-0.05777557148575222,3257.033337930715,0.08258976207406067,76.94261265038193,7.985169259436184,1026.2540825412354,0.1005832952191939,0.010116999277151515,outer_race,14mil,12000.0
CWRU,DE,63,0.08155676939090564,0.13008470928965077,0.06690563356627445,0.75965596808264,0.04335368902882265,5.725694581244889,3.883910963948983,4.860002557048682,-0.005055897980120516,0.017626461686002987,0.7164876646706586,0.3963661077844311,3398.4375,0.1020533455744887,0.06922585586083646,1.2513166759382284,-0.05350505085945425,3193.30665180963,0.08376566871007411,63.079521935378466,7.131238737385282,1075.1398350692355,0.10051961595319532,0.01010419319137788,outer_race,14mil,12000.0
CWRU,DE,64,0.07902255566991014,0.16869842301813054,0.06808652378753391,0.7173289821428145,0.04588607103635948,5.817436580862828,3.8996069199481345,4.912080435895123,0.051205397426056454,0.017920565119760475,0.6742243113772455,0.3881651497005988,3410.15625,0.09953955813212104,0.06672443168138965,1.259634762357139,-0.00444582809174661,3084.8780453618288,0.08629601448368761,56.921261743620136,6.711828869677117,1184.365094243062,0.09791310933131646,0.00958697697892633,outer_race,14mil,12000.0
CWRU,DE,65,0.07899381140063619,0.18341009767042346,0.06729159430528828,0.7158997795480548,0.03339852847464732,5.825042887634394,3.8814719221542826,4.913867843797605,0.17091030612726277,0.017800235661489517,0.7435670658682634,0.3881651497005988,3410.15625,0.10000462646272618,0.06663730331060899,1.2659805203666976,0.03341877945678232,3013.9824732124175,0.08098993399903108,59.73314387095399,6.85962511389386,1193.3454451869382,0.09840770764703763,0.009684076924344828,outer_race,14mil,12000.0
CWRU,DE,66,0.0800455543015531,0.20245586106391214,0.0693271145441778,0.6899227524398986,0.03829427192139682,5.226779269931196,3.5260982140087123,4.439995690813385,0.10121342446074877,0.01757850831540044,0.7069875449101796,0.3554019161676646,3421.875,0.10079183692493328,0.0679963506804723,1.2591809477041456,0.029900504847380265,2969.2219709904166,0.08769865975039268,69.61525327065263,7.333782252548195,1241.376573923734,0.09924711802419121,0.009849990436107741,outer_race,14mil,12000.0
CWRU,DE,67,0.0793464738491766,0.16931178508704706,0.060361366006308564,0.7278424741884036,0.04248437464724575,5.260169496630699,3.5076935208264164,4.431017683417364,0.07321936898445802,0.01755033893151197,0.6813291017964072,0.351585628742515,3410.15625,0.10023271037079688,0.06683922047905803,1.263228288648608,0.009606609157826703,3084.8503893200605,0.08993910175600713,63.42590022924422,6.90882333867116,1177.7847267114228,0.09868425321025187,0.009738581831665108,outer_race,14mil,12000.0
CWRU,DE,68,0.08029097089025071,0.1575630252365953,0.06763789194457137,0.729005714137401,0.04579336863707474,5.683632242514095,3.7901938567419475,4.771780611885891,-0.04722203748687415,0.017527997696014215,0.712874371257485,0.3831308982035928,3421.875,0.10108477631614661,0.06740951593203695,1.258980620054014,0.05980315045658002,3134.017699329304,0.09198292490159722,28.99924827034192,4.908734485342915,1155.1392320077234,0.09955350973046562,0.009910901299653913,outer_race,14mil,12000.0
CWRU,DE,69,0.08097129818488019,0.15462996514687224,0.06811658062212674,0.7338312344158541,0.04342221979772989,5.606425113754365,3.7701368858082196,4.731687731235301,-0.07906294225425281,0.0173909569142964,0.6662263473053892,0.3831308982035928,3410.15625,0.10162254310865942,0.06833782498291995,1.2550440141965693,0.05763599349764519,3140.507617857407,0.08810412740561438,46.533193116220595,6.002169445022336,1148.3820265452443,0.10012340328552774,0.010024695885476428,outer_race,14mil,12000.0
CWRU,DE,70,0.07826170477404562,0.1622552562222689,0.06873703529650022,0.7292653198384772,0.0397423886260201,5.112565569535589,3.4453619115758594,4.3336954668799805,-0.016921690280244484,0.017292175746163915,0.6265207185628741,0.3391623952095808,3421.875,0.09844028114145278,0.0663389819840275,1.2578346130545714,0.045279635066508485,3111.3522270976364,0.0899510738017758,54.632833116029495,6.583761147877897,1152.765061029433,0.096909595031514,0.009391469609172044,outer_race,14mil,12000.0
CWRU,DE,71,0.08144492444797899,0.1629937742833339,0.06567723911102713,0.7215470328567796,0.04978195374157751,5.643808129033127,3.831052520686523,4.795892199443301,-0.00035234401273198657,0.017261706820733524,0.6995579640718563,0.3906010778443114,3574.21875,0.1019565969756833,0.06920878047482941,1.251847155200023,-0.0034105606783094897,3127.322973689649,0.08709503866085108,60.09669479809908,7.0276971844451115,1166.7655533298373,0.10048473090224681,0.010097181144496956,outer_race,14mil,12000.0
CWRU,DE,72,0.0811139887022829,0.14913733130125065,0.05808780571600653,0.7562471175621653,0.03652774540624148,5.6948007394638935,3.8281338437205945,4.815458888083484,0.06536101800769734,0.016849137350299394,0.7044704191616766,0.3906010778443114,3421.875,0.1020343315542706,0.06858906847038909,1.2579128851470094,-0.042187072309539726,3139.1158840098956,0.08094012643508797,67.33542492448326,7.40560863436634,1094.0503556608478,0.10063355000335408,0.010127111386277567,outer_race,14mil,12000.0
CWRU,DE,73,0.08221511227544906,0.1442747426474953,0.06184976111785965,0.7436602584865982,0.050215237729211645,5.623146537225904,3.7467170867309387,4.740594426097962,0.206949795995643,0.016898379257110772,0.7600907784431138,0.389748502994012,3410.15625,0.10402400127148986,0.06931146119238227,1.2652661827301712,-0.0472459941450672,3176.8783970614654,0.07567383508173021,71.27967353033911,7.62640358037326,1111.4144078053134,0.10264227988024124,0.010535437619013776,outer_race,14mil,12000.0
CWRU,DE,74,0.08279410115316238,0.17342687278156152,0.055945178498133845,0.7346102707475932,0.036017677949410486,5.573848363354791,3.7405386026987717,4.707442892253988,0.13818145496451484,0.016729541366485773,0.7600907784431138,0.389748502994012,3421.875,0.10419582428926445,0.06992448979351673,1.2584933327135301,-0.03154087736811839,3078.858304849115,0.0788528235135536,65.99602394444312,7.345407090238027,1167.6421402218382,0.10284401900444341,0.010576892244986317,outer_race,14mil,12000.0
CWRU,DE,75,0.08272923822277316,0.1861574486686602,0.05229718312683263,0.7235014580835942,0.038043910104730634,5.4511308024081,3.700425267681047,4.628198126981215,-0.0854101474499207,0.0167321580861714,0.6970408383233532,0.3828873053892215,3410.15625,0.10347116282371681,0.07023997758778355,1.2507206043054553,0.06299120520127974,3035.327719334677,0.08047444290373233,68.9785772323012,7.412152725031417,1202.4405425924504,0.1021093356254534,0.010426316421871487,outer_race,14mil,12000.0
CWRU,DE,76,0.08586979743637721,0.17748392817819653,0.05437804275260838,0.7292904158934626,0.03884761314983821,6.331033143953281,4.24741880474703,5.360548589833804,0.3835761119408789,0.016779516747754488,0.8932954491017964,0.4603092215568862,3574.21875,0.10837387192485758,0.07270680962972431,1.2620720574676343,0.004894233538240117,3073.193531277328,0.081826473560012,29.68769707465877,4.931654190737533,1194.0053455491975,0.107067006746697,0.011463343933697261,outer_race,14mil,12000.0
CWRU,DE,77,0.0851866155384543,0.18423131225605316,0.07672221738731894,0.7038277526360894,0.035218717696954574,6.401493180470321,4.254757254516721,5.403539260802031,0.5177823167661484,0.016132136332803138,0.8932954491017964,0.4603092215568862,3410.15625,0.10818695263242947,0.07190653939321498,1.2699994236018513,0.006216314001073409,3030.084961100302,0.09051536941842857,73.70514199524484,7.468461445561355,1197.00478632845,0.10697743171917799,0.01144417089723139,outer_race,14mil,12000.0
CWRU,DE,78,0.08136759245181507,0.16099754477079944,0.07045097757899331,0.727767254142977,0.04078422349005082,5.467300315764669,3.721346264395057,4.656751064361112,0.014556627760651253,0.01621420617748877,0.6794615568862274,0.378908622754491,3421.875,0.10182030798364486,0.06930451975757179,1.251361935575784,0.04501248285590063,3131.0582966544175,0.0885024884976942,23.713219547973303,4.472792537059794,1158.3041001839572,0.10052101589179338,0.010104474635918178,outer_race,14mil,12000.0
CWRU,DE,79,0.07845867240129112,0.18285472224671406,0.06778007049637282,0.705619581415695,0.04374562581928456,5.065734025461428,3.5131048214983926,4.3404093399548005,-0.1716045874419967,0.016398803857129482,0.664074610778443,0.3405427544910179,3410.15625,0.096934982528011,0.06722476008005543,1.2354909860342709,-0.08443804927720444,3077.207706941192,0.09306585495082355,83.03555289386196,8.030943840418075,1209.928383426123,0.09553779393392539,0.009127470069761192,outer_race,14mil,12000.0
CWRU,DE,80,0.07819107316616762,0.21276798926872734,0.06659348141252934,0.6844776207939678,0.03616090844913843,5.848613648133422,3.9762626319642123,4.970546119803184,0.0902222498765215,0.01634541881081586,0.7532701796407185,0.3886523353293413,3421.875,0.09774312496490029,0.0664520446573487,1.2500547825604293,-0.027922391217732802,2972.664859135211,0.09357389435958331,52.34004162986796,6.205420457762142,1265.6248359315946,0.09636672538694639,0.009286545761803138,outer_race,14mil,12000.0
CWRU,DE,81,0.0802519183313061,0.1974305626093625,0.06884644016635179,0.6826956913554358,0.05102730585954539,5.730199547252976,3.8557677463535667,4.842903987975187,0.10731023465534939,0.016318676728574098,0.7532701796407185,0.3886523353293413,3410.15625,0.10079765195839226,0.06782527067764314,1.256015482922996,-0.0020374336140481235,3016.2574618732624,0.08611926416640404,88.79902284105188,8.424320440162498,1259.778604945649,0.09946792161372164,0.009893867430153474,outer_race,14mil,12000.0
CWRU,DE,82,0.08297298962621627,0.1924444597680259,0.07562982979419236,0.6979515464195283,0.03397416401565078,4.880207806020031,3.3392506282275773,4.152211926770119,-0.15079092726634835,0.01593941096322979,0.6820192814371258,0.3445214371257485,3410.15625,0.10317327912239255,0.07059564896002185,1.243456208908179,-0.022944656390212013,2997.434035859697,0.09212023717225204,68.5602897283854,7.319780618953139,1219.6859717162945,0.1019345903165966,0.01039066070301239,outer_race,14mil,12000.0
CWRU,DE,83,0.0803311335726983,0.16520713123024366,0.0772010972122982,0.6967845790683761,0.06080719248851262,4.647551520260599,3.1630274027746537,3.9471202833162793,-0.1442870450614544,0.01560851486480164,0.6306617964071857,0.3170766467065868,3410.15625,0.10024467269187821,0.06822445008394605,1.2478931671138251,-0.024533734818410178,3107.7419800148737,0.09003165944122499,93.31810905650543,8.778395227631089,1205.4608393213246,0.09902206151568982,0.009805368666817058,outer_race,14mil,12000.0
CWRU,DE,84,0.08080709902460699,0.15771539774805907,0.07310667066791275,0.7294595303156336,0.0397184012624189,5.174997770422909,3.5363812390948777,4.395137650531698,-0.17032188282569383,0.015879226410460322,0.6924937724550898,0.3551583233532934,3410.15625,0.10042987430964731,0.068629657269257,1.2428347944908267,-0.04986758746520973,3105.046295630595,0.08797345874034425,73.08496091449106,7.6122165626246545,1144.7809315047425,0.09916657613559568,0.009834009822456895,outer_race,14mil,12000.0
CWRU,DE,85,0.08014072756830086,0.17024094671642828,0.06491831462966696,0.7123401822250867,0.05250055642513535,5.715652995136999,3.8648813446492003,4.83087927185045,-0.058964589209126395,0.01604945195546407,0.7439730538922156,0.3871501796407186,3421.875,0.1001712976717164,0.06773507418489441,1.2499424538708392,0.012406798774224253,3092.165244410693,0.08955148242493925,100.2305286078545,8.845441127651117,1195.328724288741,0.09887721663338256,0.009776703969164864,outer_race,14mil,12000.0
CWRU,DE,86,0.07993450230398574,0.20436777430128167,0.0653173255972491,0.6851123703174037,0.04520252977792715,5.743054827656302,3.859788655863725,4.8433425927694085,-0.010287465053533396,0.015848261894180385,0.7439730538922156,0.3871501796407186,3410.15625,0.1003034658523509,0.06741188988417018,1.2548206714405166,-0.08657962675790438,2980.143967314645,0.09231863289009729,54.30491635836443,6.618694787422362,1256.3149849281951,0.0990435149665398,0.009809617856927196,outer_race,14mil,12000.0
CWRU,DE,87,0.08265674319330085,0.1864898448118,0.07907270688390247,0.6842553410238212,0.0501821072568357,5.173644603981335,3.5417542455844533,4.406808700870061,-0.09072767621241296,0.01556757906062874,0.6577005988023953,0.3642524550898204,3421.875,0.10284520885206483,0.07040538787869445,1.2442446300061845,-0.06917779565720801,3027.7011283953657,0.091457543861034,131.9317957213693,10.050847761624414,1232.796598294919,0.10166015672826748,0.010334787466015908,outer_race,14mil,12000.0
CWRU,DE,88,0.08115902799869007,0.16010858948149415,0.07629841985403955,0.7167164686230882,0.046876522030885666,5.256785322993418,3.6022075903777724,4.488132301137213,-0.004577315688533368,0.015346902367140714,0.6974468263473055,0.3642524550898204,3410.15625,0.10111922923676377,0.06929186426856042,1.2459393825958076,-0.023959544863067898,3101.784791864415,0.08276276890238028,82.81971930584834,8.142370651387067,1158.8154860077886,0.0999478419435389,0.009989571109170632,outer_race,14mil,12000.0
CWRU,DE,89,0.07872972094872749,0.15373365402416597,0.08111723301012022,0.7215944951748867,0.043554617775560106,4.974978432301598,3.395736880142963,4.232129458130265,-0.10259392323061656,0.015495817505613768,0.6442217964071855,0.333194371257485,3421.875,0.09812137483498348,0.06697403331321332,1.246306650812147,-0.05980743011595554,3132.882318543697,0.09693835788185148,118.34759227403589,9.48535877584984,1131.7564950463025,0.09689006058074298,0.009387683839340046,outer_race,14mil,12000.0
CWRU,DE,90,0.07872357562219306,0.13319110205759732,0.06586611575981409,0.7600185514775302,0.04092423068261583,4.903717617254785,3.3106612510234346,4.144788549953946,-0.18237436678611774,0.01546524946201347,0.6180761676646707,0.3262925748502994,3410.15625,0.09855812785117522,0.06653983779615873,1.2519518717514981,0.06591333673677907,3198.7139567577437,0.08608771768007527,124.5659418705352,9.96753876500414,1065.3316202874564,0.09733720062035014,0.009474530624606294,outer_race,14mil,12000.0
CWRU,DE,91,0.07910066078779936,0.1679940211722782,0.06081983020035547,0.7202927155671258,0.050893433030871404,5.2194978513601935,3.506070850642618,4.39962107352477,-0.19429591742838692,0.014917601749625746,0.6337473053892215,0.3480129341317365,3410.15625,0.09926009740161132,0.06667555846220817,1.254858005142245,0.13280495612354848,3123.7383272727025,0.09533994147706949,73.82633191397288,7.459840067825973,1179.9053226649098,0.09813272692744725,0.00963003209421693,outer_race,14mil,12000.0
CWRU,DE,92,0.07834944417805009,0.17940053632185943,0.07925651597833676,0.6859626489645951,0.055380298725487345,5.259882211163035,3.5411020582232116,4.441804760489082,-0.11199346222768103,0.014850578043132482,0.6143410778443112,0.3480129341317365,3410.15625,0.09827814290852604,0.06616363640104897,1.2543566063492133,0.0884631703872174,3078.6010749224406,0.09329360343989468,72.195254206621,7.343411615283325,1228.2827621172657,0.09714964593519372,0.009438053705333502,outer_race,14mil,12000.0
CWRU,DE,93,0.0799599162027507,0.18116735482893884,0.08471296488121914,0.6787317951284897,0.05538788512200134,4.774664434993851,3.2147467133923104,4.030435607210993,-0.09352092538504708,0.01494014122146332,0.6087384431137725,0.3222732934131737,3421.875,0.10024842457124714,0.06749653254189134,1.2537334871268724,0.04916367391541986,3065.8024412436394,0.09806772819942242,32.55116301210668,5.091042703799628,1232.8994550728544,0.09912889997018912,0.009826538809299758,outer_race,14mil,12000.0
CWRU,DE,94,0.07696240433196103,0.1606129011762306,0.07273315510269615,0.7197216634793911,0.046932280221986575,5.4006600128151465,3.6078071623383856,4.5461219939644915,-0.03421614464388245,0.014685784173839818,0.6363456287425149,0.3498804790419161,3410.15625,0.09697870847818332,0.0647847630126114,1.2600789868763222,0.06841584727853632,3105.2124057986507,0.09300386134002367,63.40590909986503,7.056924955928057,1154.7863564429158,0.0958603027394336,0.009189197641295862,outer_race,14mil,12000.0
CWRU,DE,95,0.07570211680155309,0.1430759463921923,0.07325041982987947,0.7297289752958497,0.053944658468077014,5.438132584679983,3.7153231903462034,4.621805754244616,-0.21842369258267835,0.014734490842533681,0.6285506586826346,0.3498804790419161,3421.875,0.09417228626328826,0.06433835026891045,1.243984848008322,0.03890975079944657,3170.5629674692645,0.09296986291523833,35.19804982221544,5.319816585582403,1125.2816555149896,0.09301244153158222,0.008651314279666002,outer_race,14mil,12000.0
CWRU,DE,96,0.07846602696949845,0.14032011210118553,0.076544356869215,0.7428093614100292,0.040326169603736105,4.837144356358305,3.374076722003073,4.145457815990379,-0.35984666330008475,0.014586467767589817,0.5914433532934131,0.3252776047904192,3410.15625,0.09640492246937203,0.06724579231604902,1.2286199033225786,0.0013207762562967025,3148.026509970975,0.09128075394630006,76.10361573331197,7.687519622911727,1089.6756171712682,0.0952950367773196,0.009081144034390694,outer_race,14mil,12000.0
CWRU,DE,97,0.08643471153396327,0.11111553213465691,0.07227029986615095,0.7750786617566339,0.04153550623075885,7.508204141950401,4.991227545283591,6.369667342096728,1.5132297046807537,0.014230574066710324,1.095639880239521,0.5505603592814372,3421.875,0.11030560203605294,0.0733278356411895,1.2761725015153194,-0.05157101097131587,3237.8911358956952,0.08176030040416166,86.65157375661792,8.226955382640364,1005.2493667981965,0.10938380411316823,0.011964816602267957,outer_race,14mil,12000.0
CWRU,DE,98,0.08648678822043408,0.1326635777772037,0.07121148837348805,0.7591151730253944,0.037009760807810745,7.566632333125848,4.937391843603217,6.365831945084963,1.508140569495641,0.014343112836826342,1.095639880239521,0.5505603592814372,3421.875,0.11150833815119045,0.07276161111610341,1.28931066172769,-0.07260557629388026,3166.3991582074245,0.08255437479919138,109.09702558604612,9.425467514382476,1056.6034964730452,0.1105820265295871,0.012228384591390303,outer_race,14mil,12000.0
CWRU,DE,99,0.0788633520654004,0.1555085492080046,0.06716874129892965,0.7300412881552311,0.047281421310849524,4.837110988741109,3.2683572602092306,4.091625235122288,-0.15150159971383914,0.014411801728574099,0.6285100598802393,0.3226792814371257,3410.15625,0.09872827715794714,0.06670909189146086,1.251890448126945,0.011128407166210285,3138.6374398701646,0.08632087016304449,63.712455937531786,7.290554329406994,1144.1129297348518,0.09767073605493458,0.009539572681512697,outer_race,14mil,12000.0
CWRU,DE,100,0.07956417699756732,0.12530320333677322,0.07338593256034033,0.7573852001927766,0.04392566387503426,4.68256812542641,3.203900279448404,3.9759836675385367,-0.284268411121543,0.014167475439745506,0.5957062275449101,0.316345868263473,3410.15625,0.09873773859089532,0.06755819878961515,1.2409823405062588,0.029771252312481226,3204.8472736105537,0.0860333412135137,105.02517079786854,9.480866128121496,1045.7769223871578,0.09771603584728654,0.009548423661708189,outer_race,14mil,12000.0
CWRU,DE,101,0.0791511515835516,0.11948028206457373,0.06342296296382406,0.762193860623992,0.05490289430855349,4.691715911507998,3.222468442264824,3.996731088991671,-0.21657582258698094,0.014065443195639966,0.5957062275449101,0.316345868263473,3410.15625,0.09816880255967315,0.06742647556462855,1.2402700478216873,-0.01770846030459902,3247.6842837196577,0.08392074695956424,98.85855885321082,9.082221050721097,1040.616934092605,0.0971559421945478,0.009439277103710314,outer_race,14mil,12000.0
CWRU,DE,102,0.07628255280454711,0.1587122463578234,0.07268307252347901,0.7225202049371874,0.04608447615290757,4.831746978613178,3.2591990856075177,4.095402853541045,0.03806747925420728,0.013991857866298647,0.6190505389221557,0.3124077844311377,3398.4375,0.09585415809998137,0.06465731459324178,1.256567256546606,0.020101776802839578,3128.5330662657593,0.09123251140566355,69.94670489041111,7.485055435120595,1145.7215523239352,0.0948274619427596,0.00899224753850552,outer_race,14mil,12000.0
CWRU,DE,103,0.076802427605726,0.15303888555141498,0.07768249957308278,0.7213590014926582,0.04791961337664248,4.830909739072857,3.215019544989103,4.067681115952722,0.06740308562100017,0.013854618848241015,0.6141786826347305,0.3124077844311377,3410.15625,0.09717134843489623,0.06466852027980441,1.265211940093045,0.05098151935925625,3143.3037955153927,0.07981340262933567,81.87809238616452,7.94225605053889,1139.3704418540206,0.09617858645886815,0.009250320493225977,outer_race,14mil,12000.0
CWRU,DE,104,0.08061025033916538,0.15205275597660983,0.07226535960890416,0.736773296891583,0.03890858751372611,4.84483044702664,3.2473348617065914,4.088071649143673,-0.01977613298744263,0.013769079867608527,0.6300122155688623,0.3295404790419162,3410.15625,0.10148028862928254,0.0680189910968218,1.2589005517574632,0.017270644571082856,3124.9310257632737,0.08027793395126684,76.6846558634769,7.899950786214856,1121.3043450849516,0.10054183915108132,0.01010866141988191,outer_race,14mil,12000.0
CWRU,DE,105,0.07839751649045654,0.12758951882106645,0.060757357025884744,0.7607879331805633,0.05086519096366543,4.969680143786503,3.350565440560525,4.203455591377461,-0.0060574352947120325,0.013659435348053885,0.6300122155688623,0.3295404790419162,3398.4375,0.09835369130614159,0.06631019894790098,1.2545511096402442,-0.02922403522052796,3214.2545207173366,0.07967790146090604,103.83468226626248,9.118304056399397,1070.2698945197067,0.09740055656676777,0.009486868419516127,outer_race,14mil,12000.0
CWRU,DE,106,0.07682332171594307,0.14321163903405323,0.06494017751451484,0.7504726829719949,0.04137550044876824,4.934262740427458,3.3637314694837404,4.194464485696741,-0.09184558250716401,0.013387732620696102,0.6058965269461077,0.3222326946107784,3398.4375,0.09579620059868635,0.06530513504492937,1.2469676975553878,0.003880451690949226,3166.8929189971045,0.08527841629561951,54.862007691473295,6.794867372218672,1105.0683270265129,0.09485610504559262,0.008997680664420502,outer_race,14mil,12000.0
CWRU,DE,107,0.07982858462761971,0.1484601604749011,0.06215235182657353,0.7516600289875406,0.03772745866639825,5.270999829411397,3.5528544946150276,4.462743423045788,0.08675556672595652,0.01308684950411676,0.6713823952095808,0.356254491017964,3410.15625,0.10027275013877715,0.06758764988572316,1.2561008140946546,-0.0020198676569705212,3139.011333800881,0.0824105539066405,79.5309239737814,8.203290707422488,1115.6605313063653,0.0994150833146069,0.009883358790450231,outer_race,14mil,12000.0
CWRU,DE,108,0.08126895004912046,0.18889705068916945,0.06114252510745505,0.7155662774925846,0.03439414668460176,5.178045534845137,3.5065187508094016,4.383648254378052,-0.042802810327060126,0.012738488784150445,0.6713823952095808,0.356254491017964,3421.875,0.101597771560677,0.06880095754673944,1.2501425390542071,-0.009443124003019216,3012.89893329373,0.08087331737212641,80.63705737578695,8.247362885720989,1211.9240449170866,0.1007960221913126,0.010159838089591582,outer_race,14mil,12000.0
CWRU,DE,109,0.08187184622941612,0.19581267001753155,0.06179054666173918,0.7082995395385229,0.03409724376847284,4.988332912509546,3.396580053868168,4.231859859002833,-0.1995433666619797,0.012905978667664667,0.6350870658682635,0.3464701796407186,3410.15625,0.10200559802679869,0.06945610602128303,1.2459178914930664,0.007691035379366203,2984.250217208112,0.07519498045034685,84.85511776478265,8.363666795325443,1227.2273794443772,0.10118585742797569,0.010238577743434622,outer_race,14mil,12000.0
CWRU,DE,110,0.0837999325177769,0.19929392022752773,0.07239246450610322,0.6838265997876827,0.04448701547371121,4.730892857878936,3.220254306627135,4.013374103500271,-0.2063937229467112,0.012806979439558379,0.6531129341317365,0.3363204790419161,3421.875,0.10443910543020905,0.07109027601033077,1.2462910445429518,0.013521633557885764,2991.999479331566,0.08420894075539155,62.637131704113926,7.184285467542533,1256.8900737582267,0.10365089493437599,0.010743508020697049,outer_race,14mil,12000.0
CWRU,DE,111,0.08350442160600668,0.16114281334616434,0.08036998219578698,0.7162345578312087,0.04225264662212521,4.730647362619347,3.2400917107310647,4.027576894415897,-0.22655213037388977,0.012207255040699846,0.6458051497005988,0.3363204790419161,3410.15625,0.10379967885724808,0.07109396521487839,1.2430441030655737,0.028151586284261766,3091.924074174964,0.07971917201179247,78.73399265280554,7.9147170644178315,1157.2748957715924,0.10307936871769803,0.010625356255239143,outer_race,14mil,12000.0
CWRU,DE,112,0.0799026457241766,0.1677081146421292,0.06012063801081754,0.7219804004542564,0.050190846882013376,4.537502087530174,3.0723575835153305,3.840245159868967,-0.19898767963872155,0.011891603316803888,0.6014306586826348,0.306845748502994,3421.875,0.09987305844520454,0.0676243762721913,1.2499343111862111,0.00037860979571678626,3110.006555568245,0.08858860791532348,82.083380279702,8.016727404230878,1187.6703571403486,0.09916258152022375,0.009833217573755021,outer_race,14mil,12000.0
CWRU,DE,113,0.07541518952329712,0.1807684115072122,0.06405081063424617,0.6936858623877159,0.0614949153859248,5.032761754494925,3.3925784301823234,4.250710576196927,-0.12051631119220607,0.011811654600954334,0.6092662275449101,0.3205681437125748,3410.15625,0.0944910044998862,0.06369626844073532,1.2529439373840758,0.01063480841861917,3094.5655025582028,0.09547061499404061,80.52329287187189,8.059128998973836,1234.3841560949486,0.09374985198380459,0.00878903474698527,outer_race,14mil,12000.0
CWRU,DE,114,0.07585951645537047,0.20317569577880604,0.07557078877768385,0.6749863426657047,0.04626717274573063,4.985887450972544,3.382035371103504,4.225813170074329,-0.11705264646122648,0.011735373257391461,0.6092662275449101,0.3205681437125748,3421.875,0.0947855680196445,0.06429510229919952,1.2494881650795726,0.00453759203349985,2995.2893760217,0.09596995261032355,79.60426139388302,7.726587842292505,1254.6269245073104,0.09405628591070538,0.008846584919316353,outer_race,14mil,12000.0
CWRU,DE,115,0.07864283396098423,0.2019530373930723,0.07504073051425682,0.6661197337597583,0.056886498327384204,4.884158805907144,3.300408863658404,4.137170368969975,-0.009151833854716074,0.011384455288641463,0.646820119760479,0.3253588023952096,3410.15625,0.09858136244203367,0.06661511538111835,1.2535326803067806,-0.01686636034203885,3007.2023391388852,0.09036412479325125,86.10662358016647,8.051448873776538,1274.628790155025,0.09792180144742298,0.009588679198708528,outer_race,14mil,12000.0
CWRU,DE,0,0.35693573136929263,0.06400549913439614,0.4868699832649294,0.44793913814034997,0.0011853793813027904,12.253444415419379,6.579411461372546,9.610200242873507,4.949124789567329,0.020532419048621506,6.174971457085829,3.430223852295409,2882.8125,0.5213572478988603,0.27993956115546703,1.460647399740022,0.30151602808700056,2827.0849728150256,0.027897551733537626,31.32073053711511,4.961206159413451,640.3545045162067,0.5209527806862014,0.2713917997046855,inner_race,21mil,12000.0
CWRU,DE,1,0.36014953579169784,0.05914029314848573,0.49855184426942856,0.4410813132312154,0.0012265492681523434,12.212514212028948,6.525935351066882,9.524443353105893,4.686095859673969,0.020077156526790166,6.174971457085829,3.430223852295409,2882.8125,0.5256294565858095,0.28087777772383227,1.459475590966252,0.33170589639087017,2835.92293786901,0.028508643282892474,37.94098560317012,5.223333369844247,620.2084690459651,0.5252458790095285,0.27588323341649224,inner_race,21mil,12000.0
CWRU,DE,2,0.36986213339921714,0.06698409733891496,0.49449061671504846,0.43719510970897496,0.0013301761819343293,9.268399578599016,5.032357681366477,7.226665880378813,2.8674664320134475,0.019975436285631858,4.791430239520958,2.6728700598802395,2882.8125,0.531136741288718,0.2883852856378752,1.4360397924689043,0.32814191988065095,2818.2669300411553,0.02958247585015569,58.324509064859626,6.307186081922919,649.828645788186,0.5307609818854409,0.2817072198919973,inner_race,21mil,12000.0
CWRU,DE,3,0.34971220625155935,0.061083291270462976,0.5342182774172275,0.4034341109317972,0.0012643203739791265,10.1957214514395,5.430286056804628,7.9078111498431705,3.52995969040587,0.02001251559381237,4.8876730538922155,2.7654580838323355,2882.8125,0.5092656362673513,0.27123711617699103,1.4562420961109377,0.3279273776704848,2820.8794235942028,0.0286453468401581,41.451593438592845,5.4105408506314,622.6775674558273,0.5088722703217357,0.25895098750239764,inner_race,21mil,12000.0
CWRU,DE,4,0.35905301935192113,0.06986397004562481,0.49818965175619856,0.43051112257833546,0.0014352556050119777,9.852592809258455,5.327908630997805,7.702088367962749,3.5810235747988504,0.01995778891435878,4.9286879241516965,2.7654580838323355,2882.8125,0.5190513342783102,0.2806832817888954,1.4456119467124402,0.33191703005252454,2810.579123449082,0.029573624727977414,45.62723704834152,5.700184602117678,659.4561817487237,0.518667498767509,0.26901597427774393,inner_race,21mil,12000.0
CWRU,DE,5,0.3468664189199725,0.057369887081465815,0.5246699811804026,0.4167683593757755,0.0011917723535340272,10.90161645523468,5.782432011533127,8.476104021420749,4.450608523576946,0.020060897151010483,5.287263473053892,2.940075848303393,2882.8125,0.5084497046293632,0.2696917342832808,1.4658372125284072,0.33407044778730677,2834.4721422081184,0.026632729409199283,35.038447105021646,5.097290300680785,610.9946713183606,0.5080537988669933,0.2581186625431833,inner_race,21mil,12000.0
CWRU,DE,6,0.3444804546668382,0.06405612059699665,0.5120482129960113,0.4225774343511509,0.0013182319546301367,11.104165229881106,5.729191938946035,8.534811796933056,4.818808639767851,0.0194856721615363,5.287263473053892,2.940075848303393,2882.8125,0.5131746116441442,0.2647723432997649,1.4897060332217031,0.35589020324786114,2818.542594307925,0.027932072274266962,34.72780073937421,5.162621833052867,640.4435174276807,0.5128045345124509,0.2629684906165315,inner_race,21mil,12000.0
CWRU,DE,7,0.35858764429149514,0.06077689017270524,0.5202635684286574,0.41774866637723296,0.0012108749170091592,10.96424264404048,5.829710080291093,8.52406127916525,4.136150699940168,0.01927945568823291,5.531322255489023,3.056623053892216,2882.8125,0.5243181928078987,0.278781047914296,1.4621758478149949,0.34948370520372934,2830.56651196409,0.027255004350022365,44.518865450773475,5.75221348567431,624.6524417715692,0.5239636150513758,0.2745378698977063,inner_race,21mil,12000.0
CWRU,DE,8,0.34882805312227105,0.06863242279651209,0.510650568435848,0.41946133268837604,0.0012556760016889882,11.270349817364252,6.007021556107926,8.762549418067618,4.350376283184783,0.01960067750241704,5.531322255489023,3.056623053892216,2882.8125,0.508841698892232,0.2712092440274454,1.4587178248358168,0.35394653981650503,2811.868272144128,0.02858535459281005,46.24172460674113,5.873431044949455,655.2128094230274,0.5084640478666895,0.2585356879729791,inner_race,21mil,12000.0
CWRU,DE,9,0.349132817275605,0.05870199298702509,0.5287722807941797,0.4114417249841976,0.0010840011815165464,10.51176844893864,5.446867188217521,8.101219812785601,4.682589758056619,0.01923960038906562,5.137823153692614,2.8284016966067864,2882.8125,0.5192712799616428,0.2690700152258745,1.4873173023770225,0.32842906313964515,2830.8024334157417,0.027480850121537,34.045883913548025,5.125285063658767,615.2988075957351,0.5189147328510454,0.26927249996987185,inner_race,21mil,12000.0
CWRU,DE,10,0.35037963379880865,0.05963870691813637,0.5289660169939105,0.4102669691171525,0.0011283069258337618,10.41491402077657,5.403401689410716,8.07239183950652,4.88547801604147,0.019465248799276448,5.271426047904191,2.8284016966067864,2882.8125,0.5234483496108997,0.2715722559940914,1.4939462774582062,0.3315228872043111,2826.703736236114,0.02718657303615958,36.99045355344528,5.278858031898644,616.6518293969774,0.5230863014833756,0.27361927879955694,inner_race,21mil,12000.0
CWRU,DE,11,0.3398027115690494,0.05972212571382433,0.5129701139068639,0.4260113409259864,0.0012964194214992214,10.366229491836094,5.464595640028102,8.038036818407804,4.031658746982873,0.02007358739552146,5.1743710578842315,2.731346706586826,2882.8125,0.4998259498982399,0.2634850703177943,1.470929845115945,0.35386321149164907,2832.2640609050645,0.02803724264615208,31.441688556150666,4.900977346587605,618.4862691163503,0.4994226980031566,0.24942303128075216,inner_race,21mil,12000.0
CWRU,DE,12,0.33674594892246756,0.0688809903297486,0.4903687078842616,0.4394746997967262,0.001275601941964366,9.757066094251156,5.183415283637145,7.552661144255522,3.521692278948505,0.019316138426272455,4.665543013972055,2.5433280439121755,2882.8125,0.49066646308291745,0.26066524704702976,1.4570820069342203,0.35791900684750205,2817.6631904951064,0.029213602120698897,24.181488861642556,4.508749001495268,656.8148596166081,0.49028610503521003,0.24038046479059702,inner_race,21mil,12000.0
CWRU,DE,13,0.3533967394312936,0.060212186788087964,0.4898517148987938,0.4488333657452862,0.0011027324766820228,9.263739367892352,4.947783669887032,7.19680676172917,3.4779689549985378,0.01949102585843937,4.665543013972055,2.5433280439121755,2882.8125,0.5140338005057211,0.2745465888998584,1.4545516218766872,0.3854885944153261,2843.910974461671,0.02632592301763412,30.634955284128054,5.042487317662993,623.3317480411865,0.5136641392713153,0.26385084797334113,inner_race,21mil,12000.0
CWRU,DE,14,0.3388773151451004,0.06516975452151291,0.504007425329254,0.42966671954339636,0.001156100527975399,9.789453484510837,5.16075187825549,7.587843708840222,4.057416517176133,0.0193801845040388,4.680974351297406,2.5713481037924155,2882.8125,0.49825067440785753,0.2626651332335231,1.4702981053615722,0.3637431815589506,2824.4478454952505,0.027879723088395897,21.76790155476614,4.3306755660109015,642.5598377571047,0.49787362151099573,0.24787814299647426,inner_race,21mil,12000.0
CWRU,DE,15,0.33699301212029065,0.06601911267925459,0.4946344895469071,0.43816569146580064,0.0011807062923701614,13.515197702379119,7.018483380099628,10.451254399725102,5.954782647502526,0.01868003992015968,6.446644211576846,3.521999700598802,2882.8125,0.5018177731367381,0.26059549983340713,1.4891043881871735,0.36668192042887193,2821.963242061827,0.029442796897659256,20.890299436308776,4.26441025644711,644.7225016681845,0.5014699727246847,0.25147213354449605,inner_race,21mil,12000.0
CWRU,DE,16,0.3432629843340662,0.059261777539162556,0.5219060241348896,0.4176007000208195,0.001231498258905603,13.358520924918833,6.910129180927715,10.260353901634685,5.2628471274479764,0.018611631570842686,6.446644211576846,3.521999700598802,2882.8125,0.5096865208134876,0.2636519207773148,1.484828088301699,0.352620819861238,2832.5707871190652,0.02736184659189114,21.397388460813477,4.319996877258843,619.7576202667957,0.5093465977791831,0.25943395666922897,inner_race,21mil,12000.0
CWRU,DE,17,0.3501648910674744,0.06074081588358738,0.5017713192965974,0.43626205796806666,0.0012258068433400866,9.953317873814736,5.256510902245863,7.694639820562899,3.8057333977240466,0.018254718443971432,4.862089520958083,2.694392714570858,2882.8125,0.5125819701847606,0.27070297047975195,1.4638302789927318,0.33169577589507565,2834.9149516032403,0.026283229897610377,25.600626945240666,4.688560279408905,625.1859037608464,0.512256811973274,0.2624070414130222,inner_race,21mil,12000.0
CWRU,DE,18,0.3566361226277912,0.06110002587444581,0.5028546327262141,0.4348669335357465,0.0011784078052512685,9.737194005160053,5.261661334931523,7.601704211546407,3.734918815703824,0.01817857697690556,4.878739121756487,2.7110423153692613,2882.8125,0.5152445478333971,0.2784213104856073,1.4447346052243284,0.316858109087877,2829.247711406633,0.02601090293314037,25.910713150170363,4.6214972716829665,625.8159876649579,0.5149237646595237,0.2651464834111366,inner_race,21mil,12000.0
CWRU,DE,19,0.3572276069930451,0.06374234919605867,0.49406414333039816,0.4410537593497939,0.001139747994880394,9.62105208833037,5.315744728821959,7.589117588613589,3.4148603287428143,0.0179122801272455,4.842191217564871,2.7110423153692613,2882.8125,0.5100023521953555,0.281782313460038,1.4276678011766453,0.30508836076883694,2828.4973213456715,0.02720024873743759,35.252042023453924,5.0214672567404355,639.6238692356088,0.5096876979734144,0.2597815494654385,inner_race,21mil,12000.0
CWRU,DE,20,0.3523180686478605,0.0678203969814694,0.5157952185472428,0.41521871639918284,0.0011656679465459928,11.352281725655924,5.969336596340901,8.797926189733829,4.520578540753078,0.018330265055825846,5.6088850299401205,3.0996683632734534,2882.8125,0.5192651332768696,0.27304364339974635,1.4738532578522718,0.3638740051541997,2809.3263736243125,0.02834424030948131,24.761575959893086,4.5428097258249585,652.1628620312046,0.5189414996124596,0.26930028002002837,inner_race,21mil,12000.0
CWRU,DE,21,0.3348582750514596,0.06655128972231479,0.4809462783313016,0.4511905758060779,0.0013118560911312444,12.053783231970721,6.170737824194323,9.256657500242781,5.598844043564952,0.018546792352794404,5.6088850299401205,3.0996683632734534,2941.40625,0.5023173000674613,0.25715315296628877,1.5000892541486912,0.3274073029153679,2828.2382684443523,0.029046643459656782,19.83578506999276,4.194884993664586,653.0600613907484,0.5019747866581412,0.2519786864404864,inner_race,21mil,12000.0
CWRU,DE,22,0.34752809620017777,0.06277007663032624,0.5268332694655089,0.40899385663525367,0.0014027972234442884,12.501531324352822,6.518379004117144,9.683389162471638,5.675207885312226,0.018415329351063492,6.0661399201596815,3.365249800399202,2882.8125,0.5162709621937662,0.26918700702239085,1.4855517232666904,0.3442513956897445,2820.445417090476,0.027468059681433392,25.954717950371553,4.660059717255342,630.9621552984102,0.5159424212539312,0.266196582049369,inner_race,21mil,12000.0
CWRU,DE,23,0.3390165112645802,0.05887440781447762,0.5323435346916627,0.40726864930747,0.0015134080934116887,12.865349944194527,6.6318075106599,9.9265070832283,5.751122887066643,0.01812147087660616,6.0661399201596815,3.365249800399202,2882.8125,0.5074408138339259,0.26157468043982485,1.4968026540686732,0.3592290822188024,2830.0866949812475,0.02923994362526132,24.499030279168377,4.4425349397104705,616.2507985843368,0.5071171381818065,0.25716779183770544,inner_race,21mil,12000.0
CWRU,DE,24,0.35655641202945665,0.0619988873420887,0.5067368028049429,0.42997382171754417,0.0012904880331712366,10.2131092576205,5.527506640183412,7.990635084731909,3.6079472716836634,0.017856958592580463,5.0777221556886225,2.8491121756487026,3269.53125,0.5154425604731909,0.2789661898038387,1.445612932717665,0.2942624508655386,2829.195362178519,0.028020830291684666,25.140720968863263,4.666116801515935,632.8378987327269,0.5151331499495854,0.265362162176982,inner_race,21mil,12000.0
CWRU,DE,25,0.35840046318495816,0.06315951296974444,0.5145624458796392,0.42101497843431085,0.0012630626864627886,10.237659703055227,5.503129189786446,7.949521466378166,3.1547896103896544,0.01786409685511789,5.0777221556886225,2.8491121756487026,2882.8125,0.5177258387712438,0.2782972142352457,1.444545674328728,0.27209269233469463,2826.9058036784418,0.026868762807055736,30.310514362918752,5.04942573704839,637.0049942561034,0.5174175472236509,0.2677209181749389,inner_race,21mil,12000.0
CWRU,DE,26,0.3582426282688529,0.059106952992566596,0.523492247414699,0.41605295300344075,0.0013478465497269757,11.6462622301512,6.253470379511752,9.061640943042722,4.059765291743359,0.017057869758529815,5.978018862275448,3.2462660678642714,2882.8125,0.5191143270623004,0.2787388780805536,1.4490579459257344,0.2593306279444031,2831.769167438122,0.027336287840800264,30.142179925341345,5.048176934097027,619.6612215974448,0.518833994299377,0.26918871364064606,inner_race,21mil,12000.0
CWRU,DE,27,0.3600959988226672,0.06055580316027754,0.5125476168313894,0.4254632331925082,0.001433346781851467,11.501299766530229,6.284338836975901,9.015001773076982,3.916725874644678,0.01717584937546782,5.978018862275448,3.2462660678642714,2882.8125,0.5165644552397199,0.28225210487176283,1.4345187309179384,0.27874297663765335,2830.083811171561,0.027998403259425944,29.465954866733803,5.042338342241961,624.6422751251044,0.5162788264255468,0.2665438266153398,inner_race,21mil,12000.0
CWRU,DE,28,0.3541335667532123,0.061003683632101346,0.5291230621558151,0.40852544764456256,0.0013478065221119928,12.583965540546838,6.767187625385855,9.82270146059703,4.4498645805912975,0.017669975771114028,6.295579540918164,3.4785483033932136,2882.8125,0.5140316030760078,0.27642703662728346,1.451519006765673,0.2609611518860477,2821.9650744326623,0.02688171351976872,32.11060060983032,5.24848488491499,622.835436724076,0.5137278081991851,0.2639162609171387,inner_race,21mil,12000.0
CWRU,DE,29,0.3625089298453873,0.05773807442803799,0.5233501153108492,0.41758886118699556,0.001322949043109616,12.337309341730784,6.585092806589077,9.595758937240083,4.30086038206593,0.017237912602529316,6.295579540918164,3.4785483033932136,2882.8125,0.5282459041294848,0.2819535611080992,1.457194183753723,0.310643542385443,2833.6461982653386,0.026454767178263613,39.78184927285027,5.577903028214094,611.5233610592777,0.5279645722950399,0.27874658959868437,inner_race,21mil,12000.0
CWRU,DE,30,0.3502798964083551,0.06381302696328504,0.5116437479796652,0.4234280826401978,0.0011151423242143957,11.225350054482021,6.0058964653417215,8.735504914389486,4.136446249493969,0.01720023843913735,5.691320858283433,3.059871756487026,2882.8125,0.5094779395789878,0.27258586517444866,1.4544880959569548,0.2523066147087284,2829.1461508894017,0.026874488167790322,38.19715134904399,5.477935034926149,640.0348521382759,0.509187512332429,0.25927192271528754,inner_race,21mil,12000.0
CWRU,DE,31,0.3584155328503149,0.06350037688415565,0.5086060461958561,0.42671980626664363,0.001173770502443805,11.061127101722931,5.782025406847134,8.537218608114623,4.75496758309505,0.017925168656826966,5.691320858283433,3.059871756487026,2882.8125,0.5292041354338386,0.2766329080524178,1.4765100475007877,0.2818784778076775,2819.3824454448154,0.0282353792226125,35.95967021968081,5.2388870144587285,636.0936640842339,0.5289004682252615,0.27973570528890085,inner_race,21mil,12000.0
CWRU,DE,32,0.34550122620969,0.06013428616379236,0.5037929688357509,0.4348576178645993,0.0012151271018259104,12.51179581358055,6.495061645215562,9.648518434133148,5.648654974090297,0.01712964895404503,6.150200099800399,3.3335749500998006,2882.8125,0.5132476229160046,0.2664345710055045,1.4855160676173889,0.3345839308881251,2835.8358440862526,0.027558394307830192,26.597524096946728,4.728745148835097,626.3408543023792,0.5129616920937082,0.2631296975556403,inner_race,21mil,12000.0
CWRU,DE,33,0.3498091676510261,0.06523024417533592,0.5026663999387326,0.4307022575958741,0.0014010982152986606,12.361293351962237,6.467614165079901,9.529695783803517,5.277889040062906,0.016531224611324224,6.150200099800399,3.3335749500998006,2882.8125,0.5154257605684828,0.2696784919816362,1.4734484062541147,0.3173576018024944,2817.3761652960675,0.029796844942878833,37.747277232595536,5.379408196198462,645.1623982343058,0.5151605897877368,0.26539043327044887,inner_race,21mil,12000.0
CWRU,DE,34,0.3544886953144492,0.0581451108343967,0.5104373038061453,0.43015789068364163,0.0012596945839184576,11.028553683907647,5.712254062173997,8.437044300366992,4.353803944958273,0.017062232030080463,5.465129940119761,2.990836826347305,2882.8125,0.5235825987069346,0.2711903040116126,1.4770078866478116,0.3021962114699201,2843.223994282499,0.027322147068410563,34.934038845679325,5.343959838087371,617.2673039460644,0.5233045173766977,0.2738476179068585,inner_race,21mil,12000.0
CWRU,DE,35,0.36600529049323227,0.05964769946046137,0.518755207851699,0.42040086539048926,0.0011962272737230891,10.05488608760935,5.364556773976565,7.805427731554067,3.793286125511254,0.016345034930139724,5.331120958083833,2.8568278443113773,2882.8125,0.532537535658087,0.28412334256395505,1.4549995573573111,0.29492937842439265,2829.834115324994,0.028372067383583947,42.130402174472,5.56044753221963,620.5778224922706,0.532286639619971,0.2833290667179209,inner_race,21mil,12000.0
CWRU,DE,36,0.36667311461062246,0.059944321340385735,0.512074890040736,0.42678339621960887,0.001197392387029366,13.050081070886343,6.935530375457275,10.157923710619928,5.614876831725855,0.016090436899638225,6.992020159680639,3.7246375249501,2882.8125,0.5370371584169619,0.28541106409365224,1.4646210398797643,0.3235948448522855,2832.259312328361,0.02693015619657221,36.53424107043195,5.352936156677866,621.5176064993034,0.5367960575124818,0.2881500073609437,inner_race,21mil,12000.0
CWRU,DE,37,0.3606839140566523,0.06383531980264098,0.5149912822315723,0.4198800448070868,0.001293353146890162,13.29211192823069,7.045257288815705,10.326597277540563,6.091259611768745,0.016353164618029565,6.992020159680639,3.7246375249501,2882.8125,0.5286730309853885,0.28021412587110867,1.4657516190265982,0.3057773133961675,2818.645340179035,0.029517410096047834,35.523572176616156,5.276971598109097,637.9603255244865,0.5284200485392784,0.2792277476982533,inner_race,21mil,12000.0
CWRU,DE,38,0.35656216229650073,0.06495377076022725,0.5198905082343379,0.4140893330031479,0.0010663879892918472,13.540281017793456,7.138490995243123,10.50747012339912,6.497363752607516,0.016747950193363274,7.118313473053892,3.7465662674650697,2882.8125,0.524840091548994,0.2766978220423682,1.4719455596989597,0.3215317191102229,2816.295846192735,0.027597319934307484,41.18745723798188,5.684814130447014,641.3716572162231,0.5245728051104794,0.27517662786147706,inner_race,21mil,12000.0
CWRU,DE,39,0.3748724005602077,0.06022174274076653,0.529878907711271,0.4087614170356776,0.0011379324346950858,12.806163519392786,6.804883757155983,9.994244073093183,6.082857648261712,0.016493947018073225,7.118313473053892,3.7465662674650697,2882.8125,0.5505702082750787,0.2925596148910268,1.468686965090812,0.2621399585104214,2827.3048823068484,0.02716423540214211,37.69683657104863,5.431517059444376,621.436673006801,0.5503230905130445,0.30285550395182853,inner_race,21mil,12000.0
CWRU,DE,40,0.382486745551865,0.05894035108881819,0.5253712004674053,0.4147156347637336,0.000972813647735311,11.866186696434095,6.261297757262508,9.241074270570781,5.858635063685146,0.01573629976375374,6.720753493013973,3.534588423153693,2882.8125,0.5645137094868085,0.29787062293701067,1.4759039785086112,0.3183090661185339,2831.4012251376653,0.025140961426752366,34.414965048060346,5.3540080660968785,616.7349914627582,0.5642943354919506,0.3184280970683021,inner_race,21mil,12000.0
CWRU,DE,41,0.352094601373425,0.06979640689683306,0.49633753933194197,0.4326389197519901,0.001227133995570205,12.869427737291455,6.735581074831806,10.038746431686903,7.395620092263773,0.015095244130878864,6.720753493013973,3.534588423153693,2882.8125,0.5247636965370437,0.2746500073901184,1.4904054038036472,0.304007030243348,2810.508285461496,0.029455190776403902,28.703517583276522,4.84649135157257,662.9462052892869,0.5245465382669602,0.27514907080785156,inner_race,21mil,12000.0
CWRU,DE,42,0.3612375259734437,0.057302956010262814,0.5234763448468925,0.41827208994906984,0.00094860909720222,13.188493754295894,6.832086831382733,10.24669435709232,7.612987377344908,0.014479767272096428,7.028568063872257,3.701490518962076,2882.8125,0.5417803681826068,0.2806605961167012,1.4997898314208795,0.32600941183135046,2833.7440933037096,0.02456924545399618,30.069472752898626,4.855093864397936,609.0891387031091,0.5415868385474549,0.29331630368782696,inner_race,21mil,12000.0
CWRU,DE,43,0.36050050036645453,0.06724522133703036,0.5172101460486844,0.414162671080373,0.0013819613328705934,13.41182972147473,6.802400044897944,10.267643221575149,6.855872466904998,0.014978057654222802,7.028568063872257,3.701490518962076,2882.8125,0.5441447863299856,0.27598699027883794,1.5094147879874058,0.32786882200086515,2808.2483775180385,0.029175832914161356,47.769200292330986,5.794562250066026,650.14683698562,0.5439386052478832,0.2958692062790125,inner_race,21mil,12000.0
CWRU,DE,44,0.37627883656515093,0.05773580464557257,0.5234733552309182,0.41790620355868857,0.0008846363841285072,10.244914328807582,5.4508444230892925,7.958171775222826,3.8706983254437732,0.015276278400230787,5.506144810379242,2.994491616766467,2882.8125,0.5493628847820471,0.29229054735443544,1.459988793940388,0.23710916541046145,2835.0817855146865,0.024054306113389733,51.37433997514996,5.991892620879624,609.2224554855061,0.5491504479596565,0.30156621449429144,inner_race,21mil,12000.0
CWRU,DE,45,0.3835725545978355,0.06600960988705895,0.4922303279757021,0.4404876008952797,0.001272461068637526,10.221814048965376,5.535985403028385,7.999528548166149,3.670497877210665,0.01485313805981786,5.580052794411179,3.068399600798404,2882.8125,0.5542643951192281,0.3001815124106057,1.4450053542030867,0.23499223814631823,2822.652034747463,0.028481415854505723,37.24961493237859,5.311810194892853,647.6845563896238,0.5540653427048653,0.30698840398665983,inner_race,21mil,12000.0
CWRU,DE,46,0.3659884362622411,0.05946659087373703,0.5127265304042969,0.42678607437069993,0.0010208042903682157,10.76719636086947,5.713575525929356,8.38387035430761,4.4921482525835605,0.014570978404519085,5.463099500998005,3.068399600798404,2882.8125,0.5370366746485434,0.28497665482814927,1.4673596798116906,0.2480989621998431,2833.419078237208,0.025417499375297622,31.583969931693325,5.0134723002067645,621.4640970515609,0.5368389670151567,0.2881960765059005,inner_race,21mil,12000.0
CWRU,DE,47,0.37036260491711886,0.06612069431633215,0.5163570752551766,0.4162109199907846,0.0013113103904828366,12.215527099491087,6.290502574540424,9.442714509732957,5.714637302604043,0.014742693275558261,6.496999101796407,3.497228343313373,2882.8125,0.5559537257750627,0.2862936912038017,1.5011065328787072,0.3311632537144736,2812.1301889680185,0.02848105711419151,42.4350991976498,5.65304305532272,647.7334140009838,0.5557582191908245,0.30886719819815645,inner_race,21mil,12000.0
CWRU,DE,48,0.3671904403595153,0.054997532221557836,0.5250826529936855,0.4189574709994928,0.0009623437502751625,12.214869464204106,6.502743388551378,9.524290283508593,4.7755758881248225,0.01318020692014409,6.496999101796407,3.497228343313373,2882.8125,0.5378081425557304,0.28630910494476125,1.4646572553173325,0.27831109540173554,2844.941859515376,0.024013985323265784,33.37668460184452,5.220367757228715,599.4332342013146,0.5376466128832088,0.289063880344787,inner_race,21mil,12000.0
CWRU,DE,49,0.3685730821560005,0.06483165558213354,0.5018356777430523,0.4320307569569192,0.0013019096842048286,11.292884426490822,6.211349036539138,8.88588576310359,3.5830589006472575,0.012639483532934134,5.855380339321357,3.275098303393214,2882.8125,0.5272764876240227,0.2900143293515425,1.4305887031675584,0.220368048620334,2825.598156612628,0.02728649857074952,32.08586401307442,5.1593836425727035,644.7406825977095,0.5271249736610351,0.2778607378571469,inner_race,21mil,12000.0
CWRU,DE,50,0.36940468974161045,0.057098972815860426,0.5113551833888905,0.43037668951069336,0.001169154205452281,11.363421003646444,6.065591956654574,8.86588176691548,4.85112831847648,0.013262098654253995,6.048678143712575,3.275098303393214,2882.8125,0.5399470203069128,0.2882141128399852,1.461668016950712,0.262873785172055,2842.810170799926,0.026094350136621296,32.90543191981833,5.230084862476369,611.9525202270911,0.5397841248847529,0.29136690147759853,inner_race,21mil,12000.0
CWRU,DE,51,0.3903455760354291,0.05544556153776807,0.5339839386196144,0.40922710773521975,0.0013433920498796144,10.852739745214423,5.816089804959515,8.47452006697118,4.300132146064576,0.012942859690774699,6.081571257485029,3.3079914171656686,2882.8125,0.5687655328748307,0.3048070344287346,1.4570820518872938,0.27933641598965325,2838.4424298365666,0.026448745204989743,44.5202533992297,5.713629739613882,600.0604788033976,0.5686182495923033,0.32332671376941496,inner_race,21mil,12000.0
CWRU,DE,52,0.368784255756066,0.057766398302295026,0.49186015042327513,0.4492188626510873,0.001154588601024261,11.485054534152258,6.155871139888229,8.969990897208351,4.473889468564071,0.012670614289000124,5.988983233532934,3.3079914171656686,2882.8125,0.5373717776076987,0.2880257474902656,1.4571440326431553,0.27428353598527966,2847.9888482531155,0.026017770140893022,32.12073114670652,4.972158117132128,614.3106781633794,0.5372223775149332,0.2886078829027974,inner_race,21mil,12000.0
CWRU,DE,53,0.35265376527218995,0.0641946589127332,0.49943535572011344,0.43507951856212596,0.0012904667812313282,12.38822259599477,6.495527865330103,9.602524347504863,5.311242694803948,0.014112939891700975,6.061266866267465,3.386366367265469,2882.8125,0.5213381325542776,0.27335369065456677,1.4783285587547645,0.2786559312439621,2828.0768285438685,0.027379384678091957,32.31810132870183,4.9546561407051115,639.6992177482396,0.5211470746178998,0.27159427338279485,inner_race,21mil,12000.0
CWRU,DE,54,0.356347617850237,0.05798201538888748,0.5091718611321068,0.43162007695158155,0.001226046507177752,12.37541691815997,6.346436674225083,9.502985842011899,5.3455414836775095,0.014369719057977794,6.061266866267465,3.386366367265469,2882.8125,0.5335854655288046,0.2736365481389348,1.497373460071945,0.28497990245608934,2844.162229097286,0.025883808134655597,45.87693248501233,5.828812255064405,615.9316925195338,0.5333919386321713,0.28450696019778593,inner_race,21mil,12000.0
CWRU,DE,55,0.366821630128415,0.05289624651155414,0.5244826111410144,0.4213995092269918,0.0012216331085820918,10.664172642862734,5.585635204581577,8.26408630189338,4.746700465959375,0.013387216533729415,5.591829341317364,3.031445608782435,2882.8125,0.5427217313253672,0.2842644910490366,1.4795248882552916,0.2291872626002735,2851.0678973220606,0.025465639727395212,47.58625420919505,5.92917462680563,591.8508550580245,0.5425565962056705,0.29436766008628307,inner_race,21mil,12000.0
CWRU,DE,56,0.37621340249189117,0.05426962530850777,0.5225874323590382,0.4219550405983554,0.0011879016837810256,10.298834663771654,5.542510981809042,8.057782069174886,4.2100189413283555,0.013369569162456338,5.591829341317364,3.031445608782435,2882.8125,0.5469444478742358,0.2943484100629551,1.4538143624110376,0.2635111541160668,2847.5699041308367,0.02621039328761616,41.921799259297465,5.720826515828314,596.6332549606341,0.546781019861574,0.29896948368086296,inner_race,21mil,12000.0
CWRU,DE,57,0.3657746849562593,0.055187846568861665,0.5235415443281571,0.4200319603503259,0.0012386487423848406,11.289391837507939,6.065231410283006,8.865051111541176,5.080496501860576,0.012605973356022333,5.861877744510978,3.2426112774451097,2882.8125,0.5346228458732143,0.28722639129876243,1.4616179518742431,0.30664571068849933,2845.106510364709,0.0264714036216048,48.16670469033753,5.768154757390213,598.9808927079088,0.5344742058933453,0.285662676765322,inner_race,21mil,12000.0
CWRU,DE,58,0.36880547225860777,0.05635130844454846,0.5314435979636559,0.4108492652420449,0.0013558283394072476,11.249709201802776,5.940464226619267,8.792199469240463,5.510223683402517,0.013818883132173157,5.861877744510978,3.2426112774451097,2882.8125,0.5458514947224062,0.28823956417695473,1.4800525908131135,0.3267325564035756,2837.2795009574247,0.027479982316839013,47.05091632696416,5.894406971941395,603.6607930894635,0.5456765459131118,0.2977628927596644,inner_race,21mil,12000.0
CWRU,DE,59,0.3575210688973615,0.05480816641511852,0.516765140521562,0.4269645774540711,0.0014621155862155296,11.612216332640168,6.228140320417355,9.073114350778065,5.161335996145112,0.013156214426615517,5.91223263473054,3.243829540918164,2882.8125,0.520834370138403,0.2793462891145297,1.456793502393354,0.32058623767690403,2850.5482576447002,0.027266554289464603,43.81123373904507,5.61598044052933,600.4357382811671,0.520668181416368,0.27109535513942784,inner_race,21mil,12000.0
CWRU,DE,60,0.3723420847757609,0.05560563961181207,0.5189137922074966,0.4240785220611107,0.0014020460068609678,11.086458757781275,6.07769428208088,8.711960515749183,4.105279221283809,0.012240930541261224,5.91223263473054,3.243829540918164,2882.8125,0.5337270007940482,0.2925938400881536,1.4334318429663402,0.2826916091974722,2840.402350171571,0.027119472125650353,42.83819956651323,5.66992032742975,603.7508610596162,0.5335866105854737,0.28471467099609404,inner_race,21mil,12000.0
CWRU,DE,61,0.3607864274380925,0.0523115246278675,0.5020349686772083,0.44410047819734666,0.0015530284024312788,11.016203192976704,6.068687002974477,8.663457786444221,3.478207878355186,0.012624413867577348,5.567057984031935,3.125657984031936,2882.8125,0.5150468268506747,0.28373278245490924,1.4275670803582317,0.3031031358191671,2857.8743629542078,0.026699383098406946,34.418322856157936,5.1646222726564925,591.060940473533,0.5148920838617049,0.265113858023449,inner_race,21mil,12000.0
CWRU,DE,62,0.3550783951140687,0.06594816725332221,0.508829122929578,0.4237873595846654,0.0014353501770169967,11.64998268558272,6.432133680222422,9.195000745498946,4.0114406964998235,0.01295059280852358,5.851319461077844,3.264946107784431,2882.8125,0.507599230691289,0.2802533013053248,1.4295413003886734,0.30876824727568536,2817.5240213865,0.02837163929158309,38.010073937197795,5.420500214054094,644.85548717907,0.5074339968353483,0.25748926114429627,inner_race,21mil,12000.0
CWRU,DE,63,0.36049950894110216,0.05467034293469655,0.5016892997325415,0.44231100865674966,0.0013293486505647108,11.492794379777882,6.303011955317468,9.056728308381281,4.243803255123172,0.013919810233049524,5.851319461077844,3.264946107784431,2882.8125,0.5179977653429634,0.2840863587996718,1.4368889623857797,0.31134276460944815,2850.5834846708262,0.026227304093383957,47.482117267750205,5.728719737716992,596.9419677536138,0.5178107026543384,0.2681279237833796,inner_race,21mil,12000.0
CWRU,DE,64,0.35714551697386476,0.06316479968974938,0.4863780873285404,0.4492586456288889,0.0011984672931446819,10.040250899306034,5.550831058346864,7.900136133584133,3.410757095552598,0.013137575629990017,5.113457884231536,2.8214982035928142,2882.8125,0.5083019414453421,0.2810186948403681,1.4232348364673404,0.3036009461935256,2832.5527300941203,0.02711620642517114,35.63448482692954,5.134740339555824,636.956263003947,0.5081321361453832,0.2581982677836703,inner_race,21mil,12000.0
CWRU,DE,65,0.34194220747957205,0.06660230627474686,0.4881460635840592,0.44399665826627766,0.0012549718446789998,10.507514862052101,5.768290527457964,8.251389099900377,3.5330591280376504,0.012143770856724048,5.01437245508982,2.8214982035928142,2882.8125,0.48913940623518215,0.26852193317210116,1.4304739091456085,0.31921378887550594,2823.735185827842,0.027607740296139303,31.22019675201765,4.840720205156516,646.389727599714,0.48898863745641974,0.2391098875614859,inner_race,21mil,12000.0
CWRU,DE,66,0.35047877633405056,0.06682201073517911,0.4860364007229611,0.4458738629723886,0.001267725524232027,12.366230228266776,6.831441254810729,9.783775282170238,4.330975544015446,0.01218620386180763,6.0299981037924155,3.429005588822355,2882.8125,0.5019446791564862,0.27728786586750753,1.432168545002193,0.33049911234947665,2821.752679363647,0.028957476532252866,39.505651837307376,5.296667659681306,649.2752348670485,0.5017967291333676,0.25179995736894634,inner_race,21mil,12000.0
CWRU,DE,67,0.3712931567529004,0.060668715644182136,0.5007769085814797,0.43736176169480295,0.0011926139875021613,11.759882898721123,6.378724741905262,9.235305112570106,3.9387206624605,0.012589912265313124,6.0299981037924155,3.429005588822355,2882.8125,0.5375691423546433,0.29158501137755855,1.4478293838105971,0.327152878326365,2831.0139203426716,0.026291218852187024,53.01442522795818,6.072974082520008,621.8133070993655,0.5374216937573868,0.28882207692105843,inner_race,21mil,12000.0
CWRU,DE,68,0.35988641150316547,0.06434969021778492,0.4967917605100873,0.43779110134184207,0.0010674478428704807,11.112909430867672,5.994986687610874,8.677225006129495,3.6700536418526344,0.012707495312110156,5.48056127744511,3.122815369261477,2882.8125,0.520904471016596,0.281007902447888,1.4474135570745612,0.2820753511413444,2827.138861218323,0.02766273887044288,30.669102542653796,4.783898413379974,637.9720375985819,0.5207494478998248,0.27117998748797234,inner_race,21mil,12000.0
CWRU,DE,69,0.35805445573696354,0.06013927495450756,0.48469789465231033,0.4541046548631082,0.0010581754889313893,11.116677640568536,6.039898135561496,8.72162130431797,3.977047020931476,0.012750126602264223,5.48056127744511,3.122815369261477,2882.8125,0.5170311318455979,0.280912649465094,1.4440013901835729,0.30438347692082346,2840.9056253717076,0.026096384828854045,37.65289810842569,5.199092338998675,621.0962005883576,0.5168738971636759,0.26715862556916625,inner_race,21mil,12000.0
CWRU,DE,70,0.346035009619433,0.06555863288004195,0.4834364109340712,0.44978087698139285,0.0012240791766398268,12.289283948297939,6.362738948968409,9.4693385455256,4.645915498505391,0.012612715048418786,5.745330538922156,3.276722654690619,2882.8125,0.5149861845615832,0.2666325123966595,1.4882487905716868,0.3112038950240402,2829.627460627631,0.028963975242632018,24.057558743073457,4.407600340388978,644.2671211964595,0.5148317100843774,0.2650516897084045,inner_race,21mil,12000.0
CWRU,DE,71,0.3639770325072511,0.05624900010888935,0.5256635571378517,0.4167526160178979,0.0013348267183460132,11.542119293766183,6.223138131887709,9.014826012938371,4.428525536144957,0.012747945466488896,5.885430838323353,3.2811896207584828,2882.8125,0.5272564341687167,0.28427964893159874,1.4485980902056306,0.3191826291644173,2833.838202480361,0.027667075401021524,44.89202259862315,5.620178499803152,600.2740511622424,0.5271023024600573,0.2778368372586937,inner_race,21mil,12000.0
CWRU,DE,72,0.3655004567037799,0.06646776968837391,0.5087988072361604,0.4232933314692835,0.0014400915655155885,11.425461136221095,6.329232335561821,8.97725176693206,3.1636145065808847,0.012882581029347553,5.885430838323353,3.2811896207584828,2882.8125,0.518418260982866,0.287182248632086,1.4183792426913941,0.292943673387267,2815.235083260697,0.02922455489454142,24.18732915040679,4.489878153005107,648.5138923592243,0.5182581715964749,0.26859153242652123,inner_race,21mil,12000.0
CWRU,DE,73,0.3516514342408932,0.06169497838401004,0.5026510451356286,0.4343280668143401,0.0013259095693280412,9.302109613223026,5.06486092479419,7.253312161960999,2.8863437724982584,0.013055089040668662,4.5778280439121755,2.550637624750499,2941.40625,0.5035948000594199,0.2741999106444356,1.4320851588349854,0.25076031741683436,2833.221161706279,0.026519028374814742,27.185353104683553,4.776372129328729,634.3006817848083,0.503425552884463,0.2534372872970273,inner_race,21mil,12000.0
CWRU,DE,74,0.36527579971892155,0.05804183164500246,0.5173764881773886,0.4230582319374991,0.001523448172362937,9.591060249556296,5.088673750723995,7.436357566463555,3.716545203093556,0.012371203832569237,4.94858622754491,2.7163214570858285,2882.8125,0.5337975256714702,0.28321388735009684,1.4613547518949395,0.2916827016260505,2840.6377388531173,0.028605785528232727,32.41505790485468,5.032100793545615,618.7622163616168,0.5336541499217606,0.2847867517287169,inner_race,21mil,12000.0
CWRU,DE,75,0.3510183100108377,0.0588025952027551,0.5302637963271744,0.40941909129019677,0.001514517158978798,10.107099027196886,5.358526576407319,7.85756305108088,4.016254460318635,0.011666102121928017,4.990413273453093,2.758148502994012,2882.8125,0.5147214376313203,0.27289220136976927,1.4663663488535064,0.3293900567003796,2834.3979575518697,0.02930431739436278,39.009063437859275,5.437617086747997,620.4064255932084,0.5145892152178607,0.2648020604185338,inner_race,21mil,12000.0
CWRU,DE,76,0.3636704837882828,0.0638543105066982,0.5055794878286664,0.4290720380397127,0.001494163524888095,12.943036095354078,7.088612749637239,10.211643009924874,4.822950854071795,0.012249853369433007,6.529892215568863,3.713673153692615,2882.8125,0.5238927960739093,0.2869244222401299,1.4405700199164435,0.34227138231859033,2826.490953410875,0.028968125636558716,29.874811356047978,4.99529063667846,641.7798006710169,0.5237495612127671,0.274313602870566,inner_race,21mil,12000.0
CWRU,DE,77,0.37352287237049336,0.05228993702289831,0.5229581799764498,0.42335920141535544,0.0013926815233273066,12.673007651135475,6.875964002896398,9.9422911644593,4.715588915519575,0.012431879064137348,6.529892215568863,3.713673153692615,2882.8125,0.5400949091833938,0.29303802664080913,1.4459486931972385,0.3255259440157362,2849.8019584382364,0.025497662302886383,35.780128983160196,5.192950831302579,587.1451815363674,0.5399518120246963,0.29154795930875305,inner_race,21mil,12000.0
CWRU,DE,78,0.3840986048898297,0.05595107286254422,0.5269027223298299,0.41579788602910817,0.00134831877719097,10.608700366315219,5.7575483563866765,8.319491529361112,3.7198534016078524,0.012189178137864895,5.6364990019960075,3.195505089820359,2882.8125,0.5550114201430337,0.3012155098627102,1.4449711950977449,0.30001996773624634,2840.0484792761254,0.026196961829753763,39.37824859575398,5.348237899757054,604.3822650488802,0.5548775544437804,0.30788910042551043,inner_race,21mil,12000.0
CWRU,DE,79,0.3664617427254865,0.0513255382135201,0.5277767986102309,0.4196941999222773,0.001203463227342473,9.866794381437323,5.260297064919138,7.694865584939801,4.229252010278887,0.012046611172186876,5.045641217564871,2.819873852295409,2882.8125,0.5360674154889685,0.28579432623026146,1.4628195879386303,0.3169607322537815,2850.4179509966243,0.02513057214735881,33.596684534503765,5.137338376562142,585.1078649855798,0.5359320415018013,0.2872231531082885,inner_race,21mil,12000.0
CWRU,DE,80,0.3605258808554765,0.06056328940281414,0.5145250474884299,0.42343938747110027,0.0014722755892249873,13.389103597749573,7.147556443400311,10.506838556390319,6.038344016626825,0.012188583282653443,6.778011876247505,3.7879872255489024,2882.8125,0.5299695435139287,0.2829156707836351,1.4699902882322526,0.3545759875641774,2834.4078196583914,0.028495558361103703,28.596531883886943,4.907801584077857,627.3370153573995,0.5298293645032557,0.28071915548992377,inner_race,21mil,12000.0
CWRU,DE,81,0.36001608993926204,0.054363985575064576,0.5221779440223244,0.42214968233544997,0.001308388029200578,13.47720571253083,7.114754702175995,10.52171647713848,6.164483160730821,0.01190563048707273,6.778011876247505,3.7879872255489024,2882.8125,0.532412905871565,0.28106621701462264,1.4788586420162162,0.336797128377715,2842.3650684810223,0.02735694304056116,42.85605436892507,5.5727760019222305,599.6529389633131,0.5322797744619922,0.2833217583013092,inner_race,21mil,12000.0
CWRU,DE,82,0.361370376970668,0.05818796593140969,0.501767123867047,0.4387519939517338,0.0012929162345989935,10.987583342796373,5.815963604132848,8.551692502355309,4.5102417294638375,0.012105105267979666,5.517109181636727,3.090328343313373,2882.8125,0.5313527651922327,0.28125641889573827,1.4703827404075294,0.3082139192930023,2844.71332797541,0.025628280661713788,40.43997844309828,5.547755906694938,617.7881953038161,0.5312148600179433,0.2821892275038831,inner_race,21mil,12000.0
CWRU,DE,83,0.38216552373768087,0.0560231956572567,0.5151005224795319,0.4275139683650012,0.0013623134798087088,11.086149948330235,5.99996071507693,8.683540231841167,3.892515213313584,0.011585796668381986,5.868781237524951,3.3185497005988025,2882.8125,0.5530952381504473,0.29934194612789206,1.4472661812636267,0.3186705931795298,2842.1499157443604,0.02641130900577155,43.69972604024502,5.662188821680224,604.1242897392391,0.5529738798354393,0.3057801117802589,inner_race,21mil,12000.0
CWRU,DE,84,0.3706199789386071,0.0568598859750589,0.4982386600768255,0.4434945680511506,0.0014068858826510378,11.560160137680779,6.069941967040072,8.954049671317145,4.739728626685609,0.011598685197963449,5.868781237524951,3.3185497005988025,2882.8125,0.5467185219592882,0.287067796732492,1.4751458448759225,0.33835059499965825,2848.435929083205,0.026464782664463046,48.174063743914076,5.920959864940985,611.6049832827185,0.5465954745101969,0.29876661275502725,inner_race,21mil,12000.0
CWRU,DE,85,0.38289937678354224,0.05244566516336274,0.529296132386506,0.41689387040055786,0.0013643320293380578,11.886239201574137,6.216691193408537,9.1823298663166,4.888279876031431,0.011968288569345686,6.181468862275449,3.515908383233533,2882.8125,0.5655594389120369,0.2957965361127773,1.4770445532267205,0.3341684794490978,2848.661410724874,0.02723646175322822,45.956716068092135,5.743601681441297,589.203671044102,0.5654327891192894,0.3197142390112188,inner_race,21mil,12000.0
CWRU,DE,86,0.3737748926950786,0.06085684424482791,0.5184002466704808,0.4193560911327138,0.0013868178608081425,12.150707156738692,6.462476892632625,9.406486235290748,4.520802932096152,0.011733717330963074,6.229387225548902,3.515908383233533,2882.8125,0.5440496641839835,0.2893583342829258,1.4555543318095825,0.33469911325462665,2833.1382377536975,0.02786701170390911,39.92284502595796,5.48536815578534,627.6845566107662,0.5439231167879356,0.29585235697630224,inner_race,21mil,12000.0
CWRU,DE,87,0.36892840900230783,0.05901241145529514,0.5365812283710255,0.40309986333482856,0.001306496736576973,12.454200582966228,6.539279323666008,9.641228939544105,5.074445086177475,0.0117793228971744,6.336594411177645,3.556923253493014,2882.8125,0.5439319957812958,0.28560028640921875,1.4743564944002272,0.34953078959372064,2828.1064687015273,0.02887922726304878,37.358162172237954,5.28627284726671,617.7846332013457,0.5438044350561217,0.2957232635867077,inner_race,21mil,12000.0
CWRU,DE,88,0.3646446583395708,0.06442207790283949,0.5171256993012305,0.4170996970046373,0.001352525733470078,12.567479604961786,6.6173792515642225,9.75449159104553,5.337105117792317,0.011818186770989272,6.336594411177645,3.556923253493014,2882.8125,0.5375123773739015,0.28302598176397276,1.4740717163429546,0.33573996546647356,2821.192320684184,0.028591884864827558,42.37296228013315,5.593535639643367,641.1985504814435,0.5373824395080188,0.28877988629158946,inner_race,21mil,12000.0
CWRU,DE,89,0.37506790963970493,0.05506541043824928,0.517534950121717,0.4261213416649002,0.0012782976384349953,11.008956792475777,5.838588369054914,8.542540835363846,4.466658506122839,0.012199092391389096,5.975988423153693,3.2040329341317366,2882.8125,0.5487684233938159,0.29103874186531253,1.4631175029635832,0.2880207888860543,2844.3656944990626,0.02774276552491309,47.06260703785301,5.776374765755965,600.1861982362024,0.5486328140559593,0.30099796465896084,inner_race,21mil,12000.0
CWRU,DE,90,0.36437241293779626,0.0672096289276744,0.4936132073981358,0.4379059533648101,0.0012712102536675907,10.583841047304876,5.616484014016466,8.224904074239547,4.332987206331379,0.011649842746148326,5.422490718562874,2.9969281437125748,2882.8125,0.5335950634299782,0.2831607287295502,1.4644222352834124,0.3164546165412771,2820.3042640058393,0.02741020354268676,37.154817225208745,5.308544076595481,652.0736196380676,0.5334678742725119,0.2845879728808325,inner_race,21mil,12000.0
CWRU,DE,91,0.3472094520919099,0.0699304399648056,0.47396006002546315,0.45488781856520905,0.0012216813914533973,12.181355808847025,6.5328841913887565,9.502804583732617,4.386113923780402,0.010844607074912669,5.990201497005989,3.299463572854292,2882.8125,0.5050546552169776,0.27086176815046903,1.4546109046688176,0.31829470648506736,2816.2393213738073,0.02948593435648716,38.65935024153539,5.378318132959846,664.854575690758,0.5049382133031038,0.2549625992537308,inner_race,21mil,12000.0
CWRU,DE,92,0.35975435364622316,0.06401205754059716,0.4831749193872391,0.45161384223940276,0.0011991808298787363,11.739286417313153,6.377360046441155,9.171434728761986,3.5383480735831965,0.010736541711498872,5.990201497005989,3.299463572854292,2882.8125,0.5173713807636651,0.28106168088617617,1.438124029688436,0.2562834942955982,2829.676370921077,0.026749903896908542,39.88404519099422,5.468618885673372,640.4500678401944,0.517259965883093,0.26755787230537853,inner_race,21mil,12000.0
CWRU,DE,93,0.37221954460220186,0.06242117036652651,0.4932024536814071,0.44314518149235077,0.0012311944536915291,11.26551660021938,6.171350652203269,8.835928518842485,3.2146742967420163,0.011475946739333831,5.79690369261477,3.288905289421158,2882.8125,0.5329311968761599,0.2919444714463526,1.4317657538529138,0.23587712389253088,2833.818316114545,0.027819369250836345,38.03347176624348,5.415940949629106,636.0864474039863,0.5328076231157848,0.2838839632502922,inner_race,21mil,12000.0
CWRU,DE,94,0.38054414671633296,0.06166182006332999,0.5026628897638394,0.4344238078496741,0.0012514821743583493,11.133497088534241,5.8768804661134935,8.642637964085647,4.075655314924477,0.011196166504880862,5.79690369261477,3.288905289421158,2882.8125,0.55963453883148,0.2954063097396608,1.4706165990476932,0.3237677261695371,2828.0130781684106,0.02776653175002914,40.485426169922356,5.416066445437931,631.5362046371652,0.5595225311895119,0.3130654629087183,inner_race,21mil,12000.0
CWRU,DE,95,0.3613743426720777,0.055671888413725244,0.5019762339317724,0.44118040188421015,0.0011714757363400872,11.033745342951516,5.801375873260424,8.563959705876382,4.538574097705998,0.011049038982581711,5.553250998003992,3.094795309381237,2882.8125,0.5334588513124447,0.2804845692182146,1.4761945946907522,0.2913236813237115,2845.4872527325765,0.02780736568878282,25.093492533927503,4.41760509301875,605.5750990329732,0.5333444147838754,0.2844562647811545,inner_race,21mil,12000.0
CWRU,DE,96,0.36866627613912795,0.06187289054784535,0.4975920446901687,0.43944307895956053,0.0010919857925081925,10.732405328838786,5.8322218872460505,8.394571214355711,3.5519608489231222,0.011192795658682635,5.553250998003992,3.094795309381237,2882.8125,0.5306374430213227,0.28835989832263303,1.4393435943706165,0.25542272027980406,2828.4140598604217,0.02770136643594752,29.189684017991688,4.850869199009717,630.1914193111728,0.5305193844352442,0.2814508172615504,inner_race,21mil,12000.0
CWRU,DE,97,0.36110903724777005,0.0630452014214204,0.4771930722454616,0.45869614603192205,0.0010655802083697737,9.74700988490571,5.296569787147031,7.615502418512148,3.1518441690290047,0.010684987593173028,4.925033133732535,2.750026746506986,2882.8125,0.5192090082869036,0.28214055171583413,1.4378178188064994,0.257629527041142,2836.835258915238,0.02802314060101862,31.717706799802855,4.987184599143609,636.8403298942428,0.5190990515560625,0.26946382532640367,inner_race,21mil,12000.0
CWRU,DE,98,0.36351522657809376,0.06473734131309306,0.49655077607841686,0.43753243762388555,0.0011794448105419957,11.090285914024276,5.985213356125966,8.656513732643285,3.744786239418776,0.010975871791573107,5.942283133732536,3.146774550898204,2882.8125,0.5257581248423546,0.28374151715231566,1.446316650313426,0.25999542201820547,2819.766380638493,0.02804198356231517,28.311277188420895,4.755801272102839,640.6310680060951,0.5256435446918035,0.276301136076164,inner_race,21mil,12000.0
CWRU,DE,99,0.3640006284306387,0.06429358435231322,0.4950821147015495,0.43947911517570093,0.0011451855973140376,11.086623982767254,5.9754905689262365,8.644970104764065,3.569276498276781,0.01076251705573229,5.942283133732536,3.146774550898204,2882.8125,0.5266135917379019,0.2838352374707995,1.4467381389102452,0.2789974117363607,2827.8936624440375,0.02881533684632599,33.80427939619817,4.94379865740499,644.0270155728311,0.5265036022951018,0.27720604322971876,inner_race,21mil,12000.0
CWRU,DE,100,0.35949717790980534,0.06207074402432097,0.5063853164527033,0.43040770715499843,0.0011362322217427267,9.822120000919963,5.287005100482273,7.6462588636052775,3.267499837062652,0.009672742308352049,4.903104391217565,2.7488084830339323,2882.8125,0.5199178799322872,0.2798589798105167,1.4462363319656713,0.2357567082867838,2826.500698845066,0.029001348543861355,33.504038349865944,5.044741115649378,633.1203254013608,0.519827894528103,0.2702210399295205,inner_race,21mil,12000.0
CWRU,DE,101,0.3590518296414982,0.06042158203060503,0.49607711658245857,0.44228431798415435,0.0012169833773042686,11.832543631269834,6.3104955012901724,9.213130651551317,4.364483515370905,0.0097825922374002,5.964211876247505,3.3079914171656686,2882.8125,0.5242047025450465,0.2795672274914455,1.4599694508406995,0.2862541616566107,2833.058069163062,0.02870821503024437,42.84289577042674,5.554417297346805,625.7962072312409,0.5241134143097822,0.2746948710594574,inner_race,21mil,12000.0
CWRU,DE,102,0.3562375696361184,0.057593517828689766,0.5024233214179501,0.438788843277727,0.0011943174654830751,11.887519799252322,6.337540607821355,9.285913949347458,4.809241505462925,0.011070453770193988,5.964211876247505,3.3079914171656686,2882.8125,0.5219676877625327,0.27827431398883795,1.4652235818240635,0.27905132493236434,2838.857535598402,0.027871252317835157,40.71239790637747,5.374940435590063,612.6709116731772,0.5218502774948834,0.2723277121214869,inner_race,21mil,12000.0
CWRU,DE,103,0.3617917327454466,0.06001157038887728,0.4877236297944635,0.4510033426555499,0.001261457140783157,11.391108286149887,5.985719744063745,8.816729547890938,4.50117273975361,0.010857693889564621,5.764416666666666,3.189819860279441,2882.8125,0.5329049799638382,0.2800271738403057,1.4729606337875756,0.2778385468897435,2842.027394339332,0.027688251240743453,51.76561632847117,5.977342978056685,623.5918594020359,0.5327943582224379,0.28386982815365946,inner_race,21mil,12000.0
CWRU,DE,104,0.3531449173917789,0.059221781754189906,0.49998644527438924,0.4396736421405838,0.0011181307360251906,11.642485307294296,6.1995724710713525,9.032608720064504,4.130636892733306,0.010411949051116517,5.764416666666666,3.189819860279441,2882.8125,0.5145225537992955,0.27398100801389397,1.4569728416294443,0.28630949944068873,2840.529836378113,0.027272655696684994,45.82630424889562,5.611982299690395,619.2201046233416,0.5144171941966034,0.2646250496851059,inner_race,21mil,12000.0
CWRU,DE,105,0.3683099578674681,0.0655389739439913,0.48626197559319395,0.44689695502767374,0.0013020953652327057,9.240819719125163,5.172776393885951,7.29130104975728,2.5572769709366963,0.010497409916495138,4.785338922155688,2.6854587824351297,2882.8125,0.5191523038980096,0.29060828628408353,1.4095527226684983,0.26494050876312125,2826.333117439478,0.029932966805939622,44.882273119215746,5.464962291743912,644.9979306096776,0.5190461627135456,0.26940891902765646,inner_race,21mil,12000.0
CWRU,DE,106,0.3618720381989926,0.056058791406223295,0.4807871094814505,0.4620775437864131,0.0010765552935638276,9.88850946819799,5.522645945874816,7.802560973671912,2.9202288726989103,0.009981472163095684,5.090310878243513,2.823528642714571,2882.8125,0.5112637439348485,0.2855363239318524,1.4128301995350792,0.28123038037308273,2850.6468597738626,0.027197756023924605,40.651483845597625,5.263402046780293,608.5343907778004,0.5111662998239768,0.26129098607573575,inner_race,21mil,12000.0
CWRU,DE,107,0.355118646983377,0.06324099870334458,0.48753145941826065,0.44796482748394034,0.0012627143557826389,10.171491882659401,5.492166496334031,7.9509444708115815,3.9095472708394228,0.010266804379522204,5.090310878243513,2.823528642714571,2882.8125,0.5141010645979596,0.27759238028083066,1.447688171165015,0.30005477587451107,2833.048228025991,0.02938785416992916,45.881461412389825,5.665165744145652,638.522756058135,0.513998538274758,0.26419449734858796,inner_race,21mil,12000.0
CWRU,DE,108,0.35331345970169037,0.05783032252679863,0.5090269378016492,0.4319274663545013,0.001215273261448803,10.594441442725719,5.703741734968782,8.29040444572651,4.136547226161998,0.009840094907840567,5.357110578842315,2.929111477045908,2882.8125,0.5135420944970153,0.2764762534090057,1.4535027760635248,0.295605570317897,2839.245495292017,0.027855038070069636,35.40705658049563,5.034313371145507,613.7270019865821,0.5134478117127251,0.26362865535258606,inner_race,21mil,12000.0
CWRU,DE,109,0.3588511651501684,0.06087593989707465,0.4853806503645794,0.45261082882406156,0.001132580861443805,10.399936535136614,5.628488078415847,8.162468904957192,4.16611895410241,0.009249998538080088,5.357110578842315,2.929111477045908,2882.8125,0.5204082226412593,0.2816470530516974,1.4502063060697716,0.2860152398633338,2839.959988915655,0.026943744818775782,30.189121970223788,4.83348503216797,626.8071873345274,0.5203260090747722,0.27073915571968,inner_race,21mil,12000.0
CWRU,DE,110,0.35627841636063806,0.06026042750429646,0.5134693984220926,0.4251019271066927,0.0011682469161416696,9.725391679367466,5.2225548126287995,7.59679852893952,3.6107967012173727,0.009363615883467437,4.97051497005988,2.706575349301397,2882.8125,0.5182473801436329,0.2782998812318715,1.4546134605556458,0.2452155711457779,2829.781608100119,0.02621810126104738,45.07503200859993,5.6110941966098435,619.8548611682824,0.5181627830357233,0.2684926697233261,inner_race,21mil,12000.0
CWRU,DE,111,0.3375509863086327,0.06608264274258778,0.4866277840578525,0.4459489632404988,0.0013406099331311067,9.627967158867273,5.169673372388877,7.504572497344851,3.315333786327365,0.008984693113772452,4.564021057884232,2.5331758483033933,2882.8125,0.49000694353980573,0.26310599179499283,1.4516531232759549,0.2701176440129343,2826.596065632873,0.027304856654576125,42.12509727248689,5.542703417735483,643.3948720305864,0.48992456562911163,0.2400260800068737,inner_race,21mil,12000.0
CWRU,DE,112,0.3380724760440057,0.06527316456229704,0.4909101993589303,0.44253620462033494,0.001280431424619037,9.620338368525147,5.188732284898099,7.492996407000192,3.2114358278259365,0.009413782006299899,4.4759,2.5331758483033933,2882.8125,0.48820708204126245,0.2633146310727679,1.44409000032796,0.25736717901470285,2827.1410361427575,0.027605976737220324,43.620527690868364,5.584501630010809,643.0304908200884,0.48811631366261643,0.23825753566358177,inner_race,21mil,12000.0
CWRU,DE,113,0.3479062258295908,0.06343992709689344,0.5013551113183305,0.43390109102275237,0.001303870529318495,10.305045397594,5.577749054417647,8.052744366730197,3.365401324604501,0.009930116329840314,4.949804491017964,2.801599900199601,2882.8125,0.5022814531214341,0.2718668178651316,1.4437265441965916,0.2670559715161756,2824.202047510097,0.02877448855429715,40.6555564112788,5.421687857504055,635.9547697478588,0.5021832842095157,0.2521880509394553,inner_race,21mil,12000.0
CWRU,DE,114,0.36975446460594436,0.05472217592393053,0.5104317171452467,0.4335905040191711,0.001255602823996798,11.766529113781933,6.178031054501899,9.111193814545771,4.482806591552496,0.009448680178705088,6.071825149700599,3.3689045908183632,2882.8125,0.5453039262992148,0.2863125190309879,1.4747730683397087,0.3111054069805867,2843.554498217197,0.027269923463697564,46.467990707295506,5.650902450343185,600.0492427521393,0.5452220597886882,0.29726709448021993,inner_race,21mil,12000.0
CWRU,DE,115,0.3582717761742141,0.05216019420926513,0.5130133052418404,0.43351878872014027,0.0013077117358861843,12.285112095263793,6.3133921605614844,9.403209560052511,4.714767458067537,0.009008883892371512,6.071825149700599,3.3689045908183632,2882.8125,0.5336124392625641,0.2742266057236187,1.4894068546529562,0.2892967980435251,2852.2182544222305,0.02653254720581101,28.949731700260504,4.733697761397678,588.7402116300415,0.5335363861507081,0.28466107534675744,inner_race,21mil,12000.0
CWRU,DE,0,0.0908045687141342,0.10876904458063599,0.16094413291046997,0.7217745555686046,0.008512266781317555,5.837294458055961,3.8421335353606074,4.903219044191764,0.593694934621328,0.025404600486526936,0.8326424750499002,0.4452346906187625,3210.9375,0.11588214894695859,0.07627415300324637,1.2761709084459418,0.026431350485096098,2968.216624298071,0.060899649554282,82.15634610857575,7.821955444725686,845.6676752645595,0.11306316251850136,0.012783278718685051,ball,21mil,12000.0
CWRU,DE,1,0.09101292666619881,0.12131717527105419,0.15149285235784418,0.716397026177615,0.010792946137430684,6.717034033540701,4.4387349115673524,5.646942355605793,0.472151744876391,0.024074107663579085,0.8935556487025949,0.513944750499002,3210.9375,0.11578631315865719,0.07651364395843177,1.272196350561474,0.031825705478058304,2941.8389890420526,0.06459953616482243,126.23990832702859,10.041423714632796,891.3688723188369,0.11325593871880199,0.012826907655077033,ball,21mil,12000.0
CWRU,DE,2,0.09050761699257731,0.14060494786062597,0.1960730075714029,0.6528422994056257,0.010479744904020125,6.6922423630101715,4.508846729337458,5.678469587163604,0.3216123581647077,0.021811040497130733,0.8935556487025949,0.513944750499002,3210.9375,0.11398585521990506,0.07679709171020363,1.2594062136146313,0.06056447797668474,2874.7331829443756,0.07351933387732888,61.80205499038192,6.786865766949089,943.4772768240867,0.11187963935697005,0.012517053702645681,ball,21mil,12000.0
CWRU,DE,3,0.09162126526244382,0.11799127981152248,0.16219151819762403,0.7095718232363483,0.010245378508937067,5.656930986288671,3.7198963341526197,4.747820019720026,0.28365155555421007,0.020028933597648447,0.8141248702594811,0.4350012774451098,3210.9375,0.11693908603079438,0.0768970451468244,1.2763312719577613,0.06407355504766896,2951.687129418918,0.06841938441740882,53.465651346376454,6.483536653744731,876.840802129614,0.11521107438375236,0.01327359166065852,ball,21mil,12000.0
CWRU,DE,4,0.09356572797763843,0.10038060074593144,0.13876317704512314,0.7502676158648857,0.010588606209125816,5.568223597477579,3.6210066513243024,4.647415797580207,0.3000293627273032,0.018891253177239265,0.8149370459081835,0.4348388423153692,3210.9375,0.12008783307711865,0.0780929204266065,1.2834596136078675,0.07809663215108331,3008.69038288685,0.06204465852876686,59.226273052166235,7.091426394178666,820.9290286627812,0.118592614468825,0.014064208206551361,ball,21mil,12000.0
CWRU,DE,5,0.0920174388332709,0.0937956938299334,0.15993745829345513,0.7319284192155798,0.014338428520954615,5.831320749489846,3.828445666047593,4.893313543061944,0.5416829086187827,0.017804571676958578,0.861068622754491,0.4502701796407186,3210.9375,0.11761174610205924,0.07721581421843594,1.2781462687215563,0.036976602430814014,3003.9358298493694,0.07314000331871189,73.28847575094593,7.420216457802869,801.4349949594136,0.11625626885710418,0.013515520048575291,ball,21mil,12000.0
CWRU,DE,6,0.0904777949179765,0.1208720758041897,0.20394395583086233,0.6575047475552392,0.017679220777957763,7.735607891223306,5.001610263255031,6.452321885349518,0.8850945533708625,0.0165786940571981,0.9950776047904191,0.5837918562874251,3433.59375,0.11672078102052985,0.07546812926619327,1.2900489133974162,0.053247295875634634,2935.970454966176,0.08801913622574516,21.643492269180918,4.39327813311659,897.1629897483193,0.11553738626695821,0.013348887625400305,ball,21mil,12000.0
CWRU,DE,7,0.08808076635790914,0.13223730282536886,0.15326079137440926,0.7047760127700958,0.009725893011245927,7.9458718772594334,5.124854369187306,6.627915269438435,0.8483523437420231,0.014463706181387221,1.037310738522954,0.5837918562874251,3210.9375,0.11391384305423732,0.07347108854828119,1.2932885096771018,0.0469873239251146,2914.182053609384,0.06266691696155088,65.88780584492577,7.001040244641485,914.1609354785345,0.11299187954399162,0.012767164842883913,ball,21mil,12000.0
CWRU,DE,8,0.08791722083177392,0.1252102739346279,0.16468466933039205,0.7019926179802921,0.008112438459926196,6.165092820374111,3.9912887502659466,5.158476097684197,0.6777236750198234,0.006728367639720556,0.9010276646706585,0.4535188822355289,3210.9375,0.11362717924262185,0.07356237699078282,1.2924337026080808,0.026421751566339823,2929.5807007370154,0.06196734239823501,35.21045466756746,5.390313183007468,898.9151862051136,0.1134277961151484,0.012865864931539675,ball,21mil,12000.0
CWRU,DE,9,0.0867650259442053,0.11783852680153668,0.14170124012927107,0.7321663094402713,0.00829392350267504,6.169235042591701,3.9867473107682225,5.157709313922208,0.8357530446428858,-0.0032673413914358768,0.8776370059880239,0.4475087824351297,3210.9375,0.11224909620592367,0.07253877982368635,1.2937136246361065,0.03976251481125905,2957.644239429869,0.062180556462797056,52.59170210869724,6.42831296649982,877.6638696732429,0.11220153331964104,0.01258918407927852,ball,21mil,12000.0
CWRU,DE,10,0.08726113519055635,0.11003477812053163,0.1333087593603652,0.7474914518354632,0.009165010423770326,5.983771649335208,3.8817081443625336,4.992497714047836,0.6600237371248334,-0.008055291331399698,0.8495357285429141,0.4356510179640718,3210.9375,0.11223178089696792,0.07280542164614057,1.2861599915229383,0.012160996035018879,2991.3173535138094,0.062471218851813136,45.04759802133628,6.150124225727339,853.9431470897592,0.11194232856641534,0.012531084924871289,ball,21mil,12000.0
CWRU,DE,11,0.08805721009153564,0.11015080711065821,0.12227830318346264,0.7589814001369044,0.008589489057808921,5.88482954928539,3.8709499486449372,4.947363396037778,0.5610275969006762,-0.009833749785585079,0.8370282235528941,0.4356510179640718,3210.9375,0.1125436969590825,0.07402950490162863,1.2780747521082387,0.009840573695861585,3001.2827950901137,0.05799085030488064,47.333956640152266,6.319816345249947,846.3356300711476,0.11211325118099243,0.012569381090372301,ball,21mil,12000.0
CWRU,DE,12,0.09261530797779437,0.11378644319847264,0.13359082298534694,0.7432991754057768,0.009323558334759112,6.229855808284863,4.151170234050578,5.268622870179431,0.44702771663333074,-0.011169160078280935,0.8982662674650699,0.4879551297405189,3339.84375,0.1175464031173658,0.07832526863488636,1.2691897882102705,0.05994262942934087,2981.897720751032,0.06002450419076552,45.92651997047895,6.200089617984175,869.3789494455049,0.1170145578506196,0.013692406748976,ball,21mil,12000.0
CWRU,DE,13,0.09069971556886224,0.11055650238096786,0.12261936949615745,0.7580097012211954,0.008814426752161446,6.414155794240209,4.210940650942005,5.379897022610255,0.4593061997885992,-0.011641871686314868,0.9148346506986027,0.4879551297405189,3210.9375,0.11587794039114784,0.07607472368829792,1.2775998211722004,0.06418376793755572,2994.1395765227994,0.057522368132020135,43.96992890377507,6.1911961134615465,853.898604123667,0.11529164710825233,0.013292163892933789,ball,21mil,12000.0
CWRU,DE,14,0.08880315852669657,0.11997197133801454,0.14965137776376927,0.7205184358077449,0.009858214774709953,6.129296478387992,3.929662105718937,5.097867171590871,0.7298707351126503,-0.009986429289857782,0.8916064271457086,0.4527067065868264,3339.84375,0.11520245110336352,0.07385948912458032,1.2972787569119024,0.016341502050009966,2959.623884247948,0.06264725507103494,69.63054077402298,7.4948533663590755,881.7718480610769,0.11476879353840719,0.013171875970261536,ball,21mil,12000.0
CWRU,DE,15,0.09026515400838943,0.10798713059473411,0.13989223830712452,0.7428280292068411,0.009292601661224519,6.234999958914734,4.050239510714229,5.206049172592621,0.6320825180504492,-0.007702423219966314,0.9088245508982036,0.4699248303393213,3210.9375,0.11602396082903593,0.07536885861040432,1.285368225464418,0.028844555797894734,3001.89363430106,0.06321224263148523,64.51324445746702,7.124053041580136,840.4496446574141,0.11576801010209248,0.013402232162998186,ball,21mil,12000.0
CWRU,DE,16,0.09226196398219182,0.08492836315170836,0.13131280488996963,0.7756523762593207,0.008106455582216168,6.690042865928386,4.275087237464301,5.547606746277026,0.9057851435067583,-0.005175954165886973,1.019118003992016,0.5118330938123753,3210.9375,0.11972459633735119,0.07650669869681732,1.2976593080162497,0.03280115579706503,3050.4357526269423,0.056282003755588894,41.725298812800986,5.932502790931806,759.6236718669372,0.11961266014354136,0.014307188466614326,ball,21mil,12000.0
CWRU,DE,17,0.09247167027273573,0.11515297884742842,0.14212812365675526,0.7331179469888408,0.00960094983838164,6.671393433662849,4.256773553045797,5.53502594148863,0.8734254013291141,-0.0018062183640531432,1.019118003992016,0.5118330938123753,3210.9375,0.12023968093067804,0.07672056803451921,1.300286677812171,-0.027808303889981345,2968.0170163279276,0.062496748543281105,54.89178217548276,6.670391442563349,867.1298001984907,0.12022611382529429,0.014454318445532617,ball,21mil,12000.0
CWRU,DE,18,0.09060382490877615,0.11781566777502614,0.14025071507122033,0.7327380340035002,0.009195582966421796,7.906853520120585,5.122520209623408,6.608284902170366,0.8236692728519008,0.0015720833528255972,1.0594019161676647,0.5987358882235528,3433.59375,0.11688306999721336,0.07572366007539516,1.2900456477957336,-0.052019354361002745,2965.428022559646,0.06166939535513892,36.452860581931475,5.574905002512611,878.9101917079538,0.1168724972177169,0.013659180605905246,ball,21mil,12000.0
CWRU,DE,19,0.09486735049432381,0.10642110394721445,0.1278192247872779,0.7571370676258616,0.008622603618593313,7.574602128626891,4.846254865486735,6.311295562738173,1.0782942940707247,0.004795326144585824,1.0600516566866267,0.5987358882235528,3210.9375,0.12354609999724367,0.07904519314100139,1.3023036835484911,-0.04037330167293303,2999.494476341853,0.058544120569358545,58.74324824566294,6.80449120228693,845.3107546460857,0.12345300187397625,0.015240643671695982,ball,21mil,12000.0
CWRU,DE,20,0.09080702744900818,0.10852856576170872,0.1306357025807101,0.7513553281140165,0.00948040353138312,6.964597928485649,4.400676994091751,5.774229302867926,1.168609460227561,0.007632468247099546,0.985656367265469,0.5243405988023951,3210.9375,0.11914998521962938,0.07528655698239359,1.3121229553135294,-0.05417414257972396,2977.1781429107077,0.06103725302351057,80.3945539568093,7.734475336887835,840.0735708877236,0.11890527493048791,0.014138464406294918,ball,21mil,12000.0
CWRU,DE,21,0.08848701281031682,0.10944155371675854,0.12833571808427735,0.7530372701140802,0.009185457840186083,6.712054335719969,4.3300439012239575,5.59519707723004,0.6798943836600206,0.009754039187250497,0.9374131337325349,0.4951022754491018,3210.9375,0.11434116760551852,0.07376315069654373,1.292180219154006,-0.03554371243170509,2990.5547860901997,0.06178328323417426,43.676422916527024,5.965267531976962,830.9646470073827,0.11392436670408512,0.012978761328926858,ball,21mil,12000.0
CWRU,DE,22,0.08983098901805758,0.12577998889786224,0.14217214248944854,0.7202515975176883,0.011796270604261453,6.284588403978533,4.144680953661533,5.289074067697396,0.5267867639064456,0.011738079602513721,0.9362760878243512,0.475122754491018,3210.9375,0.11463433731160431,0.0756012524527837,1.276111268112175,0.03299787644319828,2944.7731583464792,0.06596580362983383,110.65648248581279,9.240709655732989,885.2385766021785,0.11403178845442935,0.013003248778115728,ball,21mil,12000.0
CWRU,DE,23,0.09148159325879486,0.11961343537765914,0.1294310516812109,0.7417455092971316,0.009210003522393172,6.173678981797846,4.063284454737916,5.193643197128518,0.6874224490398917,0.013726085719186622,0.9461846307385229,0.475122754491018,3210.9375,0.11693071449551362,0.07695942012726045,1.2781884347458294,0.006164974019733729,2957.7852131475024,0.0583020511427565,62.223625226007485,7.076505266720269,874.8044616800072,0.11612229141409867,0.013484386563260856,ball,21mil,12000.0
CWRU,DE,24,0.09661812835266961,0.1268865018781938,0.14278776187976994,0.7209124647081209,0.00941327124623612,5.818234259090338,3.807890255547949,4.875501981657764,0.5482109540175024,0.015243204450474047,0.9325400798403192,0.4710618762475049,3210.9375,0.12370678896567093,0.08096303023748547,1.2803683022519743,-0.02152152427576769,2930.5926527641104,0.060508205202375015,53.98858345288277,6.644540260953807,898.751659005783,0.12276405970103013,0.01507101435427809,ball,21mil,12000.0
CWRU,DE,25,0.0968631293857597,0.11717590236740213,0.1290624279884308,0.7453186320667261,0.008443036714136355,5.388006824612698,3.5800935122540416,4.5428716711661155,0.32661038690640964,0.01650279053221681,0.8568453093812374,0.4400367664670658,3210.9375,0.12291208734098592,0.08166967503770685,1.2689254220920907,-0.025506603886085694,2960.6530718952863,0.05937796758122883,79.40177557458348,7.978816201481322,872.7602503610307,0.12179917536325083,0.014835039119167927,ball,21mil,12000.0
CWRU,DE,26,0.09604024634325095,0.10727363898903947,0.13138240328682546,0.7528630640913125,0.008480892989697343,5.824641547713523,3.828707085955046,4.894690334185054,0.5624525603209589,0.01816291245633732,0.8896572055888223,0.4700872654690619,3433.59375,0.12277963681094756,0.08070664290982778,1.2784185951807032,-0.017217591572773475,2987.44664243441,0.05928933023992827,54.79940760771735,6.786415655385092,833.5304479813394,0.1214287767645364,0.014744947826531614,ball,21mil,12000.0
CWRU,DE,27,0.0962632773905314,0.09410436968332979,0.13776059258669698,0.7583302899468681,0.009804747725342278,6.341142583479063,4.073454155398511,5.281577459961212,0.8306502789578789,0.019398625015593807,0.955605868263473,0.5084219560878244,3433.59375,0.12481347198028914,0.08017828796539678,1.2965844854204598,-0.018487599992714404,3030.9086604868507,0.05862049352012347,69.31647033895858,7.566992562595936,790.6419884379551,0.12329678071741694,0.015202096135278799,ball,21mil,12000.0
CWRU,DE,28,0.09897581715475295,0.10404118840260633,0.12773371251297327,0.757730450980532,0.010494648035327757,6.175962854563359,3.969697524475899,5.136830093485207,0.6281243491490263,0.020971104938560373,0.955605868263473,0.5084219560878244,3210.9375,0.12807574203149116,0.08232270304413446,1.2940104533942793,0.002307474519790676,3010.6822980611746,0.06345303190234876,67.12367128771103,7.3206121203935135,830.5075859542717,0.1263471743038718,0.01596360845457296,ball,21mil,12000.0
CWRU,DE,29,0.10623654055170903,0.0867176915768681,0.128204458290635,0.7678229299403991,0.017254920011869054,6.345212651953525,4.100296548931167,5.294909372708936,0.6676730022735038,0.022944596588073848,1.0741835129740518,0.5625128542914172,3210.9375,0.13718833444816292,0.08865153701637316,1.291347908504123,0.04035630654492711,3050.9271310105755,0.06091556451408026,79.43579123025427,7.928397484062638,785.3087920831119,0.13525599652537243,0.018294184596071558,ball,21mil,12000.0
CWRU,DE,30,0.1072974449928268,0.10048288739023525,0.13587855546178057,0.7529124267426334,0.01072613032212346,6.209133568040456,4.1110915434735436,5.2425559092206075,0.5771068935942409,0.023981230936564367,1.0741835129740518,0.5625128542914172,3210.9375,0.13682810230397807,0.0905944199987537,1.275222371913194,0.025046509659969636,3005.160763591099,0.06027505932232017,52.886847851030595,6.584409032241297,828.4331844005931,0.134710170896169,0.018146830142875055,ball,21mil,12000.0
CWRU,DE,31,0.09671306724441738,0.1006287196969332,0.13170981200456744,0.7585366920488616,0.009124776174606896,5.921557539699812,3.951612389158317,5.003400939338299,0.3627944244941763,0.0251716551857223,0.9239310179640718,0.483894251497006,3433.59375,0.1224548877376291,0.08171739415733796,1.2661669330386958,0.007378204352365998,3010.424520298166,0.05669118960784274,59.41554521672137,7.079995212327977,819.09807986394,0.11983984022872546,0.014361587306046445,ball,21mil,12000.0
CWRU,DE,32,0.0931550399396519,0.08753936992818576,0.12225819624387022,0.7802483951458248,0.009954038639022758,6.336240457480971,4.220106732354135,5.346206797904488,0.3498412462401941,0.02666260028770583,0.9203574451097805,0.4980261077844311,3433.59375,0.11801268057185212,0.07859962246168066,1.266841607800325,0.0009526507500807794,3064.1655736952366,0.05588786635244071,65.37018421414908,7.420089787130486,780.8794616747733,0.11496129140563807,0.013216098521652033,ball,21mil,12000.0
CWRU,DE,33,0.09850667467798774,0.09277800035845538,0.13111651677142383,0.7668435699886716,0.00926191263798526,5.996353659632122,3.9744835914139856,5.055760022480181,0.4400239890022797,0.02777648649965693,0.9336771257485029,0.4980261077844311,3433.59375,0.12530586586401038,0.08305482565799582,1.2720545716686462,0.0015113602649860873,3044.593922677176,0.05831031057203932,52.0587699679779,6.6698090710290225,794.2970992900415,0.12218848889180903,0.014930026817663738,ball,21mil,12000.0
CWRU,DE,34,0.09685503935488395,0.11339609607039715,0.15606808985699477,0.7213586348955277,0.009177178629886028,5.996301643885415,3.9915147953746724,5.056442281471947,0.42599190491211614,0.028587393123908428,0.9253929341317364,0.4897419161676646,3210.9375,0.12269575368608747,0.08167399594833046,1.2667978300697527,-0.017665101941282665,2969.9226565218332,0.057297890607624496,57.632050052235925,6.951358608568543,861.1263260549841,0.11931893783878635,0.014237008926976161,ball,21mil,12000.0
CWRU,DE,35,0.09871836381923649,0.11671234762544304,0.12221915944840268,0.7511611889959543,0.009907303510335568,5.6233818441818135,3.764101455981414,4.745448526977824,0.23424800761897213,0.02926655914733033,0.8974540918163671,0.4684629141716567,3433.59375,0.1244554429921747,0.08330626074349691,1.260712173269661,-0.04948946605865739,2978.2837178365303,0.059364882206726984,33.69733846535726,5.536981895505617,874.7810248009725,0.12096539094325395,0.014632625806054265,ball,21mil,12000.0
CWRU,DE,36,0.10580078928081334,0.09541516732420897,0.16060713095870005,0.7284962455469686,0.01548145597465111,6.063482969414915,3.9735246936907833,5.072605528851201,0.36704247398642,0.02990868551958582,0.9656768463073852,0.5366856686626746,3339.84375,0.13506539156905994,0.08851111998991253,1.2766009827258789,0.00375681587269734,3015.9041164298637,0.08561294295675742,44.13623348384732,6.078706624432631,830.6395655906623,0.13171230212168492,0.017348130530194007,ball,21mil,12000.0
CWRU,DE,37,0.11101592457662796,0.07177604371184793,0.1484658033193219,0.7634750251953871,0.016283127727981527,9.82141633613248,6.191633307162392,8.130833656616668,2.068615835996848,0.030595307061657927,1.6186660678642717,0.902652015968064,3339.84375,0.1457857678560985,0.09190650157526203,1.3131968986617855,0.009620783609362303,3087.3532387953906,0.0753664924198768,28.502575996381925,5.0858109404793534,741.0893064520156,0.14253917810621436,0.020317417295195102,ball,21mil,12000.0
CWRU,DE,38,0.11227059318862272,0.06702179876283233,0.15803638083401225,0.7603570829258215,0.014584737383460196,9.632055815438529,6.165152212493671,8.0399683508534,2.13544370710372,0.030938816117764466,1.6186660678642717,0.902652015968064,3339.84375,0.14641195948720312,0.09371332904043891,1.3040989214443754,-0.01579020574936924,3090.003015894866,0.06555091682247347,49.400067416777866,6.2715663804134945,717.3088946518359,0.1431057355178805,0.020479251538113565,ball,21mil,12000.0
CWRU,DE,39,0.11341525324351293,0.07626178266069782,0.15583449216819922,0.7494706112074692,0.018433113735248974,7.188082238305959,4.702024207196458,6.028196750660165,0.8060818621766344,0.031209118325848297,1.1951976846307386,0.6836894610778443,3210.9375,0.14540322017727092,0.09511430704484704,1.2820429000416451,-0.0016288179464724823,3063.2793711604413,0.071802986228575,38.36424417615864,5.816457090673863,758.10056099494,0.14201439142299319,0.02016808737124312,ball,21mil,12000.0
CWRU,DE,40,0.10303058821809502,0.10521947738879794,0.1620140140412766,0.7184788879039002,0.014287620270803518,7.203863405179449,4.691168402346246,6.041423502776324,0.9998419437132826,0.031606560921126486,1.133959640718563,0.6224514171656687,3210.9375,0.13268579675254358,0.0864052220532301,1.287829168476399,-0.0015118607799258998,2987.62267732996,0.07296426146138166,45.772360788377725,6.085213057864969,850.3764149564065,0.12886638804046782,0.016606545966596425,ball,21mil,12000.0
CWRU,DE,41,0.09291654265687371,0.11810951547514431,0.14854111272803852,0.7206997748297651,0.012649596838633122,6.074400868446476,4.079058105559829,5.1518956006903975,0.4340656825206346,0.03166739478075099,0.9184082235528941,0.4786963273453093,3210.9375,0.1173546232873804,0.07880552135304425,1.2630110842667996,-0.040674455638818094,2952.891610894947,0.06873586375154911,44.53633794929772,6.10732963790298,884.6066848344166,0.11300125536790744,0.01276928371472303,ball,21mil,12000.0
CWRU,DE,42,0.0932892392753555,0.11868982231823909,0.13548555472415666,0.735714586167113,0.010110036399541817,6.219053684034143,4.14056844397033,5.247973773190128,0.5627399142764897,0.03189098102622878,0.9682758083832335,0.4895794810379241,3398.4375,0.11823967835886649,0.07872250440525966,1.267452487310637,-0.05487634071055108,2971.4948687333263,0.0665413044368858,48.2778050969431,6.446440111263453,886.2713182062056,0.11385774838627769,0.012963586867592919,ball,21mil,12000.0
CWRU,DE,43,0.09284611179983777,0.11061387962249096,0.13337591665304108,0.7446366971788362,0.011373505902521938,6.258842468037975,4.152342716206869,5.273020824968779,0.551653574593912,0.031981954216566855,0.908662115768463,0.4895794810379241,3339.84375,0.11790440108112052,0.07822204881143105,1.2698905618719354,-0.08356598437605774,3000.2160083719814,0.06762402937103963,56.528241133528496,6.804940733670601,858.0392967445163,0.11348393013456644,0.012878602398787155,ball,21mil,12000.0
CWRU,DE,44,0.09359745358891587,0.11437890872029496,0.12960739043519715,0.7453290166346315,0.010684683743999307,5.802392340542469,3.8068324998547913,4.876657398988382,0.7347730998473314,0.03216572481989145,0.8825100598802395,0.4564427145708583,3210.9375,0.11990091883167146,0.07866457278002424,1.281027573231656,-0.05899677929324383,2984.482124523774,0.06767828754534556,48.08921507900268,6.391827403062339,866.3415998677872,0.1155058287857807,0.013341596483490085,ball,21mil,12000.0
CWRU,DE,45,0.09262538085937495,0.11258210644158081,0.14053039292764333,0.7341922505173059,0.012695250083115906,5.848580909921133,3.868400760423409,4.927836305081817,0.563768163962004,0.03231816638207958,0.8825100598802395,0.4564427145708583,3210.9375,0.11799261318542889,0.07804332736452017,1.2738691284256827,-0.028707324602007735,2976.8925750674575,0.06511850014707571,65.45660156067913,7.374328826152857,870.9180838741794,0.1134803634468381,0.012877792888026467,ball,21mil,12000.0
CWRU,DE,46,0.1250523660881362,0.053325676652096796,0.12138534389442143,0.8157932076883236,0.009495771672133009,12.67082385188329,7.377185562848586,10.301868363402965,6.102179313022678,0.03211647080838323,2.3470251896207586,1.288273013972056,3339.84375,0.17462933567237113,0.10167239549941162,1.396449672525935,0.08485409129590572,3127.407670667111,0.057120990227797215,29.062916459248974,5.217700006132553,644.3790668522872,0.1716506253416746,0.02946393718018794,ball,21mil,12000.0
CWRU,DE,47,0.16563362655548275,0.03992382529874079,0.16020179076462499,0.7893689349918896,0.010505448872481579,9.612123642770268,5.606057084148907,7.777847051730885,3.6045565678978964,0.03204580200926272,2.515795289421158,1.288273013972056,3328.125,0.22980019550900405,0.13402584713327392,1.3874006159735157,0.06801184858234197,3141.9222694247105,0.05880587615422601,25.037718818115334,4.787782279227658,577.999287541579,0.22755482071263533,0.05178119642955961,ball,21mil,12000.0
CWRU,DE,48,0.1758154856108096,0.030394193635029425,0.20993228247941942,0.7501457379197183,0.00952778595228169,11.334771781712542,6.343543647741297,9.035697642577869,4.277975804600118,0.031852275780470306,2.953720399201597,1.5886155688622754,3210.9375,0.25043030474424544,0.1401541733222489,1.4243927596833275,0.04372811147754325,3115.412205126699,0.04509980136633946,31.060948516448754,5.141393043066492,526.3563688947045,0.24839639703888725,0.061700770061900514,ball,21mil,12000.0
CWRU,DE,49,0.13447986942131357,0.04496634846785755,0.22917505216183484,0.7100613131312966,0.015797286178540107,14.91264467475757,7.930923847107518,11.813036223921983,8.69531402837212,0.031936983162581076,2.953720399201597,1.5886155688622754,3210.9375,0.20030649637893802,0.10652809099322962,1.489490562720547,0.032453093184910575,3072.3927004345137,0.054544389474528734,46.05157292875759,5.840524750908899,613.9072384670546,0.19774408106964553,0.03910272159807854,ball,21mil,12000.0
CWRU,DE,50,0.09281628972523698,0.11334457255476837,0.14370060177932648,0.7327233175346183,0.010231508008443855,6.826554161012497,4.503473676032367,5.741984109215393,0.7105771811056512,0.0319416626902445,0.9676260678642714,0.5329496606786427,3210.9375,0.11834190649653802,0.07807008457098316,1.2750122510484339,-0.024863932419861963,2966.215537261003,0.06001013308780821,36.6302291338943,5.570023893807322,857.1916626151275,0.11394971267106375,0.012984537017817988,ball,21mil,12000.0
CWRU,DE,51,0.09304709354728039,0.11568004519364476,0.13844099103112706,0.7352864292905167,0.010592534414948044,6.8058481933649855,4.496965327183028,5.727741086376146,0.6907937610768049,0.03151114614520957,0.9676260678642714,0.5329496606786427,3210.9375,0.11851317986756439,0.07830760333417586,1.2736902932636345,-0.010868655000846508,2972.4501909099786,0.05727309006863921,54.61102365436984,6.841258074927208,872.6324426141811,0.11424719458672461,0.013052421470936916,ball,21mil,12000.0
CWRU,DE,52,0.09030354199803513,0.12271257571937597,0.1454266344117998,0.7197145676843334,0.012146221888981092,6.05799757258138,4.030625287485476,5.119293983524762,0.5417108979884864,0.03106960495025573,0.8940429540918162,0.4622903792415169,3210.9375,0.11469445712973207,0.07631075676455411,1.270099207539696,0.017352503685292037,2956.6668341850013,0.06645973880275254,48.36828172293166,6.342090160260255,899.4571034294634,0.11040606027079759,0.01218949814451899,ball,21mil,12000.0
CWRU,DE,53,0.09019607148983279,0.1230634293774637,0.15770293544978925,0.7082605677228468,0.010973066888160106,6.757965148610311,4.361073355565856,5.642255289737445,0.9203874923706028,0.031007343438123745,0.9406618363273452,0.5089092614770458,3210.9375,0.11669357976461144,0.07530510298380223,1.2937767447861135,0.04171436575133008,2938.709327553957,0.06624575036201713,51.39144338381545,6.447628532630384,889.4311111954604,0.1124986053744222,0.012655936211189977,ball,21mil,12000.0
CWRU,DE,54,0.09057796853558503,0.10079759099689503,0.14285626350190164,0.7469270315238462,0.009419113668395306,6.7092525437456905,4.381156659566867,5.618466275020427,0.6406219051130462,0.03125535840428517,0.8901445109780437,0.5089092614770458,3210.9375,0.11615865421424076,0.07585185654569626,1.2824162000123236,0.008860545566442878,2998.9443413871795,0.06408921350454784,44.33959189474011,6.004243737722329,818.9938390682145,0.11187464198773212,0.012515935519883234,ball,21mil,12000.0
CWRU,DE,55,0.09037072097991514,0.11173322367613407,0.17190381764336538,0.7067185409979332,0.00964441763216362,5.6079957570270755,3.687106902523193,4.703876763641344,0.36033780243847024,0.030842687515593804,0.7986935329341317,0.4250927345309381,3210.9375,0.11529167604010476,0.07580118690323141,1.275763596770776,0.02260771739196207,2956.532851203954,0.06487670102466982,44.89879385481546,6.086277381297682,860.9419847606597,0.11108959983253112,0.0123408991909519,ball,21mil,12000.0
CWRU,DE,56,0.09244494144523449,0.11333233997964526,0.13764783245517603,0.7404294539376259,0.008590373416757719,5.522161383123119,3.5728738229516623,4.598334185573239,0.4842277999088145,0.030103956656998495,0.8112010379241517,0.4250927345309381,3339.84375,0.11897781886396305,0.07697941169016004,1.2870127559596862,-0.015888110597499765,2963.9625271390505,0.06123189150170629,45.73696783585218,6.159240543653177,858.3884578201506,0.11510635592885199,0.013249473175219559,ball,21mil,12000.0
CWRU,DE,57,0.11681512837606034,0.06962322644478795,0.16005112552813375,0.757882694214256,0.012442953752830383,7.928676318019433,4.815435300975881,6.479877350765676,1.870561102331517,0.03033206380208333,1.470850099800399,0.7569477045908183,3210.9375,0.1571919582093477,0.09546961866390104,1.3456472667076402,-0.03460740996758872,3067.8365815727843,0.06083936431261238,43.67242496365644,6.0062553427818495,716.9460685470737,0.15423773089356463,0.02378927763119566,ball,21mil,12000.0
CWRU,DE,58,0.16057918148078837,0.02631860832264156,0.18462254276530468,0.7788668165709444,0.010192032323055794,12.824684878362698,7.34008304381038,10.335086436827032,5.968378849453552,0.030245770139408677,3.181292015968064,1.6595997205588824,3210.9375,0.22610094608648348,0.1294066666198476,1.408033992959007,0.015239879288041453,3117.191724546609,0.042533355781011896,46.47741877728722,6.203343933104986,489.1792180689471,0.2240688090963956,0.05020683120987697,ball,21mil,12000.0
CWRU,DE,59,0.1425372229174463,0.027536891633008275,0.18341691722663497,0.7771654229573013,0.01188076815604176,14.592889773627428,8.015591774491638,11.643272449050572,8.807588354458082,0.029947152823259722,3.181292015968064,1.6595997205588824,3210.9375,0.20704643739970613,0.11372659879595234,1.452578022511508,0.03322255129575115,3103.7228421977265,0.04286010620864229,45.592367311668085,6.369141589626293,506.80677446896516,0.20486921505607122,0.04197139527769076,ball,21mil,12000.0
CWRU,DE,60,0.09615445854384977,0.11649353942556769,0.13729768477128615,0.7364685388164446,0.009740236611089097,7.626923607906194,4.93862446103392,6.385609151333885,1.0916809829249363,0.02967439188030189,1.1864261876247504,0.6140047904191617,3339.84375,0.12432708647189128,0.08050490892326156,1.2929934644184369,-0.009274031980730879,2983.83212225523,0.06555211469228028,58.158127515093824,6.994520049684772,868.1701010165873,0.12073381836554084,0.014576654897123406,ball,21mil,12000.0
CWRU,DE,61,0.09372284906748998,0.11596452649941408,0.13253297728470617,0.7432284308613669,0.008274064761113281,7.000663692557609,4.537607760910836,5.854558133079682,0.929938905451579,0.029010374836264962,0.9879304590818363,0.548705868263473,3210.9375,0.12092404129556827,0.07837912123200563,1.2902301039577944,0.07814863222166969,2968.4097414208863,0.05851152750377777,47.057431341356995,6.257375628341397,866.3861569805875,0.11739259736078635,0.013781021915111703,ball,21mil,12000.0
CWRU,DE,62,0.0957961970784992,0.10606462808781691,0.16724433279642406,0.7189202331409112,0.007770805430613904,6.839740823007141,4.46653622833417,5.727846041882452,0.6905223908594524,0.028977618142621002,0.9879304590818363,0.548705868263473,3210.9375,0.12284818486026637,0.08022319594592922,1.2823910406338959,0.07722491079160557,2970.3551360106994,0.06109850417726262,47.371901794376015,6.351310527042863,839.3155589976476,0.11938163246598121,0.014251974170242621,ball,21mil,12000.0
CWRU,DE,63,0.09371832816788295,0.12043138021153553,0.1314899574848517,0.7402533933771958,0.007825268528995021,6.358451572128877,4.180995528165032,5.345271836501185,0.5764511207882226,0.029011564546687865,0.8920937325349301,0.5009499401197605,3210.9375,0.11981594736113456,0.07878489510175464,1.2784686806032377,0.020483908498494567,2964.315339616709,0.058706555828483414,48.12893202615551,6.39764104552161,883.1355905098053,0.11625054995396594,0.01351419036459953,ball,21mil,12000.0
CWRU,DE,64,0.0929265362244261,0.11521612133691295,0.1538912525021365,0.7226215959548935,0.008271030080550282,6.499596127747281,4.155460160808733,5.390816880443283,0.6999936016469879,0.028750859336015462,0.8920937325349301,0.5009499401197605,3210.9375,0.12055221822226926,0.07707401048830807,1.2972851794575082,0.030295049854203802,2968.5146205095084,0.06122630998164554,50.88813266270054,6.358313982212377,857.1666170402575,0.11707358970216246,0.01370622540575028,ball,21mil,12000.0
CWRU,DE,65,0.0916548944103979,0.09383097495588302,0.15949677864510775,0.7381688540982613,0.008503392206083808,6.000560536802178,3.9332494064629584,5.033182040420739,0.5179911875381831,0.028399101620976787,0.9008652295409181,0.4613157684630738,3210.9375,0.11728617252317083,0.07687877917967285,1.2796498569733246,0.04522647869675052,3018.6486738732638,0.05828073319660553,76.72828284597907,7.8007383408306925,790.8157898461919,0.11379603372814197,0.012949537292256424,ball,21mil,12000.0
CWRU,DE,66,0.09510814788391961,0.10871591717283043,0.14821350079427298,0.7356117183834683,0.007458863621563006,5.701153075415844,3.8505846781548234,4.850433729674918,0.32059104329295485,0.02823341461608033,0.9008652295409181,0.4613157684630738,3210.9375,0.11980408354092696,0.0809162220976544,1.2596616189724248,0.03637918905527084,2976.0555280865187,0.05868147303575475,102.41072186014914,8.922731728926022,827.5863356365403,0.11642977596902739,0.013555892732197906,ball,21mil,12000.0
CWRU,DE,67,0.0952436955581025,0.12517749110042348,0.16331048777459786,0.6999320065413539,0.011580014091284747,5.858118473450413,3.87962095513645,4.925393244579018,0.2814999043876023,0.028157828347211818,0.9286416367265469,0.4691126546906187,3210.9375,0.12091713600771588,0.08007906579846154,1.269555273965105,0.057569115115937305,2927.603452849672,0.06979329902163754,106.3727926641137,9.187785734303556,892.8685014148708,0.1175929014995268,0.013828090483077413,ball,21mil,12000.0
CWRU,DE,68,0.09898826945717934,0.08993109478524533,0.15541896016779722,0.7411432721955862,0.013506672432415828,6.836998328463841,4.3053481371374955,5.649802292366926,1.3073707024566845,0.028324546434474792,1.0948127744510978,0.5592641516966068,3339.84375,0.12989986730049796,0.0817996619025449,1.3122753636650901,0.03300905027229072,3033.395741705719,0.0724951695578448,32.14288022140455,5.211016246201893,797.6492403807961,0.12677419135600218,0.01607169559396826,ball,21mil,12000.0
CWRU,DE,69,0.09916458454185376,0.10743695659208995,0.15927225382105129,0.7179452759578947,0.015345513515179382,6.784282123177323,4.3289606371154274,5.639756918061425,1.2104684823949716,0.02813347894055638,1.0948127744510978,0.5592641516966068,3210.9375,0.12919132294750282,0.08243527340733338,1.3027969969760311,-0.01992317709847517,2979.5137221102586,0.07735959985627629,42.90201015009534,5.932720456857888,848.5413314978193,0.12609086123755062,0.015898905287627243,ball,21mil,12000.0
CWRU,DE,70,0.09105559761336696,0.11716754415982421,0.12630785877014625,0.744602303572142,0.011922293211590374,5.791298133429173,3.77630544374746,4.8468876057346515,0.5662785906098158,0.02752363337777569,0.8173735728542915,0.44133624750499,3210.9375,0.1168698491367332,0.07620679117820925,1.2834998857838118,0.029235121529844418,2969.5479966097437,0.06624707473919728,89.389420508347,8.286000317891617,858.6310507800781,0.11358261857752959,0.01290101124292857,ball,21mil,12000.0
CWRU,DE,71,0.09216575606599298,0.11006175095162082,0.1563537680231744,0.7204665402220007,0.013117940583537718,6.280200219648468,4.044473010874163,5.225586814866323,0.7028319176919191,0.027149033222617254,0.8576574850299401,0.4816201596806387,3210.9375,0.11908106652850244,0.0766886632330326,1.292031570198778,0.0564251335364539,2973.2848879850776,0.06586389766023903,76.04738450415464,7.572125099793378,840.6496475782031,0.11594494555884205,0.013443230400642847,ball,21mil,12000.0
CWRU,DE,72,0.09157708734873998,0.1126217619032437,0.12817053809225645,0.7505604643489271,0.00864723564884996,6.303966739595774,4.087979826774292,5.259177525995702,0.6277319882859378,0.027146177917602286,0.9117483832335329,0.4816201596806387,3339.84375,0.11781373198719314,0.07639954009521335,1.2864979155598155,0.07300437644331337,2986.053970444743,0.0598006677476083,44.58296663028616,6.294990344667041,844.5807121492868,0.11464362376170799,0.013143160469216056,ball,21mil,12000.0
CWRU,DE,73,0.09401654891389093,0.1371072273683567,0.15690396074531895,0.698798476454081,0.0071903354296969915,5.581758144537734,3.5987177270435757,4.654502261317344,0.6380129821511655,0.02695431728340194,0.8677284630738522,0.437600239520958,3210.9375,0.1215989340404467,0.07839828028901437,1.2933779791451212,0.06076637619385038,2903.418380364972,0.05954906297601202,47.928559315887,6.291337224838515,910.2766870408699,0.11857388219822527,0.014059765539558605,ball,21mil,12000.0
CWRU,DE,74,0.09288219968266587,0.11948421662006872,0.12843202585725433,0.7441335911442679,0.00795016620424722,5.615007505096653,3.657997065976597,4.695607176007565,0.4150059241285664,0.02654838808710703,0.8165613972055887,0.4361383233532934,3210.9375,0.11922872421354853,0.07767368484501892,1.283655260328633,0.04912363646855713,2964.5642713841653,0.05984092983675925,61.86242181609407,7.091272656432839,873.8113889112198,0.1162354152896903,0.013510671767566769,ball,21mil,12000.0
CWRU,DE,75,0.09473108899388719,0.1165911921994346,0.13916732634330145,0.7357111809425851,0.008530300287170835,6.046373300677841,3.946832678666639,5.061786031246338,0.539012965672454,0.02629513839508482,0.9476465469061874,0.4795085029940119,3210.9375,0.12149197648682805,0.07930514362059908,1.2824931896926435,0.04025211039049941,2958.406198831684,0.061336810908697026,113.59626007446855,9.554657427834526,861.7477624876673,0.11861225083210973,0.014068866047459315,ball,21mil,12000.0
CWRU,DE,76,0.12509194378820482,0.061454691937376266,0.17980584372450986,0.741699287322576,0.01704017679298981,8.208979800497607,5.153179856678714,6.805574277520603,1.5767894211802505,0.02563818029955713,1.5834176447105788,0.8513225149700598,3210.9375,0.16520333825855388,0.10370625043059004,1.3206552976605936,-0.006477432770226998,3090.434244787791,0.08255565264393273,50.94690102359554,6.18334564592932,707.1742360656184,0.16320179742483712,0.026634826682697572,ball,21mil,12000.0
CWRU,DE,77,0.181823205990363,0.022319886652000607,0.16158551155179268,0.8059058880629206,0.010188713662777465,10.96537629407221,6.3598575659957435,8.897950530590238,5.1732832212448265,0.025727170639190368,3.1702464271457083,1.6178538922155687,3222.65625,0.25438523983080213,0.14754203128351984,1.399080158361552,-0.05459139501091496,3151.0528711839816,0.04370378637534663,65.80102511149146,7.339124424269193,477.036106965239,0.2530809414686865,0.06404996293467671,ball,21mil,12000.0
CWRU,DE,78,0.2126361507453842,0.01812662261085048,0.16005939911472944,0.8144630743868153,0.007350903882188825,9.563057986501342,5.347751594153294,7.6085552082478545,3.5695642980525717,0.02568442037799401,3.1702464271457083,1.6178538922155687,3210.9375,0.30252973866332367,0.16917746336990086,1.4227577841435828,-0.047539173356154436,3129.8088411043445,0.02868690648535582,39.35583380251071,5.934584945785306,417.0426969080185,0.3014374783027907,0.09086455332554541,ball,21mil,12000.0
CWRU,DE,79,0.16136534212824347,0.03560696102928868,0.22083867889957878,0.7330812106825751,0.01047314932059632,9.72117275102038,5.194309972543723,7.640318661182634,4.841566215923553,0.02485685780782185,2.4534201996007985,1.2328826347305388,3257.8125,0.23735253407042622,0.12682447543184847,1.4709015637434257,-0.020690014705187876,3079.4987569815776,0.043120736905394634,75.45707807362383,7.8641402664185724,550.9280335118606,0.23604737246911808,0.05571836204957457,ball,21mil,12000.0
CWRU,DE,80,0.10387155485903189,0.09231052233555204,0.17946229346079012,0.7191548638237234,0.009072320168332119,6.972909532240082,4.471339518442215,5.806417719895179,1.0661605728053436,0.02466539374376247,1.1372083433133733,0.603121636726547,3339.84375,0.13488611952613935,0.08649497515175579,1.2985857360968411,0.045891678035221664,2994.266556002036,0.060157909198300594,62.7772382645678,6.979541089048163,789.2885085746398,0.13261177772839455,0.01758588359228512,ball,21mil,12000.0
CWRU,DE,81,0.09360522636367885,0.09617215807200243,0.13871283758820052,0.7580615131296563,0.007053491058379253,7.250699065584959,4.749297794245829,6.084035977410324,0.821203107881801,0.024377245879335076,0.998163872255489,0.5694975648702595,3210.9375,0.11991195110154038,0.0785438148403301,1.2810390590334515,-0.019895171103786174,3011.142023970553,0.056056574744491584,41.29151149573167,5.965287948344022,791.4835607841552,0.11740794649561268,0.01378462590031665,ball,21mil,12000.0
CWRU,DE,82,0.09093400920814615,0.08686721068878447,0.15155311002991792,0.7528771699529345,0.008702509283822725,6.212460863615775,4.092396582619468,5.219559252197549,0.6093204224757938,0.024106388473053887,0.9033017564870258,0.4746354491017964,3210.9375,0.11597982735045462,0.07640055358442116,1.2754285042571816,0.005697362120734317,3038.4819663721382,0.05490795721792317,57.92084752167558,6.87388211074405,764.561228133717,0.11344691440064587,0.012870202387027473,ball,21mil,12000.0
CWRU,DE,83,0.09295715143930883,0.11565631120805142,0.14716512104995677,0.7280882067579079,0.009090360850244854,6.535015278998733,4.268336143079562,5.4746649784046975,0.7836785049178263,0.02411574752838073,0.9634027544910179,0.5089092614770458,3210.9375,0.11922895583145729,0.07787422672331054,1.2826227351566508,-0.006032427127765295,2959.3660054311404,0.0604062231327787,51.041618317943076,6.292215763788815,861.4337113084871,0.11676461206121909,0.013633974629806991,ball,21mil,12000.0
CWRU,DE,84,0.09698487641903689,0.11213319131198188,0.11695057992506941,0.7624184098859802,0.008497818717731621,6.284340089772593,4.0778525981922185,5.247305355922003,0.6378208362182156,0.023671906226609276,0.9634027544910179,0.5089092614770458,3210.9375,0.12479834648821148,0.08098054118765259,1.2867815178626671,-0.015358406217470205,2971.840851037425,0.05465409908386366,103.02206399142078,9.038559227881928,851.3873776923818,0.1225327227388272,0.015014268141790302,ball,21mil,12000.0
CWRU,DE,85,0.09390336779565864,0.1288273016607814,0.1407890652019965,0.7225399066824876,0.007843725986048123,5.748003350270243,3.81932887015115,4.836553080213255,0.1787335650940376,0.023550238507360273,0.8758502195608782,0.454168622754491,3210.9375,0.11891320129667632,0.07901328427951215,1.26633585235666,-0.019864600581111634,2922.7122129372437,0.06498880619952749,79.74865064076674,7.684836317372207,906.5510912666624,0.11655786420859944,0.013585735708870308,ball,21mil,12000.0
CWRU,DE,86,0.09619831920144083,0.0999228460046717,0.12870521316588304,0.7639529998438707,0.0074189407845973365,6.736649260617227,4.459452567636259,5.661689253420995,0.3789401143587452,0.02336710241626122,0.9694128542914172,0.5446449900199601,3210.9375,0.1221327016622245,0.08084805501215281,1.269592885572945,-0.06526478596677732,3000.4874741675617,0.05861977967491058,50.40057220933137,6.527050283979823,820.6964360644736,0.11987650036592616,0.014370375339981895,ball,21mil,12000.0
CWRU,DE,87,0.1241120982839009,0.063343051072027,0.15676774352573672,0.7700482797819922,0.009840925195876662,8.572736241230498,5.298397010360524,7.049075963418137,1.664359872239749,0.02315343042430763,1.5629508183632734,0.8748756087824352,3210.9375,0.16512081051527416,0.10205325162982723,1.3304167184215003,-0.020531066835536228,3057.3839437171205,0.06323424029839368,74.34089017889204,7.800957522040278,688.370689162738,0.16348945141753893,0.026728800724807825,ball,21mil,12000.0
CWRU,DE,88,0.15678321209144208,0.044012759407107464,0.1689049380209097,0.7654735684902064,0.021608733787072284,6.741463195729667,4.281604522646482,5.5801612756356445,0.6513721157766255,0.02351867152413922,1.5629508183632734,0.8748756087824352,3269.53125,0.20433358666242954,0.12977532968460306,1.3032874115581599,-0.013407077234187055,3130.1977911023982,0.07484450163614097,76.81223448934621,7.6290223528705665,630.8560779359346,0.20297558160545381,0.041199086728072244,ball,21mil,12000.0
CWRU,DE,89,0.14912179422405186,0.05889254203816762,0.22592706004780372,0.6925123821045529,0.022668015674748278,5.983890345676131,3.786064897493717,4.943144780399801,0.6650524337577961,0.02303755262911676,1.4050638722554891,0.7371306187624751,3398.4375,0.1946957167190762,0.12318585003736149,1.3056154382541203,0.007925194279352897,3068.802813921858,0.08164221964782822,32.381242816392735,5.199645481053955,708.1588355473748,0.19332794230947437,0.037375693277615446,ball,21mil,12000.0
CWRU,DE,90,0.11520156378648946,0.07657059354549446,0.18560019067764355,0.7223589088386098,0.015470306614445126,7.739322747888451,4.875311779489295,6.39861642962284,1.3462347459674637,0.022529784220621248,1.2786893413173654,0.7371306187624751,3257.8125,0.151196611027755,0.0952448480021833,1.3124527659014897,0.031650848241402775,3020.320950150356,0.07114270735867954,54.624449305697844,6.85581741144274,759.0872590982874,0.14950860847874442,0.022352824009250486,ball,21mil,12000.0
CWRU,DE,91,0.09489796570920654,0.12458068468057172,0.17091416262123563,0.6948542757978413,0.00965087631431968,5.687013666159506,3.7374567111802572,4.768745758405464,0.47231707652973975,0.02257213791167664,0.8868958083832335,0.4525442714570858,3433.59375,0.12108348174397347,0.07957502795358909,1.2759333758007685,-0.05702402788232926,2922.6490569210973,0.07012361550803084,40.084151257670605,5.75531486811272,908.5271350375523,0.11896095217061524,0.014151708141339408,ball,21mil,12000.0
CWRU,DE,92,0.09189450208957081,0.10183659166780822,0.13181180068308357,0.7571490084230608,0.009202598983903795,5.5939705523254055,3.730119577345499,4.7266324649409315,0.3406371453667201,0.022488065041791412,0.8537590419161676,0.4343515369261477,3210.9375,0.11644440021819608,0.0776463753005615,1.267153067598061,-0.07966755055846413,3008.39747266344,0.05957989434565659,56.98957005521697,6.940647421602352,830.8109869418298,0.1142522878232711,0.013053585272851581,ball,21mil,12000.0
CWRU,DE,93,0.09267756948992636,0.11273353674785014,0.1561409093072578,0.7201801432735496,0.010945410534190188,5.668436546966423,3.7858704553881037,4.784846070437977,0.19711884348181563,0.02234839303814246,0.8180233133732534,0.4434479041916167,3210.9375,0.11713235025263358,0.0782310784494777,1.2638694659052894,-0.050984319965679786,2981.229166835331,0.06691969325549663,52.50077431374632,6.658583293427593,858.8715201333457,0.11498059316388283,0.013220536804318337,ball,21mil,12000.0
CWRU,DE,94,0.09175102301256857,0.10582445537766855,0.1407186317541639,0.7444489394237793,0.009007973136574095,5.8340272286785035,3.8389328677979866,4.900440609366992,0.5425415511117069,0.022083801440088566,0.8393023153692615,0.4496204391217565,3210.9375,0.11712120388801145,0.0770686219823493,1.2765111498753265,-0.08912194740016104,2991.620217212553,0.05795691300424898,69.9641625221094,7.591806706874345,842.5985346440532,0.11502035521650893,0.013229682114131891,ball,21mil,12000.0
CWRU,DE,95,0.0936381416853792,0.12004955338282308,0.12947397354404264,0.7412280148809052,0.00924845796331741,6.241290577194936,4.094208446290809,5.233623581229885,0.6713172678667978,0.02174536848178642,0.9487835928143712,0.4900667864271457,3210.9375,0.11969756617329214,0.0785201041941232,1.2782992487769744,-0.05846610887936945,2964.8272170878427,0.06146431478696385,52.60323323136594,6.662731322822164,893.6039468618698,0.11770576153018586,0.01385464629740098,ball,21mil,12000.0
CWRU,DE,96,0.092105953288735,0.10932344049340657,0.13494292913927192,0.747862235470282,0.00787139474501076,6.664509561585578,4.274384274143531,5.541131266996305,1.0046243015440703,0.021581664327594802,1.0004379640718564,0.5103711776447106,3210.9375,0.11940226823592619,0.07658045546014437,1.2963577702911595,-0.04980318069978074,2983.7270249456856,0.05753044345592283,54.81195830740637,6.860349017291244,854.323364846733,0.11743565653043835,0.013791133424735088,ball,21mil,12000.0
CWRU,DE,97,0.09215044845855161,0.10835471222982504,0.15712095512682198,0.7243405570834137,0.010183775295101095,6.664911309725589,4.263251438521021,5.53845571217454,0.8922113697161183,0.021673430658214813,0.9645398003992016,0.5103711776447106,3210.9375,0.11971406918043878,0.07657583933637128,1.2991154268151504,-0.1016370032268539,2980.6994938383846,0.06083512765536825,50.59556345911777,6.541872499018735,850.0021135066511,0.11773580917988562,0.013861720763242437,ball,21mil,12000.0
CWRU,DE,98,0.09380374937624746,0.09550196175026962,0.1412510306673426,0.7542612322201226,0.008985775186909212,5.651173554161454,3.611661395257269,4.67891447279418,0.6125413027044533,0.02136275760978043,0.8544087824351296,0.4388997205588822,3210.9375,0.12152294263665825,0.07766523472556987,1.2955019756111126,-0.11591452059521287,3006.906255585737,0.058405718295550836,62.619990680190625,7.163898629275465,800.8698829700405,0.11963050687169348,0.014311458174378299,ball,21mil,12000.0
CWRU,DE,99,0.09159144318784301,0.10576211880508556,0.1512857249398574,0.731754947364131,0.011197208766013345,6.967026859968306,4.4536598353639425,5.788622222991963,0.9665873088398502,0.021178193866173894,0.9648646706586826,0.5301882634730539,3210.9375,0.11904552279972865,0.07609964395565225,1.299745027006296,-0.06871834180062097,2985.476829890839,0.06403562617178253,46.43196679959481,6.211265187175491,841.2056998380903,0.11714657742856796,0.013723320603227467,ball,21mil,12000.0
CWRU,DE,100,0.09427471607566112,0.10114587873119496,0.13168858714176718,0.7581590426961906,0.009006491346709599,6.712118112736218,4.3996176568707055,5.623864865819866,0.5886767553458085,0.021189853028318356,0.9648646706586826,0.5301882634730539,3210.9375,0.12050780427364643,0.07898971003907451,1.2782621819505846,-0.03265698105006077,3011.495754194714,0.05525639690477946,58.50050688208751,6.944252873224491,828.7436068612386,0.11863018595405532,0.014073121019493744,ball,21mil,12000.0
CWRU,DE,101,0.09334483840911921,0.11325263696760204,0.13723721801118596,0.739116266230153,0.010393878717314549,6.3748530935276015,4.228273159901798,5.352737950993373,0.1877080782406999,0.020491255067989017,0.8659416766467065,0.4996504590818363,3210.9375,0.11816891676256808,0.07837834876369656,1.2659394860661488,-0.014908711391125512,2974.000472754484,0.06147138934419912,48.81045318901321,6.431632797402243,865.080510824367,0.1163786980275057,0.013544001354577359,ball,21mil,12000.0
CWRU,DE,102,0.09410315983267833,0.10800058448412878,0.11321378220095246,0.7689992423517409,0.00978639079117449,6.338817779330045,4.152199915159025,5.309603417889984,0.3673034010758882,0.020208341929422398,0.8682157684630738,0.4996504590818363,3210.9375,0.12033391197222741,0.07882391898235712,1.2787446477481639,-0.03722552223859476,2997.4947990537053,0.05534962484980256,56.52547100783366,6.816308336396052,848.0114909879327,0.11862492692096094,0.014071873287003324,ball,21mil,12000.0
CWRU,DE,103,0.09697361382703339,0.09376206729072543,0.16095252534760612,0.7343945950248777,0.010890812295530395,6.183675421611358,4.0647269686439635,5.194313354391352,0.4341320325119411,0.02035372454310129,0.9482962874251497,0.5037113373253493,3433.59375,0.12392255155415588,0.08145824335554969,1.2778996952221442,-0.08572653993433997,3016.7161377168327,0.056550111233512376,36.74639356577192,5.6363568515346625,804.7208521496519,0.12223961993116624,0.014942524680915975,ball,21mil,12000.0
CWRU,DE,104,0.09416359712216188,0.08990441008848231,0.15865239514125973,0.7419160499747236,0.009527144631908943,6.6074224550579865,4.294266329692928,5.530449577796966,0.6894010979005278,0.020050665641373495,0.9653519760479041,0.5207670259481038,3210.9375,0.12127031394099452,0.07881545784157576,1.2878683232934072,-0.02704715969041217,3018.970160330373,0.05625416747463287,62.80762813108542,7.026883431492075,786.8600674653436,0.11960125354980697,0.014304459850685214,ball,21mil,12000.0
CWRU,DE,105,0.09235499933726293,0.11377476669632511,0.18345433260068514,0.6925916600327731,0.010179240662823785,6.893512158123631,4.482578605022803,5.772422712727862,0.8327550523313496,0.019801698906873746,1.0631379241516967,0.5331120958083833,3433.59375,0.11892978189183842,0.07733533844284869,1.2877460099104048,-0.010077307249242697,2963.303755758859,0.06074993354679751,36.74262239516532,5.612960565576232,869.3261177873474,0.11726971365720042,0.013752185741241776,ball,21mil,12000.0
CWRU,DE,106,0.09102458582834327,0.11576854809100512,0.1432798472506556,0.7310766291337395,0.009874975382152281,6.945180599122194,4.582847631499352,5.856792326567033,0.8049848200229368,0.0195526528583458,1.0631379241516967,0.5331120958083833,3210.9375,0.11632769375620003,0.07676000475434197,1.2779810278464114,-0.029097857294924763,2968.0864536038084,0.060323065320873184,57.61679875864837,6.833853189672065,868.4791114853916,0.11467269117290864,0.01314982610083728,ball,21mil,12000.0
CWRU,DE,107,0.09276965307665913,0.12277646315879696,0.14068177714640143,0.7249297992473835,0.011611960276679012,6.089902518976671,4.035375495020234,5.130286837942976,0.4334013231733276,0.019238727934755482,0.9169463073852295,0.4759349301397205,3210.9375,0.11794068004998233,0.07815148578432339,1.2713282430033819,-0.0052445498034218024,2951.577475520957,0.06267024263182723,40.91140211012934,5.9809938836856285,893.5273635499198,0.1163609700806278,0.01353987535810476,ball,21mil,12000.0
CWRU,DE,108,0.09548560334409303,0.10341175010875057,0.11437273850720787,0.7733756899293754,0.00883982119231971,5.803683122274296,3.889329550431211,4.902708131038224,0.2427127402712479,0.01924562825520833,0.8743883033932135,0.4681380439121756,3339.84375,0.12036471526571284,0.08066223362806993,1.2605535394897716,-0.021234510689427565,3016.786227116888,0.05765415031796078,36.45940988588018,5.6096451424627745,836.2437918289627,0.11881612043009337,0.014117270474058452,ball,21mil,12000.0
CWRU,DE,109,0.0935612863920596,0.10139990113916975,0.15869823064293806,0.7309911609356965,0.008910706938056293,6.5674681468724945,4.343336548348933,5.524385167904202,0.5457674761348228,0.01907050288095683,0.9655144111776448,0.5168685828343313,3433.59375,0.11900265546560344,0.07870134597919143,1.2719219674570765,-0.05000680747273913,2995.4521891567492,0.06127522796276257,50.546288630925375,6.4018499495502565,826.4951100354766,0.11746466672039102,0.013797947927732536,ball,21mil,12000.0
CWRU,DE,110,0.09165449784025695,0.10840144189078627,0.1462822454437466,0.7365005853650177,0.008815726915451301,6.6817924079120825,4.453460813009072,5.639314981957271,0.4163569643551295,0.01874047720964321,0.9655144111776448,0.5168685828343313,3339.84375,0.11605998223325523,0.07735478016681481,1.2662769964168499,0.0025446171741951096,2982.6315728503173,0.06118807557930911,36.99908567644867,5.73968828081056,839.0296624517293,0.11453695469121905,0.013118713989938365,ball,21mil,12000.0
CWRU,DE,111,0.09025611220917536,0.11984629243569944,0.12854844658197215,0.7409963901092184,0.010608870572004549,6.912329802996631,4.585099734215327,5.827471815768409,0.7404006085967003,0.01881907741158308,1.0275646307385229,0.5259649500998004,3433.59375,0.11471177958788972,0.07609083551999851,1.2709585731106665,0.025484095934615907,2975.471901979015,0.06652921067360383,36.09913752885499,5.542674600779328,889.1061998142563,0.11315756581686191,0.012804634701597437,ball,21mil,12000.0
CWRU,DE,112,0.09149904234499746,0.10153782482068734,0.1283847932503406,0.7619092765048304,0.00816810528662024,6.919180304545253,4.429655192694544,5.748310983590929,1.0268851744766607,0.018507611222866763,1.0275646307385229,0.5259649500998004,3339.84375,0.11873722157138324,0.0760154999508093,1.297688134523683,0.0587706476121384,3007.464352532936,0.05632833669559427,34.77737605081882,5.522591031885056,826.300795250356,0.1172859587218989,0.013755996113314971,ball,21mil,12000.0
CWRU,DE,113,0.08990141987509352,0.11054392615694866,0.15498489264237506,0.7269089178197542,0.007562263187451127,6.603577523871685,4.244657316761013,5.499941331484174,0.765405158606316,0.018497379713229786,0.8950175648702594,0.4944525349301397,3210.9375,0.11648821047995542,0.07487646402918907,1.2957327108047996,0.07607069705370167,2972.200773616764,0.05749459236044841,59.33122181460283,6.785734607477603,847.5196885670869,0.11501021747900049,0.013227350124566991,ball,21mil,12000.0
CWRU,DE,114,0.0908900692365269,0.09891822757902392,0.13974694440213842,0.7537284838776358,0.0076063436160895125,5.829627820844683,3.8707202422710107,4.928988299684457,0.5315488888569919,0.01845510533620259,0.8274445508982036,0.4479960878243513,3339.84375,0.11573972278645102,0.07684814564361657,1.273403395537711,0.024026427059906933,3016.167977413978,0.06040953793217216,45.3433309728825,6.18774974290507,807.8695704750212,0.11425888375839402,0.013055092517714195,ball,21mil,12000.0
CWRU,DE,115,0.09134398341987895,0.10927430552914771,0.13893289017776972,0.743080951046219,0.00871185282103834,7.025849118244428,4.589905045398822,5.909222653960539,0.842530615515102,0.01772073674915793,0.9811081836327346,0.5397719361277445,3210.9375,0.11759980452511586,0.07682657669463576,1.2874389765174497,0.005460491369657617,2994.60425167522,0.061787355267628005,50.87621642772629,6.497526422579329,839.9308102443675,0.11625699769653655,0.013515689513412504,ball,21mil,12000.0
CWRU,DE,0,0.2878066158210921,0.09415299664334159,0.35522857156143434,0.5486426897357229,0.0019757420268128644,24.575885910126416,8.295934239920573,16.295345643994853,16.210962507219858,0.0060851705280844555,9.02652015968064,4.689908283433134,3445.3125,0.5653261161190251,0.19083374249799362,1.9642568483222291,-0.13308719681728112,2944.7890749217695,0.04760943322174614,13.55052046737066,3.3933732374445205,824.7117203589772,0.5652933647813899,0.3195565882658655,outer_race,21mil,12000.0
CWRU,DE,1,0.3012634304145615,0.07406131270782103,0.3046741218236338,0.6196011202825266,0.0016634451783445442,23.374722800913098,7.961024423338698,15.567466243677375,16.764715607240355,0.006263627091520082,9.02652015968064,4.689908283433134,3445.3125,0.5891086415567455,0.20064016687504546,1.9554601789738866,-0.05363190892267617,3036.1660413702425,0.04361958210453696,12.409002994542877,3.406644283729198,761.0922246054809,0.5890753419830883,0.34700975853249244,outer_race,21mil,12000.0
CWRU,DE,2,0.28842724809170717,0.08279624741371698,0.33339014756695834,0.581871989149612,0.0019416158357847026,26.173962950248754,8.973519463565948,17.628797841894283,20.301752859954565,0.00588569574717752,9.932502095808383,5.084625648702595,3480.46875,0.5666255775503759,0.19426273577170594,1.964535532961206,-0.040400656241299744,3003.5672517954,0.04602151927104063,10.941544567957035,3.21574025177272,795.8911977983371,0.5665950085553778,0.3210299037198686,outer_race,21mil,12000.0
CWRU,DE,3,0.30112562229057505,0.06986036029458022,0.3264555559848862,0.6025727312149414,0.0011113524642186155,29.932484011499863,10.176563913968508,20.135441345932243,22.709053556704422,0.005935068729728046,11.167415169660678,6.063297305389221,3445.3125,0.5958098781325046,0.20256579116720624,1.978609038979653,0.22051751546631015,3032.5359205338123,0.039157625111377714,11.34701153196575,3.2803795142941126,746.4041558103391,0.5957803167606692,0.3549541858394434,outer_race,21mil,12000.0
CWRU,DE,4,0.30787128038844186,0.08936714783170718,0.38231273821322365,0.5262845328179606,0.0020355810623555307,29.91725354689365,9.659825447020056,19.694260853883954,22.346224128027806,0.005434993781967318,11.490661077844312,6.063297305389221,3480.46875,0.6276818705103702,0.20266891464102263,2.0387801996939197,0.23342024090908406,2952.0841698472163,0.0476616378358039,9.180351915295677,3.0363819658802798,807.3556851280803,0.6276583397119703,0.39395499140998713,outer_race,21mil,12000.0
CWRU,DE,5,0.3156392963097243,0.05932060695215153,0.31282963395774005,0.6266151090385048,0.001234650016221839,27.25708796341409,8.86200567727949,17.87155792708591,17.899467366567304,0.005480599348178645,11.068329740518962,5.640965968063872,3457.03125,0.636533779540025,0.20695409486279223,2.016649343038136,0.29623872587646416,3072.7694280092896,0.04038253252836464,11.649612711815525,3.3088138240355818,700.1526062647092,0.6365101849352404,0.40514521552629384,outer_race,21mil,12000.0
CWRU,DE,6,0.31561887294746443,0.0752452627783876,0.43382437938073526,0.4896726363107664,0.0012577213790103254,24.401412189529097,8.089672501813824,16.07656512389249,16.459684792612297,0.005868246660974924,10.086815469061875,5.074067365269461,2800.78125,0.6272277850718654,0.2079415455900047,1.9872949269933837,0.27056803167389415,2950.144356815281,0.04156591002634338,9.417035421165762,3.0274142027122988,744.6176330804437,0.6272003332646469,0.3933802580472841,outer_race,21mil,12000.0
CWRU,DE,7,0.2934291872797374,0.06575949554415123,0.26750017266924025,0.6647609821165559,0.0019793495874571103,26.450404732464758,8.579038898770293,17.292306236843974,18.482710217511087,0.0056001652456805105,10.086815469061875,5.074067365269461,3433.59375,0.5914493948729818,0.19183325989116684,2.015646092865091,-0.0021532225032693877,3073.8327053809285,0.04553926107055881,12.68996125016592,3.485895737286269,725.9339144988148,0.5914228815702326,0.3497810248448374,outer_race,21mil,12000.0
CWRU,DE,8,0.283909521045799,0.10028039907644537,0.39239069800958637,0.5045413501517362,0.002787552641587438,25.37988557260235,8.527249150854225,16.699247463900967,15.414623200003863,0.0059356635849394926,8.652513273453094,4.741075349301397,3480.46875,0.5559911837249948,0.18680444148335323,1.9583393388040158,-0.15797112574498767,2902.363006822617,0.047109171658925926,11.487270132792233,3.3002507574113706,829.6381674931397,0.5559594987746206,0.3090909642777273,outer_race,21mil,12000.0
CWRU,DE,9,0.29726144283698225,0.07264786759016825,0.2902248546390281,0.6349896999233039,0.002137577772725413,27.222365669781272,8.939244142088421,17.831657952909694,17.633738734027045,0.005781992655314368,10.30691506986028,5.300664371257485,3433.59375,0.5929656117456842,0.1947172569627772,1.9947612649880924,0.028128595810569586,3039.8581550158715,0.04470866205589635,18.575382753673537,4.000593408913871,751.8624355088486,0.592937421043627,0.35157478527386743,outer_race,21mil,12000.0
CWRU,DE,10,0.3131444735528942,0.08314209346952363,0.30571548436365287,0.608996283173911,0.00214613895380295,25.93703333608954,8.502950994150178,16.927216728805316,16.355243056415475,0.0053759048309630734,10.30691506986028,5.300664371257485,3410.15625,0.6233911467800076,0.20436664064744775,1.9907461233695019,0.09057115740325061,3019.7449056829773,0.04576194343870965,14.51112138052115,3.5466693099662137,795.9624641135247,0.6233679663978101,0.38858762153094134,outer_race,21mil,12000.0
CWRU,DE,11,0.28769438647119816,0.08275455897182853,0.2821674814670396,0.6328270080168745,0.002250951466950096,25.49084666344846,8.357290869125368,16.82114365230721,18.85923955141456,0.0054276572343594075,9.435450598802397,4.839348602794412,3445.3125,0.5790570985955014,0.18984652282003622,2.012750772436334,-0.01923153813506897,3031.7021911280926,0.048482983207949616,13.78803340108428,3.586433903005768,804.9311853921481,0.5790316605944673,0.3352776639707864,outer_race,21mil,12000.0
CWRU,DE,12,0.28943294996920216,0.08407251622755045,0.2664639989159373,0.646720882238238,0.0027426026159494995,25.022942620894373,8.508511969694512,16.720102542952883,17.724287988728562,0.0058139165516623,9.435450598802397,4.839348602794412,3480.46875,0.5687655632419781,0.1933964632422373,1.9651030171322894,-0.19287020073822495,3038.804583095867,0.04874788480521834,14.912210541240597,3.7284672516228086,812.5462526110541,0.5687358475639591,0.323460464304295,outer_race,21mil,12000.0
CWRU,DE,13,0.27717496691187926,0.10593411317034149,0.4675877359409457,0.4243102289341087,0.0021679219491397674,22.443317758640784,7.725304887976545,15.042136521442409,15.957310654302397,0.00546136569634169,8.234648902195609,4.16930369261477,2789.0625,0.5396943878685955,0.18577038107521196,1.9471252901427336,8.150935328123658e-05,2832.452598805973,0.05311492663732133,12.195436550497988,3.258001819057775,840.589057146956,0.5396667543786525,0.2912402057815888,outer_race,21mil,12000.0
CWRU,DE,14,0.2904446003988117,0.09944199342226825,0.5898054078861164,0.30901749048033844,0.001735108197302533,21.235312294541558,7.584527036753394,14.354901715817293,13.914005903421533,0.0053848276591348596,8.234648902195609,4.16930369261477,2789.0625,0.5497117582165635,0.1963382329765158,1.8926561466859775,0.3758573851844205,2765.0439891733095,0.047028076450930455,19.713102435375188,4.125236254721076,777.0667128123939,0.5496853834263987,0.302154020752627,outer_race,21mil,12000.0
CWRU,DE,15,0.31783768288618075,0.07926261262682135,0.43571497681143184,0.48334676848596636,0.0016756420209928541,25.028725056284642,8.459848718789404,16.529060166582134,15.956229632572065,0.005909886525776576,10.093718962075847,5.253558183632735,2789.0625,0.6209990696363793,0.2099011504508729,1.9538245559723708,0.18287957337753907,2923.1897034075523,0.04588926359492765,10.062772545154287,3.092018355150118,765.2231118448077,0.6209709475736374,0.3856049177305011,outer_race,21mil,12000.0
CWRU,DE,16,0.30391212238608717,0.06691615182960692,0.24454377876964675,0.6865178653612067,0.002022203993525509,26.820622822896357,8.387104371995527,17.286438403265343,18.404594611590785,0.006222383796859406,10.093718962075847,5.253558183632735,3433.59375,0.626385215995919,0.19587756102173184,2.0610734809721247,0.012264823938155525,3097.9021594649284,0.04218184788516413,22.492365644077978,4.391975382158513,744.2990441649187,0.6263543092836024,0.39231972075813865,outer_race,21mil,12000.0
CWRU,DE,17,0.3003180071984936,0.07110184336654289,0.2878462750803812,0.6386744419712503,0.0023774395801062025,23.641109397806755,7.909982521051491,15.413644865860237,13.56759242589974,0.006176778230648077,8.662665469061874,4.628995109780439,3433.59375,0.5852092716337756,0.19580278708112922,1.9486319754612136,-0.053044339111596964,3044.763760970206,0.047651768601960166,17.209113654472468,3.927010273854124,754.4157184234435,0.5851766733362015,0.34243173901682344,outer_race,21mil,12000.0
CWRU,DE,18,0.291924798449975,0.07567333200792084,0.4704054462179395,0.4520908392170563,0.0018303825536902254,26.49376632728784,9.038692782002995,17.444017583994004,14.542806576602597,0.005125272501871255,9.068753293413174,5.092341317365269,2789.0625,0.5633935614566595,0.19220903719228097,1.929927037538759,0.3536392084837904,2904.7753485856506,0.047762298839980656,15.235165572138047,3.61599158619129,740.5641564397376,0.5633702483026596,0.31738603667260035,outer_race,21mil,12000.0
CWRU,DE,19,0.3087038793994043,0.06184223947847892,0.47330154924485746,0.46354949447430216,0.0013067167973048667,25.299137295787443,8.412257857742826,16.49587730245769,15.669181580934232,0.005280926282201223,9.556058682634731,5.092341317365269,2789.0625,0.6053477441467354,0.20128517655869613,1.960933388088493,0.6292541025891079,2937.971807097159,0.04399092341719539,13.081783903289075,3.438777710363319,692.603444241793,0.605324708863882,0.3664180031611435,outer_race,21mil,12000.0
CWRU,DE,20,0.29362132551303644,0.07880085974969417,0.3823404226263552,0.5365071403775451,0.002351577238941855,26.06215177669522,8.77622939681474,17.05970540328092,14.82574006338466,0.005503203846213823,9.472810678642716,5.009093313373254,3433.59375,0.5707568805335994,0.19219799486596442,1.9438536337111472,0.391525908406146,2952.013300644976,0.04709604199616113,20.818922258321027,4.159177481421073,761.8618362438406,0.5707303491350995,0.3257331314238725,outer_race,21mil,12000.0
CWRU,DE,21,0.28199012156351355,0.091817309400054,0.5070009694392731,0.39906146434985157,0.0021202567715725125,23.10183720935663,8.08899287497624,15.41027672986932,13.52946183164039,0.005136574750888849,7.949169161676647,4.345545808383234,3433.59375,0.5372171635638878,0.18810390571981067,1.9050921379275645,-0.011657855980163745,2826.00959744435,0.049773284695326846,13.08119973510114,3.4771553299534257,780.3236901236942,0.5371926064527113,0.2885758964274575,outer_race,21mil,12000.0
CWRU,DE,22,0.2852842314394648,0.1026599041956187,0.3030897897079404,0.5915534038505778,0.0026969019253693036,22.77249953111277,8.004924345694178,15.232337891431362,13.996731621810454,0.005599570390469065,7.949169161676647,4.345545808383234,3433.59375,0.5428590728306742,0.1908242791901768,1.9028709371406842,-0.056041403137784024,2947.8824169100694,0.0501736763538712,20.961466726065964,4.156274917626344,856.1653763647947,0.5428301923861839,0.2946646177660215,outer_race,21mil,12000.0
CWRU,DE,23,0.26972381053323036,0.11340719410636627,0.3335162874488108,0.5501856787795351,0.0028908395870019896,19.841213895428016,7.015248122685482,13.384508958797547,15.017671753042865,0.005259114924447979,7.163795309381237,3.610120758483034,3468.75,0.5146105590775678,0.18195059926826904,1.9079166872965672,-0.3895888571232793,2890.2143568232873,0.05335007325235475,14.853412189224493,3.6070341400763053,885.7563372775967,0.5145836853460654,0.26479636922433836,outer_race,21mil,12000.0
CWRU,DE,24,0.2840310697940057,0.09444269437119301,0.33047667867454317,0.5729284599756603,0.0021521669243030656,26.87943730841613,9.348889638639248,18.10896387836681,18.4038294539252,0.005321574721650448,9.876461976047903,5.143508383233533,3468.75,0.5501731844148908,0.1913547640233922,1.9370176115377284,-0.015503447892315359,2957.936251174542,0.048369316316893785,17.477177092539854,3.785198093606009,830.2956039818786,0.5501474472281984,0.3026622136917033,outer_race,21mil,12000.0
CWRU,DE,25,0.2945092460586639,0.09587784048573272,0.3755314927782884,0.5261075603434976,0.0024831063616556344,25.705393778840925,9.253299564755316,17.4646753949755,16.692076579575392,0.005768509270521456,9.876461976047903,5.143508383233533,2789.0625,0.5558566808778703,0.20009451819669644,1.8873997618640064,-0.08016749366479925,2919.505730711199,0.04835887153613356,11.54074523115821,3.3076644802641266,830.8605604742096,0.5558267481665115,0.3089433739773585,outer_race,21mil,12000.0
CWRU,DE,26,0.30862516022642217,0.09416910091451093,0.33989906347197846,0.5638898639954111,0.00204197158452558,23.938567876904422,8.567788401112303,16.15139880447576,14.7164087627148,0.004109656370852047,9.559307385229541,4.984728043912176,3445.3125,0.5817986871927229,0.20823000229355274,1.885130450044603,-0.1802638765342951,2949.6772286514506,0.047391885021968366,19.779979943118867,4.019177003149591,820.1473881208618,0.5817841723042054,0.33847282314368937,outer_race,21mil,12000.0
CWRU,DE,27,0.29999024197698354,0.062298270458152956,0.2898884418248081,0.6462613096713667,0.00155192841621843,34.44489511390332,10.4937936681826,22.17717743918399,25.731378242402542,0.004992421504646958,12.632580039920159,6.652936826347305,3433.59375,0.6339877680765869,0.19314725170006156,2.113361301016014,0.2677902465599587,3077.8650390010266,0.05125579252911196,15.279576435955235,3.7755314954510597,717.8138902635154,0.6339681110262977,0.40191556579825205,outer_race,21mil,12000.0
CWRU,DE,28,0.32970266493380423,0.0732745256486544,0.4043648580889915,0.5210488169087648,0.0013117993022664803,31.898048519980907,9.698458491086711,20.17859584993965,19.44153188061916,0.006935416910319986,12.632580039920159,6.652936826347305,3433.59375,0.6859787905945705,0.20856877254355893,2.0805982588351153,0.25932753875210157,2972.576974489669,0.04286123270921835,12.548535018838258,3.3841316922510125,737.5783355529857,0.685943730299993,0.47051880113786954,outer_race,21mil,12000.0
CWRU,DE,29,0.3002842987365113,0.07852942075133497,0.4305738034525733,0.4890917880586136,0.001804987673637925,22.770956263989127,7.697825490217074,15.050242107967016,13.590587304051233,0.005974527458754366,8.657386327345309,4.519351397205589,2800.78125,0.5870945506557782,0.19846998715432368,1.9551290331398,0.18269429841711832,2933.7850495370803,0.04381903795218755,12.177136608133548,3.3069962506686035,752.110286305491,0.5870641501840789,0.34464431643135474,outer_race,21mil,12000.0
CWRU,DE,30,0.286262569977233,0.0832174506949357,0.5567905342412225,0.35904799196917336,0.00094402299471421,24.751217902065825,8.414742783464757,16.428634362454044,15.331331788116604,0.005991381689745506,9.368852195608783,4.702903093812376,2789.0625,0.5588885144598518,0.1900069367261259,1.9523632254971415,0.3586348229372994,2841.7910550575575,0.03873200970614459,15.711631532509944,3.687548964188091,736.5544823824246,0.5588563992123448,0.3123204749405877,outer_race,21mil,12000.0
CWRU,DE,31,0.28510954229236835,0.07819892177832444,0.5429206128559981,0.37757893593854264,0.001301529394996863,25.076607401684146,8.304383384975399,16.495074335287377,16.735305654784156,0.005457796565072974,9.368852195608783,4.702903093812376,2789.0625,0.56631574865884,0.18754144125159963,1.986309346595303,0.10361688600873506,2862.5805816908605,0.04236219284341714,18.462304651365002,3.884182713568194,739.1220670399225,0.5662894486353042,0.32068373963567676,outer_race,21mil,12000.0
CWRU,DE,32,0.28399974075286927,0.09834968373040127,0.3318879283058966,0.5673962934833988,0.0023660944773574023,22.365616159206585,7.701220020461352,14.877984751584885,13.727224602955353,0.005546033421438369,8.146121756487027,4.225343812375249,3527.34375,0.5486590178113265,0.1889214132218722,1.9318997135590992,-0.04967452830004605,2954.299275861135,0.04641187125217703,15.724477485065666,3.7059554959858927,835.568330109958,0.5486309864918111,0.3009959593389778,outer_race,21mil,12000.0
CWRU,DE,33,0.29424413891942675,0.11343403440426623,0.4458943093275339,0.43810134227564695,0.002570313971293512,19.908451003457827,7.029719727464364,13.324914333078386,11.846914560138107,0.005232941295144083,7.554451796407186,3.920777944111777,2789.0625,0.557743138576879,0.19694038192277194,1.8955114641369508,9.739731107683147e-05,2827.747714213784,0.04703687057996493,11.078590566615519,3.206655445729017,863.3110052730686,0.5577185893934226,0.3110500249549891,outer_race,21mil,12000.0
CWRU,DE,34,0.2910999325567615,0.10887054867917978,0.37126059618245916,0.5174972743583721,0.0023715807681894377,25.819467197464554,9.04105790969883,17.394401425527622,15.807233944355943,0.005093546890593812,9.339207784431139,5.063509081836327,3445.3125,0.5600571451272784,0.19611206703496803,1.9239343005277856,-0.07889115142764486,2901.345112188701,0.04705463879794592,11.239524605096241,3.2552729543231846,870.7529807067579,0.5600339825298021,0.3136380615881907,outer_race,21mil,12000.0
CWRU,DE,35,0.3081708891299432,0.07903881311065623,0.30798813320728663,0.6108311368083619,0.002141916802373315,24.953923118777677,8.346895248121156,16.43084814445679,15.900780071558597,0.005936853295362401,9.660017165668663,5.063509081836327,3515.625,0.6066338358536484,0.2029143496890101,1.968498184777782,0.01074626334603343,3029.0841726785593,0.040296708026635555,16.015515894799098,3.7368692208856964,790.0960319449204,0.6066047844976666,0.36796936457546053,outer_race,21mil,12000.0
CWRU,DE,36,0.2923703450033527,0.09529731160660655,0.3312016588406611,0.5709877870542386,0.002513242406927608,27.112074547947543,8.959670647670462,17.943846537289037,18.207624249015712,0.005310669042773826,9.842756686626746,5.246248602794411,3468.75,0.5855403406104498,0.19350229336071098,2.0027350605744068,-0.02095484149288371,2971.2143891328064,0.047216642460769113,12.985361333015046,3.462169372599432,834.2501266418438,0.5855162570557028,0.34282928727651973,outer_race,21mil,12000.0
CWRU,DE,37,0.2916594930256674,0.09125342138583278,0.3895252013892288,0.5167756142142065,0.002445762989669616,26.80259978727855,9.325413373720064,17.987580477391546,15.739667495368398,0.005175636909774202,9.708341616766468,5.246248602794411,3515.625,0.5625754476020182,0.1957365570665449,1.9288775474642579,0.0033157620111628375,2928.8512437927457,0.045010952136283276,12.746419771231094,3.4880105005038944,809.4279614281696,0.5625516394316074,0.31646434702718923,outer_race,21mil,12000.0
CWRU,DE,38,0.29393183993341443,0.09460894344558042,0.4129118230146653,0.4901399356428133,0.002339297891989351,23.972424843457173,7.988177910130943,15.752677131890149,14.940959196955493,0.005278745146425899,8.980632235528942,4.630213373253493,3410.15625,0.5796332311754426,0.19314747688184844,1.9719987848432796,-0.03680597030369665,2905.1640853551717,0.04862686178761596,16.216104323594287,3.771064213507406,817.5906227049877,0.5796091937957534,0.3359468175325632,outer_race,21mil,12000.0
CWRU,DE,39,0.289267778505489,0.07937194634026072,0.38373992498250964,0.5347374386737596,0.002150689977575325,24.209723292145846,8.105300596723088,16.006668275241836,15.884826337408203,0.005232346439932633,8.980632235528942,4.630213373253493,3515.625,0.5712574528235823,0.1912542872704222,1.974839561374591,-0.035126702824570505,2965.0532661547873,0.04538325260704151,17.605687952886246,3.871218104044847,777.0175603465676,0.571233489877143,0.32630769995722,outer_race,21mil,12000.0
CWRU,DE,40,0.28537742542259226,0.09237144099556956,0.4595886763181512,0.4457669713699244,0.0022729111734745085,22.04572385627766,7.4796891514829245,14.649631608056545,15.057297773644457,0.005339023807853041,8.131096506986028,4.180674151696607,2789.0625,0.5589368845452282,0.18963651086948244,1.958588293091312,-0.013319801464103125,2871.7466592010383,0.049019064294996965,19.34570389424624,3.948288945863409,798.949864857561,0.5589113845055448,0.3123819357299049,outer_race,21mil,12000.0
CWRU,DE,41,0.2823202662058695,0.08379864480340346,0.3381794899862364,0.5755799059255757,0.0024419592471972102,22.18630428120963,7.5912970479442645,14.808267957101021,14.988454617068882,0.0049012103722243,8.131096506986028,4.180674151696607,3410.15625,0.5507193468115887,0.18843490554834627,1.9506900946671721,-0.17669742927767285,2978.974680325532,0.04269295601936127,20.653172393110285,4.043794540259558,790.3305800960388,0.5506975368471063,0.30326777708947006,outer_race,21mil,12000.0
CWRU,DE,42,0.27095397111051334,0.0932160403078452,0.3925617755505181,0.511614639553142,0.0026075445447858235,18.331598153122997,6.513726773845693,12.312096639045963,11.619744203103815,0.0047213658132952835,6.46979121756487,3.336011477045908,2789.0625,0.512150968695964,0.18198148623924426,1.8901770164020746,-0.22757587232999238,2909.1793473995367,0.04767202532801504,9.863429597951185,3.118576810998042,810.4619911459138,0.5121292058075495,0.2622763234410714,outer_race,21mil,12000.0
CWRU,DE,43,0.27621288774989083,0.09044014396670705,0.46763803287876154,0.4398424729771807,0.002079350083172542,28.65721839317319,10.24559412756182,19.444847807874897,16.860085864670953,0.00445804323969249,9.644585828343313,5.370917564870259,2789.0625,0.5242172877434094,0.18741936119486516,1.8978741072287875,0.2423750044168045,2869.376668959463,0.04918272555760986,10.270273757379947,3.0756945222575185,794.2188331090376,0.5241983313780476,0.27478389061952946,outer_race,21mil,12000.0
CWRU,DE,44,0.30874690725969933,0.08213853622840914,0.38205063425464075,0.5341431266687142,0.0016677028207164053,25.9923402969389,8.86311492642719,17.395858674472702,17.994236513769284,0.004275422689776697,9.891487225548904,5.370917564870259,3445.3125,0.6059853233828403,0.20663462787545872,1.9627251613993395,0.06954229139505848,2955.07631652134,0.04523074403581968,13.850079225403,3.53038517112844,790.0986035161154,0.6059702409493631,0.36719993291622927,outer_race,21mil,12000.0
CWRU,DE,45,0.3136598164510822,0.07021895588038543,0.30129613739642735,0.6271062394168174,0.001378667300968539,23.742691168946063,7.990170710235172,15.686293945809467,16.498301578069775,0.005709618604587699,9.440729740518963,4.920160079840319,3445.3125,0.6157765907977085,0.20722840746358093,1.9631988495209232,0.15711161990385733,3052.0006287856286,0.03789004140167692,14.34871756295891,3.5683733155335498,754.2146892801613,0.6157501197968529,0.3791482100298387,outer_race,21mil,12000.0
CWRU,DE,46,0.30862516022642217,0.0878359309844589,0.39760600782764033,0.5131408568089514,0.00141720422954443,25.062102487809636,8.170595268199218,16.457979327607564,19.120681087316132,0.006035400975392964,10.052704091816368,5.079346506986028,3457.03125,0.6216617443719625,0.2026704068206829,2.014293792236128,0.1816409169196421,2920.335599170757,0.0422851251291927,8.570738112013267,2.95152182049681,795.2123871578275,0.6216324463464383,0.3864268983506576,outer_race,21mil,12000.0
CWRU,DE,47,0.30901280753921845,0.061231882536281104,0.30126873579018365,0.6363341420435331,0.0011652395484388629,25.1105018094223,8.017994962199706,16.437333285421776,19.492793754811707,0.005240872697963446,10.052704091816368,5.079346506986028,3457.03125,0.6334933522572992,0.20227976905981576,2.050055327162772,0.17051754902298294,3080.324513102168,0.03905414837305461,9.264718527340047,3.088751663844702,714.1797255926945,0.6334716730900872,0.4012863606075543,outer_race,21mil,12000.0
CWRU,DE,48,0.3160880154242296,0.06931534525589313,0.42337656120124184,0.5062728349098597,0.0010352586085835872,23.301033159630702,7.795945850607568,15.385929067585721,16.110938823708135,0.005923766480710454,9.41798882235529,4.863307784431138,2800.78125,0.6238252391211929,0.20871640116185372,1.973580802435491,0.2610072081699189,2955.562088279783,0.040289564537774894,8.696206520685834,2.9460659742856827,728.0440533243244,0.6237971128141709,0.3891228379552955,outer_race,21mil,12000.0
CWRU,DE,49,0.3013937037058695,0.07449472105194475,0.33196787690942825,0.5921952870382713,0.0013421148472451986,23.41596191283106,7.908360089551435,15.481242787838438,15.344663932552166,0.004441585578842312,9.220630139720559,4.665949101796407,3515.625,0.5900021052355826,0.19926360997536657,1.9575793985775045,0.17815830917374448,3021.188720913619,0.04118837396786746,13.947737572531903,3.5163929622337236,764.3609636696222,0.5899853866834036,0.34808275649996534,outer_race,21mil,12000.0
CWRU,DE,50,0.2972945564437531,0.07016684833035518,0.487544983613918,0.4410582267529998,0.001229941120475232,28.897660347768714,9.56701687938653,19.01394557165239,17.14868133016747,0.004007142989411799,10.254123652694611,5.65274251497006,2789.0625,0.5908573786620656,0.19561246297943036,1.9874476873371658,0.5890160847985678,2909.3674419141926,0.044323209413745075,12.833487232247393,3.4230491338380444,719.4966886993719,0.5908437904594326,0.3490963847244699,outer_race,21mil,12000.0
CWRU,DE,51,0.3043211844864957,0.08312747733187648,0.5241430713390607,0.39168072843591734,0.00104872270814026,28.320583422566074,9.405682077819328,18.574922822111,15.76388998047987,0.004871864181792664,10.254123652694611,5.65274251497006,2800.78125,0.6009923010581522,0.1995983779933682,1.9748618620562095,0.5784242150711899,2844.820334466124,0.042102681904895606,13.43607023217228,3.4547257863100604,736.1737356765876,0.6009725541741209,0.3611680108705667,outer_race,21mil,12000.0
CWRU,DE,52,0.2890788128333177,0.08184229836562307,0.4542121668397505,0.46233557509534673,0.0016099595155666644,20.501954421708525,7.117711474189641,13.62200707183988,11.65139598160404,0.004087646728028317,7.353844411177645,3.937833632734531,2800.78125,0.5532443464467429,0.1920711338897988,1.9138183840741816,0.2275644604854143,2901.1162316662812,0.04369858132257516,9.681185827836522,3.033994000150211,759.513054325679,0.5532292454484945,0.3060625980195105,outer_race,21mil,12000.0
CWRU,DE,53,0.2883784699643681,0.07450475368009682,0.34446205917223616,0.579660639343212,0.001372547746330096,23.92985305053709,7.921883305811027,15.64343427328666,13.746921738280328,0.004166960756221928,8.738197804391218,4.511229640718564,3550.78125,0.5694642885498441,0.18851890277768807,1.9747115262113943,0.06560594425968215,3014.3284724724726,0.041171828021832425,11.652130517310887,3.318840343882369,754.7648111024299,0.5694490428226534,0.32427221237163617,outer_race,21mil,12000.0
CWRU,DE,54,0.29345912832538046,0.06884083364335784,0.3588177622960151,0.570818140522493,0.0015232635245847682,26.10184586893201,8.448878638901334,17.080204812748228,17.262536407013155,0.004463396936595556,9.523571656686627,5.012342015968064,3480.46875,0.5932552981515963,0.19203017446111179,2.0215942899339936,0.060959053068990084,3020.546731131009,0.042888810967974686,8.863545000629824,3.012262396567906,745.8461343141663,0.5932385075774548,0.3519319268727259,outer_race,21mil,12000.0
CWRU,DE,55,0.30992194458738764,0.07602815336874004,0.2893820899452852,0.6330343356848688,0.0015554209665973435,27.73885073520004,8.986936912549679,18.196006172697334,20.607847474386908,0.006065936876247504,10.906300698602795,5.639341616766467,3480.46875,0.6275043067111654,0.20330119912323033,2.0247172479076587,0.4020291010507836,3055.5340640708505,0.041893171211784645,14.753447345856685,3.618411195513269,776.4110671574559,0.6274749870320521,0.39372485935087387,outer_race,21mil,12000.0
CWRU,DE,56,0.31826677177870816,0.06426387898290775,0.3219783981911475,0.6122030359132139,0.0015546868601929924,27.04372780674857,8.730863779437401,17.71891418400259,22.09957176258919,0.003932984373050776,10.906300698602795,5.639341616766467,3445.3125,0.645908785113339,0.20852678510390898,2.0294571799108243,0.32127233488554374,3058.4490949710166,0.04322256781877204,9.779991037049045,3.1438899490966916,737.1259710393332,0.6458968108920425,0.4171826903205109,outer_race,21mil,12000.0
CWRU,DE,57,0.3317929861468469,0.06684856187314721,0.26530925476752815,0.6661788766316691,0.0016633066183082464,28.24430926284964,8.799133850980825,18.19967931881244,21.630506810313907,0.0025719556492483794,11.517868962075848,6.038525948103792,3445.3125,0.6862636766720723,0.213796198445058,2.068348956503685,0.2437867571082766,3098.672729166809,0.043733708953040566,12.988215432275481,3.5098991513748268,741.5424809537982,0.6862588571112281,0.470951218963609,outer_race,21mil,12000.0
CWRU,DE,58,0.31248676197409864,0.05781619117163079,0.3053181401119917,0.6353803381911499,0.001485330450122746,29.712293466202137,9.327613553942301,19.32410163539764,22.809711545058885,0.00417687500974613,11.517868962075848,6.038525948103792,3527.34375,0.6473816601837689,0.20323324939465348,2.071709073670868,0.2776206202556293,3086.5316032373726,0.039142838122283585,11.680069831315452,3.3313688508924075,706.4759589163646,0.6473681855462513,0.4190855676574457,outer_race,21mil,12000.0
CWRU,DE,59,0.29809245556738084,0.10807943844848582,0.36656356653667443,0.5226923750778497,0.002664619878733221,24.282545087186676,8.511811337524405,16.363805440239254,15.957691067891766,0.003720422777491888,9.204792714570859,4.8779269461077845,3433.59375,0.5730774276684676,0.20088202981168357,1.9224821593612225,-0.025092728155942223,2901.0096488586346,0.052268582127560956,13.400443154965174,3.482659860864404,865.8822945258714,0.5730653510355206,0.3284038965574645,outer_race,21mil,12000.0
CWRU,DE,60,0.3088490240709986,0.0739203983679022,0.3552716993875965,0.5692179135229063,0.0015899886942355667,27.009890671751144,8.826014355096673,17.735910544484756,19.205657643353465,0.0035800369475891937,10.682140219560878,5.477718662674651,3410.15625,0.6206333280561102,0.20280417752314847,2.009503931323539,0.22185193450919546,2995.29030452583,0.04376770383851903,13.943735885570959,3.525695869103475,758.4600708934347,0.6206230024978586,0.38517291122945707,outer_race,21mil,12000.0
CWRU,DE,61,0.31903591956711574,0.05720560039352445,0.30222200310948427,0.6391816261745557,0.0013907702942973208,31.22282615631234,9.2151490230648,19.759867145314786,24.33906698252162,0.004118777484094313,12.53593113772455,6.304107385229541,3515.625,0.6841025977388809,0.20190700718983554,2.1442808028234137,0.4399309748597605,3095.0426900723737,0.04171216124444368,12.98511613038704,3.4823323867433023,702.2128485896013,0.6840901986617859,0.4679793999051216,outer_race,21mil,12000.0
CWRU,DE,62,0.31388982713284364,0.05589568807053162,0.31687310762386384,0.6257651750617078,0.0014660292175327208,31.451279054736588,9.683492666721023,20.083821902777157,23.16324238124927,0.00432955451401884,12.53593113772455,6.304107385229541,3410.15625,0.6510158681582611,0.2004404137033065,2.0740266548451722,0.3282033465137751,3080.0322426510274,0.0413920033945332,13.33497406984344,3.5048009165979934,693.4096115591595,0.6510014712360983,0.4238029155515645,outer_race,21mil,12000.0
CWRU,DE,63,0.300747889231303,0.06506086858360703,0.28195985849099214,0.6510883865884881,0.0018908863125977333,29.865933279757353,9.086194557413643,19.103477512699893,21.06301067282196,0.0038738954220465327,10.642749700598802,5.745330538922156,3457.03125,0.6323142766334894,0.19237070159854164,2.102472866059522,0.239661409640257,3085.7769820505578,0.044612905664355225,11.909543762545315,3.4200648936608213,735.644819051884,0.6323024097445714,0.3998063373687919,outer_race,21mil,12000.0
CWRU,DE,64,0.2983938488745166,0.062475848764913876,0.37674184868364397,0.5592396213956765,0.0015426811429311157,29.708804927656992,9.356057413936046,19.254185569147698,19.967377072495065,0.0035836060788579094,10.642749700598802,5.745330538922156,2789.0625,0.6140760241984369,0.19338814041535618,2.057937945150719,0.3221288709765634,3013.67136788273,0.04278268442472112,9.899565371815779,3.097112689837021,714.2662999930571,0.6140655675600374,0.3770765212628308,outer_race,21mil,12000.0
CWRU,DE,65,0.27309287216582456,0.09176902584298471,0.4433207414434971,0.4629535060617504,0.001956726628319312,26.345906506635075,8.991278454548118,17.658069490892885,17.909426130039275,0.00297625890796532,9.357481736526946,4.8222929141716575,2789.0625,0.53633006012981,0.18303765379859635,1.963910869867542,0.10473485830277204,2899.1203314436834,0.04659754071718321,13.705496519187555,3.355364345320833,808.9625124097211,0.5363218019825023,0.2876410752817584,outer_race,21mil,12000.0
CWRU,DE,66,0.28154437672506544,0.09206933699648025,0.39471148398823397,0.5112067352067933,0.0020124437966814843,25.41953921141395,8.772097640898233,17.128002946692618,18.454934658220562,0.002913799110762851,9.357481736526946,4.8222929141716575,2789.0625,0.5497308752798916,0.18970811681772493,1.9525549814717715,0.08466361214307513,2923.847828026456,0.04736016388539578,11.042403601263056,3.160091497865042,823.4311533995584,0.5497231530604636,0.30219554501073786,outer_race,21mil,12000.0
CWRU,DE,67,0.2738215697998534,0.10705787567490786,0.4398079622682369,0.45119691439292703,0.0019372476560538228,23.287789851370267,8.460408329775191,16.01087947491182,16.727862608047463,0.0032794367807354066,8.391398802395209,4.384124151696607,2789.0625,0.5181929737678632,0.18825848995020208,1.8924476042797878,-0.1464414503469342,2850.2297894516555,0.04694819533464214,11.849653993166175,3.181241569585881,853.355651308563,0.5181825965398515,0.2685132033567825,outer_race,21mil,12000.0
CWRU,DE,68,0.28687249485404187,0.09390172478106008,0.5163658719738596,0.3881682681392488,0.0015641348671340952,23.140541505242176,8.024068185879896,15.585415215155438,17.02582859707045,0.0041029146784555895,8.643579341317366,4.471026946107784,2789.0625,0.5572020130605987,0.1932118548347252,1.9423333468902204,0.1353890772851369,2829.01948296083,0.04598676070904086,14.615845810352859,3.506099029100749,789.786860931634,0.5571869071056184,0.3104572494499249,outer_race,21mil,12000.0
CWRU,DE,69,0.30142503274700594,0.08426660200799532,0.35549376449749626,0.5587804921717343,0.0014591412516034561,25.695680117555572,8.575243066404314,17.030291548258084,18.766481727316023,0.004146933964103042,10.073414570858283,5.133356187624751,3515.625,0.5986251524153262,0.1997750658530959,1.9859835361377176,0.34692708718230214,2980.3554936441305,0.04380190449078233,12.805004087225052,3.388943020102008,798.5837124280373,0.5986107884451882,0.3583348760429699,outer_race,21mil,12000.0
CWRU,DE,70,0.285492430763473,0.09456086259509779,0.4686841177603843,0.43526372858012724,0.001491291042541553,26.91693145241891,9.027690446283897,17.980708538916303,20.733210340974512,0.0036309962107035913,10.073414570858283,5.133356187624751,2789.0625,0.5686234168272589,0.19071104730860539,1.9917285208109647,0.21431722013818133,2863.527873694039,0.048188390823555804,11.484396187653282,3.2335332910704797,800.791835584282,0.5686118236818721,0.32331940603082443,outer_race,21mil,12000.0
CWRU,DE,71,0.26805087939355665,0.1058722082923853,0.40571725921584356,0.4861685572388135,0.0022419752041818843,24.605716158237538,8.367697563696499,16.554027603735932,18.762281361529784,0.003747191262007236,8.709771656686627,4.437321656686628,2789.0625,0.5302918303283424,0.1803370252729301,1.9783252773804905,-0.09512262993144684,2873.635998780871,0.05355072683743107,14.474358365025562,3.5396354874993383,848.223380151884,0.5302785908092362,0.2811953838706294,outer_race,21mil,12000.0
CWRU,DE,72,0.27724575468204216,0.08426380714653789,0.41907800232662695,0.4948703100331502,0.0017878803307086876,22.847366868124983,7.744891065902176,15.218456635517496,15.602176911635986,0.0037598815065182107,8.28540988023952,4.219252495009981,3410.15625,0.5447788043896127,0.184671280474617,1.9649671642921618,-0.17885098659990223,2918.084510512003,0.04191697439508747,12.882998650595999,3.465570915594836,770.5348730521251,0.5447658295113901,0.2967698090032329,outer_race,21mil,12000.0
CWRU,DE,73,0.3004631518700879,0.06684825377272163,0.27650545759228046,0.6545791934537489,0.0020670950006835692,22.07892173027909,7.229056950442581,14.29117889486567,12.93731119406976,0.0033948386917571063,8.581853992015967,4.293972654690618,3410.15625,0.593987941183356,0.19448289672596886,1.9769077755004723,-0.1425181770291692,3064.217388061657,0.04244108581569569,21.572043343611753,4.338261810466937,728.5996632250726,0.5939782397878721,0.3528101493414989,outer_race,21mil,12000.0
CWRU,DE,74,0.2729088636204154,0.08571670771701452,0.3361413807395709,0.5756890432887921,0.002452868172147408,23.997446091054037,8.108915198666422,15.914137869402026,15.795722191682643,0.004039463455900699,8.630990618762475,4.343109281437125,3433.59375,0.5355968307760064,0.18098214555657174,1.9625483162062465,-0.15409191075004786,2970.541292676227,0.0479526442641086,12.685742167515992,3.4136949961267065,791.9037554139946,0.5355815977722634,0.28684764787229056,outer_race,21mil,12000.0
CWRU,DE,75,0.28064257622450406,0.07512342067402285,0.310789363942616,0.611390280861662,0.002696934421562888,23.1920666116567,8.226772758905698,15.475589412929251,11.99870068739547,0.004752694854431765,7.645821556886227,4.343109281437125,3433.59375,0.5279238176033968,0.18726702342490728,1.881125183162075,0.1078573612521091,3016.5795056623115,0.05089307464273465,12.965618370564696,3.5266660656859106,760.0063969330026,0.5279024238290303,0.2786809690845652,outer_race,21mil,12000.0
CWRU,DE,76,0.2778630161064589,0.09333713923625236,0.3976544915065327,0.5063731761452545,0.0026351930309393315,21.803836724744418,7.593407496371058,14.512374306998137,13.609468928243675,0.0042006692182042175,7.999117964071857,4.032452095808384,3445.3125,0.5310464501918961,0.18494231757074633,1.9111807596172996,0.15540118386923468,2910.5850022293534,0.04758982979839217,10.88679913649925,3.251647418746742,808.5123295410948,0.5310298359221761,0.28199268663953325,outer_race,21mil,12000.0
CWRU,DE,77,0.2896617709405408,0.08539287321366987,0.29508378323324924,0.6174308426887396,0.0020925008549278344,20.573943457922443,7.483011342180631,13.92124367228332,12.432663948677956,0.00414197683734094,7.999117964071857,4.032452095808384,3410.15625,0.5388809279331231,0.19599801584249035,1.8603798705758097,-0.023469082690586604,3002.0246515377507,0.04429375937990006,13.135588278639261,3.513074402845132,801.0778114675212,0.5388650095505765,0.29037549851794286,outer_race,21mil,12000.0
CWRU,DE,78,0.2849790707159899,0.11423167980309461,0.36720840675225636,0.5158516923846793,0.0027082209789168485,17.63122838679813,6.509289883025248,11.948408697630633,10.438798128421267,0.004701933876387846,6.544511377245509,3.405046407185629,3515.625,0.5231056641163297,0.1931258748673037,1.8355932693655836,-0.23722780736199625,2874.7567398362576,0.048977897223598264,10.515237357137163,3.2054418042852,874.5284670067327,0.5230845320293924,0.27361742764840846,outer_race,21mil,12000.0
CWRU,DE,79,0.30382884265648386,0.080579223965631,0.2553405767635531,0.6620714151601489,0.002008784028459842,20.6694629727467,7.330562967694103,13.78001322210062,11.892527913484669,0.004073370202953468,7.819627145708582,4.186765469061877,3410.15625,0.5711383269624738,0.20255801878269653,1.8798028586384619,0.06446808502295141,3051.7317199644763,0.04198086199324751,15.782644598712977,3.7695184196532043,786.1058224318623,0.5711238010980485,0.3261823961806833,outer_race,21mil,12000.0
CWRU,DE,80,0.30082085813724113,0.0922872245716081,0.36957291888003047,0.5358954809091226,0.0022443756059109775,20.504533074665652,7.544025267688948,13.917803090475134,11.964967530995802,0.0036169179706992253,7.819627145708582,4.186765469061877,3468.75,0.5549776572188575,0.20418731086516811,1.8448775814796208,0.016650692564631447,2942.3205070896693,0.046743399496209787,10.423629620552827,3.162320651310483,811.0888196450136,0.5549658709475069,0.30798711791652494,outer_race,21mil,12000.0
CWRU,DE,81,0.29048723168896573,0.08048692340620314,0.3053098222962822,0.6119267231608775,0.0022765311075355486,25.830580680694542,9.322792479719165,17.664548347506283,15.678305848452016,0.004167952181574352,8.88641986027944,5.131325748502994,3468.75,0.5504065181827974,0.19865313180272728,1.8947700901777873,-0.03983331940463543,3019.376641843725,0.044523157982485545,12.623280439041551,3.429026724521279,785.5567346267893,0.5503907370520712,0.30292996343272216,outer_race,21mil,12000.0
CWRU,DE,82,0.2976480987244261,0.1019697646279505,0.3234383523878562,0.571662877949468,0.002929005031237046,25.783906874339927,8.912165365145304,17.239571730823553,14.577193612360546,0.004030738912799403,8.88641986027944,5.131325748502994,3515.625,0.5757664426393116,0.19901273199251568,1.934386428493125,-0.060669284810033176,2961.0819521228764,0.04712600228641751,12.97422852791364,3.4832085066174976,858.5367703082114,0.5757523335717751,0.3314907496133446,outer_race,21mil,12000.0
CWRU,DE,83,0.29119709224129864,0.08025357851783531,0.3288173448885796,0.5889646603357723,0.0019644161517263533,23.038510149955854,7.928080896491992,15.284227327387445,13.6808978585514,0.004381703487556137,8.21678103792415,4.450722554890219,3515.625,0.5613871267206128,0.19318621412238965,1.9278596582119125,0.10635058370403139,3014.8017289827762,0.04423836626311439,14.702046825441844,3.65202043933014,788.1836416054849,0.5613700265619572,0.3151363067221725,outer_race,21mil,12000.0
CWRU,DE,84,0.29589565527148826,0.08841244004609518,0.41721662442752416,0.492177515637739,0.002193419710450823,22.975302375761586,7.7728617628315355,15.041527226233251,12.883234197950038,0.0051843614528754986,8.21678103792415,4.450722554890219,3468.75,0.5725976726066061,0.19371769224615856,1.935133762208303,0.2082377998339087,2925.601676174411,0.04683912154710233,14.682704610176405,3.634647510340359,791.5559994338117,0.5725742022400485,0.3278412170708279,outer_race,21mil,12000.0
CWRU,DE,85,0.2880990863000561,0.08927909992913713,0.4005917596208173,0.5080565359189891,0.0020726043772169374,29.629020868673948,9.849633154176033,19.47282570542495,17.471114169192692,0.004282560952314123,10.045394510978044,5.610103293413173,2789.0625,0.569574846656559,0.18934487637236103,1.9770102500892524,0.21858852718084673,2934.4593112884068,0.046774585399402546,12.264295859017663,3.3725414508995737,798.4251055784084,0.5695587464129862,0.32439716561553233,outer_race,21mil,12000.0
CWRU,DE,86,0.2989472625062375,0.0926251903414626,0.42719043135267504,0.47809649235364643,0.002087885846685378,28.37571964904292,9.616559463685386,18.76619724288701,16.81413538402385,0.0031848548021145198,10.045394510978044,5.610103293413173,3515.625,0.5833794627484366,0.19770787711466536,1.9514460773370166,0.18598819011929038,2906.883620553709,0.04783085367784555,13.044579183379305,3.459213201141715,812.5024647128506,0.5833707691139006,0.3403214542565439,outer_race,21mil,12000.0
CWRU,DE,87,0.28519500315774693,0.0858783094563884,0.36733405037425115,0.5445918388308988,0.002195801303756165,28.41207716900419,9.718394122676104,18.9306880028478,18.024733823082766,0.0036476521566242513,10.015344011976048,5.398937624750499,3445.3125,0.5555380401946306,0.19002262990614446,1.9479234700593673,0.20012913207165237,2947.69253166529,0.04810416483814017,16.25052744090435,3.731038499644833,795.3174181832231,0.5555260648583785,0.30860920873703535,outer_race,21mil,12000.0
CWRU,DE,88,0.28497649301007355,0.10155212369418413,0.4465369089803184,0.4493682072388819,0.0025427600509540004,28.25331530769317,9.772903632551946,18.945203401600054,18.815257372458024,0.004398359433476798,10.015344011976048,5.398937624750499,2789.0625,0.5524394619801141,0.19109041066343135,1.9385439695216757,0.033275569059329546,2868.0669379399833,0.04795825869393563,12.243714089973375,3.3754149108592744,833.2424628070199,0.5524219524848482,0.3051700135871719,outer_race,21mil,12000.0
CWRU,DE,89,0.31232972019827526,0.07691151215832262,0.33713444062792003,0.5841304265910253,0.0018236205747220204,28.456281286299973,9.08663965569099,18.450989267722864,18.826037620674352,0.004797110710220185,11.11462375249501,5.7627923153692615,3445.3125,0.634205001379141,0.20251389341388423,2.0305624484808256,0.15496086777193113,3004.0323775736388,0.04234303188723303,21.220907838625287,4.192296774848582,775.9960070841087,0.634186858507136,0.40219297150315014,outer_race,21mil,12000.0
CWRU,DE,90,0.3152088194217034,0.08058682006536963,0.3362527245991133,0.5811528407695848,0.0020076145216319902,28.175418379279442,8.98098393459617,18.282458993190435,18.1907409085872,0.0037779254479322604,11.11462375249501,5.7627923153692615,3515.625,0.6416660309534766,0.2045326261989881,2.035685524696633,0.2002152640405731,3001.860184870291,0.04319795759767289,17.8334831732719,3.9147500629487673,789.837787825707,0.6416549092455367,0.4117210225588979,outer_race,21mil,12000.0
CWRU,DE,91,0.33020809357846803,0.07600036917076164,0.36795218695553283,0.5543381519329761,0.0017092919189279478,29.586350384010423,9.646541357055774,19.4172123075445,22.127045388592478,0.004433257605881984,12.67278273453094,6.411720658682635,3515.625,0.6646652329949229,0.21671211810388652,2.0128677822276853,0.24900076320319564,2990.195058291044,0.04371578601914006,15.434051668191188,3.6925615544599095,770.278555803764,0.6646504481147929,0.4417602181791951,outer_race,21mil,12000.0
CWRU,DE,92,0.3021154613624314,0.08049889707659208,0.3208632797877829,0.5965279269335454,0.002109896133804493,32.11698402390319,10.264026562459712,21.222749175987538,27.20468448555078,0.004725529799775445,12.67278273453094,6.411720658682635,3515.625,0.6246788840291256,0.19963644948450598,2.067682604564659,0.32051275130978196,3009.98266277635,0.04172245028240416,18.427916552447112,3.9677770834628663,789.9712031554141,0.624661010084658,0.3902013775199853,outer_race,21mil,12000.0
CWRU,DE,93,0.2752579468504397,0.08629074577971703,0.35047273243513133,0.5612485203652726,0.0019880014063407593,31.074504944478964,10.103821581933111,20.47272677502336,22.744363405655644,0.0042423090830058605,11.100816766467066,5.635280738522954,3433.59375,0.5577375543328611,0.18134740194868912,2.026235975072159,0.006904627151940863,2972.4929998729804,0.04596416589506214,13.440545223780102,3.502071174093866,811.2899214417458,0.557721420000026,0.3110531823268454,outer_race,21mil,12000.0
CWRU,DE,94,0.2869978110185878,0.07069297077852467,0.2510784512167065,0.6763032503407466,0.0019253276477952232,31.005656243523983,9.227819632982175,19.635274284924694,22.157307680565307,0.0043440293241641705,11.100816766467066,5.635280738522954,3515.625,0.6106838844553562,0.18175008760538555,2.127834641971553,0.1795472421877514,3084.6276741840134,0.04223610833197116,21.915256626951148,4.357075341240089,759.4205089004197,0.6106684338843081,0.37291593614271357,outer_race,21mil,12000.0
CWRU,DE,95,0.2861890062160834,0.06319055447388379,0.2602209753722632,0.674684883777133,0.0019035863120082223,27.066675365204162,8.40275200591882,17.380715724360694,17.89561607880535,0.004071387352248627,9.363979141716566,4.974169760479041,3410.15625,0.5919691259453191,0.18377468578478004,2.068455157562413,0.04539093708462044,3093.9596885657365,0.04382555689608533,16.96094306587028,3.8805613597057804,729.2221175333735,0.5919551248848963,0.35041086987749315,outer_race,21mil,12000.0
CWRU,DE,96,0.27684621026501677,0.08396168595201767,0.3242415252414534,0.5894465316015657,0.0023502571210904776,22.33881971840828,7.400990811437328,14.683022454471168,15.739409196118153,0.0040785256147860514,8.075868562874252,4.064939121756487,3410.15625,0.5492425575606201,0.18196749752211747,1.9839265888265052,-0.164594829121537,2987.37987643574,0.04459215255642001,13.493527892818676,3.5235812239282387,793.7524432918075,0.5492274143417649,0.30165075266454067,outer_race,21mil,12000.0
CWRU,DE,97,0.28900068851554694,0.06048551146828716,0.3074707284159375,0.6302426510863194,0.0018011089911488599,26.29379541506382,8.526307393884325,17.241127107288442,18.201465351821845,0.004263327300477169,9.941029940119762,4.98269760479042,3445.3125,0.5843910352521849,0.1895008889411155,2.022109491343815,0.002554659452510186,3071.146575877664,0.04540852777930337,11.497412103596119,3.2923807292812186,717.16974437813,0.5843754838487405,0.34149470612344957,outer_race,21mil,12000.0
CWRU,DE,98,0.2980639025172311,0.07180775804013666,0.40717219365331886,0.5195259213080603,0.0014941269608678845,25.434770612573598,8.339994011607724,16.71687702774532,17.897922978334766,0.004406885691507611,9.941029940119762,4.98269760479042,2765.625,0.59744618495594,0.19590102386562275,2.0044231452059234,0.29869375094437944,2960.8555005498647,0.04327323114775186,11.878882685509652,3.3220629375580235,732.7598836163668,0.5974299316881514,0.35692252327690926,outer_race,21mil,12000.0
CWRU,DE,99,0.29276949285023696,0.07411640990061341,0.32743901025853334,0.5968465464263145,0.0015980334132956388,25.478821243907678,8.377985832932378,16.74177180211689,17.64323968350395,0.004341649903318362,9.500830738522954,4.90148003992016,3445.3125,0.5850427701433094,0.192374678286664,1.998305098142796,0.14099603436754238,3020.7210472157108,0.045803516288277536,13.39493380990756,3.5005769164320415,765.8465714720251,0.5850266600532613,0.3422561929730742,outer_race,21mil,12000.0
CWRU,DE,100,0.30280668311813863,0.08147190466224387,0.32112758065380226,0.5957700494927389,0.0016304651755618038,24.54259111226397,8.221136835716226,16.18682913285593,16.73984571741313,0.0044273090537674635,9.500830738522954,4.90148003992016,3445.3125,0.5962046536710081,0.19971322577553283,1.9689283193211478,0.08892888121455375,3000.6018961296254,0.04121277896212312,15.210275219044245,3.703584697210276,787.1213642745269,0.5961882152420569,0.3554403879935092,outer_race,21mil,12000.0
CWRU,DE,101,0.300133403797873,0.09207293003900772,0.35049727713501483,0.5554159824218275,0.0020138103707822708,22.10125419344085,7.54823118287521,14.752025242361821,16.922112697750922,0.004331735649794159,8.702868163672655,4.427575548902196,3445.3125,0.5865712696965489,0.20033141604317636,1.9543684983880687,-0.03395226233490826,2956.1828185118093,0.04721403002093462,9.906128413133189,3.134199051215882,825.6819241977298,0.5865552748886347,0.3440470904996818,outer_race,21mil,12000.0
CWRU,DE,102,0.3349782375191024,0.07678409583330983,0.33605625738040085,0.5857504422165304,0.0014092045428235897,20.353886258626655,6.634326851212116,13.221138916890666,14.074881811108241,0.005203991674853418,8.704086427145707,4.4287938123752495,3410.15625,0.667557374199327,0.21758959228231803,1.9928380396988001,-0.03895031629364208,3006.8131142380876,0.04237167596406066,14.603053210577393,3.660028835065446,767.7637461358606,0.6675370898448628,0.4456057663185484,outer_race,21mil,12000.0
CWRU,DE,103,0.3015596683098646,0.0807767629947885,0.35237436455977544,0.5650761787350014,0.0017726936651497687,23.32611279321651,7.342251750282458,15.099707464103698,16.964645950624956,0.004438214732644087,8.879110279441118,4.553462774451098,3410.15625,0.6201725205453389,0.1952088123219268,2.0565499492063606,0.12201167389137717,2992.9659428657965,0.04545719546678811,13.545408575053091,3.4699772869872683,788.570421189963,0.6201566394787253,0.38459425748954573,outer_race,21mil,12000.0
CWRU,DE,104,0.2843215574222648,0.079276173902153,0.3494066188546621,0.5700909117811438,0.001226295326861818,24.398373010190056,7.9775912981751445,16.015186522379828,16.66881927291569,0.003458686484452968,8.879110279441118,4.553462774451098,3550.78125,0.5707816562992757,0.1866297712781639,2.0075215593011473,-0.028746016044240184,3000.7199741647314,0.04313464585678623,12.587398311280475,3.390682522364127,774.5051888700336,0.5707711771415466,0.3257797366555467,outer_race,21mil,12000.0
CWRU,DE,105,0.2931129225923153,0.07451915228599942,0.4161350965966132,0.5077600641201339,0.0015856869396318669,29.347520066612255,8.945580489454336,18.80030306310207,21.342349786571933,0.0044098599675648715,10.828331836327344,5.510611776447106,2800.78125,0.6160150012560273,0.187770951819413,2.1016303061903203,0.1826773135371323,2964.119495021445,0.0440740991613532,10.763042425419878,3.1722743463933125,748.9534666532743,0.6159992166452242,0.37945503490752985,outer_race,21mil,12000.0
CWRU,DE,106,0.3083612427976079,0.06176593618031945,0.27904757356826054,0.657490418717334,0.0016960715257586937,28.08629097920931,8.428305717356771,17.870636810424262,20.94786514585185,0.004755470845418537,10.828331836327344,5.510611776447106,3433.59375,0.653822008983237,0.19620290128469792,2.120311888262726,0.19230219825829498,3103.465676612974,0.043481901869519,13.000895015782696,3.5416100222509783,717.0660880530005,0.6538047146724427,0.42746060492791427,outer_race,21mil,12000.0
CWRU,DE,107,0.2920790642348116,0.07220853239848432,0.24901236192835224,0.6765268494317408,0.0022522562178368902,25.463652113504267,8.146768002131136,16.624238811806446,18.26669988480623,0.004614490160304386,9.541439520958082,4.855592115768463,3515.625,0.5960145317134691,0.1906871839956285,2.0405931293805915,-0.043138852845388945,3093.4827201003777,0.042781079005894354,17.908485898707166,3.98550238409679,763.6139568740084,0.5959966681905079,0.3552120284941863,outer_race,21mil,12000.0
CWRU,DE,108,0.2894942200559818,0.08258227594493385,0.2873924844933068,0.6277181964364443,0.002307043056477681,22.96506183345971,7.593059418402775,15.05290310207604,14.969762179517158,0.004771928506268707,8.527032135728543,4.357728443113772,3433.59375,0.5739094353130236,0.1897547010635362,1.9824555916938245,-0.1629229107211568,3025.178875496289,0.049490639791173706,19.02125337497103,3.995668644337873,792.5789834656443,0.573889596211366,0.3293492686396447,outer_race,21mil,12000.0
CWRU,DE,109,0.29708397769889905,0.08666800041013792,0.27961756026949053,0.6311485539154184,0.002565885324356116,20.62932312957475,7.016182603432071,13.589844800693069,13.423644809970291,0.004366038966987895,8.06287375249501,4.037325149700599,3515.625,0.5754304552629061,0.19570807652494332,1.9369286075943053,-0.14739180434960744,3021.674303800642,0.04735303287883503,20.324250004747995,4.091911336068636,815.25598514608,0.5754138915144594,0.33110114654781414,outer_race,21mil,12000.0
CWRU,DE,110,0.2726389976394866,0.09738071823499583,0.29932365064383387,0.6008858786584427,0.0024097522617911936,21.91161385699655,7.72798044504201,14.765123983170728,15.12380760417106,0.0037275610400293153,7.8046018962075845,4.025548602794411,3468.75,0.5209056404092037,0.18371757685520834,1.9106057641027667,-0.32517454855180633,2978.962606886091,0.051734796160418206,14.46788821714387,3.604105309702347,844.7711325015231,0.5208923031671859,0.2713287914988155,outer_race,21mil,12000.0
CWRU,DE,111,0.2851785454968968,0.1080492710379453,0.3409905751906428,0.5477995521587065,0.003160601559381037,21.353941066209266,7.788626315147242,14.524570216760244,13.528718504501281,0.004013884681808256,8.020640618762474,4.1420958083832335,3515.625,0.5318133956854146,0.19397336517603,1.8648436359712115,-0.4702394634931343,2924.6100526867967,0.04767112946200047,14.122805132074948,3.5047861649842273,876.4700850469499,0.5317982479852792,0.2828093765602125,outer_race,21mil,12000.0
CWRU,DE,112,0.2916442250752401,0.1046799887688976,0.44599740143069033,0.44703911996600293,0.002283489788583212,25.812606509434353,9.485428239816558,17.863205408091876,19.427257907596893,0.004648793477498125,10.23463143712575,5.209700698602794,2789.0625,0.5492319974267758,0.20182776569652816,1.8832260343405791,0.03342422782334017,2851.1620597600463,0.05278717521210452,9.913025164065242,3.0662401070203806,837.4508258606281,0.549212322983206,0.30163417571660933,outer_race,21mil,12000.0
CWRU,DE,113,0.29079972896004863,0.09825475507044275,0.4642496097534613,0.4355730175265264,0.0019226176057939505,25.980687601761623,9.501597705325747,17.915080998299437,19.832086328695013,0.004723943519211576,10.23463143712575,5.209700698602794,2789.0625,0.5482973348453494,0.20052204847147886,1.8854809005708424,0.15111438224542334,2865.309678602431,0.04685846377590794,11.044369422518155,3.215848893792057,819.1870423559888,0.548276984521638,0.30060765175614046,outer_race,21mil,12000.0
CWRU,DE,114,0.2705706860692677,0.11259238550113128,0.43930429672481297,0.44595161752072426,0.002151700192387225,22.869674997164402,8.369967553919368,15.764998673559273,17.58145921030761,0.004353547007547407,8.372312674650699,4.265546506986028,2789.0625,0.5096252141370152,0.18651539680887072,1.883519687740852,-0.008625565241225472,2836.119490101166,0.05020448733063079,11.387700131145992,3.216634173892157,856.0179734997037,0.509606618395652,0.25969890551265173,outer_race,21mil,12000.0
CWRU,DE,115,0.2715710342498596,0.10749321323638808,0.5134309529588066,0.37697523051047205,0.0021006031658878225,22.80357369632527,8.238568535928943,15.706927356109345,16.031226466312752,0.004177271579887103,8.372312674650699,4.265546506986028,2789.0625,0.5177533558631815,0.18705605374798812,1.9065117062036196,0.012507422661983255,2798.1881985085447,0.04562454152570148,20.091446468091696,3.85763260376663,816.916953418327,0.5177365043240956,0.2680510879097342,outer_race,21mil,12000.0
