dataset,channel,window_id,feat_abs_mean,feat_band_energy_1,feat_band_energy_2,feat_band_energy_3,feat_band_energy_4,feat_clearance_factor,feat_crest_factor,feat_impulse_factor,feat_kurtosis,feat_mean,feat_p2p,feat_peak,feat_peak_freq,feat_rms,feat_root_amplitude,feat_shape_factor,feat_skewness,feat_spec_centroid,feat_spec_flatness,feat_spec_kurtosis,feat_spec_skewness,feat_spec_spread,feat_std,feat_variance,label,condition,fs
SEU,DE,0,0.1082205809669723,0.09869902212517473,0.20199327106362053,0.6974454532411226,0.0018622535235264348,5.226519950001042,3.5793238019371807,4.451857405546675,-0.10071732565131342,0.015750576288828592,0.9344893013972055,0.4817825948103792,3587.5,0.13460156763398484,0.09218037995057939,1.2437705141784787,0.01186601657255057,3159.840091673105,0.03694836293908024,90.47594811600314,8.061106287599419,842.6545722443572,0.1336768542272595,0.01786950135609599,ball,7mil_1796rpm,12800.0
SEU,DE,1,0.11274917403474301,0.09472006861134707,0.27440761341701325,0.6295075794604931,0.0013647383211374414,5.29456911548099,3.6134083235028363,4.515081382768435,0.07284128646938148,0.015344885034618262,1.0036866666666666,0.5090716966067864,3587.5,0.14088407703486236,0.09614978773594483,1.2495353357661825,-0.008733351143826978,3131.27087590555,0.035362100118016944,44.73976294592352,5.825076690823033,823.9743117748341,0.14004591270451053,0.019612857665239382,ball,7mil_1796rpm,12800.0
SEU,DE,2,0.11129931359936376,0.10239663358727878,0.23099293753380098,0.6651312360853983,0.0014791926512859777,5.388300863308812,3.641541696161436,4.573897898771017,0.07560311741720627,0.015279530275386725,1.0036866666666666,0.5090716966067864,3450.0,0.1397956522489914,0.0944772219519641,1.2560333727861421,-0.003104688891683624,3128.489601433158,0.035917058647519956,37.33873032326266,5.246198923625183,845.6167151176403,0.13895812441985705,0.019309360342284476,ball,7mil_1796rpm,12800.0
SEU,DE,3,0.1042096705612213,0.11519888265057349,0.20196659081145774,0.6807452420982912,0.002089284396699926,4.583165935461842,3.1357412106501608,3.896834354857001,-0.25543272061759836,0.015305624590662426,0.8058406786427146,0.40608782435129737,3487.5,0.12950297778785758,0.08860421596548111,1.2427155473231912,-0.00997857558303071,3112.904861488807,0.041225668232135436,18.69567716947822,4.204321061596746,891.7238286603426,0.12859533083207977,0.016536759111812044,ball,7mil_1796rpm,12800.0
SEU,DE,4,0.10906844792836201,0.10292366152654055,0.18278935001460644,0.7126947813346309,0.0015922070751348582,4.61228916748218,3.2356330114477942,3.9630148631382687,-0.3991643116236929,0.015259146570140967,0.8474240718562874,0.432239880239521,3587.5,0.13358742438040397,0.09371482674740406,1.2248035698476836,-0.023219683851173394,3165.966777000661,0.039537572231673146,42.82035062166699,5.82318411908612,869.4936208730303,0.13271306792679122,0.017612758398541102,ball,7mil_1796rpm,12800.0
SEU,DE,5,0.11197149998830463,0.0960282362681296,0.2125096694278362,0.6901020946985191,0.001359999499333656,5.447491372092763,3.7408128734630877,4.647987708863261,-0.06443697515845281,0.015253435960111028,0.9502455089820359,0.5204421556886227,3587.5,0.13912541826953756,0.0955379495146744,1.242507408439372,-0.05525936275637497,3164.6558985063025,0.03508632945237417,33.26675220405886,5.217029498537315,841.0311597012312,0.13828671194328312,0.019123214700084566,ball,7mil_1796rpm,12800.0
SEU,DE,6,0.11087522149061252,0.09908424102721339,0.1895941877674639,0.7098109523719253,0.0015106185701607663,5.573802714720801,3.7162520264268664,4.693944676653359,0.09429951181431928,0.014884942985123504,0.977209740518962,0.5204421556886227,3450.0,0.14004490330248723,0.09337290577474132,1.2630856689142616,-0.06693815073433608,3154.5338863094034,0.033928009784678095,25.841476199457816,4.7320473132703835,846.4774144198312,0.1392516190689811,0.01939101341333262,ball,7mil_1796rpm,12800.0
SEU,DE,7,0.11166249253446231,0.10333524167556815,0.16770861162598627,0.7272951001564196,0.00166104593117481,5.145180241602428,3.49341610538512,4.367001384377489,-0.09321546902357492,0.015042777901228791,0.9177584830339321,0.48763025948103794,3487.5,0.13958550735749836,0.09477418410694377,1.2500661967080682,-0.039256303145238904,3138.476531187181,0.03633513349239612,25.166880343850135,4.628284769304189,850.3286533303026,0.13877257905387697,0.019257828697264535,ball,7mil_1796rpm,12800.0
SEU,DE,8,0.11327375701721557,0.08102238993347599,0.17757999584571266,0.7399183678631753,0.0014792459608112202,5.073754542430045,3.4484131155616753,4.304882898930658,-0.1377851206639802,0.015225596736215069,0.9177584830339321,0.48763025948103794,3475.0,0.14140714674831326,0.09610836618191827,1.2483663513237397,-0.04757919829380597,3219.7801301095533,0.031288718214897815,29.52309716101236,5.109906702732599,776.6398838108428,0.1405850715955473,0.01976416235552516,ball,7mil_1796rpm,12800.0
SEU,DE,9,0.11430943959736777,0.08348658548523812,0.19694026129934186,0.7182634291237391,0.0013097240731954167,5.458330799377288,3.655042035193655,4.599817100163333,-0.025718678050974386,0.015290158355164672,1.0384477844311375,0.5258025149700598,3662.5,0.1438567627696794,0.09633027647024359,1.2584854170957902,-0.036219045685491655,3216.3096081674958,0.03403713688607313,39.52176978778517,5.871033854849724,794.8393556764651,0.14304187936421212,0.02046097925204581,ball,7mil_1796rpm,12800.0
SEU,DE,10,0.11408434638535428,0.0787131993444428,0.19917372768393157,0.7208719816793205,0.0012410912305824088,5.453619938695327,3.653910400170748,4.608892732697992,0.11860690770491855,0.015113288072292914,1.0384477844311375,0.5258025149700598,3450.0,0.1439013159560478,0.09641348698307861,1.2613589902156928,-0.028181135005817506,3201.01516894672,0.03256367080191993,25.367169432603998,4.699093817028129,763.5988245025379,0.14310547598721085,0.020479177257526182,ball,7mil_1796rpm,12800.0
SEU,DE,11,0.11237044955011852,0.08028786163190535,0.21518346692728207,0.7030296479840099,0.0014990233245425167,4.989195578210746,3.356190919921807,4.2310734419411915,0.1767453274106816,0.014856548563030189,0.9257178043912175,0.475447624750499,3475.0,0.14166286605696915,0.095295447391743,1.2606772209608885,-0.038491964577224126,3185.4933074897694,0.03278418613929205,39.56846706028744,5.588840252204749,771.7528883165194,0.1408816900248897,0.019847650584269107,ball,7mil_1796rpm,12800.0
SEU,DE,12,0.11148966726702844,0.08183309823736785,0.16723601430494994,0.7490817890723447,0.0018490982262801346,5.009447733689084,3.4176802852064485,4.264499450085866,-0.042684213228627144,0.014910402788173653,0.9073626347305389,0.475447624750499,3487.5,0.13911413153784194,0.09491018771451824,1.2477760042520376,-0.03988043211630015,3227.3536811432614,0.031109857045028843,30.759546469303643,5.287723184476969,786.8167360653027,0.1383127668807996,0.019130421482222416,ball,7mil_1796rpm,12800.0
SEU,DE,13,0.1119235150012475,0.09526316794092543,0.1658696121013179,0.7372871150589849,0.0015801047467810254,4.312261521667493,2.9501883280443657,3.663093206646522,-0.2888216613261547,0.014774299915793414,0.8196476646706587,0.40998626746506983,3662.5,0.13896952393437317,0.09507453696976471,1.2416472439489075,-0.03371139658300802,3201.6069367643045,0.034043419295370844,30.716511565043533,5.224644672262892,838.7894011030794,0.1381819403704569,0.019094248644544502,ball,7mil_1796rpm,12800.0
SEU,DE,14,0.10662509997582958,0.0896667425663993,0.18669882299164778,0.7220013187054314,0.001633115675235422,5.071072720258615,3.400262375015394,4.2808186315823145,0.002026976365841815,0.015110829337418913,0.8664289820359281,0.4564427145708583,3462.5,0.13423749823682116,0.09000910453273495,1.2589671500167494,-0.07638658244694758,3180.8878675389956,0.03612340806826583,22.4003544181063,4.448052680331145,811.472345979361,0.13338428981561495,0.017791368769615963,ball,7mil_1796rpm,12800.0
SEU,DE,15,0.10404065236714072,0.1054476649603457,0.19899010199580813,0.6939872569285157,0.0015749759096960472,5.295363169414139,3.556507904783911,4.4745882618413795,0.11042592841945131,0.015168807892028444,0.9296162475049901,0.46553908183632736,3487.5,0.13089780602205997,0.0879144766737185,1.2581409578262273,-0.06907341996161874,3127.7576779679393,0.038069100149072554,18.210789899490617,4.093245585722469,880.4740191308063,0.13001593321021687,0.016904142888523575,ball,7mil_1796rpm,12800.0
SEU,DE,16,0.10355001578873503,0.10217870221844338,0.19871251694375652,0.6972879735168797,0.0018208071124656625,5.291679967937212,3.616611932508847,4.495789578498281,-0.12096315803395008,0.0148341026930514,0.9296162475049901,0.46553908183632736,3500.0,0.12872243152540352,0.08797566834295961,1.2430942723178893,-0.0010317197728274422,3147.335915214665,0.035523855000715636,21.044599874512517,4.353904253653575,871.6537001983281,0.12786482618415512,0.016349413775104203,ball,7mil_1796rpm,12800.0
SEU,DE,17,0.10841093463463697,0.11452187232688914,0.19804077880039062,0.6858431442199421,0.0015942046146164633,4.7485271708577095,3.2284377769645043,4.0305020934889315,-0.07957324415997613,0.014815939780595061,0.8547336526946108,0.436950499001996,3675.0,0.13534425291381422,0.09201811072780935,1.2484372851313112,0.003703348151816086,3113.8598254679882,0.037918744644008365,20.578250998816337,4.327123648119648,906.9612830630678,0.13453086904207634,0.018098554725216293,ball,7mil_1796rpm,12800.0
SEU,DE,18,0.11296395642309132,0.09103584917756168,0.16911953882307743,0.7385454721528326,0.0012991397573944932,5.817149715375116,3.9427235174789113,4.9393159404660105,0.0351998932878268,0.014922141264346307,1.070122634730539,0.5579646706586827,3450.0,0.14151757489083613,0.09591719277637718,1.2527675142750938,-0.009595584160327469,3183.9952677427395,0.0327536128692053,25.162344660655958,4.775239763457179,811.5844426709349,0.14072865274374763,0.01980455370307031,ball,7mil_1796rpm,12800.0
SEU,DE,19,0.10854568916853792,0.08487878277807244,0.21968133278346808,0.6939413611447383,0.001498523193481468,6.033513391841913,4.12625139999552,5.140366926892288,-0.016162120386769896,0.01512439203624002,1.070122634730539,0.5579646706586827,3450.0,0.13522313998107058,0.09247757225717321,1.2457716286743623,-0.012315199178339883,3188.6226599038864,0.035737543946947156,27.067797927084833,4.851353883798022,785.1311468774343,0.13437466409957768,0.018056550351874333,ball,7mil_1796rpm,12800.0
SEU,DE,20,0.1071489691320484,0.09930897999236536,0.18889160723828116,0.70973939691517,0.002060015664544673,5.209672827512254,3.546303316618516,4.42058231787207,-0.14262108048918165,0.014932927972180638,0.8716269061876247,0.4736608383233533,3487.5,0.13356467172554212,0.09091949801952112,1.2465324940358455,0.01899743834523479,3172.161156170953,0.038194427466324225,39.450725409656904,5.787622003216346,840.4041984446849,0.13272727374330226,0.017616529195329494,ball,7mil_1796rpm,12800.0
SEU,DE,21,0.10691039253524201,0.09219745659381093,0.17604949709448467,0.7294278556026628,0.002325190546871103,5.239873921575032,3.5481153449825094,4.430447097715177,-0.17779875619442054,0.014512087738585328,0.8716269061876247,0.4736608383233533,3625.0,0.13349646002720023,0.0903954647406817,1.2486761750799331,0.038953305777664475,3197.8421306415567,0.03896094885462336,31.17732841302744,5.2217229367368745,819.6454053996849,0.13270532826251352,0.01761070414926147,ball,7mil_1796rpm,12800.0
SEU,DE,22,0.11095667699756737,0.07734666588074923,0.17318677751408282,0.7476010277685285,0.0018655288356356917,4.752243101066936,3.213758683096507,4.017081333624979,-0.10420720256851634,0.01458362899201597,0.8714644710578843,0.445721996007984,3587.5,0.13869180606258957,0.09379191815921917,1.249963587731005,0.01634146226362687,3231.526434732748,0.033446577097186736,32.429187523871605,5.313307690260502,746.7863004440418,0.13792293077775786,0.019022734834326187,ball,7mil_1796rpm,12800.0
SEU,DE,23,0.11243366283058884,0.08226607142759024,0.1812212696511301,0.7346531067027985,0.0018595521606064771,4.698486247294891,3.1644257972962406,3.9643109081982195,-0.06950731284734424,0.014638672927582336,0.8714644710578843,0.445721996007984,3587.5,0.14085398886231407,0.09486502089148482,1.252774172042656,-0.004805479985592902,3227.8680799421973,0.03343994105764019,40.42145807522886,5.791384004795455,764.189700595224,0.14009123967380746,0.019625555433344162,ball,7mil_1796rpm,12800.0
SEU,DE,24,0.1090912110544536,0.08421147411880517,0.17934148965687483,0.7349852035063241,0.0014618326918269962,5.2234453657219735,3.5422620725329983,4.41781721260344,-0.20446005239619502,0.014522557190306887,0.8760126546906188,0.4819450299401198,3587.5,0.13605572373573446,0.09226573577332829,1.2471740154009414,-0.03513277647479842,3228.0692998231293,0.03454184838505561,28.780852105799166,5.108100542409251,771.8346978546169,0.13527843617483448,0.01830025529390877,ball,7mil_1796rpm,12800.0
SEU,DE,25,0.12021619321903068,0.07944864050448863,0.20482393986484163,0.714494938903735,0.001232480672995794,5.025961966005068,3.4674457598612016,4.290033839172554,-0.2951162909056202,0.014608137026727796,0.9107737724550898,0.5157315369261477,3450.0,0.14873528604144393,0.10261349775714314,1.237231707798734,-0.019794991880347064,3215.3613526776876,0.03214099717108271,28.86684365916805,5.071085887827012,762.8907178888479,0.14801617359747715,0.021908787646438492,ball,7mil_1796rpm,12800.0
SEU,DE,26,0.11864204770147205,0.07609868074043022,0.1741806180791794,0.7483908309834142,0.0013298701515452498,5.1268612323484986,3.4722411279834473,4.346954110433385,-0.16375330308818326,0.014248923793038923,0.9437481037924151,0.5157315369261477,3450.0,0.14852987391047523,0.10059401133623093,1.2519159672986018,0.02807555689844147,3226.2969845064285,0.03180264434973494,57.50375280783234,6.625329095610858,747.4939581456068,0.1478448227521067,0.021858091614601845,ball,7mil_1796rpm,12800.0
SEU,DE,27,0.1091928916385978,0.090309818088593,0.23913150401042851,0.6687243742250308,0.0018343035198203578,6.171326936163487,4.105085051972304,5.193204698717819,0.09097523830737053,0.01432855507734531,0.9997882235528942,0.5670610379241517,3450.0,0.13813624583775802,0.09188640365189843,1.265066285587122,0.051462992613692825,3158.8189653116956,0.03758185663464831,26.18421639439907,4.595810146335025,795.9238114208881,0.13739110205375385,0.018876314923545003,ball,7mil_1796rpm,12800.0
SEU,DE,28,0.11183476260369885,0.080938065382298,0.2159192422841523,0.7015303998351817,0.001612292408872997,5.995022039930543,4.039715407348226,5.070525699898939,-0.01875183812273118,0.014423335341036677,0.9997882235528942,0.5670610379241517,3587.5,0.14037153134418082,0.09458864940732088,1.255169037570239,0.0295602256817127,3199.498665190896,0.03696092676830577,84.70400211521172,7.6433268389665585,760.9056959337203,0.13962855800140006,0.01949613420955034,ball,7mil_1796rpm,12800.0
SEU,DE,29,0.1115264689761103,0.08123236404053767,0.22501008407167766,0.6919247949158974,0.0018327568847763395,4.4649698618126505,3.063485860844102,3.807216645876862,-0.17708549113805727,0.013918660179640718,0.8326424750499002,0.42460542914171656,3587.5,0.138602052834258,0.09509704259668594,1.2427727167077034,-0.028403923866221623,3198.161079353211,0.03643006098115779,35.72485375772962,5.377560487105558,765.874410515505,0.13790141387481905,0.019016799948674133,ball,7mil_1796rpm,12800.0
SEU,DE,30,0.10968043496990394,0.09371539218087457,0.20828157280861187,0.6966404151827491,0.001362619757975434,5.616541716888383,3.760289370518186,4.734710524469886,0.11850337918858855,0.013567378348771206,0.9754229540918163,0.5193051097804391,3650.0,0.13810243271487277,0.09245993993402385,1.259134619157626,0.0038264168954026995,3171.2064446938784,0.037589840732326775,40.667321796090825,5.61972091728591,813.7944973193452,0.13743437767351827,0.018888208166507256,ball,7mil_1796rpm,12800.0
SEU,DE,31,0.11395696805607534,0.09603263775673841,0.2094773579042522,0.6933818637497872,0.001108140442934451,5.405336540805024,3.623753727338843,4.557028136488347,0.05979496029231868,0.013217365542352795,0.9754229540918163,0.5193051097804391,3587.5,0.143305850467327,0.09607266927048695,1.257543552727814,0.014069851729115877,3167.627416518844,0.03258303266374309,25.64826078127345,4.702962309703886,824.7860685866808,0.1426950175243821,0.020361868026283713,ball,7mil_1796rpm,12800.0
SEU,DE,32,0.1124351697971245,0.09695298364615967,0.20073209058970068,0.7007209855721775,0.0015939399404982062,6.215044170899798,4.1964419685115315,5.2659327946275205,0.07870361428788142,0.013239018272049652,1.0158693013972058,0.5920760479041917,3450.0,0.14109001204994615,0.09526497827262785,1.254856574722356,0.005133815857231931,3172.309422146335,0.03483391734001367,32.258485733017444,5.1433476805536325,824.7467761591454,0.14046750476692568,0.01973111989544629,ball,7mil_1796rpm,12800.0
SEU,DE,33,0.10936214777476297,0.10083248295947358,0.223218022831884,0.6742923238267484,0.0016571701636612412,6.396092800742996,4.305993654409586,5.4139028900895685,0.13476615514468637,0.01354112540543912,1.0158693013972058,0.5920760479041917,3650.0,0.13750044598831948,0.09256839547972377,1.2572946744929407,0.058242885455050235,3144.290712161334,0.03565862689366313,30.23352126207471,4.91746526909534,831.8498840656114,0.1368320524209914,0.018723010569740933,ball,7mil_1796rpm,12800.0
SEU,DE,34,0.10737096909696232,0.0936490695619156,0.24144159395651293,0.662750871134218,0.002158465296082965,5.461336082503473,3.6643636448176777,4.61416293319643,0.1190712300556287,0.013622898168506736,0.9578799600798403,0.4954271457085829,3650.0,0.1352014138687464,0.090715374081406,1.2591989716200804,0.022728710647701975,3149.5718036416138,0.037209945253818384,28.102018073477304,4.723928358216753,808.3083068281509,0.1345133411881459,0.01809383895759855,ball,7mil_1796rpm,12800.0
SEU,DE,35,0.11196420309771082,0.07567190259266295,0.22062304174980465,0.7020400138680316,0.0016650417323475985,5.217257474477525,3.538100822216362,4.424870914110156,-0.055455736797576094,0.013219665649170409,0.9578799600798403,0.4954271457085829,3475.0,0.14002629393648366,0.09495930536918666,1.2506344890811498,-0.002669787694260446,3213.6787154551243,0.03142318945370058,37.78131992438091,5.618036106188033,738.0773749718192,0.13940087314543861,0.019432603433710668,ball,7mil_1796rpm,12800.0
SEU,DE,36,0.11478476856833209,0.07913038320083239,0.20272174277279653,0.7167407331634518,0.0014071408253542945,4.60207325388207,3.147741104563643,3.9142438013873506,-0.22999081726743587,0.013261067571887475,0.856358003992016,0.44929556886227545,3637.5,0.1427358711969291,0.09762894766685278,1.2435088119897855,0.007152173933699921,3231.3037092087625,0.03341136530224169,26.04904796619138,4.807773040140981,754.5930004431144,0.1421185174887501,0.02019767301320017,ball,7mil_1796rpm,12800.0
SEU,DE,37,0.10809978570203344,0.09022924234793149,0.20684166793089143,0.7006444501708544,0.002284639502461784,5.198578560142712,3.497021641798194,4.399731755169363,0.038295106126252865,0.01378414358782435,0.9279918962075848,0.4756100598802395,3600.0,0.1360043227057861,0.09148848177975462,1.2581368392410028,-0.01219813670777333,3178.523109981099,0.03546571009368675,31.951046903629226,5.246060452044148,800.8957372353706,0.13530400282404748,0.01830717318020985,ball,7mil_1796rpm,12800.0
SEU,DE,38,0.1081485638293725,0.09342544445359544,0.23224215890721783,0.6721747601715671,0.0021576361790550075,5.17733880463153,3.5031547460719588,4.3977473490134935,0.027219141642850442,0.01373996567412051,0.9279918962075848,0.4756100598802395,3587.5,0.1357662148420748,0.09186380838255544,1.255367709332461,-0.002126705629148096,3156.663693028828,0.03661265857609952,29.06191597651739,4.763921372210481,809.3725786049715,0.1350691616758555,0.018243678435818395,ball,7mil_1796rpm,12800.0
SEU,DE,39,0.11018296865253867,0.0882611694448741,0.1954139989112792,0.7147820458814289,0.0015427856821694948,4.956260501949739,3.377004956281578,4.213351722827327,-0.1336349056001147,0.013591013929172904,0.8587945309381237,0.46423960079840315,3587.5,0.13747080824825844,0.093667312405346,1.2476593245710397,-0.0032318849850842143,3188.055739260996,0.032636494787703633,32.29480010538754,5.320913288316237,800.9214835990122,0.13679732256446567,0.01871350746080647,ball,7mil_1796rpm,12800.0
SEU,DE,40,0.11441215126387849,0.08884815993283426,0.21384417511973383,0.695615366562862,0.0016922981858862468,4.786015374353595,3.2582497947427567,4.057607480237722,-0.2395230522677858,0.013476960356630489,0.9078499401197604,0.46423960079840315,3650.0,0.14248127984154618,0.09699918710794027,1.24533345687146,-0.047336576709975466,3183.1510987412685,0.035553507857723834,50.094162962083416,6.217849149847301,808.3554355232133,0.14184247123069593,0.020119286644830807,ball,7mil_1796rpm,12800.0
SEU,DE,41,0.11126750867405813,0.0792230846926614,0.1808452022749548,0.7385306870310243,0.0014010257992974199,4.93083880054169,3.332390464595826,4.172283592313773,-0.12870931208382785,0.01325726049853418,0.9078499401197604,0.46423960079840315,3487.5,0.1393112859164027,0.09415022870903889,1.2520392302886436,-0.05205386701478539,3227.206845098142,0.030560579331467545,31.197933013358224,5.236267204993044,768.3444527702923,0.13867905187069787,0.01923187942775571,ball,7mil_1796rpm,12800.0
SEU,DE,42,0.11250282466317366,0.09000036413449783,0.21333740959633402,0.6951668909301602,0.0014953352262401748,4.83039396893908,3.3274355691148596,4.1264706214115705,-0.17813804331905736,0.013357275488086327,0.8695152495009979,0.46423960079840315,3450.0,0.1395187348201296,0.09610802012912542,1.2401353942697873,0.01755209403722226,3180.822063746492,0.03335692108702455,36.49922779639922,5.38247649686945,804.281688766504,0.13887786201315536,0.01928706055734502,ball,7mil_1796rpm,12800.0
SEU,DE,43,0.11865045498846058,0.09819911288540979,0.2025810226266233,0.6977861337729028,0.0014337306670401308,4.3532054138441545,3.025479402079241,3.725109929556846,-0.3532303242003465,0.013323487712075848,0.8618807984031936,0.4419859880239521,3450.0,0.1460879184040057,0.10153115830884962,1.2312461711016074,0.005043029600228811,3152.5291309621975,0.03217816964482124,31.207233075158733,5.109879188291958,839.6813702865189,0.14547908639664187,0.02116416457880159,ball,7mil_1796rpm,12800.0
SEU,DE,44,0.11286465525979292,0.09711017699467979,0.2333046896685508,0.6680494746344844,0.001535658628381454,4.600772076137407,3.1581179721110235,3.916070863873058,-0.22921681465735855,0.013100139408682635,0.8756877844311377,0.4419859880239521,3650.0,0.13995233614674293,0.09606778616927768,1.2400014497417224,-0.028671231250008533,3150.0877147815613,0.034892070863356134,31.062740372284118,5.129666376321506,836.6088588368714,0.13933787259896,0.01941504274040401,ball,7mil_1796rpm,12800.0
SEU,DE,45,0.10465874658885355,0.10707902981582444,0.21979888513533344,0.6716353463101901,0.0014867387272842927,4.913436823294792,3.3054017238312494,4.143961307992352,-0.06369633745619474,0.012846572460547656,0.8500230339321357,0.4337017964071856,3587.5,0.1312100109588154,0.08826851997994332,1.2536936972336112,-0.021910781151880106,3121.1723571394486,0.03686650707541482,28.30180829309997,4.776719599327393,873.1849822905771,0.13057960235744462,0.017051032551828358,ball,7mil_1796rpm,12800.0
SEU,DE,46,0.10157105147127621,0.09671616284048509,0.20745558598392305,0.6942749033152957,0.00155334764619602,5.196401955972583,3.446004490744767,4.354694097151455,0.018733806536017195,0.012631790072199351,0.8586320958083832,0.4423108582834331,3450.0,0.1283546958430802,0.08511867673651664,1.2636936802744263,-0.04081873892696068,3160.417541385738,0.03811665857891174,20.2751546151423,4.211215605836027,834.2008846292034,0.12773161638584832,0.016315365824541517,ball,7mil_1796rpm,12800.0
SEU,DE,47,0.10926601917259232,0.09714874037583941,0.1904096431002837,0.710789098364119,0.0016525181281780766,6.554723111779081,4.435962453162249,5.555433285086503,0.07816814054160703,0.012800966894336328,1.0493309381237523,0.6070200798403194,3587.5,0.13684067127475236,0.09260804300787041,1.252362558011784,-0.042628802486358024,3175.513858265664,0.03581109261147843,28.447794188243602,4.900029976794758,836.9498919679846,0.13624061274632812,0.018561504561494944,ball,7mil_1796rpm,12800.0
SEU,DE,48,0.11341461873128743,0.08981722730465728,0.18167407245387154,0.7271969252742428,0.0013117747547081325,6.273443499760186,4.3140159724582,5.352220786268553,-0.09442032937894451,0.012790180186501996,1.0423462275449102,0.6070200798403194,3525.0,0.14070881603491817,0.09676026888000568,1.2406585465697215,-0.036727142151970926,3195.326897496153,0.034004976547432605,23.411973695592085,4.6450888469379885,809.0721374432655,0.14012630802510018,0.019635382200745254,ball,7mil_1796rpm,12800.0
SEU,DE,49,0.10865339761882485,0.09304643900849756,0.20893810625662118,0.6964496169745166,0.0015658377164819658,5.006038427081083,3.419109085137648,4.2592104321877144,-0.10509822712908079,0.012385361386601797,0.899565748502994,0.46277768463073854,3587.5,0.13535037142931863,0.09244389378380673,1.245707675927001,-0.04740326981336947,3179.5880777810657,0.03463804417021542,26.295246710217445,4.772753098504607,830.5935855481895,0.13478251321806473,0.018166325869377793,ball,7mil_1796rpm,12800.0
SEU,DE,50,0.10759709339134232,0.08392279941847555,0.23007745894184312,0.6841439312417087,0.001855810279999163,5.801290771824218,3.9296759340661747,4.9230043432237744,0.08927596289730477,0.012164075247941617,1.000925269461078,0.5297009580838323,3600.0,0.1347950739377463,0.09130743121108334,1.252776164198804,-0.05347523051712843,3192.8503554545387,0.036728475084164824,32.66585849221854,5.021936399731701,790.4503181378168,0.13424510133053238,0.01802174723124491,ball,7mil_1796rpm,12800.0
SEU,DE,51,0.10926712956898704,0.07384919731205251,0.20521379308283327,0.719809143059534,0.0011278662814862394,5.870617586492515,3.886078220511288,4.929523566183622,0.35482931170388765,0.012212774061252495,1.0683358483033931,0.5386348902195609,3675.0,0.13860629139592903,0.0917509754780972,1.2685085802351783,-0.06808064252326138,3232.6980928398675,0.03144927517002476,25.790495013839184,4.8409144698355595,746.1307268207647,0.13806720162392655,0.01906255216426199,ball,7mil_1796rpm,12800.0
SEU,DE,52,0.11053893001107161,0.07346874260480685,0.1974902334292021,0.7278224492362767,0.0012185744481546436,5.780203145560924,3.8759866065538167,4.872807165453937,0.14525048558997167,0.012230619717596057,1.0563156487025949,0.5386348902195609,3450.0,0.13896717014160873,0.09318615222602017,1.2571785354507208,-0.029175676446105258,3229.164226582851,0.031652098410708256,37.24452367478185,5.5784052918876785,744.0936046956242,0.13842791018609787,0.019162286318490377,ball,7mil_1796rpm,12800.0
SEU,DE,53,0.11442714161520708,0.09974464414910736,0.2133115858416342,0.6857831543663496,0.001160615406228878,4.597599122548758,3.158913795662427,3.9151208489578644,-0.2464175786470748,0.01236521562344062,0.8880328542914171,0.4479960878243513,3612.5,0.14181966232807758,0.09744131140689731,1.2393883157982346,0.01895479302773885,3158.94856802036,0.03218027847966152,25.7672530563295,4.753266060036147,854.5623466239806,0.14127957412674969,0.01995991806543576,ball,7mil_1796rpm,12800.0
SEU,DE,54,0.11674556997333457,0.09323878356555725,0.1794848169093753,0.7262251658044705,0.0010512336532629135,5.560718114437704,3.7606357239148873,4.706971271266987,-0.06913642150511867,0.012287249933726298,1.0348742115768463,0.5495180439121756,3587.5,0.14612370999340446,0.09882141705500612,1.251642439424297,-0.0071574778862349645,3188.665697286312,0.02946324276541021,27.338276850685123,4.888856544113154,829.3012285915593,0.14560618843752043,0.02120116211130271,ball,7mil_1796rpm,12800.0
SEU,DE,55,0.11061776815509605,0.0791157664503916,0.19074870620237616,0.7287783319496438,0.0013571952679025633,5.9060703020201455,3.940807105640804,4.967719500014699,0.04938533472322959,0.012100386083302146,1.0348742115768463,0.5495180439121756,3650.0,0.13944301996553063,0.09304292292697826,1.2605842830784562,-0.03931379217487325,3228.1131406565396,0.03141230892570871,29.263185699762026,4.865942021631478,778.5960315843303,0.13891701290246058,0.0192979364737424,ball,7mil_1796rpm,12800.0
SEU,DE,56,0.10782916623783681,0.07980861616603102,0.17231992775695737,0.7464633085797905,0.0014081473683627888,4.813311049867835,3.1872671553378256,4.031158009947615,-0.02653571074911909,0.012220705464071857,0.8519722554890219,0.4346764071856287,3475.0,0.13637903131454207,0.09030715087435794,1.264769413256274,-0.004840597368009191,3222.5617607810686,0.03376814091766843,21.710921312510315,4.441112071383753,770.4284829240224,0.13583038886881407,0.018449894540253253,ball,7mil_1796rpm,12800.0
SEU,DE,57,0.10860580920190868,0.07471267659359435,0.18945761731096894,0.734240596864646,0.0015891092257315457,4.732639777698816,3.1084158112108176,3.9544706327401897,0.08049579356065095,0.012356808336452096,0.8483986826347305,0.42947848303393216,3600.0,0.13816635518484185,0.09074818773609691,1.2721819965263301,0.013913191810543103,3230.212545088984,0.03326327223861768,33.505529398991015,5.278301188544585,754.2868210967833,0.13761268470893248,0.01893725099280006,ball,7mil_1796rpm,12800.0
SEU,DE,58,0.10809431303408806,0.08163152486749446,0.25196316090869814,0.6650590115811031,0.0013463025297109706,4.77157226555502,3.1654082229092504,4.004740014601594,0.04086984208214561,0.012334679722586077,0.8464494610778444,0.43288962075848303,3450.0,0.13675633291955772,0.09072263745923383,1.2651575192159363,-0.02072334332383382,3178.1961945050416,0.03569661508683995,35.945651501172264,5.408220905483484,764.1760700413697,0.136198936375238,0.01855015026974613,ball,7mil_1796rpm,12800.0
SEU,DE,59,0.10826388642636603,0.10271853636835462,0.25359409455734866,0.6423812022751324,0.001306166349711261,5.111377526960343,3.3995867829403634,4.2895378251915925,-0.022284457783952494,0.012199052734375,0.877961876247505,0.4644020359281437,3450.0,0.13660543636026085,0.09085653201678422,1.261782122085289,0.01794385308118681,3128.119500693121,0.036460295470572904,38.4338292051465,5.510923534871893,839.3684585773283,0.13605964999058764,0.018512228355561215,ball,7mil_1796rpm,12800.0
SEU,DE,60,0.10951165471790794,0.09373333707168881,0.19769578510670627,0.707122745673155,0.0014481318407435944,5.001787147684864,3.4031934528412506,4.240663125074688,-0.14543506283000873,0.012012982024232784,0.8714644710578843,0.4644020359281437,3450.0,0.13646066330446915,0.09284722084647239,1.2460834753705385,0.004296817877274933,3176.783854918431,0.03357719371150953,44.021923966216335,5.826433707827954,805.5980875827121,0.1359308680630752,0.018477200892381154,ball,7mil_1796rpm,12800.0
SEU,DE,61,0.10931884231536926,0.08846337160966722,0.2404372049069276,0.6696044577791092,0.0014949656832542624,4.506597676363637,3.1522788966032946,3.8707280832095097,-0.29741634887088786,0.011740696965444112,0.8367033532934132,0.4231435129740519,3675.0,0.13423416101602106,0.09389422872012071,1.2279142202107727,-0.052032557509796455,3186.7471692759614,0.03424271879646304,21.918921322643037,4.35998774232157,786.6942323906394,0.13371972935375198,0.017880966018440678,ball,7mil_1796rpm,12800.0
SEU,DE,62,0.1087235905337762,0.07834120145560819,0.20764591270362517,0.7126224053699646,0.0013904803075688852,5.07952919923821,3.4663824197080673,4.322197492119559,-0.0599467894093233,0.012041852330495258,0.9388750499001997,0.4699248303393213,3675.0,0.1355663551913864,0.09251346176133748,1.2468899760008496,-0.015776750977702748,3230.502927540119,0.03516034472951999,22.177406129545894,4.509548426329943,747.4404375740712,0.13503047971598,0.018233230452327685,ball,7mil_1796rpm,12800.0
SEU,DE,63,0.107834559591754,0.07070752900794255,0.1676896532503048,0.760278494016712,0.00132432358865207,5.160398281552378,3.4784994444470434,4.3578314050559355,-0.0776945260696893,0.012271307814059381,0.9388750499001997,0.4699248303393213,3587.5,0.1350941225790601,0.09106367468170617,1.2527905996974147,0.010528530113040748,3258.636576254788,0.03291249258184044,22.038346833274357,4.481585746907951,709.3986298488618,0.1345356345357568,0.018099836959938713,ball,7mil_1796rpm,12800.0
SEU,DE,64,0.10589398326394087,0.09505221887203154,0.18667321653609667,0.716492981277427,0.0017815832378014883,4.89096309683379,3.3531134220227954,4.160048175336654,-0.23297737631246695,0.011745376493107536,0.8542463473053892,0.4405240718562874,3625.0,0.13137762324500712,0.09006898296604705,1.2406523883188743,-0.036158593781281195,3192.1751225891353,0.03831190802888862,24.636769439478698,4.6967619840167005,811.162648456255,0.130851541911214,0.017122126020542194,ball,7mil_1796rpm,12800.0
SEU,DE,65,0.10866077382344685,0.09560217673589927,0.16129417193343193,0.7412166145821899,0.0018870364236598892,4.841098636391372,3.3175492240667404,4.127371611969866,-0.14725296959297163,0.01172047188825474,0.8622056686626747,0.44848339321357283,3612.5,0.13518515112303592,0.09264082946838677,1.2441025989993975,-0.031446512982153,3193.77317736221,0.036287843682497045,32.0947548594792,5.388409941322606,817.4088369619445,0.13467611377996724,0.018137655622874685,ball,7mil_1796rpm,12800.0
SEU,DE,66,0.10633742799557136,0.09410356461791798,0.15855823937568958,0.7457246532776026,0.0016135423065229506,4.965899510517921,3.372659754135651,4.217549753340384,-0.0675233056892579,0.012149640094810378,0.8815354491017964,0.44848339321357283,3600.0,0.13297617486128857,0.09031261954932271,1.2505114837536473,-0.03326484091782868,3207.9770232737965,0.03523551273616549,28.064877389731627,5.020096295478481,813.8055518894099,0.13241997329068816,0.01753504932630657,ball,7mil_1796rpm,12800.0
SEU,DE,67,0.10582077641591817,0.09591700214786487,0.16148337175201893,0.7409794396471415,0.0016201862599501962,5.188693198824464,3.5027580990014773,4.394711437565583,0.023436999829285377,0.012279239216878741,0.8925810379241517,0.4650517764471058,3612.5,0.1327673117306265,0.08962791952171438,1.2546431450171716,-0.05156901919203551,3206.362518829751,0.03382345746498648,33.31698040951612,5.372046149133514,825.5373183927602,0.13219825773599295,0.01747637934843202,ball,7mil_1796rpm,12800.0
SEU,DE,68,0.11448583399607036,0.08400938332223361,0.18547965581899103,0.7290954071093964,0.0014155536926755447,5.962292607374154,4.0617132706274,5.058103848418719,-0.10848735246750962,0.012013695850486526,1.0493309381237526,0.5790812375249501,3625.0,0.14257068358631364,0.09712392122599675,1.2453128794188395,-0.01566730881922825,3225.2756424836803,0.033488252083373395,22.851796657569007,4.60108026949216,779.866955163727,0.14206361578631158,0.02018207093028076,ball,7mil_1796rpm,12800.0
SEU,DE,69,0.10878505890562626,0.09099180968100035,0.20762936140718852,0.7000717329276418,0.0013070957494259636,6.303245861568363,4.24650985426122,5.323168855635934,0.014842247843878997,0.011628229673465568,1.0493309381237526,0.5790812375249501,3587.5,0.13636639438004905,0.09187032367810322,1.2535397392977494,-0.003141654950483851,3189.1159258646417,0.03509522550513301,21.014439481599375,4.312481113370107,801.141929621971,0.13586970887904412,0.018460577790876204,ball,7mil_1796rpm,12800.0
SEU,DE,70,0.10392144338276572,0.11283837039470014,0.21174066471063646,0.6739538856406018,0.0014670788997328296,5.23981440282685,3.5311276470459356,4.425014100330242,-0.03558994989944608,0.01172396170549526,0.9003779241516966,0.4598538522954092,3500.0,0.13022861200730393,0.0877614772094448,1.253144757888351,-0.0347298707704409,3120.1624070636717,0.03902851332715767,22.960777264780283,4.521431934592916,878.1005693617882,0.12969980766090974,0.016822040107276982,ball,7mil_1796rpm,12800.0
SEU,DE,71,0.11116947653521084,0.09388455107058928,0.19227580726154245,0.7123159275915631,0.0015237137195399295,5.14939834445501,3.506758909253686,4.365912144157153,-0.16551647924123714,0.011820407563778692,0.925880239520958,0.48535616766467066,3587.5,0.1384059127600434,0.09425492750765986,1.244999230667475,0.010522278103827677,3172.8082402728414,0.033556642414658035,27.628193787704543,4.843223653279458,807.5440621033424,0.13790023441592442,0.019016474651966906,ball,7mil_1796rpm,12800.0
SEU,DE,72,0.10709709775760978,0.09743231072157954,0.16794721890621547,0.7331904423950639,0.001430027730178949,5.368957214859845,3.609596057986289,4.531926427765254,-0.0653160684877303,0.011509100003118762,0.8977789620758483,0.48535616766467066,3587.5,0.1344627376215165,0.09040045361533781,1.2555217689077132,0.04616377488449058,3187.958463372704,0.03645751224424143,45.200700819797426,5.990547416148941,826.6438689136262,0.13396928164990285,0.017947768425791,ball,7mil_1796rpm,12800.0
SEU,DE,73,0.10428763625093562,0.09498396174608771,0.21103813558025264,0.6923410017020873,0.0016369009605840823,4.643282105864694,3.1054088742470998,3.911054324762144,-0.07094124136133662,0.011469918873191117,0.8118507784431138,0.4078746107784431,3450.0,0.13134328756541971,0.0878418759573702,1.2594329710319938,0.03944164726691928,3161.563142780922,0.03505979310074056,56.60184019120027,6.347102778078776,804.5576913206962,0.13084150774710201,0.017119500149534957,ball,7mil_1796rpm,12800.0
SEU,DE,74,0.11546322076550025,0.06847169125571792,0.1758691432434859,0.7543019584718612,0.0013572070053311184,5.2174284609088275,3.5448100928212014,4.421612435455253,-0.1519293088545015,0.011570885631081586,0.9876055888223553,0.5105336127744511,3587.5,0.1440228388562654,0.0978515789147056,1.2473481850014234,0.03446259775848466,3268.0670646021176,0.030216725983350783,77.17827764567525,7.5500631063747665,706.8762752382995,0.14355728026794817,0.020608692717930224,ball,7mil_1796rpm,12800.0
SEU,DE,75,0.1164757436494199,0.07192776518714371,0.16815094389279872,0.7585365522569754,0.0013847386441915813,5.1497786287613305,3.5420075424725352,4.38317538723861,-0.2165527861306784,0.011884810554671905,0.9876055888223553,0.5105336127744511,3587.5,0.1441367943609933,0.09913700171947956,1.2374833578640232,0.01819177278858299,3265.2161375412215,0.02958168916998566,42.88634974470508,5.749216073739825,730.4208210786284,0.14364597720348046,0.02063416676674283,ball,7mil_1796rpm,12800.0
SEU,DE,76,0.11630141141545035,0.07984885371484396,0.23954774589617944,0.6789626408034799,0.0016407595094751809,4.982890135800268,3.391896545473921,4.224938128307127,-0.14322981467217355,0.011815014209861526,0.908986986027944,0.49136626746506984,3675.0,0.1448647565978211,0.09861069661857091,1.245597579898125,-0.0052548133233633245,3191.3424294508677,0.03400489024964581,22.4880876831282,4.421904171902703,760.0664900106339,0.1443821427440621,0.020846203143366725,ball,7mil_1796rpm,12800.0
SEU,DE,77,0.10973833421048529,0.07559634113876627,0.24868651114198304,0.6743375026508089,0.0013796447120584872,5.066219052336892,3.417165706126235,4.2896314161751325,0.023167478136222996,0.011552484776540669,0.8789364870259482,0.470737005988024,3487.5,0.13775656391028826,0.09291682833392041,1.2553185256672674,0.005064407407612475,3196.4206753197273,0.03442631051302605,27.774461741001417,4.885062580964477,739.7778236524342,0.1372713043423757,0.01884341099585713,ball,7mil_1796rpm,12800.0
SEU,DE,78,0.10596132087387725,0.09239245608011691,0.24099248876386284,0.6649017976647444,0.0017132571098603631,5.78476887303472,3.838939260044606,4.870233807295364,0.32424566263415366,0.011555736651696607,0.9824076646706588,0.5160564071856288,3475.0,0.13442682267904196,0.08920951182530185,1.268640496082966,0.01214656490531151,3148.652331465701,0.03892964405641395,65.81063954664702,6.941043041909932,801.0777723027509,0.1339292186418603,0.01793703560601922,ball,7mil_1796rpm,12800.0
SEU,DE,79,0.1105740661255614,0.06744556393739203,0.21593993495447364,0.7153019987444944,0.0013125021684687104,5.5505782290097,3.6819474069471667,4.6670654816982635,0.2406712136632092,0.01147102926958583,0.9824076646706588,0.5160564071856288,3450.0,0.14015854930788094,0.09297344995310523,1.2675535432397425,0.04499045460629567,3227.3635502269944,0.030195129300458094,23.605169294029142,4.616827946239764,710.3327369567307,0.13968834751541015,0.019512834431585996,ball,7mil_1796rpm,12800.0
SEU,DE,80,0.11026402758935255,0.09505487431501466,0.2113625585258255,0.691769569763687,0.0018129973126010124,4.971158899758062,3.3888498872038615,4.2279321057587245,-0.034292749310617765,0.011565016392995259,0.9210071856287425,0.4661888223552894,3450.0,0.13756549799257753,0.09377870065227206,1.247600881267476,0.057266093982339485,3165.6705880284544,0.0396357642211192,25.3455199886841,4.668796784116449,821.8549166873673,0.13707850536745578,0.0187905166337756,ball,7mil_1796rpm,12800.0
SEU,DE,81,0.10874413286707835,0.09521989099944315,0.16999302353498555,0.7331010019102411,0.0016860835491435953,5.019745030013927,3.4557174101444192,4.287025056562158,-0.0981947309186606,0.011354754904253993,0.8950175648702595,0.4661888223552894,3450.0,0.1349036298473858,0.09287101627032161,1.2405600770414262,0.013983259146848018,3177.667323043181,0.03690492941671329,45.53516569432913,5.817315212756876,829.2072045412493,0.13442491914472107,0.018070058887064797,ball,7mil_1796rpm,12800.0
SEU,DE,82,0.11352668945312501,0.07982446926125888,0.18343794061490662,0.7355174482951733,0.0012201415245883698,4.693683012923184,3.1931301170156297,3.9848060267284815,-0.127832317436972,0.011194143997161926,0.8722766467065868,0.4523818363273453,3650.0,0.14167347391096966,0.09638099443055612,1.247930989562295,0.02580234410159004,3226.790668070655,0.032241878662823784,22.677319995846748,4.651045130435604,780.7207052055805,0.14123053618170894,0.019946064350173,ball,7mil_1796rpm,12800.0
SEU,DE,83,0.11733963204450475,0.07775920649651696,0.18598264892161612,0.7348615964533615,0.0013965480488166704,4.549425679478279,3.087481031964865,3.8553200521011117,-0.16270135525166696,0.01139401534820983,0.8748756087824351,0.4523818363273453,3650.0,0.14652133297138045,0.09943713079388598,1.2486943278960312,0.004364518417257867,3244.7826678972438,0.031125545707375423,30.490571239712672,5.229640191076649,771.261535154032,0.14607764178667076,0.0213386774299549,ball,7mil_1796rpm,12800.0
SEU,DE,84,0.1137514654090257,0.07911390337615704,0.18506384012732097,0.7342030488808403,0.0016192075465612417,5.605524464530214,3.7770513381058377,4.739474728261437,0.0122857665737377,0.011044716368045158,1.0410467465069861,0.5391221956087824,3475.0,0.14273626364823203,0.09617694098387365,1.2548081304709637,-0.009212122479553124,3214.492146427494,0.031630103019105744,27.4049637755865,4.959036135391307,764.1834361777812,0.142308310370853,0.02025165520060703,ball,7mil_1796rpm,12800.0
SEU,DE,85,0.1079039593664234,0.07878767648012924,0.19132338388214304,0.7279791991941346,0.001909740399811535,5.898958499368798,3.96816800179379,4.996315230454293,0.1450129294150697,0.010744909341473303,1.0410467465069861,0.5391221956087824,3475.0,0.1358617365406593,0.09139277648189416,1.2590987146198784,-0.004539542599436444,3222.962002452467,0.03605375204075393,28.298116043639034,5.019572131880649,765.2280244695112,0.1354361782504477,0.018342958379087046,ball,7mil_1796rpm,12800.0
SEU,DE,86,0.10842521115971182,0.08933432538774026,0.1726737550157709,0.7363969535194917,0.0015949660630843793,4.7697177541378055,3.2759191864437986,4.0734171789059115,-0.15800504352812927,0.011026791397673404,0.8284191616766468,0.44166111776447103,3625.0,0.13482051681620386,0.09259690835612297,1.2434425109637222,-0.02234686449699245,3209.8903622701496,0.03612749328443069,24.005307417321482,4.712164438197885,804.4145631681287,0.13436882683889334,0.0180549816260605,ball,7mil_1796rpm,12800.0
SEU,DE,87,0.11374075801521956,0.06955379276201508,0.18085294384025793,0.748147699739371,0.0014455633324862893,4.843822246190713,3.3287206538398952,4.128686745845351,-0.2090240247287447,0.011290986425586328,0.8750380439121757,0.46959996007984034,3450.0,0.14107520844025356,0.09694822316181068,1.2403223866450441,-0.013469601767325371,3257.9671076443265,0.03137257481334822,19.71323383087613,4.311408437206976,723.6031728066511,0.1406226442007055,0.019774728061998214,ball,7mil_1796rpm,12800.0
SEU,DE,88,0.1138841577781936,0.06342310136436079,0.16656134917970095,0.7685244350841139,0.0014911142495628756,4.858100739287685,3.336414203795013,4.143456483343827,-0.10964526222342652,0.011216431239084331,0.9346517365269461,0.47187405189620757,3587.5,0.14143149593341056,0.09713138471587061,1.2418891151556788,-0.00484791994791775,3273.2167999076123,0.0317338156962126,29.190703405317386,5.017120962360663,690.311645196501,0.14098602665591092,0.019877059712221225,ball,7mil_1796rpm,12800.0
SEU,DE,89,0.11309545908183632,0.06899819822667574,0.19384733834421886,0.7357243060717538,0.0014301573103619675,5.4154055815064,3.734894340174157,4.63052064631957,-0.03178868576730265,0.010646004748315868,0.9864685429141717,0.5236908582834332,3587.5,0.14021570908991596,0.09670390341063954,1.2397996367692827,0.00997897968088304,3261.0685361420205,0.03335437752143847,45.87732277465972,6.063561442776011,719.460218548709,0.13981097116638155,0.019547107658486773,ball,7mil_1796rpm,12800.0
SEU,DE,90,0.11540674917742641,0.06380841030986054,0.1758044086517551,0.7587891453210838,0.001598035613433457,5.382121331263507,3.7194934533492803,4.603936192365818,-0.06151854224858022,0.01092177962434506,1.0550161676646708,0.5313253093812376,3487.5,0.14284883574745824,0.09872042577243491,1.23778580339216,0.010529589504738987,3263.6381649000455,0.030548910322056807,65.32174412838368,7.1653548109358915,695.5273874737017,0.1424307010592925,0.02028650460424155,ball,7mil_1796rpm,12800.0
SEU,DE,91,0.11376360045533931,0.08010865474216743,0.18987306310010515,0.7281791387965825,0.0018391429336597426,5.46395570850781,3.7718647193993853,4.670433313068553,-0.17569492167492928,0.011428199694361277,0.976884870259481,0.5313253093812376,3450.0,0.14086542039764444,0.09724187708072417,1.2382292739842091,0.013540488348358429,3216.0462034478583,0.03280154772270228,37.18634623264569,5.434540219101528,769.117431204543,0.14040107875494012,0.0197124629155509,ball,7mil_1796rpm,12800.0
SEU,DE,92,0.11304398427753867,0.08795232978188564,0.16034801375340482,0.7502088941009487,0.0014907622486043744,4.6286394128699415,3.1801198515322504,3.9457815390897593,-0.26831909281640876,0.011217303693394461,0.8581447904191617,0.4460468662674651,3450.0,0.14026102382668065,0.09636673468821763,1.2407650413516953,0.026437324928203706,3210.3835533433685,0.03326553361785774,20.812879754758352,4.4106878409532975,809.0735537626605,0.13981175523810163,0.019547326902758837,ball,7mil_1796rpm,12800.0
SEU,DE,93,0.1103216095738211,0.09028361770393308,0.17876146511119154,0.7293808423252964,0.0015740747812065237,4.751509255722214,3.2469150012924115,4.043150457925428,-0.17836651972783146,0.01101552880566991,0.8641548902195609,0.4460468662674651,3587.5,0.1373755907037663,0.09387477583681302,1.2452283032712839,0.01592431426649159,3202.109924399241,0.03476614621233732,21.767168519140743,4.4244992784739265,824.5914945406842,0.13693323572580973,0.018750711046340178,ball,7mil_1796rpm,12800.0
SEU,DE,94,0.10715182443706336,0.08004843127451133,0.16760912499863242,0.7506098094082523,0.0017326342046888976,5.1920009713596285,3.519928067430201,4.405305178011254,0.02379268520011557,0.011094287635666167,0.9400120958083833,0.4720364870259481,3587.5,0.13410401519101736,0.0909161014471721,1.251532728402442,-0.03153160755298695,3235.6848445691217,0.03436027877220939,29.19927617910264,5.060036031551236,773.5226909041846,0.13364431777000368,0.01786080367220972,ball,7mil_1796rpm,12800.0
SEU,DE,95,0.11097452265391093,0.07682522782402983,0.17808253509230518,0.7434763863705839,0.001615850702233475,5.014244719766941,3.407227879681439,4.253557264653057,-0.08138992476989193,0.011308197569704342,0.9400120958083833,0.4720364870259481,3475.0,0.1385397465901463,0.09413910038437216,1.2483923631931382,-0.03368303659844315,3230.1282317455775,0.03183698997462072,38.745725842573485,5.585959695661822,751.112871650048,0.13807746395768752,0.019065386052986494,ball,7mil_1796rpm,12800.0
SEU,DE,96,0.11311671524139222,0.07787143261593489,0.14879229400061583,0.7717744019742105,0.0015618711693637754,5.8058419136011965,3.9607678771374544,4.929773634331519,-0.07486336326186116,0.011074300500561378,1.1024472255489022,0.5576398003992016,3587.5,0.14079083089368563,0.0960480510316399,1.2446509836608726,-0.012723702639811308,3241.9014937000043,0.03217311793345125,43.82473941217152,6.05136842713715,755.905056139744,0.1403546149300323,0.019699417932157647,ball,7mil_1796rpm,12800.0
SEU,DE,97,0.11288186640391093,0.07980886749542611,0.16512929378148153,0.7539712204150729,0.0010906180908474717,5.934137921252789,3.968251273429083,5.013418098448104,0.28903169936698125,0.011056454844217814,1.1235637924151696,0.565923992015968,3587.5,0.14261294283588458,0.09536751580868086,1.2633822187665704,0.024371231406092292,3230.7405498701078,0.030039659607290728,84.04010772455229,7.846464294423797,757.1621598536008,0.1421837060657411,0.02021620627058906,ball,7mil_1796rpm,12800.0
SEU,DE,98,0.11144897917056512,0.08544148795886736,0.17044705867544763,0.7430966008286011,0.0010148524294686524,6.025620274916195,3.996043877222319,5.07787506200357,0.281371122021838,0.011258705616111527,1.0480314570858282,0.565923992015968,3475.0,0.1416210655848319,0.09391962423716435,1.2707255520760798,0.056310120168891815,3210.739134167791,0.0336204720786993,49.601407631597745,6.401700105491658,778.8001640678802,0.14117282941569526,0.019929767765232993,ball,7mil_1796rpm,12800.0
SEU,DE,99,0.10978647782559879,0.07777755805626366,0.1940771240405853,0.726645373384753,0.0014999442708357735,4.746799454306976,3.1823926552040995,4.012553099263112,0.03440550157678457,0.011140448400074849,0.8805608383233532,0.4405240718562874,3475.0,0.13842543004110686,0.09280444141295686,1.2608604700936161,0.013929669824633154,3232.6414865621573,0.035761029811614733,39.0066211990297,5.747800460106827,744.2801087436795,0.13797641135900962,0.01903749009151064,ball,7mil_1796rpm,12800.0
SEU,DE,100,0.11219072396223179,0.06508867585708446,0.18751794857220686,0.7458354176328713,0.0015579578604910565,5.224674107441831,3.4951902965644446,4.40580185547959,0.028116308933592737,0.011286941410148453,0.9585297005988024,0.49429009980039923,3600.0,0.14142008241618653,0.09460687683780139,1.2605327554869385,-0.02757219978384218,3278.506668101251,0.031028542227241034,35.78084875776101,5.430338682617193,691.0289538453807,0.14096894929098702,0.01987224466420487,ball,7mil_1796rpm,12800.0
SEU,DE,101,0.11831313242655316,0.05836441242797166,0.13649924513517064,0.8035983904652116,0.001537951676739905,5.606708265261684,3.7284243977340563,4.718745328332344,0.18360511221154097,0.01126600250670534,1.0628130538922156,0.5582895409181636,3450.0,0.14973873179712674,0.09957527920210173,1.2656137888165717,-0.014071904743221253,3314.512465658476,0.030267704342441814,34.81954388156052,5.40113190489451,651.1741767456191,0.14931431608432852,0.022294764987730767,ball,7mil_1796rpm,12800.0
SEU,DE,102,0.11978876992109531,0.06220850273805248,0.1615595497321399,0.7749642889489844,0.0012676583402459285,5.508299821592753,3.7040385937160343,4.66061669458588,0.11446466579485959,0.011436289725237025,1.0628130538922156,0.5582895409181636,3650.0,0.1507245474886011,0.10135423978368907,1.2582527359441384,-0.013797888607634111,3305.2987133819543,0.029101933932478178,33.40187719352125,5.507449162281423,681.9058708766877,0.15029005453776376,0.022587100492964002,ball,7mil_1796rpm,12800.0
SEU,DE,103,0.11898325665076098,0.07335609645407826,0.2024643624910156,0.7229564165029814,0.0012231241841061398,4.9651892029510725,3.35994303055498,4.206160167556131,-0.12370830426446178,0.011513541588697605,0.9393623552894212,0.500462634730539,3587.5,0.14894973818882723,0.1007942727405207,1.251854608636438,-0.013354718419931843,3227.4119056248637,0.030746055877088167,21.590887654849695,4.385644395961013,721.4476153489499,0.14850408366979512,0.022053462866605512,ball,7mil_1796rpm,12800.0
SEU,DE,104,0.11621963865238273,0.06831175815274229,0.1742287275935466,0.7561089770590788,0.0013505370537514629,5.4054469854986955,3.636463034749532,4.571734308781077,-0.01008350160224225,0.011240859959767965,0.9776970459081837,0.5313253093812376,3587.5,0.14611046621510165,0.09829442612361845,1.2571925701139333,0.013031733109902754,3257.9739747078897,0.030423916763276337,48.27291603324564,6.394968647143851,703.9512763010871,0.14567742242694728,0.021221911404959243,ball,7mil_1796rpm,12800.0
SEU,DE,105,0.11632330208723178,0.06524328567614963,0.18720030008206806,0.7461240221302401,0.0014323920120719504,5.39916478169598,3.643465863124996,4.567660132127203,-0.06462945034356826,0.011537415111183884,0.9776970459081837,0.5313253093812376,3587.5,0.14582963841069738,0.09840879670546714,1.253658001398022,0.03779204399764942,3266.478600611686,0.029765841582385325,46.774066453123474,6.167097123741303,691.5247076076428,0.14537252660508784,0.021133171491546972,ball,7mil_1796rpm,12800.0
SEU,DE,106,0.11751674026946107,0.06448229213253912,0.1577886415990728,0.7763767522756442,0.0013523139709601714,4.911342704436623,3.3413465014207797,4.170187032957539,-0.08690184992659811,0.011469442989021956,0.9759102594810379,0.4900667864271457,3475.0,0.14666745463805192,0.09978264925077365,1.2480558455054953,0.009948172750927149,3276.9106698714213,0.028598034548435597,44.383143063055215,5.936149890589494,689.9655496295246,0.14621830982310866,0.02137979412752659,ball,7mil_1796rpm,12800.0
SEU,DE,107,0.1120762738195484,0.07381648482684737,0.1622242656603007,0.7621489626936806,0.0018102867745095027,5.156446521724249,3.4860629116890838,4.372618483160777,0.10148749882903463,0.0110752522688997,0.9759102594810379,0.4900667864271457,3487.5,0.14057887044548378,0.09503963327506278,1.2543142777197143,-0.010248172923457206,3248.079294856833,0.03158837366163299,25.45252684178855,4.789959577782324,732.054421055596,0.14014191950629315,0.01963975760290835,ball,7mil_1796rpm,12800.0
SEU,DE,108,0.10835002146098428,0.08272387658388021,0.20632812167757947,0.7091768999936313,0.0017711017127798859,5.650747893012626,3.8226443235912204,4.791348147887875,0.019728672972771477,0.011321680954497256,0.9820827944111776,0.5191426746506986,3587.5,0.13580721372554613,0.09187149815914442,1.2534119688610206,-0.028366377483525308,3203.6578045435817,0.034195192618690265,28.960435458630013,4.914227275929681,776.3017836736426,0.1353344702589135,0.01831541884026074,ball,7mil_1796rpm,12800.0
SEU,DE,109,0.10857987351468937,0.0911052234718802,0.1847866076131873,0.7227172962284029,0.0013908726746390705,5.658111128384799,3.806994304105486,4.781205373023996,-0.018115331391903577,0.011236973572386478,1.0030369261477046,0.5191426746506986,3625.0,0.13636549812823517,0.09175194033329219,1.2559003221696219,-0.05878442493976714,3191.6536477842637,0.03296543357557652,25.50290015382303,4.6948161758708995,799.7506585455467,0.13590172737936482,0.018469279504695197,ball,7mil_1796rpm,12800.0
SEU,DE,110,0.10770797440275699,0.0867960416495778,0.18115739937255737,0.7308198969811541,0.0012266619494451971,5.357897894170433,3.5377668734797,4.492650188439713,0.14729918144253062,0.010648860053330838,0.9047636726546906,0.483894251497006,3475.0,0.13677957559172182,0.0903141980408956,1.2699113166891076,-0.03482891808604626,3206.4977990957564,0.03296768705629594,31.61911429515778,5.178081828139317,779.3372927718923,0.1363644164678459,0.018595254078616123,ball,7mil_1796rpm,12800.0
SEU,DE,111,0.11239646455136602,0.09432622611892025,0.1808706436323917,0.7234800580601429,0.0013230721009234048,4.779114106395024,3.1944120951166735,4.030656824078915,0.058920818254356355,0.010910041148172404,0.886083632734531,0.45303157684630735,3562.5,0.14182001675327388,0.0947940490142508,1.2617836096478023,-0.03936266758495754,3189.0679610810425,0.03554218136982924,38.10514749132013,5.436483514232093,812.1303192087881,0.1413997459475938,0.01999388815404407,ball,7mil_1796rpm,12800.0
SEU,DE,112,0.11036213904222805,0.07523675772967117,0.18241736736832365,0.7407491706315555,0.0015967040384036462,4.825909309042732,3.296018189217398,4.104954659069838,-0.12343003474892145,0.010890291955152195,0.886083632734531,0.45303157684630735,3587.5,0.1374481422245654,0.09387486333351149,1.2454283997882043,-0.03507862702004557,3244.929144101551,0.03271102749144435,26.9004208629818,4.850970583725564,732.505973494548,0.13701603315713054,0.018773393342115897,ball,7mil_1796rpm,12800.0
SEU,DE,113,0.1116689962847742,0.06953837392251065,0.1786649556404086,0.7502894524892125,0.0015072177879209587,5.213227313726129,3.527929732593668,4.416203873048117,-0.05062972903001883,0.010422735758950849,0.9776970459081836,0.4931530538922156,3487.5,0.13978539576230695,0.094596499292055,1.2517833992689549,-0.024725919476669966,3260.5608049296397,0.0322192161599975,28.93380437684511,4.98017035312712,701.2011163986753,0.13939628204412005,0.01943132344772387,ball,7mil_1796rpm,12800.0
SEU,DE,114,0.11536963021223179,0.06945239456491951,0.19429386438931256,0.7348420598689273,0.0014116811416045635,5.074524306339589,3.3775382411402286,4.274548275703238,0.08500583415777241,0.010140377818581587,0.9776970459081836,0.4931530538922156,3487.5,0.146009613713724,0.09718212469218462,1.2655810150828037,0.0007009827464515018,3237.1672994296346,0.03230723188694554,76.7349400230321,7.671895454581989,709.4388245375627,0.1456570631123919,0.021215980034527317,ball,7mil_1796rpm,12800.0
SEU,DE,115,0.1127816927863024,0.07589639690168717,0.20933578886386733,0.7133972154263135,0.0013705987112668289,5.5032591087064855,3.651718324604811,4.631880975889684,0.1786017059556122,0.00989125245602545,1.0067729341317366,0.522391377245509,3562.5,0.14305357938636798,0.0949240017463569,1.2684113516315494,-0.030966539909568293,3223.4683629350857,0.03312730442425377,22.849055083838223,4.561252559137176,748.3068054418361,0.14271121084239688,0.020366489700103053,ball,7mil_1796rpm,12800.0
SEU,DE,116,0.11405047929531562,0.08698358301315101,0.2070213342721043,0.7045726235467039,0.0014224591332632059,5.439338613682602,3.6246582887213736,4.580352318317395,0.11442162773885256,0.009987143116111527,0.9676260678642714,0.522391377245509,3587.5,0.14412155178075742,0.09603950302550364,1.263664586692157,-0.05041647864249724,3181.0518005865715,0.034879439668981556,36.68151078780394,5.298984504585155,795.6663992326762,0.14377509749630443,0.020671278660071842,ball,7mil_1796rpm,12800.0
SEU,DE,117,0.11738848948587201,0.07640592828534644,0.18090575142379087,0.7412739375098875,0.0014143826795646754,6.099574727320835,4.065181319411643,5.144744727701215,0.30499457779832717,0.010054877296188872,1.1337972055888224,0.6039338123752496,3587.5,0.14856257689943764,0.09901244584645334,1.26556340873027,-0.0027553946462222025,3228.470508673912,0.030874578691486985,36.96166422286206,5.588205704533496,753.9058015651187,0.14822192380872642,0.021969738697559905,ball,7mil_1796rpm,12800.0
SEU,DE,0,0.09866768215522081,0.22673104415469708,0.2961494467656948,0.47276369309153027,0.004355815256870403,7.960637428923761,4.905067814191309,6.529166495848516,1.5004033466926971,0.005043499738803643,1.1805785229540917,0.6442177245508982,3475.0,0.13133716983219923,0.08092539451806101,1.331106264618478,-0.012035144749052382,2718.377784323379,0.0647777846214323,19.5624842054176,4.069089331156323,1097.3553957939405,0.13124029598380457,0.017224015289916628,ball,14mil_1796rpm,12800.0
SEU,DE,1,0.07987929927254867,0.36810627910484783,0.2075636251795993,0.41989813095901213,0.0044319644971780705,6.925925240234647,4.4786816967215115,5.787361474769318,0.9453478192177922,0.005188485782341566,0.8498605988023952,0.46229037924151695,1537.5,0.10322019079407299,0.06674781537576267,1.2922020064533248,0.009214302397932084,2394.129455895517,0.07038862408730026,27.466454233762427,4.6583440474536175,1299.551069162935,0.10308970561045981,0.01062748740285127,ball,14mil_1796rpm,12800.0
SEU,DE,2,0.08942077686424027,0.31391100160410557,0.16781865615502456,0.5133859725387531,0.004884369553643219,11.716696740897962,7.220927776525909,9.707512770228139,4.4907582641294805,0.0047030839297966575,1.5566158483033932,0.8680533333333333,3500.0,0.12021354598715653,0.07408686531105065,1.3443581033708332,-0.1385882352098836,2551.2785482062036,0.07252305805521839,49.81714140034784,5.891808496389908,1275.9115438554209,0.12012151197997588,0.014429177640355487,ball,14mil_1796rpm,12800.0
SEU,DE,3,0.1579434176958583,0.08980616411777917,0.2675199484259537,0.6387020055805784,0.003971881846547265,10.371248965223428,5.540013148985748,8.137007323608694,4.356744069824346,0.005061662651259978,2.5180693812375248,1.285186746506986,3362.5,0.2319826166373404,0.12391822342867642,1.4687703990555323,-0.022655335730615914,3061.095928560985,0.04491981383831355,21.531212513676383,4.40955835508277,810.7753623732144,0.2319273894845369,0.05379031399311208,ball,14mil_1796rpm,12800.0
SEU,DE,4,0.16628051176942987,0.08372123392133143,0.21766607586473788,0.6945776362248158,0.004035053988727584,9.838206705336482,5.327241519791561,7.729028091332007,3.701044523340938,0.005429283171937373,2.5180693812375248,1.285186746506986,3550.0,0.2412480721462149,0.13063221631741784,1.4508499497568155,0.03903564934583422,3112.8703987261338,0.04825474714320703,23.603719985565245,4.595635262760055,794.8210981978425,0.24118697145265588,0.05817115519850424,ball,14mil_1796rpm,12800.0
SEU,DE,5,0.13700784544192862,0.10072452370695958,0.21427133658308375,0.6815693343367751,0.003434805340434548,12.399812734915312,6.6841895014906205,9.796530065242186,6.161311712477525,0.004908427948789921,2.492079760479042,1.3422014770459083,3500.0,0.200802427391771,0.10824368929915741,1.4656272182375278,0.1917813191155422,3094.25513332991,0.04718553789790375,26.08393294768826,4.792754278299605,843.431122468328,0.20074242745742368,0.040297522181499006,ball,14mil_1796rpm,12800.0
SEU,DE,6,0.1349681265788735,0.06745988403372837,0.2142228792743799,0.7161032396332602,0.002213996999364196,12.472563243248159,6.888100127209928,9.944581073084276,6.286084351053436,0.004916597293693863,2.492079760479042,1.3422014770459083,3500.0,0.19485800906752734,0.1076123208092362,1.4437335244010743,0.08800905869746599,3181.3871934942595,0.030421094214145666,24.747899773098347,4.636706840629721,700.7358627079593,0.19479597215756853,0.03794547076881222,ball,14mil_1796rpm,12800.0
SEU,DE,7,0.12137409871662924,0.10189703836079672,0.15908282690465783,0.7366397003024663,0.0023804343865224844,8.42201467571907,5.251253559789066,6.940431210130315,1.4448066575967884,0.005061504023203593,1.6146051896207585,0.8423885828343314,3437.5,0.1604166649435547,0.1000222173992363,1.3216713173547652,-0.057861616845947886,3139.0569353319834,0.0355257743518568,44.33407580791873,5.994633108761836,833.0651117860409,0.16033679418223312,0.025707887568635783,ball,14mil_1796rpm,12800.0
SEU,DE,8,0.14290698491688497,0.09017385898239862,0.24725074754965012,0.6606048469441088,0.001970546445760697,15.16133105644788,8.013198794893563,11.881395525664246,7.107375525155669,0.005096957393806137,2.841477724550898,1.6979344111776449,3450.0,0.21189221116786208,0.11199111772284265,1.4827281625954047,0.16214479670133827,3095.2515030642535,0.03959352721805511,46.13627460256717,6.008208649943469,805.2351214103635,0.211830899962521,0.04487233017893158,ball,14mil_1796rpm,12800.0
SEU,DE,9,0.12280119602591691,0.11339367615843682,0.2776285135296338,0.6078373245983871,0.0011404856439121342,18.00189060980455,8.760227654702,13.826692785787687,10.559215708199627,0.005203079563529191,2.841477724550898,1.6979344111776449,3462.5,0.19382309205929013,0.09431978273731326,1.5783485693281376,0.22238412401450533,2989.0794350529877,0.037453822183254847,52.59884181056236,6.510169792496413,866.4261771212657,0.1937532424979764,0.03754031897847965,ball,14mil_1796rpm,12800.0
SEU,DE,10,0.08198492809303268,0.21473248893745003,0.2339622004507774,0.5491498412509557,0.0021554692580445867,8.599062108648724,5.414542208788171,7.132609379156893,1.6820510369601145,0.005107585473584082,1.0415340518962077,0.5847664670658683,3550.0,0.10799924435287485,0.06800351709027949,1.3173060813119497,0.11741274123232015,2790.8325005453976,0.04931971940439675,21.135223231265336,4.188798892561473,1081.99549893488,0.10787840076411034,0.011637749351422004,ball,14mil_1796rpm,12800.0
SEU,DE,11,0.07577114986823227,0.2779199986309862,0.15682682533415748,0.5632285140449345,0.0020246616576548365,8.469450466873198,5.490471672990837,7.082981710004177,1.0472585624854993,0.004808412959237775,0.9864685429141717,0.5366856686626746,3550.0,0.09774855433692178,0.06336723625243793,1.2900497683736978,0.08684426203807027,2688.5421027924053,0.050236789387763645,38.38435750404374,5.618871868877725,1184.2973045343194,0.09763021581340268,0.009531659039771583,ball,14mil_1796rpm,12800.0
SEU,DE,12,0.10362449166120882,0.09450592967180514,0.22067410395215362,0.683440400472389,0.001379565851369502,9.794963118258291,5.438289355807652,7.812599836663966,4.354694016819535,0.004708001399544661,1.5501184431137724,0.8095766866267465,3462.5,0.14886605578685957,0.08265234660431298,1.436591421587515,0.030593140137078863,3132.7654821760084,0.029690860934689044,55.23313986010827,6.944931768900449,776.7060992028678,0.14879159011301102,0.022138937288358276,ball,14mil_1796rpm,12800.0
SEU,DE,13,0.1356508617335641,0.056568527581091536,0.21810148696192258,0.7243894348144947,0.0009405506147073917,11.043979601884443,5.837721726933531,8.63840458492394,4.972818810354651,0.005125193187843063,2.245178363273453,1.1718070259481037,3475.0,0.2007301959155968,0.10610369343204486,1.4797561427206922,0.02530532619483846,3216.9823853860403,0.02522197285709592,52.036003343684285,6.447320209875206,632.2646860391801,0.2006647551193312,0.04026634394710116,ball,14mil_1796rpm,12800.0
SEU,DE,14,0.1320787958458084,0.052087211507597764,0.23276149543860553,0.714265326372618,0.000885966675786204,11.268207568719003,5.953799639944713,8.872029900364145,6.032457518914814,0.005322129919847804,2.245178363273453,1.1718070259481037,3475.0,0.1968166711701748,0.10399231810399794,1.490145862625389,-0.032073554801844165,3220.4567789833754,0.025124748278016397,36.084043953575375,5.454782846886988,619.4582148274188,0.19674470001406638,0.03870847698362497,ball,14mil_1796rpm,12800.0
SEU,DE,15,0.12993588943207335,0.0864060576637654,0.1931858796305663,0.7190094881772364,0.0013985744235930889,11.197690195858232,5.898079988984702,8.78207546363611,6.084362335129919,0.005311977724239022,2.1342351696606787,1.1411067864271458,3462.5,0.1934708902826488,0.10190555074020666,1.4889719162909927,0.012773962648015611,3130.863140538323,0.030018238610936537,46.79120889884572,6.359178144793323,762.967131452107,0.1933979531417484,0.037402768279417915,ball,14mil_1796rpm,12800.0
SEU,DE,16,0.15286811303174902,0.09147091889230909,0.1909357460230812,0.7164825326365367,0.0011108023953761955,17.189355368309556,7.95044977602091,12.887012303761896,10.362482193964315,0.005017564051584333,3.6500798003992014,1.970013253493014,3525.0,0.247786390580657,0.11460658129885123,1.6209161326482422,0.4500630639023532,3101.447506213156,0.028374797810776106,39.16786058220062,5.8576784516401785,821.4123593246345,0.24773558365317275,0.06137291940797815,ball,14mil_1796rpm,12800.0
SEU,DE,17,0.13417847611417788,0.09086586073894437,0.2102005618318233,0.6977423859566912,0.0011911913803427003,19.286875376416763,8.97352977351446,14.682036273959843,15.19623905379849,0.00477383204294536,3.6500798003992014,1.970013253493014,3525.0,0.21953604693077908,0.10214268589622709,1.6361495024281465,0.605255163144824,3103.790857616562,0.027839123231173327,52.51195815092072,6.669342751865741,819.8743747840248,0.21948413707969644,0.048173286429618975,ball,14mil_1796rpm,12800.0
SEU,DE,18,0.12471139508093187,0.10330583921753486,0.14389063857883888,0.7500603478670546,0.0027431742028115502,9.264689704066676,5.34505339303151,7.4554428809921305,3.0691411856514934,0.005241308925118513,1.7463400798403192,0.9297786826347305,3462.5,0.17395124318999472,0.10035723940399323,1.3948303848025152,0.056060797085072805,3111.353652348505,0.03475220800767273,98.11112907549133,8.770764535857472,842.7931559487483,0.17387226256104266,0.030231563688096156,ball,14mil_1796rpm,12800.0
SEU,DE,19,0.132396527842752,0.0844358867634667,0.15134813056330207,0.7622572081538095,0.0019587745177599082,8.741823109135591,5.079427586688528,7.022681771073583,2.4136854525932128,0.005153349667851796,1.7463400798403192,0.9297786826347305,3462.5,0.18304792553227214,0.10635981431185342,1.3825734595523462,0.03858204285437224,3163.243052520106,0.031150707895914415,117.10949024259786,9.514840460104754,778.5171034993708,0.18297537000609973,0.033479986028869105,ball,14mil_1796rpm,12800.0
SEU,DE,20,0.10305723773156812,0.133056730078581,0.16583390462249947,0.698476377884954,0.002632987350270121,7.777886622510429,4.654176619813547,6.288895199702622,1.3222779524301274,0.00479778487945983,1.1573502994011975,0.6481161676646706,3575.0,0.13925474269831967,0.08332805543718269,1.3512369025554005,0.01765537822862443,3054.218825668414,0.0395403108833108,25.805996553035474,4.913318586405461,920.5362418641196,0.13917206840535798,0.019368864624225643,ball,14mil_1796rpm,12800.0
SEU,DE,21,0.15347066170393586,0.03271111383291239,0.36908177790193747,0.5972657773459663,0.0009413308488012951,15.977395609347086,7.206157846300012,11.968518456310806,12.57817420197077,0.005241150297062125,3.536537644710579,1.8368164471057884,3475.0,0.2548953945060887,0.11496344535846725,1.6608737570820793,-0.04753766788533902,3199.497854127741,0.024564854354546396,32.64079050820981,4.952876580967492,527.5629841832972,0.2548415046337198,0.06494419248397823,ball,14mil_1796rpm,12800.0
SEU,DE,22,0.15813139194267714,0.03551446994489539,0.342887671810585,0.6207156470216318,0.0008822111436455616,15.215045078802673,7.146343265258577,11.615760947526706,12.094492534267742,0.004937774139221557,3.536537644710579,1.8368164471057884,3475.0,0.2570288578265386,0.12072369405364484,1.6254132381235975,-0.04615503791512451,3202.046256844581,0.02566492067996342,59.341033379386396,6.211742544080832,540.0877877791762,0.25698142372974164,0.06603945214216503,ball,14mil_1796rpm,12800.0
SEU,DE,23,0.1204183646768962,0.0846567180292534,0.12646399629378144,0.7876773321756273,0.0012019534794414028,12.835799146197246,6.570105930075792,9.998218999794501,7.856768732841443,0.004576260798715069,2.346213013972056,1.2039691816367266,3462.5,0.18324958447402653,0.09379775796767717,1.521774398495758,0.10329100308088664,3176.2674110050675,0.026313854552006934,56.85560257348294,7.01391322085265,747.8067975579127,0.1831924344698916,0.03355946804700553,ball,14mil_1796rpm,12800.0
SEU,DE,24,0.12904757231630487,0.11585342808494896,0.11068298552191352,0.7725011525623209,0.000962433830053829,12.00709753535977,6.186563952171624,9.329653863504783,6.323770900349507,0.005019150332148203,2.346213013972056,1.2039691816367266,3462.5,0.19461031857823213,0.10027145845123277,1.5080509852694344,0.03296127628630969,3077.2638998928164,0.02591297548686443,48.75568862743671,6.4748306531326465,855.4491400891502,0.19454558393102708,0.0378479842270643,ball,14mil_1796rpm,12800.0
SEU,DE,25,0.09674463422763846,0.20368339069945424,0.16050796364836534,0.6347308857192648,0.001077759911337689,10.467603565440303,6.054987304758126,8.445416214736095,3.255611594532547,0.005047624068269712,1.4589923353293415,0.8170487025948104,3362.5,0.1349381363612039,0.07805499104803389,1.3947867748788711,-0.11753905672198729,2847.913586173856,0.041187426638036616,51.74978975434278,6.189506512220932,1048.9454037825171,0.13484369520263184,0.01818282213590028,ball,14mil_1796rpm,12800.0
SEU,DE,26,0.09788778731599301,0.15966038647610842,0.16066911815081633,0.6782976005113037,0.0013728945770381394,13.696194230393647,7.402864883609076,10.839209839731645,6.222047654411693,0.004847038890968065,1.9110493013972056,1.06102626746507,3487.5,0.14332643971583525,0.07746869309946801,1.4641912300373188,-0.2178248794184969,2973.057938625634,0.041222328094942286,72.32271035601971,7.443560337917858,974.9826683327109,0.14324445725963153,0.020518974535606402,ball,14mil_1796rpm,12800.0
SEU,DE,27,0.11086237261804516,0.10665537808264151,0.16799321298816391,0.722492051097365,0.0028593576916675937,12.133329927087882,6.584385855407039,9.570661734984064,4.478819100529681,0.004610921029035679,1.9110493013972056,1.06102626746507,3487.5,0.16114278396879864,0.087447244395482,1.4535390156584949,-0.17495573517623839,3117.9215670397284,0.04608394612987076,52.533704636616335,6.361243023661952,848.6810787899317,0.16107680227915783,0.0259457362324789,ball,14mil_1796rpm,12800.0
SEU,DE,28,0.09477661524607037,0.12342207332780858,0.14770244621241246,0.7196399902763257,0.009235490004452951,9.27455113749432,5.382263004244481,7.505052077318456,3.4649589890011576,0.004851956360716067,1.3085774051896206,0.7113034331337325,3537.5,0.13215694449951532,0.07669410870550263,1.3944045602007802,-0.04781152421301072,3138.7583605878153,0.07001589451958098,20.908785636104852,4.474847969499225,899.2801141651721,0.1320678480892366,0.017441916498921677,ball,14mil_1796rpm,12800.0
SEU,DE,29,0.0979016672709269,0.12902378347729973,0.168513715677082,0.6887138111122366,0.013748689346773525,13.55874535725199,7.906315776356975,11.00690806129517,5.543963922106103,0.005099812698821108,1.9813837125748504,1.077594650698603,3512.5,0.13629542269498507,0.07947598559495359,1.392166512525366,0.106650887013745,3108.5330515289434,0.07126684992396522,28.403581542254123,5.059766315142968,953.6752154457565,0.13619997855374866,0.01855043415804159,ball,14mil_1796rpm,12800.0
SEU,DE,30,0.1033170704879304,0.1527271448785642,0.1785316913728867,0.6597188034949137,0.009022360071690105,12.996067700096702,7.394323811445682,10.429976823863667,4.793620672699141,0.005200382886570609,1.9813837125748504,1.077594650698603,3337.5,0.14573268336322964,0.08291697731696063,1.4105382844769516,0.10358214580202374,2981.9299501183573,0.06080024027299212,32.856343609453845,5.446327199570942,1001.075715959706,0.1456398675434732,0.021210971018080414,ball,14mil_1796rpm,12800.0
SEU,DE,31,0.11290058451456461,0.1427972936573556,0.2766166895293012,0.5766066007635918,0.003979415952730188,12.314841281475548,6.813559282483126,9.8050458635033,4.858261086734965,0.005072370045066117,1.8905824750499,1.1069954091816365,3437.5,0.1624694764199959,0.08989116334343838,1.4390490281211672,0.22654669466705832,2926.8508655020887,0.051986917288209214,26.525649933057903,4.89436405002098,943.5804916348233,0.16239027628005784,0.02637060183031352,ball,14mil_1796rpm,12800.0
SEU,DE,32,0.10941536748768088,0.11705437319787444,0.22874185018102106,0.6524488154814139,0.001754961089437048,12.76780085849741,6.860491897984127,10.117366825151628,6.129708965001663,0.004925321836795159,1.9357394411177644,1.1069954091816365,3475.0,0.16135802295851612,0.08670212054920116,1.4747290683521534,0.17856477136305618,3033.5258371298078,0.04259928553289149,44.59449694569733,5.977454910482899,870.9725136907523,0.1612828347279555,0.026012152777885007,ball,14mil_1796rpm,12800.0
SEU,DE,33,0.0910818505566991,0.21097141681474776,0.22934985306541636,0.557640442876205,0.0020382871778893666,11.32281610548969,6.353909351591023,9.098893213859645,5.690194444863144,0.004926987431387225,1.5853668662674651,0.8287440319361278,3350.0,0.13043057212149395,0.07319239526766881,1.4320149549475831,-0.036022550734465884,2780.8457228556304,0.04869429459142357,23.977933096550444,4.526371075031992,1038.4237766653646,0.13033748094386044,0.016987858938791185,ball,14mil_1796rpm,12800.0
SEU,DE,34,0.10571639915481537,0.07040652101258152,0.2537674599844053,0.6746638443835208,0.0011621746005775866,18.10701089674733,8.665183313879078,13.982312039157197,16.68980925640306,0.0049986873128742525,2.896380798403194,1.4781596806387227,3375.0,0.1705860830746818,0.0816346601362157,1.6136198776962563,0.03721792844844233,3132.844776167776,0.027000264744296492,33.28695040283631,5.1649157500821214,663.2698712190497,0.1705128290302825,0.02907462486391035,ball,14mil_1796rpm,12800.0
SEU,DE,35,0.09424195938201721,0.13558812043168889,0.17142749882749347,0.6919069133919054,0.001077467326636428,20.306313176370008,9.333231417062187,15.684729926368423,22.621207490722963,0.005088074222648453,2.896380798403194,1.4781596806387227,3375.0,0.15837598089944305,0.07279310960095027,1.680525128488188,0.010008146492508306,3010.1876430851803,0.03205228453352605,27.01980578897874,4.94745280803115,875.7506677208373,0.15829422865842446,0.02505706282656557,ball,14mil_1796rpm,12800.0
SEU,DE,36,0.06411825353199849,0.36839244266320353,0.12218558524289001,0.507091841876347,0.0023301300327204172,5.77046021137052,3.8761688833073427,4.881800076693758,0.2028161759955598,0.005036440790294411,0.5899643912175649,0.31301249500998,1537.5,0.08075305912442649,0.05424393957230624,1.2594394681091294,-0.031900355030772674,2464.526700100906,0.0516909540560212,48.281347425421224,6.204408748383006,1249.6804315171946,0.08059584866554217,0.006495690822118977,ball,14mil_1796rpm,12800.0
SEU,DE,37,0.06461047639096806,0.4952101262731409,0.12338148812012238,0.3790814592199515,0.002326925802245903,7.199673334063736,4.754970547639339,6.043819419211015,0.30405282723831295,0.004822292914171657,0.6666337724550899,0.3904940518962076,1537.5,0.0821233376703191,0.05423774576669574,1.2710529662926175,0.03920921147345754,2129.1682396170913,0.05723030196096465,79.9890128392684,7.818004905294625,1303.9512910734904,0.08198163258415377,0.006720988081163183,ball,14mil_1796rpm,12800.0
SEU,DE,38,0.06713520053642716,0.3649029566737629,0.19386376855969228,0.4390701445798532,0.0021631295801045145,7.537481996066762,4.830590847140046,6.283499990548739,1.0722842220831295,0.004721246842252994,0.8123380838323353,0.42184403193612774,1537.5,0.08732762622317325,0.055966174400981124,1.300772553375927,0.09642324844815231,2416.1943591813615,0.054754682674443986,36.35651763110705,5.213049887303423,1253.1208220827127,0.08719990900241108,0.007603824130028773,ball,14mil_1796rpm,12800.0
SEU,DE,39,0.07501068696591193,0.3837986730609915,0.18698394082822123,0.42662497191570053,0.0025924131811264368,6.736575676163763,4.339296700290645,5.623785743061275,0.8667433671629494,0.005114565108065119,0.809739121756487,0.42184403193612774,1537.5,0.09721483942498625,0.06261994998864953,1.2960131863498976,0.013855738772255648,2363.048153268723,0.0615812346458897,35.14974770293685,5.057328137546629,1263.8913773241632,0.09708020513050651,0.009424566228181223,ball,14mil_1796rpm,12800.0
SEU,DE,40,0.07860408832725174,0.4538690502246112,0.13639164912859772,0.4072120420699625,0.002527257811063796,5.6763947334232245,3.827323619229086,4.81700501186117,0.25682423837347335,0.00515168407325973,0.7559730938123752,0.3786362874251497,700.0,0.09892978098920625,0.06670365702295128,1.2585831487203658,-0.006461080554568525,2185.400173803861,0.06006508348530379,33.73682446111451,5.292570385500418,1330.9131250739279,0.0987955551519482,0.009760561717781639,ball,14mil_1796rpm,12800.0
SEU,DE,41,0.09357064544738647,0.1499414405838644,0.2401472513705453,0.6089873494293538,0.000923958523503101,17.217733207982217,8.611771966389345,13.630777394174526,19.07863414725086,0.005016532969217815,2.5078359680638727,1.275440638722555,3512.5,0.14810432088778458,0.07407715192910848,1.5828075159646267,-0.21926868832318225,2950.7794727105884,0.0317894544933032,22.89729098390748,4.360014508097535,968.1862821665314,0.14801933746169998,0.02190972426260062,ball,14mil_1796rpm,12800.0
SEU,DE,42,0.11293159629958832,0.14633189504091818,0.2882529664791976,0.5634086748667716,0.002006463555975087,19.906970280863728,9.173983331084496,15.1616443820785,15.779057106260243,0.004844183585953094,2.9446240319361277,1.7122287025948104,3487.5,0.18663961343740532,0.08601151649082182,1.652678431484154,0.49935163219282547,2920.3637695650427,0.04112795358882686,21.520308873524016,4.244529398110374,975.3275001579852,0.1865767380716301,0.03481087918944967,ball,14mil_1796rpm,12800.0
SEU,DE,43,0.10048421134293913,0.27899046990579207,0.23448498039987742,0.4831516088918494,0.003372940794552589,21.174138796647945,11.258687508541513,17.039778485708602,20.38401058931185,0.005118610123502994,2.914735968063872,1.7122287025948104,3462.5,0.15208066671144496,0.08086414843308157,1.513478233833314,1.1148151579361782,2574.145915045767,0.052669653316056234,34.59163151026899,5.1872276940682776,1223.924525817908,0.15199450324864114,0.02310232901780118,ball,14mil_1796rpm,12800.0
SEU,DE,44,0.08716175471322979,0.38845381074610535,0.17403041135832692,0.434988317836872,0.0025274599049956996,9.743557851860144,6.348897701843969,8.207318837612437,1.7690550784216708,0.005609643272049651,1.1328225948103792,0.7153643113772455,700.0,0.11267535641178715,0.07341920910755154,1.2927155583604237,0.19763972581103736,2311.9813441945385,0.05982284032346184,17.760747157604474,3.8701898771079275,1333.1581695782277,0.11253562922418665,0.012664267844883613,ball,14mil_1796rpm,12800.0
SEU,DE,45,0.0946877835344935,0.2519029508737553,0.14096303729110163,0.6054945695671828,0.0016394417645107591,9.882482260397506,5.831960986504971,8.06276249461818,4.359031886988418,0.005013756978231037,1.5148700199600798,0.7634451097804391,3475.0,0.13090710166735242,0.07725236328931501,1.3825131055017748,0.05100723970557806,2693.9170863693826,0.045355987981708284,17.680953354208214,3.996832025931204,1188.9952806665722,0.13081105269781212,0.017111531507909783,ball,14mil_1796rpm,12800.0
SEU,DE,46,0.12159736770599426,0.15285969890910336,0.22797829529440436,0.6179574652310682,0.0012045404307682481,24.294659099223825,11.153978594150562,18.594950274376384,26.438230246244316,0.004918500830370508,4.224612854291418,2.261097005988024,3487.5,0.20271663486729324,0.09306971531287149,1.667113677636791,0.7847671913914226,2922.296732940341,0.03611611539044947,27.519726226288572,4.719460636645919,994.8383049300602,0.20265695744657064,0.04106984240150114,ball,14mil_1796rpm,12800.0
SEU,DE,47,0.11256810010837699,0.18856511834844444,0.1877272787299213,0.6221652288117668,0.0015423738172635688,26.149958130075895,11.801618699179501,20.08648101736737,32.906004157858035,0.005188485782341566,4.224612854291418,2.261097005988024,3462.5,0.19159210813557512,0.08646656314862183,1.7020106757697457,0.9632808887930957,2845.1220660683784,0.03863898035316743,37.84713086584395,5.421699301221546,1079.3690774555625,0.1915218408305443,0.03668061551512035,ball,14mil_1796rpm,12800.0
SEU,DE,48,0.08172802995571357,0.2747532264754801,0.15973516754777364,0.5635449987787887,0.001966606760850792,8.800962675758777,5.5585451352003705,7.319992702118327,2.017214788625453,0.004777242546157684,1.1466295808383236,0.5982485828343314,3462.5,0.10762682829466062,0.06797535734154823,1.3168900358051085,0.022372465826099176,2660.322013703215,0.05252960081937843,36.476961471757086,5.297632843733818,1192.739286042084,0.10752075205477099,0.01156071212242354,ball,14mil_1796rpm,12800.0
SEU,DE,49,0.07139182580152195,0.41877757522780135,0.1355495149422857,0.44357847423383795,0.002094435293368893,10.045542589127347,6.365889267623122,8.379791049153665,2.9515546503165213,0.005062297163485528,1.1466295808383236,0.5982485828343314,700.0,0.09397722104231696,0.0595536356076811,1.3163582803384968,-0.03490015726665782,2288.71766343507,0.05744299022678265,41.487215403015426,5.772949762453332,1302.1168673557368,0.0938407759040017,0.008806091222265066,ball,14mil_1796rpm,12800.0
SEU,DE,50,0.06159226036208832,0.46922612277799797,0.11589731729297126,0.4125535968390167,0.002322962833685694,6.973917475947336,4.665649556331183,5.894287899742713,0.32956868056019406,0.005167626192926647,0.6414563273453093,0.3630425149700599,700.0,0.07781178388707297,0.052057185394317314,1.263337039907829,-0.01123495040483718,2196.073518182848,0.06163901683390492,65.75103338042454,7.171842461505791,1306.9534609296695,0.07763999839785371,0.006027969351218727,ball,14mil_1796rpm,12800.0
SEU,DE,51,0.0635956534002308,0.4050628282474611,0.20826934535887762,0.38467990974463223,0.001987916399656704,6.88515144673328,4.572847016576914,5.808219041406996,0.7058583461695305,0.004514633798808633,0.7324200000000001,0.3693774850299401,700.0,0.08077626119809364,0.05364841832276536,1.2701538057913955,-0.006157900739053689,2321.9913472566827,0.054213829695112334,61.378926270398736,7.0579789939882325,1236.813077212334,0.08064999971980968,0.006504422454805303,ball,14mil_1796rpm,12800.0
SEU,DE,52,0.07278727681356037,0.27329025457605743,0.11149644118879491,0.612308822946705,0.0029044809077224064,8.303163751759287,5.367440918627141,6.9649540704579875,1.5225658618576832,0.004595296165481537,1.0015750099800398,0.5069600399201596,3350.0,0.0944509772172448,0.06105624977138915,1.2976303188148461,0.011438832202431606,2669.9266669428475,0.04951243470907703,31.540431495959965,5.284198979915834,1152.5956647112969,0.09433912417679108,0.008899870350444008,ball,14mil_1796rpm,12800.0
SEU,DE,53,0.07691937905439121,0.34753009803665424,0.144648086252671,0.5060405800657555,0.0017812348341512496,8.941305093985724,5.716005397644079,7.490406348473101,2.1633934618634214,0.0048746401727794405,1.0806809181636727,0.5761574051896208,3462.5,0.10079721153291617,0.06443773018965286,1.3104267451462455,0.10372024410531926,2489.3921417532006,0.052316713774941716,38.53809811678091,5.702603660831954,1245.9841800035356,0.10067927163024856,0.010136315735997374,ball,14mil_1796rpm,12800.0
SEU,DE,54,0.07164515480757236,0.2740563477791014,0.1914452812426812,0.5330510868184676,0.001447283761642455,9.689046976157794,6.075475720271598,8.041819530393774,2.763458809272361,0.004839266116205089,1.0806809181636727,0.5761574051896208,1537.5,0.09483329894105218,0.05946481698431158,1.323652648888254,-0.027216552881293307,2677.612296801216,0.04703209318751332,22.61265633761205,4.395071060803372,1160.185266212357,0.09470974654965304,0.008969936091499518,ball,14mil_1796rpm,12800.0
SEU,DE,55,0.07339157039436751,0.3474381734453635,0.13698799376333765,0.5139021546100537,0.0016716778687265834,8.598827646430745,5.2521031136949015,7.0669610484487135,2.629953543442512,0.004832524423808633,0.9383877445109781,0.518655369261477,1537.5,0.09875193956285415,0.06031698629019081,1.345548801207188,-0.1310110009671717,2491.4332238314023,0.0474687619719234,25.69871143645436,4.772533883278774,1279.386969296537,0.09863362649278841,0.009728592275118892,ball,14mil_1796rpm,12800.0
SEU,DE,56,0.0680831618013972,0.3689859753744346,0.14474729332748448,0.48449037073301854,0.0017763602472145065,9.165213482336496,5.734628268832525,7.617968313140727,2.6241316098925935,0.004489808507984031,0.9383877445109781,0.518655369261477,3575.0,0.0904427183328252,0.056589556834769524,1.3284153664404161,0.006587855542800631,2417.772485798964,0.05028174295303585,28.69760951237142,4.932066468331304,1293.3230968974501,0.09033120678366027,0.008159726918992392,ball,14mil_1796rpm,12800.0
SEU,DE,57,0.062202899065150946,0.3933937753437453,0.1463710905168421,0.4584709106814225,0.0017642229303318944,6.060025261170906,4.0629809585610035,5.131352955202413,0.3856031130963409,0.004542076452563622,0.6133550499001996,0.3191850299401197,1537.5,0.0785593221320846,0.05267057746199022,1.2629527451735332,0.014989151894975537,2387.3865721978855,0.056074602246549525,58.61329900561942,6.489172346472514,1258.8010566463597,0.07842790724832395,0.006150936635351704,ball,14mil_1796rpm,12800.0
SEU,DE,58,0.07339315667493138,0.26672361520298515,0.14517516272242975,0.5862651728668076,0.0018360490289977588,8.643311328493159,5.530673052503943,7.2150939807575325,1.8266498886772933,0.0047976262514034425,1.030650898203593,0.5295385229540919,1537.5,0.09574576510436646,0.06126570047389576,1.3045598451152323,-0.007843249086077678,2716.4272177686184,0.047592129064169986,29.515352644769244,5.077911389744282,1141.6745166379558,0.09562548989559407,0.009144234317772362,ball,14mil_1796rpm,12800.0
SEU,DE,59,0.0741291908565681,0.22200785183788935,0.18640663278764014,0.5900829315020135,0.0015025836306043117,9.877610931416777,6.160167601684943,8.190869318200058,2.8923180119879444,0.0046596198423465565,1.1082948902195608,0.6071825149700599,3475.0,0.09856590830482956,0.061470584252195266,1.329650400414377,0.15752505979820314,2808.1420736198143,0.04464963053753143,44.70901565291635,6.066782414497714,1075.241159479374,0.09845570690864434,0.009693526222880878,ball,14mil_1796rpm,12800.0
SEU,DE,60,0.07190546344810378,0.21712931280431041,0.17528915870368045,0.6060045934407801,0.0015769348631320629,12.467100475168083,7.259535058856478,10.210723236031203,7.167607282149625,0.004450627378056387,1.3478867065868263,0.7342067864271457,3475.0,0.10113688830959346,0.05889154321724892,1.406525783434896,-0.1267551653840855,2846.221487036745,0.0422248819232931,55.92421288647185,6.774011558567154,1078.9036917292062,0.10103891375548768,0.010208862092888876,ball,14mil_1796rpm,12800.0
SEU,DE,61,0.07218496608345808,0.2992998843975551,0.15246991553972283,0.5462243171178384,0.0020058824275689066,12.415343600083562,7.310956211474432,10.17118696957311,6.288340323995309,0.004565156834767964,1.3478867065868263,0.7342067864271457,3537.5,0.10042554834001324,0.05913704928973565,1.3912252618350511,-0.3117257034022303,2660.149834516211,0.051516893624923885,49.53771649067462,6.462572662724725,1178.781998965244,0.10032173295186995,0.010064450102466309,ball,14mil_1796rpm,12800.0
SEU,DE,62,0.06507644630660553,0.2639597487749207,0.20296127487065344,0.5311055715991526,0.0019734046473059473,9.766259849239734,6.11972624601112,8.079766871300233,2.2350026141197032,0.004548421574819111,1.0387726546906186,0.5258025149700598,1537.5,0.08591928688195515,0.053838677557918095,1.3202824025938549,0.015602152368939238,2717.475263826779,0.05130697852967838,29.38311299593459,4.766462556866813,1127.1129282285247,0.08579880954582896,0.007361435719481429,ball,14mil_1796rpm,12800.0
SEU,DE,63,0.06313039731084705,0.30854520157337995,0.2054249129205847,0.48438331617718305,0.001646569266778547,9.987416918044643,6.383196670433556,8.328832660137822,2.3299909924686,0.004320155801677893,1.0387726546906186,0.5258025149700598,1537.5,0.08237291471928697,0.052646497015667044,1.3048058974457568,0.07715455925407616,2601.0836334431006,0.05110651117603332,41.625691428498776,5.687793159570109,1175.885297398373,0.0822595485837368,0.006766633333200153,ball,14mil_1796rpm,12800.0
SEU,DE,64,0.06456098443737525,0.31525990743973153,0.13123326391003462,0.5513525559334451,0.0021542726136974852,5.495861322339919,3.6619455503426837,4.642011223697531,0.35044677587085316,0.004387969295783433,0.5974364071856287,0.2996928143712575,1537.5,0.08183977895116773,0.05453063619947023,1.2676352392140655,-0.01901311247743525,2626.8281671691225,0.05002716890648773,39.37290396929165,5.708284461764049,1192.921690330944,0.0817220603278898,0.00667849514423526,ball,14mil_1796rpm,12800.0
SEU,DE,65,0.07093339071856286,0.35511848297830106,0.12907179141058925,0.5137005201126735,0.0021092052370354523,11.27491360477234,6.899008865711535,9.299556318877919,3.5098416712834943,0.0042444109047529936,1.1898373253493015,0.6596490618762475,1537.5,0.09561504771427977,0.05850590833769559,1.3479554092323667,0.17092631503710798,2523.794363817166,0.053958016449799785,51.91655363601749,6.39476456282035,1229.2086219739986,0.09552079525148233,0.00912422232547561,ball,14mil_1796rpm,12800.0
SEU,DE,66,0.07334390266342315,0.23738132555719127,0.16660725484074226,0.5945921832753809,0.0014192359409519917,10.924112101965338,6.705406248879572,8.993918211625473,3.079631506015052,0.004198091512287924,1.1898373253493015,0.6596490618762475,3462.5,0.09837570422917633,0.060384684422779875,1.3412935589291544,0.1411075237041546,2794.8182598737308,0.042275646208463934,64.0430297528951,6.848246165032388,1086.6271180976307,0.09828608858959052,0.009660155210240837,ball,14mil_1796rpm,12800.0
SEU,DE,67,0.0794092843414733,0.14433916036370048,0.13161303193447507,0.7225575158976033,0.0014902916003327893,17.159541169748472,9.43806907910103,13.840145984672407,16.132998990322772,0.004200232991049152,2.1348849101796405,1.0990360878243512,3500.0,0.11644713326563548,0.06404810460561174,1.4664171101818924,0.09012524006455393,3078.992297839126,0.03863798155918451,36.215301315195724,5.449284459251286,921.5142716807097,0.11637135768137094,0.013542292888605572,ball,14mil_1796rpm,12800.0
SEU,DE,68,0.0786628600221432,0.15162172428968587,0.1411877500167951,0.7054135523652125,0.001776972978074846,17.18294672056922,9.563586586231207,13.971473799897156,17.03608414651387,0.004181435566367266,2.1348849101796405,1.0990360878243512,3500.0,0.1149188202474838,0.06396086222561152,1.4609031532178556,0.1378107504485087,3054.1629250443584,0.0421011647269263,34.80278826528656,5.4254253452946255,947.9517229185132,0.11484272220597094,0.013188850843677812,ball,14mil_1796rpm,12800.0
SEU,DE,69,0.0751649527507485,0.29618623095517554,0.14457374616606591,0.5567750881087784,0.0024649343925766966,5.12768755269617,3.441452592730194,4.335063860679886,0.15170555377874262,0.004196505231724053,0.6460045109780439,0.325844870259481,3450.0,0.09468236492573032,0.063546163238466,1.2596610715595435,0.009951033368201256,2641.0438740652817,0.04975907053806353,39.70733636590491,5.63861189855458,1186.138250376096,0.09458932060105558,0.008947139571769278,ball,14mil_1796rpm,12800.0
SEU,DE,70,0.07408017478714446,0.2917909568189443,0.16187185779831134,0.5441854739467772,0.0021517109977615776,5.241795019376041,3.456393064670191,4.398543486104553,0.21143248544681548,0.004040494538267215,0.6460045109780439,0.325844870259481,3450.0,0.09427309457079157,0.06216284098386359,1.2725819673302297,-0.010975132657075684,2643.8308611659904,0.05180899866396028,39.75914825146297,5.703551509255152,1172.1956622035268,0.09418646805056258,0.008871090763839644,ball,14mil_1796rpm,12800.0
SEU,DE,71,0.06541654485949974,0.4008454777450808,0.14072213391037383,0.45614168636990676,0.0022907018490416673,5.460387388126175,3.6793822371295417,4.6185463014940975,0.005403804360650355,0.0040273284095870745,0.5539037924151696,0.30212934131736524,1537.5,0.08211414901895882,0.055331118443053565,1.2552504751714086,0.018312948286086973,2386.0245906311084,0.053078420557720274,56.06554233927055,6.4874602273742115,1263.137695508467,0.0820153284148098,0.006726514094989108,ball,14mil_1796rpm,12800.0
SEU,DE,72,0.07024597603620883,0.2971468214158396,0.13778217010976085,0.5634137945353463,0.0016572134113633115,8.087972796341049,5.292208486536709,6.779887294237464,0.8528338704785927,0.004149947897174402,0.8937180838323353,0.4762598003992016,1537.5,0.0899926375937,0.05888494093534276,1.281107369727664,-0.12375758893797799,2654.4406243789103,0.04634138229408357,33.45279182412796,5.173111803486235,1166.1856189106384,0.0898969006891882,0.008081452753521765,ball,14mil_1796rpm,12800.0
SEU,DE,73,0.07194416869386228,0.29935465462089367,0.16007884253319654,0.53869984205489,0.0018666604270303581,7.894098605020316,5.160916688329961,6.6198527142038195,0.7955856116363509,0.003934293054515968,0.8937180838323353,0.4762598003992016,1537.5,0.09228201677351938,0.0603311187544985,1.2826893193553874,-0.05966827005082435,2646.4243469778435,0.04976474443435862,39.81014607585213,5.4775374727267305,1170.5864143317644,0.09219811255090474,0.008500491957949299,ball,14mil_1796rpm,12800.0
SEU,DE,74,0.06811147690946232,0.3781224706092663,0.1384338399760568,0.4811939221015262,0.0022497671183520766,5.547911831348591,3.7491665868193667,4.700524129643194,0.006726425669415725,0.003868858981256237,0.6232635928143713,0.32015964071856284,1537.5,0.08539488265048598,0.05770813424061539,1.2537517394314874,0.029026274906633245,2456.7699287876826,0.05354765823752618,57.40142516137438,6.602760534479463,1241.2935875538622,0.08530719731109108,0.007277317913073425,ball,14mil_1796rpm,12800.0
SEU,DE,75,0.07003420758093187,0.38809863196160405,0.17092199392824264,0.4385714863815901,0.0024078877177076594,7.689022024688058,5.060521318485383,6.471037906045195,0.710624757504704,0.003986243742982784,0.7946326546906188,0.4531940119760479,1537.5,0.08955480739120554,0.05894039716896687,1.2787295021181695,0.03222342970461237,2406.8363692382327,0.05421493216752294,59.32183156083746,6.524195713739995,1241.3282507251213,0.08946604600460138,0.008004173387697452,ball,14mil_1796rpm,12800.0
SEU,DE,76,0.07974105492140718,0.3492037638965507,0.12310763632797193,0.5258649289962747,0.0018236707566486638,12.201330873743595,7.245144718294034,9.983496852943752,4.795732507235398,0.0038492684162924145,1.5374485029940121,0.7960945708582835,1537.5,0.10987973350596296,0.0652465357341815,1.377956858161213,0.04160274732599531,2530.594061498009,0.04926131518489128,39.16129285062677,5.637439369313401,1238.2018097796877,0.10981228969473668,0.012058738968000771,ball,14mil_1796rpm,12800.0
SEU,DE,77,0.08022050822183757,0.20365622362844663,0.166787945003283,0.6279545145708866,0.0016013167153654396,12.100523770248047,7.228392509386524,9.92382856334948,4.822765015098316,0.004011941488117515,1.5374485029940121,0.7960945708582835,3562.5,0.11013438600968396,0.06579009189797777,1.372895640415592,0.07620700990550809,2875.031061137053,0.04219188887214501,27.591253580396774,4.8931879450464235,1052.8668127657543,0.1100612888677304,0.012113487307225994,ball,14mil_1796rpm,12800.0
SEU,DE,78,0.06919799978168661,0.4218492473494526,0.10876136898814955,0.46776400808377916,0.0016253753289005826,9.004708142256973,5.988991835201987,7.624343233355036,0.99459945305632,0.004069602786614271,0.8831598003992016,0.5275893013972056,1537.5,0.08809317426284519,0.058590383281980386,1.2730595471078807,0.12273797160426544,2340.1648983060186,0.04625314043888775,47.97308271992213,6.418138031648007,1301.8002636019028,0.08799912320508195,0.007743845684863191,ball,14mil_1796rpm,12800.0
SEU,DE,79,0.0683289559747692,0.4552278361476445,0.1404002278012273,0.4024976835447125,0.0018742521026140024,5.393123971057111,3.676573397625178,4.588095865462408,-0.013121715251621424,0.004185004697635978,0.6214768063872256,0.31349980039920156,700.0,0.0852695612174373,0.05812953718135134,1.2479271781779235,-0.03725454441633057,2202.472734726087,0.04958484274964794,56.794290671727595,6.549237865895707,1308.9614810608757,0.08516679990404154,0.007253383805895051,ball,14mil_1796rpm,12800.0
SEU,DE,80,0.06981220761601797,0.5145284745860368,0.13094261275778563,0.35275084577052357,0.001778066689239587,6.1346187022148975,4.113832449694463,5.1770052260849795,0.09403310793271791,0.004181276938310878,0.6542887025948103,0.36141816367265467,700.0,0.0878543713416178,0.05891452773457054,1.2584385215954719,0.03491400850291407,2036.9936285070744,0.051998361155437496,61.4207993294815,6.728889285128624,1328.4102691050791,0.08775481460863573,0.007700907486996025,ball,14mil_1796rpm,12800.0
SEU,DE,81,0.07134780651587451,0.5382584893137289,0.1316428729610876,0.3284879604125109,0.0016106772302196374,6.607981363893455,4.353488202625091,5.54595852866009,0.3400110510232084,0.003974188010697355,0.7080547305389222,0.3956919760479042,700.0,0.09089078863457298,0.059880915858812375,1.273911463758178,0.05648673011567885,1954.5154004462015,0.05484575315340345,38.31980752972156,5.4614867856639755,1329.012370837247,0.09080386163743397,0.008245341288270251,ball,14mil_1796rpm,12800.0
SEU,DE,82,0.0908820585196794,0.3603321548946421,0.13982678710298635,0.4980989407031774,0.0017421172019000135,19.02356652188452,10.350462643831468,15.313739744521754,16.506934374276753,0.004199915734936378,2.3086904990019956,1.3917441916167663,3500.0,0.13446202739992494,0.07315895208270846,1.4795222466358289,0.5273719686352643,2424.8103442755846,0.05088021137772509,103.25902078880775,8.470871068781378,1291.6527096408788,0.1343964192987209,0.018062397520317602,ball,14mil_1796rpm,12800.0
SEU,DE,83,0.12423313149092441,0.1619809068359979,0.22467742875827995,0.6116792580611401,0.0016624060056467987,14.294347885424802,7.493084250061077,11.202681401606924,7.664775350549126,0.0047159328023640215,2.451633413173653,1.3917441916167663,3487.5,0.18573716044970695,0.0973632517392315,1.4950694570817897,0.2926540827439659,2880.922644320245,0.03883589953779073,42.68085684397195,5.967097593363455,1001.0837790250703,0.18567728118895904,0.03447605274972376,ball,14mil_1796rpm,12800.0
SEU,DE,84,0.13410582446435254,0.24096596599882458,0.24025515506624265,0.5178127878784449,0.0009660906247102132,22.558065814051126,10.208840307917205,16.987723715283877,17.005048532070333,0.00470689100314995,3.978361197604791,2.2781526946107786,3362.5,0.22315489574697486,0.10099060413201504,1.664020907654857,0.4528446625545352,2647.5675483715804,0.03981845084048213,17.971424282419004,3.851349028237235,1135.6986701885698,0.2231052502137224,0.049775952672927684,ball,14mil_1796rpm,12800.0
SEU,DE,85,0.12420410255660555,0.1567113111316521,0.1058114555686622,0.7370217027883723,0.00045553020315964904,24.227411713449936,10.94909552196192,18.342008417737404,21.221685150171453,0.004257021835235779,3.978361197604791,2.2781526946107786,3462.5,0.20806766093520815,0.09403202956864162,1.675207635274222,0.5323398522328404,2970.0885407366054,0.026456246964592266,50.52067182841416,6.492098687474752,1023.8870391051801,0.20802410747829944,0.04327402929214308,ball,14mil_1796rpm,12800.0
SEU,DE,86,0.12236798280392341,0.3943548152074256,0.19488817125662444,0.40950488412657027,0.001252129118104893,17.404081604176316,8.545105839823693,13.334050630367978,10.145561983036323,0.004370916779721807,2.7315091417165664,1.631660878243513,3312.5,0.19094683071557814,0.09375162190988443,1.5604313018834524,0.6047977213538125,2250.6853495840865,0.04981599457623051,11.921620919245349,3.345605226459595,1301.189429790469,0.19089679737184798,0.03644158724682839,ball,14mil_1796rpm,12800.0
SEU,DE,87,0.11405341391435879,0.137029512840653,0.26252774177058696,0.5996031494532166,0.0008395958599958558,19.080824521584436,8.537855845330014,14.306111691393172,12.780359355998758,0.004644946747130739,2.7315091417165664,1.631660878243513,3475.0,0.19110897487640166,0.08551312216082488,1.6756094212129669,0.4989721334710804,2916.9313727428635,0.0286102009776797,41.161400736484836,5.934002363158124,950.0525879556894,0.19105251829804665,0.03650106474802545,ball,14mil_1796rpm,12800.0
SEU,DE,88,0.08862248117047156,0.45868115351407374,0.17882037954419894,0.36060317911736106,0.001895287233409522,15.388083799037876,7.891862816533238,12.203371870530768,13.861118332537107,0.004456020731973553,2.111494251497006,1.0814930938123752,1537.5,0.13703901334253765,0.07028120641505699,1.546323365500606,-0.11796775665350902,2155.7284264291366,0.057067215209245105,34.28034271429448,5.095281473865969,1305.2111404486022,0.13696654721913826,0.018759835057132433,ball,14mil_1796rpm,12800.0
SEU,DE,89,0.09444912762365894,0.13075801793827407,0.24807011983835245,0.6197557592805023,0.0014161029205753412,18.57699254437097,8.985778469105888,14.501489303634035,19.497263909891533,0.0042498835726983535,2.7384938522954094,1.369653013972056,3375.0,0.1524245248957646,0.07372845796759905,1.6138267100053467,0.1064305985125881,2956.347860703454,0.03857700143219514,20.479634208552692,4.329650047623141,901.3192371059928,0.15236526598709454,0.023215174279318074,ball,14mil_1796rpm,12800.0
SEU,DE,90,0.10047509022969686,0.29218640690541026,0.15676324341425307,0.5486693741681289,0.002380975361958839,17.417120448252458,8.667049601177329,13.631766946821166,16.72333589817513,0.0041823080206773965,2.7384938522954094,1.369653013972056,3475.0,0.1580299037155623,0.07863831556091005,1.5728266912155933,0.0592010737395521,2599.4288997440317,0.05588388295225477,26.223148739114436,4.666724630265563,1224.2907200851423,0.15797455101366825,0.024955958767970077,ball,14mil_1796rpm,12800.0
SEU,DE,91,0.08027713843796783,0.3516359241733947,0.150487374307744,0.496463973101607,0.0014127277694646594,7.6766652401382665,4.902909875983596,6.377849770239975,1.092678448321962,0.004193887868793663,0.9750980838323353,0.5119955289421158,700.0,0.10442686932714665,0.06669504438790587,1.3008294934159859,-0.06210358592312803,2444.288973636483,0.04724824674503053,24.783185690855706,4.613883563735372,1290.4372845622663,0.10434261996908524,0.010887382342012947,ball,14mil_1796rpm,12800.0
SEU,DE,92,0.09311903137085205,0.23599103352532586,0.2289132478911039,0.5336981470381567,0.0013975710345094118,14.411905071750356,7.768740351751076,11.42569981815162,8.192032793857624,0.004585857796126498,1.9963277445109782,1.0639500998003992,3500.0,0.13695271712364343,0.0738243899403634,1.4707274668506929,-0.18258847944429804,2739.55750316967,0.04390264182341907,22.491634040117663,4.344088587301784,1111.888361561712,0.13687591693143975,0.018735016635822395,ball,14mil_1796rpm,12800.0
SEU,DE,93,0.10341280251996007,0.10828225972744004,0.26068711306080516,0.6300875418480127,0.0009430852735203594,13.107034155274015,6.989428549182566,10.288378942201499,6.050523836196669,0.004590378695733533,1.9963277445109782,1.0639500998003992,3437.5,0.15222275931625787,0.08117397781955779,1.4719914324619219,-0.17056855338299276,3057.7511289846307,0.029403233867282313,16.450731853990014,3.921442064460391,819.3031309750884,0.1521535306106471,0.023150696877285125,ball,14mil_1796rpm,12800.0
SEU,DE,94,0.11481585966738399,0.13684309693747454,0.2147455771721983,0.6469761112241158,0.0014352144357427904,8.334828397489508,4.8479391547702635,6.70447516632576,2.4432587282466285,0.004314603819704341,1.5101594011976047,0.7697800798403194,3537.5,0.15878501261363254,0.09235704001682639,1.382953653559927,0.012273483242697003,2993.7986776642656,0.03510658947127093,28.28995814576152,4.7747770709457535,897.7012275740507,0.15872638225761476,0.02519406442459044,ball,14mil_1796rpm,12800.0
SEU,DE,95,0.12675151051412803,0.1505973858308467,0.18106645940264296,0.6662917226689925,0.0020444320481485326,9.447897732779435,5.323463940076845,7.54561456532363,3.5154843109360128,0.004453720625155938,1.8610192814371258,0.9564180439121757,3362.5,0.17966084765070647,0.101230778630667,1.417425693169006,0.0012824322861705554,2962.3191874698928,0.037165715848802974,26.06842637938368,4.845164782991596,942.1973690482757,0.1796056361898574,0.032258184551163416,ball,14mil_1796rpm,12800.0
SEU,DE,96,0.1362871981817615,0.0961807226531571,0.25928434217810015,0.6431650674595792,0.0013698676945949407,9.308289139407433,4.9838033971920535,7.261997155367671,3.344470723202889,0.004397011094997506,1.9461352894211577,0.989717245508982,3450.0,0.1985867351963769,0.10632643987378196,1.457119508257325,0.1123606722158831,3051.5342858701833,0.03535340189769056,34.086713766659194,5.363869192695417,801.6998000290852,0.19853805098616834,0.03941735768938638,ball,14mil_1796rpm,12800.0
SEU,DE,97,0.13501730127635353,0.13951761082210232,0.2046567439141641,0.654044876431022,0.001780768823322457,10.31917257682546,5.678088426072888,8.137558721574706,3.3194398789015667,0.004538586635323104,1.9563687025948107,1.0987112175648703,3512.5,0.1935001949810717,0.10647280190199827,1.4331511084273219,0.145521394455337,2990.3514164147236,0.04041084400059906,31.657467996143396,5.02100601593477,946.2506783731149,0.1934469609196961,0.03742172668906643,ball,14mil_1796rpm,12800.0
SEU,DE,98,0.14862822302660303,0.12449148886024375,0.24344057332859878,0.6307116149612353,0.0013563228457786464,15.600788845052845,7.652654235785231,11.918026426941157,8.673333679429046,0.004850925278349552,2.950309261477046,1.7713550898203592,3325.0,0.23146937457819197,0.1135426616829105,1.5573716072536317,0.6523941140169213,2970.9000997996004,0.03827467974134064,25.099675866312193,4.700402662458335,900.7754540112646,0.23141853834894735,0.05355453989156321,ball,14mil_1796rpm,12800.0
SEU,DE,99,0.1554609679274264,0.15018352633559712,0.23971213467250416,0.6090818566483007,0.0010224823106034498,15.215342617820367,7.1639637804141465,11.394211122159474,7.790641779722453,0.004306355160772206,2.950309261477046,1.7713550898203592,3450.0,0.24725907948657408,0.11641900772879933,1.5904897723395217,0.5438414736924084,2913.9161455630274,0.03737226783292214,34.695045280018405,5.205867469436233,992.829125475368,0.2472215761089174,0.06111850769377723,ball,14mil_1796rpm,12800.0
SEU,DE,100,0.1410565093250998,0.07551216191343017,0.16815184686188175,0.7551774778784601,0.0011585133322626646,11.403633811830888,6.040465270940125,8.860107868848035,4.427233685732145,0.004345932860840817,2.380161956087824,1.249775888223553,3337.5,0.20690059989849766,0.10959453002839782,1.4667922869241274,0.03462295787025061,3146.5986687574714,0.02766368911313625,48.80382975897896,6.557889414425132,719.1561534284847,0.20685495185256572,0.04278897110592728,ball,14mil_1796rpm,12800.0
SEU,DE,101,0.12476651833052645,0.13731582999446323,0.2451210208887311,0.6155690563167246,0.0019940927780939107,7.086899896460935,4.046766926105113,5.613848080505,1.5272737107335752,0.004582764549026946,1.3823229540918165,0.7004202794411177,3550.0,0.1730814480376438,0.09883309905236484,1.387242750327643,0.03759207526890142,2959.7751223259597,0.04102493209609886,31.234136515014526,4.998733350260775,928.1636931848569,0.17302076731969424,0.02993618592389577,ball,14mil_1796rpm,12800.0
SEU,DE,102,0.09515676738320233,0.19475921144605293,0.19116730654278843,0.6111875636707347,0.002885918015223077,7.42972787125681,4.532249883121144,6.068479437748126,1.254012744114438,0.004545883525916916,1.0421837924151696,0.5774568862275449,3450.0,0.12741064617334777,0.0777224813928296,1.3389551755184896,-0.02157173545851,2861.2063163912526,0.056403819823500775,43.09785940131897,5.8811599362337486,1053.546163249553,0.12732952407544298,0.016212807701278815,ball,14mil_1796rpm,12800.0
SEU,DE,103,0.1013660247083957,0.1670479692750848,0.23469417800666198,0.5944458154189047,0.0038120369670767763,6.688541696572746,4.240849737331442,5.547720952650712,1.0548636882949491,0.004723309006986028,1.070772375249501,0.5623504191616766,3487.5,0.13260324085793618,0.08407668587157478,1.30816258444979,-0.0930788345422104,2940.395531508621,0.055830897472318355,43.10906252395627,5.8048046214317015,983.5961798160085,0.13251909235296006,0.017561309838052354,ball,14mil_1796rpm,12800.0
SEU,DE,104,0.10184722291744636,0.1683397565278665,0.1935696255470341,0.6355479688185044,0.0025426489875994833,6.715195272401294,4.181520613043033,5.521509600880305,1.0178625779853396,0.004753369023671408,1.070772375249501,0.5623504191616766,3500.0,0.13448466986090862,0.08374297341327873,1.320454952118989,-0.05913093046040018,2945.5390107988624,0.046614428658192444,38.12356833197951,5.6542674330908715,985.3595996130227,0.1344006395465527,0.018063531910522387,ball,14mil_1796rpm,12800.0
SEU,DE,105,0.11215931560706711,0.12266512942125057,0.1927116976228177,0.6816985824812918,0.002924590402823845,8.750068786166192,5.433488233332739,7.1949237580765955,1.3974182529536145,0.004699752740612525,1.512433493013972,0.8069777245508982,3500.0,0.1485192734200369,0.09222530065440461,1.3241813452246027,0.051298198480797814,3068.199486344757,0.04732724450887576,27.128258788914223,4.868885722366084,883.4805687530237,0.148444895167846,0.022035886901392788,ball,14mil_1796rpm,12800.0
SEU,DE,106,0.1117261023850736,0.13853516401917962,0.17319467648876574,0.6860741377838636,0.002196021628208986,8.737188467796283,5.465239688547669,7.222821769702304,1.6013800700599603,0.00427748485450973,1.512433493013972,0.8069777245508982,3475.0,0.1476564195787988,0.09236125871901173,1.321592863500136,0.05079366051729007,3042.815818648367,0.041995325983146016,37.12082489751995,5.3436516438314,930.8839489866684,0.14759444896793958,0.02178412136614972,ball,14mil_1796rpm,12800.0
SEU,DE,107,0.13108784637755738,0.10648883740902787,0.23483736344656675,0.6560466050286472,0.002627194041593474,22.03320944097313,10.140484387280656,16.75182390774276,20.43619957087746,0.00476550406998503,4.074847664670658,2.195960518962076,3550.0,0.21655380897943083,0.09966593949215816,1.6519747250688335,0.569015021586939,3083.391666150254,0.04382028393467178,30.89365832217932,5.197453225346878,853.4209625908453,0.21650136755794122,0.04687284215445876,ball,14mil_1796rpm,12800.0
SEU,DE,108,0.14440364062889843,0.09912401362972241,0.20880063038565544,0.6907677605298816,0.00130759540804366,19.778168819715596,9.603842493446535,15.207099415211104,16.224056816147854,0.005235439687032187,4.074847664670658,2.195960518962076,3437.5,0.22865436625606408,0.11102951638136807,1.583439068850631,0.460411006151566,3084.3747326591106,0.03337251968940046,29.429936663364025,5.000585263142191,841.7175577339532,0.22859442114637388,0.05225540937924575,ball,14mil_1796rpm,12800.0
SEU,DE,109,0.1336506412565494,0.11870128202502504,0.2345543457107008,0.644203339241668,0.0025410329738373223,14.018963998425727,7.217191684357387,10.848402629664314,7.302960312589377,0.004954588713198604,2.8781880638722557,1.4498959680638723,3475.0,0.20089475678003554,0.10342390266689391,1.5031335045703786,0.05803075085000304,3018.7978148949637,0.03965953029715909,38.60013642325298,5.697986700045705,887.5166006418942,0.20083365094623132,0.040334155352392674,ball,14mil_1796rpm,12800.0
SEU,DE,110,0.14318172871054763,0.1292224810424094,0.161345303464228,0.7077992815518696,0.001632933911513561,13.62820073012806,6.436798123049346,10.126263882418568,6.2769319115192435,0.004727829906593065,2.8781880638722557,1.4498959680638723,3462.5,0.22525111714657967,0.10638939041003163,1.5731833885169897,0.14967109336205178,3018.15317742693,0.03201760051550116,59.779957211005495,7.145920268665038,925.7769726878763,0.22520149511083729,0.05071571340015647,ball,14mil_1796rpm,12800.0
SEU,DE,111,0.13370409891155188,0.10219798329412874,0.270399788308559,0.6262510413298155,0.001151187027719577,12.337994997466915,6.352556480621034,9.489468226718458,4.3497142584088975,0.004568805280064871,2.2753912974051893,1.2687807984031936,3337.5,0.19972759034472307,0.10283524986545091,1.4938030469570505,0.1810316439662433,3022.7300455252685,0.030510681576536528,26.21997111331995,4.753719620813015,800.350162516379,0.19967532737727603,0.03987023636322236,ball,14mil_1796rpm,12800.0
SEU,DE,112,0.11430166682260479,0.14232242837041648,0.3606228254863831,0.49556251250867994,0.0014922335505407386,8.364937266272587,4.735704048183376,6.67352795865461,2.9713387990137905,0.004519313326472056,1.5233166467065868,0.7627953692614771,2987.5,0.16107327685607523,0.09118961027204193,1.4091944705063626,0.10398809976600015,2878.4315099587557,0.03727823694589833,19.69094390509991,4.145407372952525,895.2854802696614,0.16100986405873097,0.02592417632421103,ball,14mil_1796rpm,12800.0
SEU,DE,113,0.0979153092837762,0.13624500046876256,0.24333632654196108,0.6187303125668283,0.0016883602997421442,12.18382087424273,7.048189761724623,9.827530706092292,4.052725935044977,0.004639474079185379,1.710279481037924,0.9622657085828343,3475.0,0.13652664600610545,0.0789789769986784,1.39433401175731,0.056070895266450566,3001.88845806166,0.04008704660869391,34.190561544284336,5.303743939996822,882.8897192238891,0.1364477934960657,0.018618000349944992,ball,14mil_1796rpm,12800.0
SEU,DE,114,0.10110309870493389,0.14895117163788874,0.2401695164622616,0.6085570899817669,0.002322221810571555,11.719082030929474,6.9212726156388005,9.517667815416573,3.2085951849122347,0.004491315474519711,1.710279481037924,0.9622657085828343,3500.0,0.139030170030952,0.08211101398925136,1.375132630076028,0.10235680771247258,2994.319790316647,0.04242086766529821,30.577334885511284,4.930426583531253,922.8423681675196,0.13895760599601506,0.01930921626414376,ball,14mil_1796rpm,12800.0
SEU,DE,115,0.09393945567848679,0.2028013603929124,0.19974973526912876,0.5955017294654389,0.001947174679821504,8.132950613893849,4.950094984731019,6.657216022641018,1.6875213526906307,0.004531607000842066,1.1250257085828343,0.625375249500998,3612.5,0.1263360100018323,0.07689401782824602,1.3448663193687709,0.11118639686756944,2868.6237762477267,0.04277433386069047,21.24373078996674,4.410208211794701,1044.6633957450551,0.12625471064943672,0.01594025196117299,ball,14mil_1796rpm,12800.0
SEU,DE,116,0.07919545372146333,0.3147342290408858,0.1719189911796938,0.5115441510869526,0.001802628497754878,9.407394930379102,6.110827663958466,7.896605425110539,1.4368092766390754,0.004510509469342564,1.1250257085828343,0.625375249500998,1537.5,0.10233887844513241,0.06647698476881064,1.2922317334662459,0.06969124942801457,2584.313761089325,0.05225107505718057,28.585027451691225,4.823031853905097,1203.6017021856262,0.10223943146230106,0.010452901345734556,ball,14mil_1796rpm,12800.0
SEU,DE,0,0.09080456871413423,0.10876904458063597,0.16094413291046997,0.7217745555686045,0.008512266781317555,5.8372944580559585,3.8421335353606065,4.903219044191763,0.5936949346213258,0.025404600486526947,0.8326424750499002,0.4452346906187625,3425.0,0.11588214894695861,0.0762741530032464,1.2761709084459416,0.026431350485095692,3166.0977325846084,0.060899649554281336,82.15634610857582,7.82195544472569,902.0455202821967,0.11306316251850139,0.012783278718685058,ball,21mil_1796rpm,12800.0
SEU,DE,1,0.09101292666619884,0.1213171752710542,0.15149285235784415,0.716397026177615,0.01079294613743068,6.717034033540698,4.438734911567351,5.646942355605791,0.4721517448763888,0.024074107663579092,0.8935556487025949,0.513944750499002,3425.0,0.11578631315865723,0.0765136439584318,1.272196350561474,0.031825705478058186,3137.961588311522,0.06459953616482239,126.23990832702859,10.041423714632796,950.7934638067594,0.11325593871880202,0.01282690765507704,ball,21mil_1796rpm,12800.0
SEU,DE,2,0.09050761699257734,0.140604947860626,0.1960730075714029,0.6528422994056257,0.010479744904020124,6.692242363010165,4.508846729337457,5.678469587163602,0.32161235816470635,0.021811040497130736,0.8935556487025949,0.513944750499002,3425.0,0.11398585521990509,0.0767970917102037,1.2594062136146313,0.0605644779766846,3066.3820618073337,0.07351933387732924,61.802054990381905,6.786865766949091,1006.3757619456926,0.11187963935697008,0.012517053702645688,ball,21mil_1796rpm,12800.0
SEU,DE,3,0.09162126526244387,0.11799127981152252,0.16219151819762403,0.709571823236348,0.010245378508937069,5.656930986288666,3.7198963341526188,4.747820019720024,0.2836515555542092,0.02002893359764845,0.8141248702594811,0.4350012774451098,3425.0,0.1169390860307944,0.07689704514682447,1.276331271957761,0.06407355504766885,3148.4662713801795,0.06841938441740927,53.46565134637646,6.48353665374473,935.2968556049216,0.11521107438375239,0.013273591660658526,ball,21mil_1796rpm,12800.0
SEU,DE,4,0.09356572797763849,0.10038060074593144,0.13876317704512317,0.7502676158648856,0.010588606209125818,5.5682235974775764,3.621006651324302,4.647415797580205,0.3000293627273023,0.01889125317723927,0.8149370459081836,0.43483884231536923,3425.0,0.12008783307711868,0.07809292042660655,1.2834596136078669,0.0780966321510832,3209.2697417459735,0.062044658528766394,59.22627305216628,7.091426394178668,875.6576305736334,0.11859261446882503,0.014064208206551368,ball,21mil_1796rpm,12800.0
SEU,DE,5,0.09201743883327096,0.0937956938299334,0.15993745829345513,0.7319284192155798,0.014338428520954622,5.831320749489843,3.828445666047592,4.893313543061941,0.5416829086187809,0.01780457167695858,0.861068622754491,0.4502701796407186,3425.0,0.11761174610205927,0.07721581421843597,1.278146268721556,0.03697660243081381,3204.198218505994,0.07314000331871161,73.28847575094595,7.420216457802868,854.8639946233747,0.11625626885710422,0.0135155200485753,ball,21mil_1796rpm,12800.0
SEU,DE,6,0.09047779491797656,0.12087207580418971,0.20394395583086233,0.6575047475552392,0.017679220777957763,7.7356078912232995,5.0016102632550306,6.452321885349513,0.8850945533708607,0.016578694057198102,0.9950776047904191,0.5837918562874251,3662.5,0.11672078102052987,0.07546812926619333,1.2900489133974156,0.053247295875634336,3131.701818630587,0.08801913622574636,21.643492269180914,4.393278133116589,956.9738557315405,0.11553738626695824,0.01334888762540031,ball,21mil_1796rpm,12800.0
SEU,DE,7,0.08808076635790918,0.13223730282536889,0.1532607913744093,0.7047760127700959,0.009725893011245927,7.945871877259428,5.124854369187304,6.627915269438431,0.8483523437420204,0.014463706181387224,1.037310738522954,0.5837918562874251,3425.0,0.11391384305423735,0.07347108854828124,1.2932885096771016,0.04698732392511447,3108.4608571833437,0.06266691696155131,65.88780584492575,7.001040244641484,975.1049978437703,0.11299187954399166,0.01276716484288392,ball,21mil_1796rpm,12800.0
SEU,DE,8,0.08791722083177395,0.1252102739346279,0.164684669330392,0.701992617980292,0.008112438459926192,6.16509282037411,3.991288750265946,5.158476097684196,0.6777236750198203,0.0067283676397205585,0.9010276646706588,0.45351888223552894,3425.0,0.11362717924262188,0.07356237699078284,1.2924337026080805,0.026421751566339816,3124.8860807861497,0.06196734239823552,35.210454667567454,5.390313183007466,958.8428652854545,0.11342779611514844,0.012865864931539683,ball,21mil_1796rpm,12800.0
SEU,DE,9,0.08676502594420533,0.11783852680153671,0.1417012401292711,0.7321663094402713,0.00829392350267504,6.169235042591696,3.9867473107682216,5.157709313922207,0.8357530446428831,-0.003267341391435877,0.877637005988024,0.44750878243512976,3425.0,0.11224909620592372,0.07253877982368642,1.2937136246361067,0.039762514811259184,3154.8205220585273,0.06218055646279682,52.59170210869726,6.4283129664998215,936.1747943181259,0.11220153331964107,0.012589184079278526,ball,21mil_1796rpm,12800.0
SEU,DE,10,0.08726113519055638,0.11003477812053163,0.13330875936036515,0.7474914518354632,0.009165010423770324,5.983771649335204,3.881708144362533,4.992497714047835,0.6600237371248325,-0.008055291331399698,0.8495357285429141,0.43565101796407185,3425.0,0.11223178089696795,0.07280542164614062,1.286159991522938,0.012160996035018842,3190.7385104147293,0.062471218851812546,45.04759802133628,6.150124225727335,910.8726902290764,0.11194232856641538,0.012531084924871295,ball,21mil_1796rpm,12800.0
SEU,DE,11,0.08805721009153568,0.11015080711065822,0.12227830318346267,0.7589814001369044,0.00858948905780892,5.884829549285387,3.870949948644937,4.947363396037776,0.561027596900673,-0.009833749785585079,0.8370282235528942,0.43565101796407185,3425.0,0.11254369695908253,0.07402950490162868,1.2780747521082385,0.009840573695861615,3201.3683147627885,0.05799085030488051,47.333956640152294,6.319816345249946,902.7580054092241,0.11211325118099247,0.01256938109037231,ball,21mil_1796rpm,12800.0
SEU,DE,12,0.09261530797779442,0.11378644319847267,0.133590822985347,0.7432991754057768,0.009323558334759108,6.229855808284857,4.151170234050577,5.268622870179429,0.44702771663332896,-0.011169160078280938,0.8982662674650699,0.48795512974051897,3562.5,0.11754640311736583,0.07832526863488642,1.26918978821027,0.05994262942934108,3180.690902134435,0.060024504190765805,45.92651997047898,6.200089617984176,927.3375460752054,0.11701455785061962,0.013692406748976007,ball,21mil_1796rpm,12800.0
SEU,DE,13,0.09069971556886228,0.11055650238096786,0.12261936949615748,0.7580097012211954,0.008814426752161443,6.414155794240204,4.210940650942005,5.379897022610253,0.4593061997885961,-0.011641871686314871,0.9148346506986028,0.48795512974051897,3425.0,0.11587794039114785,0.07607472368829797,1.2775998211722,0.0641837679375557,3193.7488816243194,0.05752236813202063,43.969928903775056,6.191196113461545,910.8251777319116,0.11529164710825238,0.013292163892933797,ball,21mil_1796rpm,12800.0
SEU,DE,14,0.08880315852669661,0.11997197133801452,0.1496513777637693,0.7205184358077447,0.009858214774709948,6.129296478387988,3.9296621057189354,5.0978671715908686,0.7298707351126472,-0.009986429289857785,0.8916064271457086,0.4527067065868264,3562.5,0.11520245110336357,0.07385948912458037,1.2972787569119022,0.016341502050010136,3156.93214319781,0.06264725507103568,69.63054077402296,7.494853366359078,940.5566379318154,0.11476879353840723,0.013171875970261544,ball,21mil_1796rpm,12800.0
SEU,DE,15,0.09026515400838947,0.10798713059473411,0.13989223830712452,0.7428280292068411,0.009292601661224522,6.234999958914729,4.050239510714228,5.206049172592619,0.6320825180504461,-0.007702423219966318,0.9088245508982036,0.4699248303393213,3425.0,0.11602396082903596,0.07536885861040438,1.2853682254644179,0.028844555797894772,3202.0198765877976,0.06321224263148544,64.51324445746697,7.124053041580133,896.4796209679083,0.11576801010209252,0.013402232162998195,ball,21mil_1796rpm,12800.0
SEU,DE,16,0.09226196398219187,0.08492836315170839,0.13131280488996963,0.7756523762593207,0.00810645558221617,6.69004286592838,4.2750872374643,5.547606746277022,0.9057851435067565,-0.005175954165886976,1.019118003992016,0.5118330938123753,3425.0,0.11972459633735122,0.0765066986968174,1.2976593080162493,0.03280115579706504,3253.7981361354055,0.05628200375558908,41.72529881280101,5.932502790931811,810.2652499913997,0.11961266014354138,0.014307188466614332,ball,21mil_1796rpm,12800.0
SEU,DE,17,0.09247167027273578,0.11515297884742844,0.14212812365675526,0.7331179469888407,0.009600949838381643,6.671393433662843,4.256773553045796,5.535025941488628,0.8734254013291114,-0.001806218364053144,1.019118003992016,0.5118330938123753,3425.0,0.12023968093067806,0.07672056803451928,1.3002866778121704,-0.02780830388998131,3165.884817416456,0.062496748543281085,54.89178217548279,6.670391442563352,924.9384535450565,0.12022611382529431,0.014454318445532624,ball,21mil_1796rpm,12800.0
SEU,DE,18,0.09060382490877619,0.11781566777502615,0.1402507150712203,0.7327380340035,0.009195582966421796,7.906853520120578,5.122520209623407,6.608284902170364,0.8236692728518995,0.0015720833528255981,1.0594019161676647,0.5987358882235528,3662.5,0.11688306999721337,0.07572366007539523,1.2900456477957332,-0.05201935436100267,3163.123224063621,0.06166939535513976,36.45286058193149,5.57490500251261,937.5042044884841,0.11687249721771693,0.013659180605905253,ball,21mil_1796rpm,12800.0
SEU,DE,19,0.09486735049432385,0.10642110394721449,0.12781922478727792,0.7571370676258616,0.008622603618593317,7.574602128626884,4.846254865486734,6.31129556273817,1.078294294070723,0.0047953261445858285,1.0600516566866267,0.5987358882235528,3425.0,0.1235460999972437,0.07904519314100146,1.302303683548491,-0.04037330167293295,3199.4607747646432,0.05854412056935946,58.74324824566295,6.804491202286931,901.6648049558248,0.12345300187397627,0.015240643671695989,ball,21mil_1796rpm,12800.0
SEU,DE,20,0.09080702744900823,0.10852856576170872,0.13063570258071008,0.7513553281140165,0.009480403531383122,6.964597928485643,4.400676994091749,5.774229302867923,1.1686094602275592,0.007632468247099551,0.985656367265469,0.5243405988023951,3425.0,0.11914998521962941,0.07528655698239364,1.3121229553135287,-0.05417414257972394,3175.656685771421,0.0610372530235114,80.39455395680932,7.734475336887837,896.0784756135719,0.11890527493048794,0.014138464406294925,ball,21mil_1796rpm,12800.0
SEU,DE,21,0.08848701281031687,0.10944155371675857,0.12833571808427735,0.7530372701140803,0.009185457840186087,6.712054335719964,4.330043901223957,5.595197077230037,0.6798943836600193,0.009754039187250499,0.9374131337325349,0.4951022754491018,3425.0,0.11434116760551855,0.07376315069654378,1.2921802191540055,-0.03554371243170534,3189.9251051628803,0.06178328323417468,43.676422916527045,5.965267531976965,886.3622901412083,0.11392436670408514,0.012978761328926863,ball,21mil_1796rpm,12800.0
SEU,DE,22,0.08983098901805764,0.12577998889786224,0.1421721424894486,0.7202515975176884,0.011796270604261454,6.284588403978528,4.144680953661531,5.289074067697394,0.5267867639064447,0.011738079602513721,0.9362760878243513,0.475122754491018,3425.0,0.11463433731160434,0.07560125245278375,1.2761112681121745,0.03299787644319823,3141.0913689029117,0.06596580362983438,110.65648248581279,9.240709655732989,944.2544817089904,0.11403178845442939,0.013003248778115735,ball,21mil_1796rpm,12800.0
SEU,DE,23,0.0914815932587949,0.11961343537765913,0.12943105168121086,0.7417455092971316,0.009210003522393168,6.173678981797842,4.063284454737915,5.193643197128515,0.6874224490398895,0.013726085719186628,0.9461846307385229,0.475122754491018,3425.0,0.11693071449551364,0.07695942012726051,1.278188434745829,0.00616497401973334,3154.970894024001,0.05830205114275614,62.223625226007485,7.07650526672027,933.124759125341,0.1161222914140987,0.013484386563260863,ball,21mil_1796rpm,12800.0
SEU,DE,24,0.09661812835266965,0.12688650187819378,0.14278776187976994,0.7209124647081208,0.009413271246236121,5.818234259090337,3.8078902555479486,4.875501981657763,0.5482109540175011,0.015243204450474052,0.9325400798403193,0.47106187624750495,3425.0,0.12370678896567096,0.0809630302374855,1.280368302251974,-0.021521524275767687,3125.9654962817176,0.06050820520237455,53.98858345288275,6.6445402609538045,958.6684362728354,0.12276405970103016,0.015071014354278097,ball,21mil_1796rpm,12800.0
SEU,DE,25,0.09686312938575972,0.11717590236740213,0.12906242798843082,0.7453186320667262,0.00844303671413636,5.388006824612695,3.580093512254041,4.542871671166115,0.3266103869064083,0.016502790532216816,0.8568453093812375,0.44003676646706585,3425.0,0.12291208734098595,0.0816696750377069,1.2689254220920907,-0.025506603886085707,3158.0299433549735,0.05937796758122882,79.40177557458345,7.978816201481322,930.944267051766,0.12179917536325086,0.014835039119167934,ball,21mil_1796rpm,12800.0
SEU,DE,26,0.096040246343251,0.10727363898903947,0.13138240328682546,0.7528630640913125,0.008480892989697342,5.824641547713518,3.828707085955045,4.894690334185051,0.5624525603209567,0.018162912456337325,0.8896572055888223,0.4700872654690619,3662.5,0.12277963681094758,0.08070664290982785,1.2784185951807028,-0.017217591572773704,3186.6097519300365,0.05928933023992731,54.79940760771737,6.786415655385091,889.0991445134287,0.12142877676453642,0.01474494782653162,ball,21mil_1796rpm,12800.0
SEU,DE,27,0.09626327739053145,0.09410436968332979,0.13776059258669698,0.7583302899468681,0.009804747725342278,6.341142583479056,4.07345415539851,5.281577459961209,0.830650278957878,0.019398625015593814,0.955605868263473,0.5084219560878244,3662.5,0.12481347198028916,0.08017828796539686,1.2965844854204593,-0.018487599992714477,3232.96923785264,0.058620493520123856,69.31647033895855,7.566992562595934,843.3514543338188,0.12329678071741697,0.015202096135278804,ball,21mil_1796rpm,12800.0
SEU,DE,28,0.098975817154753,0.10404118840260629,0.12773371251297325,0.7577304509805319,0.010494648035327753,6.175962854563354,3.9696975244758987,5.136830093485205,0.6281243491490254,0.02097110493856038,0.955605868263473,0.5084219560878244,3425.0,0.1280757420314912,0.08232270304413453,1.2940104533942791,0.002307474519790379,3211.394451265251,0.06345303190234859,67.123671287711,7.3206121203935135,885.8747583512231,0.12634717430387182,0.015963608454572967,ball,21mil_1796rpm,12800.0
SEU,DE,29,0.10623654055170909,0.08671769157686814,0.12820445829063504,0.7678229299403991,0.017254920011869054,6.345212651953522,4.1002965489311665,5.294909372708934,0.667673002273502,0.02294459658807385,1.0741835129740518,0.5625128542914172,3425.0,0.13718833444816295,0.08865153701637318,1.2913479085041226,0.040356306544927036,3254.3222730779476,0.06091556451408047,79.43579123025424,7.928397484062637,837.6627115553194,0.13525599652537246,0.018294184596071565,ball,21mil_1796rpm,12800.0
SEU,DE,30,0.10729744499282684,0.10048288739023525,0.1358785554617806,0.7529124267426334,0.010726130322123462,6.209133568040453,4.111091543473543,5.242555909220605,0.5771068935942383,0.02398123093656437,1.0741835129740518,0.5625128542914172,3425.0,0.1368281023039781,0.09059441999875373,1.2752223719131939,0.02504650965996962,3205.5048144971724,0.06027505932231971,52.88684785103063,6.584409032241297,883.6620633606326,0.13471017089616902,0.018146830142875065,ball,21mil_1796rpm,12800.0
SEU,DE,31,0.09671306724441742,0.10062871969693321,0.13170981200456744,0.7585366920488616,0.009124776174606896,5.921557539699805,3.951612389158316,5.003400939338297,0.36279442449417365,0.025171655185722307,0.9239310179640718,0.483894251497006,3662.5,0.12245488773762912,0.08171739415733806,1.2661669330386955,0.007378204352365726,3211.1194883180433,0.056691189607841905,59.415545216721405,7.079995212327981,873.704618521536,0.11983984022872549,0.014361587306046452,ball,21mil_1796rpm,12800.0
SEU,DE,32,0.09315503993965195,0.08753936992818574,0.12225819624387022,0.7802483951458248,0.009954038639022757,6.336240457480966,4.220106732354133,5.346206797904486,0.3498412462401923,0.02666260028770584,0.9203574451097805,0.4980261077844311,3662.5,0.11801268057185216,0.07859962246168073,1.2668416078003248,0.0009526507500806258,3268.443278608253,0.05588786635244089,65.3701842141491,7.4200897871304905,832.9380924530916,0.1149612914056381,0.01321609852165204,ball,21mil_1796rpm,12800.0
SEU,DE,33,0.09850667467798778,0.09277800035845538,0.13111651677142383,0.7668435699886715,0.00926191263798526,5.996353659632117,3.9744835914139847,5.055760022480179,0.4400239890022797,0.027776486499656937,0.933677125748503,0.4980261077844311,3662.5,0.1253058658640104,0.08305482565799589,1.272054571668646,0.001511360264985836,3247.5668508556546,0.0583103105720392,52.05876996797792,6.669809071029026,847.2502392427108,0.12218848889180904,0.014930026817663741,ball,21mil_1796rpm,12800.0
SEU,DE,34,0.09685503935488399,0.11339609607039716,0.15606808985699477,0.7213586348955277,0.009177178629886028,5.996301643885411,3.9915147953746715,5.056442281471946,0.4259919049121148,0.02858739312390843,0.9253929341317365,0.48974191616766466,3425.0,0.12269575368608751,0.08167399594833052,1.2667978300697524,-0.01766510194128287,3167.917500289956,0.057297890607624996,57.632050052235904,6.951358608568542,918.5347477919831,0.11931893783878639,0.014237008926976168,ball,21mil_1796rpm,12800.0
SEU,DE,35,0.09871836381923653,0.116712347625443,0.12221915944840267,0.7511611889959543,0.009907303510335566,5.623381844181807,3.764101455981413,4.745448526977822,0.2342480076189717,0.02926655914733034,0.8974540918163673,0.4684629141716567,3662.5,0.12445544299217473,0.08330626074349701,1.2607121732696607,-0.04948946605865757,3176.8359656922976,0.05936488220672705,33.69733846535728,5.536981895505616,933.099759787704,0.12096539094325397,0.01463262580605427,ball,21mil_1796rpm,12800.0
SEU,DE,36,0.10580078928081338,0.09541516732420896,0.16060713095870002,0.7284962455469686,0.015481455974651104,6.063482969414911,3.9735246936907824,5.0726055288511995,0.36704247398642,0.02990868551958583,0.9656768463073853,0.5366856686626746,3562.5,0.13506539156905997,0.0885111199899126,1.2766009827258786,0.0037568158726969296,3216.9643908585213,0.08561294295675753,44.13623348384731,6.078706624432631,886.0155366300397,0.13171230212168494,0.01734813053019401,ball,21mil_1796rpm,12800.0
SEU,DE,37,0.111015924576628,0.07177604371184794,0.14846580331932188,0.7634750251953872,0.016283127727981534,9.82141633613247,6.19163330716239,8.130833656616662,2.068615835996841,0.03059530706165793,1.6186660678642715,0.9026520159680639,3562.5,0.14578576785609854,0.0919065015752621,1.313196898661785,0.009620783609362157,3293.176788048416,0.07536649241987706,28.5025759963819,5.08581094047935,790.4952602154833,0.14253917810621441,0.020317417295195116,ball,21mil_1796rpm,12800.0
SEU,DE,38,0.11227059318862276,0.06702179876283235,0.15803638083401225,0.7603570829258215,0.014584737383460198,9.632055815438521,6.165152212493669,8.039968350853396,2.1354437071037182,0.030938816117764466,1.6186660678642715,0.9026520159680639,3562.5,0.14641195948720315,0.09371332904043897,1.3040989214443752,-0.015790205749369242,3296.0032169545234,0.06555091682247391,49.40006741677787,6.271566380413494,765.129487628625,0.14310573551788053,0.02047925153811357,ball,21mil_1796rpm,12800.0
SEU,DE,39,0.11341525324351297,0.07626178266069783,0.15583449216819922,0.7494706112074692,0.018433113735248974,7.188082238305955,4.702024207196458,6.028196750660163,0.8060818621766335,0.0312091183258483,1.1951976846307386,0.6836894610778443,3425.0,0.14540322017727092,0.0951143070448471,1.2820429000416447,-0.0016288179464727355,3267.4979959044717,0.07180298622857448,38.36424417615862,5.81645709067386,808.6405983946026,0.1420143914229932,0.020168087371243128,ball,21mil_1796rpm,12800.0
SEU,DE,40,0.10303058821809505,0.10521947738879794,0.16201401404127658,0.7184788879039001,0.014287620270803516,7.203863405179443,4.691168402346245,6.041423502776322,0.9998419437132804,0.0316065609211265,1.133959640718563,0.6224514171656687,3425.0,0.1326857967525436,0.08640522205323017,1.287829168476399,-0.0015118607799263844,3186.7975224852903,0.07296426146138163,45.77236078837768,6.085213057864968,907.0681759535003,0.12886638804046785,0.016606545966596435,ball,21mil_1796rpm,12800.0
SEU,DE,41,0.09291654265687374,0.11810951547514431,0.1485411127280385,0.7206997748297652,0.012649596838633117,6.074400868446473,4.079058105559828,5.151895600690397,0.43406568252063327,0.03166739478075099,0.9184082235528942,0.47869632734530937,3425.0,0.11735462328738043,0.0788055213530443,1.2630110842667994,-0.040674455638818136,3149.751051621276,0.06873586375154954,44.53633794929771,6.107329637902979,943.5804638233775,0.11300125536790748,0.012769283714723037,ball,21mil_1796rpm,12800.0
SEU,DE,42,0.09328923927535554,0.11868982231823909,0.13548555472415671,0.7357145861671132,0.010110036399541817,6.219053684034136,4.140568443970329,5.247973773190126,0.5627399142764888,0.031890981026228796,0.9682758083832335,0.48957948103792415,3625.0,0.11823967835886652,0.07872250440525976,1.2674524873106368,-0.054876340710551405,3169.594526648881,0.06654130443688552,48.27780509694312,6.446440111263455,945.3560727532861,0.11385774838627771,0.012963586867592924,ball,21mil_1796rpm,12800.0
SEU,DE,43,0.09284611179983783,0.11061387962249096,0.13337591665304108,0.7446366971788361,0.011373505902521942,6.2588424680379715,4.152342716206868,5.273020824968777,0.5516535745939115,0.03198195421656687,0.9086621157684631,0.48957948103792415,3562.5,0.11790440108112056,0.0782220488114311,1.269890561871935,-0.08356598437605803,3200.2304089301133,0.06762402937103935,56.528241133528525,6.804940733670601,915.241916527484,0.11348393013456647,0.012878602398787162,ball,21mil_1796rpm,12800.0
SEU,DE,44,0.09359745358891591,0.11437890872029499,0.12960739043519717,0.7453290166346315,0.010684683743999307,5.8023923405424656,3.8068324998547904,4.87665739898838,0.7347730998473292,0.03216572481989147,0.8825100598802396,0.4564427145708583,3425.0,0.11990091883167149,0.0786645727800243,1.2810275732316558,-0.05899677929324431,3183.447599492026,0.06767828754534615,48.08921507900267,6.391827403062336,924.0977065256398,0.11550582878578074,0.013341596483490092,ball,21mil_1796rpm,12800.0
SEU,DE,45,0.092625380859375,0.11258210644158084,0.14053039292764333,0.7341922505173059,0.012695250083115906,5.848580909921129,3.868400760423408,4.927836305081814,0.5637681639620031,0.032318166382079586,0.8825100598802396,0.4564427145708583,3425.0,0.11799261318542892,0.07804332736452023,1.2738691284256825,-0.028707324602007974,3175.3520800719552,0.06511850014707626,65.4566015606791,7.374328826152856,928.9792894657913,0.11348036344683812,0.012877792888026474,ball,21mil_1796rpm,12800.0
SEU,DE,46,0.12505236608813625,0.053325676652096816,0.12138534389442143,0.8157932076883236,0.009495771672133014,12.670823851883284,7.377185562848585,10.30186836340296,6.102179313022672,0.03211647080838323,2.3470251896207586,1.288273013972056,3562.5,0.17462933567237116,0.10167239549941166,1.3964496725259345,0.08485409129590558,3335.9015153782516,0.05712099022779701,29.062916459248974,5.217700006132553,687.3376713091064,0.17165062534167463,0.02946393718018795,ball,21mil_1796rpm,12800.0
SEU,DE,47,0.1656336265554828,0.039923825298740806,0.16020179076462496,0.7893689349918896,0.01050544887248158,9.612123642770266,5.606057084148906,7.777847051730882,3.6045565678978937,0.03204580200926273,2.515795289421158,1.288273013972056,3550.0,0.22980019550900407,0.13402584713327395,1.3874006159735155,0.06801184858234187,3351.3837540530258,0.05880587615422601,25.037718818115337,4.787782279227657,616.5325733776842,0.22755482071263536,0.051781196429559626,ball,21mil_1796rpm,12800.0
SEU,DE,48,0.17581548561080965,0.030394193635029425,0.2099322824794194,0.7501457379197184,0.00952778595228169,11.334771781712535,6.343543647741297,9.035697642577865,4.277975804600117,0.03185227578047031,2.953720399201597,1.5886155688622754,3425.0,0.25043030474424544,0.14015417332224897,1.424392759683327,0.043728111477543186,3323.1063521351452,0.04509980136633922,31.060948516448754,5.141393043066492,561.4467934876848,0.24839639703888725,0.061700770061900514,ball,21mil_1796rpm,12800.0
SEU,DE,49,0.13447986942131362,0.044966348467857575,0.2291750521618349,0.7100613131312967,0.01579728617854011,14.91264467475756,7.9309238471075165,11.813036223921978,8.695314028372119,0.03193698316258109,2.953720399201597,1.5886155688622754,3425.0,0.20030649637893808,0.10652809099322968,1.4894905627205468,0.03245309318491051,3277.2188804634816,0.05454438947452892,46.051572928757544,5.840524750908895,654.8343876981917,0.19774408106964553,0.039102721598078545,ball,21mil_1796rpm,12800.0
SEU,DE,50,0.09281628972523703,0.11334457255476842,0.1437006017793265,0.7327233175346183,0.010231508008443854,6.826554161012493,4.503473676032366,5.74198410921539,0.7105771811056494,0.03194166269024451,0.9676260678642714,0.5329496606786427,3425.0,0.11834190649653804,0.07807008457098322,1.2750122510484334,-0.02486393241986209,3163.96323974507,0.06001013308780786,36.63022913389428,5.570023893807322,914.337773456136,0.11394971267106378,0.012984537017817994,ball,21mil_1796rpm,12800.0
SEU,DE,51,0.09304709354728044,0.11568004519364479,0.1384409910311271,0.7352864292905168,0.010592534414948044,6.805848193364981,4.496965327183026,5.7277410863761435,0.6907937610768022,0.03151114614520958,0.9676260678642714,0.5329496606786427,3425.0,0.11851317986756443,0.07830760333417591,1.2736902932636343,-0.010868655000846838,3170.6135369706444,0.0572730900686392,54.61102365436984,6.841258074927209,930.8079387884599,0.11424719458672464,0.013052421470936923,ball,21mil_1796rpm,12800.0
SEU,DE,52,0.09030354199803517,0.12271257571937594,0.14542663441179982,0.7197145676843333,0.012146221888981096,6.057997572581376,4.030625287485475,5.11929398352476,0.5417108979884855,0.031069604950255736,0.8940429540918164,0.46229037924151695,3425.0,0.1146944571297321,0.07631075676455416,1.2700992075396957,0.017352503685291853,3153.7779564640014,0.0664597388027531,48.36828172293161,6.342090160260255,959.4209103247609,0.11040606027079762,0.012189498144518997,ball,21mil_1796rpm,12800.0
SEU,DE,53,0.09019607148983283,0.1230634293774637,0.15770293544978925,0.7082605677228468,0.01097306688816011,6.757965148610305,4.361073355565854,5.6422552897374425,0.9203874923706001,0.031007343438123752,0.9406618363273453,0.5089092614770458,3425.0,0.11669357976461148,0.0753051029838023,1.2937767447861133,0.04171436575132972,3134.6232827242206,0.06624575036201653,51.39144338381539,6.447628532630381,948.7265186084911,0.11249860537442223,0.012655936211189983,ball,21mil_1796rpm,12800.0
SEU,DE,54,0.09057796853558507,0.10079759099689505,0.14285626350190164,0.7469270315238463,0.00941911366839531,6.709252543745682,4.381156659566866,5.618466275020424,0.6406219051130444,0.03125535840428518,0.8901445109780438,0.5089092614770458,3425.0,0.1161586542142408,0.07585185654569636,1.2824162000123234,0.00886054556644269,3198.873964146325,0.06408921350454772,44.33959189474014,6.004243737722333,873.5934283394289,0.11187464198773214,0.012515935519883241,ball,21mil_1796rpm,12800.0
SEU,DE,55,0.09037072097991516,0.1117332236761341,0.17190381764336535,0.7067185409979331,0.00964441763216362,5.607995757027068,3.687106902523192,4.703876763641342,0.3603378024384698,0.03084268751559381,0.7986935329341317,0.4250927345309381,3425.0,0.11529167604010479,0.07580118690323151,1.2757635967707759,0.022607717391961688,3153.6350412842176,0.06487670102466933,44.89879385481545,6.086277381297678,918.3381170780369,0.11108959983253115,0.012340899190951906,ball,21mil_1796rpm,12800.0
SEU,DE,56,0.09244494144523452,0.11333233997964523,0.13764783245517598,0.7404294539376258,0.008590373416757715,5.522161383123116,3.5728738229516614,4.598334185573237,0.4842277999088136,0.030103956656998505,0.8112010379241517,0.4250927345309381,3562.5,0.11897781886396308,0.07697941169016007,1.287012755959686,-0.01588811059749989,3161.560028948319,0.06123189150170602,45.736967835852184,6.159240543653175,915.6143550081605,0.11510635592885202,0.013249473175219566,ball,21mil_1796rpm,12800.0
SEU,DE,57,0.11681512837606038,0.06962322644478795,0.16005112552813372,0.7578826942142559,0.012442953752830381,7.928676318019431,4.815435300975881,6.479877350765674,1.8705611023315152,0.030332063802083337,1.470850099800399,0.7569477045908183,3425.0,0.1571919582093477,0.09546961866390108,1.3456472667076398,-0.03460740996758899,3272.3590203443036,0.06083936431261279,43.67242496365647,6.006255342781852,764.7424731168786,0.15423773089356466,0.023789277631195666,ball,21mil_1796rpm,12800.0
SEU,DE,58,0.16057918148078842,0.026318608322641556,0.1846225427653047,0.7788668165709445,0.010192032323055794,12.82468487836269,7.340083043810379,10.335086436827028,5.968378849453547,0.030245770139408684,3.181292015968064,1.6595997205588824,3425.0,0.2261009460864835,0.12940666661984768,1.4080339929590067,0.015239879288041337,3325.004506183049,0.04253335578101151,46.47741877728726,6.20334393310499,521.7911659402101,0.22406880909639562,0.050206831209876984,ball,21mil_1796rpm,12800.0
SEU,DE,59,0.14253722291744636,0.02753689163300827,0.18341691722663495,0.7771654229573012,0.011880768156041758,14.592889773627423,8.015591774491638,11.643272449050567,8.807588354458076,0.02994715282325973,3.181292015968064,1.6595997205588824,3425.0,0.20704643739970616,0.11372659879595239,1.4525780225115075,0.033222551295751135,3310.6376983442415,0.04286010620864182,45.59236731166809,6.3691415896262935,540.5938927668963,0.20486921505607125,0.04197139527769077,ball,21mil_1796rpm,12800.0
SEU,DE,60,0.0961544585438498,0.11649353942556767,0.1372976847712862,0.7364685388164446,0.0097402366110891,7.626923607906188,4.938624461033919,6.385609151333882,1.0916809829249337,0.0296743918803019,1.1864261876247504,0.6140047904191617,3562.5,0.12432708647189131,0.08050490892326163,1.2929934644184369,-0.009274031980731257,3182.754263738913,0.0655521146922805,58.15812751509385,6.994520049684774,926.0481077510266,0.12073381836554087,0.014576654897123413,ball,21mil_1796rpm,12800.0
SEU,DE,61,0.09372284906749002,0.11596452649941409,0.1325329772847062,0.7432284308613669,0.008274064761113281,7.000663692557603,4.537607760910835,5.85455813307968,0.929938905451575,0.029010374836264972,0.9879304590818363,0.548705868263473,3425.0,0.1209240412955683,0.0783791212320057,1.2902301039577941,0.07814863222166919,3166.3037241822785,0.058511527503777444,47.05743134135701,6.257375628341399,924.1452341126266,0.1173925973607864,0.013781021915111713,ball,21mil_1796rpm,12800.0
SEU,DE,62,0.09579619707849925,0.1060646280878169,0.16724433279642403,0.7189202331409114,0.007770805430613903,6.839740823007134,4.466536228334169,5.72784604188245,0.6905223908594493,0.02897761814262101,0.9879304590818363,0.548705868263473,3425.0,0.1228481848602664,0.08022319594592929,1.2823910406338956,0.07722491079160541,3168.378811744746,0.06109850417726269,47.371901794376065,6.35131052704287,895.2699295974907,0.11938163246598125,0.01425197417024263,ball,21mil_1796rpm,12800.0
SEU,DE,63,0.09371832816788297,0.12043138021153552,0.13148995748485165,0.7402533933771955,0.00782526852899502,6.358451572128873,4.180995528165031,5.345271836501184,0.5764511207882212,0.029011564546687872,0.8920937325349301,0.5009499401197605,3425.0,0.11981594736113459,0.0787848951017547,1.2784686806032377,0.02048390849849425,3161.9363622578226,0.05870655582848315,48.128932026155496,6.39764104552161,942.0112965437922,0.11625054995396597,0.013514190364599537,ball,21mil_1796rpm,12800.0
SEU,DE,64,0.09292653622442615,0.11521612133691299,0.1538912525021365,0.7226215959548934,0.008271030080550286,6.499596127747275,4.155460160808731,5.39081688044328,0.6999936016469857,0.02875085933601547,0.8920937325349301,0.5009499401197605,3425.0,0.12055221822226929,0.07707401048830814,1.297285179457508,0.030295049854203573,3166.4155952101423,0.06122630998164552,50.888132662700556,6.358313982212378,914.3110581762749,0.11707358970216249,0.013706225405750287,ball,21mil_1796rpm,12800.0
SEU,DE,65,0.09165489441039795,0.09383097495588302,0.15949677864510775,0.7381688540982614,0.00850339220608381,6.000560536802174,3.933249406462958,5.033182040420736,0.5179911875381809,0.028399101620976794,0.9008652295409182,0.46131576846307387,3425.0,0.11728617252317086,0.07687877917967291,1.2796498569733241,0.04522647869675018,3219.8919187981483,0.05828073319660623,76.72828284597915,7.800738340830694,843.5368425026048,0.113796033728142,0.012949537292256431,ball,21mil_1796rpm,12800.0
SEU,DE,66,0.09510814788391965,0.1087159171728304,0.148213500794273,0.7356117183834682,0.007458863621563005,5.7011530754158395,3.850584678154823,4.850433729674916,0.32059104329295396,0.028233414616080338,0.9008652295409182,0.46131576846307387,3425.0,0.11980408354092699,0.08091622209765446,1.2596616189724243,0.03637918905527051,3174.459229958952,0.05868147303575554,102.41072186014917,8.922731728926022,882.7587580123096,0.11642977596902741,0.013555892732197913,ball,21mil_1796rpm,12800.0
SEU,DE,67,0.09524369555810254,0.1251774911004235,0.16331048777459786,0.6999320065413538,0.011580014091284748,5.858118473450411,3.8796209551364496,4.925393244579016,0.28149990438759964,0.028157828347211825,0.9286416367265469,0.46911265469061875,3425.0,0.1209171360077159,0.08007906579846158,1.2695552739651048,0.057569115115936965,3122.777016372983,0.06979329902163714,106.37279266411362,9.187785734303555,952.3930681758623,0.11759290149952684,0.01382809048307742,ball,21mil_1796rpm,12800.0
SEU,DE,68,0.0989882694571794,0.08993109478524532,0.1554189601677972,0.7411432721955862,0.013506672432415824,6.836998328463835,4.305348137137495,5.649802292366923,1.3073707024566827,0.0283245464344748,1.0948127744510978,0.5592641516966068,3562.5,0.129899867300498,0.08179966190254497,1.3122753636650897,0.0330090502722906,3235.6221244861,0.07249516955784528,32.14288022140456,5.211016246201893,850.8258564061824,0.1267741913560022,0.016071695593968267,ball,21mil_1796rpm,12800.0
SEU,DE,69,0.09916458454185378,0.10743695659208996,0.1592722538210513,0.7179452759578948,0.01534551351517938,6.784282123177317,4.328960637115427,5.6397569180614235,1.210468482394969,0.028133478940556386,1.0948127744510978,0.5592641516966068,3425.0,0.12919132294750285,0.08243527340733345,1.302796996976031,-0.019923177098475374,3178.147970250943,0.07735959985627627,42.902010150095364,5.932720456857891,905.1107535976741,0.12609086123755064,0.01589890528762725,ball,21mil_1796rpm,12800.0
SEU,DE,70,0.09105559761336701,0.1171675441598242,0.12630785877014622,0.744602303572142,0.011922293211590369,5.7912981334291675,3.776305443747459,4.846887605734649,0.566278590609814,0.0275236333777757,0.8173735728542915,0.44133624750499,3425.0,0.11686984913673323,0.07620679117820932,1.2834998857838111,0.029235121529844286,3167.517863050393,0.06624707473919665,89.38942050834706,8.286000317891617,915.8731208320831,0.11358261857752963,0.012901011242928579,ball,21mil_1796rpm,12800.0
SEU,DE,71,0.092165756065993,0.11006175095162082,0.15635376802317438,0.7204665402220006,0.013117940583537716,6.280200219648462,4.044473010874162,5.225586814866321,0.7028319176919164,0.027149033222617268,0.8576574850299401,0.4816201596806387,3425.0,0.11908106652850246,0.07668866323303267,1.2920315701987777,0.05642513353645341,3171.5038805174154,0.06586389766023887,76.04738450415464,7.5721250997933796,896.69295741675,0.11594494555884208,0.013443230400642854,ball,21mil_1796rpm,12800.0
SEU,DE,72,0.09157708734874001,0.11262176190324369,0.12817053809225648,0.750560464348927,0.008647235648849961,6.303966739595768,4.0879798267742915,5.259177525995701,0.6277319882859342,0.027146177917602297,0.9117483832335329,0.4816201596806387,3562.5,0.11781373198719317,0.07639954009521342,1.2864979155598153,0.0730043764433129,3185.1242351410588,0.059800667747608484,44.582966630286144,6.294990344667044,900.8860929592394,0.11464362376170803,0.013143160469216065,ball,21mil_1796rpm,12800.0
SEU,DE,73,0.09401654891389097,0.1371072273683567,0.15690396074531898,0.698798476454081,0.007190335429696993,5.581758144537729,3.5987177270435753,4.654502261317343,0.6380129821511642,0.026954317283401946,0.8677284630738522,0.43760023952095806,3425.0,0.12159893404044672,0.07839828028901444,1.293377979145121,0.06076637619385015,3096.9796057226367,0.05954906297601177,47.928559315887036,6.291337224838518,970.9617995102612,0.1185738821982253,0.014059765539558611,ball,21mil_1796rpm,12800.0
SEU,DE,74,0.09288219968266592,0.1194842166200687,0.12843202585725433,0.7441335911442679,0.007950166204247223,5.615007505096649,3.6579970659765966,4.695607176007562,0.4150059241285664,0.026548388087107036,0.8165613972055888,0.43613832335329344,3425.0,0.11922872421354856,0.07767368484501898,1.2836552603286326,0.04912363646855692,3162.2018894764433,0.05984092983675913,61.86242181609407,7.091272656432835,932.0654815053012,0.11623541528969032,0.013510671767566774,ball,21mil_1796rpm,12800.0
SEU,DE,75,0.09473108899388721,0.11659119219943462,0.13916732634330145,0.7357111809425851,0.008530300287170835,6.046373300677837,3.946832678666638,5.061786031246337,0.5390129656724509,0.02629513839508483,0.9476465469061875,0.47950850299401193,3425.0,0.1214919764868281,0.07930514362059914,1.2824931896926435,0.040252110390499085,3155.633278753796,0.061336810908697005,113.59626007446852,9.554657427834531,919.1976133201784,0.11861225083210977,0.014068866047459324,ball,21mil_1796rpm,12800.0
SEU,DE,76,0.12509194378820485,0.061454691937376266,0.17980584372450983,0.7416992873225758,0.017040176792989806,8.208979800497602,5.1531798566787135,6.805574277520601,1.5767894211802487,0.025638180299557136,1.5834176447105788,0.8513225149700598,3425.0,0.1652033382585539,0.1037062504305901,1.3206552976605936,-0.00647743277022705,3296.4631944403104,0.08255565264393314,50.94690102359552,6.183345645929321,754.3191851366596,0.16320179742483715,0.02663482668269758,ball,21mil_1796rpm,12800.0
SEU,DE,77,0.181823205990363,0.022319886652000596,0.16158551155179268,0.8059058880629206,0.010188713662777465,10.9653762940722,6.359857565995743,8.897950530590238,5.1732832212448265,0.02572717063919037,3.1702464271457087,1.6178538922155687,3437.5,0.2543852398308022,0.14754203128351995,1.3990801583615522,-0.05459139501091498,3361.123062596246,0.04370378637534654,65.8010251114915,7.3391244242691975,508.8385140962549,0.2530809414686865,0.06404996293467671,ball,21mil_1796rpm,12800.0
SEU,DE,78,0.21263615074538422,0.018126622610850476,0.16005939911472947,0.8144630743868152,0.0073509038821888235,9.563057986501342,5.347751594153294,7.608555208247853,3.56956429805257,0.025684420377994014,3.1702464271457087,1.6178538922155687,3425.0,0.30252973866332367,0.16917746336990086,1.4227577841435826,-0.04753917335615448,3338.462763844633,0.02868690648535592,39.3558338025107,5.934584945785306,444.8455433685531,0.3014374783027907,0.09086455332554542,ball,21mil_1796rpm,12800.0
SEU,DE,79,0.16136534212824352,0.03560696102928871,0.22083867889957884,0.7330812106825754,0.010473149320596321,9.721172751020372,5.1943099725437225,7.640318661182632,4.8415662159235495,0.024856857807821858,2.4534201996007985,1.2328826347305388,3475.0,0.23735253407042625,0.12682447543184855,1.4709015637434255,-0.0206900147051879,3284.798674113684,0.043120736905394565,75.45707807362385,7.864140266418574,587.656569079318,0.2360473724691181,0.05571836204957458,ball,21mil_1796rpm,12800.0
SEU,DE,80,0.10387155485903193,0.09231052233555205,0.17946229346079012,0.7191548638237234,0.00907232016833212,6.972909532240074,4.471339518442214,5.806417719895177,1.0661605728053418,0.024665393743762476,1.1372083433133733,0.603121636726547,3562.5,0.13488611952613938,0.08649497515175589,1.298585736096841,0.0458916780352214,3193.884326402172,0.06015790919830016,62.77723826456776,6.979541089048161,841.9077424796158,0.13261177772839458,0.017585883592285127,ball,21mil_1796rpm,12800.0
SEU,DE,81,0.0936052263636789,0.09617215807200245,0.13871283758820055,0.7580615131296563,0.007053491058379256,7.25069906558495,4.7492977942458285,6.084035977410321,0.8212031078817987,0.02437724587933508,0.9981638722554891,0.5694975648702595,3425.0,0.1199119511015404,0.0785438148403302,1.281039059033451,-0.0198951711037863,3211.8848255685907,0.056056574744491765,41.29151149573165,5.965287948344021,844.249131503099,0.1174079464956127,0.013784625900316656,ball,21mil_1796rpm,12800.0
SEU,DE,82,0.0909340092081462,0.08686721068878449,0.15155311002991792,0.7528771699529346,0.008702509283822728,6.212460863615771,4.092396582619468,5.219559252197547,0.609320422475792,0.024106388473053894,0.903301756487026,0.47463544910179645,3425.0,0.11597982735045463,0.07640055358442122,1.275428504257181,0.005697362120733963,3241.0474307969475,0.05490795721792335,57.92084752167556,6.873882110744051,815.5319766759648,0.11344691440064592,0.01287020238702748,ball,21mil_1796rpm,12800.0
SEU,DE,83,0.09295715143930888,0.11565631120805142,0.14716512104995674,0.7280882067579078,0.009090360850244854,6.535015278998728,4.268336143079561,5.474664978404694,0.7836785049178245,0.02411574752838074,0.963402754491018,0.5089092614770458,3425.0,0.11922895583145732,0.07787422672331061,1.2826227351566504,-0.0060324271277656565,3156.6570724598823,0.06040622313277823,51.04161831794311,6.2922157637888185,918.8626253957195,0.11676461206121912,0.013633974629806998,ball,21mil_1796rpm,12800.0
SEU,DE,84,0.09698487641903693,0.11213319131198186,0.11695057992506941,0.7624184098859801,0.008497818717731616,6.284340089772588,4.077852598192218,5.247305355922001,0.6378208362182134,0.02367190622660928,0.963402754491018,0.5089092614770458,3425.0,0.1247983464882115,0.08098054118765266,1.286781517862667,-0.015358406217470455,3169.96357443992,0.054654099083863636,103.02206399142092,9.038559227881931,908.1465362052072,0.12253272273882723,0.01501426814179031,ball,21mil_1796rpm,12800.0
SEU,DE,85,0.09390336779565868,0.12882730166078143,0.14078906520199652,0.7225399066824877,0.007843725986048124,5.748003350270239,3.819328870151149,4.836553080213253,0.17873356509403582,0.02355023850736028,0.8758502195608782,0.454168622754491,3425.0,0.11891320129667635,0.07901328427951221,1.2663358523566597,-0.019864600581111835,3117.5596937997266,0.06498880619952724,79.74865064076674,7.684836317372208,966.9878306844399,0.11655786420859948,0.013585735708870315,ball,21mil_1796rpm,12800.0
SEU,DE,86,0.09619831920144087,0.09992284600467173,0.12870521316588307,0.7639529998438708,0.0074189407845973365,6.736649260617224,4.459452567636258,5.6616892534209935,0.3789401143587434,0.023367102416261228,0.9694128542914172,0.5446449900199601,3425.0,0.12213270166222452,0.08084805501215285,1.2695928855729446,-0.06526478596677733,3200.5199724453996,0.05861977967491015,50.40057220933139,6.527050283979825,875.4095318021052,0.11987650036592619,0.014370375339981903,ball,21mil_1796rpm,12800.0
SEU,DE,87,0.12411209828390096,0.063343051072027,0.1567677435257367,0.7700482797819923,0.009840925195876662,8.572736241230494,5.298397010360523,7.049075963418133,1.6643598722397464,0.023153430424307633,1.5629508183632734,0.8748756087824352,3425.0,0.1651208105152742,0.10205325162982727,1.3304167184214999,-0.02053106683553633,3261.209539964928,0.0632342402983933,74.3408901788921,7.800957522040282,734.262068440254,0.16348945141753898,0.026728800724807836,ball,21mil_1796rpm,12800.0
SEU,DE,88,0.15678321209144214,0.04401275940710747,0.1689049380209097,0.7654735684902066,0.021608733787072287,6.741463195729662,4.281604522646481,5.580161275635642,0.651372115776625,0.023518671524139223,1.5629508183632734,0.8748756087824352,3487.5,0.20433358666242957,0.12977532968460315,1.3032874115581596,-0.013407077234187069,3338.877643842558,0.07484450163614058,76.81223448934624,7.629022352870569,672.9131497983303,0.20297558160545384,0.04119908672807225,ball,21mil_1796rpm,12800.0
SEU,DE,89,0.14912179422405192,0.05889254203816765,0.22592706004780372,0.6925123821045528,0.02266801567474828,5.983890345676127,3.7860648974937168,4.943144780399799,0.6650524337577957,0.02303755262911677,1.4050638722554891,0.7371306187624751,3625.0,0.19469571671907623,0.12318585003736156,1.3056154382541199,0.00792519427935281,3273.3896681833157,0.08164221964782852,32.38124281639272,5.199645481053956,755.3694245838666,0.19332794230947437,0.03737569327761545,ball,21mil_1796rpm,12800.0
SEU,DE,90,0.11520156378648953,0.07657059354549446,0.18560019067764352,0.7223589088386098,0.015470306614445126,7.739322747888441,4.875311779489294,6.3986164296228365,1.346234745967461,0.022529784220621258,1.2786893413173654,0.7371306187624751,3475.0,0.15119661102775503,0.09524484800218341,1.3124527659014893,0.03165084824140247,3221.67568016038,0.07114270735867978,54.62444930569784,6.855817411442738,809.6930763715064,0.14950860847874445,0.022352824009250493,ball,21mil_1796rpm,12800.0
SEU,DE,91,0.09489796570920658,0.12458068468057172,0.17091416262123563,0.6948542757978413,0.009650876314319688,5.687013666159502,3.737456711180257,4.768745758405462,0.47231707652973887,0.022572137911676646,0.8868958083832336,0.45254427145708587,3662.5,0.1210834817439735,0.07957502795358914,1.2759333758007683,-0.05702402788232967,3117.4923273825043,0.0701236155080313,40.08415125767058,5.75531486811272,969.0956107067225,0.11896095217061527,0.014151708141339413,ball,21mil_1796rpm,12800.0
SEU,DE,92,0.09189450208957087,0.10183659166780823,0.13181180068308357,0.7571490084230607,0.0092025989839038,5.593970552325401,3.730119577345498,4.726632464940929,0.3406371453667183,0.02248806504179142,0.8537590419161676,0.4343515369261477,3425.0,0.11644440021819612,0.07764637530056155,1.2671530675980607,-0.0796675505584644,3208.957304174336,0.059579894345656255,56.989570055216944,6.940647421602349,886.1983860712852,0.11425228782327113,0.013053585272851588,ball,21mil_1796rpm,12800.0
SEU,DE,93,0.09267756948992639,0.11273353674785018,0.1561409093072578,0.7201801432735495,0.010945410534190186,5.668436546966419,3.785870455388102,4.784846070437975,0.19711884348181385,0.022348393038142466,0.8180233133732534,0.4434479041916167,3425.0,0.11713235025263363,0.07823107844947776,1.2638694659052896,-0.050984319965679974,3179.977777957686,0.06691969325549672,52.50077431374634,6.658583293427592,916.1296214755688,0.11498059316388286,0.013220536804318344,ball,21mil_1796rpm,12800.0
SEU,DE,94,0.09175102301256861,0.10582445537766855,0.1407186317541639,0.7444489394237793,0.009007973136574095,5.834027228678498,3.8389328677979853,4.90044060936699,0.5425415511117055,0.022083801440088573,0.8393023153692615,0.4496204391217565,3425.0,0.11712120388801149,0.07706862198234937,1.2765111498753263,-0.08912194740016113,3191.0615650267227,0.057956913004249176,69.9641625221094,7.5918067068743404,898.7717702869901,0.11502035521650895,0.013229682114131898,ball,21mil_1796rpm,12800.0
SEU,DE,95,0.09363814168537923,0.12004955338282307,0.12947397354404264,0.7412280148809052,0.009248457963317412,6.241290577194931,4.094208446290808,5.2336235812298835,0.6713172678667956,0.021745368481786428,0.9487835928143713,0.4900667864271457,3425.0,0.11969756617329216,0.07852010419412325,1.2782992487769744,-0.05846610887936952,3162.4823648936995,0.0614643147869637,52.60323323136589,6.662731322822157,953.1775433193277,0.11770576153018589,0.013854646297400987,ball,21mil_1796rpm,12800.0
SEU,DE,96,0.09210595328873503,0.10932344049340659,0.13494292913927197,0.7478622354702821,0.007871394745010763,6.6645095615855725,4.2743842741435305,5.541131266996303,1.0046243015440686,0.02158166432759481,1.0004379640718564,0.5103711776447106,3425.0,0.11940226823592621,0.07658045546014443,1.2963577702911593,-0.049803180699780826,3182.6421599420655,0.05753044345592353,54.811958307406364,6.860349017291245,911.2782558365155,0.11743565653043839,0.013791133424735095,ball,21mil_1796rpm,12800.0
SEU,DE,97,0.09215044845855164,0.10835471222982503,0.15712095512682195,0.7243405570834138,0.010183775295101092,6.664911309725583,4.26325143852102,5.538455712174538,0.8922113697161174,0.021673430658214816,0.9645398003992016,0.5103711776447106,3425.0,0.11971406918043881,0.07657583933637135,1.2991154268151501,-0.10163700322685391,3179.41279342761,0.060835127655368235,50.595563459117805,6.541872499018737,906.6689210737611,0.11773580917988563,0.013861720763242442,ball,21mil_1796rpm,12800.0
SEU,DE,98,0.0938037493762475,0.0955019617502696,0.14125103066734251,0.7542612322201225,0.00898577518690921,5.651173554161449,3.6116613952572685,4.678914472794178,0.6125413027044511,0.021362757609780438,0.8544087824351297,0.4388997205588822,3425.0,0.12152294263665828,0.07766523472556992,1.2955019756111124,-0.11591452059521311,3207.366672624786,0.058405718295550586,62.61999068019071,7.16389862927547,854.2612085013765,0.1196305068716935,0.014311458174378306,ball,21mil_1796rpm,12800.0
SEU,DE,99,0.09159144318784307,0.10576211880508558,0.1512857249398574,0.7317549473641312,0.011197208766013345,6.967026859968303,4.453659835363942,5.788622222991959,0.9665873088398476,0.021178193866173905,0.9648646706586826,0.5301882634730539,3425.0,0.11904552279972867,0.07609964395565227,1.2997450270062956,-0.06871834180062121,3184.5086185502287,0.06403562617178342,46.43196679959481,6.211265187175492,897.2860798272965,0.11714657742856799,0.013723320603227474,ball,21mil_1796rpm,12800.0
SEU,DE,100,0.09427471607566118,0.10114587873119496,0.13168858714176718,0.7581590426961906,0.009006491346709599,6.712118112736216,4.399617656870705,5.623864865819863,0.5886767553458068,0.021189853028318363,0.9648646706586826,0.5301882634730539,3425.0,0.12050780427364646,0.07898971003907454,1.278262181950584,-0.032656981050061006,3212.262137807694,0.05525639690477944,58.50050688208749,6.944252873224487,883.9931806519878,0.11863018595405536,0.014073121019493753,ball,21mil_1796rpm,12800.0
SEU,DE,101,0.09334483840911925,0.11325263696760204,0.13723721801118596,0.739116266230153,0.010393878717314545,6.374853093527598,4.228273159901797,5.3527379509933715,0.18770807824069857,0.020491255067989024,0.8659416766467066,0.49965045908183636,3425.0,0.11816891676256812,0.07837834876369662,1.2659394860661486,-0.014908711391125725,3172.2671709381157,0.06147138934419888,48.810453189013245,6.431632797402246,922.7525448793248,0.11637869802750572,0.013544001354577366,ball,21mil_1796rpm,12800.0
SEU,DE,102,0.09410315983267839,0.10800058448412878,0.11321378220095248,0.768999242351741,0.009786390791174491,6.3388177793300375,4.152199915159025,5.309603417889981,0.36730340107588644,0.020208341929422405,0.8682157684630739,0.49965045908183636,3425.0,0.12033391197222744,0.07882391898235722,1.2787446477481632,-0.03722552223859497,3197.3277856572868,0.05534962484980255,56.52547100783366,6.81630833639605,904.5455903871283,0.11862492692096097,0.014071873287003331,ball,21mil_1796rpm,12800.0
SEU,DE,103,0.09697361382703343,0.09376206729072543,0.16095252534760615,0.7343945950248777,0.010890812295530397,6.1836754216113485,4.064726968643963,5.194313354391349,0.43413203251193844,0.020353724543101297,0.9482962874251497,0.5037113373253493,3662.5,0.12392255155415591,0.08145824335554981,1.277899695222144,-0.08572653993434012,3217.830546897955,0.05655011123351256,36.74639356577192,5.63635685153466,858.3689089596288,0.12223961993116629,0.014942524680915985,ball,21mil_1796rpm,12800.0
SEU,DE,104,0.09416359712216192,0.08990441008848232,0.15865239514125973,0.7419160499747237,0.009527144631908943,6.607422455057982,4.2942663296929275,5.530449577796963,0.6894010979005261,0.0200506656413735,0.9653519760479041,0.5207670259481038,3425.0,0.12127031394099455,0.07881545784157581,1.287868323293407,-0.027047159690412263,3220.2348376857312,0.05625416747463254,62.80762813108542,7.026883431492075,839.3174052963665,0.119601253549807,0.01430445985068522,ball,21mil_1796rpm,12800.0
SEU,DE,105,0.09235499933726296,0.11377476669632511,0.18345433260068517,0.6925916600327731,0.010179240662823788,6.893512158123626,4.482578605022802,5.772422712727861,0.8327550523313483,0.01980169890687375,1.0631379241516967,0.5331120958083833,3662.5,0.11892978189183845,0.07733533844284875,1.2877460099104048,-0.010077307249242863,3160.857339476117,0.060749933546797696,36.742622395165355,5.612960565576235,927.281192306504,0.11726971365720043,0.013752185741241782,ball,21mil_1796rpm,12800.0
SEU,DE,106,0.0910245858283433,0.11576854809100512,0.14327984725065562,0.7310766291337394,0.00987497538215229,6.94518059912219,4.582847631499351,5.856792326567032,0.8049848200229355,0.019552652858345808,1.0631379241516967,0.5331120958083833,3425.0,0.11632769375620006,0.07676000475434203,1.2779810278464112,-0.029097857294924995,3165.9588838440627,0.06032306532087349,57.616798758648386,6.833853189672067,926.377718917751,0.11467269117290867,0.013149826100837286,ball,21mil_1796rpm,12800.0
SEU,DE,107,0.09276965307665917,0.122776463158797,0.1406817771464014,0.7249297992473834,0.011611960276679016,6.089902518976667,4.035375495020234,5.1302868379429745,0.43340132317332625,0.019238727934755485,0.9169463073852295,0.47593493013972055,3425.0,0.11794068004998236,0.07815148578432345,1.2713282430033817,-0.005244549803421853,3148.3493072223537,0.06267024263182742,40.911402110129345,5.98099388368563,953.095854453248,0.11636097008062783,0.013539875358104766,ball,21mil_1796rpm,12800.0
SEU,DE,108,0.09548560334409306,0.10341175010875056,0.11437273850720787,0.7733756899293753,0.008839821192319712,5.803683122274292,3.8893295504312095,4.9027081310382234,0.24271274027124656,0.01924562825520833,0.8743883033932136,0.4681380439121756,3562.5,0.12036471526571288,0.08066223362806998,1.2605535394897716,-0.021234510689427662,3217.9053089246813,0.05765415031796034,36.459409885880184,5.609645142462777,891.9933779508937,0.1188161204300934,0.014117270474058459,ball,21mil_1796rpm,12800.0
SEU,DE,109,0.09356128639205963,0.10139990113916973,0.15869823064293803,0.7309911609356965,0.00891070693805629,6.567468146872488,4.3433365483489315,5.5243851679042,0.5457674761348215,0.019070502880956835,0.9655144111776448,0.5168685828343313,3662.5,0.11900265546560349,0.0787013459791915,1.2719219674570765,-0.0500068074727392,3195.1490017672,0.061275227962762004,50.546288630925375,6.401849949550256,881.5947840378417,0.11746466672039105,0.013797947927732543,ball,21mil_1796rpm,12800.0
SEU,DE,110,0.09165449784025698,0.10840144189078625,0.14628224544374657,0.7365005853650176,0.0088157269154513,6.681792407912078,4.4534608130090705,5.639314981957269,0.41635696435512726,0.01874047720964321,0.9655144111776448,0.5168685828343313,3562.5,0.11605998223325528,0.07735478016681487,1.26627699641685,0.002544617174195067,3181.4736777070043,0.06118807557930896,36.99908567644866,5.73968828081056,894.9649732818446,0.11453695469121908,0.013118713989938373,ball,21mil_1796rpm,12800.0
SEU,DE,111,0.0902561122091754,0.11984629243569946,0.12854844658197212,0.7409963901092183,0.010608870572004549,6.9123298029966245,4.5850997342153255,5.827471815768406,0.7404006085966985,0.018819077411583084,1.0275646307385229,0.5259649500998004,3662.5,0.11471177958788976,0.07609083551999858,1.2709585731106665,0.025484095934615765,3173.8366954442827,0.06652921067360355,36.099137528854996,5.542674600779328,948.3799464685401,0.11315756581686195,0.012804634701597444,ball,21mil_1796rpm,12800.0
SEU,DE,112,0.0914990423449975,0.10153782482068735,0.1283847932503406,0.7619092765048304,0.00816810528662024,6.919180304545244,4.429655192694543,5.748310983590926,1.0268851744766598,0.018507611222866767,1.0275646307385229,0.5259649500998004,3562.5,0.11873722157138326,0.0760154999508094,1.2976881345236828,0.058770647612138245,3207.9619760351316,0.05632833669559395,34.777376050818816,5.522591031885056,881.3875149337132,0.11728595872189893,0.013755996113314978,ball,21mil_1796rpm,12800.0
SEU,DE,113,0.08990141987509356,0.11054392615694869,0.15498489264237506,0.7269089178197543,0.007562263187451127,6.603577523871677,4.244657316761012,5.499941331484172,0.7654051586063142,0.01849737971322979,0.8950175648702595,0.49445253493013974,3425.0,0.11648821047995545,0.07487646402918917,1.2957327108047993,0.0760706970537015,3170.347491857882,0.057494592360449105,59.331221814602834,6.785734607477606,904.021001138226,0.11501021747900053,0.013227350124566998,ball,21mil_1796rpm,12800.0
SEU,DE,114,0.09089006923652694,0.09891822757902392,0.13974694440213845,0.7537284838776358,0.007606343616089515,5.8296278208446815,3.87072024227101,4.9289882996844545,0.5315488888569897,0.018455105336202593,0.8274445508982036,0.4479960878243513,3562.5,0.11573972278645105,0.0768481456436166,1.2734033955377109,0.024026427059906867,3217.24584257491,0.06040953793217256,45.34333097288251,6.187749742905073,861.7275418400225,0.11425888375839405,0.013055092517714202,ball,21mil_1796rpm,12800.0
SEU,DE,115,0.09134398341987898,0.10927430552914774,0.13893289017776977,0.743080951046219,0.008711852821038344,7.025849118244425,4.5899050453988215,5.909222653960537,0.8425306155151002,0.01772073674915793,0.9811081836327346,0.5397719361277445,3425.0,0.11759980452511588,0.07682657669463579,1.2874389765174497,0.005460491369657604,3194.2445351202355,0.06178735526762755,50.876216427726284,6.49752642257933,895.9261975939922,0.11625699769653658,0.013515689513412511,ball,21mil_1796rpm,12800.0
SEU,DE,116,0.09120407347414546,0.09943199641918572,0.11230114516836631,0.7782041047777072,0.01006275359567747,7.064330113180681,4.585271064905709,5.918287589213427,1.0426454998153973,0.017525624239801647,1.0678485429141715,0.5397719361277445,3425.0,0.11771865359476723,0.07640808505262714,1.290717060221418,-0.004991092572492523,3223.516268918817,0.05619272311497875,53.88219795807345,6.551372293788298,864.4548139050601,0.11640676053893982,0.013550533899170079,ball,21mil_1796rpm,12800.0
SEU,DE,117,0.09239259418662674,0.12315825307359847,0.13587767063693484,0.7287525622603314,0.012211513986667791,6.780787009441051,4.484877529357681,5.715572892344038,0.6878272787265169,0.017632618863834833,1.0174936526946108,0.5280766067864271,3662.5,0.11774604843268878,0.07787836515896658,1.2744100267912144,0.011555993761033,3153.8887776792517,0.0636248521675902,44.00162339430657,6.001430309298923,943.7350804489548,0.11641830901329837,0.01355322267351583,ball,21mil_1796rpm,12800.0
SEU,DE,0,0.2061891099636664,0.18084680426368352,0.42242880618612483,0.3907151812436857,0.006009208288274052,9.060386859527219,5.134991438190072,7.191009576270699,2.508836861296113,0.015557684572261728,2.657926027944112,1.4827078642714573,3825.0,0.2887459272559307,0.16364730195955746,1.4003936837731732,0.1370068063277538,2902.97485513492,0.07014237531484406,23.29772102320883,4.3694161700883125,989.4772748542586,0.28832649714800274,0.08313216895763723,inner_race,7mil_1797rpm,12800.0
SEU,DE,1,0.202499183430015,0.18447148547836967,0.4282812299257049,0.38100414277059613,0.006243141783571577,9.218252540890374,5.185596543564202,7.3220436702841845,2.668938856099035,0.015303483111901196,2.6639361277445115,1.4827078642714573,3825.0,0.2859281187449172,0.16084478676348404,1.4119964036483919,0.14112655109294214,2896.3058250540125,0.07208331119407096,27.924495975026698,4.738140661322077,996.614809696051,0.28551828749425356,0.08152069249365122,inner_race,7mil_1797rpm,12800.0
SEU,DE,2,0.2021948555038361,0.1811850120151133,0.4331186696261492,0.3797589040947247,0.0059374142389621,7.446595667946851,4.251582898803737,5.953696217973988,2.4004803254843523,0.015594962165512722,2.38503500998004,1.203806746506986,3825.0,0.2831431904681194,0.16165866930155148,1.4003481431937201,0.11064314850137756,2895.848339586835,0.07013653305746745,29.310962644401435,4.82568977425006,988.0853378269367,0.2827133945597944,0.07992686346352199,inner_race,7mil_1797rpm,12800.0
SEU,DE,3,0.20379993349239023,0.17592473787736793,0.4115149056651426,0.4070081332468537,0.005552223175668477,7.9265930796934105,4.567871009954323,6.349956334460905,2.2543945126595926,0.015526990043350798,2.4664150099800395,1.2941206786427144,3825.0,0.2833093745034747,0.16326316560364787,1.3901347740825112,0.09605866691929912,2931.2751299358742,0.06937819783346083,33.92201692324888,5.0617325317783495,991.3608541673215,0.2828835701516505,0.08002311426174377,inner_race,7mil_1797rpm,12800.0
SEU,DE,4,0.20908787906608656,0.17805728553031572,0.4247039191453365,0.39145756224839007,0.005781233014727855,9.308957537528915,5.388856771135867,7.48285924869974,2.4959365068350063,0.015273264467159431,2.736869500998004,1.5645751696606787,3825.0,0.29033526703492185,0.16807200627493665,1.3885800952773326,0.11769635597499489,2911.8339869271936,0.06833385164958965,46.21607713067062,5.874478404795777,989.431313380149,0.2899332590041294,0.08406129467675558,inner_race,7mil_1797rpm,12800.0
SEU,DE,5,0.2097954395116018,0.18182783234840008,0.4068816419674848,0.4053959842911275,0.005894541347729148,9.296844502902303,5.34177759743924,7.463042186302041,2.7816316239615757,0.015622642761352295,2.6860273053892216,1.5657122155688623,3825.0,0.29310696430331334,0.16841329497122126,1.3971083689219297,0.16970188997898952,2918.354508693952,0.06774427655117636,55.91356423480563,6.354728161022546,1003.6153195895205,0.29269032364643516,0.08566762555625496,inner_race,7mil_1797rpm,12800.0
SEU,DE,6,0.20750500900542668,0.17570239548739305,0.40296647721528656,0.41557989163374254,0.0057512356288893125,9.447091930502582,5.382407956374846,7.54541889409482,2.680114378035797,0.014769382446045408,2.720625988023952,1.5657122155688623,3825.0,0.29089437817779223,0.16573483428413796,1.4018667769614408,0.08777098210582003,2933.778130285206,0.06907991187280006,37.0347725758263,5.149025757615874,996.5436929388275,0.29051919832879697,0.08440140459760687,inner_race,7mil_1797rpm,12800.0
SEU,DE,7,0.20771860168335204,0.1607461039044656,0.39912245076346636,0.43457577011453535,0.0055556751720252425,9.4142165283837,5.319769623645967,7.489958338090348,2.6600154429093177,0.014529298882703342,2.71071744510978,1.5558036726546904,3825.0,0.29245696387664283,0.1652610886911268,1.4079478751858086,0.09836485181749823,2973.8729769366864,0.06668654419479797,29.126349735655594,4.729416565601264,972.4564018453731,0.2920958322090903,0.08531997519392104,inner_race,7mil_1797rpm,12800.0
SEU,DE,8,0.2074083252050586,0.17171447136677248,0.40320384213837535,0.4198689924679552,0.005212694008131794,9.407615752406409,5.323083012241982,7.501163085505427,2.727599917144193,0.015191095133950849,2.7659453892215566,1.5558036726546904,3825.0,0.2922749220849395,0.16537704277055806,1.4091764243116844,0.12910363237762798,2942.9840363706326,0.0661935745901047,32.777685624277574,4.906971884563312,987.4971622948921,0.2918798737638289,0.0851938607083887,inner_race,7mil_1797rpm,12800.0
SEU,DE,9,0.2041636676256861,0.16869131026679415,0.4170838677163242,0.40843423199021955,0.005790589995557362,9.704908328700277,5.52041931698178,7.761198204588912,2.9013089696073955,0.014866938700723552,2.7946964071856284,1.5845546906187624,3825.0,0.28703520505125285,0.16327353509695364,1.405907370245246,0.15069430372094691,2944.5423335030164,0.0669146960002474,50.31810115621697,6.013056919096812,979.6158674133817,0.28664993122706955,0.08216818307248369,inner_race,7mil_1797rpm,12800.0
SEU,DE,10,0.20493420340958707,0.17295360384146968,0.408664906631771,0.41226011976512544,0.006121369707084981,9.670064559124116,5.517454055644112,7.732016736375765,2.782621074996082,0.014531043791323604,2.733458363273453,1.5845546906187624,3825.0,0.2871894672141099,0.16386185231035175,1.401374013883496,0.15658150915469024,2935.4347219526276,0.06579463877291152,60.59215506567054,6.535418724619403,987.5580634249162,0.2868216150241451,0.08226663884505891,inner_race,7mil_1797rpm,12800.0
SEU,DE,11,0.20661455041089696,0.16922700408458788,0.4242335881205499,0.4006348582792486,0.005904549445110326,9.101129051972324,5.251188070429953,7.294914931522573,2.457611573974063,0.014321020244666919,2.6655604790419165,1.5072355688622756,3825.0,0.2870275352257317,0.16560973482027921,1.3891932327849923,0.11343908466363056,2928.181587793098,0.060305072050021134,75.38717885849304,7.336448926481595,972.2181166119759,0.28667004440106836,0.08217971435691052,inner_race,7mil_1797rpm,12800.0
SEU,DE,12,0.20699240244121134,0.1770962051133778,0.41063689667624537,0.4067797108232503,0.005487187359831311,9.148282921334227,5.246811659780101,7.300432258160927,2.410890119112442,0.014170164963042665,2.6694589221556884,1.511134011976048,3825.0,0.2880099591833607,0.16518225605506934,1.391403528760721,0.13875966431493536,2922.063448710002,0.054085946812491036,105.00070106856701,8.63519817595256,982.073404925552,0.28766116007156967,0.08274894301372124,inner_race,7mil_1797rpm,12800.0
SEU,DE,13,0.2100050664881175,0.16535349528655885,0.4178653742114125,0.4108964707087641,0.005884659775944474,9.02894935381237,5.1682348670566345,7.195702643019571,2.2339364448433807,0.014444432872536179,2.723549820359281,1.511134011976048,3825.0,0.292388804078607,0.16736543231776896,1.3922940477969417,0.12443411575426697,2942.941812765348,0.0641592153319931,84.8951326750013,7.730490502563994,964.9672812641838,0.29203179811367946,0.08528257110950885,inner_race,7mil_1797rpm,12800.0
SEU,DE,14,0.2081664086865332,0.17915894301358481,0.42392608543625787,0.3912188271834034,0.005696144363809905,8.982269903905088,5.14551400488232,7.171084190452968,2.339403322861795,0.014251858412082086,2.705194650698603,1.4927788423153694,3825.0,0.2901126769646233,0.1661917152663578,1.393657501203706,0.1596935248423906,2899.4834688923797,0.06638976338863,62.57403101836316,6.755521940507465,991.3109597080197,0.2897624024392775,0.08396224986738181,inner_race,7mil_1797rpm,12800.0
SEU,DE,15,0.20750025016373502,0.173467984111456,0.4259845404251252,0.3949272912164196,0.005620184235804833,9.01454770581534,5.17538899133546,7.194106229450048,2.228610828390214,0.014021292532123256,2.5861297005988026,1.4927788423153694,3825.0,0.2884379985378011,0.1655966434513812,1.3900609676865423,0.15269696737603158,2918.1756989940295,0.06495028114913934,85.5109460747243,7.878075152420374,980.1177616517248,0.28809700164392754,0.08299988235622119,inner_race,7mil_1797rpm,12800.0
SEU,DE,16,0.2100562240363024,0.17573261361377124,0.42726093161249445,0.3922429220531658,0.004763532683778896,8.087675157447142,4.693515526405769,6.47865362337884,2.0001792362855753,0.014286518642402693,2.454232375249501,1.3608815169660677,3825.0,0.2899492947897442,0.16826609507343604,1.380341363937088,0.1385160793880616,2907.3811263900434,0.05958301182652333,103.05235339154426,8.646917585757212,984.4501999461984,0.28959711485812534,0.08386648893415025,inner_race,7mil_1797rpm,12800.0
SEU,DE,17,0.21119533210921904,0.17544268557839798,0.43748868714074285,0.38144857416482664,0.005620053081093537,8.454091504563007,4.896158079919659,6.763665260363817,1.9770128421329867,0.014276525074850298,2.5172572055888223,1.4284545309381238,3825.0,0.2917500839681964,0.16896605982643204,1.381422974904193,0.12295384014025679,2896.8198312832583,0.05929242330237751,82.01718611956504,7.750172106982578,980.6122028585539,0.2914005702246254,0.08491429232723682,inner_race,7mil_1797rpm,12800.0
SEU,DE,18,0.21198886896129615,0.1681708504956632,0.4270894585788311,0.39922453169022565,0.005515159121225337,8.484715757678673,4.892031438715235,6.780490268742758,2.0360250766656742,0.0145186708029254,2.6052970459081837,1.4373884630738523,3825.0,0.29382240917309904,0.16940914747474184,1.3860275334868815,0.1409878763162516,2921.7275641651195,0.05301986556140846,91.89499858057064,8.238035056315073,968.6587543369493,0.29346348381084875,0.0861208163304003,inner_race,7mil_1797rpm,12800.0
SEU,DE,19,0.21105335999875247,0.16763727394580683,0.4366518525655775,0.38972636996346177,0.005984503352417364,8.484110455547082,4.934544146251151,6.810545271974578,2.025826578077889,0.014460533620259484,2.631773972055888,1.4373884630738523,3825.0,0.2912910332691741,0.16942123403568596,1.3801771896495556,0.11332779953536362,2914.85676752364,0.059750626876647533,90.86707381993885,8.18667675598125,965.4190763643462,0.2909318803954638,0.08464135903044046,inner_race,7mil_1797rpm,12800.0
SEU,DE,20,0.20916679652413922,0.1765776473653779,0.42736744783948283,0.3902442477183704,0.005810657010584446,7.804979916985863,4.563662218716206,6.275557618350993,1.9114734207689557,0.013777163953343314,2.50702379241517,1.3126382834331338,3825.0,0.28762827319906015,0.1681795850078305,1.3751143966383115,0.10756550079628263,2903.460840616001,0.06055544115657566,95.52291649247306,8.27222064572141,984.8354202266339,0.2872981261631824,0.08254021329687589,inner_race,7mil_1797rpm,12800.0
SEU,DE,21,0.20812302391311127,0.18114283113874075,0.42686562530778094,0.3861569330607037,0.00583461039671138,7.8958781431795835,4.54253298464575,6.307030614648112,2.051928889918214,0.014100765188373252,2.4139484630738526,1.3126382834331338,3825.0,0.28896615343685833,0.1662434829452103,1.3884391452888847,0.17725048914808894,2894.768425725496,0.06141673814242251,115.74978936660285,9.08749607449997,992.3499632521531,0.28862190882397737,0.0833026062531963,inner_race,7mil_1797rpm,12800.0
SEU,DE,22,0.21002719510198353,0.170545474170995,0.4185326993961395,0.40532912163230395,0.005592704673038581,7.772429881970319,4.477475816836502,6.215819513709354,2.1042994732797675,0.014347114559942612,2.4068013173652694,1.3054911377245508,3825.0,0.2915685513734226,0.1679643506019777,1.388241895207165,0.1553665469064178,2926.6813928430934,0.059680463231482725,111.36638594006801,8.900004401874106,983.3927462264513,0.2912153506493091,0.08480638045380004,inner_race,7mil_1797rpm,12800.0
SEU,DE,23,0.21130962362384603,0.17915490906487433,0.4333490484336514,0.38202407099563995,0.005471971400224327,8.889907351681972,5.137704265447738,7.119761730941385,2.1699739257018207,0.014135901302863024,2.7399557684630738,1.5044741716566867,3825.0,0.29283004507959465,0.16923395398176339,1.3857866009967619,0.13614122451550104,2893.0319905483166,0.060981720934031286,72.85570773413441,7.373178633193773,983.4299257486337,0.2924886520801673,0.08554961159567315,inner_race,7mil_1797rpm,12800.0
SEU,DE,24,0.21367571971291793,0.1712494864403529,0.44678285257233225,0.37667971561096464,0.005287945329691601,8.804293002794948,5.068075521043682,7.040922448643249,2.22286667111299,0.014898109113803643,2.7399557684630738,1.5044741716566867,3825.0,0.29685314778949196,0.17087961193239334,1.3892694415084985,0.1288971749596081,2898.0972764726844,0.05970859664255464,72.7503622817639,7.262726314480608,965.1345464286098,0.2964790678907419,0.08789983769736315,inner_race,7mil_1797rpm,12800.0
SEU,DE,25,0.21373393620961204,0.17481243924510328,0.459219763144727,0.3603596243906391,0.005608173212735823,8.631894532206516,4.9620440054651,6.893847032467573,2.1413220902508394,0.014173972036395959,2.5939265868263472,1.4734490618762475,3825.0,0.296943973139581,0.1706982234755826,1.389315980445724,0.17866169430282278,2882.1777402336015,0.05570705935178619,83.51150630859856,7.844044842616228,965.21343349185,0.2966054984329044,0.08797482170063166,inner_race,7mil_1797rpm,12800.0
SEU,DE,26,0.21150830526447106,0.1639367124074267,0.4278897107544281,0.4027952319809918,0.00537834484939489,8.783722400042366,5.097500049664685,7.031667366652667,1.9954043042254561,0.014065867015968065,2.6684843113772456,1.4872560479041916,3825.0,0.2917618505961611,0.1693195640947189,1.379434487129669,0.14696586229121508,2938.7946410959394,0.05439069666981951,103.61285325322224,8.707032240416892,966.3131734416013,0.29142259495170536,0.08492712884838574,inner_race,7mil_1797rpm,12800.0
SEU,DE,27,0.21588493265422282,0.17286617721263153,0.42564031650527995,0.39587905776055804,0.0056144484857300735,8.551134892404521,5.0122057413572065,6.889114629812032,1.9496701233167286,0.014781834748471806,2.6684843113772456,1.4872560479041916,3825.0,0.2967268553308572,0.17392498967888287,1.3744676466426526,0.13261223463730434,2921.2102200136696,0.05650984132436337,114.10703632505171,9.055209221993119,980.2095505369044,0.296358438442384,0.08782832403600832,inner_race,7mil_1797rpm,12800.0
SEU,DE,28,0.2164984266623004,0.173959006292934,0.4172238956774503,0.402602696546846,0.00621440145310751,7.865138475425976,4.616539358241708,6.341393504481916,1.8685533842952262,0.014648031982909182,2.524079481037924,1.3729017165668662,3825.0,0.29738763390284634,0.17455531404264435,1.3736249195321817,0.154534441209399,2922.774806781805,0.061957301716529946,98.32084389074946,8.321906962146837,985.7564101005622,0.29702666539784106,0.08822483995736102,inner_race,7mil_1797rpm,12800.0
SEU,DE,29,0.2148466327111402,0.16585991427427074,0.42730251380479223,0.4013961797519412,0.0054413920718033885,7.956044544789015,4.63515108364939,6.390147703235,1.9214648244752786,0.015031118739084331,2.524079481037924,1.3729017165668662,3825.0,0.2961935202953386,0.1725608383459942,1.3786277055296867,0.11733349284409408,2931.4573667373706,0.058586004406682435,104.53702883265386,8.700033349082092,968.1106864421604,0.2958118776087206,0.08750466693439668,inner_race,7mil_1797rpm,12800.0
SEU,DE,30,0.21375828561626747,0.17009188131571765,0.4409333106229888,0.3830455787300002,0.005929229318515141,8.188169370651353,4.775888802966109,6.5853018528523,2.0289812500816886,0.014488928042352795,2.5222926946107784,1.4076628343313373,3825.0,0.2947436367147191,0.1719142302279173,1.3788641495929383,0.10280533279132781,2913.0857012128577,0.06343836646255627,83.63586738216749,7.736853669714261,971.3836495590118,0.2943872999094931,0.08666388234800182,inner_race,7mil_1797rpm,12800.0
SEU,DE,31,0.212505361912893,0.17260804583962663,0.43704204749456793,0.3850506128737031,0.00529929377693955,9.600620261428794,5.575893081951909,7.712607551773957,2.404409639946664,0.013931271110123503,2.798757285429142,1.6389704590818364,3825.0,0.2939386453421906,0.17071505949115828,1.3832057821801105,0.13380755706595027,2916.4781956221923,0.06124337426967293,74.17959730169025,7.3522980823653565,975.2679502285376,0.2936083222779258,0.08620584691085836,inner_race,7mil_1797rpm,12800.0
SEU,DE,32,0.21319325247941617,0.17701932627401026,0.4153396912989748,0.40209142794654207,0.0055495544732409845,9.573399845662342,5.564166238996486,7.687722008181657,2.412988965674699,0.015001296664483533,2.798757285429142,1.6389704590818364,3825.0,0.2945581401927038,0.17120046018180735,1.3816485126382854,0.13681827027769006,2924.7575628579734,0.06769563502973162,56.04470431962762,6.189329446016632,990.6823005644164,0.29417589814967626,0.08653945905216871,inner_race,7mil_1797rpm,12800.0
SEU,DE,33,0.2095233923948977,0.18022642274685666,0.4397065118868799,0.37379185889830047,0.0062752064635632696,9.314202948781997,5.3926650957391615,7.4711817492866315,2.499981848480526,0.015375500249500997,2.703570299401197,1.5653873453093812,3825.0,0.2902808384199903,0.16806455194473557,1.385434032458226,0.13009685684069064,2894.514468686248,0.07157282336620313,22.605982588965343,4.24009841946049,992.295423189419,0.2898733501822652,0.08402655914589012,inner_race,7mil_1797rpm,12800.0
SEU,DE,34,0.2080993090186814,0.1944850210210155,0.44530934040822734,0.3539698932242207,0.006235745339616779,9.430588727940147,5.3603276975428376,7.522309193101904,2.808285543153289,0.014557851932853041,2.703570299401197,1.5653873453093812,2787.5,0.292032023718802,0.16599041591874159,1.4033300979994403,0.18702575627200374,2847.175291764883,0.07532898034291809,13.969317014412905,3.4946233934461657,1011.2511256291345,0.2916689421662856,0.08507077182440004,inner_race,7mil_1797rpm,12800.0
SEU,DE,35,0.2077212983603106,0.18706005126694425,0.4290346036360995,0.3772503838437001,0.006654961233341901,9.828899449807706,5.565299151199489,7.826897031775434,2.89248575128034,0.014359884118481787,2.800868942115769,1.6258132135728545,3825.0,0.29213402000545524,0.1654115215925484,1.406374899018412,0.15404050976950096,2889.6559164493847,0.0753330391411333,27.825246943406814,4.648862401270671,1003.4940190027995,0.2917808756115649,0.0851360793726515,inner_race,7mil_1797rpm,12800.0
SEU,DE,36,0.20710407659290794,0.17218283204665197,0.42312918161534246,0.3980719988175653,0.006615987503006075,9.832478851200205,5.584234325922943,7.850223135726188,2.936952830258127,0.014446653665325599,2.800868942115769,1.6258132135728545,3825.0,0.2911434439678793,0.16535130542125692,1.4057832600763456,0.12129805626831935,2931.2852455547422,0.07659531177663532,13.925308258819747,3.4216393497295967,987.1768269339739,0.2907847987143616,0.08455579916335178,inner_race,7mil_1797rpm,12800.0
SEU,DE,37,0.2076139864801647,0.17373303815990926,0.42621293118554826,0.39382070813808895,0.006233322494962168,8.766759611592327,5.040071135729936,7.0250807985880295,2.3813685207439423,0.014599015913485528,2.6044848702594807,1.4585050299401197,3825.0,0.28938183423652997,0.16636763120680662,1.3938455647552306,0.12448083069456799,2927.9904668786985,0.07407918587758021,20.546407144709175,4.06924950550895,986.6779101284826,0.2890133469590225,0.08352871472045631,inner_race,7mil_1797rpm,12800.0
SEU,DE,38,0.20731180003274702,0.17845403079786598,0.40985257408421333,0.4057873630145039,0.005906032046333118,9.647966489077778,5.5141869916493755,7.727178333543754,2.5590907607033246,0.014735277413922155,2.7141285828343316,1.601935249500998,3825.0,0.29051159344558886,0.16603864154322145,1.4013268583828782,0.1922953296524956,2921.382118390051,0.07234621904351736,29.832481379396718,4.708993770839476,999.3114671441682,0.29013765271992853,0.08417985752582985,inner_race,7mil_1797rpm,12800.0
SEU,DE,39,0.21001180818051396,0.17667533257461412,0.4210734004670017,0.39649994343507006,0.005751323523134784,9.454393208275254,5.4901868608343145,7.627834184085818,2.456132010904847,0.01455380691741517,2.687164351297405,1.601935249500998,3825.0,0.2917815531796964,0.16943818754003737,1.3893578447212735,0.1793789890607845,2923.818269551393,0.06593593797482983,32.319444248128335,5.0263882747213575,988.5687392736277,0.29141836160435497,0.0849246614801666,inner_race,7mil_1797rpm,12800.0
SEU,DE,40,0.2115376514549027,0.17720495326203203,0.42054867124934714,0.39657738033034506,0.0056689951452643115,10.042607869800989,5.77561525848927,8.048898237404812,2.5116668300711984,0.014697841192614771,2.997253013972056,1.7026450299401197,3825.0,0.2947989008508647,0.16954212013595832,1.3936001407943792,0.1479437272237511,2924.755471142312,0.06614593374521774,49.48908241075856,5.967823840440114,990.9767500068991,0.2944322764357784,0.08669036540715462,inner_race,7mil_1797rpm,12800.0
SEU,DE,41,0.20511059780828966,0.17312047864495528,0.42530010466580637,0.39552937380087216,0.006050042870278357,10.444376277090308,5.889687147896206,8.301107052164744,2.8062270028795853,0.014248051338728793,2.997253013972056,1.7026450299401197,3825.0,0.2890892142799646,0.1630202689723908,1.4094308990809292,0.18857321611257874,2930.9833062883185,0.06365390774576823,59.09413587428435,6.5624249075408505,981.9529692767037,0.288737886059409,0.08336956684605623,inner_race,7mil_1797rpm,12800.0
SEU,DE,42,0.2041441563747505,0.17481646017516092,0.4167938295534643,0.4023820853395297,0.006007624914571529,10.197706488422142,5.7421583148157715,8.088967905163893,2.73297858519903,0.01412662156156437,2.7401182035928144,1.6513155289421158,3825.0,0.28757749933181626,0.1619300899488448,1.4086981691697602,0.1988823365440371,2924.762312199422,0.06144146623108617,82.39490719345899,7.747655993904161,984.6419298957668,0.2872303199267047,0.08250125668519714,inner_race,7mil_1797rpm,12800.0
SEU,DE,43,0.20995462276618637,0.1727182974282526,0.4250576096152731,0.3964094928163701,0.005814600133514125,9.845095379762695,5.613550847812354,7.865106789199325,2.614692879973693,0.01454896876169536,2.7536003193612775,1.6513155289421158,3825.0,0.29416595194566497,0.1677297644405268,1.4010929984297589,0.16777508163227878,2923.4817381331695,0.052686944236184426,89.15594401257873,8.016828682777708,972.6056296965124,0.2938059475096964,0.0863219347920705,inner_race,7mil_1797rpm,12800.0
SEU,DE,44,0.21152543709456087,0.17600584910079967,0.41818669584422213,0.3997875697814737,0.006019885264085128,9.51390005088576,5.495577154144282,7.635452819265254,2.30149155663078,0.01421132894367515,2.7173772854291416,1.6150924950099799,3825.0,0.2938895132774214,0.1697613477513475,1.389381425298936,0.14034190726202217,2924.6943171951193,0.05438906345637083,86.69693633966368,7.917458491147799,988.7120100145453,0.29354571048491634,0.08616908414409433,inner_race,7mil_1797rpm,12800.0
SEU,DE,45,0.2086503828865706,0.17285392665529048,0.41522149123477775,0.4062708402863829,0.005653741817709307,9.70135993726252,5.54129809362264,7.740663940636039,2.3485729976686347,0.013904462968594062,2.668646746506986,1.6150924950099799,3825.0,0.29146464740252015,0.16648104033399244,1.3969044454664155,0.19862430361701938,2931.2929905466017,0.0568579690190035,104.5740856235456,8.725121492272391,983.8888748119523,0.2911327988994548,0.08475830659503039,inner_race,7mil_1797rpm,12800.0
SEU,DE,46,0.20915640638644584,0.17062705651109955,0.39757831754802325,0.42670619179105856,0.005088434135961315,9.999576512659694,5.670747157978802,7.954922647016554,2.5081716865842196,0.01377597424292041,2.765133213572854,1.6638230339321358,3825.0,0.2934045528006162,0.16638934977153258,1.4027997414456916,0.17323048974842642,2951.4094046116306,0.055816789563105054,94.37203805912873,8.27410905500212,987.1583637651645,0.29308096856975885,0.08589645413778799,inner_race,7mil_1797rpm,12800.0
SEU,DE,47,0.20911325955510857,0.1666864315560574,0.4046431898928368,0.42324342495908024,0.005426953525763494,10.002571320485728,5.6757813200973395,7.956564004941356,2.6170735280008772,0.014035331115113524,2.765133213572854,1.6638230339321358,3825.0,0.29314431619144926,0.16633953216854844,1.401844707576736,0.14912703321500193,2954.801456781314,0.05909251502266763,78.18666699709709,7.418863609417037,973.9950700071747,0.2928081276123351,0.08573659959584151,inner_race,7mil_1797rpm,12800.0
SEU,DE,48,0.20788849233174278,0.17525415495406943,0.40581563839417695,0.4134466116878506,0.005483594908593374,8.502305649538517,4.848625513229344,6.777490661295854,2.479301135703026,0.014175399688903443,2.510434930139721,1.4089623153692614,3825.0,0.2905900469163778,0.1657153216369887,1.3978168952837569,0.13415276494652495,2939.3731770924865,0.06342418642388084,55.66972606397128,6.2979150150749295,992.0122486944218,0.2902440928090053,0.08424163341052249,inner_race,7mil_1797rpm,12800.0
SEU,DE,49,0.21250028581508856,0.1700929399310655,0.4126534791099823,0.41146004094583527,0.005793539903122884,8.286988108844378,4.774404867945274,6.63040197788392,2.1606885100071223,0.013892407236308631,2.510434930139721,1.4089623153692614,3825.0,0.2951074226714305,0.17002103742197133,1.38873894470064,0.12721887516010874,2945.3134238389825,0.06979526048441273,55.149463692879884,6.13697063141749,985.2425064321168,0.2947802434644406,0.08689539193695488,inner_race,7mil_1797rpm,12800.0
SEU,DE,50,0.21119826672826222,0.17044203267444177,0.4150547615630937,0.40875450374163924,0.00574870195145251,9.16091476484773,5.30463994464237,7.376553574399384,2.3588376588572055,0.013652878871163922,2.7011337724550897,1.5579153293413173,3825.0,0.293689175061692,0.1700611095432687,1.3905851577824098,0.1512579627370752,2946.613242724279,0.06224907665044552,46.16326359492235,5.866413883760929,978.7708732876459,0.29337165924292435,0.08606693044694651,inner_race,7mil_1797rpm,12800.0
SEU,DE,51,0.2082581750171532,0.16968656726341905,0.4061228728372076,0.418025051268325,0.0061655086057836655,9.313178578398508,5.359122552747153,7.480692314781877,2.463511949859199,0.014072688022392716,2.7011337724550897,1.5579153293413173,3825.0,0.290703434005761,0.16728073194632287,1.3958800608034578,0.1414916287045447,2951.088947472057,0.06505300228894027,66.07397455383783,6.840908252358503,979.9858347446435,0.2903626112201194,0.08431044599456622,inner_race,7mil_1797rpm,12800.0
SEU,DE,52,0.20777578709767963,0.17186945070240026,0.41700743265668905,0.40567340126867574,0.00544971534727063,8.420850324481352,4.801372803555612,6.72331523938221,2.373314489727143,0.014389626879054394,2.501176127744511,1.3969421157684632,3825.0,0.29094639656682575,0.16589086160422906,1.4002901908394452,0.14626013758946893,2934.07511724808,0.05876386642958914,81.0452997187164,7.557625998089787,971.4003471367956,0.29059033761207925,0.08444274431350221,inner_race,7mil_1797rpm,12800.0
SEU,DE,53,0.20511202546079715,0.1722282805361281,0.43655531089700184,0.38531952553883864,0.005896882988845714,9.75961085529429,5.522217753450903,7.755406939087227,2.653807750204381,0.01423853365534556,2.8106150499002,1.5907272255489022,3825.0,0.2880594892432188,0.1629908455505663,1.4044007834064087,0.11975437205153802,2908.6284611858773,0.06474148458119135,75.65081153717317,7.44641056207954,972.5627176507119,0.2877073747793227,0.08277553350240965,inner_race,7mil_1797rpm,12800.0
SEU,DE,54,0.20522512726500125,0.17940038139174685,0.4261685919112408,0.38853822397433313,0.0058928026176929115,9.749303910173065,5.532058612341126,7.75113284980373,2.5983287805956046,0.013688252927738273,2.8106150499002,1.5907272255489022,3825.0,0.28754706647544326,0.16316315915529445,1.4011299216013742,0.13774255285647138,2903.445865673983,0.0641795078998383,69.12050998555277,7.0144418281842595,986.1367793369227,0.2872210771695198,0.08249594717041925,inner_race,7mil_1797rpm,12800.0
SEU,DE,55,0.2072460487033745,0.1735888791731004,0.4186830903942481,0.4021818618902733,0.005546168505139415,8.510989127056032,4.805579558129536,6.748338392051071,2.2238041012489758,0.013617187558476795,2.486556966067864,1.3985664670658684,3825.0,0.2910297187151822,0.1643247860134014,1.404271495336082,0.1522671544107438,2923.1967878743108,0.06803059993035664,49.34259699637096,5.948123778412017,988.5825153150568,0.29071097223606013,0.08451286937843532,inner_race,7mil_1797rpm,12800.0
SEU,DE,56,0.2058142718664234,0.1800997425841288,0.41605576341817435,0.3980011279348701,0.005843366057898879,8.018162375551421,4.5548866453412185,6.382516053425739,2.1375188291449394,0.014260900211296158,2.368304191616766,1.3136128942115768,3825.0,0.28839639633077424,0.16382966977782581,1.401245859752369,0.17458372369875333,2912.2518939441143,0.06814813071838519,40.78646378001957,5.425512610188947,991.0676138436702,0.2880435872255108,0.08296910814174045,inner_race,7mil_1797rpm,12800.0
SEU,DE,57,0.20322038588837948,0.17659044271631405,0.4005127004916864,0.4166098898272878,0.00628696694474168,9.445456198742622,5.381270162449891,7.544642644576491,2.64749519012842,0.014056904530782184,2.7958334530938123,1.5332251896207585,3825.0,0.2849188283315511,0.16232410138378084,1.402018931742631,0.1429755064981839,2929.175226864358,0.0731881667330362,24.08986126003949,4.3973096928455915,1001.9350602221211,0.28457185766135823,0.08098114217283633,inner_race,7mil_1797rpm,12800.0
SEU,DE,58,0.2070363424128306,0.1776327455777108,0.42242316156832593,0.39404129008189553,0.005902802764557514,9.287356814145882,5.279831097072486,7.405584796139349,2.6149761843996595,0.013408750292383982,2.7958334530938123,1.5332251896207585,3850.0,0.2903928480725241,0.1650873569631192,1.4026177466634364,0.16619882118823687,2908.334512157079,0.07345476356448034,15.466244280013889,3.5975369057582824,990.389533179229,0.2900831115857463,0.08414821162726854,inner_race,7mil_1797rpm,12800.0
SEU,DE,59,0.20701088260978046,0.17137303085990438,0.4221325428054781,0.4007989227932612,0.0056955035241907075,8.237282506541526,4.641859805235703,6.523742383188456,2.3112383129339076,0.013799847765406686,2.4158976846307385,1.3504856686626747,3837.5,0.2909363327042791,0.16394796070065643,1.40541564306404,0.18778165834172617,2930.128029326058,0.07628768267762344,18.97700373023268,3.8930970673677163,990.5051124532874,0.29060886753343673,0.08445351388906659,inner_race,7mil_1797rpm,12800.0
SEU,DE,60,0.2060934572456649,0.17056785590290072,0.42204543161303165,0.40260600463943663,0.004780707835680391,8.946040308772346,5.012220910300755,7.055630493421268,2.357120199751746,0.013037560640437873,2.6579260279441117,1.4541192814371258,3800.0,0.2901147629883441,0.16254334110379978,1.4076854591386916,0.04732079434702736,2929.5018258600426,0.06997162930523884,13.01907952962896,3.3563304075412494,984.3980110161533,0.2898216653673945,0.08399659771632999,inner_race,7mil_1797rpm,12800.0
SEU,DE,61,0.20519601901665419,0.17786803711225588,0.421505084853229,0.3946623112550063,0.005964566765612939,8.863075368798357,5.073848226790775,7.086488755510925,2.4921177099497536,0.012368229556511977,2.6579260279441117,1.4541192814371258,3825.0,0.28659100872571047,0.16406486698242678,1.396669438808411,0.0938687628157453,2914.19675910259,0.07411271948229371,30.30558401272014,4.582255366741311,992.1995130279895,0.28632400035634054,0.08198143318005768,inner_race,7mil_1797rpm,12800.0
SEU,DE,62,0.20822422861308632,0.17892492633497195,0.41886903211559806,0.3956395871387887,0.006566454371927698,8.214385650199693,4.759268115974624,6.609763251176812,2.280203543768775,0.013206420206462077,2.4794098203592814,1.3763128542914171,3825.0,0.2891858203306055,0.16754909166675888,1.388819265926823,0.1924398223283122,2913.5186170816887,0.07564448345279708,20.090618700372147,4.010562585872915,998.6435894911858,0.2888841102338715,0.08345402914561562,inner_race,7mil_1797rpm,12800.0
SEU,DE,63,0.21187513264486652,0.17729691412195492,0.41068018142803747,0.405811280662294,0.006211623784127913,8.309338674372137,4.727161141017567,6.615465991850547,2.1109576825528507,0.012822143739864022,2.515307984031936,1.401652734530938,3825.0,0.29651046213948584,0.16868403003646357,1.3994585321934898,0.16830000404246123,2926.949339979754,0.07182023925402133,20.095670954085904,4.015586240089007,989.0386128048902,0.29623309536256365,0.08775404678808572,inner_race,7mil_1797rpm,12800.0
SEU,DE,64,0.209941773893619,0.16844501868564987,0.4141799308391348,0.41122361473794444,0.006151435735117916,8.35926323373292,4.788724565858401,6.676387974320817,2.126860564518938,0.01278629379912051,2.5175820758483036,1.401652734530938,3825.0,0.29269854953114954,0.1676765876775739,1.3941891797078212,0.12966091085896073,2943.9766363520503,0.069565519132174,18.86384530249533,3.96528191965883,983.4471368423435,0.2924191368370432,0.08550895158852137,inner_race,7mil_1797rpm,12800.0
SEU,DE,65,0.2071603895529254,0.1763104079225214,0.4206476209288279,0.39701606468135187,0.006025906408129816,7.972920509034762,4.593198385505184,6.384952569029225,2.2165184355560585,0.012487438540886976,2.4911051497005987,1.322709261477046,3825.0,0.28797128938543926,0.16590021937107952,1.3900885686057676,0.17773968832216197,2917.5478333122664,0.07208214216719244,33.30575137158097,4.948649337802302,984.8659848856651,0.2877004125631383,0.08277152738899997,inner_race,7mil_1797rpm,12800.0
SEU,DE,66,0.20675525349691243,0.1735592916951735,0.423577927138388,0.3966974364733257,0.006165344647634206,8.009648222682642,4.602269104632697,6.397463856930719,2.1481427650222047,0.01191891558679516,2.4911051497005987,1.322709261477046,3825.0,0.28740372007920867,0.16513949485712065,1.3900673149449168,0.19569290246028784,2926.299424752975,0.06920875997766869,41.22597912026618,5.568159840987542,991.997297187298,0.28715646913591025,0.08245883776660298,inner_race,7mil_1797rpm,12800.0
SEU,DE,67,0.2091757590093251,0.17918942672164567,0.4251592634145598,0.38960827637191653,0.00604303343347778,8.256809683942816,4.74614955203472,6.596779826118345,2.1277874839128073,0.012729346326877495,2.4465979241516966,1.3798864271457085,3825.0,0.29073808400203865,0.1671210164658635,1.3899224526732923,0.17117393164143793,2909.1644661958585,0.07336784692820573,43.586188101859356,5.575416409177556,988.4257987414632,0.29045928670171123,0.0843665972312669,inner_race,7mil_1797rpm,12800.0
SEU,DE,68,0.20930226488429393,0.1697047424158459,0.41771624519104505,0.4065333747010777,0.0060456376696619305,9.010670696914367,5.11741781816196,7.1608825778561265,2.32762359906257,0.012743226281811376,2.68554,1.4987889421157685,3825.0,0.29287992408915586,0.16633489254346148,1.399315598668104,0.1658774105751462,2939.000141872817,0.07217283986549244,26.92468250785181,4.664851979146006,983.7563767595592,0.29260256341734303,0.08561626011840026,inner_race,7mil_1797rpm,12800.0
SEU,DE,69,0.20982438913189247,0.17725616848653863,0.425485918313601,0.39141331719355804,0.005844595970984863,8.962871686912203,5.127956373163854,7.1430635319216975,2.2806384260389647,0.011815014209861526,2.68554,1.4987889421157685,3825.0,0.29227802131066954,0.16722195680925964,1.3929649576005578,0.164828021485058,2912.6352133200708,0.07085684028768922,41.286003870730326,5.479048450622346,988.4743308662431,0.29203911926401394,0.08528684718050096,inner_race,7mil_1797rpm,12800.0
SEU,DE,70,0.21025514361901199,0.17023174062935081,0.41589603038751366,0.40796966084049885,0.005902568140034221,8.443831960368831,4.8755239662357654,6.749874006005462,1.9744418281548537,0.011707860957771956,2.4683642315369263,1.4191957285429142,3825.0,0.29108578654749784,0.16807484270221348,1.384440739651788,0.18237165286398813,2938.737299386294,0.0633643389934466,55.868146234212794,6.364095231386686,979.021666767412,0.2908502383044734,0.08459386112176895,inner_race,7mil_1797rpm,12800.0
SEU,DE,71,0.2108632442731724,0.17740915718851266,0.43927419685980307,0.3774582373919622,0.005858408540103297,7.682445337543651,4.434819236733768,6.134940101640458,1.8763365435311474,0.012455871557665919,2.3428018762475054,1.293633373253493,3825.0,0.2916992337676993,0.16838823010319176,1.3833574209348891,0.18914022695937777,2897.2224157996234,0.062178843532798,68.65057678609308,7.092085408005805,977.2265013963779,0.29143317286198184,0.0849332942444018,inner_race,7mil_1797rpm,12800.0
SEU,DE,72,0.21185363854322603,0.18413790340330274,0.4360940455914778,0.3737215776060936,0.00604647335114167,8.497282474749861,4.89490773774414,6.787885322533184,2.122427398865014,0.012921682845247006,2.540160558882236,1.4380382035928145,3825.0,0.2937824941018289,0.16923507107902128,1.3867238538925841,0.20277172097503907,2883.409092526989,0.06433137652366765,64.26727376831198,6.897937757139863,991.2871017141669,0.29349818390091953,0.08614118395313798,inner_race,7mil_1797rpm,12800.0
SEU,DE,73,0.21442793395630613,0.17837094183193428,0.4329108268072241,0.38280005391339084,0.005918177404752743,8.795774070977153,5.120253721315931,7.058644417245446,2.1272408226378854,0.012578966929422404,2.615692894211577,1.5135705389221557,3825.0,0.2956045972138194,0.17207928792945995,1.378573172626168,0.18775786226038965,2903.6865031989087,0.06009938937025468,86.85699092989034,7.983919045388298,983.1231432131826,0.29533683733143223,0.08722384748493288,inner_race,7mil_1797rpm,12800.0
SEU,DE,74,0.21714618433055763,0.170683909148982,0.4201951246967973,0.4035852961897619,0.005535669921278495,8.703661607146755,5.066474628745425,6.970283837076663,1.8600458224614895,0.01181945579544037,2.5789825548902194,1.5135705389221557,3825.0,0.298742350417523,0.1739004349249208,1.3757660598021517,0.1796337236543297,2937.6736167690815,0.057734965573414586,97.41889610816303,8.384282468220805,977.2029950569429,0.2985084461077873,0.08910729239768575,inner_race,7mil_1797rpm,12800.0
SEU,DE,75,0.2135592074055015,0.17005104457278694,0.43298734408097567,0.3910676338270262,0.005893977499411736,8.529407492869215,4.90123364957496,6.79528392492251,1.933304094790599,0.01237029172124501,2.4738870259481036,1.4511954491017964,3825.0,0.2960877919434927,0.17014024131395175,1.3864435794673455,0.1871739020498059,2927.8103302920094,0.05717944110593239,90.62701195816523,8.146544507521302,971.6986274191524,0.2958292690399385,0.08751495642070431,inner_race,7mil_1797rpm,12800.0
SEU,DE,76,0.20941512874641344,0.1690917857555162,0.4300972161472786,0.3948569650785853,0.005954033001773445,8.749427745045011,4.960431654984159,6.9297545874017965,2.09023527981528,0.01264051461530065,2.4738870259481036,1.4511954491017964,3825.0,0.2925542674584901,0.16586175592153893,1.397006363435911,0.21488955995361553,2933.307877793263,0.05654247477141932,98.72138698309072,8.413114186927006,972.351575173553,0.29228105788510167,0.08542821679843414,inner_race,7mil_1797rpm,12800.0
SEU,DE,77,0.208970890874501,0.17409585368964334,0.4238887118808798,0.39610522520997105,0.005910209155719354,8.902514818163448,5.103799343858336,7.1053892470114555,2.282882726807852,0.012255127752307884,2.561114690618762,1.4848195209580837,3825.0,0.2909243528049047,0.16678652619916623,1.3921764490137598,0.21034055376975974,2923.193284390117,0.05985820078050811,75.76117704762035,7.369652981527755,981.3089535699675,0.29066611584209,0.08448679089872728,inner_race,7mil_1797rpm,12800.0
SEU,DE,78,0.20992067636211953,0.17928148378837147,0.4499910820250608,0.3648924711359654,0.005834963031918412,8.82351668665263,5.102207703658365,7.073240934098006,2.1744376824185974,0.013015035456430887,2.561114690618762,1.4848195209580837,3825.0,0.2910151070277763,0.1682797883982218,1.3863098770021416,0.18520629379620746,2889.7738248945057,0.06202460463057465,55.496334126531195,6.5244672083333475,978.8935080703005,0.2907239263811218,0.08452040137045594,inner_race,7mil_1797rpm,12800.0
SEU,DE,79,0.21165408444829092,0.18073496895003574,0.4351767367441042,0.37833588882107805,0.0057524054484760145,8.088989548350122,4.597138711408061,6.415162046318649,2.071870075592358,0.012484662549900199,2.495815768463074,1.3577952495009982,3825.0,0.29535659781845436,0.16785721398019882,1.3954684531052022,0.25171934731092777,2899.9080841308296,0.07156261646803429,38.961677328053405,5.479939629957501,994.5484814087501,0.2950926177929691,0.08707965307590734,inner_race,7mil_1797rpm,12800.0
SEU,DE,80,0.21027179956493264,0.17223372691093083,0.4197749637652286,0.40252582527046715,0.0054654839858385325,8.647481195281,4.943884099088923,6.882981973724411,2.272963002828032,0.011815728036115268,2.6104949700598805,1.447297005988024,3825.0,0.2927449302977667,0.16736630855905482,1.3922215480320084,0.21104067941502114,2933.1569414899955,0.06936291035567264,37.704183572163444,5.286863354097866,980.2671614231797,0.29250638076120805,0.08555998278602084,inner_race,7mil_1797rpm,12800.0
SEU,DE,81,0.20916061002994013,0.17252250878055322,0.4182751218557318,0.40315455882576895,0.006047810457832315,8.640778907594157,4.973862295209467,6.919548598471059,2.354835356657576,0.012408203826721554,2.6104949700598805,1.447297005988024,3825.0,0.29098051375125034,0.16749612754424625,1.3911821815283392,0.1672697279928663,2926.350180990494,0.07237166143408462,32.46118474535956,4.966293503797466,982.6548263594251,0.29071583352259317,0.08451569586073611,inner_race,7mil_1797rpm,12800.0
SEU,DE,82,0.2116868411419349,0.17508549235887194,0.4355331551421623,0.38386865059382713,0.005512701803942919,10.243255136124038,5.925083892542554,8.215109118832688,2.4329640864358613,0.012719352759325099,2.9608675449101796,1.739030499001996,3825.0,0.2935031014819519,0.16977322890934363,1.3864966754601418,0.20992136231217967,2916.7532544511046,0.06355219120436971,45.17524534396911,5.841318142024241,977.0951641961128,0.293227366807583,0.08598228864490881,inner_race,7mil_1797rpm,12800.0
SEU,DE,83,0.2143129286154254,0.16829357918812873,0.4075819032390081,0.41828121659763245,0.005843300912582591,10.127158994837261,5.892508281398704,8.11444512581229,2.1567929295718633,0.01272839455853917,2.9608675449101796,1.739030499001996,3825.0,0.2951256775474913,0.17171948222483116,1.3770782726649247,0.19995963597302133,2957.3288179095293,0.06144801202313434,63.521451397315474,6.692391331964199,977.120460177838,0.2948510700672934,0.08693715351982795,inner_race,7mil_1797rpm,12800.0
SEU,DE,84,0.2101468006564995,0.17539630480199533,0.40878332861581296,0.4106156047645617,0.005204761790527877,9.49686748793377,5.473869740639509,7.612112831065153,2.37103727328444,0.012381395685192115,2.7147783233532934,1.5996611576846307,3825.0,0.29223588310995197,0.16844092641253317,1.3906273243133174,0.19685733947047948,2934.2786447527737,0.06500199176304813,29.690398838681126,4.838968395011684,988.0782759378565,0.29197347896331305,0.08524851241794021,inner_race,7mil_1797rpm,12800.0
SEU,DE,85,0.20777658023796158,0.1754596805651692,0.42271899876441166,0.3960535022436214,0.005767818404143461,9.599524914780968,5.513383803629019,7.698948340821554,2.6240850110455423,0.012161854455152195,2.7147783233532934,1.5996611576846307,3825.0,0.2901414475501782,0.1666396172608017,1.3964107370420962,0.19369659266506953,2916.1473714352956,0.06730123953047362,39.15783591013986,5.444997541835748,984.7936114059441,0.2898864413571709,0.0840341488827245,inner_race,7mil_1797rpm,12800.0
SEU,DE,86,0.2062117144617016,0.18033953651560228,0.43666598770341847,0.37757667418334556,0.005417801559831615,9.435899687036857,5.406833050113182,7.543115610360238,2.5500396727988752,0.012467213463697604,2.671245708582834,1.5554788023952095,3825.0,0.28768759604342664,0.16484689896949026,1.395107920005471,0.19811394871165167,2889.4560394681757,0.060992567799667954,55.72169423731681,6.4683197369058885,982.3754291611721,0.28741732986320856,0.08260872150569643,inner_race,7mil_1797rpm,12800.0
SEU,DE,87,0.2097146185168725,0.17184535074667764,0.4095066340408795,0.41308892386045426,0.005559091327881649,9.287473758708446,5.303491176869444,7.417121483450922,2.4362038394866907,0.012724746113242267,2.671245708582834,1.5554788023952095,3825.0,0.2932933704461032,0.16748136714106,1.3985356505917894,0.18658496598626914,2942.6692145467455,0.061015449091655065,58.456470279239596,6.555432210948975,985.9824039699893,0.2930172042457382,0.08585908198398864,inner_race,7mil_1797rpm,12800.0
SEU,DE,88,0.21163996655127243,0.17472077000949573,0.4196095586519218,0.4003275428209423,0.005342128422554027,10.066905337286082,5.714748462217329,8.015074314752772,2.4957095115392205,0.01258872255489022,2.8547974051896206,1.6963100598802394,3825.0,0.29683022290399624,0.16850362678959535,1.4025244274081163,0.22583913603939812,2924.4268384248035,0.06180623156908612,46.711980141339204,5.880789133403127,984.4965897177925,0.29656315565773184,0.08794970529367208,inner_race,7mil_1797rpm,12800.0
SEU,DE,89,0.20789023724036304,0.17735155535021854,0.4154921544893474,0.4014638808919546,0.005692409222640031,10.2311356083293,5.831852606101176,8.159642715299627,2.548979676105229,0.01219175584378119,2.8547974051896206,1.6963100598802394,3825.0,0.29086984436225144,0.16579880521759985,1.399151053091287,0.21415332627842104,2920.2949875441805,0.06842815234989574,44.86975440612223,5.816761509042883,992.8499992640403,0.29061422444327467,0.08445662744876602,inner_race,7mil_1797rpm,12800.0
SEU,DE,90,0.2047215625,0.17937382360555137,0.42140918753802076,0.3934146622274088,0.005802326613436265,9.550436527920999,5.4660718136239055,7.6527689961691525,2.7392721587516906,0.01238234745353044,2.7092555289421156,1.5666868263473055,3825.0,0.28662024206166087,0.16404347819778162,1.4000491133495567,0.1911360714171657,2906.51737401694,0.06686783318035958,44.52116878616386,5.786688843756587,990.369682096267,0.28635265081892486,0.08199784063102511,inner_race,7mil_1797rpm,12800.0
SEU,DE,91,0.20638612600969936,0.16982554701621505,0.3843486000150794,0.44008091153622325,0.005744941419241853,9.487399038773955,5.388943970815347,7.5910472115440415,3.018890667877594,0.012538516775043662,2.7178645908183636,1.5666868263473055,3825.0,0.29072241886943684,0.16513343856882473,1.408633537972286,0.20506102254368594,2971.794791033109,0.06599842341916187,37.3903697914484,5.192533349665469,991.493139820006,0.29045190725897846,0.08436231043037823,inner_race,7mil_1797rpm,12800.0
SEU,DE,92,0.20931035491516967,0.17290381129209678,0.42677518577028334,0.3943205175069141,0.006000485406428023,9.003327019471373,5.071841625161439,7.152069262389504,2.5995659492670278,0.012654711826347306,2.6481799201596807,1.4970021556886228,2787.5,0.29515948373900036,0.1662721072389214,1.4101523255197959,0.2103932760865704,2918.916488688614,0.06980924143655833,21.191114940963864,4.162614950315036,978.3706230803473,0.294888078954822,0.08695897910966534,inner_race,7mil_1797rpm,12800.0
SEU,DE,93,0.20514684431917415,0.1686306877197858,0.41237743479426636,0.41339093330649634,0.005600944152887636,8.430652634234335,4.800728439411366,6.727918735409899,2.483642898364825,0.012435487852420159,2.5071862275449104,1.3802112974051897,3825.0,0.2875003897480238,0.16371345817292582,1.401437056963554,0.22671396511124572,2944.5063242688607,0.06959667818067591,21.686328938620665,4.203619296073344,982.8724916669682,0.2872313227124401,0.0825018327471379,inner_race,7mil_1797rpm,12800.0
SEU,DE,94,0.21046389814121755,0.17782100452282137,0.41810276900913207,0.39830326412079164,0.0057729623130047,8.184402468742364,4.712623648185334,6.5579479882059974,2.2736435979218728,0.012410107363398202,2.5071862275449104,1.3802112974051897,3825.0,0.292875349368639,0.16863922597605055,1.391570487647838,0.20202468256248662,2911.498339432542,0.07202578200846,27.26773283467968,4.523199864077782,992.148671100156,0.2926123023781319,0.0856219595030313,inner_race,7mil_1797rpm,12800.0
SEU,DE,95,0.21023420471556883,0.17252623749132906,0.3758919367393986,0.4456864026516282,0.0058954231133207064,8.653724040707296,4.896283663937033,6.884985452657758,2.4173238450320964,0.012849507079590818,2.5700486227544905,1.4474594411177644,3825.0,0.2956240978803672,0.16726434010477864,1.4061655584557446,0.20549202854225082,2964.6495407147454,0.06806003121235253,38.40750174074789,5.338084949368699,1002.5728888242272,0.2953447094758808,0.08722849741539243,inner_race,7mil_1797rpm,12800.0
SEU,DE,96,0.2043464071466442,0.18033188247105278,0.41151952461107777,0.4022418483080383,0.005906744593334253,8.937854117809946,4.995438425237518,7.083361343755021,2.6973802234441395,0.01219754576783932,2.5700486227544905,1.4474594411177644,3825.0,0.28975623717130333,0.1619470873029238,1.4179659002439267,0.20714339975726093,2911.952150434518,0.07375957330569727,33.555665661857944,5.0084586589607545,996.9397350957155,0.2894993900803835,0.08380989685691403,inner_race,7mil_1797rpm,12800.0
SEU,DE,97,0.2064775750842066,0.17900076095093295,0.41742598155407606,0.3981512317198655,0.00542202572778144,8.934456663504017,5.078209735200399,7.109373823604882,2.3432058788308687,0.012249099886165168,2.511409540918164,1.46792626746507,3850.0,0.28906373387650985,0.16429944458305334,1.399976407891378,0.19784237079981032,2912.78053915076,0.07394608690153995,18.151373290639228,3.874550575069834,999.6832143376847,0.28880408895063875,0.08340780179460847,inner_race,7mil_1797rpm,12800.0
SEU,DE,98,0.2099481190158745,0.18007945711428056,0.400343359518108,0.4134336272243184,0.006143556060173718,8.955596362516152,5.135228689066597,7.153554014300453,2.4703971880576043,0.01270729702703967,2.872015528942116,1.5018752095808383,3837.5,0.29246510730446673,0.16770242301975224,1.3930351397068386,0.15240577728869542,2923.918476909579,0.07695184289056455,16.166690556358144,3.6477351311577437,1009.7089518689539,0.2921889176421307,0.08537436359287981,inner_race,7mil_1797rpm,12800.0
SEU,DE,99,0.21010754021254366,0.17368146182924174,0.41716940746464554,0.40351563547128794,0.005633495188536819,8.976480048599084,5.081194657784486,7.148126183675033,2.6821188926955966,0.012161457885011226,2.872015528942116,1.5018752095808383,3812.5,0.2955752162102149,0.16731226510275915,1.406780622490809,0.17883141809343167,2931.351826296291,0.07537113829869165,12.228852703369215,3.2386410930041465,988.8105341154217,0.29532491831849605,0.08721680737982637,inner_race,7mil_1797rpm,12800.0
SEU,DE,100,0.2048060319400262,0.17866978243179343,0.3924067235321905,0.4232040054453154,0.005719488580195511,8.543497411908524,4.866463301891389,6.8319091695237075,2.626314577506067,0.01219841822214945,2.52278,1.3992162075848302,3850.0,0.28752219441190774,0.1637755757536141,1.4038756167889797,0.19132563283769374,2934.4269984312577,0.07466802989139881,32.20027908552517,4.796184033775323,1012.4298998465032,0.2872633127851804,0.0825202108723164,inner_race,7mil_1797rpm,12800.0
SEU,DE,101,0.2043963749844062,0.18412006989775362,0.4271123049276192,0.3822285980933779,0.0065390270637784,7.800093761451511,4.4725232135300885,6.240035513447149,2.329690075785008,0.012500683983595308,2.3990044311377243,1.275440638722555,3850.0,0.28517250281991735,0.16351606502807084,1.3951935441207004,0.15918529528815245,2882.5142352369517,0.08294971285215326,18.69268221877063,3.732066150513239,1002.6655941272467,0.28489838410303076,0.08116708926451804,inner_race,7mil_1797rpm,12800.0
SEU,DE,102,0.20373878237665294,0.18615789684290948,0.41902961554870605,0.38877099899951945,0.0060414885856700535,8.969403794393402,5.13544748163118,7.176240997118844,2.5049146222849457,0.012629727907466314,2.5505564071856286,1.462078602794411,3837.5,0.28470325283708453,0.16300733430111905,1.3973935129873907,0.18592166313287622,2890.291420094581,0.07592212675669698,18.499541391602126,3.8885217286703453,1005.7183660373701,0.2844229810493524,0.08089643214900025,inner_race,7mil_1797rpm,12800.0
SEU,DE,103,0.20360323470247005,0.1833091421741746,0.44413927704957273,0.3665856548315611,0.0059659259373592375,9.550609274602627,5.404646769230392,7.603853759097985,2.9734099435566215,0.01242961861433383,2.7873868263473054,1.5481692215568863,3825.0,0.2864515087962616,0.1621016185505402,1.4069104020614385,0.20630174744352417,2884.5747597856384,0.0759164053610896,16.518564351477764,3.7071283409697067,991.9417303950845,0.28618171058395214,0.08189997147275693,inner_race,7mil_1797rpm,12800.0
SEU,DE,104,0.20675715703358907,0.17512164247927056,0.41707725066666396,0.4018958163883338,0.005905290444786272,9.495473395520081,5.2823251212880145,7.487862784384174,2.797532461248573,0.012048514708863523,2.7873868263473054,1.5481692215568863,3837.5,0.2930848037576659,0.16304286864594925,1.417531600659668,0.18935060156158864,2925.0358151504524,0.07069861803366533,33.70678020314283,5.128864807376482,996.0777217869241,0.2928370459606841,0.08575353548697981,inner_race,7mil_1797rpm,12800.0
SEU,DE,105,0.20648788590787176,0.1719087995917076,0.4139758811571816,0.40878796779445253,0.00532735143469333,9.137176300977037,5.072981735773259,7.201057684847097,2.675126166696984,0.011901069930451598,2.624139520958084,1.4869311776447105,3825.0,0.2931079304227107,0.16273421116824824,1.4194921369551239,0.16910510306628782,2940.885291390554,0.06726084237191134,25.55340478435047,4.507359373218003,985.5355827639302,0.2928662210142971,0.08577062341119512,inner_race,7mil_1797rpm,12800.0
SEU,DE,106,0.20554182817957833,0.17351974307835472,0.405774474359732,0.41483882253558513,0.005866960020969059,9.149700829827456,5.128597074773167,7.234202355861137,2.614254070154164,0.01234395946388473,2.577845508982036,1.4869311776447105,3825.0,0.28992942045666087,0.16251145313925536,1.4105616507573076,0.20829168081293092,2942.2766568385064,0.06539636230352808,44.5254849229298,5.784018424206631,993.3021771145355,0.28966652466429255,0.08390669551108922,inner_race,7mil_1797rpm,12800.0
SEU,DE,107,0.21041797531889345,0.1783065779977062,0.42292163565075486,0.39316327882531216,0.005608507500735524,7.891556289264855,4.491486916927923,6.293051606631503,2.4658177891743325,0.012899554231380988,2.381299001996008,1.3241711776447105,3825.0,0.2948179972770385,0.1677959491267932,1.4011065206298787,0.19621880425001462,2915.5588728527396,0.065905491738891,57.790801523008156,6.449537548325968,985.1188375661078,0.2945356566174553,0.08675125301907555,inner_race,7mil_1797rpm,12800.0
SEU,DE,108,0.21157032883451846,0.16958770711646456,0.405379124811674,0.41893854969197536,0.006094618374343704,9.56923508433757,5.367933093067251,7.602354562433319,2.858858130137821,0.012425018400698602,2.7714681836327344,1.608432654690619,3825.0,0.29963723966081635,0.16808372252482526,1.41625359903458,0.18119199183362109,2952.5974085229313,0.06631565318944173,55.168087347053365,6.2896798447711095,985.9459318015156,0.29937951551383035,0.0896280943092958,inner_race,7mil_1797rpm,12800.0
SEU,DE,109,0.2044395218157435,0.1786837429722549,0.42301721119111835,0.39203051914643877,0.006268526652998499,9.899152323280875,5.565888528142322,7.8675230718855875,2.902177407129818,0.01204209027257984,2.7714681836327344,1.608432654690619,3850.0,0.28898039307794965,0.16248185725033235,1.4135250880619885,0.19075783822588208,2916.4434452407418,0.0745055351475551,13.83746951513288,3.504661055637874,998.7334915149504,0.2887293813337211,0.08336465564535334,inner_race,7mil_1797rpm,12800.0
SEU,DE,110,0.2065344432424214,0.17671650073842451,0.41976149106410315,0.3973399258222188,0.00618208237436477,8.935510609653353,5.0708473563836725,7.128651245060981,2.6756263943129213,0.012085157789888973,2.6567889820359283,1.4723120159680638,3825.0,0.2903483209989698,0.16477088778535748,1.4058106553112364,0.1404728758688388,2920.8671389415954,0.06943743976479388,24.30183536297321,4.439567606568478,993.6644322259316,0.29009670192560666,0.08415609646811428,inner_race,7mil_1797rpm,12800.0
SEU,DE,111,0.2110306761866891,0.16920164944560445,0.4075515178580049,0.4175432566358711,0.005703576049728271,8.671384896134635,5.029136739361896,6.9767677504173715,2.3755601849783234,0.012160902686813873,2.6567889820359283,1.4723120159680638,3837.5,0.29275640975211836,0.16978972028151618,1.3872694484148373,0.1272697948365334,2955.36765386682,0.06920290465020675,25.2662541712936,4.4676801255787835,989.8215445603967,0.29250372287680726,0.08555842789679206,inner_race,7mil_1797rpm,12800.0
SEU,DE,112,0.20976093790933756,0.17787884546027807,0.4016865877520583,0.41460377086675604,0.005830795902741911,8.429199965931849,4.905552140357135,6.785910933194793,2.0561063243785123,0.012092296052426399,2.4543948103792417,1.4234190419161679,3825.0,0.2901648991162369,0.16886763247629383,1.383312365058414,0.1864715925612212,2936.646584648203,0.06916039600412814,17.71005131008644,3.8235913120298535,1002.1281590178638,0.2899128231991755,0.08404944505531639,inner_race,7mil_1797rpm,12800.0
SEU,DE,113,0.2085002414312001,0.1689283760871533,0.39867177704161894,0.426609223931721,0.005790622846837987,8.11424882431238,4.607485361579169,6.449095668964552,2.157395741030011,0.011925815907248005,2.5776830738522953,1.344638003992016,3850.0,0.29183771590565727,0.16571318345120675,1.3996996545539082,0.1957830032719843,2968.0388295335215,0.07186663819994706,23.41155054821861,4.123599939401742,992.8012984595603,0.2915939425639318,0.08502702733997755,inner_race,7mil_1797rpm,12800.0
SEU,DE,114,0.2092636389525636,0.17611544832885606,0.43139092396603385,0.3867103584281228,0.005783269259603756,8.631893460798594,4.899480322211983,6.868792257787713,2.438859757457479,0.011844677656405938,2.6704335329341315,1.4373884630738523,3850.0,0.2933756987567429,0.1665206445841455,1.4019430237626997,0.18976125424918225,2918.7386120231636,0.07177970080892668,20.938628528771353,4.082703507514479,985.5314497736198,0.2931364942006079,0.08592900423222304,inner_race,7mil_1797rpm,12800.0
SEU,DE,115,0.2066710219989708,0.16950485755576386,0.40920067829494366,0.4158625835176689,0.005431880612278097,8.686039389452667,4.957631857513306,6.954958896371115,2.7581811050620963,0.011351978913267214,2.690250618762475,1.4373884630738523,3850.0,0.2899344897696439,0.16548260934888834,1.4028792569240198,0.18499946875096118,2948.3382741830555,0.07351174823907113,26.348952253614005,4.464289074251534,991.6286550305897,0.2897121691139958,0.0839331409327365,inner_race,7mil_1797rpm,12800.0
SEU,DE,116,0.20919233564121756,0.17511776056519454,0.4164906866986618,0.40264895813086454,0.005742594574514857,8.296526390089593,4.751871979074639,6.64284631017016,2.549235341589318,0.012078891981661677,2.6424946906187623,1.3896325349301397,3825.0,0.2924389674321048,0.16749570477954367,1.3979430294887198,0.18191309955845444,2926.9793072793577,0.07177480703872212,19.433718881716484,4.011617264724068,990.2269022643094,0.2921894078183721,0.08537465004125097,inner_race,7mil_1797rpm,12800.0
SEU,DE,0,0.126562663812999,0.04356970176033742,0.47106144302711883,0.481338901444213,0.004029953756824832,16.519364380355878,7.804016139588631,12.716287860747151,15.754346645609587,0.050804442131362273,3.048907385229541,1.6094072654690619,3775.0,0.20622808009132304,0.09742549582494228,1.6294543262461088,-0.07773490124012945,3230.9276417948854,0.07250944891613127,7.116062707626394,2.689465537726254,724.4888499675392,0.19987228341587088,0.03994892967787421,inner_race,14mil_1796rpm,12800.0
SEU,DE,1,0.12604387075458456,0.03915028772892048,0.4239434503410273,0.5317413896034929,0.005164872304434204,16.822865985769333,8.07327058860022,13.03925873487816,16.572808966505338,0.05048599630816492,3.2529259081836326,1.6435186427145707,3812.5,0.20357531990012628,0.09769552013936526,1.615114790440706,-0.13222556402023392,3282.818997411174,0.07769581925692873,6.748146945024686,2.5894081324449676,714.3083068547625,0.1972158083146752,0.038894075049210705,inner_race,14mil_1796rpm,12800.0
SEU,DE,2,0.12445489351375373,0.04837187257153147,0.433131289784369,0.5139706092021515,0.004526228424787527,19.971382049536516,9.286751458071206,15.382765474868098,23.269644600896225,0.050039458329434884,3.798707944111776,1.9144604391217563,3775.0,0.20614963669108213,0.0958601880617564,1.656420497987893,-0.21203830625815842,3247.8049813480357,0.07572240361211532,7.624441548907072,2.7193333668135065,749.5014044455394,0.19998431267967473,0.03999372531796191,inner_race,14mil_1796rpm,12800.0
SEU,DE,3,0.12523494698103793,0.04653998826999079,0.40065267472969623,0.5477531315118768,0.005054205436828637,20.081558708046202,9.179785148056178,15.286950529963722,20.1689543682492,0.0497002322308508,3.798707944111776,1.9144604391217563,3812.5,0.20855176981207932,0.09533425502247879,1.6652841306640753,-0.20533538824427097,3284.427365892944,0.07894470659649606,7.112603355438008,2.6471617852079024,748.2528708251019,0.2025431499901935,0.04102372760795001,inner_race,14mil_1796rpm,12800.0
SEU,DE,4,0.1311693811985404,0.050946148888805554,0.4146916558887026,0.529988454881226,0.004373740284660379,17.878378193595502,7.950580815057992,13.43993885589413,14.977428284304228,0.049251156203218564,3.2907732934131735,1.7629084630738523,3750.0,0.22173329270925643,0.09860561422206472,1.690434846022768,-0.10972083125003924,3260.4082083966555,0.07751678037223354,6.829677801636974,2.65514024348299,762.3733735531124,0.2161943031357093,0.04673997670833496,inner_race,14mil_1796rpm,12800.0
SEU,DE,5,0.12733930677707084,0.046436724639891735,0.3868876959675809,0.5619561119101362,0.0047194674460744575,18.209591543177364,8.300464981141882,13.844181405511529,16.012339131090993,0.048818736121506986,3.2907732934131735,1.7629084630738523,3950.0,0.21238671171784543,0.0968120816380621,1.66788022562165,0.05701858543788546,3297.9354454057793,0.0788212643231716,7.653836747772472,2.7026163649446127,748.9758304286265,0.20669989433431712,0.04272484631781786,inner_race,14mil_1796rpm,12800.0
SEU,DE,6,0.12745367760572607,0.04665325680366473,0.3960218127071213,0.5521411518841534,0.005183778568594672,16.787501864872233,7.67084414443848,12.772678676996792,16.587791629314104,0.04864773507672156,3.243991976047904,1.6279248702594808,3925.0,0.21222238903651303,0.09697243123861721,1.6650942760005427,0.02651989837335328,3282.856707119722,0.08332027504172636,7.767636344371795,2.753554007062818,748.2762564557228,0.20657139269577046,0.04267174028027021,inner_race,14mil_1796rpm,12800.0
SEU,DE,7,0.12414556880379866,0.05292454977386718,0.425091753407146,0.5169623922650555,0.00502130447243337,17.183233762253224,7.828786110998478,13.113032433983006,18.955056862263703,0.04836672547483159,3.243991976047904,1.6279248702594808,3812.5,0.20794090516439673,0.09473914472580697,1.674976458427037,0.0776320650313144,3238.3668050387832,0.08495319717523706,6.334404128294382,2.509350640983231,773.7825368031712,0.20223768171987858,0.040900079907430914,inner_race,14mil_1796rpm,12800.0
SEU,DE,8,0.123018754405252,0.051272035596542434,0.3896707472726983,0.5535503017425009,0.00550691537554758,16.71097810424039,7.701907241989062,12.772320916240393,16.877297147635748,0.047876485466566865,3.0687244710578843,1.57123500998004,3962.5,0.20400596379738528,0.09402411996347126,1.6583322175848312,0.04056866855892645,3273.062629131863,0.08170427080184113,7.771463075132887,2.7272915038164265,775.6776954376056,0.19830853588353095,0.03932627540426968,inner_race,14mil_1796rpm,12800.0
SEU,DE,9,0.11918796615752869,0.049992091884392,0.4328195482201519,0.5120885377258398,0.005099822048914729,19.77187597212076,8.7639092567386,14.995421015681409,21.957044680830624,0.04746793890734157,3.489269021956088,1.7872737325349302,2912.5,0.20393567301723137,0.09039474731963051,1.7110424784637492,-0.06607126226278918,3231.0241819285443,0.08478672730818688,4.618789966817657,2.264058638605087,761.3562285831746,0.19833444860860658,0.03933655350488,inner_race,14mil_1796rpm,12800.0
SEU,DE,10,0.11975585459939497,0.04730154487762321,0.4368018480828344,0.5109188620850091,0.004977744890794957,19.63882104561164,8.789972121966157,14.9243119554671,21.519986604546684,0.04699935162877371,3.489269021956088,1.7872737325349302,3925.0,0.20333098987521583,0.09100718054225065,1.6978793275317923,0.0030769726335771156,3260.810081670067,0.0806883151872977,7.1705672224440615,2.6707411418910456,761.6181141063139,0.197824549513224,0.03913455239011002,inner_race,14mil_1796rpm,12800.0
SEU,DE,11,0.12157603223241017,0.04390816678371323,0.465736236538231,0.4854907496667564,0.004864846982834458,17.30536067131392,7.789988266027696,13.102922410891129,17.27326907063362,0.0468181190743513,3.180804710578842,1.5930013173652695,2800.0,0.20449341680171484,0.09205247712669139,1.6820208148493947,0.10604454426004538,3229.609935735154,0.08173945387538183,4.779232123849221,2.3254589271847275,743.8153629643026,0.1990618528035438,0.03962562124157974,inner_race,14mil_1796rpm,12800.0
SEU,DE,12,0.11682758067848677,0.047921398676462536,0.4739316820372816,0.4736729136576096,0.004474005529536594,17.860038177179813,8.304534876599357,13.63549007960081,15.755853572930206,0.04653552319189746,2.8603201996007988,1.5930013173652695,2800.0,0.19182306306570554,0.08919361210552643,1.6419330260172786,0.04909417068328095,3218.3000980278694,0.08378975554581924,6.589482196296663,2.576707682729806,769.8133671496455,0.18609280643046366,0.03463053260516602,inner_race,14mil_1796rpm,12800.0
SEU,DE,13,0.11880583116969186,0.03790038050803711,0.4775564904178951,0.48106297774932466,0.0034801513125437143,22.14769452499888,10.145669963323185,16.924964467323623,23.568197912501724,0.04608089518229167,3.9450619960079836,2.010784471057884,2800.0,0.1981913937992181,0.09078978711704015,1.6681958439913513,-0.11818507643305289,3233.6226803388136,0.07673284422723732,5.614904402461351,2.431468524804452,714.7825356960751,0.19275990162706402,0.037156379675275394,inner_race,14mil_1796rpm,12800.0
SEU,DE,14,0.11177020098474925,0.04191799333832794,0.5209428318799967,0.4336600109973584,0.003479163705840903,23.58618060530077,10.605170199605775,17.990344951891515,27.076807432652235,0.04567544187016592,3.9450619960079836,2.010784471057884,2937.5,0.18960416789281048,0.0852526530135184,1.696374939136787,-0.06956499700723236,3194.8573354510877,0.07736085431613927,6.9403317779520055,2.638321593806775,729.877568766578,0.1840203643412602,0.033863494492290154,inner_race,14mil_1796rpm,12800.0
SEU,DE,15,0.11321736474316993,0.0358490906658877,0.48408507051711336,0.4762019544940673,0.0038638842697181737,18.426589186744057,8.381761612862112,14.024380419164986,16.668370623704842,0.04538943548449975,2.9257815568862275,1.5878033932135727,3750.0,0.18943552281146148,0.0861691427057931,1.6732020149134372,0.05252023897235816,3243.4951779308626,0.07623000173999182,6.472702685919609,2.566548704071405,704.491043062569,0.18391741747113072,0.033825616449250175,inner_race,14mil_1796rpm,12800.0
SEU,DE,16,0.11324139689371258,0.043725332855034466,0.5154359743135404,0.43674318987667077,0.004095502911640494,18.183165388914762,8.472411943170226,14.021404157561491,19.29907746682268,0.045187581282747004,2.9748369660678637,1.5878033932135727,3750.0,0.187408662829896,0.0873227163286743,1.6549483490193624,0.06323264054256542,3196.0190268925753,0.08221589878006627,7.413427302427332,2.699548069680254,740.5358878234854,0.18187932648188682,0.033080089401504774,inner_race,14mil_1796rpm,12800.0
SEU,DE,17,0.11667387009184756,0.03709824333810215,0.4576142789262853,0.5009909699544637,0.0042965077306130655,19.504633028763443,9.215278778562954,15.109711040578857,20.281712295795025,0.04472018371460204,3.3292704191616767,1.7629084630738523,3750.0,0.19130278154740352,0.09038408774336307,1.639636890392055,-0.10835275114363481,3274.0314901816455,0.07713787580368402,6.92346159595278,2.6542179275767213,728.1701365422905,0.18600231019077648,0.03459685939630583,inner_race,14mil_1796rpm,12800.0
SEU,DE,18,0.11720543270880114,0.04347960738070389,0.44995828877547084,0.502274498072102,0.004287605741515977,19.39869210443432,9.214400988823904,15.041183862644216,21.076496332363853,0.04459835736729666,3.3292704191616767,1.7629084630738523,3750.0,0.1913210055881087,0.09087769699024562,1.6323561217801987,-0.13924562515742217,3254.3179772094604,0.07826143079936095,8.62805430190152,2.801665044074193,756.0363638928948,0.18605029884250124,0.034614713699384014,inner_race,14mil_1796rpm,12800.0
SEU,DE,19,0.11247807868637724,0.04306809439872036,0.4586990988654072,0.4945596723515028,0.0036731343674991403,17.65083453054122,8.025679129978872,13.475356383308792,20.768887433187462,0.044485652133233536,2.962816766467066,1.5156821956087823,3937.5,0.18885407341381866,0.0858702852256758,1.6790300440710824,-0.024858113201953774,3249.9021128246286,0.07759454067236388,7.21115522434857,2.6990543217759235,751.5723732977542,0.18353988067794133,0.03368688779927294,inner_race,14mil_1796rpm,12800.0
SEU,DE,20,0.10974729669567115,0.05338742968433306,0.4126904991231768,0.5297233589471295,0.004198712194378343,18.089983892868588,8.230158155967361,13.81065630993867,19.606289882261855,0.044163319922654695,2.9246445109780437,1.5156821956087823,3950.0,0.18416197682784763,0.0837857128334035,1.6780547892539723,-0.0731596910179068,3268.6625180915676,0.08286934591968377,10.588082885998142,3.0661047854128487,801.9630250745438,0.17878824033629823,0.03196523488254994,inner_race,14mil_1796rpm,12800.0
SEU,DE,21,0.11105225040154068,0.049374329810554694,0.44213816774763687,0.5040361586884344,0.0044513436248441,19.71508301201868,8.98556670880792,15.054016008181925,20.176247143445007,0.04363104347944735,3.239931097804391,1.671782355289421,3675.0,0.18605196638857405,0.08479712483433478,1.6753552108656131,-0.1237180458160203,3251.286169242094,0.0862811532454726,7.691990671440351,2.760907118522404,777.6933173922033,0.18086366755639363,0.032711666241949676,inner_race,14mil_1796rpm,12800.0
SEU,DE,22,0.11889894583879117,0.05792001045974557,0.36915285314931956,0.5677206424251213,0.005206493770733813,18.346555987605328,8.469232857005174,14.060531348663957,18.339069358954095,0.04261058919270833,3.239931097804391,1.671782355289421,3950.0,0.1973947798479335,0.09112240773793477,1.6601894865878013,-0.4066786242980369,3277.0345413712744,0.08879137903181797,7.600944250420648,2.767186893537661,820.9975500682946,0.19274085399796376,0.03714903679986438,inner_race,14mil_1796rpm,12800.0
SEU,DE,23,0.11561867626075972,0.059640575890047204,0.4549439298964324,0.48064352768210544,0.004771966358491588,17.226506487809928,7.927667901912402,13.17535104165166,18.24270449439304,0.04308805964243388,3.023242634730539,1.5233166467065868,3675.0,0.19215192482257173,0.08842864615553586,1.6619453797343546,-0.14747804833631453,3195.229362216651,0.08769215060786563,6.624090721697181,2.6159787159754644,811.5209262540866,0.1872585948074729,0.03506578132926932,inner_race,14mil_1796rpm,12800.0
SEU,DE,24,0.11973531226609282,0.06021246649362237,0.3514371594288253,0.5833520168818471,0.004998357161839156,18.149932829360036,7.853797606800754,13.575680495165722,18.137145673338612,0.04357750651041667,3.2334336926147706,1.6254883433133733,3625.0,0.20696845331306116,0.08955891785361984,1.7285498270811408,0.0398889840106927,3276.488822756071,0.09224124882210717,6.351657598961253,2.593262497261074,823.396592051347,0.20232879575862495,0.04093694159313537,inner_race,14mil_1796rpm,12800.0
SEU,DE,25,0.1146329615183695,0.047058877350074295,0.45310990309278915,0.4956150194265416,0.004216200072000869,18.590799928261692,8.445792096024473,14.179938490491628,18.605780808633053,0.04245307153271582,3.2334336926147706,1.6254883433133733,3812.5,0.19246132569122895,0.08743509421788298,1.6789353004754024,-0.1491680355589531,3232.4825043493097,0.08417128762188912,5.392546665311718,2.4407420236774744,753.0646129790942,0.1877207996047945,0.03523909860426342,inner_race,14mil_1796rpm,12800.0
SEU,DE,26,0.11417944390515843,0.05984599739310895,0.3926082220822943,0.5432412231337362,0.004304557339514117,17.788147126338767,8.27993852988327,13.688548173885984,18.049002902843643,0.04194435135588198,3.106734291417166,1.5629508183632734,3950.0,0.18876357749787642,0.08786473415485892,1.6532185745682058,-0.19134099688221,3246.383548776224,0.09054329270292985,6.993129153533923,2.6296620437353058,819.8709476128254,0.184044450009043,0.03387235957913112,inner_race,14mil_1796rpm,12800.0
SEU,DE,27,0.11606378658698228,0.04879703399655683,0.4484856080339246,0.4983800653621,0.004337292443795751,17.513932946178695,8.084562148005462,13.466309038538418,18.280244976681605,0.041725127381954843,3.106734291417166,1.5629508183632734,3675.0,0.1933253514228805,0.08924042493289826,1.6656819246371535,-0.16247961826726084,3240.122935620182,0.08222093238317178,5.766839067642529,2.527059155928678,768.3470441862667,0.1887689202377867,0.03563370524773988,inner_race,14mil_1796rpm,12800.0
SEU,DE,28,0.11217961999828469,0.061543907816953666,0.42528548239979297,0.5091986794754025,0.003971930268687244,16.751743257399053,7.841867470036911,12.917531655369551,18.244466116959515,0.0417343278092253,2.86080750499002,1.4490837924151696,3937.5,0.18478810027738823,0.08650346236503631,1.6472519721515708,-0.2281780365058834,3220.862090239867,0.08811840044942065,6.968960533332943,2.6086520698492377,826.553676396124,0.18001357695029066,0.03240488788643822,inner_race,14mil_1796rpm,12800.0
SEU,DE,29,0.11702261387381487,0.054631809563346095,0.4579335915096843,0.4832395603949495,0.004195038516147138,17.905687594222876,8.331141037996744,13.696048755823712,17.06750282802073,0.04126455082023453,3.014471137724551,1.6027474251497007,3962.5,0.19238030155051697,0.08951052098478553,1.6439583357620098,-0.30454995939431145,3219.026341074161,0.08447060047391258,7.203591558541596,2.703435586057386,794.3656805838881,0.18790268031689203,0.035307417270272125,inner_race,14mil_1796rpm,12800.0
SEU,DE,30,0.11685042311860654,0.061249800345873455,0.4556598428305421,0.47885822605662587,0.004232130676349294,17.816578150792836,8.389480256875979,13.716231249953335,17.771317627417286,0.040533196166261234,3.1676474650698605,1.6027474251497007,3962.5,0.1910425170660717,0.08995820699040229,1.634932180537832,-0.20292832309058215,3184.9596271768764,0.08803978930255249,6.196776952571643,2.49455852263965,814.2999455820215,0.1866930725428442,0.03485430333548769,inner_race,14mil_1796rpm,12800.0
SEU,DE,31,0.11777689028193614,0.04835729557242783,0.473937665919414,0.4736272231022118,0.00407781532415051,19.456059021939378,9.011454868988782,15.030266461226818,21.48743959976436,0.04030865815244511,3.53994878243513,1.7702180439121755,3962.5,0.19644087105224775,0.09098543759124146,1.667906756427382,-0.2772250336014552,3223.4568959021517,0.0762837822978209,8.546233683007422,2.8398330103275433,765.279128621808,0.19226083297883415,0.036964227897715154,inner_race,14mil_1796rpm,12800.0
SEU,DE,32,0.11535511574507236,0.05914205300141487,0.45136886482230854,0.48545450323562744,0.0040345788793190954,19.866356312356363,9.251731799010061,15.345813078842966,21.487816955668414,0.04022886824008234,3.53994878243513,1.7702180439121755,2925.0,0.19133910086991385,0.08910632710292955,1.6586962757053738,-0.1634782168583549,3205.2357947249047,0.08298660657680872,6.96410097022445,2.6489069107985386,806.6080840251274,0.18706226151158645,0.03499228968182916,inner_race,14mil_1796rpm,12800.0
SEU,DE,33,0.11882970469217816,0.05085460827228826,0.4597308437485294,0.4854091492735115,0.004005398546008929,18.098420263912637,8.402455852561815,13.93476249784744,19.831694542768933,0.04035243949600799,3.306204630738523,1.6558637125748503,3962.5,0.19706901668159268,0.09149216829032097,1.6584154373865456,0.04872434441716866,3230.873462522628,0.07736780884693777,7.244002660409038,2.6919061165044598,774.8472670778867,0.1928934368053275,0.03720787796257088,inner_race,14mil_1796rpm,12800.0
SEU,DE,34,0.11923357172374002,0.05946912615476864,0.4447647346279208,0.49160217658589755,0.00416396263081744,18.08527020128725,8.388025678373596,13.887562778136246,19.156483243699316,0.03964337208395709,3.306204630738523,1.6558637125748503,2925.0,0.197408040469413,0.09155869357467446,1.6556414239338602,0.06305035379233329,3195.803211539341,0.08357649559326756,5.186619809771642,2.3649615321854593,799.5830653798838,0.19338649769770985,0.03739833749178634,inner_race,14mil_1796rpm,12800.0
SEU,DE,35,0.12119469038485528,0.05237349720349164,0.46144463353627346,0.4822212051006115,0.003960664151259321,16.82162806935931,7.744762365086559,12.813101262012152,14.809691589770662,0.038998707662799406,3.013983832335329,1.5528798403193613,3962.5,0.20050709978136375,0.09231447954481532,1.654421486161241,-0.016903743094224433,3225.382322296272,0.07470941793477949,6.382675854268376,2.557331327569063,784.7434127866588,0.19667790385136116,0.03868219786336527,inner_race,14mil_1796rpm,12800.0
SEU,DE,36,0.12047388449663174,0.06159817289858898,0.4135417653850239,0.5205680508853472,0.004292010815899252,17.668525850880947,8.025963207183052,13.43717362279683,16.703025446470015,0.038898296103106286,3.171708343313373,1.618828502994012,2900.0,0.20169896885961272,0.09162216002945699,1.6742132097952889,-0.034027459122690035,3224.469542790773,0.08030389129180424,4.862331114735165,2.34405193458908,817.4876736356745,0.19791259838450428,0.039169396599306086,inner_race,14mil_1796rpm,12800.0
SEU,DE,37,0.12365762890235156,0.053532304280039966,0.45114812700685225,0.49136738005122305,0.003952188613652634,17.22791315205105,7.818666222239961,13.091214164168946,15.359757998554795,0.03898244828701971,3.071810738522954,1.618828502994012,2900.0,0.20704663135373433,0.09396544367889877,1.674353884928785,0.014978137152069516,3226.842709873004,0.07623154904498806,5.154207766765692,2.421560466952637,780.7759831430249,0.2033437392212482,0.041348676280479,inner_race,14mil_1796rpm,12800.0
SEU,DE,38,0.12215494532419537,0.057341196465556514,0.41522440104276054,0.5227386061367899,0.0046957962444771585,17.697498390814673,8.0348721219902,13.494269038654203,17.35130597158277,0.03864552229525324,3.202895888223553,1.6483916966067864,3800.0,0.20515468965528325,0.09314263859248785,1.6794628257645172,-0.004282525299772981,3248.4587981763,0.0823388889570009,7.728625977551275,2.7210410622513628,800.7682693517811,0.20148193540385367,0.04059497029408267,inner_race,14mil_1796rpm,12800.0
SEU,DE,39,0.12042486842720808,0.05695076041499562,0.46841958897424135,0.4704009200199624,0.004228730513183019,20.754192119294267,9.111639327489888,15.78289831591288,24.712860068409586,0.03823761024825349,3.786038003992016,1.9006534530938124,2887.5,0.20859621246854293,0.0915792550328595,1.7321689049187612,-0.060314100608768656,3193.0719407791885,0.08379709062780852,5.696252590008703,2.4692755200858856,786.565048219761,0.2050616127380358,0.042050265018724164,inner_race,14mil_1796rpm,12800.0
SEU,DE,40,0.1219917170541729,0.05815162188594543,0.42137739539893565,0.5155466731320733,0.004924309539654508,20.409365733743662,9.220799388284592,15.580184450144174,20.98003527923115,0.037723417403474305,3.786038003992016,1.9006534530938124,2937.5,0.20612675464002303,0.0931265320975351,1.6896782799482055,-0.0887915894243825,3233.468360387217,0.08728633348007994,7.770082370402481,2.6820222638456137,807.8169996804812,0.20264546073828427,0.04106518275783151,inner_race,14mil_1796rpm,12800.0
SEU,DE,41,0.12132825520833333,0.0589368266465715,0.4652344120760493,0.4711836793410828,0.004645081918440769,19.727623946612397,8.987064543143351,14.98928431346913,17.44495333979181,0.03754059856848803,3.4390765668662673,1.8186237125748501,2887.5,0.2023601481712249,0.0921866575263435,1.667873223955552,0.11024900358343642,3183.8927100419605,0.08513626039585312,5.396045223630651,2.4205126262633274,799.6151374012045,0.19884751199600093,0.03954033302699973,inner_race,14mil_1796rpm,12800.0
SEU,DE,42,0.1289679410319985,0.07421435724431127,0.40096926538905386,0.5192116767204905,0.00560470049476322,19.00474256994533,8.104062561706213,14.155521198099436,18.090979513042946,0.037657824702158185,3.5826692215568863,1.8256084231536926,3800.0,0.22527077120309555,0.09606067624618944,1.7467191412104748,0.10889123186169418,3204.252958591092,0.0967149621521601,10.19614279497305,2.9714642027219584,867.5444553025877,0.22210089733528532,0.04932880859713895,inner_race,14mil_1796rpm,12800.0
SEU,DE,43,0.12077821242281063,0.05340735253337905,0.4633701529348918,0.4791474224981492,0.004075071966870925,19.80221511455481,8.93738405009972,15.11537873041828,19.200200279108326,0.0372740241197293,3.5826692215568863,1.8256084231536926,3812.5,0.2042665295482433,0.0921921316677271,1.6912531279496297,0.06287328123527228,3219.216421484804,0.08146119075661859,6.641989802684721,2.6355547383985627,776.9842833600266,0.20083690452604866,0.040335462219605184,inner_race,14mil_1796rpm,12800.0
SEU,DE,44,0.11869098445686752,0.06475358498566072,0.44765704414621615,0.4825317639242291,0.0050576068823765495,20.367387115562458,9.250223880384183,15.522149807313081,19.4762890678093,0.03702624709565244,3.5854306187624747,1.842339241516966,3812.5,0.19916698939836355,0.09045535546919801,1.6780296356101179,0.1381780506542833,3195.2447067851,0.09345073887944666,9.316826195739564,2.871639422593097,828.3033951824723,0.1956950349191812,0.03829654669201955,inner_race,14mil_1796rpm,12800.0
SEU,DE,45,0.12040083627666542,0.04896307132210822,0.4816706689954201,0.464937290911896,0.004428968722487526,20.311055908638956,9.067970051376147,15.404247750534081,22.1639216641411,0.03626213574803517,3.6970235528942115,1.8546843113772455,3812.5,0.20453136709420214,0.09131402718400217,1.6987537081903294,0.11419685693392713,3211.4323453376583,0.07998904206930754,5.984908685710444,2.5246572518405275,759.6796449723278,0.20129117625075957,0.04051813763641435,inner_race,14mil_1796rpm,12800.0
SEU,DE,46,0.11881193834986278,0.05429728560346492,0.47105333841255237,0.4708862463293361,0.0037631296073653486,20.320686665279123,9.302858288032995,15.610252110489093,21.761041493892925,0.03637769628711327,3.5933899401197604,1.8546843113772455,2937.5,0.19936714652130874,0.0912707499469615,1.6780060092466205,0.09312935625355692,3195.471005821382,0.08233187196720948,7.131200105460527,2.6025255176118085,780.3087791544237,0.1960202089706353,0.03842392232489153,inner_race,14mil_1796rpm,12800.0
SEU,DE,47,0.12284259794863399,0.04751083432729798,0.4645924445427195,0.4839866911983209,0.003910029923907141,17.452135331797702,8.000422900281615,13.323524531366923,16.080578677172202,0.03807160598724427,3.203870499001996,1.636696367265469,3812.5,0.20457623148994503,0.09378201212337706,1.6653525316640367,0.05854651156506792,3229.988718120044,0.07850249793383937,7.399033975805988,2.6894387090167813,757.601703290663,0.201002455975492,0.0404019873081796,inner_race,14mil_1796rpm,12800.0
SEU,DE,48,0.12227574058913424,0.053316522079228885,0.4463658276969382,0.49653680666202743,0.0037808435248743288,17.717714609909418,8.286004418984762,13.592526526497958,16.475255657616344,0.03885689418038922,3.216540439121757,1.6620362475049901,3812.5,0.20058355794464208,0.0938064690677105,1.6404198983233678,0.10198689965249427,3211.6295934384298,0.08059764054166922,7.186533945597617,2.6411471124241066,774.4894292470932,0.19678390557254835,0.03872390549238562,inner_race,14mil_1796rpm,12800.0
SEU,DE,49,0.11791362766654193,0.047620581104872425,0.4673821541062854,0.48050926256602616,0.004488002187065509,18.38060972941656,8.507108873791138,14.095370318053526,18.92654687409719,0.038278060402632236,3.216540439121757,1.6620362475049901,2875.0,0.19537028056916292,0.09042334677532739,1.656893138099926,-0.011410525354656633,3220.9546218461433,0.0786993841698784,6.934923466712556,2.6274035961044837,759.2097634503183,0.19158375876228623,0.03670433662148588,inner_race,14mil_1796rpm,12800.0
SEU,DE,50,0.11483077070468437,0.06078064280523817,0.48609587596143694,0.44870823519925773,0.004415245993072901,20.11484341382784,9.037907141386913,15.251796692772963,20.75858420894834,0.037632523527164424,3.3783258283433133,1.7513755688622754,2950.0,0.1937810979316521,0.08706881444865247,1.6875363349254875,-0.08838120207066671,3165.0865226209326,0.08231791758972398,7.9934226770502,2.8087281668671995,805.5770296432107,0.19009183856382142,0.03613490708857395,inner_race,14mil_1796rpm,12800.0
SEU,DE,51,0.11846938106209455,0.04849977831466801,0.440820152321456,0.5058732375542334,0.004806831757536026,19.575040296426838,8.843058283951423,14.783360503456242,16.499420683312692,0.036915048828125,3.3783258283433133,1.7513755688622754,3812.5,0.19805089061108083,0.0894698321097181,1.6717474915081596,-0.029470286568675022,3243.4781762692164,0.07994657533136784,6.403672704687063,2.569699398145343,770.4975349890351,0.19458014914646213,0.03786143444185945,inner_race,14mil_1796rpm,12800.0
SEU,DE,52,0.11952243341442116,0.05504024538411384,0.439030672331115,0.5017341294843416,0.004194952714243739,20.06333836838626,9.069066570068093,15.15323646672223,17.598040201534083,0.03685818066991018,3.6028111776447105,1.8111516966067864,3812.5,0.19970651694016484,0.09027170171543399,1.670870574126622,0.04479039859557237,3220.834301076734,0.08173456298750256,6.496677132607177,2.5970762355475006,798.4501396570118,0.19627574334613185,0.038524167426076616,inner_race,14mil_1796rpm,12800.0
SEU,DE,53,0.12416960095434132,0.047714599214404504,0.4217127392731322,0.5265440501765584,0.0040286113156599345,19.189297275510484,8.717723395536574,14.58611192020154,18.320766414129547,0.03654187632547405,3.6028111776447105,1.8111516966067864,3812.5,0.2077551230329338,0.09438343002368257,1.6731560819731386,0.05621289889185234,3246.019553589962,0.07923240320743324,6.399098070831901,2.5691147559795993,762.1479216279876,0.20451621554547508,0.041826882421043224,inner_race,14mil_1796rpm,12800.0
SEU,DE,54,0.12240906747052768,0.04633110970950267,0.4094816150687403,0.5397120612055359,0.004475214010877934,18.964260944064378,8.674650483285461,14.474764262346708,18.36725200464881,0.03566045953015843,3.3831988822355292,1.771842395209581,3512.5,0.20425519144818713,0.09343060615099529,1.6686279510900242,-0.0270287016197057,3270.967733330591,0.0812604071212005,5.88643809439465,2.5136749086258687,770.4102807871905,0.20111816143658806,0.040448514859633494,inner_race,14mil_1796rpm,12800.0
SEU,DE,55,0.12163401078701971,0.053161545872753936,0.4112655163492787,0.5306119220872856,0.004961015656566936,19.278701497950728,8.656501339904356,14.5669980274848,17.96890217173511,0.03541331701830713,3.3831988822355292,1.771842395209581,3512.5,0.20468343105797493,0.09190672906045684,1.6827812363794707,-0.10938773909898077,3239.7508212242587,0.08461556995712334,6.183131346266636,2.521510170169874,791.4078580447981,0.2015966366967109,0.040641203927425644,inner_race,14mil_1796rpm,12800.0
SEU,DE,56,0.11872255144008857,0.055993204290506166,0.3924408952572606,0.5461591614501575,0.0054067388412651594,16.271057102469655,7.465271389849468,12.343819457573717,15.01009064909399,0.03478483265890095,2.891020439121756,1.465489740518962,3962.5,0.1963076308935786,0.09006727290610558,1.6534990910521503,-0.19497359662965025,3251.2905946945702,0.08885886154813039,9.963847204148848,2.927891387871626,811.6240482505023,0.19320119400237087,0.03732670136394175,inner_race,14mil_1796rpm,12800.0
SEU,DE,57,0.11643045533932136,0.05999697472874304,0.43738111584814343,0.4973322889524126,0.005289620367358814,19.963842132231388,8.808696413560984,15.029690020490909,19.862304813535438,0.034547921656686624,3.449797285429142,1.7499136526946109,2800.0,0.19865750509923577,0.08765415199659367,1.7062331717270571,-0.29725370061886147,3195.0313116108273,0.09102691573913833,5.481137058106443,2.4173441161179268,821.1253587303182,0.19563037964860244,0.038271245441456325,inner_race,14mil_1796rpm,12800.0
SEU,DE,58,0.11813554831742765,0.05559942923281941,0.39964825046263874,0.5391873841356353,0.005564936027432623,19.534656294851732,8.750378313570149,14.81276108350241,19.70767432081935,0.034500491867826846,3.449797285429142,1.7499136526946109,3962.5,0.19998148536970478,0.08957995606791364,1.6928137907512724,-0.3427278057646207,3251.9159324799434,0.09020862137496284,12.713059262834127,3.1554960428672953,821.061779059802,0.19698302097275153,0.038802310551551464,inner_race,14mil_1796rpm,12800.0
SEU,DE,59,0.11756710467736403,0.0524849673179457,0.41001059834576636,0.5319433090425357,0.005561125258449039,17.37009082277089,7.6286215032922815,13.074436399134047,18.135277040425255,0.033608446992733285,3.015120878243513,1.537123632734531,2800.0,0.2014942846582643,0.08849255012066355,1.713866180605699,-0.2353261608081363,3250.7291545687867,0.08860162497351991,4.012280797064454,2.2090479053674903,792.8872931410549,0.19867163622591497,0.039470419040682284,inner_race,14mil_1796rpm,12800.0
SEU,DE,60,0.12025458120867641,0.05617270699401547,0.43727254538666505,0.5013959702041568,0.005158777388565216,17.30640323803661,7.322987386745413,12.782245942607192,15.898839978299375,0.033236305572448846,3.015120878243513,1.537123632734531,3925.0,0.2099039028138599,0.0888182028115575,1.745496102552767,-0.16011026065199221,3221.25104688781,0.09320012429730672,11.160375965229338,3.087779973766894,813.9722191366916,0.20725587183089683,0.04295499640838514,inner_race,14mil_1796rpm,12800.0
SEU,DE,61,0.11136252687983408,0.05096296677177856,0.4256098006261678,0.5182935212465228,0.005133711262106747,23.214795035963338,10.154113988793663,17.520891749776187,23.797546226577566,0.03298789403614645,3.7808400798403197,1.9511707784431138,2800.0,0.19215568986092488,0.08404858950597867,1.7254968546849767,-0.2986554963694092,3251.3431788053713,0.08997389823553349,7.299662887192408,2.618094277736553,783.165220285359,0.18930295294312743,0.03583560799298792,inner_race,14mil_1796rpm,12800.0
SEU,DE,62,0.11241319981131487,0.05559111790421892,0.46733785244505727,0.4722381520386685,0.004832877466028968,22.73719910593424,10.284845849007002,17.357132273773423,23.90350961025041,0.03262582549744261,3.7808400798403197,1.9511707784431138,3962.5,0.18971317675427277,0.08581403405724994,1.6876414609023285,-0.2795867864767543,3193.431752156617,0.08898601502759564,10.220692997515853,2.9574721221115463,798.5460490715978,0.1868867168763162,0.03492664494480837,inner_race,14mil_1796rpm,12800.0
SEU,DE,63,0.11661303623222306,0.04918984255503974,0.43421962078850185,0.5122310772995831,0.004359459311455077,20.266460716983264,9.23022417677411,15.369715766491867,16.469717905064364,0.03248083945390469,3.405777365269461,1.792309221556886,3812.5,0.19417829808151896,0.08843720897230632,1.6651508643924897,-0.110033389265574,3242.434228862666,0.07980704466184704,7.907828084631175,2.7005842626183716,770.6958990691403,0.1914424365552343,0.036650206514204905,inner_race,14mil_1796rpm,12800.0
SEU,DE,64,0.11223339490939996,0.05834689311103473,0.4939604498542728,0.44296923741480004,0.004723419391344689,21.102832284363345,9.437150254091904,15.969482372013445,18.608264345479622,0.032003289690150954,3.405777365269461,1.792309221556886,3950.0,0.18992059819962592,0.08493216443201992,1.6921932937423723,-0.05494042421665884,3172.3169889220094,0.08714989937684046,8.815516989414313,2.8645436647572406,811.1226991506904,0.18720476241140885,0.03504562306951203,inner_race,14mil_1796rpm,12800.0
SEU,DE,65,0.11365319532809381,0.045841903055610735,0.4441610609799404,0.5055172731646145,0.00447976266146664,18.066743783119236,8.164269263099108,13.721916714586392,16.70393177056346,0.03147148913111278,3.068562035928144,1.5595396806387225,3812.5,0.19102011832063592,0.08632101608126458,1.6807280936466364,-0.13344875034881268,3250.6090627943836,0.08039841110315896,11.28578440596122,3.1344260657500427,757.9667346195382,0.18840974225103116,0.0354982309751,inner_race,14mil_1796rpm,12800.0
SEU,DE,66,0.11467483932525574,0.05012900758456248,0.4833088055529333,0.4623410893924572,0.004221097441131101,18.4037653151547,8.475668792849522,14.160595310800073,20.222381235070547,0.031616237232566125,3.192824910179641,1.623863992015968,3950.0,0.19159125158193266,0.08823542162205181,1.6707348596191756,-0.20155110974888588,3205.853336944351,0.08335024682734431,8.399046162136548,2.802752148914051,776.7234797048654,0.18896460310329422,0.03570762122598551,inner_race,14mil_1796rpm,12800.0
SEU,DE,67,0.11101449692412052,0.045883006083214495,0.45414908162894796,0.49597282176984414,0.003995090393558994,19.14117934638343,8.677058885755331,14.627494939925683,19.95008924325722,0.0315469167719249,3.192824910179641,1.623863992015968,2800.0,0.1871445167534566,0.08483615155733776,1.6857664713949179,-0.12363622797654532,3241.7858171923995,0.07656623777266489,7.700354605347835,2.738190656390539,755.0544039965247,0.18446642565266463,0.03402786219307005,inner_race,14mil_1796rpm,12800.0
SEU,DE,68,0.11089972952532434,0.049610362782786986,0.45644039362102895,0.49039775491624593,0.003551488644171484,21.28778499154955,9.475420357760042,16.180570375816387,21.387436727603014,0.030934215904129238,3.3728030339321355,1.794420878243513,2800.0,0.1893763875893848,0.08429345180608647,1.7076361538477878,-0.2285177947029892,3226.465384051348,0.07612341130567439,6.798748042109382,2.6284692546738464,770.4701138446211,0.186832787440539,0.03490649046280162,inner_race,14mil_1796rpm,12800.0
SEU,DE,69,0.11012395901556263,0.052994257175244815,0.46956993211779524,0.47368568532578437,0.0037501253474862004,21.339620322232044,9.651261153283007,16.29455473890043,21.32430996110647,0.030852443141061628,3.3728030339321355,1.794420878243513,2800.0,0.1859260515018927,0.08408869750948893,1.6883342477327552,-0.24093626326181367,3210.1508073739506,0.0770785680896555,6.948859957709839,2.6548126171809603,786.8731157701209,0.1833483661757367,0.033616623379312024,inner_race,14mil_1796rpm,12800.0
SEU,DE,70,0.11027148310800275,0.053630847758142905,0.4529872486302566,0.4894829226681292,0.0038989809150585582,17.318432532989313,7.718916290470439,13.124853000938636,18.207207280673497,0.03054993943753119,2.88907121756487,1.447297005988024,3775.0,0.1875000261079158,0.08356974588959569,1.7003491820661687,-0.12606592663380706,3221.2401092396735,0.07740899816660375,6.869813623328664,2.655652013803098,790.7834836244737,0.18499448908232993,0.03422296099083229,inner_race,14mil_1796rpm,12800.0
SEU,DE,71,0.11361710744526571,0.06101938424012606,0.4608576927810661,0.4735161408077377,0.004606782142066551,16.97273521381493,7.338189836770442,12.738372226957544,17.928216832995595,0.030152734784337575,2.88907121756487,1.447297005988024,2962.5,0.19722806825408912,0.08527187797108854,1.735901156866737,0.026970838173848585,3186.0078041479196,0.0845139051186647,5.413172714921629,2.420197106096028,817.7957176790234,0.1949095264276865,0.03798972349226502,inner_race,14mil_1796rpm,12800.0
SEU,DE,72,0.10900602778817364,0.0608325042973126,0.4321909193689846,0.5015609820799152,0.005415594072058436,16.421345988123534,7.462339076012241,12.533636019674613,16.720172561164507,0.030205478613086326,2.724361996007984,1.366241876247505,2775.0,0.18308493655016325,0.08319914075469921,1.6795854345407735,0.12475405222929914,3223.5752746670205,0.08809583506138736,6.715727724002441,2.626172594018966,836.5349154482576,0.18057608660432226,0.03260772305333169,inner_race,14mil_1796rpm,12800.0
SEU,DE,73,0.10880219073571606,0.0711902825279365,0.45997010703794666,0.46356262556837957,0.005276984506946853,19.590349386066233,8.806307281350728,14.948807033146473,19.60649947588324,0.029811129264907685,3.165210938123752,1.6264629540918163,2962.5,0.18469295950371906,0.08302368283684869,1.697511403537306,-0.04654152317944708,3152.140746496328,0.09194602511770127,7.835817851571978,2.696952541092208,857.9352640730493,0.18227118769074113,0.03322278586219338,inner_race,14mil_1796rpm,12800.0
SEU,DE,74,0.10747391870555764,0.07518880599959711,0.42795076237535656,0.4917262207986735,0.005134210697855519,19.92278601838289,8.921917913916403,15.133559599215669,19.08209423795134,0.029288687761196357,3.165210938123752,1.6264629540918163,3950.0,0.18229969943512486,0.08163832872526301,1.696222689474687,-0.02707683871024531,3175.345058273963,0.09104729815213962,5.531975231321455,2.423655451010175,877.2177473814655,0.17993152359540562,0.032375353183364014,inner_race,14mil_1796rpm,12800.0
SEU,DE,75,0.10989561392839323,0.06895493859521935,0.461361785759665,0.46457188084327455,0.005111394750286578,19.511295294687603,8.619814993503407,14.80302776606985,19.325803795118404,0.029016402702407684,3.190713253493014,1.6267878243512974,3675.0,0.18872653596131436,0.08337672101114824,1.7173254619996619,-0.000160606195732122,3165.693299453293,0.08837413930052786,8.139150721091303,2.749221573367254,845.642285645967,0.186482582967335,0.03477575375016898,inner_race,14mil_1796rpm,12800.0
SEU,DE,76,0.1097630008732535,0.06343882280876982,0.4413091446973128,0.49057862134419716,0.004673410999990961,19.521955019089262,8.614388396979678,14.820912433232362,19.577340273633844,0.028806379155751,3.190713253493014,1.6267878243512974,3950.0,0.18884542342224453,0.08333119417397317,1.7204834226453938,-0.020427631548910294,3202.133196838415,0.088631660367239,6.121517938433666,2.531317129325083,841.566389356847,0.18663543733027213,0.034832786467461935,inner_race,14mil_1796rpm,12800.0
SEU,DE,77,0.1103390586600237,0.05528493252049276,0.43026069676360135,0.5091948170409165,0.0052595536331906095,20.378451965266215,8.939209852344293,15.45899809296799,22.327103528195995,0.02908167814761103,3.4030159680638725,1.7057312974051897,3762.5,0.19081454911340565,0.08370269244751766,1.7293472631603892,-0.047532491207287544,3245.2168097098297,0.08655711279308861,6.8424385343791165,2.648550935237912,806.3742795500517,0.18858538689270457,0.035564448149471066,inner_race,14mil_1796rpm,12800.0
SEU,DE,78,0.11941607330261353,0.0779262205629816,0.4545259340416301,0.462855113502019,0.0046927318404335555,19.19437319150974,8.108981437236679,14.283933897932467,19.705465356496166,0.029089926806543164,3.4030159680638725,1.7057312974051897,3962.5,0.21035086966316408,0.08886621513432316,1.7614954490264616,-0.01884780743897748,3144.738606509804,0.09064541153185088,6.978160752961564,2.5444565312641334,882.8904861200674,0.2083297014984647,0.0434012645264394,inner_race,14mil_1796rpm,12800.0
SEU,DE,79,0.11267810866548154,0.058847111430411866,0.42809718424444565,0.508385550178123,0.0046701540643280595,20.464648004371096,9.141356712350053,15.537408721873948,20.785907405152862,0.028418216301771458,3.26462123752495,1.7507258283433134,3962.5,0.1915170672618067,0.08554878774212835,1.6996830132318075,0.06809705328157879,3232.8069059042523,0.08047995291413401,6.126025624741482,2.5020693814586634,816.5043515691441,0.18939691664541197,0.035871192034789126,inner_race,14mil_1796rpm,12800.0
SEU,DE,80,0.11236378717175025,0.06761526979529234,0.46192136845990245,0.4661604585723638,0.004302902995751573,20.32196220470487,9.336295352193146,15.58087238255235,19.77533326257431,0.028088349258514222,3.26462123752495,1.7507258283433134,3962.5,0.1875182566854056,0.0861494481048681,1.6688495591447114,0.22341648338646247,3165.9714022396242,0.08399141430019672,9.68999895377661,2.8627752875418864,849.2168553138551,0.18540264622239183,0.034374141226265385,inner_race,14mil_1796rpm,12800.0
SEU,DE,81,0.1136050517129803,0.05201189598266939,0.4477525606038969,0.4960676052566042,0.004167938047409565,20.065942087764938,8.91855914012735,15.206168904837869,20.635095357281468,0.027963508978137475,3.447035888223553,1.7274976047904191,3962.5,0.19369693889429676,0.08609102912958909,1.705002867158286,0.09760906432975847,3253.8732237384497,0.07627910256065533,13.561887257034535,3.3099495524428506,798.2135666949595,0.19166780194558122,0.03673654630265055,inner_race,14mil_1796rpm,12800.0
SEU,DE,82,0.1153732786575287,0.05520660870482525,0.45093528805826244,0.4894740474852338,0.004384055712611704,19.68768379725398,8.8810478274626,14.973117041410275,20.47875992782108,0.02794510812359656,3.447035888223553,1.7274976047904191,3962.5,0.19451506605431507,0.08774509091980484,1.6859628877472486,0.09537516172315162,3225.6077775033414,0.08050709578721146,8.896933864201086,2.8797214896750565,798.8435828059422,0.19249722557500684,0.03705518185407507,inner_race,14mil_1796rpm,12800.0
SEU,DE,83,0.11622685622894835,0.04856074999747678,0.4593710649313185,0.4878394734328699,0.004228711535953406,20.214871487468418,8.952209862862606,15.289412249616316,21.063388350453586,0.027994282821076598,3.37101624750499,1.7770403193612774,3925.0,0.1985029782124703,0.0879075744044625,1.7078925185883984,0.003989945590868842,3244.20284083835,0.07665071846139425,9.912852512363065,3.0240564937139105,774.0851027176907,0.196519089374427,0.03861975248855403,inner_race,14mil_1796rpm,12800.0
SEU,DE,84,0.11592562154986902,0.04751954187252041,0.47827544795448673,0.4700713111061667,0.00413369891695569,20.3340927700024,8.926148136379974,15.329142044727602,20.697779123117297,0.02745383703296532,3.376051736526946,1.7770403193612774,2925.0,0.1990825485092119,0.08739216150242181,1.7173300073579536,-0.12149067350307367,3222.926934253287,0.07847267112577552,7.410094008529132,2.716446924701879,763.9643133479774,0.19718049587393294,0.03888014795309008,inner_race,14mil_1796rpm,12800.0
SEU,DE,85,0.11521124009792913,0.049459392004909765,0.4706222780263098,0.47586398962976373,0.00405434032951868,18.852773366847032,8.370086173940459,14.258213570738183,18.80327204327336,0.026890786746818864,3.278753093812375,1.6427064670658682,3962.5,0.1962592060497887,0.08713341189124987,1.7034727330681372,-0.05375830446922946,3233.9347182616025,0.07377855927917952,8.061386380959771,2.8286498843184744,778.2835485963639,0.19440823425830123,0.03779456154743052,inner_race,14mil_1796rpm,12800.0
SEU,DE,86,0.11392603558507983,0.047138664237967726,0.44752014259442097,0.5010541567545295,0.004287036357792389,19.36295254139139,8.201640128470478,14.419061091958186,19.41097746570755,0.027058773858532933,3.278753093812375,1.6427064670658682,2925.0,0.2002899958221181,0.08483760230028566,1.7580704427526732,-0.09437852691714965,3250.4496889839784,0.07536510529549867,5.896927908472337,2.522404675417404,758.3895543356268,0.1984537860150238,0.03938390518369686,inner_race,14mil_1796rpm,12800.0
SEU,DE,87,0.11284847519804142,0.048063818032193686,0.44775215258964257,0.5000591748143589,0.004124854522879292,20.7596046695619,8.875409116357208,15.49380027916666,19.99342357750622,0.026982156507297902,3.469939241516966,1.748451736526946,3962.5,0.19699956515858896,0.08422374916852618,1.7456998405416475,-0.022518215901062934,3257.441382167246,0.07499442682703668,6.017771803618633,2.5688941895083977,757.5034107720442,0.19514300372518822,0.03808079190288882,inner_race,14mil_1796rpm,12800.0
SEU,DE,88,0.11298426081430887,0.04655664142629148,0.43362316495464115,0.5153171158801771,0.00450307772638921,20.8620425638908,8.843683277638817,15.475179674809304,19.62869446472122,0.026617946489832834,3.469939241516966,1.748451736526946,3762.5,0.19770628160643114,0.0838101893030007,1.7498568400723002,-0.06695296186318865,3263.972762427623,0.07999919807246159,5.397106656809708,2.458179543552223,751.7496520049167,0.1959062498015463,0.03837925871130586,inner_race,14mil_1796rpm,12800.0
SEU,DE,89,0.121521067610872,0.05836055771966274,0.41334548351314665,0.523620859621538,0.004673099132030698,17.836729462542984,7.5155691187131755,13.104838883373768,14.54099141147632,0.0264184717089259,3.0841558083832337,1.592514011976048,3775.0,0.21189533178675896,0.08928284836748335,1.7436921511032013,-0.06096999868244172,3247.2305845086007,0.08109084133090312,6.357005279406758,2.5872633967583614,811.238717118979,0.2102419938679838,0.04420169598558534,inner_race,14mil_1796rpm,12800.0
SEU,DE,90,0.1143201469911739,0.051885102347460875,0.4573531002531884,0.4857518473828132,0.0050099499416456465,18.533548622252912,8.147546184547341,13.930300597837737,16.201259835488553,0.02620162715584456,3.0841558083832337,1.592514011976048,3800.0,0.19545934148816665,0.08592601689154897,1.7097541127484477,-0.14105750843338558,3223.2093417162005,0.0839700872489394,8.701550509744896,2.8017935675626795,785.4278863544847,0.19369519588614958,0.03751782890937386,inner_race,14mil_1796rpm,12800.0
SEU,DE,91,0.11159769297342814,0.06103015534964983,0.441674888353952,0.4922234192688662,0.005071536940904295,20.55189350726842,8.635627820404592,15.274457796389004,20.608704729537262,0.026258812570172155,3.2712810778443115,1.7045942514970058,3800.0,0.19739088887889836,0.08294098307263785,1.7687721279856379,-0.2591551284963004,3217.4676387257878,0.08972437393911607,6.621104367043648,2.6100467788762884,826.4899434477563,0.19563649397493857,0.03827363777480617,inner_race,14mil_1796rpm,12800.0
SEU,DE,92,0.11173990302597929,0.05926397783639076,0.45986660294930987,0.47498933760952183,0.0058800815518504764,20.652373555442026,8.624936545348184,15.255018174668464,18.933356058603774,0.026376911158152445,3.2712810778443115,1.7045942514970058,3800.0,0.19763557013255592,0.08253745008635266,1.7687107718950326,-0.1429476146219598,3196.4912444940387,0.09337013660445907,7.318090888429012,2.654811635886764,811.4750774902017,0.1958674989358249,0.03836407713937537,inner_race,14mil_1796rpm,12800.0
SEU,DE,93,0.10935913384169162,0.059447093966248504,0.42850820629710823,0.5060442246358566,0.0060004750309561065,22.050809791106904,9.367722689534697,16.55853299797217,25.12825921169449,0.026406971174837826,3.4926801596806385,1.8108268263473055,3712.5,0.19330491373002534,0.08212064969503353,1.7676156251370252,-0.264426488127435,3235.2968424505366,0.09140248377677107,6.160189666718859,2.548332819338753,826.8173849408429,0.19149271930165865,0.036669461545543826,inner_race,14mil_1796rpm,12800.0
SEU,DE,94,0.11076648195795907,0.06442002592584505,0.4714220411130107,0.45866886503249793,0.005489067913574392,21.71521145528101,9.299171508921281,16.348147872337382,25.29435019469,0.026290696809505985,3.4926801596806385,1.8108268263473055,2787.5,0.19472990949893387,0.08338978554624772,1.7580219761140625,-0.3710975999472078,3167.0093929129057,0.09257016143882216,7.573098632483697,2.717362318027401,831.1167425657984,0.19294697954291384,0.03722853691473361,inner_race,14mil_1796rpm,12800.0
SEU,DE,95,0.11565079844217815,0.05937065065466608,0.3997109934362888,0.5355822108645365,0.005336144862608507,18.97688420487355,8.442627563410214,14.288293700596238,15.869148657910085,0.02619234741454591,3.102510978043912,1.6524525748502994,3950.0,0.19572728542615322,0.08707712799480143,1.6923989117464748,-0.26127883363022203,3257.016671916485,0.09006411466466023,7.1779188509947325,2.6817239103880053,831.766119906125,0.19396683014682325,0.03762313119720658,inner_race,14mil_1796rpm,12800.0
SEU,DE,96,0.11427842781234407,0.05747091660672847,0.49851476657955296,0.4392330050540807,0.004781311638064094,19.449133175048228,8.230110800495243,14.459881943456397,17.670895589136354,0.025805850155158433,3.17690626746507,1.6524525748502994,2937.5,0.20078132784686978,0.08496278780024354,1.7569486358052773,-0.1906763439932608,3152.7535237138554,0.09041981635282191,8.365892422883826,2.8091942110999084,801.4135640579511,0.19911604583689813,0.03964719970972171,inner_race,14mil_1796rpm,12800.0
SEU,DE,97,0.11081502214321357,0.05206283055719608,0.4370145378295227,0.5061833668190268,0.0047392647393461555,20.48149375784089,8.905053097620767,15.421916333611994,20.40172637225515,0.025436484725860777,3.2334336926147706,1.7089800000000002,3937.5,0.19191126445462764,0.08344020315147935,1.73181632546721,-0.13690788721059413,3240.250923348694,0.08744853780545787,6.444041712823994,2.5866250771516515,799.8867891013784,0.19021808186753716,0.03618291866936507,inner_race,14mil_1796rpm,12800.0
SEU,DE,98,0.1109822161146457,0.04862952740639436,0.4401255591982027,0.5067084802714372,0.0045364330913989954,20.32274531035113,9.045415621256922,15.398683319087873,19.77503777729455,0.025362246795471555,3.224174890219561,1.7089800000000002,3750.0,0.18893327532500112,0.08409198530523103,1.7023743257192776,-0.04534728461861644,3235.7693578327976,0.08316484005291107,6.083394129427566,2.5071921298155453,765.9983912771042,0.18722323296674018,0.03505253896251827,inner_race,14mil_1796rpm,12800.0
SEU,DE,99,0.10971636422467565,0.050410623278088734,0.45688055702501196,0.48760184169404963,0.005106977866882592,20.292388029606606,9.06803091754666,15.369075467933573,18.682009198901486,0.024927288664857786,3.1293127744510976,1.6862390818363273,3812.5,0.18595427134830905,0.0830971238760122,1.6948635936159393,-0.31316588619619307,3232.0397692531537,0.08534112934290693,7.688370000358599,2.725299575401913,792.1711163250785,0.1842759379639659,0.03395762131249941,inner_race,14mil_1796rpm,12800.0
SEU,DE,100,0.11509322082397705,0.0471260496470925,0.48226267583157373,0.46605770880038283,0.0045535656718437316,19.192392503969906,8.762426226899922,14.651072146249623,17.195860272885827,0.024656669200661178,3.250814251497006,1.6862390818363273,3812.5,0.19243974650077086,0.0878597643043999,1.6720337229513038,-0.30284527308905573,3206.821432575718,0.0814126072115402,6.2320656942423724,2.5332469685335526,763.9204570926374,0.19085362112679477,0.03642510469721012,inner_race,14mil_1796rpm,12800.0
SEU,DE,101,0.11341033577376497,0.049484592279155304,0.4504010859641494,0.4955074533079393,0.004606868398439911,18.0557478953043,8.200955031062728,13.795701767268811,16.89559865462562,0.024424596354166668,2.933740878243513,1.5645751696606787,3812.5,0.19077963038872217,0.08665247093240444,1.6822067326323438,-0.17710892464996084,3232.033839799872,0.08246648492607202,8.106902118152458,2.6851710866615535,778.577778143395,0.18920968913930777,0.03580030646419348,inner_race,14mil_1796rpm,12800.0
SEU,DE,102,0.11176369723443738,0.04261724684828528,0.4499788217543083,0.5033017069312602,0.004102224372734546,21.154106848291864,9.226005639160872,15.942125951562987,20.681393259094506,0.024289048679983785,3.4350156886227547,1.7817509381237526,3812.5,0.19312268036786145,0.08422718817209833,1.727955366068144,-0.18252180253807834,3256.607092512696,0.07856870041774984,6.447412643090637,2.55099367495623,747.9044328730771,0.19158917450286317,0.036706411786688556,inner_race,14mil_1796rpm,12800.0
SEU,DE,103,0.1128177013551023,0.048852307488969675,0.4348162184413634,0.5120295835806719,0.004301890435440807,21.01870943354177,9.163192173645356,15.793185969243922,19.920932322919747,0.024069904020084833,3.4350156886227547,1.7817509381237526,3812.5,0.19444653177179036,0.08476975923557062,1.7235463002366544,0.055348663689663964,3247.6029274203765,0.08010922949916693,5.704562264563556,2.450975607764153,771.0016160563746,0.19295101305394013,0.03723009343854178,inner_race,14mil_1796rpm,12800.0
SEU,DE,104,0.11613469332818738,0.04327682152223941,0.4018614627102346,0.5507699698896473,0.004091745863225559,21.004916134328127,9.147225499221136,15.835841006830169,20.41922958745507,0.023636611484063125,3.659176167664671,1.8390905389221557,3687.5,0.20105446608687516,0.08755524312313478,1.7312179532666547,0.03299720934915865,3290.761412854059,0.07358051124173137,7.431078679280894,2.686826255840059,749.180511314913,0.1996602337247703,0.039864208931029904,inner_race,14mil_1796rpm,12800.0
SEU,DE,105,0.11633496124937626,0.05409724802448478,0.3827508201976471,0.5587539170322006,0.004398014585978217,20.996165396397885,9.241102708817138,15.808579976056134,19.51454204654084,0.02356308737992764,3.659176167664671,1.8390905389221557,3512.5,0.19901202236043097,0.08759173421436617,1.7106811247723521,0.00017839253080116635,3259.744066623391,0.0784497015096266,6.463853433144774,2.5393480554936865,787.4553647979993,0.1976121604484769,0.03905056595711458,inner_race,14mil_1796rpm,12800.0
SEU,DE,106,0.11594901918818612,0.05071992396410213,0.40244620384374735,0.5422080286013821,0.004625843445324719,16.70142590643805,7.272303398199619,12.416340948547711,14.328175256996428,0.023446337130426646,2.8788378043912175,1.4396625548902195,3687.5,0.19796513924964024,0.08619997855005061,1.7073463892639,0.08663124288340472,3271.0715006791334,0.07969165858401048,6.207909871091331,2.5400651355079304,787.2332465119223,0.1965717823933431,0.03864046563329583,inner_race,14mil_1796rpm,12800.0
SEU,DE,107,0.12263654010338697,0.06352520973619286,0.3713165578356243,0.5595172771709886,0.005640955162538989,18.880642202524246,7.811285111374676,13.822740045853909,16.08741785988902,0.023358853757329094,3.379625309381238,1.695173013972056,3500.0,0.21701589300633392,0.0897836522608018,1.769585906642358,0.08539535431141454,3244.5937437348452,0.0890442067026682,5.758153205528437,2.4518630720931203,837.6060706642478,0.21575509673813106,0.04655026176848029,inner_race,14mil_1796rpm,12800.0
SEU,DE,108,0.1152972958185192,0.05803375683115289,0.4159639615450832,0.5209118424026583,0.005090439202340165,19.664878622584666,8.567720007767958,14.70262595438752,17.297255374809712,0.023057143194080587,3.379625309381238,1.695173013972056,3962.5,0.19785579038940587,0.08620307536631262,1.7160488369201286,0.10316582186414809,3237.212374412407,0.08681962204422242,8.96029338894092,2.808967136484019,820.7165141805639,0.1965077147043957,0.03861528193834418,inner_race,14mil_1796rpm,12800.0
SEU,DE,109,0.11635304484780438,0.06593817803826539,0.4117039867896648,0.5169188987902338,0.005438936369938928,20.4043453307174,8.802938922388238,15.257473796721454,19.464978393403022,0.022616553767465068,3.5336138123752496,1.7752535329341317,3900.0,0.2016660059311766,0.0870036996610523,1.7332249980648622,0.04103447921482326,3217.472978618721,0.09033627110207625,6.285649384112281,2.589749656107807,844.8476446093047,0.20039378594137275,0.04015766944391672,inner_race,14mil_1796rpm,12800.0
SEU,DE,110,0.11772842941070982,0.060819536036097556,0.430268517012574,0.5042382990508945,0.004673647881723814,20.03862809303998,8.78736618169,15.079225483769479,19.15759499872464,0.022345379105071107,3.5336138123752496,1.7752535329341317,3962.5,0.20202339315655013,0.08859157047536258,1.7160119621724261,0.021002991056751835,3217.546427193669,0.08664328298818634,9.349120392473372,2.879163312265301,821.6909405726446,0.20078380267127297,0.040314135415136676,inner_race,14mil_1796rpm,12800.0
SEU,DE,111,0.11854195339789171,0.06804571932308422,0.387458528505063,0.5386968761880763,0.005798875969343913,21.051965703685138,9.326212557307839,15.845865421286106,19.168701340390225,0.02247029869947605,3.6430950898203593,1.8783998403193614,3762.5,0.20141079015483984,0.08922681457677599,1.6990675822490873,-0.016795307078977483,3229.89507093003,0.09189230826692762,6.758486737211214,2.6180111234178103,851.090505021758,0.2001534213226276,0.04006139206715327,inner_race,14mil_1796rpm,12800.0
SEU,DE,112,0.11888887295721058,0.05922889349536586,0.4399976870878965,0.49632955370650483,0.004443865651218675,21.059395264048124,9.254584771907373,15.799626942341511,19.441770745318912,0.02253152912924152,3.6430950898203593,1.8783998403193614,3762.5,0.20296965089361027,0.0891953361797668,1.7072215914323732,-0.05644302439522169,3199.104713845958,0.08654298245945194,7.800378710989248,2.6731333367416847,808.6094893367142,0.2017151689362309,0.04068900937897217,inner_race,14mil_1796rpm,12800.0
SEU,DE,113,0.11780314322526822,0.06248718416375779,0.38345362231857205,0.5490231888539678,0.005036004622883544,19.242462819649592,8.481010103946842,14.479505815421387,15.932377567016562,0.022302073645677396,3.185028023952096,1.7057312974051897,3812.5,0.20112360161101406,0.08864412593087453,1.7072855282512869,0.10304893596327161,3251.00979954726,0.08645645219059135,6.777210606893709,2.6060728954993166,829.6683534800452,0.1998832675240443,0.03995332063608867,inner_race,14mil_1796rpm,12800.0
SEU,DE,114,0.11960833050695484,0.06412052626425056,0.44369754269426603,0.48803345630970146,0.0041484747193710975,19.06499352886611,8.237957161279454,14.2609740490108,16.469974122906905,0.02213662458286552,3.185028023952096,1.7057312974051897,3750.0,0.2070575585683513,0.08946928278903213,1.731129911192194,0.13135811595166566,3193.1643786971867,0.08384289628445867,6.344680061524867,2.5684025979261853,825.4353868990323,0.2058708391500931,0.04238280241236351,inner_race,14mil_1796rpm,12800.0
SEU,DE,115,0.11426129598225424,0.06486548661595191,0.4503160704970199,0.48022452468260546,0.0045939181340639386,20.89752878251543,9.147823522244774,15.686057174034216,17.92461314284957,0.02186457746616143,3.2902859880239523,1.792309221556886,2975.0,0.19592739378919208,0.08576656312857804,1.7147310653611114,0.11724229318454356,3190.290040722889,0.08646939897712891,7.805119007594694,2.672221427093826,828.7187142284083,0.19470357954914788,0.037909483889251354,inner_race,14mil_1796rpm,12800.0
SEU,DE,116,0.11571543937515594,0.06219421792286998,0.4852831290546547,0.44818196721446707,0.004340685755395526,20.537839806756864,9.023739852929875,15.488937614851197,19.34943839299228,0.021593006233626498,3.4402136127744507,1.792309221556886,2937.5,0.19862155278944016,0.08726863382035066,1.716465441966633,0.09022638294017161,3166.321750092822,0.08398468657289998,5.99588473261816,2.504224813448409,817.3833009867524,0.19744432965847092,0.03898426331428294,inner_race,14mil_1796rpm,12800.0
SEU,DE,0,0.3569357313692927,0.06400549913439615,0.4868699832649295,0.44793913814034997,0.0011853793813027906,12.253444415419374,6.579411461372546,9.610200242873507,4.949124789567329,0.02053241904862151,6.174971457085828,3.430223852295409,3075.0,0.5213572478988603,0.27993956115546714,1.4606473997400218,0.3015160280870006,3015.5573043360287,0.027897551733537435,31.320730537115104,4.96120615941345,683.0448048172872,0.5209527806862014,0.2713917997046855,inner_race,21mil_1797rpm,12800.0
SEU,DE,1,0.36014953579169784,0.05914029314848575,0.49855184426942856,0.44108131323121547,0.0012265492681523436,12.212514212028942,6.525935351066881,9.524443353105893,4.686095859673969,0.020077156526790166,6.174971457085828,3.430223852295409,3075.0,0.5256294565858096,0.2808777777238324,1.4594755909662522,0.33170589639087017,3024.9844670602783,0.028508643282891967,37.94098560317011,5.223333369844247,661.5557003156961,0.5252458790095285,0.27588323341649224,inner_race,21mil_1797rpm,12800.0
SEU,DE,2,0.3698621333992172,0.06698409733891497,0.49449061671504846,0.43719510970897496,0.001330176181934329,9.268399578599013,5.032357681366477,7.226665880378812,2.8674664320134475,0.019975436285631858,4.791430239520958,2.6728700598802395,3075.0,0.531136741288718,0.2883852856378753,1.4360397924689041,0.32814191988065106,3006.1513920438992,0.029582475850155332,58.324509064859605,6.307186081922918,693.1505555073984,0.5307609818854409,0.2817072198919973,inner_race,21mil_1797rpm,12800.0
SEU,DE,3,0.3497122062515594,0.061083291270463,0.5342182774172274,0.4034341109317972,0.0012643203739791274,10.195721451439496,5.430286056804628,7.907811149843169,3.52995969040587,0.020012515593812376,4.8876730538922155,2.7654580838323355,3075.0,0.5092656362673513,0.27123711617699114,1.4562420961109375,0.3279273776704848,3008.938051833816,0.028645346840158663,41.45159343859285,5.4105408506314,664.1894052862158,0.5088722703217357,0.25895098750239764,inner_race,21mil_1797rpm,12800.0
SEU,DE,4,0.35905301935192113,0.06986397004562483,0.4981896517561986,0.43051112257833546,0.0014352556050119787,9.852592809258455,5.327908630997805,7.702088367962749,3.5810235747988504,0.019957788914358784,4.928687924151697,2.7654580838323355,3075.0,0.5190513342783102,0.2806832817888954,1.4456119467124402,0.33191703005252454,2997.9510650123557,0.029573624727977536,45.62723704834155,5.700184602117679,703.4199271986387,0.518667498767509,0.26901597427774393,inner_race,21mil_1797rpm,12800.0
SEU,DE,5,0.34686641891997255,0.05736988708146582,0.5246699811804028,0.4167683593757755,0.0011917723535340276,10.90161645523468,5.782432011533127,8.476104021420747,4.450608523576946,0.020060897151010483,5.287263473053892,2.940075848303393,3075.0,0.5084497046293632,0.2696917342832808,1.465837212528407,0.33407044778730666,3023.43695168866,0.026632729409199096,35.03844710502165,5.097290300680784,651.7276494062513,0.5080537988669933,0.2581186625431833,inner_race,21mil_1797rpm,12800.0
SEU,DE,6,0.3444804546668382,0.06405612059699665,0.5120482129960112,0.42257743435115097,0.001318231954630137,11.104165229881106,5.729191938946035,8.534811796933056,4.818808639767851,0.019485672161536304,5.287263473053892,2.940075848303393,3075.0,0.5131746116441442,0.2647723432997649,1.4897060332217031,0.355890203247861,3006.4454339284534,0.027932072274266917,34.72780073937418,5.162621833052865,683.1397519228594,0.5128045345124509,0.2629684906165315,inner_race,21mil_1797rpm,12800.0
SEU,DE,7,0.35858764429149514,0.06077689017270526,0.5202635684286574,0.417748666377233,0.0012108749170091594,10.964242644040478,5.829710080291092,8.52406127916525,4.136150699940167,0.01927945568823291,5.531322255489022,3.0566230538922157,3075.0,0.5243181928078987,0.278781047914296,1.4621758478149949,0.34948370520372923,3019.270946095029,0.02725500435002189,44.51886545077347,5.752213485674309,666.295937889674,0.5239636150513758,0.2745378698977063,inner_race,21mil_1797rpm,12800.0
SEU,DE,8,0.34882805312227105,0.0686324227965121,0.510650568435848,0.4194613326883761,0.0012556760016889873,11.270349817364245,6.007021556107925,8.762549418067616,4.350376283184783,0.019600677502417042,5.531322255489022,3.0566230538922157,3075.0,0.508841698892232,0.2712092440274455,1.4587178248358168,0.35394653981650503,2999.3261569537362,0.02858535459281,46.241724606741144,5.873431044949454,698.8936633845626,0.5084640478666895,0.2585356879729791,inner_race,21mil_1797rpm,12800.0
SEU,DE,9,0.349132817275605,0.0587019929870251,0.5287722807941797,0.4114417249841976,0.001084001181516546,10.51176844893864,5.446867188217521,8.101219812785601,4.682589758056619,0.019239600389065616,5.137823153692615,2.8284016966067864,3075.0,0.5192712799616428,0.2690700152258745,1.4873173023770225,0.32842906313964515,3019.522595643458,0.0274808501215373,34.04588391354803,5.12528506365877,656.3187281021173,0.5189147328510454,0.26927249996987185,inner_race,21mil_1797rpm,12800.0
SEU,DE,10,0.35037963379880865,0.05963870691813639,0.5289660169939107,0.41026696911715244,0.0011283069258337614,10.414914020776566,5.403401689410716,8.07239183950652,4.885478016041471,0.019465248799276448,5.271426047904192,2.8284016966067864,3075.0,0.5234483496108997,0.2715722559940915,1.4939462774582062,0.331522887204311,3015.1506519851873,0.02718657303616006,36.9904535534453,5.278858031898645,657.7619513567759,0.5230863014833756,0.27361927879955694,inner_race,21mil_1797rpm,12800.0
SEU,DE,11,0.3398027115690494,0.05972212571382432,0.5129701139068638,0.4260113409259864,0.001296419421499222,10.36622949183609,5.464595640028102,8.038036818407804,4.031658746982873,0.02007358739552146,5.1743710578842315,2.731346706586826,3075.0,0.4998259498982399,0.2634850703177944,1.470929845115945,0.353863211491649,3021.0816649654016,0.02803724264615248,31.441688556150666,4.900977346587605,659.7186870574404,0.4994226980031566,0.24942303128075216,inner_race,21mil_1797rpm,12800.0
SEU,DE,12,0.33674594892246756,0.06888099032974859,0.49036870788426157,0.43947469979672615,0.0012756019419643662,9.757066094251153,5.183415283637145,7.552661144255522,3.5216922789485032,0.01931613842627246,4.665543013972055,2.5433280439121755,3075.0,0.49066646308291745,0.26066524704702987,1.4570820069342203,0.35791900684750205,3005.5074031947793,0.02921360212069873,24.181488861642546,4.508749001495267,700.602516924382,0.4902861050352101,0.24038046479059705,inner_race,21mil_1797rpm,12800.0
SEU,DE,13,0.3533967394312936,0.06021218678808795,0.4898517148987938,0.4488333657452862,0.0011027324766820234,9.263739367892352,4.947783669887031,7.19680676172917,3.4779689549985378,0.01949102585843937,4.665543013972055,2.5433280439121755,3075.0,0.5140338005057212,0.2745465888998584,1.4545516218766874,0.38548859441532607,3033.505039425782,0.02632592301763431,30.634955284128047,5.042487317662992,664.8871979105988,0.5136641392713153,0.26385084797334113,inner_race,21mil_1797rpm,12800.0
SEU,DE,14,0.33887731514510044,0.06516975452151291,0.5040074253292541,0.42966671954339636,0.0011561005279754001,9.789453484510837,5.16075187825549,7.5878437088402215,4.057416517176133,0.0193801845040388,4.680974351297406,2.5713481037924155,3075.0,0.49825067440785753,0.2626651332335231,1.470298105361572,0.36374318155895047,3012.7443685282674,0.027879723088395945,21.767901554766144,4.3306755660109015,685.397160274245,0.49787362151099573,0.24787814299647426,inner_race,21mil_1797rpm,12800.0
SEU,DE,15,0.3369930121202907,0.06601911267925459,0.4946344895469071,0.43816569146580053,0.0011807062923701616,13.515197702379119,7.018483380099628,10.4512543997251,5.954782647502526,0.018680039920159684,6.446644211576846,3.521999700598802,3075.0,0.5018177731367381,0.26059549983340713,1.4891043881871733,0.36668192042887204,3010.094124865948,0.02944279689765967,20.89029943630877,4.264410256447109,687.7040017793968,0.5014699727246847,0.25147213354449605,inner_race,21mil_1797rpm,12800.0
SEU,DE,16,0.3432629843340662,0.059261777539162556,0.5219060241348896,0.4176007000208195,0.0012314982589056035,13.358520924918833,6.910129180927715,10.260353901634685,5.262847127447978,0.018611631570842696,6.446644211576846,3.521999700598802,3075.0,0.5096865208134876,0.2636519207773148,1.484828088301699,0.35262081986123806,3021.40883959367,0.02736184659189119,21.397388460813463,4.319996877258842,661.0747949512488,0.5093465977791831,0.25943395666922897,inner_race,21mil_1797rpm,12800.0
SEU,DE,17,0.3501648910674744,0.0607408158835874,0.5017713192965975,0.43626205796806666,0.0012258068433400864,9.953317873814736,5.256510902245863,7.694639820562899,3.8057333977240457,0.01825471844397144,4.862089520958083,2.694392714570858,3075.0,0.5125819701847606,0.27070297047975195,1.4638302789927318,0.3316957758950756,3023.909281710123,0.026283229897610012,25.60062694524067,4.688560279408906,666.8649640115696,0.512256811973274,0.2624070414130222,inner_race,21mil_1797rpm,12800.0
SEU,DE,18,0.3566361226277913,0.0611000258744458,0.5028546327262141,0.4348669335357465,0.0011784078052512685,9.737194005160049,5.261661334931522,7.601704211546405,3.734918815703826,0.018178576976905565,4.878739121756487,2.7110423153692613,3075.0,0.5152445478333972,0.2784213104856074,1.4447346052243284,0.31685810908787687,3017.864225500409,0.026010902933140095,25.910713150170366,4.621497271682967,667.5370535092884,0.5149237646595237,0.26514648341113656,inner_race,21mil_1797rpm,12800.0
SEU,DE,19,0.3572276069930452,0.06374234919605863,0.49406414333039805,0.44105375934979385,0.001139747994880393,9.621052088330362,5.315744728821959,7.589117588613587,3.4148603287428143,0.017912280127245505,4.842191217564871,2.7110423153692613,3075.0,0.5100023521953555,0.2817823134600382,1.427667801176645,0.30508836076883694,3017.063809435382,0.02720024873743758,35.252042023453896,5.021467256740434,682.2654605179828,0.5096876979734144,0.2597815494654385,inner_race,21mil_1797rpm,12800.0
SEU,DE,20,0.3523180686478605,0.0678203969814694,0.5157952185472428,0.41521871639918284,0.0011656679465459928,11.352281725655924,5.9693365963409,8.797926189733829,4.520578540753078,0.018330265055825842,5.6088850299401205,3.0996683632734534,3075.0,0.5192651332768697,0.27304364339974635,1.4738532578522723,0.3638740051541997,2996.6147985326,0.028344240309481312,24.761575959893083,4.542809725824958,695.6403861666182,0.5189414996124596,0.26930028002002837,inner_race,21mil_1797rpm,12800.0
SEU,DE,21,0.3348582750514596,0.06655128972231478,0.48094627833130155,0.4511905758060779,0.0013118560911312444,12.05378323197071,6.170737824194323,9.256657500242781,5.598844043564952,0.018546792352794408,5.6088850299401205,3.0996683632734534,3137.5,0.5023173000674613,0.257153152966289,1.5000892541486912,0.327407302915368,3016.7874863406423,0.029046643459656626,19.83578506999277,4.194884993664588,696.5973988167981,0.5019747866581412,0.2519786864404864,inner_race,21mil_1797rpm,12800.0
SEU,DE,22,0.34752809620017777,0.06277007663032624,0.5268332694655088,0.40899385663525367,0.0014027972234442886,12.501531324352817,6.518379004117144,9.683389162471638,5.675207885312226,0.0184153293510635,6.0661399201596815,3.365249800399202,3075.0,0.5162709621937662,0.26918700702239096,1.4855517232666904,0.3442513956897444,3008.475111563174,0.027468059681433395,25.954717950371542,4.660059717255342,673.0262989849709,0.5159424212539312,0.266196582049369,inner_race,21mil_1797rpm,12800.0
SEU,DE,23,0.3390165112645802,0.05887440781447762,0.5323435346916627,0.4072686493074699,0.0015134080934116887,12.865349944194527,6.6318075106599,9.9265070832283,5.751122887066641,0.018121470876606163,6.0661399201596815,3.365249800399202,3075.0,0.5074408138339259,0.26157468043982485,1.4968026540686732,0.35922908221880223,3018.7591413133305,0.02923994362526132,24.499030279168394,4.442534939710472,657.334185156626,0.5071171381818065,0.25716779183770544,inner_race,21mil_1797rpm,12800.0
SEU,DE,24,0.35655641202945676,0.0619988873420887,0.506736802804943,0.42997382171754417,0.0012904880331712368,10.2131092576205,5.527506640183412,7.990635084731906,3.6079472716836616,0.017856958592580466,5.0777221556886225,2.8491121756487026,3487.5,0.5154425604731909,0.2789661898038387,1.4456129327176646,0.2942624508655384,3017.8083863237553,0.028020830291684364,25.140720968863256,4.666116801515935,675.0270919815754,0.5151331499495854,0.265362162176982,inner_race,21mil_1797rpm,12800.0
SEU,DE,25,0.3584004631849582,0.06315951296974442,0.5145624458796393,0.4210149784343109,0.0012630626864627893,10.237659703055222,5.503129189786446,7.949521466378165,3.1547896103896544,0.01786409685511789,5.0777221556886225,2.8491121756487026,3075.0,0.5177258387712438,0.27829721423524584,1.4445456743287277,0.2720926923346945,3015.3661905903377,0.026868762807055687,30.310514362918752,5.04942573704839,679.4719938731769,0.5174175472236509,0.2677209181749389,inner_race,21mil_1797rpm,12800.0
SEU,DE,26,0.3582426282688529,0.05910695299256659,0.523492247414699,0.41605295300344075,0.0013478465497269768,11.6462622301512,6.253470379511752,9.061640943042722,4.059765291743356,0.017057869758529815,5.978018862275449,3.2462660678642714,3075.0,0.5191143270623004,0.2787388780805536,1.4490579459257344,0.2593306279444029,3020.5537786006635,0.027336287840800173,30.142179925341367,5.048176934097027,660.9719697039411,0.5188339942993772,0.2691887136406461,inner_race,21mil_1797rpm,12800.0
SEU,DE,27,0.3600959988226672,0.06055580316027754,0.5125476168313894,0.4254632331925081,0.0014333467818514675,11.501299766530229,6.284338836975901,9.015001773076982,3.916725874644679,0.017175849375467817,5.978018862275449,3.2462660678642714,3075.0,0.5165644552397199,0.28225210487176283,1.4345187309179384,0.2787429766376534,3018.756065249665,0.0279984032594256,29.465954866733803,5.04233834224196,666.2850934667781,0.5162788264255468,0.2665438266153398,inner_race,21mil_1797rpm,12800.0
SEU,DE,28,0.3541335667532123,0.06100368363210133,0.529123062155815,0.4085254476445625,0.001347806522111992,12.583965540546828,6.767187625385855,9.82270146059703,4.449864580591299,0.017669975771114024,6.295579540918164,3.4785483033932136,3075.0,0.5140316030760078,0.2764270366272837,1.451519006765673,0.2609611518860478,3010.0960793948393,0.026881713519768955,32.11060060983032,5.248484884914989,664.3577991723477,0.5137278081991851,0.2639162609171387,inner_race,21mil_1797rpm,12800.0
SEU,DE,29,0.36250892984538735,0.057738074428037994,0.5233501153108492,0.41758886118699556,0.0013229490431096156,12.337309341730784,6.585092806589077,9.595758937240083,4.300860382065932,0.017237912602529316,6.295579540918164,3.4785483033932136,3075.0,0.5282459041294848,0.2819535611080992,1.4571941837537228,0.31064354238544306,3022.5559448163613,0.02645476717826399,39.78184927285031,5.577903028214101,652.2915851298962,0.5279645722950399,0.27874658959868437,inner_race,21mil_1797rpm,12800.0
SEU,DE,30,0.3502798964083552,0.06381302696328504,0.5116437479796652,0.4234280826401979,0.0011151423242143957,11.225350054482021,6.0058964653417215,8.735504914389484,4.136446249493968,0.01720023843913735,5.691320858283433,3.059871756487026,3075.0,0.5094779395789878,0.27258586517444866,1.4544880959569544,0.25230661470872834,3017.7558942820287,0.026874488167790277,38.19715134904399,5.477935034926148,682.7038422808278,0.509187512332429,0.25927192271528754,inner_race,21mil_1797rpm,12800.0
SEU,DE,31,0.358415532850315,0.06350037688415566,0.5086060461958561,0.42671980626664363,0.001173770502443806,11.061127101722931,5.782025406847134,8.53721860811462,4.75496758309505,0.017925168656826973,5.691320858283433,3.059871756487026,3075.0,0.5292041354338386,0.2766329080524178,1.4765100475007873,0.28187847780767744,3007.341275141137,0.028235379222612007,35.95967021968081,5.238887014458729,678.4999083565161,0.5289004682252615,0.27973570528890085,inner_race,21mil_1797rpm,12800.0
SEU,DE,32,0.34550122620969,0.06013428616379236,0.5037929688357509,0.43485761786459937,0.0012151271018259113,12.51179581358055,6.495061645215562,9.648518434133148,5.648654974090297,0.017129648954045035,6.150200099800399,3.3335749500998006,3075.0,0.5132476229160046,0.2664345710055045,1.4855160676173889,0.33458393088812516,3024.8915670253364,0.02755839430783025,26.597524096946735,4.728745148835097,668.0969112558712,0.5129616920937082,0.2631296975556403,inner_race,21mil_1797rpm,12800.0
SEU,DE,33,0.3498091676510261,0.0652302441753359,0.5026663999387325,0.43070225759587405,0.0014010982152986597,12.361293351962237,6.467614165079901,9.529695783803517,5.277889040062906,0.016531224611324224,6.150200099800399,3.3335749500998006,3075.0,0.5154257605684828,0.2696784919816362,1.4734484062541147,0.31735760180249434,3005.2012429824713,0.029796844942879142,37.74727723259553,5.379408196198461,688.1732247832593,0.5151605897877368,0.26539043327044887,inner_race,21mil_1797rpm,12800.0
SEU,DE,34,0.3544886953144492,0.05814511083439668,0.5104373038061452,0.43015789068364163,0.0012596945839184574,11.028553683907647,5.712254062173997,8.437044300366992,4.353803944958272,0.01706223203008046,5.465129940119761,2.990836826347305,3075.0,0.5235825987069346,0.2711903040116126,1.4770078866478116,0.30219621146992015,3032.7722605679987,0.027322147068410515,34.93403884567933,5.343959838087371,658.4184575424687,0.5233045173766977,0.2738476179068585,inner_race,21mil_1797rpm,12800.0
SEU,DE,35,0.36600529049323227,0.05964769946046136,0.5187552078516992,0.42040086539048926,0.0011962272737230891,10.05488608760935,5.364556773976565,7.805427731554067,3.7932861255112558,0.01634503493013972,5.331120958083833,2.8568278443113773,3075.0,0.532537535658087,0.28412334256395505,1.4549995573573111,0.29492937842439293,3018.489723013328,0.02837206738358375,42.13040217447197,5.56044753221963,661.9496773250886,0.532286639619971,0.2833290667179209,inner_race,21mil_1797rpm,12800.0
SEU,DE,36,0.36667311461062246,0.05994432134038572,0.5120748900407359,0.42678339621960876,0.0011973923870293656,13.050081070886337,6.935530375457275,10.157923710619928,5.6148768317258515,0.016090436899638225,6.992020159680639,3.7246375249501,3075.0,0.5370371584169619,0.28541106409365236,1.4646210398797643,0.32359484485228535,3021.076599816917,0.026930156196572064,36.534241070431925,5.352936156677864,662.9521135992568,0.5367960575124819,0.28815000736094376,inner_race,21mil_1797rpm,12800.0
SEU,DE,37,0.36068391405665234,0.06383531980264098,0.5149912822315722,0.41988004480708674,0.0012933531468901616,13.29211192823068,7.045257288815705,10.32659727754056,6.091259611768745,0.016353164618029565,6.992020159680639,3.7246375249501,3075.0,0.5286730309853885,0.2802141258711089,1.465751619026598,0.3057773133961675,3006.5550295243033,0.02951741009604778,35.523572176616184,5.276971598109099,680.4910138927856,0.5284200485392784,0.2792277476982533,inner_race,21mil_1797rpm,12800.0
SEU,DE,38,0.35656216229650073,0.06495377076022725,0.5198905082343379,0.4140893330031479,0.0010663879892918466,13.540281017793447,7.138490995243123,10.50747012339912,6.497363752607518,0.016747950193363267,7.118313473053892,3.7465662674650697,3075.0,0.524840091548994,0.27669782204236837,1.4719455596989597,0.32153171911022294,3004.048902605584,0.02759731993430788,41.187457237981874,5.684814130447013,684.1297676973047,0.5245728051104794,0.27517662786147706,inner_race,21mil_1797rpm,12800.0
SEU,DE,39,0.3748724005602077,0.06022174274076654,0.529878907711271,0.40876141703567764,0.0011379324346950867,12.806163519392781,6.804883757155983,9.994244073093183,6.082857648261712,0.016493947018073225,7.118313473053892,3.7465662674650697,3075.0,0.5505702082750787,0.2925596148910269,1.468686965090812,0.2621399585104214,3015.7918744606395,0.02716423540214207,37.69683657104863,5.431517059444373,662.8657845405877,0.5503230905130445,0.30285550395182853,inner_race,21mil_1797rpm,12800.0
SEU,DE,40,0.382486745551865,0.0589403510888182,0.5253712004674053,0.4147156347637336,0.0009728136477353116,11.866186696434086,6.261297757262508,9.241074270570781,5.858635063685144,0.015736299763753743,6.720753493013972,3.534588423153693,3075.0,0.5645137094868085,0.2978706229370109,1.4759039785086112,0.3183090661185339,3020.16130681351,0.025140961426752286,34.41496504806034,5.354008066096876,657.8506575602754,0.5642943354919506,0.3184280970683021,inner_race,21mil_1797rpm,12800.0
SEU,DE,41,0.352094601373425,0.06979640689683306,0.4963375393319419,0.43263891975199015,0.0012271339955702044,12.869427737291455,6.735581074831806,10.038746431686903,7.395620092263771,0.015095244130878864,6.720753493013972,3.534588423153693,3075.0,0.5247636965370437,0.2746500073901184,1.4904054038036472,0.3040070302433483,2997.8755044922623,0.029455190776404006,28.70351758327654,4.8464913515725705,707.1426189752392,0.5245465382669602,0.27514907080785156,inner_race,21mil_1797rpm,12800.0
SEU,DE,42,0.3612375259734437,0.05730295601026281,0.5234763448468925,0.4182720899490698,0.0009486090972022196,13.188493754295893,6.832086831382732,10.246694357092318,7.612987377344908,0.014479767272096428,7.028568063872255,3.7014905189620757,3075.0,0.5417803681826068,0.2806605961167012,1.4997898314208795,0.3260094118313506,3022.6603661906233,0.0245692454539961,30.069472752898626,4.855093864397937,649.6950812833164,0.5415868385474548,0.2933163036878269,inner_race,21mil_1797rpm,12800.0
SEU,DE,43,0.36050050036645453,0.06724522133703037,0.5172101460486844,0.414162671080373,0.0013819613328705945,13.411829721474723,6.802400044897943,10.267643221575147,6.855872466904996,0.0149780576542228,7.028568063872255,3.7014905189620757,3075.0,0.5441447863299856,0.27598699027883805,1.5094147879874058,0.32786882200086515,2995.464936019241,0.02917583291416063,47.769200292330964,5.794562250066024,693.489959451328,0.5439386052478832,0.2958692062790125,inner_race,21mil_1797rpm,12800.0
SEU,DE,44,0.37627883656515093,0.05773580464557257,0.5234733552309182,0.4179062035586887,0.000884636384128508,10.244914328807578,5.450844423089291,7.958171775222826,3.8706983254437723,0.015276278400230787,5.506144810379242,2.994491616766467,3075.0,0.5493628847820472,0.29229054735443555,1.4599887939403884,0.23710916541046145,3024.087237882333,0.024054306113389733,51.37433997514993,5.991892620879622,649.8372858512064,0.5491504479596565,0.30156621449429144,inner_race,21mil_1797rpm,12800.0
SEU,DE,45,0.38357255459783557,0.06600960988705892,0.49223032797570204,0.4404876008952798,0.001272461068637526,10.221814048965374,5.535985403028384,7.999528548166146,3.670497877210668,0.014853138059817864,5.580052794411178,3.0683996007984033,3075.0,0.5542643951192281,0.3001815124106057,1.4450053542030865,0.23499223814631812,3010.82883706396,0.028481415854505466,37.24961493237859,5.311810194892854,690.8635268155986,0.5540653427048653,0.3069884039866598,inner_race,21mil_1797rpm,12800.0
SEU,DE,46,0.3659884362622411,0.05946659087373704,0.5127265304042968,0.42678607437069993,0.0010208042903682149,10.767196360869464,5.713575525929355,8.38387035430761,4.4921482525835605,0.014570978404519087,5.463099500998004,3.0683996007984033,3075.0,0.5370366746485434,0.2849766548281494,1.4673596798116906,0.24809896219984306,3022.3136834530214,0.025417499375297938,31.58396993169331,5.013472300206764,662.8950368549982,0.5368389670151567,0.2881960765059005,inner_race,21mil_1797rpm,12800.0
SEU,DE,47,0.37036260491711886,0.06612069431633218,0.5163570752551766,0.4162109199907846,0.0013113103904828364,12.215527099491078,6.290502574540424,9.442714509732957,5.714637302604043,0.014742693275558261,6.496999101796407,3.497228343313373,3075.0,0.5559537257750627,0.28629369120380194,1.5011065328787072,0.3311632537144735,2999.60553489922,0.028481057114191567,42.43509919764978,5.653043055322718,690.9156416010494,0.5557582191908245,0.30886719819815645,inner_race,21mil_1797rpm,12800.0
SEU,DE,48,0.3671904403595153,0.054997532221557836,0.5250826529936854,0.4189574709994929,0.0009623437502751621,12.214869464204106,6.502743388551378,9.524290283508593,4.775575888124826,0.01318020692014409,6.496999101796407,3.497228343313373,3075.0,0.5378081425557304,0.28630910494476125,1.4646572553173325,0.27831109540173554,3034.604650149734,0.024013985323265742,33.37668460184452,5.220367757228713,639.3954498147356,0.5376466128832088,0.28906388034478697,inner_race,21mil_1797rpm,12800.0
SEU,DE,49,0.3685730821560005,0.06483165558213354,0.5018356777430523,0.4320307569569192,0.0013019096842048288,11.292884426490817,6.211349036539138,8.88588576310359,3.5830589006472593,0.012639483532934133,5.855380339321357,3.275098303393214,3075.0,0.5272764876240227,0.2900143293515426,1.4305887031675584,0.22036804862033393,3013.9713670534697,0.027286498570749187,32.08586401307441,5.159383642572702,687.7233947708901,0.5271249736610351,0.2778607378571469,inner_race,21mil_1797rpm,12800.0
SEU,DE,50,0.36940468974161056,0.057098972815860426,0.5113551833888904,0.4303766895106934,0.0011691542054522803,11.363421003646435,6.065591956654573,8.865881766915477,4.851128318476481,0.013262098654253995,6.048678143712575,3.275098303393214,3075.0,0.5399470203069129,0.28821411283998544,1.461668016950712,0.26287378517205495,3032.330848853254,0.026094350136621248,32.90543191981832,5.230084862476369,652.7493549088971,0.5397841248847529,0.29136690147759853,inner_race,21mil_1797rpm,12800.0
SEU,DE,51,0.3903455760354292,0.05544556153776808,0.5339839386196145,0.4092271077352198,0.0013433920498796147,10.852739745214414,5.816089804959515,8.474520066971179,4.300132146064574,0.012942859690774702,6.081571257485029,3.3079914171656686,3075.0,0.5687655328748307,0.3048070344287348,1.4570820518872933,0.2793364159896532,3027.6719251590052,0.026448745204990357,44.52025339922972,5.713629739613885,640.064510723624,0.5686182495923033,0.32332671376941496,inner_race,21mil_1797rpm,12800.0
SEU,DE,52,0.368784255756066,0.05776639830229502,0.49186015042327524,0.44921886265108724,0.001154588601024261,11.485054534152253,6.155871139888229,8.969990897208351,4.473889468564067,0.012670614289000128,5.9889832335329345,3.3079914171656686,3075.0,0.5373717776076987,0.28802574749026577,1.4571440326431553,0.2742835359852793,3037.85477146999,0.026017770140893855,32.120731146706525,4.972158117132128,655.2647233742714,0.5372223775149332,0.28860788290279743,inner_race,21mil_1797rpm,12800.0
SEU,DE,53,0.35265376527219,0.0641946589127332,0.4994353557201134,0.43507951856212584,0.0012904667812313273,12.38822259599477,6.495527865330103,9.602524347504861,5.3112426948039495,0.014112939891700975,6.061266866267465,3.386366367265469,3075.0,0.5213381325542776,0.27335369065456677,1.4783285587547643,0.2786559312439621,3016.6152837801264,0.027379384678092044,32.318101328701836,4.95465614070511,682.3458322647888,0.5211470746178998,0.27159427338279485,inner_race,21mil_1797rpm,12800.0
SEU,DE,54,0.35634761785023705,0.057982015388887476,0.5091718611321068,0.4316200769515816,0.0012260465071777516,12.37541691815997,6.346436674225083,9.502985842011897,5.3455414836775095,0.014369719057977792,6.061266866267465,3.386366367265469,3075.0,0.5335854655288046,0.2736365481389348,1.4973734600719448,0.28497990245608956,3033.773044370438,0.02588380813465546,45.87693248501229,5.8288122550644035,656.9938053541694,0.5333919386321713,0.28450696019778593,inner_race,21mil_1797rpm,12800.0
SEU,DE,55,0.36682163012841507,0.052896246511554154,0.5244826111410144,0.42139950922699176,0.0012216331085820903,10.66417264286273,5.585635204581577,8.26408630189338,4.746700465959373,0.013387216533729415,5.591829341317364,3.031445608782435,3075.0,0.5427217313253672,0.2842644910490367,1.4795248882552914,0.22918726260027353,3041.1390904768646,0.025465639727395035,47.58625420919504,5.929174626805631,631.3075787285596,0.5425565962056705,0.29436766008628307,inner_race,21mil_1797rpm,12800.0
SEU,DE,56,0.3762134024918913,0.054269625308507784,0.5225874323590382,0.4219550405983555,0.0011879016837810245,10.298834663771654,5.542510981809042,8.057782069174882,4.2100189413283555,0.013369569162456338,5.591829341317364,3.031445608782435,3075.0,0.5469444478742358,0.2943484100629551,1.4538143624110371,0.2635111541160668,3037.4078977395598,0.02621039328761626,41.92179925929751,5.720826515828318,636.408805291343,0.546781019861574,0.29896948368086296,inner_race,21mil_1797rpm,12800.0
SEU,DE,57,0.3657746849562593,0.05518784656886165,0.5235415443281571,0.42003196035032603,0.0012386487423848404,11.289391837507939,6.065231410283005,8.865051111541176,5.080496501860576,0.012605973356022326,5.861877744510978,3.2426112774451097,3075.0,0.5346228458732144,0.28722639129876243,1.4616179518742436,0.3066457106884993,3034.780277722356,0.026471403621604894,48.16670469033753,5.768154757390212,638.9129522217694,0.5344742058933453,0.285662676765322,inner_race,21mil_1797rpm,12800.0
SEU,DE,58,0.36880547225860777,0.05635130844454846,0.5314435979636559,0.41084926524204496,0.0013558283394072483,11.249709201802776,5.940464226619267,8.792199469240463,5.5102236834025184,0.013818883132173151,5.861877744510978,3.2426112774451097,3075.0,0.5458514947224062,0.28823956417695473,1.4800525908131135,0.32673255640357557,3026.43146768792,0.027479982316839367,47.05091632696416,5.894406971941396,643.9048459620944,0.5456765459131118,0.2977628927596644,inner_race,21mil_1797rpm,12800.0
SEU,DE,59,0.35752106889736157,0.054808166415118535,0.516765140521562,0.4269645774540711,0.001462115586215531,11.612216332640163,6.228140320417355,9.073114350778063,5.161335996145111,0.013156214426615522,5.91223263473054,3.243829540918164,3075.0,0.520834370138403,0.2793462891145298,1.4567935023933538,0.3205862376769041,3040.5848081543477,0.027266554289464895,43.81123373904506,5.615980440529328,640.4647874999116,0.520668181416368,0.27109535513942784,inner_race,21mil_1797rpm,12800.0
SEU,DE,60,0.37234208477576103,0.055605639611812085,0.5189137922074966,0.42407852206111074,0.001402046006860968,11.086458757781275,6.07769428208088,8.71196051574918,4.105279221283809,0.012240930541261227,5.91223263473054,3.243829540918164,3075.0,0.5337270007940482,0.2925938400881536,1.4334318429663397,0.28269160919747227,3029.762506849676,0.02711947212565036,42.83819956651322,5.66992032742975,644.0009184635907,0.5335866105854737,0.28471467099609404,inner_race,21mil_1797rpm,12800.0
SEU,DE,61,0.3607864274380926,0.0523115246278675,0.5020349686772083,0.4441004781973466,0.0015530284024312798,11.0162031929767,6.068687002974477,8.663457786444221,3.4782078783551853,0.012624413867577343,5.567057984031936,3.125657984031936,3075.0,0.5150468268506747,0.28373278245490935,1.4275670803582314,0.30310313581916726,3048.399320484488,0.02669938309840771,34.41832285615791,5.164622272656492,630.4650031717686,0.5148920838617049,0.265113858023449,inner_race,21mil_1797rpm,12800.0
SEU,DE,62,0.35507839511406875,0.0659481672533222,0.508829122929578,0.4237873595846654,0.001435350177016997,11.649982685582716,6.432133680222422,9.195000745498945,4.0114406964998235,0.012950592808523578,5.8513194610778445,3.264946107784431,3075.0,0.507599230691289,0.2802533013053249,1.4295413003886732,0.30876824727568525,3005.3589561456006,0.0283716392915836,38.01007393719779,5.420500214054094,687.845852991008,0.5074339968353483,0.25748926114429627,inner_race,21mil_1797rpm,12800.0
SEU,DE,63,0.36049950894110216,0.05467034293469656,0.5016892997325415,0.44231100865674966,0.0013293486505647097,11.492794379777882,6.303011955317468,9.056728308381281,4.243803255123172,0.013919810233049525,5.8513194610778445,3.264946107784431,3075.0,0.5179977653429634,0.2840863587996718,1.4368889623857797,0.3113427646094481,3040.622383648881,0.026227304093383638,47.482117267750176,5.7287197377169905,636.7380989371879,0.5178107026543384,0.2681279237833796,inner_race,21mil_1797rpm,12800.0
SEU,DE,64,0.35714551697386476,0.06316479968974938,0.4863780873285403,0.44925864562888884,0.0011984672931446812,10.040250899306034,5.550831058346864,7.900136133584133,3.410757095552598,0.01313757562999002,5.113457884231536,2.8214982035928142,3075.0,0.5083019414453421,0.2810186948403681,1.4232348364673404,0.30360094619352557,3021.3895787670617,0.02711620642517138,35.63448482692952,5.134740339555822,679.4200138708768,0.5081321361453832,0.2581982677836703,inner_race,21mil_1797rpm,12800.0
SEU,DE,65,0.3419422074795721,0.06660230627474686,0.48814606358405926,0.44399665826627777,0.0012549718446789998,10.507514862052101,5.768290527457964,8.251389099900376,3.5330591280376495,0.012143770856724051,5.01437245508982,2.8214982035928142,3075.0,0.48913940623518215,0.26852193317210116,1.4304739091456082,0.3192137888755059,3011.9841982163653,0.02760774029613931,31.220196752017642,4.840720205156515,689.4823761063616,0.4889886374564198,0.23910988756148593,inner_race,21mil_1797rpm,12800.0
SEU,DE,66,0.35047877633405067,0.06682201073517913,0.4860364007229611,0.4458738629723886,0.0012677255242320266,12.366230228266776,6.831441254810729,9.783775282170234,4.330975544015441,0.01218620386180763,6.029998103792415,3.429005588822355,3075.0,0.5019446791564862,0.27728786586750753,1.4321685450021926,0.33049911234947665,3009.8695246545567,0.028957476532253022,39.505651837307376,5.296667659681306,692.5602505248519,0.5017967291333677,0.2517999573689464,inner_race,21mil_1797rpm,12800.0
SEU,DE,67,0.3712931567529004,0.06066871564418214,0.5007769085814797,0.4373617616948029,0.0011926139875021603,11.759882898721118,6.378724741905262,9.235305112570106,3.938720662460498,0.01258991226531312,6.029998103792415,3.429005588822355,3075.0,0.5375691423546433,0.29158501137755866,1.4478293838105971,0.3271528783263651,3019.7481816988493,0.026291218852187024,53.01442522795818,6.07297408252001,663.2675275726565,0.5374216937573868,0.2888220769210585,inner_race,21mil_1797rpm,12800.0
SEU,DE,68,0.3598864115031656,0.06434969021778493,0.4967917605100873,0.4377911013418421,0.00106744784287048,11.112909430867667,5.994986687610874,8.677225006129493,3.6700536418526344,0.012707495312110156,5.48056127744511,3.122815369261477,3075.0,0.520904471016596,0.2810079024478881,1.4474135570745608,0.28207535114134447,3015.6147852995446,0.02766273887044317,30.66910254265381,4.783898413379973,680.5035067718209,0.5207494478998248,0.27117998748797234,inner_race,21mil_1797rpm,12800.0
SEU,DE,69,0.3580544557369636,0.06013927495450757,0.4846978946523104,0.4541046548631082,0.0010581754889313893,11.11667764056853,6.039898135561496,8.721621304317969,3.977047020931475,0.012750126602264222,5.48056127744511,3.122815369261477,3075.0,0.5170311318455979,0.2809126494650941,1.4440013901835727,0.3043834769208235,3030.2993337298217,0.026096384828854423,37.652898108425646,5.199092338998672,662.5026139609148,0.5168738971636759,0.26715862556916625,inner_race,21mil_1797rpm,12800.0
SEU,DE,70,0.346035009619433,0.06555863288004198,0.48343641093407125,0.44978087698139285,0.001224079176639827,12.289283948297934,6.362738948968409,9.4693385455256,4.645915498505391,0.012612715048418786,5.745330538922156,3.276722654690619,3075.0,0.5149861845615832,0.26663251239665964,1.4882487905716868,0.3112038950240402,3018.26929133614,0.02896397524263187,24.057558743073447,4.407600340388977,687.2182626095567,0.5148317100843774,0.2650516897084045,inner_race,21mil_1797rpm,12800.0
SEU,DE,71,0.3639770325072511,0.05624900010888935,0.5256635571378516,0.416752616017898,0.0013348267183460134,11.542119293766177,6.223138131887709,9.014826012938371,4.428525536144957,0.012747945466488896,5.885430838323353,3.2811896207584828,3075.0,0.5272564341687167,0.28427964893159885,1.4485980902056306,0.31918262916441725,3022.7607493123846,0.02766707540102163,44.89202259862313,5.620178499803152,640.2923212397251,0.5271023024600573,0.2778368372586937,inner_race,21mil_1797rpm,12800.0
SEU,DE,72,0.36550045670377995,0.06646776968837392,0.5087988072361606,0.42329333146928355,0.001440091565515589,11.425461136221095,6.329232335561821,8.977251766932058,3.163614506580882,0.012882581029347553,5.885430838323353,3.2811896207584828,3075.0,0.518418260982866,0.287182248632086,1.418379242691394,0.29294367338726685,3002.9174221447447,0.029224554894541583,24.187329150406807,4.489878153005109,691.7481518498391,0.518258171596475,0.26859153242652134,inner_race,21mil_1797rpm,12800.0
SEU,DE,73,0.3516514342408932,0.06169497838401003,0.5026510451356285,0.4343280668143401,0.001325909569328042,9.302109613223019,5.06486092479419,7.253312161960999,2.8863437724982592,0.013055089040668665,4.5778280439121755,2.550637624750499,3137.5,0.5035948000594199,0.2741999106444358,1.4320851588349854,0.25076031741683447,3022.102572486698,0.026519028374815123,27.185353104683564,4.776372129328731,676.5873939037955,0.503425552884463,0.2534372872970273,inner_race,21mil_1797rpm,12800.0
SEU,DE,74,0.36527579971892155,0.058041831645002456,0.5173764881773885,0.42305823193749914,0.0015234481723629377,9.591060249556293,5.088673750723995,7.436357566463555,3.716545203093558,0.01237120383256924,4.94858622754491,2.7163214570858285,3075.0,0.5337975256714702,0.28321388735009695,1.4613547518949395,0.29168270162605053,3030.013588109992,0.028605785528232983,32.41505790485466,5.032100793545616,660.0130307857245,0.5336541499217606,0.2847867517287169,inner_race,21mil_1797rpm,12800.0
SEU,DE,75,0.35101831001083766,0.058802595202755104,0.5302637963271746,0.40941909129019677,0.0015145171589787988,10.107099027196881,5.358526576407319,7.857563051080881,4.016254460318635,0.011666102121928021,4.990413273453093,2.758148502994012,3075.0,0.5147214376313203,0.27289220136976944,1.4663663488535066,0.3293900567003795,3023.3578213886613,0.02930431739436253,39.00906343785928,5.437617086747997,661.766853966089,0.5145892152178607,0.2648020604185338,inner_race,21mil_1797rpm,12800.0
SEU,DE,76,0.3636704837882828,0.06385431050669817,0.5055794878286664,0.4290720380397127,0.0014941635248880948,12.94303609535407,7.088612749637238,10.211643009924872,4.8229508540717925,0.012249853369433007,6.529892215568863,3.7136731536926146,3075.0,0.5238927960739093,0.28692442224013,1.4405700199164435,0.34227138231858995,3014.9236836382665,0.028968125636558567,29.87481135604797,4.99529063667846,684.5651207157513,0.5237495612127671,0.27431360287056605,inner_race,21mil_1797rpm,12800.0
SEU,DE,77,0.37352287237049336,0.05228993702289832,0.52295817997645,0.4233592014153553,0.001392681523327308,12.673007651135473,6.8759640028963975,9.942291164459299,4.715588915519575,0.012431879064137352,6.529892215568863,3.7136731536926146,3075.0,0.5400949091833938,0.29303802664080913,1.4459486931972385,0.32552594401573604,3039.7887556674527,0.02549766230288639,35.7801289831602,5.192950831302581,626.288193638792,0.5399518120246963,0.29154795930875305,inner_race,21mil_1797rpm,12800.0
SEU,DE,78,0.3840986048898297,0.05595107286254423,0.52690272232983,0.4157978860291081,0.0013483187771909711,10.608700366315219,5.7575483563866765,8.319491529361112,3.7198534016078524,0.012189178137864898,5.6364990019960075,3.195505089820359,3075.0,0.5550114201430337,0.3012155098627102,1.4449711950977449,0.30001996773624623,3029.3850445612006,0.026196961829753583,39.37824859575399,5.348237899757051,644.6744160521388,0.5548775544437804,0.30788910042551043,inner_race,21mil_1797rpm,12800.0
SEU,DE,79,0.36646174272548654,0.0513255382135201,0.5277767986102309,0.4196941999222773,0.0012034632273424729,9.866794381437318,5.260297064919138,7.694865584939799,4.229252010278887,0.012046611172186875,5.045641217564871,2.819873852295409,3075.0,0.5360674154889685,0.28579432623026163,1.46281958793863,0.3169607322537815,3040.4458143964002,0.02513057214735935,33.59668453450379,5.137338376562143,624.1150559846184,0.5359320415018013,0.2872231531082885,inner_race,21mil_1797rpm,12800.0
SEU,DE,80,0.36052588085547654,0.06056328940281415,0.5145250474884299,0.4234393874711002,0.0014722755892249877,13.389103597749564,7.14755644340031,10.506838556390317,6.038344016626825,0.012188583282653442,6.778011876247505,3.7879872255489024,3075.0,0.5299695435139288,0.2829156707836353,1.4699902882322526,0.35457598756417746,3023.368340968951,0.028495558361104012,28.59653188388695,4.90780158407786,669.159483047893,0.5298293645032557,0.28071915548992377,inner_race,21mil_1797rpm,12800.0
SEU,DE,81,0.36001608993926215,0.05436398557506456,0.5221779440223244,0.4221496823354499,0.0013083880292005785,13.477205712530823,7.114754702175995,10.521716477138478,6.1644831607308195,0.01190563048707273,6.778011876247505,3.7879872255489024,3075.0,0.532412905871565,0.2810662170146228,1.4788586420162155,0.33679712837771497,3031.8560730464233,0.027356943040561115,42.85605436892508,5.57277600192223,639.6298015608671,0.5322797744619922,0.28332175830130923,inner_race,21mil_1797rpm,12800.0
SEU,DE,82,0.36137037697066804,0.05818796593140968,0.5017671238670469,0.43875199395173375,0.0012929162345989935,10.98758334279637,5.815963604132849,8.551692502355309,4.510241729463838,0.012105105267979668,5.517109181636727,3.0903283433133732,3075.0,0.5313527651922327,0.2812564188957384,1.4703827404075291,0.30821391929300224,3034.3608831737706,0.025628280661713458,40.43997844309829,5.547755906694938,658.9740749907371,0.5312148600179433,0.2821892275038831,inner_race,21mil_1797rpm,12800.0
SEU,DE,83,0.38216552373768087,0.05602319565725668,0.5151005224795318,0.42751396836500133,0.0013623134798087088,11.086149948330235,5.99996071507693,8.683540231841167,3.892515213313583,0.011585796668381986,5.86878123752495,3.3185497005988025,3075.0,0.5530952381504473,0.29934194612789206,1.4472661812636267,0.3186705931795298,3031.626576793984,0.026411309005771176,43.69972604024502,5.662188821680224,644.3992423885217,0.5529738798354393,0.3057801117802589,inner_race,21mil_1797rpm,12800.0
SEU,DE,84,0.37061997893860715,0.05685988597505889,0.49823866007682543,0.4434945680511506,0.001406885882651039,11.560160137680779,6.069941967040072,8.954049671317145,4.739728626685609,0.011598685197963445,5.86878123752495,3.3185497005988025,3075.0,0.5467185219592882,0.287067796732492,1.4751458448759223,0.3383505949996582,3038.331657688752,0.026464782664462953,48.17406374391406,5.9209598649409845,652.3786488348998,0.5465954745101969,0.29876661275502725,inner_race,21mil_1797rpm,12800.0
SEU,DE,85,0.3828993767835423,0.05244566516336275,0.529296132386506,0.41689387040055786,0.0013643320293380587,11.886239201574124,6.216691193408537,9.182329866316598,4.888279876031431,0.011968288569345679,6.181468862275449,3.515908383233533,3075.0,0.5655594389120369,0.29579653611277756,1.4770445532267202,0.33416847944909783,3038.5721714398655,0.027236461753228663,45.95671606809214,5.743601681441301,628.4839157803754,0.5654327891192894,0.3197142390112188,inner_race,21mil_1797rpm,12800.0
SEU,DE,86,0.3737748926950786,0.060856844244827915,0.5184002466704807,0.4193560911327138,0.0013868178608081431,12.150707156738692,6.462476892632625,9.406486235290748,4.520802932096152,0.011733717330963074,6.229387225548902,3.515908383233533,3075.0,0.5440496641839835,0.2893583342829258,1.4555543318095825,0.3346991132546267,3022.01412027061,0.027867011703909254,39.922845025957955,5.485368155785339,669.5301937181507,0.5439231167879356,0.29585235697630224,inner_race,21mil_1797rpm,12800.0
SEU,DE,87,0.36892840900230783,0.05901241145529514,0.5365812283710255,0.4030998633348286,0.0013064967365769733,12.454200582966228,6.539279323666008,9.641228939544105,5.074445086177475,0.011779322897174399,6.336594411177645,3.556923253493014,3075.0,0.5439319957812958,0.28560028640921875,1.4743564944002272,0.3495307895937207,3016.646899948296,0.028879227263048937,37.358162172237954,5.28627284726671,658.9702754147688,0.5438044350561217,0.2957232635867077,inner_race,21mil_1797rpm,12800.0
SEU,DE,88,0.3646446583395708,0.06442207790283946,0.5171256993012305,0.4170996970046373,0.0013525257334700775,12.567479604961786,6.6173792515642225,9.75449159104553,5.337105117792317,0.01181818677098927,6.336594411177645,3.556923253493014,3075.0,0.5375123773739015,0.28302598176397276,1.4740717163429546,0.33573996546647356,3009.2718087297962,0.028591884864827766,42.37296228013319,5.59353563964337,683.9451205135398,0.5373824395080188,0.28877988629158946,inner_race,21mil_1797rpm,12800.0
SEU,DE,89,0.37506790963970493,0.055065410438249265,0.517534950121717,0.4261213416649001,0.0012782976384349946,11.008956792475772,5.838588369054914,8.542540835363846,4.466658506122839,0.012199092391389093,5.975988423153693,3.2040329341317366,3075.0,0.5487684233938159,0.29103874186531264,1.4631175029635832,0.2880207888860543,3033.9900741323336,0.027742765524913685,47.06260703785302,5.776374765755965,640.1986114519492,0.5486328140559593,0.30099796465896084,inner_race,21mil_1797rpm,12800.0
SEU,DE,90,0.36437241293779626,0.06720962892767439,0.4936132073981357,0.43790595336481014,0.0012712102536675902,10.583841047304876,5.616484014016466,8.224904074239547,4.332987206331378,0.01164984274614832,5.422490718562874,2.9969281437125748,3075.0,0.5335950634299782,0.2831607287295502,1.4644222352834124,0.3164546165412771,3008.3245482728953,0.027410203542686855,37.154817225208745,5.30854407659548,695.5451942806053,0.5334678742725119,0.2845879728808325,inner_race,21mil_1797rpm,12800.0
SEU,DE,91,0.3472094520919099,0.0699304399648056,0.47396006002546315,0.45488781856520905,0.0012216813914533971,12.181355808847023,6.532884191388756,9.502804583732615,4.386113923780403,0.01084460707491267,5.990201497005988,3.2994635728542914,3075.0,0.5050546552169776,0.27086176815046903,1.4546109046688176,0.31829470648506725,3003.9886094653943,0.02948593435648727,38.65935024153537,5.378318132959846,709.1782140701418,0.5049382133031038,0.2549625992537308,inner_race,21mil_1797rpm,12800.0
SEU,DE,92,0.35975435364622316,0.06401205754059715,0.4831749193872391,0.4516138422394028,0.0011991808298787354,11.739286417313151,6.377360046441154,9.171434728761984,3.5383480735831965,0.010736541711498876,5.990201497005988,3.2994635728542914,3075.0,0.5173713807636651,0.28106168088617617,1.438124029688436,0.2562834942955981,3018.3214623158146,0.02674990389690878,39.88404519099427,5.468618885673374,683.1467390295408,0.517259965883093,0.26755787230537853,inner_race,21mil_1797rpm,12800.0
SEU,DE,93,0.37221954460220186,0.06242117036652651,0.493202453681407,0.4431451814923507,0.0012311944536915293,11.26551660021938,6.171350652203269,8.835928518842485,3.214674296742012,0.011475946739333838,5.79690369261477,3.288905289421158,3075.0,0.5329311968761599,0.2919444714463526,1.4317657538529138,0.23587712389253038,3022.7395371888483,0.027819369250836785,38.0334717662435,5.415940949629105,678.4922105642521,0.5328076231157849,0.2838839632502923,inner_race,21mil_1797rpm,12800.0
SEU,DE,94,0.38054414671633296,0.06166182006333,0.5026628897638395,0.4344238078496741,0.0012514821743583489,11.133497088534241,5.8768804661134935,8.642637964085647,4.075655314924479,0.011196166504880867,5.79690369261477,3.288905289421158,3075.0,0.55963453883148,0.2954063097396608,1.4706165990476932,0.32376772616953686,3016.547283379638,0.027766531750028793,40.485426169922356,5.41606644543793,673.6386182796427,0.5595225311895119,0.3130654629087183,inner_race,21mil_1797rpm,12800.0
SEU,DE,95,0.3613743426720777,0.05567188841372525,0.5019762339317723,0.44118040188421026,0.0011714757363400874,11.033745342951512,5.801375873260425,8.563959705876382,4.538574097705998,0.011049038982581711,5.553250998003993,3.0947953093812375,3075.0,0.5334588513124447,0.2804845692182147,1.4761945946907522,0.2913236813237115,3035.186402914748,0.027807365688782823,25.093492533927492,4.417605093018751,645.9467723018381,0.5333444147838754,0.2844562647811545,inner_race,21mil_1797rpm,12800.0
SEU,DE,96,0.36866627613912795,0.06187289054784537,0.4975920446901686,0.43944307895956053,0.0010919857925081923,10.732405328838777,5.832221887246051,8.394571214355711,3.5519608489231222,0.011192795658682635,5.553250998003993,3.0947953093812375,3075.0,0.5306374430213227,0.2883598983226333,1.4393435943706165,0.25542272027980406,3016.9749971844503,0.027701366435947512,29.189684017991667,4.850869199009715,672.2041805985843,0.5305193844352442,0.2814508172615504,inner_race,21mil_1797rpm,12800.0
SEU,DE,97,0.3611090372477701,0.06304520142142042,0.4771930722454617,0.45869614603192205,0.0010655802083697746,9.74700988490571,5.296569787147031,7.615502418512147,3.1518441690290038,0.010684987593173031,4.925033133732535,2.750026746506986,3075.0,0.5192090082869036,0.28214055171583413,1.4378178188064992,0.25762952704114206,3025.957609509587,0.028023140601018532,31.717706799802855,4.9871845991436095,679.2963518871925,0.5190990515560625,0.26946382532640367,inner_race,21mil_1797rpm,12800.0
SEU,DE,98,0.36351522657809376,0.06473734131309307,0.4965507760784169,0.43753243762388555,0.001179444810541995,11.090285914024275,5.985213356125964,8.656513732643285,3.7447862394187768,0.010975871791573107,5.942283133732535,3.1467745508982037,3075.0,0.5257581248423547,0.28374151715231566,1.4463166503134262,0.25999542201820547,3007.7508060143923,0.02804198356231502,28.311277188420906,4.755801272102841,683.3398058731681,0.5256435446918034,0.27630113607616397,inner_race,21mil_1797rpm,12800.0
SEU,DE,99,0.36400062843063874,0.06429358435231322,0.49508211470154945,0.43947911517570093,0.0011451855973140376,11.086623982767248,5.975490568926234,8.644970104764063,3.569276498276781,0.01076251705573229,5.942283133732535,3.1467745508982037,3075.0,0.526613591737902,0.2838352374707996,1.4467381389102454,0.2789974117363606,3016.4199066069727,0.028815336846325885,33.80427939619816,4.943798657404989,686.9621499443532,0.5265036022951018,0.27720604322971876,inner_race,21mil_1797rpm,12800.0
SEU,DE,100,0.3594971779098054,0.062070744024320966,0.5063853164527035,0.4304077071549983,0.0011362322217427273,9.822120000919957,5.287005100482273,7.646258863605276,3.2674998370626485,0.00967274230835205,4.903104391217565,2.7488084830339323,3075.0,0.5199178799322872,0.2798589798105169,1.446236331965671,0.23575670828678372,3014.9340787680703,0.029001348543861407,33.504038349865915,5.044741115649375,675.3283470947848,0.519827894528103,0.27022103992952057,inner_race,21mil_1797rpm,12800.0
SEU,DE,101,0.35905182964149823,0.06042158203060502,0.49607711658245857,0.4422843179841543,0.001216983377304269,11.832543631269834,6.3104955012901724,9.213130651551316,4.364483515370905,0.009782592237400203,5.964211876247505,3.3079914171656686,3075.0,0.5242047025450465,0.2795672274914455,1.4599694508406993,0.2862541616566107,3021.9286071072665,0.028708215030244528,42.84289577042676,5.554417297346806,667.5159543799904,0.5241134143097822,0.2746948710594574,inner_race,21mil_1797rpm,12800.0
SEU,DE,102,0.3562375696361184,0.05759351782868977,0.5024233214179503,0.43878884327772705,0.0011943174654830747,11.887519799252322,6.337540607821355,9.285913949347458,4.809241505462924,0.01107045377019399,5.964211876247505,3.3079914171656686,3075.0,0.5219676877625327,0.27827431398883795,1.4652235818240635,0.27905132493236434,3028.114704638296,0.027871252317835417,40.71239790637749,5.374940435590065,653.5156391180557,0.5218502774948834,0.2723277121214869,inner_race,21mil_1797rpm,12800.0
SEU,DE,103,0.3617917327454466,0.06001157038887729,0.4877236297944636,0.45100334265555,0.0012614571407831563,11.391108286149883,5.985719744063745,8.816729547890938,4.50117273975361,0.010857693889564621,5.7644166666666665,3.189819860279441,3075.0,0.5329049799638382,0.2800271738403058,1.4729606337875756,0.2778385468897435,3031.495887295288,0.027688251240743263,51.76561632847117,5.977342978056686,665.1646500288383,0.5327943582224379,0.28386982815365946,inner_race,21mil_1797rpm,12800.0
SEU,DE,104,0.35314491739177895,0.0592217817541899,0.4999864452743892,0.4396736421405838,0.0011181307360251904,11.642485307294283,6.199572471071351,9.032608720064502,4.130636892733306,0.010411949051116514,5.7644166666666665,3.189819860279441,3075.0,0.5145225537992956,0.27398100801389424,1.4569728416294443,0.2863094994406887,3029.8984921366537,0.027272655696685185,45.82630424889561,5.6119822996903945,660.5014449315645,0.5144171941966034,0.2646250496851059,inner_race,21mil_1797rpm,12800.0
SEU,DE,105,0.3683099578674682,0.0655389739439913,0.48626197559319406,0.4468969550276737,0.0013020953652327055,9.240819719125158,5.17277639388595,7.291301049757278,2.5572769709366936,0.010497409916495136,4.785338922155688,2.6854587824351297,3075.0,0.5191523038980097,0.2906082862840837,1.4095527226684985,0.2649405087631212,3014.7553252687762,0.029932966805939622,44.882273119215725,5.46496229174391,687.9977926503227,0.5190461627135456,0.2694089190276565,inner_race,21mil_1797rpm,12800.0
SEU,DE,106,0.3618720381989926,0.056058791406223295,0.4807871094814506,0.462077543786413,0.0010765552935638274,9.888509468197986,5.522645945874816,7.802560973671912,2.9202288726989103,0.009981472163095686,5.090310878243513,2.823528642714571,3075.0,0.5112637439348485,0.2855363239318525,1.4128301995350792,0.28123038037308273,3040.6899837587875,0.027197756023924845,40.651483845597625,5.263402046780294,649.1033501629871,0.5111662998239768,0.26129098607573575,inner_race,21mil_1797rpm,12800.0
SEU,DE,107,0.35511864698337703,0.06324099870334457,0.48753145941826065,0.4479648274839404,0.001262714355782639,10.171491882659401,5.492166496334031,7.95094447081158,3.9095472708394183,0.01026680437952221,5.090310878243513,2.823528642714571,3075.0,0.5141010645979596,0.27759238028083066,1.4476881711650147,0.3000547758745111,3021.918109894391,0.029387854169929426,45.88146141238978,5.665165744145648,681.0909397953441,0.5139985382747582,0.264194497348588,inner_race,21mil_1797rpm,12800.0
SEU,DE,108,0.35331345970169037,0.05783032252679863,0.5090269378016493,0.4319274663545013,0.0012152732614488027,10.594441442725714,5.703741734968782,8.29040444572651,4.136547226161998,0.00984009490784057,5.357110578842315,2.929111477045908,3075.0,0.5135420944970153,0.27647625340900583,1.4535027760635248,0.29560557031789714,3028.5285283114854,0.027855038070069393,35.407056580495635,5.034313371145509,654.6421354523543,0.5134478117127251,0.26362865535258606,inner_race,21mil_1797rpm,12800.0
SEU,DE,109,0.35885116515016846,0.06087593989707463,0.48538065036457934,0.45261082882406156,0.0011325808614438052,10.399936535136614,5.628488078415847,8.162468904957192,4.166118954102408,0.009249998538080086,5.357110578842315,2.929111477045908,3075.0,0.5204082226412593,0.2816470530516974,1.4502063060697714,0.28601523986333377,3029.2906548433643,0.02694374481877554,30.189121970223816,4.833485032167972,668.5943331568292,0.5203260090747723,0.27073915571968005,inner_race,21mil_1797rpm,12800.0
SEU,DE,110,0.3562784163606381,0.06026042750429645,0.5134693984220925,0.42510192710669265,0.0011682469161416696,9.725391679367466,5.2225548126287995,7.596798528939519,3.6107967012173736,0.009363615883467437,4.97051497005988,2.706575349301397,3075.0,0.5182473801436329,0.2782998812318715,1.4546134605556456,0.24521557114577786,3018.433715306793,0.026218101261047427,45.07503200859996,5.611094196609845,661.1785185795012,0.5181627830357233,0.2684926697233261,inner_race,21mil_1797rpm,12800.0
SEU,DE,111,0.3375509863086328,0.06608264274258778,0.4866277840578525,0.44594896324049893,0.0013406099331311064,9.627967158867273,5.169673372388877,7.504572497344849,3.315333786327365,0.008984693113772455,4.564021057884232,2.5331758483033933,3075.0,0.49000694353980573,0.26310599179499283,1.4516531232759544,0.2701176440129343,3015.0358033417315,0.02730485665457646,42.1250972724869,5.542703417735485,686.2878634992921,0.48992456562911163,0.2400260800068737,inner_race,21mil_1797rpm,12800.0
SEU,DE,112,0.33807247604400575,0.06527316456229704,0.49091019935893027,0.442536204620335,0.0012804314246190373,9.620338368525147,5.188732284898099,7.492996407000191,3.211435827825934,0.0094137820062999,4.4759,2.5331758483033933,3075.0,0.48820708204126245,0.2633146310727679,1.4440900003279598,0.2573671790147028,3015.617105218941,0.027605976737220084,43.620527690868364,5.584501630010809,685.8991902080943,0.4881163136626165,0.2382575356635818,inner_race,21mil_1797rpm,12800.0
SEU,DE,113,0.3479062258295908,0.06343992709689344,0.5013551113183305,0.43390109102275237,0.0013038705293184957,10.305045397594,5.577749054417647,8.052744366730197,3.3654013246044983,0.009930116329840314,4.949804491017964,2.801599900199601,3075.0,0.5022814531214341,0.2718668178651316,1.4437265441965916,0.26705597151617555,3012.48218401077,0.028774488554296894,40.65555641127879,5.421687857504055,678.351754397716,0.5021832842095159,0.25218805093945534,inner_race,21mil_1797rpm,12800.0
SEU,DE,114,0.36975446460594436,0.05472217592393053,0.5104317171452466,0.4335905040191712,0.0012556028239967985,11.766529113781926,6.178031054501899,9.111193814545771,4.482806591552493,0.009448680178705086,6.071825149700599,3.3689045908183632,3075.0,0.5453039262992148,0.2863125190309881,1.4747730683397087,0.3111054069805867,3033.1247980983435,0.027269923463697568,46.46799070729549,5.650902450343185,640.0525256022819,0.5452220597886883,0.29726709448022,inner_race,21mil_1797rpm,12800.0
SEU,DE,115,0.3582717761742141,0.05216019420926513,0.5130133052418405,0.43351878872014027,0.001307711735886185,12.285112095263786,6.3133921605614844,9.403209560052511,4.714767458067538,0.009008883892371509,6.071825149700599,3.3689045908183632,3075.0,0.5336124392625641,0.27422660572361884,1.4894068546529562,0.2892967980435251,3042.36613805038,0.026532547205811205,28.94973170026047,4.733697761397675,627.9895590720442,0.5335363861507081,0.28466107534675744,inner_race,21mil_1797rpm,12800.0
SEU,DE,116,0.3560024035425243,0.05432665822604419,0.5001580510350335,0.4443532037143992,0.001162086960801224,9.263911930310165,4.992187385665869,7.197744021272057,3.059747176612105,0.009282715574709955,4.6582334331337325,2.5624141716566866,3075.0,0.5132848536523646,0.27660174135214327,1.4418016523055666,0.29209289847123165,3042.2068995551376,0.026474293583275323,37.51906780737692,5.197573986098663,639.0004319400182,0.5132009082031017,0.2633751721804884,inner_race,21mil_1797rpm,12800.0
SEU,DE,117,0.35713679243076346,0.0634211189487572,0.49109326078784976,0.44420712067728074,0.0012784995519688222,9.931431798724843,5.35659404706622,7.7047539097721,2.8800966743174765,0.008577019008857281,4.852343413173653,2.7516510978043915,3075.0,0.5136941634230164,0.2770648939217095,1.4383680827917054,0.28273953370963534,3020.6629525259,0.027228904986866302,25.892631743252537,4.560857331495746,680.1527493380628,0.5136225542942934,0.2638081282797944,inner_race,21mil_1797rpm,12800.0
SEU,DE,0,0.4084914359757048,0.008718922060179041,0.2533354444919054,0.7311871494337547,0.006758483939523593,12.170371972697572,5.282363926151277,8.684596349148254,4.672676085360448,0.03430252405345559,6.520958283433133,3.547583233532934,3675.0,0.671590084123132,0.2914934105129582,1.644073840909299,0.13196905846307927,3469.7547190512473,0.021533631314762408,45.98616436972202,6.214395878169351,453.45980556949996,0.6707134842360616,0.4498565779360777,outer_race,7mil_1796rpm,12800.0
SEU,DE,1,0.4034131570355383,0.008170339413768051,0.254666405368188,0.7312875657488274,0.005875689382098063,12.451919246037175,5.291362962124802,8.79392050473062,4.66561196250602,0.03455890664959144,6.520958283433133,3.547583233532934,3675.0,0.6704479089652856,0.28490252493903323,1.661938628606065,0.15103064766657281,3467.463153049125,0.02034350958067025,53.43607743440079,6.5626404353918,445.9838176456122,0.6695566298731637,0.44830608060710875,outer_race,7mil_1796rpm,12800.0
SEU,DE,2,0.4165229727556605,0.0075691771640689475,0.2597626788586594,0.7265886247918124,0.006079519169405947,11.285832205392346,4.830137214413759,7.9828660680834815,4.7206012964992965,0.03412743833621819,6.407659780439122,3.325047105788423,3675.0,0.6883959933614409,0.2946213487207193,1.6527203501096341,0.048514302781770755,3466.036925498726,0.02185224564731595,43.59770676228488,5.963666337722617,442.5543193600407,0.6875495339455133,0.4727243616286926,outer_race,7mil_1796rpm,12800.0
SEU,DE,3,0.42604025956875313,0.007397254203998418,0.25402291340870026,0.7324990355934625,0.006080796769822321,11.013356210207096,4.75728497269642,7.804537320379311,4.517980359801868,0.034090557313108165,6.476694710578842,3.325047105788423,3675.0,0.6989379708955701,0.3019104296932478,1.6405444208560236,0.022595807231067615,3469.699401425836,0.020066702379403483,54.42703861566345,6.555653691825416,438.59267290148523,0.6981060958491184,0.48735212106169845,outer_race,7mil_1796rpm,12800.0
SEU,DE,4,0.41297981683118135,0.007996560001629413,0.2523327492156334,0.7325816019624644,0.007089088782615843,11.18610856271446,4.782513229768022,7.884192018467822,4.415370752593469,0.034367164986433385,6.407659780439122,3.256012175648703,3675.0,0.6808161356213618,0.29107639688941006,1.6485457832910684,0.10750647557985801,3472.958560610209,0.02182634122130101,44.95609315577815,5.984654902080171,449.2087879243925,0.679948166034147,0.46232950849319987,outer_race,7mil_1796rpm,12800.0
SEU,DE,5,0.40607097012030624,0.008037018252559385,0.2587607675815313,0.7262145113069348,0.006987702801445512,12.265217830151204,5.177596910417228,8.600356948408503,4.644420900992512,0.033847856386835705,6.704916067864271,3.4923552894211576,3675.0,0.6745127807061619,0.28473650756010294,1.6610711681909316,0.13606341969421556,3467.3163520926973,0.020386886484968513,49.53458831264616,6.216213686633016,450.7285061949716,0.6736629824726716,0.45382181395397514,outer_race,7mil_1796rpm,12800.0
SEU,DE,6,0.40858839737517155,0.008331495011240326,0.2553827057518459,0.728764298582138,0.007521500611309374,12.103246631131784,5.166275928696906,8.547367746750842,4.838742661168088,0.03347944272587637,6.704916067864271,3.4923552894211576,3675.0,0.675990856396638,0.2885469821327259,1.654454362236659,0.051952672362205646,3472.0724642791297,0.021861122539070424,44.26037840409547,5.847120760348494,454.60253995767323,0.675161288024295,0.45584276484662495,outer_race,7mil_1796rpm,12800.0
SEU,DE,7,0.4163583961471588,0.007390674256987538,0.2617269853494777,0.7236276592541593,0.007254681102315776,10.7834119100502,4.701101503409737,7.7080517783385725,4.732868088018988,0.03398784564659743,6.305731736526946,3.2093120758483034,3675.0,0.6826723638110281,0.2976156436032279,1.6396267497623433,0.034867931414650465,3468.3521365592496,0.02025613985610521,66.0459119081964,7.166063103325957,448.57204049198094,0.681825771483918,0.46488638265963994,outer_race,7mil_1796rpm,12800.0
SEU,DE,8,0.4224005388149482,0.00729702096160467,0.24892989349402928,0.7352320880338922,0.00854099748762311,10.583611062992814,4.671649583154053,7.597793518095602,4.344518884619552,0.03348142557658121,6.241975948103793,3.2093120758483034,3675.0,0.6869761994609073,0.3032341283846064,1.6263620339790061,0.04457473794561455,3482.2928246098713,0.02346699726753607,51.375894154568044,6.193736984890345,449.98906921384014,0.6861598157624156,0.47081529276711204,outer_race,7mil_1796rpm,12800.0
SEU,DE,9,0.4184146123280782,0.007522618118562362,0.25326775272640367,0.7316510364730223,0.00755859263311334,10.419242753642717,4.538851752144069,7.420743476701134,4.139756740110705,0.03232542361565931,6.137611377245509,3.10494750499002,3675.0,0.6840821587802026,0.29800126347036937,1.6349385002926593,0.07350844137535588,3474.1428809436084,0.020981991559513177,70.22111321204481,7.382053450867661,449.2423120110968,0.6833179837743556,0.46692346694945047,outer_race,7mil_1796rpm,12800.0
SEU,DE,10,0.40200057419341007,0.00917594865144583,0.2417613109682152,0.7398850964471778,0.009177643786885525,10.953988677773506,4.730799371594244,7.7914201876602736,4.441422588214376,0.032209228564355666,6.209895009980039,3.132155389221557,3675.0,0.6620774087416107,0.2859374316843091,1.646956375796301,0.06622567102845259,3482.2238207769506,0.022901249920265744,56.10275134375995,6.475695692189061,468.3737390718479,0.661293475516956,0.43730906076129494,outer_race,7mil_1796rpm,12800.0
SEU,DE,11,0.40424575604650076,0.009231248798404172,0.2549633930306012,0.7261922480446612,0.009613110051517788,10.802939774885498,4.749059179872696,7.748146622128699,4.617043218697431,0.03242159187484406,6.209895009980039,3.132155389221557,3675.0,0.6595317663119789,0.2899354670571377,1.6315119118680674,-0.02603232409113793,3469.904574094996,0.020606070916197948,74.79204822003747,7.715397479324512,474.11641247028376,0.6587343858907775,0.43393099115489975,outer_race,7mil_1796rpm,12800.0
SEU,DE,12,0.40414720836647017,0.008596086110354303,0.2489234502356635,0.7324202761277032,0.010060187522691413,10.68469452949514,4.707067281889127,7.667642194412458,4.599393769389178,0.032572090243341435,6.105124351297405,3.0988561876247505,3675.0,0.6583411712740721,0.29002758844161114,1.6289637974614077,-0.004370241570974244,3480.2307513114806,0.023017771058224213,58.98359675599657,6.6599490653207685,467.24465873672324,0.6575349091353986,0.4323521567316968,outer_race,7mil_1796rpm,12800.0
SEU,DE,13,0.40712366555950597,0.008618717057810628,0.2570751894110604,0.7255205375286683,0.008785555995792348,11.122979037924294,4.896584853117455,7.956704188145083,4.332220370524662,0.0320087623580963,6.133956586826347,3.239362574850299,3675.0,0.661555486532196,0.291231563397319,1.624949720432063,0.033748966012188304,3469.670130656858,0.021549669927909867,73.30594543924805,7.566388872746258,462.65410170673863,0.6607806753327109,0.43663110089315343,outer_race,7mil_1796rpm,12800.0
SEU,DE,14,0.4100868376528194,0.008749641625807724,0.2560303808815263,0.7254032661792849,0.009816711288155141,11.020886816384015,4.859988014543557,7.899211282642415,4.223426660791796,0.031055804309350045,6.120961776447105,3.239362574850299,3675.0,0.6665371530045914,0.29392939323490336,1.6253561241311614,0.061570180997585225,3474.227606777273,0.022366241111205127,58.868988102055305,6.637241059651784,465.9058422087976,0.6658132721372904,0.4433073133541654,outer_race,7mil_1796rpm,12800.0
SEU,DE,15,0.39614581091722806,0.009293868706956874,0.2608612521865262,0.7190565406319784,0.010788338373676149,11.838525568842186,5.207280335571107,8.499078013474417,4.4146777505218155,0.03093009157466317,6.248473353293413,3.366874151696607,3675.0,0.6465705578970613,0.28439978712871833,1.6321529600426792,0.09751427173376541,3467.979304992938,0.022329889945804617,68.07733930673015,7.2553305929210135,477.06339207097176,0.6458303304851051,0.4170968157745,outer_race,7mil_1796rpm,12800.0
SEU,DE,16,0.3883093866466286,0.009592342532839568,0.25228567137776325,0.7247974190140848,0.013324566905427179,12.139243610819072,5.2906796429490655,8.670596868060127,4.557048023690371,0.03108534878485217,6.137205289421158,3.366874151696607,3675.0,0.6363783821580785,0.27735452550732964,1.6388436747659643,0.07351443940262845,3480.4131308015894,0.025553310555481743,53.42166565974125,6.30942057471907,486.7060384764987,0.6356187114686426,0.4040111463690575,outer_race,7mil_1796rpm,12800.0
SEU,DE,17,0.3826776940747411,0.009981012102000083,0.2551773890433965,0.7221568808116742,0.012684717956456181,11.62582231074737,5.029459502815848,8.27503902977144,4.569263556293164,0.030134373586810752,5.888679540918163,3.1666728542914173,3675.0,0.6296248836517104,0.27238269858675024,1.6453137807628209,0.08496338616299969,3475.260188851414,0.025293124212304074,64.58220827489177,7.073721092635203,489.37828616427726,0.6289033420502393,0.3955194136419604,outer_race,7mil_1796rpm,12800.0
SEU,DE,18,0.3919812295818519,0.010314499675134323,0.2527453012202878,0.7244326616873886,0.012507537411851921,11.395338791496327,4.911783615094453,8.07863391231637,4.452003253502255,0.02916000075045222,5.888679540918163,3.1666728542914173,3675.0,0.6447093566092533,0.27789194443736237,1.644745482575787,0.09674850898147332,3478.3631303632037,0.026308025548844167,50.33813788325595,6.174182654951125,487.89422416236494,0.6440495701852079,0.4147998488557511,outer_race,7mil_1796rpm,12800.0
SEU,DE,19,0.3969883241817147,0.009609800211225664,0.2505631815269113,0.7287045301627,0.011122488089371038,11.29050117047805,4.869116860771563,7.971625920466868,4.143693669060224,0.02952008643845122,5.884212574850299,3.1646424151696606,3675.0,0.6499417667844163,0.28029246597524304,1.6371810635088513,0.07918467155002683,3476.075369239418,0.023957066461879773,59.97672868876615,6.79854294860922,476.8774960848951,0.6492710256183583,0.42155286470751485,outer_race,7mil_1796rpm,12800.0
SEU,DE,20,0.39148492205043034,0.009017351064085556,0.24941430094309713,0.7301786805475674,0.011389667438919377,10.867054301599714,4.629839029554445,7.636612279256913,4.311537985761954,0.029739588011477046,5.757107085828343,2.9896185628742518,3675.0,0.6457284030373642,0.2751084590084506,1.6494336478026164,0.05109395194730063,3479.2091240484306,0.024038828188720072,52.139319416001236,6.279198195646666,472.84123189670674,0.6450431980837348,0.41608072739409224,outer_race,7mil_1796rpm,12800.0
SEU,DE,21,0.388726578434927,0.009334261326592645,0.2454560593503671,0.7342459770846765,0.010963702216593011,10.871621951934943,4.646876167980691,7.690800497642626,4.636336134509785,0.028885970783043287,5.757107085828343,2.9896185628742518,3675.0,0.6433609278151684,0.27499287374890335,1.6550474382416518,0.023406203869875346,3479.718405544412,0.024673685824690487,54.74190513934181,6.490369514928569,475.0193977352429,0.642712131619682,0.4130788841311155,outer_race,7mil_1796rpm,12800.0
SEU,DE,22,0.383542018696981,0.009299941631239634,0.24775265442331215,0.7311722911692207,0.011775112767802777,11.325645092127074,4.806284103314905,7.984283687708603,4.700267573262402,0.028272278489895213,5.942689221556886,3.0623082834331337,3675.0,0.6371467473845445,0.27038709570387925,1.661217588490415,0.02387031463887683,3481.1369019756353,0.024360103161924506,56.96050240322807,6.58246678363755,479.27238675434523,0.6365191717235972,0.40515665597169426,outer_race,7mil_1796rpm,12800.0
SEU,DE,23,0.3856184599550898,0.008638178840003853,0.2500713227255647,0.7300828293043342,0.011207669116892239,11.267754236351935,4.797763131052751,7.9412906835159776,4.644817391723756,0.028201292434661924,5.942689221556886,3.0623082834331337,3675.0,0.6382783392562329,0.2717762758397357,1.6552069092609534,0.02835525773069652,3480.0610083609736,0.024351065253345114,53.47192780557292,6.444559887130031,472.5807572992171,0.6376550207351225,0.40660392546870944,outer_race,7mil_1796rpm,12800.0
SEU,DE,24,0.3960674883143868,0.007968128584308502,0.2557369857001278,0.7255510634686387,0.010743822237202952,11.847550054833869,5.130240918135015,8.406431151484506,4.693818007083092,0.02815945428478979,6.511212175648702,3.3295140718562872,3675.0,0.6489976055679385,0.2810297535310118,1.6386035832680697,0.005069159987718615,3477.334475471005,0.023578288218940556,57.349638765874055,6.630726031768759,463.4702735452677,0.6483864103814179,0.42040493716730043,outer_race,7mil_1796rpm,12800.0
SEU,DE,25,0.40768461402390527,0.0073512203071385476,0.25396318830680153,0.7291219090327944,0.009563682347232691,11.526250831775052,4.9890947889579165,8.16688674854199,4.669574204811914,0.02769189808858845,6.511212175648702,3.3295140718562872,3675.0,0.6673583511031528,0.28886357935900825,1.63694760152028,0.02003883849028349,3479.646993506236,0.02267489959196401,56.006834308070694,6.584861979286934,454.737490804947,0.6667835687592865,0.4446003275673701,outer_race,7mil_1796rpm,12800.0
SEU,DE,26,0.3969236832487369,0.008448361870467685,0.24828487829922713,0.7347887880872421,0.008477971740413301,11.76333954374135,5.062464104163813,8.350443579548832,5.008926295162603,0.027488457606271832,6.419436327345309,3.3144888223552895,3675.0,0.6547184837575765,0.2817642736597494,1.6494820324119823,0.08662469909284239,3477.5553945875777,0.0214308581017972,59.23251833688732,6.7772684962990395,457.1508239403864,0.6541411756434907,0.42790067767224815,outer_race,7mil_1796rpm,12800.0
SEU,DE,27,0.3967216307619137,0.009434017271904866,0.2443972928069834,0.7374649949756935,0.008703694937549234,11.761021430084005,5.0491065774396455,8.354696505934733,4.87453377200356,0.027464465112743263,6.2265446107784435,3.3144888223552895,3675.0,0.6564505564538976,0.2818198097893964,1.6546880874460212,0.11348714186055567,3477.4321668120297,0.022934404731852893,56.47491151403008,6.635379147659227,467.60770144436816,0.6558757780439088,0.4301730362247027,outer_race,7mil_1796rpm,12800.0
SEU,DE,28,0.39976947058032375,0.008118567912467956,0.24823591437698223,0.736334796863558,0.007310720798131673,11.475798152690494,4.8886420024015695,8.12643994573776,4.86177841406429,0.02710933655150636,6.136799201596807,3.248702594810379,3675.0,0.6645409079278944,0.28309164657525127,1.6623102983907607,0.08508107665118379,3475.185484765647,0.020143727523456598,67.60237716278107,7.338100105053129,450.83533195776045,0.6639877274327949,0.4408797021813675,outer_race,7mil_1796rpm,12800.0
SEU,DE,29,0.4160657273831243,0.007071491552803368,0.2447484663122679,0.7407831941263667,0.007396847986997943,10.669815798176367,4.574852721491241,7.553406747585333,4.574253275541987,0.026730612066881862,6.199336726546907,3.1427136726546907,3675.0,0.6869540647486192,0.2945424487264183,1.6510710196421772,0.06474153013540536,3480.193867437139,0.021136740704976904,58.678371759560626,6.769134622842296,439.91545728997045,0.6864337997601662,0.47119136145317997,outer_race,7mil_1796rpm,12800.0
SEU,DE,30,0.41439021853753427,0.0058921833776896335,0.2506770803132033,0.7356523539387781,0.007778382346908132,11.195010526415054,4.802964153127648,7.923995308801358,4.609822825190989,0.026933655979057513,6.503496506986028,3.283626147704591,3675.0,0.6836665948394228,0.2933115730402174,1.6498135435054877,0.05033344333576145,3479.722159839237,0.018913117765502082,70.6636006738061,7.4864212030393675,432.2917167673407,0.683135851112305,0.46667459107493336,outer_race,7mil_1796rpm,12800.0
SEU,DE,31,0.4195944084974582,0.006162425313970193,0.24651133780330486,0.7403222038961207,0.007004032950439759,11.008583090028129,4.7537354620652446,7.8257147407255845,4.787960278225269,0.02650773964765781,6.510400000000001,3.283626147704591,3675.0,0.6907465032305418,0.2982787267762904,1.6462242804999774,0.04773686888411973,3481.1799222527457,0.019684645358507186,62.53112313344056,6.928214243884609,429.87348528713386,0.6902376920047129,0.4764280714639928,outer_race,7mil_1796rpm,12800.0
SEU,DE,32,0.41729132740378616,0.007091351897748399,0.25170115009141475,0.7355981931517354,0.005609304776672398,10.921457262821814,4.672588036781873,7.732664544866197,4.741236627737431,0.025663640102607285,6.334157884231537,3.2267738522954095,3675.0,0.6905752929414614,0.2954526831579339,1.6548997009785342,0.05259528785478136,3472.0963609213463,0.018554852401864077,70.0200279596392,7.512429820886719,432.51953449426577,0.6900982631465383,0.4762356127978689,outer_race,7mil_1796rpm,12800.0
SEU,DE,33,0.4135734823322106,0.0067508054247819825,0.24642125599449663,0.7417874142743873,0.00504052430256096,10.718144599397709,4.507453603644857,7.513499207959527,4.43306317462912,0.025876994838448103,6.1692862275449105,3.1073840319361277,3675.0,0.6893879128169855,0.2899180919905431,1.6669055011201659,0.02401849834495664,3477.4459356591788,0.019962867195972595,48.35719290950641,6.190757819599011,425.19517716714273,0.688902079744495,0.4745860754762906,outer_race,7mil_1796rpm,12800.0
SEU,DE,34,0.4189729830865613,0.005708313351663014,0.24671477974530134,0.7418351182689029,0.005741788624851514,11.687448062916744,4.904156007334874,8.175588729298816,4.568226358801513,0.02654660352147268,6.409690219560878,3.4253507984031937,3675.0,0.6984587752265806,0.293079445569605,1.6670735427402883,0.04516704835172005,3480.1457429502134,0.018567625773447116,74.61845545462475,7.740816723045643,420.98388327519945,0.6979541091880531,0.48713993853248877,outer_race,7mil_1796rpm,12800.0
SEU,DE,35,0.41954325094927336,0.005457582486872635,0.2488148313937047,0.7400444399518794,0.005683146155313517,11.567343597893904,4.947289903830929,8.16447598823929,4.722535273247581,0.02523712891599613,6.559942714570859,3.4253507984031937,3675.0,0.6923691283485888,0.29612250811213525,1.650292614127411,0.07293766628622343,3480.6124668857647,0.0192181909801768,69.02211549133766,7.296424365512996,417.7576001695772,0.6919090237988387,0.47873809721426197,outer_race,7mil_1796rpm,12800.0
SEU,DE,36,0.4243229125732909,0.005842054710445721,0.2519992402028156,0.7358909421380583,0.006267762919623431,10.807718739047496,4.632077173792963,7.6188795699366905,4.348207565519776,0.02384774542711452,6.3674570858283435,3.2328651696606787,3675.0,0.6979299023667727,0.29912558308725906,1.644808426993023,0.05494963468209139,3478.0520811923575,0.01934528965308771,84.1618015005528,8.142907150036795,424.6989285648689,0.6975223535168865,0.4865374336557364,outer_race,7mil_1796rpm,12800.0
SEU,DE,37,0.41574073815260104,0.006289538413298478,0.2534328412510028,0.7346410947835149,0.005636525541882236,11.041648778866495,4.71050522498279,7.799599557777479,4.607650161012459,0.024567916803112527,6.255782934131736,3.2426112774451097,3675.0,0.6883786605834742,0.2936709310706754,1.655788325297097,0.05466531104893677,3474.98072660867,0.01965552793158054,60.756831350003814,6.729289138248977,424.4950058777898,0.6879401120814612,0.4732615978106534,outer_race,7mil_1796rpm,12800.0
SEU,DE,38,0.4208961499851859,0.006637275847517802,0.256099490924208,0.731643426354382,0.005619806861942804,10.882593109616474,4.701172824347229,7.745552089290812,4.665047042350335,0.025006523379023204,6.497405189620759,3.2600730538922154,3675.0,0.6934595207834942,0.29956766930957207,1.6475786742356793,0.039092467518135804,3472.387783527867,0.019843092921528385,84.95380981789853,8.11475788345315,429.5990749090938,0.6930084997702176,0.4802607807537677,outer_race,7mil_1796rpm,12800.0
SEU,DE,39,0.422465576318067,0.006508539587181183,0.24626914026678953,0.7416083313391194,0.005613988779374832,10.82365123532603,4.680451528742325,7.7167779734975674,4.798098164731341,0.02486038728207647,6.497405189620759,3.2600730538922154,3675.0,0.6965296048623375,0.30119901159158285,1.6487251125472349,0.01311254876571995,3477.9318163607018,0.0194641333223452,58.80685776275558,6.631685995105576,425.51292373898065,0.6960858076371542,0.48453545159386924,outer_race,7mil_1796rpm,12800.0
SEU,DE,40,0.4290296052913704,0.006616124612631249,0.2497110975083183,0.7371297081721506,0.006543069662423043,10.481766582043885,4.5554010645728855,7.472825496683691,4.543744204357015,0.02479257378797093,6.393852794411178,3.206063373253493,3675.0,0.703793876281691,0.30587051792831743,1.640431959942992,-0.0178735341545704,3478.6887610689973,0.02048690191548821,79.88364436515519,7.884309358526584,435.9054838663965,0.7033570562499363,0.49471114857657605,outer_race,7mil_1796rpm,12800.0
SEU,DE,41,0.4324571610197574,0.005926822046036442,0.2545102035937437,0.7344079336899365,0.005155040611348535,10.937183583446085,4.716774997338239,7.741317119267561,4.3610845917414025,0.02486316327306325,6.53557744510978,3.347788023952096,3675.0,0.7097620780811705,0.30609233157785903,1.6412309520034611,0.026924806259336312,3475.9588966279534,0.01935192236947526,47.090365314296946,5.985696240668837,420.99545112880963,0.709326462634913,0.5031440305941586,outer_race,7mil_1796rpm,12800.0
SEU,DE,42,0.41965429058874437,0.006169918431867587,0.25019276286108266,0.737350473586607,0.006286845065229412,11.282417999289942,4.847695392527813,7.977490279571295,4.599555354833336,0.02426077322893276,6.4182180638722555,3.347788023952096,3675.0,0.6905937260646248,0.29672611173976965,1.645625319583346,0.09298670798472361,3479.8895809743963,0.020239526259403996,76.30690547836862,7.660628697122446,430.6259573300607,0.6901674502337504,0.47633110936215634,outer_race,7mil_1796rpm,12800.0
SEU,DE,43,0.4194835671430576,0.005796672626931588,0.2554197998620544,0.7333283235849926,0.005455203924829982,11.661587722127782,5.003752462081025,8.256635837920776,4.731079436942691,0.02416539811002994,6.545323552894212,3.4635230538922155,3675.0,0.6921851310869525,0.29700270121196315,1.6500887884623492,0.01999412686102594,3476.9381811367484,0.01906140333399908,50.766078297612175,6.190864157113903,422.182278253465,0.6917631742381531,0.4785362892320454,outer_race,7mil_1796rpm,12800.0
SEU,DE,44,0.41574886784049087,0.006662406677425054,0.2532304792060078,0.7334667544943733,0.006640359607999978,11.719659158532433,5.048924351916563,8.330805738287795,4.706333616098097,0.02440710761094998,6.545323552894212,3.4635230538922155,3675.0,0.6859922653777667,0.29553103951582216,1.6500159554035378,0.01207836265936593,3478.138026309187,0.020139191440590943,76.79419213734651,7.724727196010388,437.9729903542488,0.6855579342814053,0.4699896812561877,outer_race,7mil_1796rpm,12800.0
SEU,DE,45,0.4220404531269492,0.006705942966346324,0.2520890492475206,0.7353321224146055,0.005872885319737807,10.769952384759437,4.609658136104051,7.610049176561568,4.4344754641356054,0.023899101260369884,6.184311477045908,3.211748602794411,3675.0,0.6967433393030068,0.29821381637112504,1.6508923117221357,0.07904448071899167,3477.8319372707583,0.02011182391567977,54.088397688940326,6.420063967751304,431.98004130566295,0.6963333352799157,0.4848801138220515,outer_race,7mil_1796rpm,12800.0
SEU,DE,46,0.42524870556738087,0.0066616740485411,0.24788285329426835,0.7368631428943574,0.008592329759494562,10.774557643490612,4.594665482506109,7.552635812281168,4.221893402775109,0.024256807527523076,6.245630738522953,3.211748602794411,3675.0,0.69901685226551,0.2980863538963728,1.6437836097181264,0.0714011611346905,3484.057641970045,0.022796881077870618,68.20548557384076,7.289340668754112,445.6138667427128,0.6985958538667077,0.4880361670397545,outer_race,7mil_1796rpm,12800.0
SEU,DE,47,0.41452544895560445,0.006309906509789348,0.2523659527861565,0.7338239118501096,0.007500228817423926,11.038235058388878,4.7686117976210145,7.804832501256844,4.375457539456019,0.0245272683636633,6.2691838323353295,3.2353016966067867,3675.0,0.6784577637921434,0.2930995471189944,1.6367095566786445,0.0591311309664704,3479.8264187429154,0.021061275369273436,46.090670833924776,5.95888940016215,435.96721792315174,0.6780142700242029,0.45970335035645277,outer_race,7mil_1796rpm,12800.0
SEU,DE,48,0.403920171960766,0.007144386253964667,0.2469161179204655,0.7362527402611836,0.009686755447233599,11.247518134595907,4.876425414810567,8.009755197175547,4.739876329567582,0.02374384405018089,6.222889820359281,3.2353016966067867,3675.0,0.6634576398483617,0.287645830652668,1.6425464383908148,0.06390047057902501,3486.4800344899772,0.021407618840129657,67.3242113669917,7.3036454302871086,454.6632269406893,0.663032630978958,0.43961226974287915,outer_race,7mil_1796rpm,12800.0
SEU,DE,49,0.3992299369035367,0.008114350587228513,0.25507902781401,0.7282636298717345,0.008542991677008008,11.631498827272601,5.008630178296103,8.2676210655136,4.792979249609447,0.023982182704902696,6.231011576846308,3.3006818363273456,3675.0,0.6589989116445829,0.2837709813105232,1.6506750890372544,0.0883897536490397,3474.106098543161,0.02149074081687259,48.312267645556254,6.142120771491927,458.1488936399944,0.658562389194413,0.43370442046145347,outer_race,7mil_1796rpm,12800.0
SEU,DE,50,0.4010315550539546,0.00863461465497092,0.24356726743451262,0.7378048107285906,0.009993307141537006,11.675909149015377,4.958481725659733,8.23047911001236,4.634355778195725,0.024477498810971807,6.367863173652696,3.3006818363273456,3675.0,0.6656638098002036,0.28269163404767417,1.6598788833727696,0.1405775456662889,3484.473734972281,0.022452711108785203,64.81434912906894,7.1620779334882725,466.98738355889253,0.6652136196213067,0.44250915972968047,outer_race,7mil_1796rpm,12800.0
SEU,DE,51,0.4096759909867765,0.007792808599132604,0.2596030750092952,0.7248111955498042,0.007792920803832552,10.983836200256615,4.687142585681991,7.707893534472744,4.200273181271582,0.023762086276665418,6.204615868263472,3.1577389221556884,3675.0,0.6737023387770973,0.28748962244010107,1.644476009332075,0.08704090600190154,3470.639515201938,0.022252442509729086,48.22844280433034,6.122520728580051,451.6099649408969,0.673283153308852,0.4533102045295111,outer_race,7mil_1796rpm,12800.0
SEU,DE,52,0.4139135412280907,0.008144721226193448,0.25004430628084096,0.7305827647177234,0.011228207719502392,10.738138967477461,4.678993984539495,7.628981919235129,4.276815325656743,0.023113495811112147,6.214768063872255,3.1577389221556884,3675.0,0.674875610567059,0.29406761560075856,1.6304748295131588,0.060214407602933284,3483.936309930086,0.023301061123403154,61.864506031937395,7.013232104589718,470.0451315118919,0.6744796928371161,0.45492285604965044,outer_race,7mil_1796rpm,12800.0
SEU,DE,53,0.39900389192318486,0.008554224691801749,0.2563128787660323,0.7264192768854352,0.008713619621058192,11.292274100676996,4.981002498981859,8.124730528745092,4.694441762062016,0.023619321025916913,6.261062075848303,3.241799101796407,3675.0,0.6508326591803651,0.2870811559207595,1.6311436363273912,0.08196308773721041,3471.29926858413,0.023309658488329724,47.354762236688835,6.052455462630195,462.6400841474656,0.6504039344361779,0.42302527793006,outer_race,7mil_1796rpm,12800.0
SEU,DE,54,0.3959885708563342,0.009332578730985116,0.24957263128720725,0.7293061396737125,0.011788650287073887,11.419406656519493,5.00993844079555,8.186597645447048,4.553122981277397,0.02390465324234344,6.261062075848303,3.241799101796407,3675.0,0.6470736397474831,0.28388507383136413,1.6340715045087584,0.04586268991090155,3480.463855694069,0.02420296196242375,55.37895869276566,6.659134035430138,482.2593402604259,0.6466319376657937,0.4181328628094189,outer_race,7mil_1796rpm,12800.0
SEU,DE,55,0.39814016215615644,0.009743737755021247,0.2529650417727612,0.7290631690995164,0.008228051336499351,11.272959461720747,4.9080508956452755,8.041380175883676,4.461728573585984,0.023156523671407185,6.0003536926147705,3.2015964071856287,3675.0,0.6523152418868112,0.284006734705043,1.6384060285557516,0.06116588113819874,3467.715043596895,0.023835398838083617,44.68741656196935,5.893892945584021,466.2955366218037,0.6519040958678696,0.42497895020930454,outer_race,7mil_1796rpm,12800.0
SEU,DE,56,0.4066436174038641,0.008808480130712377,0.24802066329430283,0.732285679040653,0.010885177515783325,11.056874433724703,4.816571281962111,7.873224293118354,4.285914931736086,0.023433131344732405,6.213143712574849,3.2015964071856287,3675.0,0.6647044587869994,0.2895570919590442,1.6346118083216792,0.048375930585625525,3480.3197727473253,0.024057626499419865,49.4341724006393,6.250739045626079,471.3959444714295,0.6642912809052203,0.4412829058866982,outer_race,7mil_1796rpm,12800.0
SEU,DE,57,0.40640408903871944,0.008682091440357184,0.25494782808318756,0.7285477515968876,0.007822328826490841,10.595293795893094,4.6278248939206446,7.533133131179574,4.10177667637655,0.02321144863593126,6.073043413173652,3.061496107784431,3675.0,0.6615410431380354,0.2889486753987998,1.627791306683945,0.035490666968078344,3469.114136371617,0.023177659811287745,48.344488883479286,6.115686965170131,455.93362151939516,0.661133708419395,0.43709778040838154,outer_race,7mil_1796rpm,12800.0
SEU,DE,58,0.4007426537062594,0.009289216958589244,0.25255785578984075,0.7264790433720243,0.011673883836170604,11.498271993563163,5.011375824080954,8.180678986048292,4.197244296928861,0.022668544112945985,6.284615169660679,3.278347005988024,3675.0,0.6541810315312455,0.2851164947066196,1.6324217686364728,0.06787911132412063,3477.5067371372056,0.024169336796378855,47.55327545844451,6.105703498786291,479.22402093826656,0.6537881607394583,0.42743895912308383,outer_race,7mil_1796rpm,12800.0
SEU,DE,59,0.3925681533904847,0.009660203230915527,0.2537768989116115,0.7264439729919449,0.010118924842225327,11.732579312561487,5.078772723651021,8.351026382741434,4.586030011130694,0.02289419252315681,6.284615169660679,3.278347005988024,3675.0,0.645499845015961,0.2794225309415178,1.6443000774285605,0.053374472875926476,3472.9844905862533,0.02398145128038658,57.73745902240816,6.621246372664908,475.19514496397295,0.6450937186675609,0.4161459058643423,outer_race,7mil_1796rpm,12800.0
SEU,DE,60,0.3930969796734656,0.00927269006916775,0.25739181947087975,0.7216117326046366,0.011723757846259075,12.362934829745436,5.387260753847461,8.819125904673127,4.607122477520336,0.02298163623924027,6.524613073852295,3.466771756487026,3675.0,0.643512893637297,0.280416568090767,1.6370334215537468,0.051532294191524525,3475.485916402167,0.024377921061608458,54.256418535770834,6.410186525039782,481.801340074749,0.6431023936149005,0.4135806886732144,outer_race,7mil_1796rpm,12800.0
SEU,DE,61,0.39954203760447854,0.008007388872040815,0.25455554390073615,0.728162064236437,0.009275002965066125,12.196249722902996,5.297703307999534,8.676863584299262,4.623958817221869,0.022167081169691866,6.609485429141717,3.466771756487026,3675.0,0.6543914513393378,0.28424899745836396,1.637853816992204,0.041057971327926775,3475.5152306754917,0.02411219478023215,53.43340004660985,6.329099397250701,459.9067119664346,0.6540158959065302,0.4277367920984213,outer_race,7mil_1796rpm,12800.0
SEU,DE,62,0.4001499796305826,0.00816312413546613,0.24853067087499614,0.7325780458575911,0.010728159087248801,11.579528573448425,5.1257820512312,8.314576319563303,4.662214923318811,0.02180104692957834,6.46979121756487,3.3270775449101797,3675.0,0.6490868147839068,0.28732409301524475,1.6221088287525145,0.08862444731862877,3481.212731551622,0.02388564314733956,52.11895891334088,6.317893984781922,466.076974208187,0.648720592766325,0.4208384074790921,outer_race,7mil_1796rpm,12800.0
SEU,DE,63,0.39994019402601044,0.0070270909835266765,0.2514049799890992,0.7310530929881848,0.010514835991077323,11.625364824557765,5.107208004561284,8.328076010066455,4.637903090055706,0.022607274026166413,6.410502395209582,3.3307323353293414,3675.0,0.6521630472764455,0.2865056181543141,1.6306514249328776,0.11383378751925605,3483.447825713516,0.02344783740299055,54.220743283885476,6.444523882515021,456.4025590551595,0.6517710881851121,0.42480555139400517,outer_race,7mil_1796rpm,12800.0
SEU,DE,64,0.39058649239606724,0.006677467981032814,0.25019645257409595,0.7331745202073688,0.009951559210468515,12.047602875873068,5.138383464710559,8.527515416359744,4.9416827034767286,0.022011427389361897,6.410502395209582,3.3307323353293414,3675.0,0.6482062614057861,0.2764643198855415,1.659571628883889,0.018754005834425182,3483.6756812180874,0.02249275566182474,50.48550900292986,6.244196214070274,450.17664105862696,0.647832427707929,0.4196868543899491,outer_race,7mil_1796rpm,12800.0
SEU,DE,65,0.3877535935940619,0.006990935283962347,0.25107318296134,0.7314187081203832,0.010517173611488573,11.770667694580165,4.951548700409933,8.257828032825783,4.799296110065015,0.021483394246662922,6.180656686626747,3.2020024950099804,3675.0,0.6466668690433945,0.2720323585793141,1.6677263079614115,-0.0006067709739595961,3482.742101264173,0.02293895543708569,56.43416596022638,6.608352466530809,454.3295549779717,0.6463099127276551,0.4177165032900292,outer_race,7mil_1796rpm,12800.0
SEU,DE,66,0.38529009987836826,0.0070429210890970775,0.2581393707720898,0.7255335274694809,0.009284180621468328,11.68027833946183,4.914062988050674,8.194689755402674,4.854219325963086,0.020903608700567615,6.2659351297405195,3.1573328343313376,3675.0,0.6425096385636275,0.27031315030090386,1.6675996574177758,-0.017674080351955373,3475.95208914138,0.022858879022923547,54.70541264549058,6.488420610315917,452.63896490773243,0.6421695062757627,0.41238167479045684,outer_race,7mil_1796rpm,12800.0
SEU,DE,67,0.4026767262837606,0.007086058120830086,0.2598160918167781,0.7246806426100251,0.008417207414331659,11.806538169772818,5.025255070979151,8.29669139751536,4.481612465026985,0.0212353396234874,6.498217365269461,3.3408845309381237,3675.0,0.6648188965037283,0.2829690196141897,1.6509990598146458,0.034164121908932324,3472.76623255859,0.022572614094294743,57.33311234848109,6.6813230753041415,447.4781330434449,0.6644796652264914,0.44153322549951013,outer_race,7mil_1796rpm,12800.0
SEU,DE,68,0.4068123579988461,0.007468854944249647,0.2541083035059918,0.7294207987899128,0.009002042754497456,11.609049139248683,5.003073382489854,8.212347696054012,4.2479804635615235,0.021495687921032937,6.365426646706586,3.3408845309381237,3675.0,0.667766445847229,0.287782788311493,1.6414605719748638,0.05792141044792603,3477.408129544341,0.022483822812772166,60.309282967630075,6.854127851253205,453.6072992853825,0.6674203784724,0.44544996160024164,outer_race,7mil_1796rpm,12800.0
SEU,DE,69,0.40255577239076534,0.0065530599894399405,0.251129387241047,0.7336697455800056,0.008647807184118212,11.568910029917921,5.029439327427396,8.256815751455408,4.724675753688768,0.020881202487602925,6.521364371257485,3.3238288423153692,3675.0,0.660874627553274,0.28730700072173965,1.6416970588407205,0.013517342287502893,3481.8486894275734,0.021169779711303953,62.94607690954038,7.0366103602436745,441.6920039141425,0.6605446606599361,0.4363192487263502,outer_race,7mil_1796rpm,12800.0
SEU,DE,70,0.3988641009484936,0.006581893713300164,0.2519256845719519,0.7317844159235833,0.009708005743308388,11.303358904919293,4.8587824241670114,8.016603954425625,4.808999668706541,0.02113381766739958,6.2740568862275445,3.1975355289421157,3675.0,0.6580939934741573,0.2828836592590657,1.6499203410615757,0.0735701193381201,3483.1160797953453,0.022595526082510784,60.68139787511636,6.840977315224623,447.3489489295351,0.6577545636463233,0.43264106599756524,outer_race,7mil_1796rpm,12800.0
SEU,DE,71,0.3933733890617203,0.007238902377541285,0.24557832930919055,0.7377982670782594,0.009384501222086918,11.52619391901379,4.891306527741949,8.134693766451365,4.916917559997798,0.020829846654347558,6.223295908183633,3.1999720558882236,3675.0,0.6542162176381691,0.27762608180741255,1.6630922066147247,0.10461306610737844,3486.8066879323073,0.022816834281914684,64.78328412301155,7.132491706913564,449.9944850467509,0.6538845287274723,0.4275649769091485,outer_race,7mil_1796rpm,12800.0
SEU,DE,72,0.4061028940166542,0.008081768541560435,0.247358342258339,0.7359718940048336,0.008587995185095435,11.846494966603496,5.064225102764226,8.393688515465247,5.114935168893197,0.01951323378633358,6.692733433133732,3.4087011976047905,3675.0,0.6730943290305571,0.2877392179893103,1.6574477526450564,0.02436182339601535,3479.627498451271,0.023308947618992482,59.21286021547793,6.720187717902062,452.0651042395843,0.6728114219306147,0.4526752094802957,outer_race,7mil_1796rpm,12800.0
SEU,DE,73,0.412407367832694,0.0074389949420782,0.251337388480181,0.7325730543213077,0.008650562187597776,11.606327413568646,5.0501698528398355,8.265374150608379,4.722249877510197,0.01962129914974738,6.692733433133732,3.4087011976047905,3675.0,0.6749676341456107,0.2936933515781891,1.636652705049228,0.04063901309058849,3480.1215738043443,0.023134352584410833,63.77695357990875,7.053794342236871,447.45325767495154,0.6746823784298794,0.455196311763799,outer_race,7mil_1796rpm,12800.0
SEU,DE,74,0.41602150981240643,0.007652966553924085,0.254270174667924,0.7306122543791587,0.007464604342725593,10.555865660949932,4.5177549383754005,7.437074912611327,4.165898091129898,0.019953426642808136,6.1002512974051895,3.093983133732535,3675.0,0.6848497043190974,0.2931055806420811,1.64618820942194,0.11780947253455148,3475.2074984343903,0.022240501267320717,63.10417148446979,6.971613661523893,443.56826523460614,0.6845589662484637,0.46862097827116517,outer_race,7mil_1796rpm,12800.0
SEU,DE,75,0.4041299575653381,0.0075935503280849335,0.24641765655881329,0.738896799805486,0.007091993298054501,12.405666460575402,5.179536929493388,8.670804454680427,4.816224640275176,0.019100800839726796,6.562379241516966,3.5041318363273453,3675.0,0.6765338067915051,0.28246219962976626,1.6740501270117443,0.11627228472535046,3480.422279837966,0.021752669170795855,62.015137281078395,6.997231094448862,439.11836616639226,0.6762641134490922,0.4573331511390866,outer_race,7mil_1796rpm,12800.0
SEU,DE,76,0.408011387820063,0.008567233483910681,0.25243519918077073,0.7310099710780471,0.00798759622534283,12.191496390786186,5.152106044609352,8.588318711027501,5.283672977236927,0.018844021673449972,6.67933253493014,3.5041318363273453,3675.0,0.680135813585149,0.28742426064905524,1.6669530162356534,0.07442391153112272,3474.0383385004297,0.022344634294673378,55.18451781013552,6.502828384547925,453.4183405266215,0.6798747147587584,0.4622296277683031,outer_race,7mil_1796rpm,12800.0
SEU,DE,77,0.4171735460719187,0.00888847790994612,0.24936986624282598,0.734728049393379,0.007013606401808728,11.320355926353908,4.835220348731664,8.000593181831144,4.854851137180944,0.017596213724893957,6.512836526946108,3.3376358283433136,3675.0,0.6902758483837899,0.2948348841729669,1.654649137950827,0.036095831001145495,3473.2410825057705,0.022134296212600362,48.83713466309307,6.201817303537718,449.8809660209684,0.6900515343976192,0.4761711201245087,outer_race,7mil_1796rpm,12800.0
SEU,DE,78,0.4235670498846058,0.007637115113922976,0.2525825309368306,0.7326306566673215,0.007149697246739722,11.150513758387271,4.840714940812754,7.931600373007164,4.456718536507977,0.018412355075006236,6.375984930139721,3.3595645708582835,3675.0,0.6940223937859505,0.3012923568953281,1.6385183738324924,0.07029447273688201,3474.967713961212,0.0220841838348142,42.38253528205551,5.7274144201582855,442.1321698386808,0.693778111687716,0.4813280682569729,outer_race,7mil_1796rpm,12800.0
SEU,DE,79,0.42440282145669594,0.006204194752397571,0.2470616332291712,0.7403187552367595,0.006415416755735275,12.127417741662873,5.1747091772332245,8.554196546666997,4.5579308456903025,0.019810463106989147,6.756895309381237,3.630425149700599,3675.0,0.7015708565175227,0.2993568150314913,1.6530777389968594,0.11738759551037253,3482.6860547571396,0.020841240227626474,39.26151764165141,5.611429436893081,426.7103259282488,0.701291103798,0.4918092122662171,outer_race,7mil_1796rpm,12800.0
SEU,DE,80,0.40836235239481977,0.005553152149247123,0.24789228916497208,0.7400825893422631,0.006471969279041979,12.674195512013158,5.308255952370496,8.890205300293132,4.910976039113346,0.01871355009707148,6.756895309381237,3.630425149700599,3675.0,0.6839205159425984,0.28644225554667535,1.6747883636475844,0.09055964758445571,3483.295671369396,0.02150020134195823,35.500780272298506,5.348866267904442,424.52290168071283,0.6836644463257939,0.4673970751699543,outer_race,7mil_1796rpm,12800.0
SEU,DE,81,0.41384850372497195,0.006663706981351363,0.2455941865784532,0.7413787511794112,0.006363355170602876,11.326748361268576,4.791631909828498,7.984411196379351,5.094667669080664,0.018162317601125876,6.550196606786427,3.3043366267465073,3675.0,0.6896056894455351,0.2917286163119481,1.666323988702448,0.08612899119541326,3482.4670513257374,0.0212347396752116,29.672685197586745,5.0785367750359764,433.1077951908446,0.68936647520387,0.47522613713500783,outer_race,7mil_1796rpm,12800.0
SEU,DE,82,0.41471243177707084,0.007894083782866579,0.2513662107005218,0.7335354008693901,0.0072043046060378466,11.332953455320874,4.780270404375594,7.961902867612465,5.004992706219317,0.01822517396846931,6.5477600798403195,3.301900099800399,3687.5,0.6907350046093674,0.2913538922415799,1.6655758344391105,0.07382953829779525,3475.8227907959313,0.022318199073063195,27.63484339964135,4.851514300575592,450.0016589397441,0.6904945254138674,0.476782689626522,outer_race,7mil_1796rpm,12800.0
SEU,DE,83,0.42900204366657313,0.007173498892403604,0.24529315761364065,0.7405069198535242,0.007026423571632765,11.360653987971808,4.8340772656384985,7.995821705132554,4.535466543035576,0.018329868485684873,6.666743812375249,3.430223852295409,3687.5,0.7095922683483081,0.3019389425931983,1.6540533520157632,0.019328293856787287,3480.3871058060654,0.022358553744933018,27.77103241917906,4.902699822135333,440.39921596548714,0.7093554843807123,0.5031852032209949,outer_race,7mil_1796rpm,12800.0
SEU,DE,84,0.4352966032290887,0.006858001883710271,0.24894440449040472,0.7370007451337159,0.007196848413488683,11.162503071604574,4.798829370713608,7.8801989881141905,4.274123750728942,0.018349498707662795,6.666743812375249,3.430223852295409,3687.5,0.7148042964872742,0.3072988047834262,1.6421086017780977,0.03828301451641582,3478.7070348548655,0.022418622518907076,30.0733641400493,5.0610079250069315,439.81082901146027,0.7145687357937265,0.5106084781738445,outer_race,7mil_1796rpm,12800.0
SEU,DE,85,0.41946572148671407,0.006438345474060051,0.24796942831400964,0.739373140531275,0.006219085668978051,11.05644493059019,4.688032192379263,7.781646425282727,4.452186331162921,0.018265624122848052,6.317102195608783,3.2641339321357283,3687.5,0.6962695216645088,0.2952245457402635,1.6598961154602048,0.0502566627179865,3478.533258692808,0.021627689703848853,30.948920019421443,5.143914145026186,429.25522195017334,0.6960298943108167,0.4844576137743267,outer_race,7mil_1796rpm,12800.0
SEU,DE,86,0.41060495654199414,0.006817268522243725,0.24339884972939138,0.7434440662244264,0.006339815481864332,11.31501116643891,4.794217070977629,7.984187608443384,4.778176161329185,0.017868062556527568,6.3313152694610775,3.278347005988024,3675.0,0.683812801434022,0.28973431468736177,1.6653788283339581,0.042117956153165596,3482.0185641496605,0.02197535123423929,32.177730635020154,5.2238474779511,434.04306187384066,0.6835793148900288,0.4672806797455212,outer_race,7mil_1796rpm,12800.0
SEU,DE,87,0.41252316631385666,0.006402399390619644,0.2498336220417876,0.7378333440990144,0.0059306343992876105,11.419654632758126,4.907700760013333,8.111456388145863,4.8517149613946415,0.017784386256783306,6.402786726546907,3.346163672654691,3675.0,0.6818190098137931,0.2930179397068605,1.6528017466419092,0.04285297801681123,3477.395439521187,0.02202975361200499,35.74297991421618,5.504569742360472,428.45296720432333,0.681587028741694,0.46456087774893073,outer_race,7mil_1796rpm,12800.0
SEU,DE,88,0.4192902391993357,0.006283560226594629,0.24932885498336618,0.7366006080599758,0.0077869766939198575,11.267887070876313,4.83624656383835,7.9805427358491015,4.604722777619629,0.01814407537464134,6.437710279441118,3.346163672654691,3675.0,0.6918926958097364,0.29696460850263534,1.6501521645983326,-0.008054111241842086,3482.4202358755842,0.02291674976013312,32.74968740273829,5.188868197377214,437.0844921385415,0.6916547513345541,0.47838629504366387,outer_race,7mil_1796rpm,12800.0
SEU,DE,89,0.4170163060110248,0.005763471235603163,0.24955318391654008,0.7375416072155337,0.0071417376182872794,10.575181815236027,4.616993012118373,7.5264510024416165,4.410752914887172,0.01771458991197293,6.261874251497005,3.1386527944111773,3675.0,0.679804536453283,0.2967942158582288,1.6301629616260396,0.0012910011224172646,3480.6303841687445,0.021294276400968527,38.409116233471885,5.6333652786874815,427.7556808841949,0.6795736906963906,0.4618204010867136,outer_race,7mil_1796rpm,12800.0
SEU,DE,90,0.41401605460953095,0.005634207750425998,0.2426611935233309,0.7432061928885262,0.00849840581979207,10.71345141203236,4.63659357271219,7.580992957800442,4.268459468974786,0.01773580641451472,6.261874251497005,3.1386527944111773,3675.0,0.6769307564249615,0.29296374004050013,1.6350350400382228,0.04606757128849206,3489.5825713973,0.021929266609211955,37.83128227740283,5.481544501458955,432.92263153645297,0.6766983745841993,0.45792069016489734,outer_race,7mil_1796rpm,12800.0
SEU,DE,91,0.4024954937293382,0.005390165541894693,0.24505095340146985,0.7423893795078573,0.007169501516173259,10.818827239282262,4.586311621094874,7.612340218623437,4.369208292860699,0.017851010040465944,5.866344710578842,3.0639326347305387,3675.0,0.6680602819568325,0.283203767558618,1.659795680609721,0.02804967900212391,3485.0653138946823,0.02023076585898105,41.50037913099537,5.84609829721309,424.8872659230117,0.6678217440071698,0.44598588176877774,outer_race,7mil_1796rpm,12800.0
SEU,DE,92,0.40088422924658496,0.005362445238165989,0.24629405427615955,0.7395982000018536,0.008745300466635459,11.39414689049846,4.840443638852394,8.035972671295314,4.660765836989245,0.017616240517012854,6.023906786427146,3.2214947105788423,3675.0,0.6655370769573957,0.2827324188057673,1.6601727591234878,0.014725788294266755,3488.7464596606583,0.02215001433675525,36.84181003060093,5.405246302269863,432.6960107716703,0.6653038921237732,0.4426292688750412,outer_race,7mil_1796rpm,12800.0
SEU,DE,93,0.4009306279530782,0.006227536361443376,0.2522943914177592,0.7334579836728283,0.00802008853524642,11.378612907737255,4.843316008629974,8.035042688122747,4.786688139655229,0.018191267221416542,6.107966966067864,3.2214947105788423,3675.0,0.665142374529905,0.2831184026295756,1.6589961658098817,-0.010684853193579699,3479.7180383028344,0.02113892885064613,41.39987369198937,5.8166622842975615,438.47542728718577,0.6648935675671404,0.4420834561921595,outer_race,7mil_1796rpm,12800.0
SEU,DE,94,0.4074266451472056,0.007577345174603579,0.2498531878411442,0.7328682316711801,0.009701235220834105,11.04455603917015,4.765345892886463,7.835168429085359,4.507082636193122,0.017738185835360527,6.15669750499002,3.192256387225549,3675.0,0.6698897538562383,0.2890343781953778,1.6441972115353507,0.006983663144583055,3481.831870069236,0.02362966813315784,36.28939681350062,5.3797583890710055,456.88357263751175,0.6696548656471046,0.4484376390848418,outer_race,7mil_1796rpm,12800.0
SEU,DE,95,0.40476625435652136,0.00872809409606769,0.2531415147332101,0.7289037588043767,0.009226632295054738,11.119156472714323,4.817781707529075,7.8866663237538175,4.447161718982059,0.016700956631658558,6.245224650698603,3.192256387225549,3675.0,0.6625988019002174,0.287095194231607,1.6369912134932945,0.08613889657389175,3474.7394900747786,0.02250104628870478,42.05353548082808,5.924885456517643,464.45329551992677,0.6623882927159801,0.43875825032719096,outer_race,7mil_1796rpm,12800.0
SEU,DE,96,0.39344556482737647,0.007542246002809592,0.2564141951217728,0.7264726479141264,0.009570910928273717,11.008924521770917,4.697864680979444,7.759569649266572,4.540251433597468,0.016844713307759482,6.070606886227544,3.052968263473054,3675.0,0.6498629634509926,0.27731757606618124,1.6517226817288404,0.07627944470789183,3475.3533245802632,0.022838525708363915,37.48101232147854,5.564299607484307,455.70623070798575,0.6496446158469148,0.4220381268988855,outer_race,7mil_1796rpm,12800.0
SEU,DE,97,0.3868882775464696,0.007798191938014239,0.25183755253466966,0.731115924628509,0.00924833087627622,11.504666198763193,4.89507786115549,8.125151447437744,4.718733525660371,0.01688397375171532,5.95324750499002,3.143525848303393,3675.0,0.6421809698367821,0.273239205205392,1.6598615339531682,-0.009040828710341961,3476.5288717207936,0.021542446506291696,40.92094122835878,5.912610522971257,455.99184387437134,0.6419589780125062,0.41211132945086143,outer_race,7mil_1796rpm,12800.0
SEU,DE,98,0.3898918997941617,0.007144677177200117,0.2511546463180061,0.7293540610440736,0.012346615442062576,11.597606191745246,5.032589393637187,8.278156149558566,4.794159703529074,0.016667049884605788,6.358117065868264,3.227586027944112,3675.0,0.641337048483395,0.2782976050903841,1.6449099066227855,0.034570986153349505,3485.620324268604,0.022921851266051892,33.80923875368717,5.332207750669109,464.7634632246807,0.6411204404833281,0.41103541920553666,outer_race,7mil_1796rpm,12800.0
SEU,DE,99,0.39385482521285553,0.00834313786157359,0.25040453731705103,0.7292801919912809,0.011972132815284548,11.536457794420533,4.976533957631257,8.194862221631512,4.707754468501678,0.016899836557354043,6.358117065868264,3.227586027944112,3675.0,0.6485610377469194,0.27977270713936947,1.6467007542599232,0.1482231132479424,3480.0039003491365,0.022813623993282094,35.08831336187443,5.518779942176173,473.08488275921343,0.6483408171692537,0.42034581520769576,outer_race,7mil_1796rpm,12800.0
SEU,DE,100,0.38875850233127496,0.008435188180753627,0.2479512848311428,0.7305165681505922,0.013096958817299605,10.955907125704078,4.6923145424859305,7.7580663917853885,4.750586521172815,0.016491765882297907,5.995074550898204,3.016014271457086,3550.0,0.6427562014756237,0.27528658620892266,1.6533559976725816,0.10420341848784384,3484.6284480356476,0.02346756213104853,34.8127561269083,5.326058887941403,477.29671097797205,0.6425445947118816,0.41286355619345616,outer_race,7mil_1796rpm,12800.0
SEU,DE,101,0.39036639596782996,0.009303616617667812,0.2549111279828103,0.7227369432356957,0.01304831205903879,12.192080763404983,5.258639009037881,8.666518685049574,4.8728183943947405,0.0167314925325131,6.458014670658683,3.383117664670659,3550.0,0.6433447245297093,0.27748484695288617,1.6480535496265596,-0.031104309706996385,3478.357862512576,0.02391715032541419,35.79589756913102,5.52188753091279,483.2603979213219,0.6431271194234014,0.413612491737842,outer_race,7mil_1796rpm,12800.0
SEU,DE,102,0.38467958014634795,0.008776323654380132,0.2576327312797956,0.7220546563732235,0.011536288558585055,12.402698710937763,5.307916989982428,8.79463802935311,5.120374461640845,0.01704954178556949,6.5262374251497,3.383117664670659,3662.5,0.6373719994219161,0.2727727040315134,1.6568906495619902,-0.015401072502441661,3475.971040644694,0.022767134246384494,38.552876844160274,5.564382138440912,473.6778272389874,0.6371439231225494,0.40595237877199314,outer_race,7mil_1796rpm,12800.0
SEU,DE,103,0.3844454054781063,0.009484326902680657,0.25268315933654545,0.7258361492449447,0.011996364412599478,12.006875860249378,5.141279858337915,8.527470895148262,4.727026466121505,0.017089793654877748,6.421466766467066,3.278347005988024,3662.5,0.637651926430602,0.27303913558742615,1.6586280323407727,0.08138652176354931,3476.058529440486,0.024314057593207324,42.709492190979546,5.907136614500583,482.681063769967,0.6374228723802524,0.40630791823349155,outer_race,7mil_1796rpm,12800.0
SEU,DE,104,0.38899783241134916,0.009187291047351154,0.2524970476939665,0.7266843868776526,0.011631274362182394,12.259320559904857,5.223495022354174,8.68761363862268,4.785191757993239,0.016965865485825224,6.174565369261478,3.379462874251497,3662.5,0.6469735033323357,0.27566477748402435,1.6631802273082794,0.10718909452867045,3477.4433287757265,0.023520900755255314,39.136191321711124,5.6127576276931,478.977641536078,0.6467510134684233,0.41828687342243276,outer_race,7mil_1796rpm,12800.0
SEU,DE,105,0.4030491056461296,0.009613145663768965,0.25533549287390317,0.7233300448759794,0.01172131651762072,11.763172286049155,5.102353931478179,8.384742273113016,4.799873268934601,0.01760910225447542,6.5903993013972055,3.379462874251497,3662.5,0.6623340755337309,0.2872917944302712,1.6433086347430061,0.08834613979253877,3475.883180465724,0.02467870381828461,45.46578283140154,6.028555783816334,482.6437268094906,0.6620999525229656,0.43837634713091334,outer_race,7mil_1796rpm,12800.0
SEU,DE,106,0.3964232117308352,0.008051060038001923,0.25884013537297135,0.7206246633754707,0.012484141147455902,11.410367520938443,4.92616452578444,8.09976896440131,4.595878588065901,0.018239252208473673,6.405629341317365,3.2109364271457084,3662.5,0.6518126648712368,0.28140517132805076,1.6442343575829934,0.08570447752622541,3478.1637949094643,0.023377663616921663,37.85433274578443,5.532490147428221,472.3048604051769,0.6515574262990322,0.4245270797654188,outer_race,7mil_1796rpm,12800.0
SEU,DE,107,0.3865819271125717,0.007083946967503653,0.2540447791353974,0.726463261850128,0.01240801200369132,11.931533656585096,5.017689017035363,8.382649604257635,4.679259280099025,0.017719348753664543,6.069794710578842,3.2405808383233534,3662.5,0.6458313433378159,0.27159801343181517,1.6706195971488118,0.06452690238048431,3485.005384974061,0.025181546317336073,42.422263636987225,5.808264591768942,463.6996522189062,0.6455882191592981,0.4167841487172739,outer_race,7mil_1796rpm,12800.0
SEU,DE,108,0.3904722801954684,0.007125651179771048,0.25790414855811733,0.72416458052813,0.010805619665945315,12.290509564644548,5.258446007780835,8.72240810827692,4.929581286326084,0.0177558332066336,6.450705089820359,3.4058585828343313,3662.5,0.6476929834013203,0.2771128865667037,1.6587425439703134,0.05284248448699712,3477.112194883738,0.02345602735626823,36.961431516638555,5.457687146683201,456.83661424621306,0.6474495587568511,0.41919093113444117,outer_race,7mil_1796rpm,12800.0
SEU,DE,109,0.3917730302578437,0.008119082141753067,0.25086503319027853,0.7307842049043136,0.010231679729536673,12.372336401241974,5.22168759809253,8.693448297328635,4.809160878132096,0.016986090563014596,6.450705089820359,3.4058585828343313,3662.5,0.6522524603115826,0.27528014696500175,1.6648733065732102,0.12518900766256114,3480.295952102954,0.025800766774919836,32.8445775757754,5.185045866441528,462.54495788891364,0.6520312451945057,0.4251447447098977,outer_race,7mil_1796rpm,12800.0
SEU,DE,110,0.40462606681168917,0.00837237411419759,0.2530976013774621,0.7302905271994345,0.008239497272004473,11.208505153762584,4.636914567491764,7.772979690565845,4.432633000040268,0.016547682272174406,6.063703393213574,3.1451501996007987,3662.5,0.6782851298686096,0.28060389467234204,1.676325836378406,0.10805646399896134,3472.853333491544,0.023510904121694064,29.047065865381548,4.99882682079588,455.93363270825677,0.6780832482905736,0.45979689161229576,outer_race,7mil_1796rpm,12800.0
SEU,DE,111,0.40307488270529257,0.007747418741174518,0.24686855033340954,0.7363191807149444,0.009064850144395363,11.718405602562623,4.967462271370856,8.244167049962982,4.7317514152677775,0.017628137621241893,6.353650099800399,3.3230166666666667,3675.0,0.6689565989898547,0.28357242268009375,1.6596335512152491,0.02435138839748153,3482.487687704655,0.02565398692518956,25.87800118107829,4.670942523596675,452.92859441288317,0.6687242930356874,0.44719218009607986,outer_race,7mil_1796rpm,12800.0
SEU,DE,112,0.4012117961830246,0.006838186879210806,0.25796187375169044,0.7264793056408743,0.00872063367099738,11.763122458600023,5.047132846248966,8.355325097397511,4.999503387586427,0.017611481675321228,6.471821656686627,3.35225499001996,3675.0,0.6641899653010638,0.28498002990431553,1.6554597138466833,0.047806577241378385,3475.134350792813,0.023559565635364557,29.191347791675774,5.0318990176212335,445.6897697645908,0.6639564336007506,0.44083814571982805,outer_race,7mil_1796rpm,12800.0
SEU,DE,113,0.390297194478231,0.007242677320717554,0.24938033725328165,0.7334731235985887,0.009903861705376368,12.291830266867716,5.1180927494600414,8.588980493445318,4.885161034149684,0.01668648182151322,6.471821656686627,3.35225499001996,3675.0,0.6549812897340758,0.272722199805823,1.678160383934319,0.08870403536975598,3485.6084447658613,0.024818931307087417,26.080663415366626,4.679192400501376,450.69727130656497,0.654768700554733,0.4287220512261336,outer_race,7mil_1796rpm,12800.0
SEU,DE,114,0.3948797607421875,0.00744931572729483,0.2577388151774958,0.7251425816460524,0.009669287357340114,12.21409352623235,5.095409289787873,8.540724839628918,4.942604292860183,0.016260367205043036,6.443395508982036,3.372559381237525,3675.0,0.6618819391008977,0.27612031740171633,1.6761607073932383,0.10012761077635225,3476.4654363054647,0.023500054052143466,36.10426695828359,5.48951079332977,451.7167479402419,0.6616821757961457,0.4378233017663215,outer_race,7mil_1796rpm,12800.0
SEU,DE,115,0.414785004112868,0.008330181528579218,0.2577376708607287,0.7265208946513096,0.007411252888244797,11.50823410040846,4.889373205786854,8.130861404815423,4.993385376131136,0.015882634145770957,6.448674650698603,3.372559381237525,3675.0,0.6897733593430558,0.29305620235148183,1.6629660004664975,0.05611872897566005,3473.4682486806037,0.024577580275654032,30.24493060878232,4.905027338508517,446.27929513234477,0.6895904793368278,0.47553502919199603,outer_race,7mil_1796rpm,12800.0
SEU,DE,116,0.42039766131798906,0.0065911992172904025,0.2497677728976326,0.7376872690982597,0.005953758780262679,10.902625167303116,4.764618343531686,7.790476981069425,4.608154218824068,0.015718454107410178,6.477506886227545,3.275098303393214,3675.0,0.6873789393518573,0.30039538671981564,1.635068418784384,0.00728099183699818,3476.490276864436,0.02100861252717714,43.17515981392537,5.970254297808029,425.44723649207884,0.6871991970782254,0.4722427364649576,outer_race,7mil_1796rpm,12800.0
SEU,DE,117,0.4156380264860903,0.007542609673624107,0.24555751838200712,0.7396815273800224,0.007218344559500351,11.044284917067559,4.72971845446849,7.807389116500428,4.4379978114769605,0.015657778875842063,6.447456387225548,3.2450478043912176,3675.0,0.6860974570960768,0.2938214496238143,1.650709062634426,0.07147984071838283,3481.6189873721505,0.02420157714778489,28.276020311590337,4.7396369570542385,439.0849041724957,0.685918766760597,0.47048455459437827,outer_race,7mil_1796rpm,12800.0
SEU,DE,0,0.08097268583925898,0.18471631456827672,0.07830404223588662,0.7004777449814367,0.03650189819873452,5.230030760954866,3.533408924285868,4.427764995517368,-0.04669276257221977,0.019298426623315868,0.6484846706586826,0.3585280239520958,3650.0,0.10146802468512964,0.0685518002358055,1.253114227760167,0.04074764908812561,3216.2110804761996,0.09428462236817564,82.91305260891248,7.858697218749372,1274.7795601985017,0.0996159162150636,0.009923330763366572,outer_race,14mil_1796rpm,12800.0
SEU,DE,1,0.08312509636976048,0.14663244835190686,0.07325808128547585,0.7428531806590877,0.03725628968401183,5.216935743578006,3.53550420054222,4.423493858675122,0.008790746726010212,0.019335100346182636,0.7344729341317365,0.36770335329341314,3637.5,0.1040030876606003,0.07048263029615655,1.2511635138198154,0.03880733888743732,3324.342537785652,0.07944393037931881,108.92103768044593,9.447860343789772,1169.6402232182784,0.10219000018368508,0.010442796137541559,outer_race,14mil_1796rpm,12800.0
SEU,DE,2,0.08286657635900076,0.15949426320232518,0.07267594486735467,0.7242227327463961,0.04360705914532662,5.2481432539241615,3.5418012352554844,4.43729389398714,0.008112313410907568,0.01904763782980913,0.7344729341317365,0.36770335329341314,3650.0,0.10381817862426976,0.07006351303739139,1.2528353793030005,0.00740525911846908,3301.227608260872,0.08556430730426536,117.94004237508284,9.516310704981048,1220.5751708293594,0.10205587541129225,0.010415401705965208,outer_race,14mil_1796rpm,12800.0
SEU,DE,3,0.0826278403349551,0.16882776581597528,0.06414091599034732,0.7275389833702585,0.03949233480581077,4.917928569917147,3.3200093770215915,4.157764071717223,-0.06724079743061928,0.01915347621163922,0.6738589221556887,0.3435470658682635,3637.5,0.10347773962507976,0.06985605036432062,1.2523350387182306,-0.011148965823119753,3267.334921499671,0.08589419929692495,94.01841788912479,8.66458617769685,1238.7358750961112,0.10168965998038332,0.010340786946925973,outer_race,14mil_1796rpm,12800.0
SEU,DE,4,0.08697238795845809,0.1811533398091133,0.06365580031309756,0.7145165692421346,0.04067429061947661,5.427104523540596,3.6702657350163386,4.595189578666462,-0.007936453686803624,0.01909083352825599,0.798294251497006,0.3996546107784431,3650.0,0.10888982968331692,0.0736404852799319,1.2520045986931805,0.04279304477912006,3245.238380230059,0.090911853522447,45.06555211274615,5.923294578395008,1278.9424809891182,0.10720324194565285,0.011492535083658184,outer_race,14mil_1796rpm,12800.0
SEU,DE,5,0.09038570055202097,0.139189550870828,0.06006618417754328,0.7530361410211658,0.047708123929364625,5.212838432062149,3.5329383172581634,4.421657500440838,0.08626028105823513,0.01865863866017964,0.798294251497006,0.3996546107784431,3637.5,0.11312244225328179,0.07666736960814333,1.2515524199336687,0.0054222794352839524,3381.6017523587034,0.07744224495896469,79.61434401401084,7.76957932610285,1177.0950950691702,0.11157303502502709,0.012448542144695922,outer_race,14mil_1796rpm,12800.0
SEU,DE,6,0.08527068757017217,0.13482084854996235,0.0713237730619436,0.7453978023464761,0.04845757599324389,5.25420310369229,3.5242984416395653,4.436455850168291,0.13927469811750726,0.01838094919535928,0.73418874251497,0.37829964071856287,3650.0,0.10734041029243008,0.07199943231214646,1.2588195703722451,-0.005158566841125682,3397.432130161472,0.08271573740805452,46.756621567314795,6.253215921812339,1162.010373432218,0.10575492607167218,0.01118410438842485,outer_race,14mil_1796rpm,12800.0
SEU,DE,7,0.08018925582428893,0.13646326511210802,0.06739167212271951,0.7393133842463706,0.05683167850881276,5.856315920567223,3.9148168390722833,4.929213222602761,0.06418499461079064,0.018347685137537425,0.7056477844311377,0.39526994011976047,3637.5,0.1009676713798518,0.06749464091094935,1.2591172014501872,0.013563352281276699,3408.1584661699785,0.08937780004213892,55.028082975551435,6.500399830006593,1180.8016775197145,0.09928662102198631,0.009857833113963533,outer_race,14mil_1796rpm,12800.0
SEU,DE,8,0.08363614965381737,0.13559178197677638,0.06570230066363565,0.7587342070028307,0.03997171029268992,5.5956924264645,3.76166983658802,4.726065723444257,0.10658274759376862,0.018575934459206585,0.719654371257485,0.39526994011976047,3650.0,0.10507831821792356,0.07063825349841503,1.2563744105014227,-0.015299519553236603,3378.1236590726967,0.08618787027558074,70.87007829268903,7.424518618172904,1147.0731236024712,0.10342334174872937,0.010696387618474468,outer_race,14mil_1796rpm,12800.0
SEU,DE,9,0.08365410986620508,0.15163215067243152,0.06758631157206933,0.7382455400892425,0.04253599759217716,5.438930063089658,3.6725166845675963,4.6148839858973565,0.2103825851223462,0.018364654168226045,0.7621207185628742,0.3860540119760479,3637.5,0.10511974352582201,0.07097977129655252,1.2565998693184195,-0.010760355113530934,3332.2014616191404,0.0838023935133322,107.40027530841729,9.127211973151107,1198.3888986243953,0.10350313983747574,0.010712899956216056,outer_race,14mil_1796rpm,12800.0
SEU,DE,10,0.08044287939745509,0.16935768764798487,0.07207106972354003,0.7198162574168788,0.038754985194291186,5.625657685072841,3.8356365825961074,4.79910732768053,0.2085981661159213,0.01799533986714072,0.7666677844311377,0.3860540119760479,3650.0,0.10064926738047524,0.06862380073362911,1.2511892678926084,0.0054714328318495615,3272.6986045732833,0.08705876346920269,32.798606706692816,5.269654829696475,1249.7246684174474,0.09902748490844597,0.009806442767292494,outer_race,14mil_1796rpm,12800.0
SEU,DE,11,0.08002360953873502,0.1746866961379418,0.08249192034498057,0.6944882227574637,0.04833316074436336,5.58493253464694,3.798615342106279,4.756268489374447,0.16418358317196757,0.017977696832896704,0.6927373652694611,0.3806137724550898,3675.0,0.10019802959149973,0.06815011105217422,1.2521058493743573,0.0009727754144774744,3266.861307838154,0.09305020749243344,44.78315585978401,5.971215815967131,1283.223065346568,0.09857204243903801,0.00971644755060351,outer_race,14mil_1796rpm,12800.0
SEU,DE,12,0.0780863052605726,0.15350865285243342,0.08680216946079347,0.7104649094570007,0.049224268217629,5.40700238669072,3.6254119915016343,4.566476544731206,0.1530951457751497,0.01720114561891841,0.668702874251497,0.35657928143712575,3650.0,0.09835551994448823,0.06594768338087698,1.2595745133064962,-0.027156520244258638,3331.890269084398,0.09480552885503908,55.24429304996355,6.540786434228427,1226.8450993952395,0.09683970721221426,0.009377928892947383,outer_race,14mil_1796rpm,12800.0
SEU,DE,13,0.0790362141537238,0.13784707024616152,0.0764749354477349,0.7341875578905654,0.05149043640204153,4.542694718236856,3.078596818989179,3.847927586093596,-0.1650604465506964,0.014905529156530688,0.592377125748503,0.304125628742515,3650.0,0.09878709250481557,0.06694828677823951,1.2498965640317325,0.022377561147356433,3385.642254103299,0.09179923692660676,101.63475282792214,8.923028225086968,1177.0048646122657,0.09765610501202061,0.009536714846118798,outer_race,14mil_1796rpm,12800.0
SEU,DE,14,0.08121152098147455,0.13847602654253416,0.06563233854875612,0.7387794595644016,0.05711217534028348,4.678095534853971,3.214068510008985,3.992815684421273,-0.16708855060571226,0.011828564160741017,0.6297280239520958,0.3242626347305389,3650.0,0.1008885260910734,0.06931509463939602,1.2422932715924313,-0.02190759080144163,3413.6101198077213,0.08505453827371615,50.47588405507626,6.3741724517754275,1192.2630403623054,0.10019271314184697,0.010038579766724433,outer_race,14mil_1796rpm,12800.0
SEU,DE,15,0.07786348761461453,0.15269270810743082,0.06558886850029846,0.7317881215252209,0.04993030185685299,4.8924375536613836,3.3546077987505014,4.164501805203966,-0.17081338682201386,0.009156278829060628,0.6297280239520958,0.3242626347305389,3650.0,0.09666186158969695,0.06627833900258338,1.2414273307166126,-0.05388042796319621,3333.4038349897996,0.08714402739942523,109.13865256541726,9.312104024310877,1218.6248594775136,0.09622722090962738,0.009259678043990227,outer_race,14mil_1796rpm,12800.0
SEU,DE,16,0.07611428979930764,0.1617732760302211,0.0760451417812795,0.7131087662143979,0.04907281596342873,5.265392997425642,3.6344981578897375,4.489032504395671,-0.3021223832173172,0.0073681077493450604,0.5897788023952095,0.3416795209580838,3637.5,0.09401009606136924,0.0648915515185928,1.2351175621456616,0.01666802530746631,3303.1953005948044,0.09055920318380971,64.36435278150769,7.011132411590907,1240.8535071992678,0.09372091095194239,0.008783609149661916,outer_race,14mil_1796rpm,12800.0
SEU,DE,17,0.07562280244199102,0.15939203426003906,0.08799652199120225,0.7036215719110483,0.048989871835536304,5.28348300002442,3.6657774028958947,4.518207603059678,-0.34372421875991144,0.0059895127713323355,0.5765841916167664,0.3416795209580838,3650.0,0.09320792928893158,0.06466937074587059,1.2325373601491405,0.03578881326919433,3326.6384010069646,0.09734187681760255,31.136247155209375,5.018620253795405,1239.866563119943,0.09301528809336944,0.008651843819092515,outer_race,14mil_1796rpm,12800.0
SEU,DE,18,0.07433153057166916,0.13787160367260218,0.07622330072865342,0.7403818280737975,0.04552326751797582,4.262033047858858,2.897361069531418,3.6097398098271776,-0.2885791749780102,0.00456280583364521,0.5237651497005987,0.2683174850299401,3637.5,0.09260754134220983,0.06295528026577275,1.245871578722831,0.04046040033634889,3392.178097460678,0.09116014884206958,72.44656269185354,7.315837943455622,1165.729009247641,0.09249506752456348,0.008555337516373556,outer_race,14mil_1796rpm,12800.0
SEU,DE,19,0.07459976416308009,0.1491093060057496,0.08539118193791731,0.7219670541744925,0.043532457858641294,5.075074994037604,3.391890760073812,4.277037489373994,-0.06110429451799693,0.0035508687897642215,0.615437245508982,0.3190659880239521,3650.0,0.09406729479018033,0.062869216395581,1.2609596805767767,0.08573391973771759,3348.121628894056,0.09108114988516391,53.70340579977017,6.462518378322598,1195.3509727741684,0.09400025148892191,0.008836047279980566,outer_race,14mil_1796rpm,12800.0
SEU,DE,20,0.07904707750514596,0.1400653856209155,0.07411583828440683,0.7463462702275762,0.03947250585741523,4.896343031976831,3.2136517194976957,4.098550551634012,0.08898883024753612,0.003393825961358533,0.6430444311377246,0.32397844311377244,3637.5,0.10081317808900939,0.06616743169298958,1.275356170915319,0.036571851390942996,3368.805269959252,0.07771240997204286,94.52086475040848,8.507496395227461,1166.126890955656,0.1007560361554102,0.01015177882175033,outer_race,14mil_1796rpm,12800.0
SEU,DE,21,0.08102563476562501,0.16070151006611388,0.07441173163476363,0.7199924509305041,0.04489430736629794,4.755370853209975,3.1621864835316567,3.9984684359575025,0.006001664851174038,0.004045864930295659,0.6270079041916168,0.32397844311377244,3650.0,0.10245393331513464,0.06812895421081201,1.264463198733255,-0.0063112053987546225,3318.916476715026,0.08393821900040459,54.41839357139722,6.327591997061436,1245.412161021726,0.10237401735161056,0.010480439428707859,outer_race,14mil_1796rpm,12800.0
SEU,DE,22,0.0808419093258795,0.1678360127437499,0.06857593440598246,0.7229972447037323,0.04059080814417952,5.227447911840035,3.5897217214718626,4.467068508360722,-0.02510910950348233,0.004854708844030688,0.69156,0.36112634730538923,3637.5,0.1006000953069197,0.0690827251453711,1.2444052366625031,0.031170799128722757,3273.088654118572,0.0826675481903788,79.04465965583306,8.018296665570837,1248.7093196392295,0.10048288898016924,0.010096810977801017,outer_race,14mil_1796rpm,12800.0
SEU,DE,23,0.08105772922904192,0.15810804801777903,0.07939981974362034,0.7167982241226565,0.04569390811510951,5.245239805327879,3.555617417915583,4.455174734601403,0.03105355669878529,0.005834016186377245,0.7022374850299401,0.36112634730538923,3650.0,0.10156501807134613,0.0688483960139579,1.2529960934923,0.0644004220130003,3329.4467380214132,0.08684936531468625,60.0602786418313,6.919900109662282,1237.3446207926308,0.10139732319430309,0.010281417150969955,outer_race,14mil_1796rpm,12800.0
SEU,DE,24,0.07992468960516466,0.14292818680007832,0.06921798095352054,0.7447453364252237,0.043108495801637677,5.066905098538337,3.390505780605661,4.267906943519848,-0.002936263642698833,0.00655634976141467,0.6770662275449102,0.3411111377245509,3637.5,0.10060774403505564,0.06732139858371378,1.258781792360623,0.012604018007522397,3351.9171410801478,0.07729346942591372,84.87883201096274,8.379748068965467,1175.2237645100147,0.10039388645544743,0.010078932437629272,outer_race,14mil_1796rpm,12800.0
SEU,DE,25,0.08144986053284056,0.17959968659764455,0.07116374653767026,0.7075349299295967,0.04170163688992294,5.525555992805237,3.76868860246448,4.6954128105434165,-0.11285514601457747,0.007314663232129491,0.676660239520958,0.3824407185628742,3812.5,0.10147846078680593,0.0692130744961857,1.2459009766614622,-0.040495541788658995,3244.901926485653,0.08805131282161549,54.265460890970616,6.784854524921003,1277.641098361741,0.10121449355433165,0.010244373705459844,outer_race,14mil_1796rpm,12800.0
SEU,DE,26,0.08139776402273577,0.179280114786809,0.06600514148155431,0.7117974452284689,0.04291729849031913,5.641988652185862,3.8606511104770265,4.80515487091513,-0.0796963892191771,0.008490402963604043,0.7735695808383234,0.39112886227544913,3637.5,0.10131163140176135,0.06932464533120161,1.244648825654023,-0.011727439557476682,3235.2377135619504,0.08289079981601745,66.23372939270436,7.385073600534257,1280.7880771250186,0.10095523619308698,0.01019195971480198,outer_race,14mil_1796rpm,12800.0
SEU,DE,27,0.08306925319283308,0.18282458621859274,0.07832518250953531,0.7023537118628564,0.036496519368691714,5.543665585810644,3.7741587662611282,4.708467299778185,-0.07201565984859926,0.009089354240737276,0.7080431137724551,0.39112886227544913,3637.5,0.10363338865654587,0.07055419491330207,1.247554115070424,0.013982115606455098,3222.429984165318,0.08153959069267207,52.47453354291754,6.47709600537002,1278.8285538237367,0.10323401999304822,0.01065726288392508,outer_race,14mil_1796rpm,12800.0
SEU,DE,28,0.08276159039343188,0.15435693223185293,0.07559101087998413,0.7214164397500814,0.048635617080980395,5.440452227459796,3.6881857406919285,4.606276325512379,-0.0947798215349902,0.009495738737369011,0.698137005988024,0.381222754491018,3625.0,0.10336322010168014,0.07007188714328898,1.2489274264826506,0.042887074577640495,3340.70399084622,0.08580614894055967,36.90767033415306,5.463732407663656,1220.8788658923916,0.10292612018151662,0.010593786215620002,outer_race,14mil_1796rpm,12800.0
SEU,DE,29,0.07672370795518338,0.15604136854451067,0.06448039486221491,0.7214388681832963,0.05803936835817106,5.909604709206501,3.93277363847633,4.968773859492058,0.00488646356421496,0.00968802798699476,0.6684186826347306,0.381222754491018,3637.5,0.09693483264872439,0.0645090108814073,1.2634273711764157,0.06875619123513974,3382.470295732514,0.09285027161548264,44.61248375415255,5.919212937393146,1246.0325179624294,0.09644948882373307,0.00930250389435941,outer_race,14mil_1796rpm,12800.0
SEU,DE,30,0.07676930231334206,0.1760926917792979,0.06388076554602869,0.7044961104618561,0.05553043219125794,5.300558443015563,3.5225302947185493,4.470827076794363,0.13672720769546975,0.010082954423184881,0.6371982035928143,0.3432222754491018,3637.5,0.0974362877627218,0.06475209718729896,1.2692089784146434,0.0913611732766699,3304.7535173187352,0.087437602783179,69.97193123089369,7.483151601311114,1289.7879400442087,0.09691317868628553,0.009392164203079909,outer_race,14mil_1796rpm,12800.0
SEU,DE,31,0.08036596369760479,0.20118621203730114,0.06398115735356988,0.6911354165759821,0.043697214015765914,5.05543218508279,3.387744567317158,4.270741737640995,0.04113704760004211,0.010922108673278443,0.6371982035928143,0.3432222754491018,3637.5,0.1013129144269895,0.06789177717819214,1.2606445535600417,0.0367259341744806,3191.391649219467,0.0797288312062736,71.49394545156366,7.373362927699793,1321.893118692246,0.10072246110882911,0.010145014171819594,outer_race,14mil_1796rpm,12800.0
SEU,DE,32,0.08095315955978667,0.20738076373462644,0.060488342728046325,0.68905123696881,0.04307965656474042,5.373996411795629,3.585347448243284,4.524621363778504,0.06665989502512337,0.01149538834440494,0.6941177245508982,0.36628239520958084,3650.0,0.10216092038417325,0.06815828801180644,1.2619757022420344,-0.016852059969437203,3161.2843104842364,0.07885266889095525,64.2887625824417,7.071338634880048,1333.170185602164,0.1015121160283476,0.010304709700552705,outer_race,14mil_1796rpm,12800.0
SEU,DE,33,0.07944245988491766,0.20955615073626935,0.07077695149007728,0.6778057560784374,0.041861141686204216,6.063681374531817,4.063036040891744,5.120687357734147,0.1539053794481533,0.01213111246257485,0.7730823952095809,0.4068,3637.5,0.10012217364203264,0.06708795777241996,1.2603105919312183,0.018011199318284907,3151.1123854220605,0.08969276983225326,55.33033164723467,6.633693780028102,1331.8604486374797,0.09938453483930837,0.009877285765225698,outer_race,14mil_1796rpm,12800.0
SEU,DE,34,0.07784865953639596,0.19611386004715425,0.07297581061291167,0.6877582034703714,0.0431521258638993,6.138907703593574,4.181896856760977,5.22552350191479,0.05753415090123193,0.012633502818581586,0.7210753293413175,0.4068,3650.0,0.09727643075230712,0.0662658602542385,1.2495581983248953,-0.03998080358486966,3208.1477810425067,0.09179303917610229,60.51762675479586,6.93293424084301,1306.4340876048748,0.09645257169428555,0.009303098586441292,outer_race,14mil_1796rpm,12800.0
SEU,DE,35,0.07791518765203967,0.18383099096986727,0.07523493385357115,0.6957767637939601,0.04515731137426788,4.751496390956502,3.211578476316314,4.033556727666949,0.08327433646266114,0.013265083797249251,0.6270079041916168,0.3142753293413174,3650.0,0.09785696711412506,0.06614239041399168,1.2559421348138582,-0.09215385435405066,3250.7990571868927,0.09376172548624209,70.29460430407043,7.335968222990252,1290.207259915716,0.09695371867353468,0.009400023564626908,outer_race,14mil_1796rpm,12800.0
SEU,DE,36,0.07869076750795284,0.19516751552385175,0.07263215874704604,0.6874165827669673,0.04478374295037191,5.216158369261947,3.5257197026552394,4.42563388279205,0.09739871819700818,0.014219948598895958,0.6527881437125749,0.34825652694610776,3650.0,0.09877601066353454,0.06676494505963089,1.2552426897291578,-0.07153932764414937,3215.7046032763988,0.091387734796744,78.77387136595468,7.786962966866847,1320.9399721465518,0.09774708867504672,0.009554493344447447,outer_race,14mil_1796rpm,12800.0
SEU,DE,37,0.08152606258186751,0.2185368292893187,0.07061692896636695,0.6663337626815682,0.04451247905352585,5.063755945468294,3.4945964092621264,4.327992551614332,-0.10406342811870672,0.014672561809973802,0.6582689820359281,0.35284419161676644,3637.5,0.10096850974881773,0.0696803312435579,1.2384813708797275,-0.0767643803907943,3139.0020432291344,0.08872044286400121,67.22865967465009,7.219575021891435,1376.6523843504465,0.09989672612668343,0.009979355890829596,outer_race,14mil_1796rpm,12800.0
SEU,DE,38,0.08112080803237275,0.25067657160933815,0.06791564635222865,0.6423465371772324,0.03906124485283347,6.055257636493971,4.135364839579943,5.154375011913123,-0.010604666753663672,0.014765950949663174,0.7709712574850298,0.4181270658682634,3650.0,0.1011100790591273,0.0690519034810815,1.2464136084391255,-0.10451155918795156,3028.089297498985,0.09037432985467983,72.17861990769418,7.479627686347934,1423.9405152573138,0.10002607050112043,0.010005214779895116,outer_race,14mil_1796rpm,12800.0
SEU,DE,39,0.07929370333551647,0.21600296488061113,0.07201446799920087,0.6725799333697677,0.039402633747403985,6.204009750872499,4.1954347846286835,5.273143368005363,0.20712385960700352,0.01478216668226048,0.7584668263473053,0.4181270658682634,3637.5,0.09966239194092721,0.06739626187877287,1.2568764952145626,-0.13169902719552412,3134.5249870452217,0.08457693549347732,100.00239004424348,8.84585005016463,1346.1730547146242,0.09856003203918343,0.009714079915564862,outer_race,14mil_1796rpm,12800.0
SEU,DE,40,0.07700252736714072,0.2075063169583104,0.07307742703812821,0.6811010757445065,0.038315180245814234,5.043637622683268,3.407059510396274,4.282242211112198,0.1396665859552484,0.015011327891092816,0.652016766467066,0.32974347305389223,3650.0,0.09678242251058887,0.06537810559008109,1.2568733237694847,-0.05694084074740782,3171.886261764286,0.09564972634193637,52.93074578490345,6.361141450604005,1327.9134556557244,0.09561117791327664,0.00914149734196424,outer_race,14mil_1796rpm,12800.0
SEU,DE,41,0.07520763607550524,0.1792725287727563,0.07984681926585296,0.6950566680519898,0.0458239838373046,6.5805585595106235,4.453031063149669,5.58068889095657,0.05971008920595411,0.015364961697698354,0.7193295808383233,0.4197104191616767,3637.5,0.09425274901738766,0.06378036383478203,1.2532337663526871,0.00359655297925661,3242.7248415505924,0.09261054568387575,101.56373663435804,9.016745723945146,1279.0314569446252,0.09299192787206281,0.008647498649362931,outer_race,14mil_1796rpm,12800.0
SEU,DE,42,0.07738956399700599,0.20375502208233245,0.07320301517479665,0.6797970748973327,0.04324488779499302,6.40505589943252,4.322738493222486,5.42334647573301,0.0425207481369565,0.015063622637537424,0.7193295808383233,0.4197104191616767,3650.0,0.09709364094537067,0.06552798691403497,1.2546089670323892,0.010900656160867345,3164.641148236886,0.0945130647303381,69.37720846548959,7.3788244179529645,1338.7594564244414,0.09591799823319097,0.009200262385062427,outer_race,14mil_1796rpm,12800.0
SEU,DE,43,0.07907788343235404,0.2072943397807688,0.0850656316202362,0.662855122999478,0.04478490558601563,5.3771801965497605,3.55017234345491,4.504595681550917,0.06031072894876388,0.014610870661021704,0.7110068263473054,0.3562138922155689,3637.5,0.10033707036005844,0.06624548168278453,1.2688385931053685,0.05937858163261579,3152.710116204083,0.09521052767922447,91.1165991988684,8.304507435633262,1341.9182742629491,0.09926756845499045,0.009854050146966215,outer_race,14mil_1796rpm,12800.0
SEU,DE,44,0.080917496842253,0.18263338229065482,0.06715962164921833,0.6852431693915766,0.06496382665713223,5.229422653536189,3.4896386846554552,4.402186252869396,-0.01146104281873006,0.014605181278068861,0.7110068263473054,0.3562138922155689,3650.0,0.10207758579187666,0.06811725037651975,1.2615020208901768,0.020454616186244372,3285.4259192013005,0.09140840421276052,60.325324265149234,6.615239910723585,1326.8198921033695,0.10102733392964838,0.010206522200932683,outer_race,14mil_1796rpm,12800.0
SEU,DE,45,0.07864792863491767,0.1617616652163429,0.07396343861596211,0.7167482656134663,0.04752663054426215,5.537782081374158,3.718825263854659,4.678922271664287,0.05227028050567206,0.014642965124438622,0.678568383233533,0.36798754491017965,3637.5,0.09895263122116983,0.06645034772095372,1.25817212148722,-0.019095130044713957,3320.4214186127274,0.09457066038305899,54.44323831019436,6.537134321406783,1236.1088356268433,0.09786320451506433,0.00957720679795731,outer_race,14mil_1796rpm,12800.0
SEU,DE,46,0.07661557003181138,0.1592396560387314,0.07374592602834429,0.7134702822339517,0.053544135643425514,5.715523315378017,3.7909051443788924,4.8030386611675455,0.15938388865009978,0.015111714773577842,0.6910728143712574,0.36798754491017965,3637.5,0.09707115606831447,0.06438387608709133,1.2669899346570126,-0.002233564932197909,3361.821597394736,0.09888529697960978,27.554748018210372,4.621594360483506,1249.0590719765823,0.09588767082915871,0.009194445417041095,outer_race,14mil_1796rpm,12800.0
SEU,DE,47,0.07760891250701722,0.17322626806304187,0.07863298938179061,0.7049196267828673,0.04322111576804736,5.1203000278898205,3.414229105631871,4.315742985448927,0.08396708846791245,0.015342560991298652,0.6580253892215568,0.33494011976047905,3650.0,0.09810124317901968,0.06541415892351814,1.2640460999907657,-0.04560519667198433,3288.2006505286304,0.09739884407803201,59.35804565480883,6.720334769329622,1267.708780854857,0.09689406450086319,0.009388459735497436,outer_race,14mil_1796rpm,12800.0
SEU,DE,48,0.08095946347539296,0.16916039745362246,0.07613655981327988,0.7181194630794624,0.036583579644414915,4.74363223627095,3.191697914665963,4.011765953221693,-0.007972819256456987,0.015135681547062126,0.6407708982035929,0.32479041916167667,3637.5,0.10176101493479486,0.06846871826998965,1.2569378620662968,-0.036037625528011916,3275.5136413060172,0.08909100068588521,78.0646084985238,7.89372419862093,1251.1947114718728,0.10062909770372319,0.010126215304665467,outer_race,14mil_1796rpm,12800.0
SEU,DE,49,0.08051775326300524,0.19687531250721807,0.0827076071459357,0.6720059937458378,0.04841108656188026,4.758504585093725,3.218930142884568,4.0337739939261965,0.01542796758327869,0.015328961978386978,0.6407708982035929,0.32479041916167667,3650.0,0.10090011424436302,0.06825472443151581,1.2531412037141711,-0.05266143344649647,3193.601712977252,0.10308502066380018,69.73279044947722,7.26193363483145,1339.067761608417,0.09972891245366448,0.009945855979190675,outer_race,14mil_1796rpm,12800.0
SEU,DE,50,0.0804110822885479,0.1461239973005503,0.07325956752976504,0.7447971123074856,0.035819322812405865,5.452094014926553,3.692699711586932,4.625303106951023,0.047683266552533965,0.015845744292664672,0.6809231137724551,0.37192562874251495,3637.5,0.10071916424059309,0.06821702408730845,1.2525532721866803,-0.04124204177672316,3336.1446122551642,0.08896134230156433,60.87787586179392,7.056079764365944,1182.2931970413158,0.09946488040074773,0.00989326243313505,outer_race,14mil_1796rpm,12800.0
SEU,DE,51,0.08195742485731662,0.13958634245037937,0.08154708327459757,0.7359205080819063,0.042946066183275684,5.343965151758302,3.6430727900813404,4.5380345879585295,-0.14110982790235926,0.016241285261508233,0.6809231137724551,0.37192562874251495,3650.0,0.10209118789916102,0.06959731551021471,1.245661245175726,0.02507822991382726,3384.49965211151,0.09494125762414252,91.59588142308806,8.377455064174336,1174.9135983903518,0.10079102787310047,0.010158831299716117,outer_race,14mil_1796rpm,12800.0
SEU,DE,52,0.08101370093796782,0.1394583705102168,0.07377195792472245,0.7507331550014962,0.0360365165500789,5.602286934937571,3.8333380663405605,4.7617849313496405,-0.17388808640606968,0.016352178670003742,0.6690276646706587,0.3857698203592814,3637.5,0.10063548105673624,0.06885934705584305,1.2422032309546358,0.012520357609304728,3369.88814540175,0.09101103082827713,83.55930388502016,7.989974278831362,1153.2149704104827,0.09929806795836961,0.00986010630026499,outer_race,14mil_1796rpm,12800.0
SEU,DE,53,0.08319255619620136,0.16403617656617916,0.06672353773187394,0.7243009229263095,0.04493936276504798,5.441804525131638,3.7270818799141536,4.637071367893562,-0.1021769043218077,0.016649652121538176,0.6920065868263473,0.3857698203592814,3650.0,0.103504519833132,0.07089005468272486,1.2441560226737942,0.007553374285817841,3320.883102960191,0.09721719949520397,79.60408918474614,7.66508321153238,1251.821802601446,0.10215661853310815,0.010435974710118975,outer_race,14mil_1796rpm,12800.0
SEU,DE,54,0.08302151788220435,0.15007958263584045,0.05795967451578167,0.7412438851240746,0.05071685771099842,4.896473170986642,3.381673671993264,4.194285253104876,-0.17786297438644993,0.016729025952002242,0.6544526946107785,0.34821592814371255,3637.5,0.1029714756416645,0.0711156614125891,1.240298639056037,0.023251282623778773,3368.29138724542,0.08537636788109966,78.98412319415159,7.708685394980524,1227.7897550896628,0.10160346690206562,0.010323264486519143,outer_race,14mil_1796rpm,12800.0
SEU,DE,55,0.08235849662004116,0.159664202022984,0.07515669851391926,0.7254729601989927,0.03970613926126761,4.677387089119786,3.222998452591438,3.9978423713119153,-0.21917077397458495,0.01722180184552769,0.6303776047904193,0.32925628742514973,3650.0,0.10215837589385518,0.07039320910408355,1.2404108875998583,0.03984427399960197,3307.2046260509164,0.08677819620526112,51.50573578511861,6.393225051053828,1220.8656277606767,0.10069629241667039,0.01013974330646359,outer_race,14mil_1796rpm,12800.0
SEU,DE,56,0.0827229343071669,0.11733759519129378,0.05890532786456004,0.7733088361883237,0.050448240714185216,4.660358355307055,3.2167641246756316,3.9802297897528014,-0.284059493902479,0.01756157893197979,0.6146252694610779,0.32925628742514973,3637.5,0.1023563664178675,0.07065042263331618,1.2373396480085885,0.0288602684667504,3444.379381028938,0.07955962472536779,101.4270146193943,9.026086498021654,1099.4548640374594,0.10083856748131935,0.010168416691684596,outer_race,14mil_1796rpm,12800.0
SEU,DE,57,0.08061780314371257,0.13693150118586842,0.06517027946991626,0.7449359542008429,0.05296226513434105,4.6621979260660575,3.228245068852979,3.985962261775491,-0.2913662736987024,0.017266028372941618,0.6209992814371257,0.3213395209580838,3650.0,0.09954000210778864,0.06892446997187628,1.2347148920734616,-0.011558498356920285,3419.6727170600457,0.09217406420431186,34.23493846360224,5.351075362815347,1181.0783719226229,0.09803109855471039,0.00961009628384334,outer_race,14mil_1796rpm,12800.0
SEU,DE,58,0.07826874216410928,0.14455728464635376,0.0628785239488795,0.7364343995602993,0.056129791836811355,4.80525632688812,3.3205924534341005,4.10559199078884,-0.2727682885002727,0.017383423933383234,0.6209992814371257,0.3213395209580838,3637.5,0.09677174343565105,0.06687250358737533,1.2364034576248302,0.027097468222279895,3397.1369420429132,0.08561216468164048,72.35682596246266,7.491268381577098,1213.272328544775,0.09519762024298586,0.009062586899927751,outer_race,14mil_1796rpm,12800.0
SEU,DE,59,0.07743470241158308,0.16066364785505208,0.07281275583072122,0.713250464463172,0.05327313184475976,5.071010541804976,3.4301931035197284,4.291373082814134,-0.07014708737154862,0.017602296676178894,0.6333819161676646,0.3323011976047904,3650.0,0.09687536170013736,0.06552958130639402,1.2510587460544853,-0.059007708886951706,3327.906984210888,0.08445332911092794,63.58825917899543,7.051666203816966,1243.2428415715394,0.09526276741863121,0.009074994856256223,outer_race,14mil_1796rpm,12800.0
SEU,DE,60,0.08001667126684131,0.141573378974134,0.07709118931213758,0.7253853507486604,0.05595008094635924,4.9327933096888605,3.2979587605675995,4.1528995438541205,0.028017324510829944,0.017957714609842815,0.6623288622754491,0.3323011976047904,3637.5,0.10075965824011676,0.06736572500455133,1.2592333153187703,-0.04433550744121493,3367.6984940459956,0.08447001510298442,90.877282056051,8.65730022090708,1195.4013671006817,0.09914650379441813,0.009830029214656567,outer_race,14mil_1796rpm,12800.0
SEU,DE,61,0.08052774437453218,0.13262045965011257,0.07143796292877096,0.7488007146553054,0.047140862761481925,4.8312330872538,3.2803727819004846,4.098310057409651,-0.09048108918830788,0.018059508970340567,0.6171829940119761,0.3300276646706587,3650.0,0.10060675618685541,0.0683112693406095,1.2493427820222598,0.025593216360247275,3397.6823063189413,0.08871332791794444,57.53806437208626,6.927541490307171,1157.813668325598,0.09897258977207557,0.009795573526191557,outer_race,14mil_1796rpm,12800.0
SEU,DE,62,0.08160515888145584,0.11059042254185843,0.07374941117827385,0.763358416028792,0.052301750243215483,5.731426279871721,3.8811083235500554,4.857120716598499,0.0025267842554455022,0.017689917138379488,0.7164876646706586,0.39636610778443115,3637.5,0.10212704071652257,0.06915662671548878,1.251477751117156,-0.05777557148575217,3474.168893792762,0.08258976207405826,76.94261265038196,7.985169259436182,1094.6710213773176,0.10058329521919394,0.010116999277151522,outer_race,14mil_1796rpm,12800.0
SEU,DE,63,0.08155676939090568,0.1300847092896508,0.06690563356627445,0.7596559680826399,0.04335368902882265,5.725694581244886,3.8839109639489826,4.86000255704868,-0.005055897980122737,0.017626461686002994,0.7164876646706586,0.39636610778443115,3625.0,0.10205334557448872,0.06922585586083652,1.2513166759382282,-0.0535050508594543,3406.1937619302707,0.08376566871007451,63.07952193537845,7.131238737385281,1146.8158240738512,0.10051961595319536,0.010104193191377887,outer_race,14mil_1796rpm,12800.0
SEU,DE,64,0.07902255566991018,0.16869842301813054,0.06808652378753391,0.7173289821428145,0.045886071036359485,5.8174365808628234,3.8996069199481327,4.9120804358951204,0.05120539742605468,0.01792056511976048,0.6742243113772455,0.3881651497005988,3637.5,0.09953955813212108,0.06672443168138971,1.259634762357139,-0.004445828091746678,3290.536581719284,0.08629601448368726,56.92126174362016,6.711828869677118,1263.3227671925995,0.09791310933131649,0.009586976978926336,outer_race,14mil_1796rpm,12800.0
SEU,DE,65,0.07899381140063623,0.18341009767042346,0.06729159430528828,0.7158997795480548,0.03339852847464732,5.82504288763439,3.8814719221542813,4.913867843797602,0.17091030612726055,0.01780023566148952,0.7435670658682634,0.3881651497005988,3637.5,0.1000046264627262,0.06663730331060905,1.2659805203666974,0.03341877945678211,3214.9146380932466,0.08098993399903189,59.73314387095404,6.8596251138938635,1272.9018081994004,0.09840770764703766,0.009684076924344835,outer_race,14mil_1796rpm,12800.0
SEU,DE,66,0.08004555430155315,0.2024558610639122,0.06932711454417782,0.6899227524398988,0.038294271921396825,5.226779269931194,3.526098214008712,4.439995690813383,0.10121342446074744,0.01757850831540045,0.7069875449101797,0.35540191616766464,3650.0,0.1007918369249333,0.06799635068047233,1.2591809477041451,0.02990050484738012,3167.1701023897776,0.08769865975039014,69.61525327065266,7.333782252548195,1324.135012185316,0.09924711802419126,0.009849990436107748,outer_race,14mil_1796rpm,12800.0
SEU,DE,67,0.07934647384917665,0.16931178508704706,0.06036136600630858,0.7278424741884036,0.04248437464724575,5.260169496630694,3.5076935208264155,4.431017683417362,0.07321936898445625,0.017550338931511977,0.6813291017964072,0.351585628742515,3637.5,0.10023271037079691,0.06683922047905809,1.2632282886486075,0.009606609157826625,3290.507081941398,0.08993910175600514,63.425900229244206,6.908823338671158,1256.3037084921843,0.09868425321025191,0.009738581831665115,outer_race,14mil_1796rpm,12800.0
SEU,DE,68,0.08029097089025075,0.15756302523659532,0.06763789194457138,0.729005714137401,0.04579336863707475,5.683632242514091,3.7901938567419466,4.771780611885888,-0.04722203748687637,0.017527997696014222,0.712874371257485,0.3831308982035928,3650.0,0.10108477631614664,0.067409515932037,1.2589806200540135,0.059803150456579614,3342.952212617923,0.09198292490159865,28.999248270341948,4.908734485342918,1232.1485141415715,0.09955350973046566,0.00991090129965392,outer_race,14mil_1796rpm,12800.0
SEU,DE,69,0.08097129818488025,0.15462996514687216,0.06811658062212671,0.733831234415854,0.043422219797729866,5.60642511375436,3.7701368858082187,4.731687731235298,-0.07906294225425459,0.01739095691429641,0.6662263473053892,0.3831308982035928,3637.5,0.10162254310865945,0.06833782498292,1.2550440141965689,0.05763599349764497,3349.874792381233,0.0881041274056165,46.5331931162206,6.002169445022337,1224.940828314927,0.10012340328552778,0.010024695885476435,outer_race,14mil_1796rpm,12800.0
SEU,DE,70,0.07826170477404566,0.16225525622226888,0.06873703529650023,0.7292653198384773,0.0397423886260201,5.112565569535586,3.4453619115758585,4.333695466879978,-0.01692169028024626,0.017292175746163922,0.6265207185628742,0.3391623952095808,3650.0,0.09844028114145281,0.06633898198402756,1.2578346130545712,0.04527963506650811,3318.7757089041456,0.08995107380177768,54.632833116029474,6.583761147877896,1229.6160650980617,0.09690959503151404,0.00939146960917205,outer_race,14mil_1796rpm,12800.0
SEU,DE,71,0.08144492444797904,0.16299377428333386,0.0656772391110271,0.7215470328567796,0.049781953741577505,5.643808129033123,3.8310525206865216,4.795892199443298,-0.00035234401273331883,0.01726170682073353,0.6995579640718563,0.3906010778443114,3812.5,0.10195659697568334,0.06920878047482946,1.2518471552000225,-0.003410560678309647,3335.8111719356248,0.08709503866084886,60.0966947980991,7.027697184445112,1244.5499235518262,0.10048473090224685,0.010097181144496963,outer_race,14mil_1796rpm,12800.0
SEU,DE,72,0.08111398870228292,0.14913733130125065,0.05808780571600654,0.7562471175621652,0.03652774540624149,5.694800739463889,3.828133843720593,4.815458888083482,0.06536101800769645,0.0168491373502994,0.7044704191616766,0.3906010778443114,3650.0,0.10203433155427062,0.06858906847038915,1.2579128851470092,-0.042187072309540066,3348.3902762772223,0.0809401264350872,67.33542492448335,7.4056086343663425,1166.9870460382378,0.10063355000335411,0.010127111386277572,outer_race,14mil_1796rpm,12800.0
SEU,DE,73,0.08221511227544909,0.14427474264749532,0.06184976111785965,0.7436602584865981,0.050215237729211645,5.623146537225898,3.7467170867309374,4.740594426097961,0.20694979599564212,0.01689837925711078,0.7600907784431138,0.389748502994012,3637.5,0.1040240012714899,0.06931146119238235,1.2652661827301712,-0.047245994145067326,3388.6702901988956,0.07567383508173017,71.27967353033905,7.626403580373257,1185.508701659001,0.10264227988024127,0.010535437619013781,outer_race,14mil_1796rpm,12800.0
SEU,DE,74,0.08279410115316242,0.1734268727815615,0.055945178498133845,0.7346102707475932,0.03601767794941048,5.5738483633547835,3.74053860269877,4.707442892253986,0.13818145496451484,0.01672954136648578,0.7600907784431138,0.389748502994012,3650.0,0.1041958242892645,0.06992448979351681,1.25849333271353,-0.031540877368118586,3284.11552517239,0.07885282351355076,65.99602394444312,7.345407090238025,1245.4849495699607,0.10284401900444343,0.01057689224498632,outer_race,14mil_1796rpm,12800.0
SEU,DE,75,0.0827292382227732,0.18615744866866027,0.052297183126832646,0.7235014580835943,0.03804391010473062,5.451130802408096,3.7004252676810463,4.628198126981213,-0.08541014744992204,0.016732158086171407,0.6970408383233533,0.38288730538922155,3637.5,0.10347116282371685,0.07023997758778361,1.250720604305455,0.0629912052012796,3237.682900623656,0.080474442903733,68.97857723230118,7.412152725031416,1282.6032454319472,0.10210933562545342,0.010426316421871492,outer_race,14mil_1796rpm,12800.0
SEU,DE,76,0.08586979743637724,0.17748392817819655,0.05437804275260841,0.7292904158934624,0.03884761314983822,6.3310331439532765,4.247418804747028,5.360548589833802,0.38357611194087715,0.01677951674775449,0.8932954491017964,0.46030922155688625,3812.5,0.10837387192485762,0.07270680962972437,1.2620720574676343,0.004894233538239936,3278.0731000291503,0.08182647356001242,29.68769707465877,4.931654190737533,1273.6057019191442,0.10706700674669703,0.011463343933697268,outer_race,14mil_1796rpm,12800.0
SEU,DE,77,0.08518661553845433,0.18423131225605316,0.07672221738731894,0.7038277526360895,0.03521871769695457,6.401493180470319,4.25475725451672,5.40353926080203,0.517782316766147,0.016132136332803144,0.8932954491017964,0.46030922155688625,3637.5,0.1081869526324295,0.07190653939321501,1.2699994236018513,0.006216314001073326,3232.0906251736546,0.09051536941842932,73.70514199524479,7.468461445561356,1276.8051054170132,0.10697743171917802,0.011444170897231397,outer_race,14mil_1796rpm,12800.0
SEU,DE,78,0.0813675924518151,0.16099754477079944,0.07045097757899331,0.7277672541429769,0.040784223490050835,5.467300315764665,3.721346264395056,4.65675106436111,0.014556627760650809,0.016214206177488776,0.6794615568862276,0.378908622754491,3650.0,0.10182030798364489,0.06930451975757185,1.251361935575784,0.04501248285590025,3339.7955164313776,0.08850248849769382,23.713219547973303,4.472792537059794,1235.5243735295544,0.1005210158917934,0.010104474635918181,outer_race,14mil_1796rpm,12800.0
SEU,DE,79,0.07845867240129116,0.1828547222467141,0.06778007049637282,0.705619581415695,0.04374562581928456,5.065734025461422,3.5131048214983918,4.340409339954799,-0.17160458744199802,0.016398803857129492,0.6640746107784431,0.34054275449101795,3637.5,0.09693498252801104,0.06722476008005551,1.2354909860342707,-0.08443804927720483,3282.3548874039384,0.09306585495082433,83.03555289386198,8.030943840418075,1290.5902756545313,0.09553779393392543,0.009127470069761199,outer_race,14mil_1796rpm,12800.0
SEU,DE,80,0.07819107316616766,0.2127679892687274,0.06659348141252935,0.6844776207939678,0.036160908449138426,5.848613648133418,3.9762626319642114,4.970546119803181,0.09022224987651839,0.016345418810815866,0.7532701796407186,0.38865233532934135,3650.0,0.09774312496490031,0.06645204465734876,1.250054782560429,-0.027922391217732916,3170.842516410892,0.09357389435958326,52.34004162986797,6.20542045776214,1349.9998249937007,0.09636672538694643,0.009286545761803145,outer_race,14mil_1796rpm,12800.0
SEU,DE,81,0.08025191833130614,0.19743056260936254,0.06884644016635179,0.6826956913554358,0.051027305859545374,5.7301995472529725,3.855767746353566,4.842903987975185,0.1073102346553485,0.0163186767285741,0.7532701796407186,0.38865233532934135,3637.5,0.1007976519583923,0.0678252706776432,1.2560154829229957,-0.0020374336140482384,3217.3412926648134,0.08611926416640477,88.79902284105191,8.424320440162498,1343.7638452753588,0.09946792161372167,0.00989386743015348,outer_race,14mil_1796rpm,12800.0
SEU,DE,82,0.08297298962621633,0.19244445976802588,0.07562982979419237,0.6979515464195284,0.03397416401565078,4.880207806020026,3.339250628227576,4.152211926770116,-0.15079092726635057,0.01593941096322979,0.6820192814371258,0.3445214371257485,3637.5,0.10317327912239259,0.07059564896002192,1.2434562089081787,-0.02294465639021211,3197.262971583677,0.09212023717225085,68.5602897283854,7.319780618953138,1300.9983698307142,0.10193459031659664,0.0103906607030124,outer_race,14mil_1796rpm,12800.0
SEU,DE,83,0.08033113357269836,0.16520713123024364,0.07720109721229819,0.696784579068376,0.06080719248851261,4.6475515202605955,3.163027402774653,3.947120283316277,-0.14428704506145618,0.015608514864801647,0.6306617964071857,0.31707664670658686,3637.5,0.10024467269187824,0.0682244500839461,1.2478931671138247,-0.024533734818410393,3314.9247786825313,0.09003165944122621,93.3181090565054,8.778395227631089,1285.8248952760794,0.09902206151568985,0.009805368666817065,outer_race,14mil_1796rpm,12800.0
SEU,DE,84,0.08080709902460703,0.15771539774805907,0.07310667066791278,0.7294595303156336,0.03971840126241891,5.174997770422906,3.5363812390948777,4.395137650531696,-0.17032188282569427,0.01587922641046033,0.6924937724550899,0.35515832335329345,3637.5,0.10042987430964732,0.06862965726925706,1.2428347944908262,-0.049867587465209855,3312.049382005969,0.08797345874034657,73.08496091449106,7.612216562624657,1221.0996602717255,0.09916657613559571,0.009834009822456899,outer_race,14mil_1796rpm,12800.0
SEU,DE,85,0.0801407275683009,0.17024094671642837,0.06491831462966698,0.7123401822250868,0.052500556425135354,5.7156529951369945,3.864881344649199,4.830879271850448,-0.05896458920912906,0.016049451955464075,0.7439730538922156,0.3871501796407186,3650.0,0.10017129767171642,0.06773507418489447,1.249942453870839,0.012406798774223947,3298.3095940380726,0.08955148242493635,100.23052860785441,8.845441127651114,1275.0173059079905,0.09887721663338259,0.009776703969164871,outer_race,14mil_1796rpm,12800.0
SEU,DE,86,0.07993450230398579,0.2043677743012816,0.0653173255972491,0.6851123703174039,0.045202529777927145,5.743054827656292,3.8597886558637238,4.843342592769406,-0.010287465053536504,0.015848261894180392,0.7439730538922156,0.3871501796407186,3637.5,0.10030346585235095,0.0674118898841703,1.2548206714405163,-0.08657962675790465,3178.8202318022877,0.09231863289009723,54.30491635836446,6.618694787422362,1340.0693172567414,0.09904351496653985,0.009809617856927202,outer_race,14mil_1796rpm,12800.0
SEU,DE,87,0.08265674319330091,0.18648984481180006,0.07907270688390247,0.6842553410238211,0.0501821072568357,5.173644603981328,3.541754245584452,4.406808700870058,-0.09072767621241518,0.015567579060628743,0.6577005988023953,0.3642524550898204,3650.0,0.10284520885206487,0.07040538787869453,1.2442446300061842,-0.06917779565720805,3229.54787028839,0.09145754386103476,131.9317957213693,10.05084776162441,1314.9830381812471,0.10166015672826752,0.010334787466015915,outer_race,14mil_1796rpm,12800.0
SEU,DE,88,0.08115902799869013,0.1601085894814942,0.07629841985403957,0.7167164686230882,0.04687652203088567,5.256785322993413,3.6022075903777715,4.4881323011372105,-0.004577315688534256,0.01534690236714072,0.6974468263473055,0.3642524550898204,3637.5,0.1011192292367638,0.06929186426856047,1.2459393825958072,-0.0239595448630684,3308.5704446553773,0.08276276890237864,82.81971930584834,8.142370651387065,1236.0698517416415,0.09994784194353891,0.009989571109170637,outer_race,14mil_1796rpm,12800.0
SEU,DE,89,0.07872972094872754,0.15373365402416603,0.08111723301012023,0.7215944951748867,0.04355461777556011,4.974978432301595,3.395736880142961,4.232129458130262,-0.10259392323061833,0.015495817505613773,0.6442217964071856,0.333194371257485,3650.0,0.09812137483498352,0.06697403331321337,1.2463066508121465,-0.059807430115955657,3341.741139779944,0.09693835788185107,118.34759227403597,9.485358775849843,1207.2069280493895,0.09689006058074301,0.009387683839340051,outer_race,14mil_1796rpm,12800.0
SEU,DE,90,0.07872357562219312,0.13319110205759735,0.06586611575981412,0.7600185514775301,0.04092423068261583,4.903717617254782,3.3106612510234332,4.144788549953943,-0.18237436678611862,0.015465249462013473,0.6180761676646707,0.3262925748502994,3637.5,0.09855812785117526,0.06653983779615878,1.251951871751498,0.0659133367367789,3411.9615538749276,0.08608771768007276,124.5659418705351,9.96753876500413,1136.3537283066203,0.09733720062035017,0.009474530624606299,outer_race,14mil_1796rpm,12800.0
SEU,DE,91,0.0791006607877994,0.16799402117227819,0.06081983020035547,0.7202927155671258,0.05089343303087139,5.219497851360189,3.506070850642617,4.399621073524768,-0.1942959174283887,0.014917601749625748,0.6337473053892215,0.34801293413173656,3637.5,0.09926009740161136,0.06667555846220824,1.254858005142245,0.1328049561235483,3331.987549090882,0.09533994147706723,73.82633191397288,7.459840067825972,1258.5656775092373,0.09813272692744728,0.009630032094216937,outer_race,14mil_1796rpm,12800.0
SEU,DE,92,0.07834944417805015,0.17940053632185943,0.07925651597833676,0.6859626489645951,0.055380298725487324,5.259882211163031,3.541102058223211,4.44180476048908,-0.1119934622276828,0.014850578043132483,0.6143410778443115,0.34801293413173656,3637.5,0.09827814290852607,0.06616363640104903,1.2543566063492129,0.08846317038721727,3283.8411465839367,0.09329360343989712,72.195254206621,7.343411615283327,1310.1682795917502,0.09714964593519376,0.009438053705333509,outer_race,14mil_1796rpm,12800.0
SEU,DE,93,0.07995991620275075,0.1811673548289389,0.08471296488121914,0.6787317951284898,0.05538788512200134,4.774664434993848,3.2147467133923096,4.030435607210991,-0.09352092538504886,0.014940141221463324,0.6087384431137725,0.3222732934131737,3650.0,0.10024842457124716,0.06749653254189139,1.253733487126872,0.0491636739154196,3270.1892706598815,0.09806772819942323,32.55116301210669,5.091042703799629,1315.0927520777113,0.09912889997018914,0.009826538809299765,outer_race,14mil_1796rpm,12800.0
SEU,DE,94,0.07696240433196108,0.16061290117623056,0.07273315510269615,0.7197216634793913,0.046932280221986575,5.400660012815143,3.607807162338385,4.54612199396449,-0.03421614464388334,0.014685784173839821,0.6363456287425149,0.34988047904191616,3637.5,0.09697870847818335,0.06478476301261145,1.2600789868763216,0.06841584727853617,3312.2265661852284,0.09300386134002098,63.405909099865,7.056924955928054,1231.77211353911,0.09586030273943363,0.009189197641295867,outer_race,14mil_1796rpm,12800.0
SEU,DE,95,0.07570211680155314,0.14307594639219226,0.07325041982987945,0.7297289752958498,0.05394465846807702,5.4381325846799795,3.715323190346203,4.621805754244614,-0.21842369258267968,0.014734490842533683,0.6285506586826347,0.34988047904191616,3650.0,0.09417228626328829,0.06433835026891051,1.2439848480083215,0.03890975079944645,3381.933831967216,0.09296986291523861,35.19804982221544,5.319816585582405,1200.300432549322,0.09301244153158225,0.008651314279666008,outer_race,14mil_1796rpm,12800.0
SEU,DE,96,0.0784660269694985,0.1403201121011855,0.076544356869215,0.7428093614100294,0.04032616960373611,4.8371443563583005,3.3740767220030725,4.145457815990375,-0.3598466633000865,0.01458646776758982,0.5914433532934131,0.3252776047904192,3637.5,0.09640492246937205,0.06724579231604907,1.228619903322578,0.0013207762562966539,3357.894943969039,0.09128075394630084,76.1036157333119,7.687519622911726,1162.3206583160193,0.09529503677731964,0.009081144034390701,outer_race,14mil_1796rpm,12800.0
SEU,DE,97,0.08643471153396332,0.11111553213465691,0.07227029986615097,0.7750786617566338,0.041535506230758835,7.508204141950395,4.99122754528359,6.369667342096725,1.5132297046807501,0.014230574066710328,1.095639880239521,0.5505603592814372,3650.0,0.11030560203605297,0.07332783564118955,1.2761725015153191,-0.05157101097131604,3453.7505449554083,0.08176030040416,86.65157375661803,8.226955382640366,1072.2659912514098,0.10938380411316825,0.011964816602267964,outer_race,14mil_1796rpm,12800.0
SEU,DE,98,0.08648678822043412,0.13266357777720367,0.07121148837348805,0.7591151730253943,0.03700976080781074,7.566632333125843,4.9373918436032165,6.3658319450849605,1.5081405694956382,0.014343112836826346,1.095639880239521,0.5505603592814372,3650.0,0.11150833815119048,0.07276161111610346,1.2893106617276897,-0.07260557629388033,3377.4924354212512,0.0825543747991928,109.0970255860461,9.425467514382474,1127.043729571248,0.11058202652958712,0.01222838459139031,outer_race,14mil_1796rpm,12800.0
SEU,DE,99,0.07886335206540046,0.1555085492080046,0.06716874129892965,0.7300412881552311,0.0472814213108495,4.837110988741105,3.26835726020923,4.091625235122286,-0.15150159971384092,0.014411801728574102,0.6285100598802396,0.32267928143712576,3637.5,0.09872827715794719,0.06670909189146092,1.2518904481269446,0.01112840716621015,3347.8799358615092,0.08632087016304564,63.712455937531786,7.290554329406993,1220.3871250505085,0.0976707360549346,0.009539572681512704,outer_race,14mil_1796rpm,12800.0
SEU,DE,100,0.07956417699756738,0.12530320333677325,0.07338593256034033,0.7573852001927767,0.04392566387503425,4.682568125426407,3.203900279448403,3.9759836675385345,-0.2842684111215452,0.014167475439745508,0.5957062275449101,0.31634586826347305,3637.5,0.09873773859089537,0.0675581987896152,1.2409823405062583,0.029771252312481164,3418.5037585179234,0.08603334121351458,105.02517079786854,9.480866128121496,1115.495383879635,0.09771603584728658,0.009548423661708196,outer_race,14mil_1796rpm,12800.0
SEU,DE,101,0.07915115158355165,0.11948028206457371,0.06342296296382406,0.762193860623992,0.05490289430855348,4.691715911507995,3.2224684422648235,3.9967310889916687,-0.21657582258698227,0.01406544319563997,0.5957062275449101,0.31634586826347305,3637.5,0.09816880255967318,0.06742647556462861,1.2402700478216866,-0.01770846030459913,3464.196569300968,0.0839207469595648,98.85855885321085,9.082221050721095,1109.9913963654453,0.09715594219454783,0.009439277103710321,outer_race,14mil_1796rpm,12800.0
SEU,DE,102,0.07628255280454715,0.15871224635782336,0.072683072523479,0.7225202049371873,0.04608447615290757,4.8317469786131735,3.259199085607517,4.095402853541043,0.03806747925420462,0.013991857866298654,0.6190505389221557,0.3124077844311377,3625.0,0.09585415809998139,0.06465731459324184,1.2565672565466055,0.020101776802839273,3337.101937350143,0.09123251140566478,69.94670489041111,7.485055435120591,1222.102989145531,0.09482746194275964,0.008992247538505527,outer_race,14mil_1796rpm,12800.0
SEU,DE,103,0.07680242760572606,0.15303888555141495,0.07768249957308278,0.7213590014926582,0.04791961337664248,4.830909739072851,3.2150195449891017,4.067681115952719,0.06740308562099928,0.013854618848241018,0.6141786826347305,0.3124077844311377,3637.5,0.09717134843489628,0.06466852027980449,1.2652119400930446,0.05098151935925614,3352.8573818830873,0.07981340262933548,81.87809238616452,7.942256050538885,1215.3284713109551,0.09617858645886818,0.009250320493225982,outer_race,14mil_1796rpm,12800.0
SEU,DE,104,0.08061025033916543,0.15205275597660983,0.07226535960890415,0.7367732968915831,0.038908587513726105,4.8448304470266335,3.24733486170659,4.0880716491436715,-0.01977613298744485,0.013769079867608532,0.6300122155688623,0.3295404790419162,3637.5,0.10148028862928259,0.06801899109682188,1.2589005517574632,0.017270644571082634,3333.259760814158,0.08027793395126707,76.68465586347688,7.899950786214856,1196.0579680906148,0.10054183915108136,0.010108661419881917,outer_race,14mil_1796rpm,12800.0
SEU,DE,105,0.07839751649045659,0.12758951882106645,0.060757357025884744,0.7607879331805633,0.05086519096366543,4.9696801437864995,3.350565440560524,4.203455591377457,-0.0060574352947124765,0.013659435348053892,0.6300122155688623,0.3295404790419162,3625.0,0.09835369130614162,0.06631019894790104,1.2545511096402437,-0.02922403522052813,3428.538155431825,0.07967790146090684,103.8346822662625,9.118304056399397,1141.6212208210204,0.0974005565667678,0.009486868419516133,outer_race,14mil_1796rpm,12800.0
SEU,DE,106,0.07682332171594311,0.14321163903405326,0.06494017751451484,0.7504726829719948,0.04137550044876823,4.934262740427452,3.3637314694837395,4.194464485696739,-0.09184558250716579,0.013387732620696109,0.6058965269461077,0.3222326946107784,3625.0,0.09579620059868638,0.06530513504492945,1.2469676975553874,0.003880451690948771,3378.0191135969117,0.08527841629561733,54.86200769147327,6.794867372218671,1178.7395488282802,0.09485610504559266,0.00899768066442051,outer_race,14mil_1796rpm,12800.0
SEU,DE,107,0.07982858462761977,0.14846016047490115,0.06215235182657354,0.7516600289875406,0.03772745866639827,5.27099982941139,3.5528544946150267,4.462743423045786,0.08675556672595386,0.013086849504116767,0.6713823952095808,0.356254491017964,3637.5,0.10027275013877718,0.06758764988572326,1.2561008140946541,-0.0020198676569706674,3348.2787560542733,0.0824105539066412,79.53092397378141,8.203290707422491,1190.037900060123,0.09941508331460694,0.009883358790450238,outer_race,14mil_1796rpm,12800.0
SEU,DE,108,0.0812689500491205,0.18889705068916943,0.061142525107455034,0.7155662774925845,0.03439414668460176,5.1780455348451335,3.5065187508094,4.38364825437805,-0.04280281032705968,0.012738488784150449,0.6713823952095808,0.356254491017964,3650.0,0.10159777156067704,0.0688009575467395,1.2501425390542071,-0.009443124003019521,3213.7588621799778,0.08087331737212737,80.63705737578698,8.247362885720987,1292.7189812448926,0.10079602219131262,0.010159838089591585,outer_race,14mil_1796rpm,12800.0
SEU,DE,109,0.08187184622941616,0.19581267001753158,0.06179054666173918,0.7082995395385229,0.03409724376847284,4.9883329125095415,3.396580053868167,4.231859859002832,-0.19954336666198014,0.012905978667664669,0.6350870658682635,0.3464701796407186,3637.5,0.10200559802679872,0.06945610602128309,1.245917891493066,0.007691035379366144,3183.2002316886537,0.07519498045034843,84.85511776478268,8.363666795325438,1309.0425380740026,0.10118585742797571,0.010238577743434627,outer_race,14mil_1796rpm,12800.0
SEU,DE,110,0.08379993251777695,0.1992939202275277,0.0723924645061032,0.6838265997876828,0.04448701547371119,4.730892857878933,3.2202543066271345,4.0133741035002695,-0.206393722946713,0.012806979439558382,0.6531129341317365,0.33632047904191614,3650.0,0.10443910543020908,0.07109027601033083,1.2462910445429514,0.013521633557885666,3191.4661112870035,0.08420894075539105,62.6371317041139,7.184285467542531,1340.6827453421083,0.10365089493437601,0.010743508020697056,outer_race,14mil_1796rpm,12800.0
SEU,DE,111,0.08350442160600674,0.16114281334616432,0.08036998219578699,0.7162345578312086,0.04225264662212521,4.730647362619345,3.2400917107310647,4.027576894415894,-0.2265521303738911,0.01220725504069985,0.6458051497005988,0.33632047904191614,3637.5,0.10379967885724811,0.07109396521487844,1.243044103065573,0.02815158628426146,3298.0523457866284,0.07971917201179426,78.73399265280553,7.914717064417832,1234.4265554896986,0.10307936871769806,0.01062535625523915,outer_race,14mil_1796rpm,12800.0
SEU,DE,112,0.07990264572417664,0.16770811464212926,0.06012063801081757,0.7219804004542564,0.0501908468820134,4.537502087530171,3.0723575835153296,3.840245159868965,-0.19898767963872377,0.011891603316803893,0.6014306586826348,0.306845748502994,3650.0,0.09987305844520457,0.06762437627219135,1.249934311186211,0.00037860979571673547,3317.3403259394613,0.08858860791532473,82.08338027970208,8.016727404230883,1266.8483809497052,0.09916258152022378,0.009833217573755028,outer_race,14mil_1796rpm,12800.0
SEU,DE,113,0.07541518952329715,0.18076841150721218,0.06405081063424617,0.6936858623877159,0.06149491538592478,5.0327617544949215,3.3925784301823225,4.250710576196926,-0.12051631119220785,0.011811654600954341,0.6092662275449101,0.32056814371257486,3637.5,0.09449100449988625,0.06369626844073538,1.252943937384076,0.010634808418619026,3300.8698693954157,0.0954706149940407,80.52329287187189,8.059128998973838,1316.6764331679449,0.09374985198380463,0.008789034746985277,outer_race,14mil_1796rpm,12800.0
SEU,DE,114,0.07585951645537051,0.20317569577880604,0.07557078877768383,0.6749863426657047,0.046267172745730646,4.98588745097254,3.3820353711035036,4.2258131700743276,-0.1170526464612287,0.011735373257391466,0.6092662275449101,0.32056814371257486,3650.0,0.09478556801964452,0.06429510229919957,1.2494881650795724,0.004537592033499771,3194.9753344231467,0.09596995261032487,79.60426139388301,7.7265878422925045,1338.2687194744644,0.0940562859107054,0.00884658491931636,outer_race,14mil_1796rpm,12800.0
SEU,DE,115,0.07864283396098429,0.2019530373930723,0.07504073051425685,0.6661197337597583,0.0568864983273842,4.8841588059071395,3.3004088636584026,4.137170368969972,-0.009151833854718294,0.011384455288641467,0.646820119760479,0.3253588023952096,3637.5,0.09858136244203371,0.0666151153811184,1.2535326803067801,-0.016866360342038873,3207.6824950814776,0.09036412479325359,86.10662358016653,8.05144887377654,1359.6040428320264,0.097921801447423,0.009588679198708535,outer_race,14mil_1796rpm,12800.0
SEU,DE,116,0.08360060587808757,0.15454263973927457,0.05535667210074448,0.7593271235939052,0.030773564563388502,7.821592428842735,5.131939175722983,6.584145618237991,1.1042735386046205,0.011409472714726797,1.050859401197605,0.5504385628742515,3637.5,0.10725742142037493,0.07037423234231256,1.28297421165566,-0.05409921719346509,3325.4577654041655,0.07750397879762416,96.6439777570077,8.692419082326708,1190.0777720960689,0.10664885551247051,0.011373978382119811,outer_race,14mil_1796rpm,12800.0
SEU,DE,0,0.28780661582109224,0.09415299664334162,0.35522857156143434,0.548642689735723,0.0019757420268128665,24.575885910126402,8.295934239920573,16.295345643994846,16.210962507219858,0.006085170528084454,9.02652015968064,4.689908283433134,3675.0,0.5653261161190251,0.19083374249799373,1.9642568483222285,-0.13308719681728112,3141.1083465832207,0.04760943322174599,13.550520467370653,3.393373237444521,879.6925017162425,0.5652933647813899,0.3195565882658655,outer_race,21mil_1796rpm,12800.0
SEU,DE,1,0.3012634304145615,0.07406131270782101,0.3046741218236338,0.6196011202825265,0.0016634451783445437,23.37472280091309,7.961024423338698,15.567466243677375,16.76471560724036,0.006263627091520083,9.02652015968064,4.689908283433134,3675.0,0.5891086415567455,0.20064016687504552,1.9554601789738866,-0.05363190892267616,3238.5771107949245,0.04361958210453633,12.409002994542874,3.4066442837291975,811.8317062458461,0.5890753419830883,0.34700975853249244,outer_race,21mil_1796rpm,12800.0
SEU,DE,2,0.28842724809170717,0.08279624741371695,0.3333901475669584,0.5818719891496119,0.0019416158357847036,26.173962950248743,8.973519463565948,17.628797841894283,20.301752859954576,0.005885695747177521,9.932502095808383,5.084625648702595,3712.5,0.5666255775503759,0.19426273577170602,1.964535532961206,-0.04040065624129987,3203.8050685817598,0.04602151927104071,10.941544567957031,3.2157402517727194,848.9506109848927,0.5665950085553778,0.3210299037198686,outer_race,21mil_1796rpm,12800.0
SEU,DE,3,0.3011256222905751,0.06986036029458022,0.3264555559848861,0.6025727312149416,0.001111352464218615,29.93248401149985,10.176563913968508,20.13544134593224,22.709053556704415,0.005935068729728044,11.167415169660678,6.063297305389221,3675.0,0.5958098781325046,0.20256579116720633,1.9786090389796525,0.22051751546630996,3234.704981902733,0.039157625111377915,11.347011531965753,3.280379514294114,796.1644328643616,0.5957803167606693,0.35495418583944344,outer_race,21mil_1796rpm,12800.0
SEU,DE,4,0.3078712803884419,0.08936714783170721,0.38231273821322365,0.5262845328179606,0.0020355810623555316,29.91725354689364,9.659825447020056,19.69426085388395,22.346224128027806,0.005434993781967316,11.490661077844312,6.063297305389221,3712.5,0.6276818705103702,0.2026689146410227,2.038780199693919,0.23342024090908398,3148.889781170364,0.047661637835803815,9.180351915295669,3.0363819658802784,861.1793974699524,0.6276583397119703,0.39395499140998713,outer_race,21mil_1796rpm,12800.0
SEU,DE,5,0.3156392963097243,0.059320606952151536,0.31282963395774,0.6266151090385048,0.00123465001622184,27.257087963414076,8.86200567727949,17.87155792708591,17.8994673665673,0.005480599348178643,11.068329740518962,5.640965968063872,3687.5,0.636533779540025,0.20695409486279234,2.016649343038136,0.2962387258764642,3277.620723209909,0.04038253252836443,11.64961271181553,3.308813824035582,746.8294466823565,0.6365101849352404,0.40514521552629384,outer_race,21mil_1796rpm,12800.0
SEU,DE,6,0.31561887294746443,0.07524526277838763,0.43382437938073537,0.4896726363107664,0.0012577213790103251,24.401412189529086,8.089672501813824,16.07656512389249,16.459684792612297,0.005868246660974925,10.086815469061875,5.074067365269461,2987.5,0.6272277850718654,0.2079415455900048,1.9872949269933837,0.2705680316738942,3146.820647269634,0.04156591002634325,9.417035421165762,3.0274142027122997,794.2588086191402,0.6272003332646469,0.3933802580472841,outer_race,21mil_1796rpm,12800.0
SEU,DE,7,0.2934291872797374,0.06575949554415121,0.26750017266924025,0.6647609821165558,0.0019793495874571086,26.450404732464747,8.579038898770293,17.292306236843974,18.482710217511087,0.005600165245680515,10.086815469061875,5.074067365269461,3662.5,0.5914493948729818,0.19183325989116692,2.015646092865091,-0.0021532225032692533,3278.7548857396573,0.04553926107055865,12.689961250165913,3.485895737286267,774.3295087987358,0.5914228815702326,0.3497810248448374,outer_race,21mil_1796rpm,12800.0
SEU,DE,8,0.28390952104579903,0.1002803990764454,0.3923906980095865,0.5045413501517362,0.0027875526415874364,25.379885572602344,8.527249150854225,16.699247463900964,15.414623200003863,0.005935663584939495,8.652513273453094,4.741075349301397,3712.5,0.5559911837249948,0.1868044414833533,1.9583393388040156,-0.15797112574498762,3095.8538739441256,0.04710917165892568,11.487270132792236,3.300250757411371,884.947378659349,0.5559594987746206,0.3090909642777273,outer_race,21mil_1796rpm,12800.0
SEU,DE,9,0.2972614428369823,0.07264786759016825,0.29022485463902803,0.6349896999233038,0.0021375777727254117,27.222365669781258,8.939244142088421,17.83165795290969,17.633738734027045,0.00578199265531437,10.30691506986028,5.300664371257485,3662.5,0.5929656117456842,0.1947172569627773,1.994761264988092,0.02812859581056952,3242.515365350263,0.044708662055896346,18.57538275367354,4.000593408913872,801.9865978761053,0.592937421043627,0.35157478527386743,outer_race,21mil_1796rpm,12800.0
SEU,DE,10,0.3131444735528942,0.08314209346952363,0.3057154843636528,0.6089962831739109,0.00214613895380295,25.93703333608953,8.502950994150178,16.927216728805316,16.35524305641548,0.005375904830963072,10.30691506986028,5.300664371257485,3637.5,0.6233911467800076,0.20436664064744786,1.9907461233695019,0.09057115740325053,3221.061232728509,0.045761943438709735,14.511121380521146,3.546669309966213,849.0266283877595,0.6233679663978101,0.3885876215309413,outer_race,21mil_1796rpm,12800.0
SEU,DE,11,0.2876943864711982,0.08275455897182855,0.28216748146703974,0.6328270080168745,0.0022509514669500964,25.490846663448448,8.357290869125368,16.821143652307207,18.859239551414557,0.005427657234359406,9.435450598802397,4.839348602794412,3675.0,0.5790570985955014,0.1898465228200363,2.012750772436334,-0.019231538135068955,3233.815670536633,0.04848298320794998,13.788033401084292,3.5864339030057697,858.5932644182913,0.5790316605944673,0.3352776639707864,outer_race,21mil_1796rpm,12800.0
SEU,DE,12,0.2894329499692022,0.08407251622755048,0.26646399891593736,0.646720882238238,0.0027426026159494982,25.022942620894373,8.508511969694512,16.72010254295288,17.724287988728562,0.005813916551662301,9.435450598802397,4.839348602794412,3712.5,0.5687655632419781,0.1933964632422373,1.965103017132289,-0.19287020073822497,3241.3915553022584,0.04874788480521843,14.912210541240583,3.7284672516228072,866.7160027851244,0.5687358475639591,0.323460464304295,outer_race,21mil_1796rpm,12800.0
SEU,DE,13,0.2771749669118794,0.10593411317034149,0.46758773594094566,0.4243102289341087,0.0021679219491397674,22.443317758640784,7.725304887976545,15.042136521442403,15.957310654302397,0.005461365696341692,8.234648902195609,4.16930369261477,2975.0,0.5396943878685955,0.18577038107521196,1.9471252901427327,8.150935328105999e-05,3021.2827720597043,0.053114926637321605,12.195436550497988,3.258001819057774,896.6283276234194,0.5396667543786525,0.2912402057815888,outer_race,21mil_1796rpm,12800.0
SEU,DE,14,0.29044460039881176,0.09944199342226828,0.5898054078861164,0.3090174904803385,0.0017351081973025339,21.23531229454155,7.584527036753394,14.35490171581729,13.914005903421533,0.005384827659134856,8.234648902195609,4.16930369261477,2975.0,0.5497117582165635,0.19633823297651584,1.892656146685977,0.3758573851844203,2949.380255118197,0.04702807645093031,19.713102435375195,4.125236254721078,828.8711603332204,0.5496853834263987,0.302154020752627,outer_race,21mil_1796rpm,12800.0
SEU,DE,15,0.31783768288618075,0.07926261262682135,0.4357149768114318,0.48334676848596625,0.0016756420209928543,25.028725056284628,8.459848718789404,16.529060166582134,15.956229632572065,0.005909886525776573,10.093718962075847,5.253558183632735,2975.0,0.6209990696363793,0.20990115045087301,1.9538245559723708,0.18287957337753896,3118.0690169680556,0.045889263594927655,10.062772545154285,3.0920183551501186,816.2379859677949,0.6209709475736374,0.3856049177305011,outer_race,21mil_1796rpm,12800.0
SEU,DE,16,0.3039121223860872,0.06691615182960692,0.24454377876964678,0.6865178653612066,0.0020222039935255086,26.82062282289635,8.387104371995527,17.286438403265343,18.404594611590785,0.006222383796859409,10.093718962075847,5.253558183632735,3662.5,0.626385215995919,0.19587756102173187,2.0610734809721243,0.012264823938155511,3304.4289700959234,0.04218184788516436,22.492365644077953,4.39197538215851,793.9189804425799,0.6263543092836024,0.39231972075813865,outer_race,21mil_1796rpm,12800.0
SEU,DE,17,0.30031800719849366,0.07110184336654288,0.2878462750803812,0.6386744419712503,0.002377439580106202,23.641109397806744,7.909982521051491,15.413644865860235,13.56759242589974,0.0061767782306480805,8.662665469061874,4.628995109780439,3662.5,0.5852092716337756,0.1958027870811293,1.9486319754612131,-0.05304433911159701,3247.7480117015525,0.04765176860195991,17.20911365447246,3.927010273854122,804.710099651673,0.5851766733362015,0.34243173901682344,outer_race,21mil_1796rpm,12800.0
SEU,DE,18,0.2919247984499751,0.07567333200792084,0.4704054462179395,0.4520908392170564,0.0018303825536902252,26.493766327287826,9.038692782002995,17.444017583993997,14.542806576602597,0.005125272501871258,9.068753293413174,5.092341317365269,2975.0,0.5633935614566595,0.19220903719228105,1.9299270375387583,0.3536392084837905,3098.427038491361,0.04776229883997931,15.235165572138055,3.6159915861912895,789.9351002023868,0.5633702483026596,0.31738603667260035,outer_race,21mil_1796rpm,12800.0
SEU,DE,19,0.30870387939940436,0.06184223947847894,0.47330154924485746,0.4635494944743022,0.0013067167973048667,25.299137295787435,8.412257857742826,16.495877302457686,15.669181580934232,0.005280926282201224,9.556058682634731,5.092341317365269,2975.0,0.6053477441467354,0.20128517655869618,1.9609333880884927,0.6292541025891079,3133.8365942369696,0.04399092341719478,13.081783903289082,3.438777710363318,738.777007191246,0.605324708863882,0.3664180031611435,outer_race,21mil_1796rpm,12800.0
SEU,DE,20,0.29362132551303644,0.07880085974969417,0.3823404226263551,0.5365071403775453,0.0023515772389418547,26.062151776695213,8.77622939681474,17.05970540328092,14.82574006338466,0.005503203846213824,9.472810678642716,5.009093313373254,3662.5,0.5707568805335994,0.19219799486596448,1.9438536337111472,0.39152590840614593,3148.814187354641,0.04709604199616122,20.818922258321017,4.159177481421073,812.6526253267633,0.5707303491350995,0.3257331314238725,outer_race,21mil_1796rpm,12800.0
SEU,DE,21,0.2819901215635136,0.091817309400054,0.5070009694392732,0.3990614643498515,0.002120256771572512,23.101837209356617,8.08899287497624,15.410276729869317,13.529461831640386,0.005136574750888847,7.949169161676647,4.345545808383234,3662.5,0.5372171635638878,0.18810390571981078,1.905092137927564,-0.011657855980163891,3014.4102372739735,0.04977328469532666,13.081199735101144,3.4771553299534275,832.3452694652735,0.5371926064527113,0.2885758964274575,outer_race,21mil_1796rpm,12800.0
SEU,DE,22,0.28528423143946485,0.10265990419561868,0.3030897897079404,0.5915534038505778,0.002696901925369304,22.772499531112757,8.004924345694178,15.232337891431358,13.996731621810454,0.0055995703904690615,7.949169161676647,4.345545808383234,3662.5,0.5428590728306742,0.19082427919017692,1.902870937140684,-0.056041403137784135,3144.4079113707403,0.05017367635387147,20.961466726065964,4.156274917626343,913.2430681224477,0.5428301923861839,0.2946646177660215,outer_race,21mil_1796rpm,12800.0
SEU,DE,23,0.2697238105332304,0.11340719410636627,0.33351628744881073,0.5501856787795351,0.0028908395870019914,19.841213895428,7.015248122685482,13.384508958797545,15.017671753042865,0.005259114924447977,7.163795309381237,3.610120758483034,3700.0,0.5146105590775678,0.18195059926826915,1.907916687296567,-0.3895888571232793,3082.8953139448395,0.05335007325235486,14.853412189224485,3.6070341400763026,944.8067597627697,0.5145836853460654,0.26479636922433836,outer_race,21mil_1796rpm,12800.0
SEU,DE,24,0.2840310697940057,0.094442694371193,0.3304766786745431,0.5729284599756603,0.0021521669243030664,26.87943730841612,9.348889638639248,18.10896387836681,18.4038294539252,0.0053215747216504485,9.876461976047903,5.143508383233533,3700.0,0.5501731844148908,0.19135476402339227,1.9370176115377284,-0.015503447892315317,3155.132001252844,0.04836931631689319,17.477177092539872,3.7851980936060103,885.6486442473371,0.5501474472281984,0.3026622136917033,outer_race,21mil_1796rpm,12800.0
SEU,DE,25,0.2945092460586639,0.09587784048573271,0.37553149277828834,0.5261075603434976,0.002483106361655634,25.705393778840914,9.253299564755316,17.4646753949755,16.692076579575392,0.005768509270521457,9.876461976047903,5.143508383233533,2975.0,0.5558566808778703,0.20009451819669652,1.8873997618640064,-0.08016749366479933,3114.139446091945,0.048358871536133725,11.54074523115821,3.307664480264125,886.2512645058235,0.5558267481665115,0.3089433739773585,outer_race,21mil_1796rpm,12800.0
SEU,DE,26,0.30862516022642217,0.09416910091451092,0.3398990634719784,0.5638898639954111,0.00204197158452558,23.93856787690441,8.567788401112303,16.15139880447576,14.716408762714806,0.004109656370852045,9.559307385229541,4.984728043912176,3675.0,0.5817986871927229,0.20823000229355285,1.885130450044603,-0.18026387653429524,3146.3223772282136,0.047391885021968214,19.779979943118864,4.01917700314959,874.8238806622526,0.5817841723042053,0.3384728231436893,outer_race,21mil_1796rpm,12800.0
SEU,DE,27,0.29999024197698354,0.06229827045815297,0.28988844182480805,0.6462613096713669,0.0015519284162184308,34.44489511390331,10.4937936681826,22.17717743918399,25.731378242402542,0.004992421504646957,12.632580039920159,6.652936826347305,3662.5,0.6339877680765869,0.19314725170006164,2.113361301016014,0.2677902465599587,3283.056041601095,0.05125579252911204,15.279576435955242,3.7755314954510597,765.6681496144165,0.6339681110262977,0.40191556579825205,outer_race,21mil_1796rpm,12800.0
SEU,DE,28,0.3297026649338043,0.07327452564865441,0.4043648580889915,0.5210488169087649,0.0013117993022664807,31.898048519980893,9.698458491086711,20.178595849939647,19.441531880619152,0.006935416910319988,12.632580039920159,6.652936826347305,3662.5,0.6859787905945705,0.20856877254355904,2.080598258835115,0.25932753875210157,3170.74877278898,0.04286123270921814,12.548535018838255,3.384131692251012,786.7502245898515,0.685943730299993,0.4705188011378696,outer_race,21mil_1796rpm,12800.0
SEU,DE,29,0.3002842987365114,0.07852942075133497,0.43057380345257323,0.48909178805861353,0.0018049876736379272,22.77095626398912,7.697825490217074,15.05024210796701,13.59058730405124,0.005974527458754368,8.657386327345309,4.519351397205589,2987.5,0.5870945506557782,0.19846998715432376,1.9551290331397992,0.18269429841711834,3129.3707195062184,0.04381903795218724,12.177136608133553,3.3069962506686035,802.2509720591903,0.5870641501840789,0.3446443164313547,outer_race,21mil_1796rpm,12800.0
SEU,DE,30,0.28626256997723304,0.08321745069493572,0.5567905342412225,0.35904799196917336,0.0009440229947142095,24.751217902065818,8.414742783464757,16.428634362454044,15.331331788116604,0.005991381689745509,9.368852195608783,4.702903093812376,2975.0,0.5588885144598518,0.19000693672612595,1.952363225497141,0.3586348229372994,3031.2437920613947,0.03873200970614426,15.711631532509937,3.6875489641880894,785.658114541253,0.5588563992123448,0.3123204749405877,outer_race,21mil_1796rpm,12800.0
SEU,DE,31,0.2851095422923684,0.07819892177832442,0.542920612855998,0.3775789359385426,0.0013015293949968614,25.07660740168414,8.304383384975399,16.495074335287374,16.73530565478415,0.005457796565072979,9.368852195608783,4.702903093812376,2975.0,0.5663157486588402,0.1875414412515997,1.986309346595303,0.10361688600873517,3053.419287136917,0.042362192843417586,18.462304651365,3.8841827135681943,788.3968715092507,0.5662894486353042,0.3206837396356768,outer_race,21mil_1796rpm,12800.0
SEU,DE,32,0.28399974075286927,0.09834968373040129,0.33188792830589664,0.5673962934833987,0.0023660944773573997,22.365616159206574,7.701220020461352,14.877984751584885,13.727224602955353,0.005546033421438373,8.146121756487027,4.225343812375249,3762.5,0.5486590178113265,0.18892141322187228,1.9318997135590992,-0.049674528300045824,3151.2525609185436,0.04641187125217794,15.724477485065663,3.705955495985893,891.2728854506216,0.5486309864918111,0.3009959593389778,outer_race,21mil_1796rpm,12800.0
SEU,DE,33,0.2942441389194268,0.11343403440426625,0.4458943093275338,0.438101342275647,0.0025703139712935107,19.908451003457813,7.0297197274643635,13.32491433307838,11.846914560138107,0.005232941295144084,7.554451796407186,3.9207779441117765,2975.0,0.557743138576879,0.19694038192277205,1.8955114641369506,9.739731107687146e-05,3016.2642284947033,0.04703687057996404,11.078590566615519,3.2066554457290173,920.8650722912733,0.5577185893934226,0.3110500249549891,outer_race,21mil_1796rpm,12800.0
SEU,DE,34,0.2910999325567615,0.1088705486791798,0.3712605961824592,0.5174972743583721,0.002371580768189438,25.81946719746454,9.04105790969883,17.394401425527622,15.80723394435594,0.00509354689059381,9.339207784431139,5.063509081836327,3675.0,0.5600571451272784,0.19611206703496814,1.9239343005277856,-0.07889115142764477,3094.7681196679473,0.04705463879794552,11.239524605096241,3.2552729543231846,928.8031794205419,0.5600339825298021,0.3136380615881907,outer_race,21mil_1796rpm,12800.0
SEU,DE,35,0.3081708891299432,0.07903881311065623,0.30798813320728663,0.6108311368083619,0.002141916802373315,24.953923118777663,8.346895248121156,16.43084814445679,15.900780071558597,0.005936853295362399,9.660017165668663,5.063509081836327,3750.0,0.6066338358536484,0.2029143496890102,1.968498184777782,0.010746263346033227,3231.023117523796,0.040296708026635625,16.015515894799105,3.7368692208856973,842.7691007412484,0.6066047844976666,0.36796936457546053,outer_race,21mil_1796rpm,12800.0
SEU,DE,36,0.2923703450033527,0.09529731160660657,0.331201658840661,0.5709877870542386,0.002513242406927609,27.112074547947532,8.959670647670462,17.943846537289037,18.20762424901571,0.005310669042773828,9.842756686626746,5.246248602794411,3700.0,0.5855403406104498,0.19350229336071106,2.0027350605744068,-0.020954841492883867,3169.295348408327,0.04721664246076879,12.985361333015033,3.4621693725994316,889.8668017513002,0.5855162570557028,0.34282928727651973,outer_race,21mil_1796rpm,12800.0
SEU,DE,37,0.2916594930256674,0.09125342138583281,0.3895252013892288,0.5167756142142064,0.002445762989669616,26.80259978727854,9.325413373720064,17.987580477391546,15.739667495368398,0.005175636909774203,9.708341616766468,5.246248602794411,3750.0,0.5625754476020182,0.19573655706654494,1.9288775474642579,0.003315762011162857,3124.1079933789283,0.04501095213628311,12.746419771231094,3.4880105005038944,863.389825523381,0.5625516394316074,0.31646434702718923,outer_race,21mil_1796rpm,12800.0
SEU,DE,38,0.29393183993341443,0.09460894344558039,0.4129118230146652,0.4901399356428133,0.00233929789198935,23.972424843457162,7.988177910130943,15.752677131890149,14.940959196955497,0.005278745146425899,8.980632235528942,4.630213373253493,3637.5,0.5796332311754426,0.19314747688184852,1.9719987848432796,-0.036805970303696575,3098.841691045516,0.04862686178761544,16.216104323594287,3.771064213507405,872.0966642186535,0.5796091937957534,0.3359468175325632,outer_race,21mil_1796rpm,12800.0
SEU,DE,39,0.289267778505489,0.07937194634026072,0.38373992498250964,0.5347374386737597,0.0021506899775753253,24.20972329214583,8.105300596723087,16.006668275241836,15.8848263374082,0.005232346439932634,8.980632235528942,4.630213373253493,3750.0,0.5712574528235824,0.19125428727042232,1.9748395613745915,-0.03512670282457043,3162.7234838984396,0.04538325260704135,17.605687952886232,3.8712181040448455,828.8187310363389,0.571233489877143,0.32630769995722,outer_race,21mil_1796rpm,12800.0
SEU,DE,40,0.2853774254225923,0.09237144099556958,0.45958867631815126,0.4457669713699244,0.0022729111734745085,22.045723856277657,7.4796891514829245,14.649631608056543,15.057297773644457,0.005339023807853042,8.131096506986028,4.180674151696607,2975.0,0.5589368845452282,0.18963651086948247,1.9585882930913117,-0.013319801464103095,3063.1964364811083,0.04901906429499696,19.345703894246242,3.94828894586341,852.2131891813984,0.5589113845055448,0.3123819357299049,outer_race,21mil_1796rpm,12800.0
SEU,DE,41,0.2823202662058695,0.08379864480340346,0.3381794899862363,0.5755799059255757,0.00244195924719721,22.186304281209615,7.5912970479442645,14.808267957101021,14.988454617068882,0.0049012103722243,8.131096506986028,4.180674151696607,3637.5,0.5507193468115887,0.18843490554834638,1.9506900946671721,-0.17669742927767287,3177.572992347234,0.04269295601936165,20.65317239311028,4.043794540259558,843.0192854357748,0.5506975368471063,0.30326777708947006,outer_race,21mil_1796rpm,12800.0
SEU,DE,42,0.27095397111051334,0.0932160403078452,0.392561775550518,0.5116146395531419,0.0026075445447858226,18.331598153122986,6.513726773845693,12.312096639045963,11.61974420310381,0.004721365813295282,6.46979121756487,3.336011477045908,2975.0,0.512150968695964,0.18198148623924437,1.8901770164020746,-0.22757587232999238,3103.124637226172,0.047672025328015295,9.863429597951185,3.118576810998042,864.4927905556412,0.5121292058075495,0.26227632344107144,outer_race,21mil_1796rpm,12800.0
SEU,DE,43,0.27621288774989083,0.09044014396670706,0.4676380328787615,0.43984247297718077,0.00207935008317254,28.657218393173174,10.24559412756182,19.444847807874897,16.860085864670953,0.004458043239692488,9.644585828343313,5.370917564870259,2975.0,0.5242172877434094,0.18741936119486527,1.8978741072287875,0.2423750044168045,3060.6684468900935,0.04918272555760968,10.270273757379943,3.0756945222575176,847.1667553163068,0.5241983313780476,0.27478389061952946,outer_race,21mil_1796rpm,12800.0
SEU,DE,44,0.30874690725969933,0.08213853622840915,0.38205063425464075,0.5341431266687142,0.0016677028207164053,25.992340296938885,8.86311492642719,17.395858674472702,17.994236513769287,0.004275422689776698,9.891487225548904,5.370917564870259,3675.0,0.6059853233828403,0.20663462787545883,1.9627251613993395,0.06954229139505853,3152.0814042894294,0.0452307440358196,13.850079225403004,3.5303851711284406,842.7718437505231,0.6059702409493631,0.36719993291622927,outer_race,21mil_1796rpm,12800.0
SEU,DE,45,0.3136598164510822,0.07021895588038546,0.30129613739642747,0.6271062394168175,0.0013786673009685399,23.74269116894605,7.990170710235172,15.686293945809467,16.498301578069775,0.005709618604587701,9.440729740518963,4.920160079840319,3675.0,0.6157765907977085,0.20722840746358104,1.9631988495209232,0.1571116199038573,3255.4673373713385,0.03789004140167653,14.348717562958903,3.56837331553355,804.4956685655055,0.6157501197968529,0.3791482100298387,outer_race,21mil_1796rpm,12800.0
SEU,DE,46,0.30862516022642217,0.08783593098445894,0.3976060078276404,0.5131408568089514,0.0014172042295444317,25.062102487809625,8.170595268199216,16.45797932760756,19.120681087316132,0.006035400975392964,10.052704091816366,5.0793465069860275,3687.5,0.6216617443719625,0.20267040682068296,2.014293792236128,0.18164091691964238,3115.024639115475,0.042285125129192414,8.570738112013267,2.9515218204968106,848.2265463016827,0.6216324463464383,0.3864268983506576,outer_race,21mil_1796rpm,12800.0
SEU,DE,47,0.30901280753921845,0.0612318825362811,0.30126873579018365,0.6363341420435331,0.0011652395484388629,25.11050180942228,8.017994962199705,16.437333285421772,19.492793754811707,0.005240872697963449,10.052704091816366,5.0793465069860275,3687.5,0.6334933522572992,0.20227976905981587,2.050055327162772,0.1705175490229833,3285.679480642312,0.039054148373054744,9.264718527340039,3.0887516638447003,761.791707298874,0.6334716730900872,0.4012863606075543,outer_race,21mil_1796rpm,12800.0
SEU,DE,48,0.3160880154242297,0.06931534525589313,0.4233765612012418,0.5062728349098596,0.0010352586085835877,23.301033159630695,7.795945850607568,15.385929067585716,16.110938823708132,0.005923766480710456,9.41798882235529,4.863307784431138,2987.5,0.6238252391211929,0.20871640116185378,1.9735808024354904,0.26100720816991885,3152.599560831768,0.04028956453777453,8.696206520685834,2.946065974285682,776.580323545946,0.6237971128141709,0.38912283795529556,outer_race,21mil_1796rpm,12800.0
SEU,DE,49,0.3013937037058695,0.07449472105194477,0.33196787690942825,0.5921952870382712,0.001342114847245199,23.415961912831055,7.908360089551434,15.481242787838438,15.344663932552166,0.004441585578842316,9.220630139720559,4.665949101796407,3750.0,0.5900021052355827,0.19926360997536663,1.957579398577505,0.17815830917374456,3222.60130230786,0.041188373967867384,13.9477375725319,3.516392962233724,815.3183612475971,0.5899853866834036,0.34808275649996534,outer_race,21mil_1796rpm,12800.0
SEU,DE,50,0.29729455644375313,0.07016684833035516,0.4875449836139181,0.4410582267529999,0.0012299411204752325,28.8976603477687,9.56701687938653,19.013945571652386,17.148681330167467,0.004007142989411799,10.254123652694611,5.65274251497006,2975.0,0.5908573786620656,0.19561246297943047,1.9874476873371654,0.589016084798568,3103.325271375139,0.04432320941374578,12.833487232247393,3.4230491338380435,767.4631346126633,0.5908437904594326,0.3490963847244699,outer_race,21mil_1796rpm,12800.0
SEU,DE,51,0.30432118448649575,0.08312747733187649,0.5241430713390608,0.39168072843591734,0.0010487227081402593,28.32058342256606,9.40568207781933,18.574922822110995,15.76388998047987,0.004871864181792663,10.254123652694611,5.65274251497006,2987.5,0.600992301058152,0.1995983779933683,1.9748618620562088,0.5784242150711901,3034.475023430533,0.04210268190489547,13.436070232172273,3.454725786310059,785.2519847216936,0.6009725541741209,0.3611680108705667,outer_race,21mil_1796rpm,12800.0
SEU,DE,52,0.2890788128333177,0.08184229836562307,0.45421216683975046,0.4623355750953467,0.0016099595155666634,20.501954421708515,7.117711474189641,13.62200707183988,11.651395981604038,0.004087646728028317,7.353844411177645,3.937833632734531,2987.5,0.5532443464467429,0.1920711338897989,1.9138183840741816,0.22756446048541415,3094.523980444033,0.0436985813225754,9.681185827836519,3.03399400015021,810.147257947391,0.5532292454484945,0.3060625980195105,outer_race,21mil_1796rpm,12800.0
SEU,DE,53,0.28837846996436817,0.07450475368009682,0.34446205917223616,0.579660639343212,0.0013725477463300976,23.92985305053707,7.921883305811027,15.643434273286656,13.746921738280328,0.00416696075622193,8.738197804391218,4.511229640718564,3787.5,0.5694642885498441,0.18851890277768824,1.974711526211394,0.06560594425968211,3215.2837039706383,0.04117182802183266,11.652130517310892,3.31884034388237,805.0824651759253,0.5694490428226534,0.32427221237163617,outer_race,21mil_1796rpm,12800.0
SEU,DE,54,0.2934591283253805,0.06884083364335786,0.35881776229601514,0.5708181405224929,0.0015232635245847686,26.101845868932,8.448878638901334,17.080204812748228,17.26253640701315,0.00446339693659556,9.523571656686627,5.012342015968064,3712.5,0.5932552981515963,0.19203017446111187,2.0215942899339936,0.060959053068990215,3221.916513206409,0.042888810967974686,8.863545000629824,3.012262396567906,795.5692099351107,0.5932385075774548,0.3519319268727259,outer_race,21mil_1796rpm,12800.0
SEU,DE,55,0.30992194458738775,0.07602815336874007,0.2893820899452852,0.6330343356848688,0.001555420966597343,27.738850735200035,8.986936912549679,18.19600617269733,20.607847474386908,0.006065936876247506,10.906300698602795,5.639341616766467,3712.5,0.6275043067111654,0.20330119912323036,2.024717247907658,0.40202910105078365,3259.236335008907,0.041893171211784506,14.753447345856689,3.618411195513269,828.1718049679531,0.6274749870320521,0.39372485935087387,outer_race,21mil_1796rpm,12800.0
SEU,DE,56,0.3182667717787082,0.06426387898290774,0.3219783981911474,0.6122030359132139,0.001554686860192992,27.043727806748564,8.730863779437401,17.718914184002585,22.099571762589186,0.0039329843730507765,10.906300698602795,5.639341616766467,3675.0,0.645908785113339,0.20852678510390904,2.0294571799108243,0.3212723348855439,3262.3457013024167,0.043222567818771804,9.779991037049045,3.143889949096691,786.2677024419553,0.6458968108920425,0.4171826903205109,outer_race,21mil_1796rpm,12800.0
SEU,DE,57,0.33179298614684694,0.0668485618731472,0.2653092547675281,0.6661788766316689,0.0016633066183082458,28.24430926284963,8.799133850980825,18.19967931881244,21.630506810313907,0.00257195564924838,11.517868962075848,6.038525948103792,3675.0,0.6862636766720723,0.2137961984450581,2.0683489565036846,0.2437867571082767,3305.2509111112627,0.04373370895304025,12.988215432275478,3.5098991513748268,790.9786463507181,0.6862588571112281,0.470951218963609,outer_race,21mil_1796rpm,12800.0
SEU,DE,58,0.31248676197409864,0.057816191171630796,0.3053181401119917,0.6353803381911499,0.0014853304501227457,29.712293466202127,9.327613553942301,19.32410163539764,22.809711545058885,0.004176875009746131,11.517868962075848,6.038525948103792,3762.5,0.6473816601837689,0.20323324939465354,2.071709073670868,0.2776206202556292,3292.3003767865307,0.03914283812228352,11.680069831315453,3.3313688508924084,753.5743561774556,0.6473681855462513,0.4190855676574457,outer_race,21mil_1796rpm,12800.0
SEU,DE,59,0.29809245556738084,0.10807943844848582,0.3665635665366744,0.5226923750778498,0.00266461987873322,24.282545087186673,8.511811337524403,16.363805440239254,15.957691067891766,0.00372042277749189,9.204792714570859,4.8779269461077845,3662.5,0.5730774276684677,0.2008820298116836,1.922482159361223,-0.0250927281559422,3094.4102921158765,0.05226858212756151,13.400443154965181,3.482659860864405,923.6077808275961,0.5730653510355206,0.3284038965574645,outer_race,21mil_1796rpm,12800.0
SEU,DE,60,0.3088490240709986,0.0739203983679022,0.35527169938759645,0.5692179135229063,0.0015899886942355662,27.00989067175113,8.826014355096673,17.735910544484756,19.20565764335346,0.003580036947589198,10.682140219560878,5.477718662674651,3637.5,0.6206333280561102,0.20280417752314855,2.009503931323539,0.2218519345091954,3194.9763248275517,0.04376770383851888,13.943735885570963,3.5256958691034765,809.0240756196636,0.6206230024978586,0.38517291122945707,outer_race,21mil_1796rpm,12800.0
SEU,DE,61,0.31903591956711574,0.057205600393524465,0.3022220031094842,0.6391816261745558,0.0013907702942973204,31.22282615631232,9.2151490230648,19.759867145314786,24.33906698252162,0.004118777484094314,12.53593113772455,6.304107385229541,3750.0,0.6841025977388809,0.20190700718983567,2.1442808028234137,0.4399309748597607,3301.3788694105324,0.04171216124444406,12.98511613038704,3.4823323867433027,749.0270384955747,0.6840901986617859,0.4679793999051216,outer_race,21mil_1796rpm,12800.0
SEU,DE,62,0.3138898271328437,0.05589568807053163,0.31687310762386384,0.6257651750617078,0.00146602921753272,31.451279054736563,9.683492666721023,20.083821902777153,23.163242381249262,0.004329554514018837,12.53593113772455,6.304107385229541,3637.5,0.6510158681582611,0.20044041370330667,2.074026654845172,0.328203346513775,3285.3677254944296,0.041392003394533416,13.334974069843422,3.5048009165979925,739.6369189964367,0.6510014712360983,0.4238029155515646,outer_race,21mil_1796rpm,12800.0
SEU,DE,63,0.300747889231303,0.06506086858360703,0.2819598584909921,0.6510883865884879,0.0018908863125977333,29.86593327975734,9.086194557413643,19.103477512699893,21.06301067282196,0.003873895422046529,10.642749700598802,5.745330538922156,3687.5,0.6323142766334894,0.19237070159854172,2.102472866059522,0.23966140964025684,3291.4954475205936,0.04461290566435522,11.909543762545306,3.420064893660819,784.6878069886762,0.6323024097445714,0.3998063373687919,outer_race,21mil_1796rpm,12800.0
SEU,DE,64,0.2983938488745166,0.0624758487649139,0.376741848683644,0.5592396213956765,0.0015426811429311161,29.70880492765698,9.356057413936046,19.254185569147698,19.967377072495065,0.003583606078857907,10.642749700598802,5.745330538922156,2975.0,0.6140760241984369,0.19338814041535624,2.057937945150719,0.3221288709765634,3214.5827924082455,0.042782684424721135,9.899565371815783,3.0971126898370214,761.8840533259278,0.6140655675600374,0.3770765212628308,outer_race,21mil_1796rpm,12800.0
SEU,DE,65,0.2730928721658246,0.09176902584298473,0.44332074144349715,0.46295350606175034,0.0019567266283193113,26.345906506635064,8.991278454548118,17.65806949089288,17.909426130039282,0.002976258907965319,9.357481736526946,4.8222929141716575,2975.0,0.53633006012981,0.1830376537985964,1.9639108698675416,0.10473485830277199,3092.3950202065953,0.04659754071718296,13.705496519187552,3.3553643453208326,862.8933465703692,0.5363218019825023,0.2876410752817584,outer_race,21mil_1796rpm,12800.0
SEU,DE,66,0.2815443767250655,0.09206933699648027,0.394711483988234,0.5112067352067933,0.002012443796681485,25.419539211413937,8.772097640898233,17.128002946692614,18.454934658220562,0.002913799110762849,9.357481736526946,4.8222929141716575,2975.0,0.5497308752798916,0.18970811681772504,1.952554981471771,0.0846636121430751,3118.7710165615536,0.047360163885396045,11.042403601263064,3.1600914978650425,878.3265636261959,0.5497231530604636,0.30219554501073786,outer_race,21mil_1796rpm,12800.0
SEU,DE,67,0.2738215697998534,0.10705787567490792,0.43980796226823693,0.45119691439292703,0.0019372476560538243,23.28778985137025,8.460408329775191,16.01087947491182,16.727862608047463,0.003279436780735405,8.391398802395209,4.384124151696607,2975.0,0.5181929737678632,0.18825848995020222,1.8924476042797878,-0.1464414503469342,3040.245108748433,0.0469481953346424,11.84965399316618,3.1812415695858824,910.2460280624673,0.5181825965398515,0.2685132033567825,outer_race,21mil_1796rpm,12800.0
SEU,DE,68,0.28687249485404187,0.09390172478106008,0.5163658719738596,0.38816826813924876,0.0015641348671340954,23.14054150524216,8.024068185879896,15.585415215155438,17.02582859707045,0.0041029146784555895,8.643579341317366,4.471026946107784,2975.0,0.5572020130605987,0.1932118548347253,1.9423333468902204,0.13538907728513688,3017.620781824885,0.04598676070904127,14.615845810352855,3.5060990291007483,842.4393183270763,0.5571869071056184,0.3104572494499249,outer_race,21mil_1796rpm,12800.0
SEU,DE,69,0.30142503274700594,0.08426660200799534,0.3554937644974963,0.5587804921717343,0.0014591412516034561,25.695680117555558,8.575243066404314,17.030291548258084,18.76648172731601,0.004146933964103043,10.073414570858283,5.133356187624751,3750.0,0.5986251524153262,0.199775065853096,1.9859835361377176,0.34692708718230203,3179.045859887073,0.04380190449078265,12.805004087225054,3.3889430201020083,851.8226265899066,0.5986107884451883,0.35833487604297,outer_race,21mil_1796rpm,12800.0
SEU,DE,70,0.2854924307634731,0.09456086259509779,0.4686841177603843,0.4352637285801272,0.0014912910425415524,26.916931452418897,9.027690446283897,17.9807085389163,20.733210340974512,0.0036309962107035918,10.073414570858283,5.133356187624751,2975.0,0.5686234168272589,0.1907110473086055,1.9917285208109645,0.21431722013818144,3054.429731940308,0.04818839082355589,11.484396187653283,3.23353329107048,854.1779579565674,0.5686118236818721,0.32331940603082443,outer_race,21mil_1796rpm,12800.0
SEU,DE,71,0.26805087939355665,0.10587220829238529,0.40571725921584356,0.48616855723881347,0.002241975204181883,24.605716158237524,8.367697563696499,16.554027603735932,18.762281361529784,0.003747191262007234,8.709771656686627,4.437321656686628,2975.0,0.5302918303283424,0.18033702527293022,1.9783252773804905,-0.09512262993144688,3065.211732032929,0.05355072683743116,14.474358365025562,3.539635487499338,904.7716054953429,0.5302785908092362,0.2811953838706294,outer_race,21mil_1796rpm,12800.0
SEU,DE,72,0.27724575468204216,0.08426380714653789,0.4190780023266269,0.49487031003315,0.0017878803307086882,22.847366868124972,7.744891065902174,15.218456635517496,15.602176911635986,0.0037598815065182103,8.28540988023952,4.219252495009981,3637.5,0.5447788043896128,0.1846712804746171,1.964967164292162,-0.17885098659990226,3112.6234778794696,0.0419169743950871,12.882998650595999,3.465570915594835,821.9038645889334,0.5447658295113901,0.2967698090032329,outer_race,21mil_1796rpm,12800.0
SEU,DE,73,0.30046315187008793,0.06684825377272162,0.27650545759228035,0.654579193453749,0.0020670950006835683,22.07892173027908,7.229056950442581,14.291178894865666,12.93731119406976,0.003394838691757108,8.581853992015967,4.293972654690618,3637.5,0.593987941183356,0.19448289672596894,1.9769077755004718,-0.14251817702916916,3268.4985472657654,0.04244108581569545,21.57204334361175,4.338261810466937,777.1729741067439,0.5939782397878721,0.3528101493414989,outer_race,21mil_1796rpm,12800.0
SEU,DE,74,0.2729088636204154,0.08571670771701458,0.33614138073957084,0.575689043288792,0.002452868172147408,23.997446091054027,8.108915198666422,15.914137869402026,15.79572219168265,0.004039463455900698,8.630990618762475,4.343109281437125,3662.5,0.5355968307760064,0.18098214555657183,1.9625483162062465,-0.15409191075004777,3168.5773788546417,0.047952644264108606,12.685742167515983,3.4136949961267056,844.6973391082611,0.5355815977722633,0.2868476478722905,outer_race,21mil_1796rpm,12800.0
SEU,DE,75,0.28064257622450406,0.07512342067402286,0.31078936394261597,0.6113902808616619,0.0026969344215628894,23.192066611656685,8.226772758905698,15.475589412929251,11.998700687395463,0.0047526948544317615,7.645821556886227,4.343109281437125,3662.5,0.5279238176033968,0.1872670234249074,1.881125183162075,0.10785736125210892,3217.6848060397983,0.050893074642735,12.96561837056469,3.52666606568591,810.6734900618695,0.5279024238290304,0.27868096908456524,outer_race,21mil_1796rpm,12800.0
SEU,DE,76,0.2778630161064589,0.09333713923625238,0.3976544915065327,0.5063731761452545,0.0026351930309393306,21.803836724744404,7.593407496371058,14.512374306998137,13.609468928243675,0.004200669218204216,7.999117964071857,4.032452095808384,3675.0,0.5310464501918961,0.18494231757074645,1.9111807596172996,0.1554011838692345,3104.6240023779774,0.04758982979839218,10.886799136499247,3.2516474187467423,862.4131515105009,0.5310298359221761,0.28199268663953325,outer_race,21mil_1796rpm,12800.0
SEU,DE,77,0.2896617709405408,0.08539287321366988,0.2950837832332492,0.6174308426887395,0.002092500854927835,20.573943457922432,7.483011342180629,13.92124367228332,12.432663948677956,0.004141976837340941,7.999117964071857,4.032452095808384,3637.5,0.5388809279331233,0.19599801584249046,1.8603798705758101,-0.023469082690586757,3202.1596283069334,0.04429375937989982,13.135588278639258,3.513074402845132,854.4829988986892,0.5388650095505765,0.29037549851794286,outer_race,21mil_1796rpm,12800.0
SEU,DE,78,0.2849790707159899,0.11423167980309461,0.36720840675225636,0.5158516923846793,0.0027082209789168507,17.631228386798124,6.509289883025248,11.948408697630633,10.438798128421261,0.004701933876387848,6.5445113772455095,3.405046407185629,3750.0,0.5231056641163297,0.19312587486730376,1.8355932693655836,-0.2372278073619961,3066.4071891586746,0.048977897223598604,10.515237357137163,3.205441804285199,932.8303648071816,0.5230845320293924,0.2736174276484085,outer_race,21mil_1796rpm,12800.0
SEU,DE,79,0.3038288426564839,0.08057922396563102,0.2553405767635532,0.6620714151601489,0.0020087840284598417,20.66946297274669,7.330562967694103,13.780013222100619,11.892527913484674,0.004073370202953466,7.8196271457085835,4.186765469061877,3637.5,0.5711383269624738,0.20255801878269664,1.8798028586384616,0.06446808502295144,3255.180501295442,0.041980861993247666,15.782644598712977,3.7695184196532057,838.5128772606531,0.5711238010980485,0.32618239618068323,outer_race,21mil_1796rpm,12800.0
SEU,DE,80,0.30082085813724113,0.0922872245716081,0.3695729188800304,0.5358954809091226,0.0022443756059109775,20.50453307466564,7.544025267688948,13.917803090475134,11.964967530995802,0.0036169179706992253,7.8196271457085835,4.186765469061877,3700.0,0.5549776572188575,0.20418731086516823,1.8448775814796208,0.016650692564631506,3138.4752075623132,0.046743399496210286,10.423629620552823,3.1623206513104827,865.1614076213478,0.5549658709475069,0.30798711791652494,outer_race,21mil_1796rpm,12800.0
SEU,DE,81,0.2904872316889658,0.08048692340620313,0.3053098222962822,0.6119267231608775,0.002276531107535549,25.83058068069453,9.322792479719165,17.66454834750628,15.678305848452013,0.004167952181574352,8.88641986027944,5.131325748502994,3700.0,0.5504065181827974,0.19865313180272737,1.894770090177787,-0.03983331940463547,3220.66841796664,0.04452315798248508,12.623280439041555,3.429026724521278,837.9271836019087,0.5503907370520712,0.30292996343272216,outer_race,21mil_1796rpm,12800.0
SEU,DE,82,0.2976480987244261,0.10196976462795053,0.32343835238785623,0.5716628779494679,0.002929005031237048,25.78390687433992,8.912165365145304,17.239571730823553,14.577193612360542,0.0040307389127994,8.88641986027944,5.131325748502994,3750.0,0.5757664426393116,0.19901273199251573,1.934386428493125,-0.06066928481003334,3158.4874155977354,0.047126002286417855,12.974228527913645,3.483208506617499,915.7725549954256,0.5757523335717751,0.3314907496133446,outer_race,21mil_1796rpm,12800.0
SEU,DE,83,0.29119709224129864,0.08025357851783532,0.32881734488857967,0.5889646603357723,0.001964416151726354,23.038510149955844,7.928080896491992,15.284227327387445,13.6808978585514,0.004381703487556137,8.21678103792415,4.450722554890219,3750.0,0.5613871267206128,0.19318621412238973,1.9278596582119125,0.1063505837040312,3215.788510914961,0.044238366263114316,14.702046825441847,3.652020439330142,840.7292177125172,0.5613700265619572,0.3151363067221725,outer_race,21mil_1796rpm,12800.0
SEU,DE,84,0.29589565527148826,0.08841244004609518,0.4172166244275241,0.4921775156377389,0.0021934197104508226,22.97530237576158,7.7728617628315355,15.041527226233251,12.88323419795004,0.005184361452875499,8.21678103792415,4.450722554890219,3700.0,0.5725976726066061,0.19371769224615865,1.935133762208303,0.20823779983390878,3120.6417879193714,0.04683912154710184,14.682704610176419,3.6346475103403617,844.3263993960659,0.5725742022400485,0.3278412170708279,outer_race,21mil_1796rpm,12800.0
SEU,DE,85,0.2880990863000561,0.08927909992913713,0.4005917596208172,0.508056535918989,0.0020726043772169374,29.62902086867393,9.849633154176033,19.47282570542495,17.471114169192685,0.004282560952314121,10.045394510978044,5.610103293413173,2975.0,0.569574846656559,0.18934487637236114,1.9770102500892524,0.21858852718084662,3130.0899320409667,0.046774585399402616,12.264295859017658,3.372541450899573,851.6534459503023,0.5695587464129862,0.32439716561553233,outer_race,21mil_1796rpm,12800.0
SEU,DE,86,0.2989472625062375,0.09262519034146262,0.4271904313526751,0.47809649235364643,0.002087885846685379,28.37571964904291,9.616559463685386,18.76619724288701,16.81413538402385,0.003184854802114519,10.045394510978044,5.610103293413173,3750.0,0.5833794627484366,0.19770787711466545,1.9514460773370166,0.18598819011929033,3100.6758619239563,0.0478308536778459,13.044579183379298,3.4592132011417145,866.6692956937073,0.5833707691139006,0.3403214542565439,outer_race,21mil_1796rpm,12800.0
SEU,DE,87,0.28519500315774704,0.08587830945638841,0.3673340503742512,0.5445918388308989,0.002195801303756165,28.412077169004174,9.718394122676104,18.93068800284779,18.024733823082766,0.003647652156624249,10.015344011976048,5.398937624750499,3675.0,0.5555380401946306,0.19002262990614455,1.9479234700593664,0.20012913207165245,3144.2053671096432,0.0481041648381401,16.250527440904346,3.731038499644833,848.3385793954379,0.5555260648583785,0.30860920873703535,outer_race,21mil_1796rpm,12800.0
SEU,DE,88,0.28497649301007366,0.10155212369418413,0.44653690898031834,0.44936820723888193,0.0025427600509539986,28.253315307693153,9.772903632551946,18.945203401600047,18.815257372458024,0.004398359433476795,10.015344011976048,5.398937624750499,2975.0,0.5524394619801141,0.19109041066343146,1.938543969521675,0.033275569059329504,3059.2714004693153,0.04795825869393545,12.243714089973373,3.375414910859274,888.7919603274879,0.5524219524848482,0.3051700135871719,outer_race,21mil_1796rpm,12800.0
SEU,DE,89,0.3123297201982753,0.07691151215832263,0.3371344406279201,0.5841304265910254,0.0018236205747220197,28.45628128629996,9.08663965569099,18.45098926772286,18.82603762067436,0.004797110710220185,11.11462375249501,5.7627923153692615,3675.0,0.634205001379141,0.20251389341388434,2.0305624484808256,0.1549608677719312,3204.3012027452155,0.04234303188723335,21.220907838625283,4.192296774848583,827.7290742230492,0.634186858507136,0.4021929715031501,outer_race,21mil_1796rpm,12800.0
SEU,DE,90,0.3152088194217034,0.08058682006536964,0.33625272459911326,0.5811528407695848,0.0020076145216319894,28.17541837927943,8.98098393459617,18.282458993190435,18.1907409085872,0.003777925447932261,11.11462375249501,5.7627923153692615,3750.0,0.6416660309534766,0.20453262619898818,2.035685524696633,0.20021526404057302,3201.9841971949772,0.04319795759767266,17.8334831732719,3.9147500629487677,842.4936403474209,0.6416549092455367,0.4117210225588979,outer_race,21mil_1796rpm,12800.0
SEU,DE,91,0.3302080935784681,0.07600036917076161,0.36795218695553283,0.5543381519329761,0.001709291918927947,29.586350384010423,9.646541357055774,19.417212307544496,22.127045388592474,0.0044332576058819856,12.672782734530939,6.411720658682635,3750.0,0.6646652329949229,0.21671211810388652,2.012867782227685,0.24900076320319528,3189.541395510447,0.043715786019139974,15.434051668191188,3.69256155445991,821.630459524015,0.6646504481147929,0.4417602181791951,outer_race,21mil_1796rpm,12800.0
SEU,DE,92,0.3021154613624314,0.08049889707659205,0.32086327978778284,0.5965279269335453,0.002109896133804492,32.11698402390317,10.264026562459712,21.222749175987538,27.20468448555079,0.00472552979977545,12.672782734530939,6.411720658682635,3750.0,0.6246788840291256,0.1996364494845061,2.067682604564659,0.3205127513097815,3210.6481736281057,0.041722450282404525,18.427916552447115,3.9677770834628667,842.6359500324417,0.624661010084658,0.39020137751998524,outer_race,21mil_1796rpm,12800.0
SEU,DE,93,0.2752579468504397,0.08629074577971704,0.3504727324351313,0.5612485203652727,0.001988001406340759,31.074504944478957,10.103821581933111,20.47272677502336,22.744363405655644,0.004242309083005862,11.100816766467066,5.635280738522954,3662.5,0.5577375543328611,0.18134740194868915,2.026235975072159,0.006904627151940943,3170.6591998645126,0.045964165895062054,13.440545223780095,3.502071174093866,865.375916204529,0.557721420000026,0.3110531823268454,outer_race,21mil_1796rpm,12800.0
SEU,DE,94,0.2869978110185878,0.07069297077852467,0.2510784512167066,0.6763032503407466,0.0019253276477952236,31.00565624352397,9.227819632982175,19.635274284924694,22.157307680565307,0.00434402932416417,11.100816766467066,5.635280738522954,3750.0,0.6106838844553562,0.18175008760538564,2.127834641971553,0.17954724218775137,3290.2695191296143,0.04223610833197124,21.91525662695115,4.357075341240089,810.0485428271144,0.6106684338843081,0.37291593614271357,outer_race,21mil_1796rpm,12800.0
SEU,DE,95,0.28618900621608345,0.06319055447388379,0.2602209753722632,0.6746848837771329,0.0019035863120082227,27.066675365204144,8.40275200591882,17.38071572436069,17.89561607880535,0.004071387352248627,9.363979141716566,4.974169760479041,3637.5,0.5919691259453191,0.18377468578478015,2.0684551575624126,0.04539093708462035,3300.223667803452,0.04382555689608563,16.960943065870275,3.8805613597057795,777.8369253689317,0.5919551248848963,0.35041086987749315,outer_race,21mil_1796rpm,12800.0
SEU,DE,96,0.2768462102650168,0.0839616859520177,0.3242415252414534,0.5894465316015658,0.0023502571210904776,22.338819718408274,7.400990811437328,14.683022454471164,15.739409196118153,0.004078525614786052,8.075868562874252,4.064939121756487,3637.5,0.5492425575606201,0.18196749752211752,1.9839265888265047,-0.1645948291215371,3186.538534864789,0.04459215255642034,13.493527892818676,3.5235812239282382,846.6692728445946,0.5492274143417649,0.30165075266454067,outer_race,21mil_1796rpm,12800.0
SEU,DE,97,0.28900068851554706,0.06048551146828717,0.3074707284159374,0.6302426510863194,0.001801108991148858,26.29379541506381,8.526307393884325,17.241127107288435,18.201465351821856,0.004263327300477169,9.941029940119762,4.9826976047904195,3675.0,0.5843910352521849,0.18950088894111553,2.022109491343814,0.002554659452509822,3275.8896809361745,0.04540852777930329,11.49741210359611,3.2923807292812177,764.9810606700053,0.5843754838487404,0.34149470612344945,outer_race,21mil_1796rpm,12800.0
SEU,DE,98,0.29806390251723114,0.07180775804013667,0.4071721936533189,0.5195259213080602,0.0014941269608678852,25.43477061257359,8.339994011607722,16.716877027745312,17.89792297833475,0.004406885691507609,9.941029940119762,4.9826976047904195,2950.0,0.59744618495594,0.19590102386562278,2.004423145205923,0.2986937509443791,3158.2458672531893,0.0432732311477517,11.878882685509653,3.322062937558024,781.6105425241245,0.5974299316881515,0.3569225232769093,outer_race,21mil_1796rpm,12800.0
SEU,DE,99,0.292769492850237,0.07411640990061337,0.3274390102585333,0.5968465464263145,0.0015980334132956384,25.478821243907664,8.377985832932378,16.741771802116887,17.64323968350395,0.004341649903318362,9.500830738522954,4.90148003992016,3675.0,0.5850427701433094,0.1923746782866641,1.9983050981427957,0.1409960343675422,3222.102450363424,0.045803516288276225,13.394933809907553,3.5005769164320406,816.9030095701598,0.5850266600532613,0.3422561929730742,outer_race,21mil_1796rpm,12800.0
SEU,DE,100,0.30280668311813874,0.08147190466224388,0.3211275806538023,0.595770049492739,0.0016304651755618032,24.54259111226396,8.221136835716225,16.186829132855923,16.73984571741313,0.004427309053767465,9.500830738522954,4.90148003992016,3675.0,0.5962046536710082,0.19971322577553294,1.9689283193211473,0.08892888121455368,3200.6420225382667,0.04121277896212276,15.210275219044245,3.703584697210275,839.5961218928287,0.5961882152420569,0.3554403879935092,outer_race,21mil_1796rpm,12800.0
SEU,DE,101,0.300133403797873,0.09207293003900775,0.35049727713501483,0.5554159824218275,0.0020138103707822716,22.10125419344084,7.54823118287521,14.752025242361821,16.922112697750915,0.004331735649794161,8.702868163672655,4.427575548902196,3675.0,0.5865712696965489,0.20033141604317647,1.9543684983880687,-0.033952262334908216,3153.2616730792633,0.04721403002093395,9.906128413133187,3.1341990512158815,880.7273858109119,0.5865552748886347,0.34404709049968185,outer_race,21mil_1796rpm,12800.0
SEU,DE,102,0.3349782375191024,0.07678409583330983,0.3360562573804009,0.5857504422165303,0.0014092045428235897,20.353886258626645,6.634326851212116,13.221138916890666,14.074881811108234,0.0052039916748534195,8.704086427145707,4.4287938123752495,3637.5,0.667557374199327,0.21758959228231814,1.9928380396988001,-0.03895031629364212,3207.2673218539603,0.04237167596406074,14.603053210577393,3.6600288350654466,818.9479958782514,0.6675370898448628,0.4456057663185485,outer_race,21mil_1796rpm,12800.0
SEU,DE,103,0.30155966830986464,0.08077676299478848,0.35237436455977544,0.5650761787350014,0.001772693665149768,23.3261127932165,7.342251750282458,15.099707464103695,16.96464595062496,0.004438214732644087,8.879110279441118,4.553462774451098,3637.5,0.6201725205453389,0.1952088123219269,2.05654994920636,0.12201167389137726,3192.497005723516,0.045457195466788024,13.545408575053106,3.46997728698727,841.1417826026271,0.6201566394787253,0.3845942574895457,outer_race,21mil_1796rpm,12800.0
SEU,DE,104,0.28432155742226484,0.07927617390215301,0.3494066188546621,0.5700909117811438,0.0012262953268618174,24.398373010190042,7.9775912981751445,16.015186522379825,16.66881927291569,0.003458686484452968,8.879110279441118,4.553462774451098,3787.5,0.5707816562992757,0.18662977127816402,2.007521559301147,-0.028746016044240104,3200.76797244238,0.043134645856786315,12.587398311280479,3.390682522364128,826.1388681280359,0.5707711771415466,0.3257797366555467,outer_race,21mil_1796rpm,12800.0
SEU,DE,105,0.29311292259231536,0.07451915228599941,0.41613509659661313,0.5077600641201337,0.001585686939631866,29.347520066612237,8.945580489454334,18.800303063102067,21.342349786571933,0.004409859967564872,10.828331836327344,5.510611776447106,2987.5,0.6160150012560274,0.1877709518194131,2.1016303061903203,0.18267731353713215,3161.727461356207,0.04407409916135359,10.763042425419874,3.1722743463933103,798.8836977634925,0.6159992166452242,0.37945503490752985,outer_race,21mil_1796rpm,12800.0
SEU,DE,106,0.30836124279760796,0.06176593618031945,0.2790475735682605,0.6574904187173339,0.001696071525758693,28.08629097920929,8.428305717356771,17.870636810424262,20.947865145851857,0.004755470845418539,10.828331836327344,5.510611776447106,3662.5,0.653822008983237,0.19620290128469803,2.1203118882627257,0.19230219825829498,3310.363388387172,0.043481901869518835,13.000895015782696,3.541610022250976,764.8704939232005,0.6538047146724427,0.42746060492791427,outer_race,21mil_1796rpm,12800.0
SEU,DE,107,0.29207906423481167,0.07220853239848433,0.24901236192835222,0.6765268494317408,0.002252256217836889,25.463652113504253,8.146768002131136,16.624238811806443,18.266699884806226,0.004614490160304392,9.541439520958082,4.855592115768463,3750.0,0.5960145317134691,0.19068718399562862,2.0405931293805915,-0.04313885284538877,3299.714901440403,0.04278107900589444,17.90848589870718,3.9855023840967916,814.5215539989425,0.5959966681905079,0.3552120284941863,outer_race,21mil_1796rpm,12800.0
SEU,DE,108,0.2894942200559818,0.08258227594493386,0.2873924844933068,0.6277181964364442,0.0023070430564776797,22.965061833459707,7.593059418402775,15.05290310207604,14.969762179517161,0.004771928506268713,8.527032135728543,4.357728443113772,3662.5,0.5739094353130236,0.18975470106353623,1.9824555916938245,-0.16292291072115667,3226.8574671960414,0.049490639791173366,19.021253374971035,3.9956686443378753,845.4175823633541,0.5738895962113659,0.32934926863964464,outer_race,21mil_1796rpm,12800.0
SEU,DE,109,0.29708397769889905,0.08666800041013795,0.2796175602694906,0.6311485539154184,0.0025658853243561153,20.629323129574747,7.016182603432071,13.589844800693069,13.423644809970288,0.0043660389669879,8.06287375249501,4.037325149700599,3750.0,0.5754304552629061,0.19570807652494338,1.9369286075943053,-0.14739180434960739,3223.1192573873523,0.04735303287883478,20.324250004748013,4.091911336068638,869.6063841558187,0.5754138915144594,0.33110114654781414,outer_race,21mil_1796rpm,12800.0
SEU,DE,110,0.2726389976394866,0.09738071823499582,0.2993236506438339,0.6008858786584426,0.0024097522617911936,21.91161385699654,7.72798044504201,14.765123983170728,15.12380760417106,0.0037275610400293166,7.8046018962075845,4.025548602794411,3700.0,0.5209056404092037,0.18371757685520843,1.9106057641027667,-0.32517454855180616,3177.5601140118306,0.05173479616041831,14.467888217143866,3.6041053097023465,901.0892080016247,0.5208923031671859,0.2713287914988155,outer_race,21mil_1796rpm,12800.0
SEU,DE,111,0.2851785454968968,0.1080492710379453,0.34099057519064274,0.5477995521587067,0.0031606015593810374,21.353941066209256,7.788626315147242,14.524570216760244,13.528718504501274,0.004013884681808258,8.020640618762474,4.1420958083832335,3750.0,0.5318133956854146,0.1939733651760301,1.8648436359712115,-0.47023946349313406,3119.58405619925,0.047671129462001235,14.122805132074937,3.5047861649842273,934.9014240500799,0.5317982479852792,0.28280937656021254,outer_race,21mil_1796rpm,12800.0
SEU,DE,112,0.2916442250752401,0.1046799887688976,0.4459974014306903,0.44703911996600293,0.002283489788583212,25.81260650943434,9.485428239816558,17.863205408091876,19.427257907596893,0.004648793477498128,10.23463143712575,5.209700698602794,2975.0,0.5492319974267758,0.20182776569652827,1.8832260343405791,0.033424227823340334,3041.2395304107163,0.052787175212105,9.913025164065239,3.066240107020381,893.2808809180034,0.549212322983206,0.30163417571660933,outer_race,21mil_1796rpm,12800.0
SEU,DE,113,0.29079972896004863,0.09825475507044275,0.46424960975346136,0.43557301752652644,0.0019226176057939503,25.98068760176161,9.501597705325747,17.915080998299437,19.832086328695013,0.004723943519211578,10.23463143712575,5.209700698602794,2975.0,0.5482973348453494,0.20052204847147898,1.8854809005708424,0.15111438224542342,3056.3303238425933,0.046858463775907445,11.044369422518152,3.2158488937920557,873.7995118463881,0.548276984521638,0.30060765175614046,outer_race,21mil_1796rpm,12800.0
SEU,DE,114,0.2705706860692677,0.1125923855011313,0.439304296724813,0.44595161752072426,0.0021517001923872245,22.86967499716439,8.369967553919368,15.764998673559273,17.58145921030761,0.0043535470075474056,8.372312674650699,4.265546506986028,2975.0,0.5096252141370152,0.18651539680887083,1.883519687740852,-0.00862556524122555,3025.194122774578,0.05020448733063009,11.387700131145994,3.216634173892158,913.0858383996841,0.509606618395652,0.25969890551265173,outer_race,21mil_1796rpm,12800.0
SEU,DE,115,0.2715710342498596,0.1074932132363881,0.5134309529588067,0.3769752305104721,0.0021006031658878234,22.803573696325262,8.238568535928943,15.706927356109345,16.031226466312752,0.004177271579887102,8.372312674650699,4.265546506986028,2975.0,0.5177533558631815,0.1870560537479882,1.9065117062036196,0.012507422661983155,2984.734078409114,0.04562454152570164,20.091446468091714,3.85763260376663,871.3780836462156,0.5177365043240956,0.2680510879097342,outer_race,21mil_1796rpm,12800.0
SEU,DE,116,0.2737993618719592,0.10220748609274857,0.45253028296321224,0.442149453574293,0.003112777233785202,26.82034459021404,9.208105482106177,18.069318826190205,16.617867957425137,0.004431473040247632,8.881952894211578,4.947367964071857,2975.0,0.5372840236991119,0.18446325129905328,1.9623275234307151,-0.04528013080814561,3035.6656515567292,0.0542848620032629,12.854598944789302,3.371888113553362,878.9664011468813,0.5372657481814763,0.28865448416900147,outer_race,21mil_1796rpm,12800.0
SEU,DE,117,0.2867239793362494,0.06672925666763904,0.3177608745199939,0.613487355652763,0.0020225131515689055,31.082522860890787,10.044385280035147,20.421662509275464,21.058092112715197,0.004796317569938249,10.743053393213572,5.855380339321357,3662.5,0.582950591407508,0.18838175927761705,2.0331420928134696,0.18854412242235363,3235.9942371795573,0.04441444498685077,17.39547416506602,3.874403272879715,778.0228635142522,0.5829308598454295,0.33980838736013175,outer_race,21mil_1796rpm,12800.0
SEU,DE,0,0.05871973016826923,0.9457191426390525,0.05245691767387953,0.0011135933705995432,0.0007103453498845486,5.471901720481266,3.7248450828604067,4.646971678769312,-0.04582380725790891,0.012004959735576921,0.4906633846153846,0.27286892307692306,1100.0,0.07325644879367166,0.04986729239956518,1.2475610596939992,-0.13732180841741556,910.1112392921813,0.009066753445565946,151.49899465058292,11.615102444478772,535.9345298413538,0.07226609323608835,0.005222388231607014,normal,0mil_1796rpm,12800.0
SEU,DE,1,0.059440410757211536,0.9444598008912602,0.05386463825873759,0.0008719433273803194,0.0008036167351738384,5.4352811744328635,3.6623205981736917,4.5906298358447595,-0.11633848943581171,0.013116182992788461,0.48523938461538463,0.27286892307692306,1100.0,0.07450710983986383,0.05020327639358881,1.2534756891938932,-0.010098870031259808,918.3259309786802,0.00896047864436326,169.66181818589473,12.375136082469814,534.9638501600521,0.07334354204965302,0.00537927516038922,normal,0mil_1796rpm,12800.0
SEU,DE,2,0.06336498768028846,0.9543275556114288,0.04425380581797909,0.0007939447424855882,0.00062469371709589,4.226340245844961,2.869170550013568,3.578710126498848,-0.18457978069835645,0.012790221454326924,0.4497747692307692,0.22676492307692306,1100.0,0.07903500998776483,0.053655150765455364,1.2472978040576657,-0.06234781547794234,849.3331871382649,0.007681101999921053,122.68574607844319,10.39659367675736,542.7864952935417,0.07799322431413747,0.006082943038915363,normal,0mil_1796rpm,12800.0
SEU,DE,3,0.0623611280048077,0.9500226103333582,0.048649049925159844,0.0008363739467033915,0.0004919654094779012,4.289109138741335,2.9103609819037812,3.636318494101658,-0.15065664928791156,0.012147975360576924,0.4497747692307692,0.22676492307692306,1100.0,0.07791642496821381,0.05286993539722997,1.2494389928643832,-0.10381923541383473,880.8888025607708,0.008046735979199792,147.7570968360149,11.384248114333683,532.5037907696807,0.07696360162093578,0.005923395974466108,normal,0mil_1796rpm,12800.0
SEU,DE,4,0.05944509645432692,0.9442952334506677,0.053940991934707534,0.0009587110899370758,0.0008050625664856836,4.342668287389388,2.9494404112113353,3.6883575317137876,-0.2217597461214953,0.011958815805288462,0.421403076923077,0.21925476923076925,1100.0,0.07433775179771179,0.0504884911121257,1.250527902748501,0.0259600825706796,925.1986822591282,0.008912266406454206,154.69262936441513,11.83205108783259,534.9012421029482,0.07336953091626922,0.005383088066873385,normal,0mil_1796rpm,12800.0
SEU,DE,5,0.05874244561298077,0.9482903392232682,0.04993528001618066,0.0009725141137845925,0.0008018640467782374,4.971785868597589,3.415419077337496,4.243871395104052,-0.1796156457148057,0.01074053455528846,0.46855015384615384,0.2492953846153846,1100.0,0.0729911553957015,0.05014201962919701,1.2425624203084267,-0.02194258698099771,912.034294257313,0.00888168873198241,131.94263032346862,10.823205014718518,534.8819093650471,0.07219660437628697,0.0052123496834660995,normal,0mil_1796rpm,12800.0
SEU,DE,6,0.05912494110576923,0.9464505501708947,0.05197261603617506,0.000915936198428218,0.0006608920324232068,4.9548217201317435,3.383104726678903,4.216416624744158,-0.06903485417689437,0.010284697716346153,0.4967132307692308,0.2492953846153846,1100.0,0.07368834391955426,0.05031369415421795,1.2463157263485878,-0.14753546467773282,919.5598506587304,0.008705007960940557,132.97220310992495,10.909331685313106,525.0869684046218,0.07296709547796111,0.005324197022489893,normal,0mil_1796rpm,12800.0
SEU,DE,7,0.05816366015624999,0.9431662334380156,0.05539387591759717,0.0008546848468011334,0.0005852022638493707,5.041509885115427,3.382502760234454,4.2538218105460786,0.019776821117018617,0.010806338040865384,0.4629175384615385,0.24741784615384615,1100.0,0.07314638411017783,0.049076140242097624,1.2575959613559133,-0.13228631129541177,968.4440577257425,0.008920958102944698,135.7831676821126,11.14008355752534,505.65795247824076,0.07234373895880847,0.005233616566540222,normal,0mil_1796rpm,12800.0
SEU,DE,8,0.05815021424278846,0.9379459430110997,0.06043557933129858,0.0009396875211398081,0.0006787898233802438,4.551258231826754,3.1156981945707667,3.8637651151669306,-0.20560065019250162,0.011016379507211538,0.4282873846153846,0.22467876923076924,1100.0,0.07211185268916011,0.04936629779861758,1.2400960792350495,-0.08345110709392911,977.4816682439605,0.00996127655885774,179.6508463869843,12.760290692104642,511.86742749801607,0.07126541012873087,0.005078758680816218,normal,0mil_1796rpm,12800.0
SEU,DE,9,0.05658366346153846,0.9401533535931943,0.05816510732000918,0.0008630797305411745,0.0008184588846119405,4.6948407016312315,3.1869796365530787,3.970735641454001,-0.19814862824187385,0.010272474158653847,0.41264123076923076,0.22467876923076924,1100.0,0.07049896605984393,0.04785652666611333,1.245924384301559,-0.058479258863780345,977.5202100917975,0.00931851321075698,157.0148586038264,11.983228417619754,512.259804538185,0.06974654464679103,0.004864580490166815,normal,0mil_1796rpm,12800.0
SEU,DE,10,0.05799660486778846,0.9372136347712037,0.06096259329678007,0.00099008694493991,0.0008336845850391889,4.266900261112973,2.8737455411380335,3.6006245620074506,-0.10070909639474657,0.011832913161057692,0.40805169230769234,0.208824,1100.0,0.07266614145569184,0.04894044557430799,1.2529378507818636,-0.14113279966423087,981.8457240168475,0.00961165416555547,149.92220913055277,11.772223515663148,514.7830616688481,0.0716962361646794,0.005140350280181484,normal,0mil_1796rpm,12800.0
SEU,DE,11,0.05873877854567307,0.9415644208173146,0.05654474401620468,0.0010055228678424318,0.0008853116781389325,4.18754817514018,2.8686816886321824,3.5551301060444476,-0.23408650664804576,0.011567050781250001,0.40805169230769234,0.208824,1100.0,0.07279441313670793,0.049867844205281175,1.239290549429892,-0.16063967135103116,976.2280118567664,0.009738843122471029,161.3210492055191,12.104689228632196,505.14303422328703,0.07186953401923306,0.0051652299201416976,normal,0mil_1796rpm,12800.0
SEU,DE,12,0.05767950540865384,0.9413713208977849,0.056620264396135385,0.0011378427073337912,0.0008705715720250871,4.833855412044943,3.3038781503780217,4.105070940898479,-0.18993833126430992,0.010938861778846152,0.4526953846153846,0.23677846153846152,1100.0,0.07166682630573706,0.0489833562146811,1.242500707972171,-0.10265323035996105,965.487642718174,0.009932958121080061,162.57472952497815,12.11246046323014,510.36119094649825,0.07082708024279968,0.005016475295719984,normal,0mil_1796rpm,12800.0
SEU,DE,13,0.05870771033653846,0.941425336063018,0.056645241476920995,0.0009843167500397899,0.0009451051152581445,4.728553872138677,3.2462137303792074,4.033174862060589,-0.18765458612951758,0.011386651442307692,0.4526953846153846,0.23677846153846152,1100.0,0.07293988665090212,0.05007418080474761,1.2424243124587648,-0.07432998210560983,934.1839743035464,0.010103845594699406,131.7800293664817,10.852136000787864,534.9083477043944,0.07204561911440446,0.005190571233577841,normal,0mil_1796rpm,12800.0
SEU,DE,14,0.058343957632211535,0.9438724099544711,0.05441782587586256,0.0009202924874860065,0.0007894713225016325,4.4233444770487065,3.0325216142590663,3.7651199698307694,-0.29292266786107257,0.012053752103365385,0.4061741538461538,0.21967199999999998,1100.0,0.07243872524010757,0.04966196983748528,1.2415805882889637,-0.04644471570872234,963.1630730571281,0.009075769294492502,150.40133742181533,11.620645992263034,509.6484127853565,0.07142881753635862,0.005102075974642411,normal,0mil_1796rpm,12800.0
SEU,DE,15,0.05872502704326923,0.9419979985244616,0.0561329768916702,0.0010245439489036006,0.0008444804025609303,4.401678772117143,3.014812317634585,3.7406879325597124,-0.31626470147015073,0.011669423076923077,0.4065913846153846,0.21967199999999998,1100.0,0.07286423725784501,0.04990641329656616,1.2407697522924572,-0.1047661438093492,935.4232335125872,0.009281153386426003,154.46020749853068,11.769799621957365,527.2980532093412,0.07192372095643623,0.0051730216362193045,normal,0mil_1796rpm,12800.0
SEU,DE,16,0.06012564302884615,0.9485785431129494,0.04977217302022556,0.0009016704253295326,0.0007476119227493169,4.109829279700832,2.8345340989327763,3.500884356046488,-0.3860566299415993,0.011843812499999998,0.41660492307692304,0.21049292307692305,1100.0,0.07426014848654501,0.05121695057178763,1.2350828156784557,-0.05782197532282047,899.5545853839092,0.008562196319457677,122.2012695701801,10.475450835823704,534.366305515451,0.07330957480921954,0.0053742937587085565,normal,0mil_1796rpm,12800.0
SEU,DE,17,0.06082513611778846,0.94940930250545,0.049006208468588774,0.0008887091685153399,0.000695778406368809,4.775524768396035,3.312194044999194,4.081409817342039,-0.32731182347461596,0.012758236478365385,0.45874523076923074,0.2482523076923077,1100.0,0.07495101564690124,0.05198429905237173,1.232237532551639,-0.05884939826321826,872.631766969048,0.00857289410227638,136.89357547730043,11.017178706889096,540.7889607932717,0.07385717398103003,0.005454882148464141,normal,0mil_1796rpm,12800.0
SEU,DE,18,0.057646705528846154,0.9405220996042293,0.057603273902670116,0.001017698551324981,0.0008569263913523894,5.050327181859342,3.4828096590257096,4.306443974809338,-0.24889797338631814,0.011383188100961538,0.4345458461538461,0.2482523076923077,1100.0,0.07127932100709587,0.049155688087699385,1.236485595372454,-0.09138705427011778,927.4704419711719,0.010193683985449214,152.8351662250022,11.677958198522894,536.4172550304199,0.07036451258902278,0.0049511646318907455,normal,0mil_1796rpm,12800.0
SEU,DE,19,0.05920337560096153,0.9422846534250975,0.05592791069996513,0.001021054127346032,0.0007663798858708428,4.7542453590531055,3.2226314546244446,4.02407408044652,-0.16604472863743247,0.01198540204326923,0.45791076923076923,0.23823876923076923,1100.0,0.07392678082655059,0.05011074339634394,1.2486919888627082,-0.017295309971774923,945.7485683196755,0.00964964048692363,147.84117612031002,11.645873078848034,524.9873958541119,0.0729487426981305,0.005321519061238047,normal,0mil_1796rpm,12800.0
SEU,DE,20,0.06000605588942307,0.9414223485572483,0.05667324752546265,0.0009384027557994778,0.0009660004479979534,4.667838288048326,3.194255835444608,3.9702454310576045,-0.17652053398837797,0.01317577283653846,0.45791076923076923,0.23823876923076923,1100.0,0.07458349659635476,0.05103835105872518,1.2429328255433827,-0.06607348469674698,911.4089812596756,0.009122385695590459,154.2356088690882,11.77828595111985,548.9902955456865,0.07341046910828453,0.005389096974698396,normal,0mil_1796rpm,12800.0
SEU,DE,21,0.05924799158653846,0.9433703838873904,0.05513510862085046,0.0007582020512073788,0.0007363053977323318,4.276042151581801,2.985808104482152,3.6654173343144607,-0.3467627785639751,0.013025423076923077,0.4159790769230769,0.21716861538461538,1100.0,0.07273361441366988,0.05078729528058558,1.2276131640248789,-0.1187657550445193,908.5561333358786,0.008092071325056164,147.28419251966042,11.493767039154626,535.4540936662353,0.07155778797128629,0.005120517019343565,normal,0mil_1796rpm,12800.0
SEU,DE,22,0.06013195853365384,0.9456563235401568,0.05262340428151103,0.0008245439632669445,0.0008957275572403175,4.219905916916573,2.933397362616976,3.611534044131847,-0.32247768164176405,0.011999459134615384,0.425784,0.21716861538461538,1100.0,0.07403313923718553,0.05146290454344951,1.231177913417732,-0.060116555060430454,921.0371833052089,0.008689345952389392,162.14903853202685,12.118757052227625,530.5652229464669,0.0730542174401259,0.005336918685789195,normal,0mil_1796rpm,12800.0
SEU,DE,23,0.05906901832932692,0.9454761073643791,0.052633642608156624,0.00087449278937984,0.001015756286970254,4.134464973253353,2.8634185470723645,3.5317225597400874,-0.3259438729097952,0.012472205228365384,0.41493599999999997,0.20861538461538462,1100.0,0.07285535844163563,0.05045764953021916,1.2333937570359788,-0.09064971793092415,922.5378776751155,0.008924534479647618,142.443553710954,11.363626850919413,535.2116211622995,0.07177985337405436,0.005152347350400744,normal,0mil_1796rpm,12800.0
SEU,DE,24,0.060762286658653845,0.9407046177106846,0.05750341086302969,0.0009102438416749209,0.0008817266692604444,4.204401175978597,2.918131352980179,3.594668991299391,-0.278472148121403,0.011355481370192308,0.4266184615384615,0.21842030769230766,1100.0,0.07484937491564357,0.051950396394194985,1.2318393370566711,-0.15881393832589702,932.1131696394947,0.00932782766703154,154.34889463208063,11.93234252790282,537.239522277264,0.07398298431473137,0.0054734819681137884,normal,0mil_1796rpm,12800.0
SEU,DE,25,0.061569550781249996,0.9476949945694588,0.05058705675956464,0.0008819445093835751,0.0008360030120817279,4.141694351560761,2.890736070131363,3.547537783219039,-0.3601357585701783,0.009395535757211538,0.4266184615384615,0.21842030769230766,1100.0,0.07555871667051986,0.05273694511281304,1.2272091595888341,-0.1077093154072026,938.9126135932648,0.008487138353669587,150.6238551369383,11.731256741230188,520.6805640895313,0.07497228536419878,0.005620843572730854,normal,0mil_1796rpm,12800.0
SEU,DE,26,0.06213234375,0.9508434228721059,0.047699403550806874,0.0008482042646286653,0.0006089687845809306,3.916952326921341,2.7536159070045816,3.3643124139287823,-0.4538303682198723,0.009843834735576922,0.4101378461538462,0.2090326153846154,1100.0,0.07591204526850796,0.053366137225599464,1.2217798442298093,-0.12921532702385147,939.8859678249572,0.007839040397635864,158.20691407181974,12.042038379710785,502.4437301083802,0.07527109361864388,0.005665737534546652,normal,0mil_1796rpm,12800.0
SEU,DE,27,0.059087761117788455,0.946208256290433,0.0521643238152772,0.0008872428016572378,0.0007401768824520628,5.692748096077582,3.899145892660711,4.851047544179937,0.0012347064068554126,0.00932117578125,0.5182006153846154,0.28663753846153844,1100.0,0.07351290419808884,0.05035134764860533,1.244130811650565,-0.15958789801111758,908.0019331486101,0.008517224584627973,154.0485661453202,11.775892218063708,537.5684166625736,0.07291956366910342,0.0053172627656924275,normal,0mil_1796rpm,12800.0
SEU,DE,28,0.056827930889423076,0.9421142057206444,0.05563533349971365,0.0010725006258630392,0.001177959103951157,5.936382745270202,4.049589652029264,5.043955216657166,-0.012873752903886704,0.008584808293269231,0.5182006153846154,0.28663753846153844,1100.0,0.07078187250846599,0.04828488167982702,1.2455472406024208,-0.08503685665157315,934.5934812894952,0.010248458553389517,147.92326241891305,11.669214779877553,544.3197249411611,0.07025933775927973,0.004936374542372549,normal,0mil_1796rpm,12800.0
SEU,DE,29,0.05758059645432692,0.9400416451242669,0.05762960507909211,0.0010515578553915365,0.0012771917877653445,4.3896463781142385,3.068399112955555,3.76793596037327,-0.33744489643935927,0.009051238882211538,0.42223753846153844,0.21696000000000001,1100.0,0.07070788121530219,0.049425393599291365,1.22798104864002,-0.1091616058042976,955.630747157531,0.010149787328994945,166.73944776374117,12.33958232242152,532.1200190351259,0.07012616872932975,0.004917679540654427,normal,0mil_1796rpm,12800.0
SEU,DE,30,0.05954054206730769,0.9458597588998243,0.0522985395981556,0.0008180708448499724,0.0010236303069700446,4.301699407731618,3.0328688976707463,3.7069712377419948,-0.3526570517335377,0.0102362109375,0.42599261538461536,0.2207150769230769,1100.0,0.07277435470177654,0.05130880984533154,1.2222655719107942,-0.12030843479857223,936.8607817499993,0.009003010630896691,159.25444314018668,12.015183978403048,521.2246852341899,0.0720508618123544,0.00519132668790299,normal,0mil_1796rpm,12800.0
SEU,DE,31,0.05968131670673077,0.9419699005155655,0.05628749370765677,0.000839342528757082,0.0009032600817539181,4.3091216539500286,3.0105756497536027,3.698227336498844,-0.3149771897767719,0.009395026442307693,0.4410129230769231,0.2207150769230769,1100.0,0.0733132472326816,0.05122043299027186,1.2284120270492196,-0.07214490181917593,956.8225360049539,0.009129332749773287,162.9389145385334,12.259811537737908,522.9088618429597,0.0727087731841807,0.005286565697948635,normal,0mil_1796rpm,12800.0
SEU,DE,32,0.05787752704326923,0.9436670601727299,0.054661803197469605,0.0008351619051728367,0.0008359712604660494,4.463887145151384,3.072387297560163,3.8062760696245976,-0.24974125011367576,0.010733098557692307,0.42891323076923077,0.22029784615384615,1100.0,0.0717024986819821,0.04935112358141285,1.2388659700055487,-0.05017820029987689,954.3873204606662,0.009069100771021766,167.56071650220247,12.396510396692204,519.2719475382061,0.07089463246671435,0.0050260489125905075,normal,0mil_1796rpm,12800.0
SEU,DE,33,0.06015233112980768,0.9419258571993072,0.05621334890074192,0.0008110612166456494,0.001049730927512499,4.429949237915285,3.075691994439862,3.787184897429732,-0.35093750038039984,0.012319920072115385,0.4272443076923077,0.22780799999999998,1100.0,0.07406723443433999,0.05142451702385769,1.2313277481217508,-0.06369878710583007,944.0843935405386,0.008920364366319896,168.60802793756739,12.426873338225118,531.1614404876914,0.07303543514054098,0.005334174786168168,normal,0mil_1796rpm,12800.0
SEU,DE,34,0.05907645432692307,0.9404973109744081,0.057759461668965464,0.0008400846127533376,0.0009031403584056307,4.517912880646723,3.1197263147145553,3.85615559693772,-0.29079872201986845,0.011834033653846155,0.4272443076923077,0.22780799999999998,1100.0,0.07302179006072322,0.05042328305529214,1.236055733078158,-0.07363637716761186,935.2251341659528,0.009118332909202583,159.85087081364057,12.12128433973274,540.9081048607842,0.07205648805730108,0.005192137471151973,normal,0mil_1796rpm,12800.0
SEU,DE,35,0.057092570913461545,0.9358928353324237,0.06226977296682098,0.0010730082810911322,0.0007643831411147335,4.7873245025414155,3.239649268774286,4.04496114072837,-0.18697633451009477,0.013027460336538461,0.4493575384615384,0.23093723076923076,1100.0,0.0712846396661344,0.04823931000429042,1.2485799557736605,-0.06499451168681993,946.1770558121021,0.009428574479856454,159.9198804310905,12.092400509344166,545.0383061749949,0.0700841289416551,0.004911785129510538,normal,0mil_1796rpm,12800.0
SEU,DE,36,0.05911862560096154,0.9373827544588943,0.06073221742456631,0.001093705901137584,0.0007913212046293816,4.809607192677833,3.2615189309289727,4.061601656862644,-0.2092389842166047,0.013871904447115384,0.4585366153846153,0.24011630769230768,1100.0,0.07362100689199917,0.04992430734423838,1.2453098519056531,-0.09073388654217877,949.6536324358409,0.010017593668329099,169.7460391969162,12.43336284239199,536.7446073348318,0.07230230233403284,0.00522762292280189,normal,0mil_1796rpm,12800.0
SEU,DE,37,0.059335288161057695,0.9414023135686067,0.056534668360277665,0.0010611072650672955,0.0010019103125632324,4.783966724489671,3.2523344958892895,4.046770735157536,-0.24354933496898656,0.01337695222355769,0.4652123076923077,0.24011630769230768,1100.0,0.07382890904849945,0.05019188500269555,1.2442664616054575,-0.019324741771604332,946.1142109572611,0.009897271941585128,163.93064967278445,12.22698937330317,529.9096661028088,0.07260692088568596,0.00527176496050026,normal,0mil_1796rpm,12800.0
SEU,DE,38,0.057364239483173075,0.939892775961241,0.05800892689249934,0.0009552804137790865,0.0011430165653198425,4.629158981623526,3.156635717846611,3.9239777608492217,-0.26403643227786366,0.012663503906249998,0.4132670769230769,0.225096,1100.0,0.07130883007100852,0.048625679285064206,1.2430885637719624,0.03302106853795072,925.8292361847836,0.009869759999306579,152.61950665469843,11.770414942348427,549.0327143277889,0.07017538681697708,0.0049245849149123595,normal,0mil_1796rpm,12800.0
SEU,DE,39,0.05858038161057692,0.9412657304298522,0.05702633934329287,0.000890416294268326,0.0008175131388069235,5.06802445773987,3.4818658487187673,4.3125910727016645,-0.22060735636478457,0.013657177283653846,0.46124861538461537,0.2526332307692308,1100.0,0.07255685363702137,0.049848463217933,1.2385862236158758,0.007567596098822396,948.5746150882969,0.009152606588010176,162.00006269155165,12.182134842406558,524.9969541274239,0.07125993627801663,0.005077978518346991,normal,0mil_1796rpm,12800.0
SEU,DE,40,0.05981251622596154,0.9457186982561168,0.05248700889308447,0.0010808690928314664,0.0007134223586730503,4.942718640462513,3.4162895385202963,4.223751928690398,-0.23831227660186993,0.012427079927884615,0.46124861538461537,0.2526332307692308,1100.0,0.0739495958760727,0.051112201431233135,1.2363565444513933,0.030225682158107506,928.7587123822976,0.009231267877080847,170.1500198625865,12.421617742860073,529.1530211490788,0.07289794520218272,0.005314110414700434,normal,0mil_1796rpm,12800.0
SEU,DE,41,0.058826075120192306,0.9465979469991592,0.05177510221558257,0.0009203879072956047,0.0007065624252336448,4.972705525033818,3.3864199669797257,4.227199213162899,-0.12679433044179333,0.012316049278846154,0.4704276923076923,0.24866953846153847,1100.0,0.0734313938868372,0.05000689005405108,1.2482796742227589,0.040627919924560246,905.1368056861713,0.009084793111850889,145.60580792996475,11.411043187163322,542.677135618805,0.0723911910271192,0.005240484538324864,normal,0mil_1796rpm,12800.0
SEU,DE,42,0.05846334104567308,0.9407844944902206,0.057637531753706235,0.0008773962977568034,0.000700576747358658,5.037263801198974,3.379192614332911,4.253426745954724,0.01297587935906952,0.013973869290865384,0.4704276923076923,0.24866953846153847,1100.0,0.07358844755010466,0.04936599476929319,1.2587109500398797,-0.023794464346167367,903.4233181934106,0.008861139084314788,143.94849041353672,11.34111919836646,550.9932291813641,0.07224950235037134,0.0052199905898763135,normal,0mil_1796rpm,12800.0
SEU,DE,43,0.05836667307692308,0.9414696203276443,0.056727695269317056,0.0010176467765350568,0.000785037134043265,4.529683682607455,3.0872202115731153,3.8494359432592424,-0.16569412233256386,0.012964916466346153,0.425784,0.22467876923076924,1100.0,0.07277704660928044,0.049601425833213086,1.2468938655003605,6.445296926855358e-06,904.664426472751,0.008931787477545538,162.47643940777647,12.047781112007323,553.2925132491918,0.07161291401828336,0.0051284094541900445,normal,0mil_1796rpm,12800.0
SEU,DE,44,0.060470347355769234,0.9478968005787587,0.05020099003833638,0.0009616052647374207,0.0009406036763077958,4.913173400946026,3.3713525903002144,4.195052927343659,-0.12599494180206516,0.013191459735576921,0.45770215384615376,0.25367630769230765,1100.0,0.07524466839278834,0.051631865393446635,1.244323402842328,0.07565540149469636,925.7091801434179,0.008908980620071012,160.7115673016668,12.102464428668995,533.2790674083261,0.07407931905454675,0.005487745511585333,normal,0mil_1796rpm,12800.0
SEU,DE,45,0.059935057391826925,0.9498901854263325,0.04835356392567068,0.0008264765493584335,0.0009297730494664736,4.971795408084127,3.3982920536264203,4.232519642617383,-0.10914638786914299,0.013548285757211538,0.45770215384615376,0.25367630769230765,1100.0,0.07464817728705865,0.051023078560278365,1.2454843715097217,-0.013428366864023874,907.2979771689551,0.008799216501394765,163.2135854735691,12.115302624231152,536.9229832838782,0.07340840772909517,0.00538879432532108,normal,0mil_1796rpm,12800.0
SEU,DE,46,0.06062202133413462,0.9490828374881664,0.04921040599963026,0.0008173828045704237,0.0008893724248030538,4.72200152924825,3.248524902136841,4.019377181235118,-0.25424222075139813,0.012829336838942308,0.46437784615384614,0.2436627692307692,1100.0,0.0750072037528451,0.05160158625987584,1.2372930183146265,-0.05213521457831165,875.1112161195435,0.008549362454032719,153.11737780413824,11.643065637107776,546.3248841219189,0.07390188584260741,0.005461488731093779,normal,0mil_1796rpm,12800.0
SEU,DE,47,0.060761879206730776,0.9462717748601284,0.051861760188888585,0.0009025623293544426,0.0009639011532444609,6.026980785665532,4.107750812923467,5.122523495153443,-0.01013117285655829,0.012775858774038461,0.5319692307692307,0.31125415384615385,1100.0,0.07577240393134649,0.05164346211065338,1.2470385202133931,0.08196972694548459,920.3242374822764,0.008492391791856043,147.74261199790053,11.527551494855764,535.0832769062567,0.07468758015976255,0.005578234630120957,normal,0mil_1796rpm,12800.0
SEU,DE,48,0.06036807692307693,0.9409015259167218,0.057636177307524926,0.0008606846489920288,0.0006016117757510213,6.062976592656866,4.139792324971677,5.155939524838012,-0.05507403535255451,0.014089891225961538,0.5223729230769231,0.31125415384615385,1100.0,0.0751859343205781,0.05133685560045329,1.245458496489504,0.08392273975477357,917.2890166351968,0.009304436906568306,157.8854527317096,11.85351974151318,539.8495820744474,0.07385390771583353,0.005454399684898856,normal,0mil_1796rpm,12800.0
SEU,DE,49,0.05906311027644231,0.942928987746512,0.055323185901333234,0.0009751746815032714,0.0007726510357760034,4.627148847654441,3.194589280508286,3.945328708981441,-0.23408672448811663,0.013471481069711539,0.44414215384615385,0.2330233846153846,1100.0,0.07294314359506916,0.0503600364473918,1.2350034269049153,-0.0486446601101576,920.0202519892262,0.009265989063923962,140.6740740344711,11.272437945217776,537.40184513469,0.07168836303975203,0.005139221395319284,normal,0mil_1796rpm,12800.0
SEU,DE,50,0.056918996394230766,0.9366059254708575,0.0613185791440524,0.0010774632142432925,0.0009980313454706778,5.222767257094028,3.565885158756448,4.438469522889152,-0.01552822668954823,0.012680515024038462,0.47313969230769226,0.2526332307692308,1100.0,0.0708472705995201,0.04837152764678185,1.244703439758841,-0.0779666112551666,964.2015731788698,0.010126795021300542,153.2353053273988,11.762785879794052,530.306566494755,0.06970323012692282,0.004858540290126762,normal,0mil_1796rpm,12800.0
SEU,DE,51,0.05868693028846153,0.9420620598715603,0.05586209279685212,0.0011603975451216244,0.0009154497205522852,5.0676662255859455,3.4536119078507777,4.304761375786273,-0.09007606127435075,0.012804991586538462,0.47313969230769226,0.2526332307692308,1100.0,0.07315044003495093,0.04985198699427373,1.2464519727884469,-0.045611923365173605,943.2398110033017,0.009976594401586773,155.18227476188534,11.909431430934092,528.1478570150301,0.07202096269681232,0.005187019067775632,normal,0mil_1796rpm,12800.0
SEU,DE,52,0.05826521754807692,0.9400725109047706,0.057926317654552376,0.0010322369308675124,0.0009689343253433816,4.5861728650771285,3.1800468626228104,3.924167301869244,-0.33295409271567555,0.013666344951923077,0.4326683076923077,0.22864246153846152,1100.0,0.07189908558450735,0.04985474125485592,1.2339966897949122,-0.027621378710507554,949.9534018718815,0.010310714912586276,155.77623685373553,11.879925782742445,531.0226672026544,0.07058831010545132,0.00498270952354336,normal,0mil_1796rpm,12800.0
SEU,DE,53,0.057571938100961534,0.9374286170696139,0.06059041801274422,0.001070566443923715,0.0009103963248965648,4.15520609333856,2.8941813017331657,3.5655832551885207,-0.36297170572135506,0.013563259615384616,0.4093033846153846,0.20527753846153846,1100.0,0.07092767075048445,0.04940249264425902,1.231983377493763,0.03853641808434056,971.777369964517,0.010318355376275257,171.55350410786443,12.452110166803896,518.2448965714948,0.06961876519082195,0.0048467724666948035,normal,0mil_1796rpm,12800.0
SEU,DE,54,0.05734600600961538,0.9372736566899155,0.060688458487376314,0.0011035573669977608,0.000934326779787995,4.442279343416558,3.0482162595931017,3.7869876299354144,-0.23750755402969226,0.012954118990384615,0.4337113846153846,0.21716861538461538,1100.0,0.07124449083990013,0.048886753532611245,1.2423618626195927,0.08216044344544655,987.3996929323802,0.01029780856846953,166.22025096210163,12.176553447268239,512.7285031252167,0.07005689313850257,0.0049079682762195685,normal,0mil_1796rpm,12800.0
SEU,DE,55,0.05765251171875,0.9415460954498476,0.056597327091136046,0.0009628103726828116,0.0008937669061118754,5.532112710953968,3.7766597134208633,4.707663331454589,-0.09550691452375748,0.013070752103365384,0.4948356923076923,0.27140861538461536,1100.0,0.07186472596938737,0.049060572256094385,1.246515092351392,0.07098591335576539,949.5677158111409,0.009614058227407463,183.17834127404933,12.888180962854323,528.496467979896,0.07066607586464321,0.004993694278107509,normal,0mil_1796rpm,12800.0
SEU,DE,56,0.05771678725961538,0.9415185464075901,0.05651839503131034,0.0010197249377192443,0.0009433312386822655,5.587791930913106,3.7195010430771873,4.702420704114985,0.0874022277808355,0.012094802884615384,0.4948356923076923,0.27140861538461536,1100.0,0.07296909242430963,0.048571711105260186,1.2642611602078262,0.15721116141887637,949.2200987038456,0.009650325244709733,153.21450174338725,11.711858696306903,528.8658638106377,0.07195974008019859,0.00517820419240974,normal,0mil_1796rpm,12800.0
SEU,DE,57,0.05878186658653846,0.9423810542931771,0.05592427086899609,0.0009485811081385548,0.0007460936919372664,5.288806461508139,3.4974157032782602,4.425572029639488,-0.07225724603929873,0.013334067908653846,0.4531126153846154,0.2601433846153846,1100.0,0.0743816024991088,0.04918754099033583,1.2653834731431073,0.13404791759812654,947.934454208219,0.009337135097930637,164.4787309460179,12.165364948600775,524.0195819282014,0.073176672671985,0.005354825423342836,normal,0mil_1796rpm,12800.0
SEU,DE,58,0.057843199218749995,0.9435644631070939,0.054718985906040074,0.0009663430094096696,0.0007502070967603957,5.41315577673517,3.6502715992339096,4.573127200173285,-0.010910352388599165,0.013250642127403844,0.4973390769230769,0.26452430769230767,1100.0,0.07246702074109333,0.04886693060435993,1.2528183385403586,-0.06877747498516522,960.638136908456,0.009494313475508854,171.53392788127198,12.48777819031496,514.1005793318468,0.0712452775859672,0.005075889578301521,normal,0mil_1796rpm,12800.0
SEU,DE,59,0.05762276772836539,0.9447163245675559,0.0535711619161993,0.0010177207464596434,0.000694792323434795,5.437545512388595,3.6634177918648807,4.5906213484794645,0.002963628133424212,0.012876804987980769,0.4837790769230769,0.26452430769230767,1100.0,0.07220697248337878,0.04864774135492393,1.25309795641479,-0.11127528586602825,985.684244761096,0.009039922344446498,160.59221402820813,12.125715580221447,493.1587908966132,0.0710495233517927,0.005048034768516935,normal,0mil_1796rpm,12800.0
SEU,DE,60,0.058269292067307694,0.9382396236883734,0.059697790044984426,0.0011949557037060226,0.0008676302817483884,4.73678836344968,3.1930666473694895,3.999076981169017,-0.19207149814073476,0.013023182091346154,0.4282873846153846,0.2330233846153846,1100.0,0.0729779269741688,0.04919438377560946,1.2524251519972296,0.022737477970469978,965.7769787625806,0.010288816063389182,147.465957783687,11.579080687951123,513.9142713649478,0.07180650773894212,0.005156174553662756,normal,0mil_1796rpm,12800.0
SEU,DE,61,0.05675784915865384,0.9420951996838466,0.05585069341807099,0.0012083598785647166,0.0008457467480691964,4.821850390983752,3.3087177729235977,4.105571089630616,-0.272216419083394,0.012598820913461537,0.4170221538461538,0.2330233846153846,1100.0,0.07042709611629526,0.04832654805116077,1.2408344777024956,0.013481280303483556,952.3700790166957,0.01018073179526582,164.32618619035517,12.18805502628887,524.6512054054987,0.06929102091154678,0.004801245578964414,normal,0mil_1796rpm,12800.0
SEU,DE,62,0.05689241015624999,0.9361439828144265,0.06149154821763736,0.0010642467937863045,0.0013002212663907856,4.567831342068776,3.1138972382511776,3.8758502396516503,-0.24701253820494484,0.01138532722355769,0.41013784615384613,0.2205064615384615,1100.0,0.07081366039628913,0.04827377480154377,1.2446943309627005,0.03395071795369287,971.9548104740062,0.011061667044649066,161.61803493312502,12.181788993379458,529.0676374342415,0.06989240890635752,0.004884948822733484,normal,0mil_1796rpm,12800.0
SEU,DE,63,0.058419947415865384,0.940131605686217,0.05783135191497805,0.0010185021839291338,0.0010185397000730225,4.468051536545893,3.01469335834674,3.774506333748899,-0.13390549759862758,0.011456835036057692,0.4272443076923077,0.2205064615384615,1100.0,0.0731439106162981,0.04935181694634793,1.2520365705846914,-0.02819295853115441,1003.7374733977615,0.01001797752408673,140.2118030236341,11.404654694727716,496.26693357255004,0.07224107274398385,0.005218772591201567,normal,0mil_1796rpm,12800.0
SEU,DE,64,0.06006798858173077,0.9427592711788205,0.05536697229150815,0.0010697170515819813,0.000804039017611897,4.441451737533361,3.0219115742908995,3.764718650690018,-0.17460456845053685,0.012020239182692308,0.4389267692307692,0.2261390769230769,1100.0,0.07483312180507502,0.05091557677235219,1.2458070192121424,-0.08968708926441978,934.5116113836746,0.009438322759943068,160.74206890231306,12.109676604755714,532.6235853965038,0.07386142409325766,0.005455509969084064,normal,0mil_1796rpm,12800.0
SEU,DE,65,0.05758467097355769,0.9453287749753552,0.053227295462227854,0.0007998553955033033,0.0006440733016913317,4.6406967728156365,3.1378502345197394,3.9270707481669507,-0.15155140862480287,0.010398478665865385,0.4389267692307692,0.2261390769230769,1100.0,0.07206815495376515,0.04872955247749837,1.2515163104232745,-0.0006065583902400954,965.6496218130388,0.008795843379512256,171.47697464623997,12.505723246548232,501.35370641605726,0.07131402807215034,0.0050856905998754465,normal,0mil_1796rpm,12800.0
SEU,DE,66,0.05677913852163462,0.9443544135315025,0.05414537929750665,0.0009501936268155458,0.0005500129211921293,4.1026101383951366,2.812255328767681,3.4867735783727145,-0.3510752699820783,0.010672490084134616,0.3790541538461538,0.19797599999999999,1100.0,0.07039759084988641,0.04825610850692346,1.2398495764965285,0.02537313386085335,1012.8164282381234,0.008852626964279506,149.5217771917557,11.802466001923136,473.5349597814878,0.06958389722394152,0.004841918752872058,normal,0mil_1796rpm,12800.0
SEU,DE,67,0.05808726292067308,0.942419944521401,0.05590810567241042,0.0009165308120753776,0.0007554184167432232,4.839077272579453,3.2510776033666144,4.079845821737521,-0.1764307207194089,0.012041935997596153,0.4545729230769231,0.2369870769230769,1100.0,0.07289493080007312,0.04897360872205122,1.2549210814016516,0.056568252281562204,981.3663251988975,0.008881711011741157,174.86433953706438,12.691416797926758,507.05932607191465,0.07189341217230719,0.005168662713777247,normal,0mil_1796rpm,12800.0
SEU,DE,68,0.058773310096153844,0.9470077884903098,0.05139740849816867,0.0008206206529607614,0.0007741817428191741,4.7763183559949765,3.1970328217959287,4.032222730612981,-0.015213404337873992,0.01298651141826923,0.4545729230769231,0.2369870769230769,1100.0,0.07412719547556905,0.04961710239134783,1.261239078661659,0.004534809477122999,942.5506531839151,0.008692170081631232,152.03979417669407,11.739836351055828,518.9934351900348,0.07298076205587598,0.005326191630256387,normal,0mil_1796rpm,12800.0
SEU,DE,69,0.05902419861778846,0.9400960126786926,0.058052021417439974,0.0008877975577026279,0.0009641666607945666,4.425956375065835,3.0984606986135357,3.8065534897928544,-0.3364352547510556,0.012839930588942308,0.4253667692307692,0.22467876923076924,1100.0,0.07251302859232843,0.05076389150524043,1.2285305059690343,-0.026929169071300475,960.8643887530982,0.009858049554553107,157.9517546438668,12.072239721340132,518.3009786341646,0.07136718782537942,0.005093275498102985,normal,0mil_1796rpm,12800.0
SEU,DE,70,0.05734284825721154,0.9420753242326427,0.05621922141735589,0.001026896324040169,0.0006785577476168314,4.698298747098817,3.2560481580323684,4.016392481627737,-0.3155732821867421,0.01248605859375,0.43892676923076923,0.2303113846153846,1100.0,0.07073340854840486,0.04902016602447877,1.233517530052395,-0.00540442695995743,976.0682538158468,0.009295077767893881,167.68715443455145,12.420527369653913,503.76124268675267,0.06962265023445312,0.0048473134256689955,normal,0mil_1796rpm,12800.0
SEU,DE,71,0.05926500270432691,0.9436951907521459,0.05462290635107993,0.0009589981020553944,0.0007229047422301503,4.58818710921999,3.109770808779876,3.8861279693921227,-0.10885235289825879,0.011299966045673076,0.45624184615384616,0.2303113846153846,1100.0,0.0740605654812702,0.05019659816239239,1.2496509255345578,0.010548526965433715,941.2867794665804,0.008937717808661788,156.93099075611764,11.938922516836195,523.7298900604611,0.07319342953279444,0.005357278126772145,normal,0mil_1796rpm,12800.0
SEU,DE,72,0.05879775721153846,0.9469037389166511,0.051274251249752385,0.0009744484560500102,0.0008475599506530299,4.516972054792941,3.097320013655956,3.842501351295165,-0.23698631270091441,0.012099896033653846,0.4341286153846154,0.22593046153846155,1100.0,0.07294385486237892,0.05001812249396753,1.2405890687283636,0.017602631495359185,952.5482256114637,0.008976217450876268,167.0646108361625,12.415826021085461,516.0920743784902,0.07193329186238157,0.005174398478158569,normal,0mil_1796rpm,12800.0
SEU,DE,73,0.058553286057692305,0.9455771638300493,0.052546576909484506,0.0009830922977183932,0.0008931663422661922,4.556954088919838,3.1497970295331887,3.89060999540729,-0.23603415664162153,0.013303305288461537,0.44768861538461535,0.22780799999999998,1100.0,0.07232466024446088,0.049991287064732895,1.2351938740585746,-0.06118255023666144,976.690218806177,0.00941708424556164,161.42153328256776,12.228546397341624,505.8376667674532,0.07109063614765795,0.0050538785478786916,normal,0mil_1796rpm,12800.0
SEU,DE,74,0.058277441105769226,0.941056360626237,0.05706502349034562,0.0010710107384706838,0.0008076047263563471,4.587266589987001,3.1528435397190675,3.9090254423928017,-0.20668982995937668,0.012480252403846153,0.44768861538461535,0.22780799999999998,1100.0,0.07225477481838465,0.049660946345968855,1.2398412395500962,-0.07214194512391314,955.9530900680926,0.009361447502437944,153.75075406313724,11.962385565103466,525.0238658202311,0.07116878377485289,0.005064995783991765,normal,0mil_1796rpm,12800.0
SEU,DE,75,0.05750053215144231,0.9396019970961287,0.058286022490615874,0.0010525433209844684,0.001059436311664637,5.037623158182795,3.4501393614453155,4.281110880814329,-0.2881661032772751,0.012164375300480769,0.4485230769230769,0.24616615384615384,1100.0,0.0713496262200351,0.048865535614012176,1.240851580853507,-0.04292973468241748,963.9088639290934,0.009379935265216164,145.28056406314462,11.57609420999777,531.8491866198253,0.07030502923182504,0.004942797135287773,normal,0mil_1796rpm,12800.0
SEU,DE,76,0.05625393299278846,0.94074091491337,0.0574228778122983,0.0009602821174758954,0.0008759237895727051,5.184967561705178,3.484503763728732,4.375981211441898,-0.02739447762463154,0.011778722055288461,0.4485230769230769,0.24616615384615384,1100.0,0.07064597157522767,0.04747689371564695,1.2558405753475799,-0.09437186999137737,950.302828182754,0.00962862984008917,158.1260819106881,12.022853486960386,524.8509590414213,0.06965712459290965,0.004852115006552138,normal,0mil_1796rpm,12800.0
SEU,DE,77,0.0557181337139423,0.9400118038330243,0.058065447867477395,0.001068419379215192,0.0008543273113313987,5.205108713232873,3.531757729215335,4.4143176030318605,-0.05738213714981155,0.012387658954326922,0.46708984615384613,0.24595753846153845,1100.0,0.06964167910695954,0.047253103059354776,1.2498925298629153,-0.04244086987713962,912.6644772594066,0.01021159343684142,160.42644546780554,12.0057796327934,546.7591381994442,0.06853108327224959,0.004696509374468007,normal,0mil_1796rpm,12800.0
SEU,DE,78,0.05846863792067307,0.942625539798022,0.055482699280359135,0.0010374377985995448,0.0008543214510495834,4.942757746011555,3.405230212877754,4.2066575724791075,-0.32287247658304485,0.011519990084134615,0.46208307692307693,0.24595753846153845,1100.0,0.0722293422428201,0.04976119629977986,1.2353518879782486,-0.024063061608815023,932.7703988966329,0.009526092550958428,157.97555658680946,11.971875270840107,534.1141423878383,0.07130475236119874,0.005084367709291876,normal,0mil_1796rpm,12800.0
SEU,DE,79,0.05813982421875,0.9397059945694314,0.0582812573751947,0.0010101723083409408,0.0010025749188820813,4.061777672267174,2.7894974146941096,3.4518164218198386,-0.36756721985899166,0.012350580829326923,0.3951175384615384,0.200688,1100.0,0.07194414267704458,0.04940890816605958,1.2374330958820254,-0.04631299683061921,936.3117013695252,0.010036443912575653,150.23778360474688,11.710411970671723,540.0954128504832,0.07087610894168224,0.00502342281871321,normal,0mil_1796rpm,12800.0
SEU,DE,80,0.05801860727163462,0.9414177431718884,0.05682534324961892,0.0009831041968606908,0.0007738090664653703,4.04009205672409,2.8136297335920926,3.4590282227977,-0.40059741881635214,0.013144500901442306,0.3865643076923077,0.200688,1100.0,0.0713270824529518,0.049674115634565,1.2293828791685546,-0.07590032072409625,948.1164489506724,0.009574817972582358,160.83147153974244,12.02554987163161,525.3834843443093,0.07010545476139618,0.004914774787302166,normal,0mil_1796rpm,12800.0
SEU,DE,81,0.058808350961538455,0.9413207372181972,0.05689296719163459,0.0010550908310916754,0.0007312040336152074,4.229377186021874,2.938585780566757,3.614777041820248,-0.3853219467680664,0.012845533052884614,0.3913624615384615,0.2125790769230769,1100.0,0.07234060626335617,0.05026250144481142,1.2301077156655527,-0.052756418706666745,941.0174687617634,0.00986543181992133,151.80382272107198,11.663404424253349,529.2620699702467,0.07119097973154447,0.005068155595137175,normal,0mil_1796rpm,12800.0
SEU,DE,82,0.058825260216346154,0.9428281108878863,0.05551439208082774,0.0009660110161314048,0.0006914851985712426,4.519068237464349,3.097000989548227,3.837158481300239,-0.3179064389015216,0.01329760096153846,0.43830092307692303,0.22572184615384616,1100.0,0.07288400840542618,0.049948758083037656,1.2389916871999391,-0.021432132674805548,926.561790040679,0.009401323206182394,153.24438457312743,11.746284983018938,533.666554535995,0.07166067603581426,0.005135252489909925,normal,0mil_1796rpm,12800.0
SEU,DE,83,0.060203670072115384,0.945092367487317,0.0531862224230866,0.0009541112941362004,0.0007672983550037219,4.540711769955963,3.1366985886610923,3.8671192130295453,-0.3658933827578075,0.013963173677884615,0.45853661538461543,0.23281476923076924,1100.0,0.07422286925252414,0.05127274775976964,1.2328628663936227,-0.02088397938389449,918.9471970070641,0.009384868548120723,159.0892462185451,11.84833982012545,531.3760610906089,0.07289762753971163,0.005314064100918523,normal,0mil_1796rpm,12800.0
SEU,DE,84,0.061948990384615384,0.9440240778495941,0.054436181388627776,0.0008414936272967097,0.0006982469169968755,4.380063274873338,3.0641829629234776,3.7581689029202843,-0.4466763512183576,0.014111486177884616,0.43162523076923076,0.23281476923076924,1100.0,0.07597939550210317,0.05315328903267995,1.2264831925488837,0.018176553028637334,947.4025902988009,0.009000293004041614,158.6775432491229,12.010063048540745,515.1961174371837,0.07465744771097112,0.005573734498716386,normal,0mil_1796rpm,12800.0
SEU,DE,85,0.05942798347355769,0.9396072464032368,0.058778684881205634,0.0008806256942742795,0.0007334427986939833,4.508037908782554,3.1110895361369373,3.847387176450221,-0.3625561230461982,0.012826892127403844,0.4362147692307692,0.22864246153846152,1100.0,0.07349272943856465,0.0507188418032201,1.2366687399256115,-0.017089316527992508,913.2940671379282,0.009097452621937214,152.3852136069404,11.630530106509914,552.2402934420118,0.07236471597872828,0.005236652118682012,normal,0mil_1796rpm,12800.0
SEU,DE,86,0.0586671688701923,0.9382213468235376,0.05957690113988755,0.0011349496200665575,0.0010668009847399132,4.401748217688298,3.0621860284504523,3.7657125196634387,-0.39604205183169183,0.013707090144230768,0.428496,0.2209236923076923,1100.0,0.07214574498580857,0.050189988473197264,1.2297464898202117,-0.04974244234721793,946.815571307881,0.010256191797649597,153.6945154018144,11.82815504260846,540.1613077723383,0.070831660995174,0.0050171241993352544,normal,0mil_1796rpm,12800.0
SEU,DE,87,0.05971146814903846,0.9389956889904881,0.05899411658003853,0.001046979306994533,0.0009632144932092016,4.9800054792763735,3.488337864486739,4.2693306311562385,-0.4002403361953841,0.013715442908653846,0.44393353846153844,0.254928,1100.0,0.07308007707490488,0.05119030512332742,1.2238867899295103,-0.03163854350962843,958.7864036896178,0.010044257274894122,148.4536505234097,11.606585739261442,532.1492712298301,0.07178150382301485,0.005152584291093495,normal,0mil_1796rpm,12800.0
SEU,DE,88,0.06015885036057692,0.9469920713284058,0.05130876963401636,0.000912302796262747,0.0007868561888767926,4.978504732992973,3.436106638580358,4.237580978892151,-0.3818488134742628,0.01290970673076923,0.4487316923076923,0.254928,1100.0,0.07419094539665526,0.051205736194357816,1.233250717923855,-0.021570652459781316,868.6627463521555,0.00923250714036926,142.35653111915713,11.15345330862533,553.7012390608801,0.07305912572002907,0.005337635850975013,normal,0mil_1796rpm,12800.0
SEU,DE,89,0.060209068810096154,0.9452866761833882,0.053102124472570456,0.0009125858912613254,0.0006986132443360474,4.0308899835342045,2.791220460094608,3.440595927109574,-0.3828422728285181,0.013035914963942307,0.4053396923076923,0.20715507692307691,1100.0,0.07421666610886603,0.051391895529097883,1.2326492931314197,-0.07779034212827107,871.3470157009529,0.008592624776586873,144.16674519537904,11.185476311824619,556.2931319458448,0.07306283904535718,0.005338178449367769,normal,0mil_1796rpm,12800.0
SEU,DE,90,0.058374720252403846,0.9453821435186368,0.05279518553130156,0.0009597873083940016,0.0008628829428385632,5.274678712931218,3.642319973668819,4.502897546726322,-0.26017117835316705,0.011351101262019232,0.46104,0.2628553846153846,1100.0,0.0721670217102362,0.04983343989672348,1.2362718210587809,-0.033001921050172904,915.2145082351183,0.009151400272648503,149.00261856092774,11.384752950025803,540.357148509475,0.071268727522421,0.005079231522665088,normal,0mil_1796rpm,12800.0
SEU,DE,91,0.05972460847355769,0.9478213882909673,0.05023275358032599,0.0010018452520166815,0.000944010053809002,5.202527387554515,3.5171208508161835,4.401123612752698,-0.170003812711208,0.011490857271634614,0.45478153846153846,0.2628553846153846,1100.0,0.0747359547097696,0.05052455566965149,1.2513427315786925,0.05150137268674944,869.6171343646387,0.009368643825336984,145.68976736375834,11.288142010774237,560.5307876230016,0.0738472959934462,0.005453423125543654,normal,0mil_1796rpm,12800.0
SEU,DE,92,0.0628437548076923,0.9509607791911783,0.047353182643013865,0.0008261175064636845,0.000859919085821567,4.381855984946987,3.0322289006519823,3.7411758603698235,-0.39528887222291553,0.013317158653846153,0.42515815384615385,0.23510953846153848,1100.0,0.07753687012579619,0.05365524090002308,1.2338039056238153,0.002976329750385146,854.2614976179048,0.00816582792426622,136.21192636427526,10.889129983207104,559.9298946692702,0.0763846811493828,0.005834619514292876,normal,0mil_1796rpm,12800.0
SEU,DE,93,0.06173385576923077,0.9444105969002972,0.05363799460060772,0.0009675094006132718,0.0009838969997856652,4.638669080941135,3.2434545937047874,3.980780400232325,-0.387261225615386,0.012757523437500001,0.46208307692307693,0.24574892307692306,1100.0,0.0757676471111686,0.052978326064825325,1.2273273095786852,-0.010046621921638622,900.5500529100162,0.009832836797518651,146.89806810432967,11.494784344523282,553.0195888335267,0.07468588852322915,0.005577981944504212,normal,0mil_1796rpm,12800.0
SEU,DE,94,0.0592428984375,0.9472227368757788,0.050881341177459447,0.0009546036610667281,0.0009413163676277147,4.867066046632689,3.3488170638838355,4.148158337259325,-0.2912447826171696,0.012932931490384613,0.46208307692307693,0.24574892307692306,1100.0,0.07338380042530972,0.05049221044512968,1.238693621695908,0.006434952130583022,966.8333289263109,0.009279355956875745,169.55677319381002,12.414794309343279,505.49133960501484,0.07223518151099714,0.005217921447926704,normal,0mil_1796rpm,12800.0
SEU,DE,95,0.059376950120192305,0.9449243709216038,0.05282830364580079,0.0011061085275996922,0.0011412168722766552,5.210477609140462,3.601348354699319,4.447973100478633,-0.30499404063258106,0.014145304687499999,0.4716793846153846,0.2641070769230769,1100.0,0.07333560958590675,0.050687690598606165,1.2350854908758193,-0.011369135282286533,917.8943595022546,0.009837084054622287,171.2680746071918,12.340567673571911,543.63932157087,0.07195847405715555,0.005178021988634329,normal,0mil_1796rpm,12800.0
SEU,DE,96,0.057726056790865385,0.9417083271961673,0.056447185405292456,0.0010163100961676295,0.000828175851256238,5.372934367802623,3.692250040064637,4.575179591426196,-0.15629389658662918,0.013914177584134615,0.4716793846153846,0.2641070769230769,1100.0,0.07153011688191448,0.04915509083932643,1.2391304873128535,-0.04294356698030657,884.4426283366076,0.00924004534892372,157.50799019793286,11.876875146403195,557.542798671075,0.07016376047004261,0.004922953283297513,normal,0mil_1796rpm,12800.0
SEU,DE,97,0.05720217548076923,0.9367690721384021,0.061128784810816884,0.0011052510311652165,0.0009968904368574856,4.7342581515425755,3.2684513813184934,4.0335636441341975,-0.36838717296974544,0.013270709134615385,0.42453230769230765,0.23072861538461537,1100.0,0.07059264112153917,0.0487359598904501,1.2340901465412215,-0.03744525539502693,1000.9636606506842,0.009569767654911814,160.41592762111085,12.120585751787367,503.4671409635177,0.06933404113117062,0.004807209259578859,normal,0mil_1796rpm,12800.0
SEU,DE,98,0.058093476562499996,0.9379264210194039,0.060016932535170965,0.0012141825074032085,0.0008424637107453599,3.9048828276915195,2.703780850687488,3.33606634987989,-0.34737261255209395,0.013659621995192307,0.385104,0.19380369230769232,1100.0,0.07167877243394709,0.0496311159283273,1.2338523475494072,-0.0916411390785728,970.0117465242296,0.01002479973970472,163.10809456333234,12.228351566461154,518.5025475574421,0.07036519839086672,0.004951261144586033,normal,0mil_1796rpm,12800.0
SEU,DE,99,0.05808308653846153,0.9417503725473916,0.05659887563767847,0.0008584455056659534,0.0007923057591889314,3.854460497280234,2.6818748668499253,3.3043380661092097,-0.3141484304356803,0.013884739182692306,0.382392,0.19192615384615386,1100.0,0.07156417184802748,0.04979326003770953,1.2321000159080566,-0.10273528664430977,945.3241681473891,0.009277399766793702,151.71201103820994,11.793695170003804,525.5752234004941,0.07020430692003601,0.004928644710122617,normal,0mil_1796rpm,12800.0
SEU,DE,100,0.05718078425480769,0.9391375034236265,0.058838966123827524,0.0009938426464530415,0.001029686537065321,4.297224707195034,2.984005099858259,3.673886167275319,-0.3736738657039185,0.01304457331730769,0.3934486153846154,0.21007569230769232,1100.0,0.0704005808561356,0.04888636425178168,1.2311929920796147,-0.04944690932427202,970.9466807290786,0.010285305884779439,167.537917684418,12.475788066161634,520.0431841747351,0.06918150686311098,0.004786080891850671,normal,0mil_1796rpm,12800.0
SEU,DE,101,0.05616785877403846,0.939558312401134,0.05810034536787916,0.001230642945120953,0.001110698071271228,4.368951142926293,3.044955445312893,3.74014065860727,-0.36280901651509856,0.013594022235576922,0.3934486153846154,0.21007569230769232,1100.0,0.06899138462963796,0.04808378153823553,1.2283071873397942,0.005994719033500949,957.9404500119982,0.011458201840420896,150.04788923680226,11.777139427692406,535.921463519553,0.06763884765852597,0.004575013712573284,normal,0mil_1796rpm,12800.0
SEU,DE,102,0.05799792908653846,0.9432558577292223,0.05477104454492778,0.0009263334003489556,0.0010467618406385262,4.286044360108354,2.996205927446383,3.6688843146484196,-0.4075094852847374,0.01332001081730769,0.42077723076923074,0.2127876923076923,1100.0,0.0710190479093831,0.04964663788554743,1.2245100648924185,-0.011358506475132677,955.2244093659225,0.009681624710828576,135.02829353318677,11.1532396625956,530.1817012552609,0.06975874481226033,0.004866282477782057,normal,0mil_1796rpm,12800.0
SEU,DE,103,0.056749190805288466,0.9410696399783041,0.0570123612063384,0.0009567113671126293,0.0009612838397215988,4.416514457995291,3.0246017583301676,3.7496163255928323,-0.29365159412826136,0.011901772536057693,0.4178566153846154,0.2127876923076923,1100.0,0.07035230066954958,0.04818000582393184,1.2397057944127272,-0.006459553952678163,955.2457666703901,0.009876842743424213,140.47334699265159,11.342964503724971,527.9509847278599,0.0693382579821461,0.0048077940199986475,normal,0mil_1796rpm,12800.0
SEU,DE,104,0.057026461838942305,0.9402153386408147,0.05801013513628318,0.0009607411268145973,0.0008137820545339186,4.4650862000675655,3.101396582645554,3.8228406584082815,-0.32414240959678997,0.01150226592548077,0.40533969230769235,0.21800307692307694,1100.0,0.0702919059571272,0.048823934668893544,1.2326190980539875,-0.04280370064691763,972.5030704670241,0.009682835354984728,141.35227115067607,11.446655274282884,515.9637956532658,0.06934442963688675,0.004808649921665138,normal,0mil_1796rpm,12800.0
SEU,DE,105,0.05760850691105769,0.9420738389792078,0.05619289835006235,0.0009357178273835464,0.0007975423704962061,4.404413652628174,3.0916788521016385,3.7842167522177568,-0.41530127711048914,0.010806338040865384,0.40533969230769235,0.21800307692307694,1100.0,0.07051284669327296,0.0494965037611741,1.2240005942549144,-0.10026338370777477,941.9967434230992,0.009618803337211847,151.0188694165438,11.805129618330374,524.9257670710094,0.06967987232289939,0.004855284606935561,normal,0mil_1796rpm,12800.0
SEU,DE,106,0.05870771033653846,0.9472041024008409,0.05078057349523467,0.0009760618933944587,0.0010392616006398205,4.745932705110996,3.2740165157098775,4.047388694173578,-0.32689075651281074,0.01098449639423077,0.43809230769230767,0.23761292307692305,1100.0,0.07257535871819004,0.050066643975173235,1.236215112157434,0.0544705587886661,886.0918415814917,0.009412630452827957,134.42034820667527,10.937428947285362,547.9068967708315,0.07173927468297331,0.005146523532039095,normal,0mil_1796rpm,12800.0
SEU,DE,107,0.05957802764423077,0.9426621036533868,0.055098353332544446,0.0011139457250678264,0.0011255968837157399,4.672525608970304,3.220887814519687,3.9882643395955433,-0.2785404080852496,0.01267134735576923,0.43809230769230767,0.23761292307692305,1100.0,0.07377249279089124,0.05085320936941561,1.238250001014174,0.06625787346316776,938.2104754912352,0.009654528995123412,156.27430383380363,11.952885284689465,534.4398656269518,0.07267611470608168,0.005281817648771541,normal,0mil_1796rpm,12800.0
SEU,DE,108,0.05708187530048077,0.9419299372408697,0.056102352266762676,0.001150610124638404,0.0008171000789252558,4.534885758804185,3.1266358989212613,3.86664025596962,-0.24042456493541664,0.013195228665865383,0.41201538461538456,0.2207150769230769,1100.0,0.07059187064257373,0.04867048227060031,1.2366774965078833,-0.0965689025205249,963.9129634363694,0.009323019279099629,152.43058944091646,11.842846711175872,515.2632651522442,0.06934766139729145,0.004809098141273387,normal,0mil_1796rpm,12800.0
SEU,DE,109,0.05728682361778846,0.9422477544995699,0.056044866666715216,0.0009330062844584397,0.0007743720574245176,4.82658883882955,3.3238146196929046,4.1113602458076315,-0.2527091853740955,0.01148515294471154,0.4211944615384615,0.2355267692307692,1100.0,0.07086038067084803,0.04879776941760064,1.2369402978880604,-0.01586609412193465,959.8484683226167,0.009375706300416984,143.0467555262567,11.508348796041805,514.3342573204129,0.06992342104512676,0.004889284810654076,normal,0mil_1796rpm,12800.0
SEU,DE,110,0.057089209435096155,0.9435485600416402,0.05463298998282008,0.0010735479780501801,0.0007449012130928038,4.832621787921543,3.3267713738666322,4.12559171096135,-0.1801485988392333,0.011790538161057691,0.42745292307692306,0.2355267692307692,1100.0,0.07079740167326909,0.04873685125110249,1.2401187960705178,0.04562926690878948,956.6463302576253,0.009959318077249927,145.74707802518066,11.645470050853985,515.1180925706695,0.06980870499843732,0.004873255293558847,normal,0mil_1796rpm,12800.0
SEU,DE,111,0.058635082031249994,0.9477693464599798,0.05028534724158276,0.0010088908530793152,0.000936414727108433,4.981176076620541,3.3935713062810735,4.240968543866081,-0.013745130631026559,0.012699970853365383,0.4839876923076923,0.24866953846153847,1100.0,0.07327665047181488,0.04992185271841411,1.249706624999033,0.02661564600404705,896.1928255812319,0.009277287244728616,126.0556737412006,10.737142247070151,544.8848223742591,0.07216770915507986,0.005208178244692198,normal,0mil_1796rpm,12800.0
SEU,DE,112,0.05788547235576923,0.9477652481417733,0.05059618870441056,0.000880536298322459,0.0007580266268692493,5.0508514923916135,3.4283453012295575,4.295888559623277,-0.011884473832397102,0.012375537259615384,0.4839876923076923,0.24866953846153847,1100.0,0.07253339923850567,0.04923319144031925,1.2530501399851934,0.08325189165659136,889.862472037208,0.009067445160911267,138.92612733617514,11.220057297552875,545.5902101194384,0.07146985436271944,0.005107940082628327,normal,0mil_1796rpm,12800.0
SEU,DE,113,0.056803585637019226,0.9437268139692313,0.054205598140488295,0.0011781802856351176,0.0008894071908178227,4.537016058175837,3.106877075353073,3.863548086872161,-0.16012852769727637,0.011406922175480769,0.43663199999999996,0.2194633846153846,1100.0,0.07063793619528518,0.048371745173770124,1.243547135328197,-0.00838060014927847,968.5879926705234,0.009846922129832158,154.56964106204123,11.929063581911615,510.3528713468426,0.06971083241800878,0.004859600156411703,normal,0mil_1796rpm,12800.0
SEU,DE,114,0.059483600661057685,0.9462125021965558,0.05190945800973036,0.0010002341949014043,0.0008778052615434295,4.771352349479535,3.284783034891741,4.0682447508977555,-0.16880765372512974,0.010916146334134614,0.4591624615384615,0.24199384615384617,1100.0,0.07367118119624048,0.0507180833501519,1.2385124702861343,-0.053030206402298864,947.6021470175131,0.009193813663131989,138.87040025056592,11.309406365285048,517.3419774147303,0.07285794869512219,0.005308280688061056,normal,0mil_1796rpm,12800.0
SEU,DE,115,0.060883503605769225,0.9500260300384925,0.048254154847706,0.000851311629653965,0.0008685033142060434,4.662746323857337,3.2037945627572517,3.974703028275055,-0.14603677891310562,0.011199223557692307,0.46437784615384614,0.24199384615384617,1100.0,0.0755335092227578,0.05189942350405471,1.240623563844975,-0.102212760903213,867.5452053237042,0.008615123966820855,134.70764226910512,11.000670984434812,549.3432632106824,0.07469865063847718,0.005579888407209267,normal,0mil_1796rpm,12800.0
SEU,DE,116,0.061234829026442304,0.950316542691661,0.048105620713759074,0.0008663058146544414,0.000711529926231767,4.513785548172693,3.111523642748098,3.853101310989455,-0.1869878523480315,0.011479041165865383,0.45832799999999996,0.235944,1100.0,0.0758290879614253,0.052271867478399965,1.238332647727014,-0.12437821051628199,908.438947033302,0.008950622225241227,152.10182835723595,11.648841742612708,522.4164885379467,0.07495520125364179,0.005618282194973943,normal,0mil_1796rpm,12800.0
SEU,DE,117,0.05875273377403846,0.9418159311715173,0.056379708732526505,0.0010185066998392625,0.0007858521015654783,4.6757316226896535,3.269381722772051,4.01588121682022,-0.3085019568553884,0.012657290264423075,0.4362147692307692,0.235944,1100.0,0.07216777360581414,0.05046140776238057,1.2283304787717553,-0.06459108884062115,985.3646789620536,0.009325024148676487,160.50963980035587,12.138637239881875,500.05689531944137,0.07104914179905472,0.005047980550382185,normal,0mil_1796rpm,12800.0
SEU,DE,118,0.057251579026442304,0.9404293560947785,0.0575166015065702,0.001186475677064759,0.0008675655678885989,4.675219393105742,3.214013705495397,3.9900008006476346,-0.15765265433670628,0.012988854266826923,0.43663199999999996,0.22843384615384613,1100.0,0.07107432235377979,0.04886056181463985,1.2414386391151464,-0.052877152924944285,1009.8197238518104,0.010381439849462186,155.17898470612397,11.902909821752656,490.0304416639607,0.0698773852035416,0.004882848962884134,normal,0mil_1796rpm,12800.0
SEU,DE,119,0.057682968749999994,0.9499085481152612,0.048413918588246944,0.0008936869990727114,0.0007838451272491216,4.886198030797149,3.25344591198506,4.112057639330367,0.012946898408915608,0.013749465144230769,0.46562953846153843,0.2371956923076923,1100.0,0.07290598913413918,0.04854401946312345,1.2639084068317685,-0.0012871323441947904,906.2185651320959,0.008850282723890754,148.62307587870743,11.401808189187324,531.1797010331486,0.0715977336224744,0.005126235459874801,normal,0mil_1796rpm,12800.0
SEU,DE,120,0.05816967007211538,0.94400160208058,0.05423006526531644,0.001063157281695028,0.00070517430792087,4.825995649472168,3.257902224649413,4.077652357553874,-0.13363541268318802,0.01466419471153846,0.4577021538461538,0.2371956923076923,1100.0,0.07280626487592556,0.04914958684922043,1.251619010141618,-0.02365358253725402,942.9638925803442,0.008950669323467133,150.17285207722776,11.750810996255204,520.9921699546394,0.07131418932194013,0.005085713598645519,normal,0mil_1796rpm,12800.0
SEU,DE,121,0.05821285997596154,0.9425659853713519,0.05563062248348795,0.0010541487057326323,0.000749242752846623,4.445579106471443,3.0619058756236006,3.787933828187064,-0.2459490226069705,0.014550108173076922,0.4332941538461538,0.2205064615384615,1100.0,0.07201608099515869,0.04960129068842113,1.2371163523815367,-0.038242843325521324,953.6084694092016,0.008818887414608777,147.14190900990948,11.549582934665414,517.3697229158499,0.0705309171502329,0.004974610274053017,normal,0mil_1796rpm,12800.0
SEU,DE,122,0.05969129927884616,0.9449577981330302,0.05323749602324795,0.0010767258679358414,0.0007279795208686466,4.1667298663458165,2.8465179553500204,3.540338159304841,-0.2365774403755374,0.013784506009615383,0.42161169230769224,0.21132738461538458,1100.0,0.07424066453478556,0.05071780302396151,1.243743484087563,-0.04155177748718393,893.4598750033769,0.009172938825429989,138.47236167829308,11.05964056017699,543.1358851643506,0.07294973382156679,0.005321663664637445,normal,0mil_1796rpm,12800.0
SEU,DE,123,0.06156995823317307,0.9454305793785995,0.05303412305274372,0.0007917105420799222,0.0007435867568019917,4.018606819118184,2.784424391779907,3.4323132689981946,-0.36121630603073207,0.013972850661057693,0.42161169230769224,0.21132738461538458,1100.0,0.07589625534069405,0.05258722590376653,1.2326832357635442,-0.1040405125186746,911.2024314999808,0.008631054623307113,121.74889049757623,10.489294121723901,532.8816625899308,0.07459893443705218,0.005565001019143609,normal,0mil_1796rpm,12800.0
SEU,DE,124,0.06091813701923077,0.9353305603488198,0.06284891308195978,0.0008768726181469102,0.0009436533559524434,3.8618816692858684,2.749041330753883,3.3320580563173032,-0.5603071147643579,0.014964283052884615,0.38677292307692307,0.20298276923076922,1100.0,0.07383765640769914,0.052560587457953986,1.2120800146004123,-0.08872296535799479,961.8084628244209,0.009631880292859461,151.0148447530898,11.795161159642127,523.7381551097521,0.07230539216749042,0.005228069736494584,normal,0mil_1796rpm,12800.0
SEU,DE,125,0.05872054507211538,0.9372072394332754,0.06074061045099064,0.0010578527614144356,0.000994296902735366,4.060424217130251,2.86648263090957,3.495838436265105,-0.47272958897369355,0.014584537860576924,0.4080516923076923,0.20527753846153846,1100.0,0.07161304110061933,0.050555687653400065,1.2195568180211973,-0.040574812917003766,932.5582863788554,0.01016399824613584,140.13484564005157,11.231742236771012,548.3890050367256,0.07011218803512263,0.004915718911072392,normal,0mil_1796rpm,12800.0
SEU,DE,126,0.06058321153846154,0.9450986724536309,0.05328669287106715,0.0009363312946962783,0.000678303345661862,3.960061909399253,2.7548719220375806,3.388356827719789,-0.44563321868567485,0.014155490985576922,0.4080516923076923,0.20527753846153846,1100.0,0.07451436737200814,0.0518369518350988,1.2299507649029524,0.030465435573570187,861.181083693665,0.008757468774285288,104.20671104492567,9.663220852772604,555.7667878355646,0.0731574536175764,0.005352013019807842,normal,0mil_1796rpm,12800.0
SEU,DE,127,0.061654810096153846,0.9425286985854239,0.055714010499244994,0.001054688813593966,0.0007026017113998049,4.667581926240349,3.233510668287016,3.9892676350467227,-0.39228406233546353,0.013857032451923077,0.43475446153846153,0.24595753846153845,1100.0,0.07606516993241803,0.05269485192724892,1.2337264491414457,0.027325186843113736,900.6579523975603,0.010125856771809973,140.37790511216053,11.20389848217064,543.3000434243112,0.07479233067951542,0.005593892728473984,normal,0mil_1796rpm,12800.0
SEU,DE,128,0.05913848888221154,0.9444230242239388,0.05392505198961726,0.0009459741899757195,0.0007059495017273518,4.8772095578731545,3.352949839133275,4.159009523415821,-0.2740652260197698,0.013802739483173076,0.4504006153846154,0.24595753846153845,1100.0,0.07335556756349136,0.05042997138896677,1.240403144381936,-0.0009486667979390958,934.8624099287157,0.009287160903373094,151.36333712126947,11.700795514621793,523.9199266201051,0.07204528905710351,0.0051905236753216,normal,0mil_1796rpm,12800.0
SEU,DE,129,0.061124103966346155,0.94224239607066,0.0561808760435241,0.0008643531191843861,0.0007123745198163296,4.21929274957306,2.933936618730405,3.607520556209191,-0.4435267816561064,0.013704849158653847,0.42494953846153843,0.2205064615384615,1100.0,0.07515720010130306,0.05226147476037874,1.2295836703419534,-0.05881206361088127,864.876876903915,0.00919776350743932,132.82508426765162,10.80770537390168,560.2584628644232,0.07389710303256719,0.005460781836605852,normal,0mil_1796rpm,12800.0
SEU,DE,130,0.06129064993990384,0.9476466592311583,0.05063437081957228,0.000956796077388145,0.0007621736688555638,3.763249768456491,2.6468032696411217,3.2369248974151446,-0.4828432035407806,0.013579048377403848,0.39303138461538456,0.19839323076923077,1100.0,0.07495579027153415,0.05271859243363546,1.2229563619414892,-0.05202931191451555,882.250101882346,0.008812679571832276,130.03156361054576,10.741112576881918,545.9424730921675,0.07371553391514125,0.005433979940394341,normal,0mil_1796rpm,12800.0
SEU,DE,131,0.060899903545673074,0.9420880126930944,0.05617317701802574,0.0010141611502393994,0.0007246472188869586,3.706950027855623,2.609050404400433,3.185757224505362,-0.5286964650455057,0.012260533954326924,0.38531261538461536,0.1940123076923077,1100.0,0.07436127234839385,0.05233744890932315,1.2210408887203763,-0.038321588457252705,904.194395080735,0.008856670139933605,151.1262764462847,11.447385716497049,547.5235405551028,0.07334356231072227,0.005379278132426801,normal,0mil_1796rpm,12800.0
SEU,DE,132,0.059771057992788465,0.9387929563226801,0.05957749189908991,0.0008738345069969729,0.0007557168799675054,3.797036445517704,2.654734118329467,3.249414174672236,-0.46818260948600177,0.012781461237980768,0.3882332307692308,0.1942209230769231,1100.0,0.07316021658663868,0.05115066074917335,1.224007388249103,-0.0945049215538544,901.1293897016244,0.009351334930422738,132.06032802553884,10.773475941809142,558.1832189211372,0.0720350715945079,0.005189051539625878,normal,0mil_1796rpm,12800.0
SEU,DE,133,0.06035126953125,0.9438642433537424,0.05432715984851878,0.0008354819114569335,0.0009731144770076266,4.405593461971742,3.048795780675598,3.7574176125574916,-0.37886327426921884,0.013517115685096153,0.42098584615384615,0.22676492307692306,1100.0,0.07437852168198457,0.051472049119900734,1.2324267949901406,-0.016771352727003842,887.3823701646783,0.008751565620630675,146.06377443382885,11.363073543107083,552.7878527297203,0.07313994853124506,0.005349452071153176,normal,0mil_1796rpm,12800.0
SEU,DE,134,0.061062986177884616,0.9392681495462574,0.0587992559477909,0.0011500505901924436,0.0007825426836517715,4.802107877331553,3.336806272657959,4.10650883625651,-0.30245552661153763,0.012840236177884615,0.4775206153846153,0.2507556923076923,1100.0,0.07514841192981542,0.052217838231287894,1.2306704377492788,-0.08052329955672287,937.8485368804777,0.009964894665347484,146.08387513050252,11.512505861492745,538.8666510659364,0.0740433126654215,0.005482412150469367,normal,0mil_1796rpm,12800.0
SEU,DE,135,0.059996175180288464,0.9485438948535053,0.04971174054665736,0.000987408539013971,0.0007569550781087554,4.850826686740469,3.425464750953638,4.179527970811,-0.3111887652616505,0.013004133713942306,0.46562953846153843,0.2507556923076923,1100.0,0.0732034075778718,0.05169339341541978,1.2201345728772812,-0.16411604643764074,928.8111722911092,0.008979641078312573,129.92251115952246,10.857421631978706,524.4743477788326,0.07203909624198467,0.005189631387361928,normal,0mil_1796rpm,12800.0
SEU,DE,136,0.06161100901442307,0.9449559959060098,0.05334688154351243,0.0009176497324991675,0.0007794717711717107,4.868915264275858,3.3671774394774485,4.158018127048056,-0.29768487161253,0.012581911658653844,0.4725138461538461,0.2561796923076923,1100.0,0.07608143524133636,0.05261535237372697,1.2348675416681745,-0.02908602389701206,847.0033405045857,0.008678494194875243,136.67686912624006,10.95141074112408,568.2428368390573,0.07503386093888204,0.005630080287395487,normal,0mil_1796rpm,12800.0
SEU,DE,137,0.06149906159855769,0.9520737313965223,0.04632655935465513,0.0007924328404491572,0.000807275377820314,4.909848221009061,3.34904520749349,4.165587013017128,-0.2629635611857255,0.012765774338942305,0.4725138461538461,0.2561796923076923,1100.0,0.07649335151836413,0.05217670298065605,1.2438133124320403,0.0009808078988472735,872.673996924587,0.007688166740014697,118.66269830614166,10.293691612253513,545.1306967505345,0.07542060615003847,0.005688267832039221,normal,0mil_1796rpm,12800.0
SEU,DE,138,0.060842147235576925,0.9464377339193766,0.051853032248591814,0.0009000491796447576,0.000809184156703192,4.036272296833865,2.858104785117833,3.4802291668759433,-0.4266808520857919,0.014600428485576923,0.40575692307692307,0.21174461538461536,1100.0,0.07408567260625668,0.05246043869505835,1.2176702495295189,-0.09473943782231666,945.0577152303576,0.008647181566741637,144.5032853221,11.54964079541766,523.5844452233401,0.07263273623896462,0.005275514373559003,normal,0mil_1796rpm,12800.0
SEU,DE,139,0.06160408233173077,0.9495415413363973,0.04907036325317274,0.0008373852764048405,0.0005507099623191365,3.909581510866292,2.768746672951315,3.3694570203084124,-0.44915896781181663,0.01589836658653846,0.40909476923076926,0.2075723076923077,1100.0,0.07496977232339147,0.05309322931760884,1.2169611085136862,-0.09375107771409241,917.2629873758485,0.008169045836208899,158.06971191908576,11.958650306509947,524.152028046441,0.0732646483790183,0.00536770870210119,normal,0mil_1796rpm,12800.0
SEU,DE,140,0.06441458383413462,0.955119934504199,0.04354516166076447,0.0008602413073072459,0.0004746620162389199,4.8161004194723525,3.351580086493096,4.119544883097578,-0.3562223145345511,0.015106993088942307,0.4746,0.26535876923076923,1100.0,0.07917422898535767,0.0550982633497168,1.2291351472397716,-0.011520020142203182,878.3795050314394,0.0077143911081392815,149.50086718182126,11.635901601558853,523.8129405476824,0.07771960689064568,0.0060403372952365,normal,0mil_1796rpm,12800.0
SEU,DE,141,0.06296283263221154,0.9486649812762072,0.04962369705387298,0.001019963750012301,0.0006913571443954875,4.923542382894253,3.421558720605747,4.214530352864282,-0.2524865346318834,0.015055654146634616,0.4746,0.26535876923076923,1100.0,0.0775549364775451,0.05389590432951262,1.2317574231542483,-0.05227768318330586,914.4064194835005,0.008533924974820362,157.2484781222209,11.903921426919586,525.6513548970978,0.07607953371474474,0.005788095450252981,normal,0mil_1796rpm,12800.0
SEU,DE,142,0.06278426682692308,0.9475547289405251,0.05102647362237796,0.0008576498456750152,0.0005611467841766815,4.410135212177258,3.1133429741078467,3.801207086767474,-0.36946230050080864,0.014577611177884614,0.43475446153846153,0.238656,1100.0,0.07665586541052027,0.05411534760680884,1.220940679642512,-0.07536124243697094,910.8757616230432,0.008145568120982341,158.29282221210627,11.924147290793332,522.175083288523,0.07525699272613949,0.005663614954182212,normal,0mil_1796rpm,12800.0
SEU,DE,143,0.06304422115384616,0.949015302310228,0.049420531030358074,0.0009162864416263938,0.0006478793676411572,4.425861792969666,3.080387586184546,3.7855333229926065,-0.3771545852558895,0.013391111177884614,0.4449766153846154,0.238656,1100.0,0.0774759647358552,0.053923057511442656,1.2289146145019607,-0.058876356719267865,894.8808674783284,0.00775715645635334,152.4531812171449,11.760538422972694,526.8319699922441,0.0763099158247014,0.005823203253173013,normal,0mil_1796rpm,12800.0
SEU,DE,144,0.062259978064903854,0.9522319734841248,0.046214416170158854,0.0008265286873253721,0.0007270806297045809,4.433798425418583,3.0622680252968766,3.7796054730511286,-0.35205020046051283,0.012680209435096153,0.43809230769230767,0.23531815384615382,1100.0,0.0768444015684553,0.053073714965726715,1.2342503797278517,-0.12051850705114919,942.1333642647878,0.0077393383586679,147.278376112873,11.67811593741103,504.82569378692665,0.07579099116053381,0.005744274341096115,normal,0mil_1796rpm,12800.0
SEU,DE,145,0.062063688100961543,0.9502633460842552,0.048155919955504355,0.0008318163145521323,0.0007489174126894642,4.414037862877783,3.100255100775519,3.7915593005583577,-0.4459377453453759,0.013059649038461539,0.43225107692307685,0.23531815384615382,1100.0,0.07590283579802505,0.05331131294209956,1.2229830053694328,-0.09119416719367969,933.4111586040741,0.007764697449870748,144.7790969833907,11.55322375734739,515.3705348187177,0.0747708903863941,0.005590686049174163,normal,0mil_1796rpm,12800.0
SEU,DE,146,0.06088085516826923,0.9484092513754735,0.04985264331171422,0.0008339537776090862,0.0009041491553907715,4.733618435407306,3.2702555898576997,4.036555045058008,-0.28355763297682746,0.013814861177884614,0.4566590769230769,0.24574892307692306,1100.0,0.07514670224525676,0.0519156595383205,1.234324025796911,-0.07234598846109215,842.498913190382,0.00812211972626512,128.71888354801953,10.691112008913715,566.331559513609,0.07386593578215235,0.005456176468973054,normal,0mil_1796rpm,12800.0
SEU,DE,147,0.06183286658653846,0.9506742687691923,0.047733185384184855,0.0007876726632339029,0.0008048702945579874,4.645760305169887,3.2356513676514567,3.9744061151197654,-0.31709946505159126,0.01343144891826923,0.4566590769230769,0.24574892307692306,1100.0,0.07595037139470802,0.05289746068118262,1.2283171650858422,-0.13745011312242966,856.5355425508823,0.007382457654608619,121.9465886852563,10.46968629581197,555.2000875903103,0.07475329487688157,0.005588055094950007,normal,0mil_1796rpm,12800.0
SEU,DE,148,0.06014143179086538,0.9446802615096161,0.05355967050481946,0.0008799513828829517,0.0008801164803096726,4.516952019368645,3.1175216335452918,3.8468399346222575,-0.35575293160713795,0.013846133112980769,0.41869107692307694,0.23135446153846154,1100.0,0.07421102039807237,0.0512191540991394,1.2339416969009367,-0.0385654097405448,929.419827373314,0.00857463065688867,143.86263527215584,11.428631966328695,535.5654463687539,0.07290788809409261,0.005315560146340732,normal,0mil_1796rpm,12800.0
SEU,DE,149,0.06080079086538461,0.951204146034135,0.0471821934690371,0.0008977065637032803,0.000715952124757313,4.614465824615896,3.15271406902285,3.921780970634357,-0.24590378680346126,0.013336920072115385,0.44309907692307693,0.23844738461538462,1100.0,0.07563241683039428,0.05167388678953599,1.2439380434680114,0.036671428382897706,905.6805890765038,0.008093485554217583,146.75346676281117,11.519873528106714,528.1564259216176,0.0744472231758614,0.005542389038596514,normal,0mil_1796rpm,12800.0
SEU,DE,150,0.0610812196514423,0.9525654974638018,0.04589903171130312,0.000824363551197338,0.0007111067018359487,4.569447680295836,3.151146199294982,3.903775759162566,-0.21838834459811096,0.013137777944711538,0.4539470769230769,0.23844738461538462,1100.0,0.07567004814588843,0.05218297730896593,1.2388431104961022,-0.03681028537527628,882.8576246180647,0.007415075141620597,137.5293866197494,11.082088627690261,533.5725250951327,0.07452083585868131,0.005553354977076524,normal,0mil_1796rpm,12800.0
SEU,DE,151,0.05980059825721153,0.9468853251063499,0.05170335649612036,0.000901057406269421,0.0005102605414372287,4.4386635488720145,3.0561237925659093,3.785040599997615,-0.2531508127742592,0.012544731670673076,0.4418473846153846,0.22634769230769228,1100.0,0.0740636530687298,0.05099455946941808,1.2385102361379512,-0.020090336166463756,896.7603370869721,0.008238916283123293,128.9185651330232,10.76375544581224,535.0877638941591,0.07299352309072347,0.005328054413195981,normal,0mil_1796rpm,12800.0
SEU,DE,152,0.060016038461538454,0.940408788742974,0.05822797052774558,0.0008158922251438884,0.000547347091034106,4.623944668894876,3.1750838539058686,3.934825114056051,-0.32867414670993567,0.012414856370192308,0.4445593846153846,0.23615261538461538,1100.0,0.07437681215697951,0.05107167846821487,1.2392822662669452,0.018677493203467163,912.5087346603665,0.0081455985516698,151.78155424726117,11.739821360004353,542.0027829734962,0.07333335890263115,0.005377781527942111,normal,0mil_1796rpm,12800.0
SEU,DE,153,0.059780429387019225,0.9451820310504879,0.053119847652824626,0.0008663474653291648,0.0008317722458771436,4.6584680197134265,3.1642979179068558,3.960802288748294,-0.08968862754283258,0.013074011718749999,0.4451852307692308,0.23677846153846152,1100.0,0.07482811912194651,0.05082753826718925,1.2517159861383456,0.034764116615797466,889.7280029781126,0.008472519191090485,153.0023349207566,11.655667932112014,546.9872778000415,0.07367711740361593,0.005428317628906205,normal,0mil_1796rpm,12800.0
SEU,DE,154,0.059701179987980774,0.9484722881479772,0.05013578890800261,0.0008805855942447451,0.0005113362863368368,4.663164275527315,3.1679400954093793,3.966059993891754,-0.07452118328465485,0.013347004507211536,0.44956615384615384,0.23677846153846152,1100.0,0.0747420893095719,0.05077635003791205,1.2519365500752113,0.021329520506657002,862.3866764200288,0.008080529409973078,135.79085622746763,10.946753928031898,552.0249026163972,0.07354071923121568,0.005408237385044496,normal,0mil_1796rpm,12800.0
SEU,DE,155,0.058827093750000004,0.9405391232771722,0.05805079159561078,0.0008641969575075399,0.0005458873170646944,4.566690461773929,3.114300327252767,3.8795938439374416,-0.1191518372016116,0.013224259615384613,0.4410129230769231,0.22822523076923076,1100.0,0.07328298711979271,0.04997606750000235,1.2457352972633076,-0.11466916432177161,923.0869181647029,0.008729564787651857,154.88600243538428,11.858782384654518,538.6570399438368,0.07207992202288104,0.005195515158824611,normal,0mil_1796rpm,12800.0
SEU,DE,156,0.059872004206730764,0.9471440591261181,0.05128819905689404,0.0009315152034810218,0.0006362256321473033,4.7843313608946385,3.2781142533448704,4.080181023189343,-0.06295229044818695,0.012123935697115383,0.45248676923076925,0.24428861538461538,1100.0,0.07452108026294448,0.051060137134593245,1.244673219984957,-0.11897060461955948,907.1246273021676,0.008740632091772687,133.05054690573422,11.02046872354877,535.3725900170929,0.07352823666298834,0.005406401586768424,normal,0mil_1796rpm,12800.0
SEU,DE,157,0.06205492788461538,0.950611753112545,0.04818762222477936,0.0007902527869410287,0.000410370532105862,4.630217983453309,3.154452397405066,3.9366513460275776,-0.08829332161622538,0.011711594350961536,0.47501723076923075,0.24428861538461538,1100.0,0.07744247958395996,0.05275963599502503,1.2479666357514123,-0.08784215854244398,846.901686797595,0.007815858871978696,117.77584839264463,10.262444045791744,549.480027122331,0.07655178771178751,0.005860176201870581,normal,0mil_1796rpm,12800.0
SEU,DE,158,0.06035778876201923,0.9477091184872266,0.05079821350715784,0.0009143217893817081,0.0005783458133966067,5.06593163195937,3.4200929325958436,4.282371286953264,-0.022222891400103695,0.01066250751201923,0.4892030769230769,0.25847446153846154,1100.0,0.07557527430761361,0.05102209826674869,1.2521213228270243,-0.08261830994945696,907.6217329260235,0.008099529882374615,149.51920447500976,11.63241889466815,531.2297331444903,0.07481933587133192,0.005597933020227176,normal,0mil_1796rpm,12800.0
SEU,DE,159,0.05730678876201923,0.9437227152544562,0.054526738674418665,0.0009564625889834597,0.0007940829809527218,5.35078108280506,3.5861207553196803,4.510363730409697,0.008012225970892128,0.011102351862980768,0.4731396923076923,0.25847446153846154,1100.0,0.07207634075206153,0.048305930954469264,1.2577277894836605,0.06262755139571867,941.7338578609322,0.008432771315070501,159.58445228477282,12.087138070646395,526.5915226596657,0.07121612653969502,0.005071736679317853,normal,0mil_1796rpm,12800.0
SEU,DE,160,0.059918861177884614,0.9477806060772465,0.05054255560046587,0.0008143207782128878,0.0008625169663227004,4.877092446378247,3.2455797073852786,4.094398449586047,-0.08299129379113657,0.011649865384615384,0.4650036923076923,0.2453316923076923,1100.0,0.07558948305889482,0.05030285872269591,1.2615307029031797,-0.0312686270408305,842.5867227639901,0.007975589749618206,125.14729372182455,10.539007316109071,561.9493348326463,0.07468634805392005,0.005578050585631287,normal,0mil_1796rpm,12800.0
SEU,DE,161,0.061591043870192305,0.9479636350158175,0.05027412133371713,0.0009040353011541855,0.0008582076872853454,4.4386120100120845,2.9895869744228025,3.742751957343636,-0.16977166987115488,0.011682665264423076,0.450192,0.23052,1100.0,0.07710764128028298,0.051935154386105575,1.2519294435534014,-0.12250423484927361,851.6819206238246,0.008061916254805557,114.30890289219765,10.090331507904983,558.267737540038,0.07621747618576886,0.005809103676128244,normal,0mil_1796rpm,12800.0
SEU,DE,162,0.06016129507211538,0.9443513070426063,0.053901657936809864,0.0009448114418837695,0.0008022229327695289,4.202982467471086,2.88454155568033,3.575096933678739,-0.2842710229246679,0.01156817127403846,0.42411507692307693,0.21508246153846153,1100.0,0.07456382838892175,0.05117377081705401,1.2393986582160847,-0.07145761392161849,910.9156862962262,0.008883234737447452,147.77971553702187,11.51884616248376,540.2019715173242,0.07366099318762329,0.005425941917387085,normal,0mil_1796rpm,12800.0
SEU,DE,163,0.05966858383413462,0.9387850285784554,0.05954111853010396,0.000986347357762921,0.0006875042255318651,4.105917849983253,2.8406902122676443,3.503227359403728,-0.3559836071825093,0.011751830228365383,0.39657784615384617,0.2090326153846154,1100.0,0.07358515000400218,0.05091008223300619,1.2332310451434965,-0.06978095279282658,984.1945882381597,0.009447983252254896,141.31205489351763,11.473624746009149,507.4599894138499,0.07264068272941257,0.0052766687873951786,normal,0mil_1796rpm,12800.0
SEU,DE,164,0.059229859975961544,0.9407810478803688,0.05757233350690883,0.0009481026456064452,0.0006985148949107318,4.446614271818776,3.0564674092184787,3.78629188980955,-0.2597289489845038,0.012392039062499999,0.43934399999999996,0.22426153846153846,1100.0,0.07337278905220876,0.050434223603076304,1.2387803901948633,-0.06973589180029328,973.7273656910423,0.009046564707680265,172.52048383913933,12.550594946849008,510.365410054933,0.07231876341015103,0.0052300035411734,normal,0mil_1796rpm,12800.0
SEU,DE,165,0.062256107271634616,0.946334880182095,0.05209847483529335,0.0009892884219707707,0.0005773562096927146,4.6065513862823835,3.1471660554906853,3.9138773673661387,-0.2115848189706453,0.011777295973557693,0.46792430769230764,0.2436627692307692,1100.0,0.07742291475394644,0.052894833639837435,1.2436195924704434,-0.06229545563665839,922.1385204023437,0.00822180563147633,158.068526639779,11.931676345865185,522.6741576432321,0.07652191208110314,0.005855603028548078,normal,0mil_1796rpm,12800.0
SEU,DE,166,0.06211248046875,0.9489165554489069,0.04958936353245581,0.0008964608983859854,0.0005976198623409222,4.624639116256965,3.145420161138442,3.922927685255795,-0.17960423323368868,0.012574068209134617,0.45728492307692303,0.2436627692307692,1100.0,0.07746588905393764,0.05268795317978931,1.2471871750945809,-0.017155314489258517,943.4136942142296,0.0076985619219027464,153.0099178907352,11.661104077926403,504.56899648511245,0.07643858172146449,0.005842856775589005,normal,0mil_1796rpm,12800.0
SEU,DE,167,0.06012197596153846,0.9456154833980218,0.05282310478038431,0.0008843492176375851,0.0006770623023342362,4.2558890494719686,2.933320024107071,3.6364227818590904,-0.2087164023419592,0.013295563701923077,0.428496,0.21862892307692305,1100.0,0.07453292558607738,0.05137091698949448,1.2396952095147034,-0.009838206646239087,964.2308311590739,0.007978807868687883,175.65893553189196,12.567686476598023,499.8586305712745,0.07333747324709144,0.005378384982267854,normal,0mil_1796rpm,12800.0
SEU,DE,168,0.05876689272836538,0.9423514752850043,0.05601855817384079,0.0008828654654124522,0.0007470987797911125,4.321183839664207,3.0340405823491383,3.7202736596518413,-0.35463748496371617,0.012979482872596154,0.42870461538461535,0.21862892307692305,1100.0,0.07205866801809463,0.05059468219568098,1.2261779493968994,-0.010539409947579237,975.2891368255688,0.008494727418140125,130.69642223716204,10.942456975152702,500.17847291810176,0.07088007238217212,0.005023984660901958,normal,0mil_1796rpm,12800.0
SEU,DE,169,0.05788404627403846,0.930673724490241,0.06732329162128357,0.0012254022457239635,0.0007775792059813458,5.26747169474928,3.588767615936907,4.48340354841321,-0.02373627919011323,0.013192274639423077,0.49045476923076925,0.25951753846153847,1100.0,0.0723138319987841,0.04926795121086853,1.249287785729961,0.014837024233799003,943.9091069125909,0.010780860884416495,149.29404206408137,11.519115203346727,544.4619290545874,0.07110031074606078,0.005055254188186407,normal,0mil_1796rpm,12800.0
SEU,DE,170,0.05733164332932692,0.9429346609480967,0.055413990465009194,0.0009289692639526471,0.0007223787114494174,5.36204366895246,3.5904332396509084,4.5266021239057554,0.11832611516735358,0.01322354657451923,0.49045476923076925,0.25951753846153847,1100.0,0.07228028517437937,0.04839899756210645,1.260739810983331,-0.04041870256472896,913.4135718096876,0.008818228137773138,149.60809450059878,11.429560611106288,535.1171131794155,0.07106037883997754,0.005049577440881128,normal,0mil_1796rpm,12800.0
SEU,DE,171,0.06017025901442308,0.941818564157952,0.05659671629705331,0.0008296714196888963,0.0007550472389504674,4.461607975842457,3.0857154254325234,3.8068590040934622,-0.30353179373452743,0.013240965144230768,0.444768,0.2290596923076923,1100.0,0.07423228027438243,0.05134016559678586,1.2337038512097585,-0.031669159933283404,971.7412212390578,0.008571066677431984,150.3811693043291,11.654970059813872,507.8008086655276,0.07304182553019696,0.005335108276783733,normal,0mil_1796rpm,12800.0
SEU,DE,172,0.06007206310096154,0.9377258222258005,0.06060005119827723,0.001069884914847131,0.0006042412494151389,4.477225269550843,3.1056878823302894,3.8304455907239534,-0.26587468670445347,0.012902168870192307,0.44706276923076926,0.23010276923076922,1100.0,0.0740907579734369,0.05139405667069623,1.2333646315578424,-0.028783352842155076,961.2352030161708,0.009640835520338767,144.1663247260654,11.485043665969519,526.3778014419304,0.0729587174744968,0.005322974455523443,normal,0mil_1796rpm,12800.0
SEU,DE,173,0.05833224338942307,0.9468673976836891,0.0515146932700938,0.0009498353297270832,0.0006680736551934998,4.677327072572549,3.2166249128655755,3.9983375650916613,-0.03988512931469268,0.011731966947115384,0.45019200000000004,0.233232,1100.0,0.07250829870375591,0.04986437689330147,1.243022631920638,-0.12361162030106651,913.827788486663,0.008933634615527548,132.46886442520818,10.893103929791412,530.8226979747991,0.07155287787688826,0.005119814332464884,normal,0mil_1796rpm,12800.0
SEU,DE,174,0.06173334645432692,0.9490132706498904,0.04970321049422501,0.0007848246864472176,0.0004986940211959807,4.417572093574358,3.0600662000401946,3.7780553525079905,-0.27445412354380805,0.009740036358173077,0.44414215384615385,0.233232,1100.0,0.07621795894380862,0.052796421894110324,1.2346319019040717,-0.09720629061018043,878.1308937065568,0.008055847910596327,140.6202825957185,11.157150220891799,540.6762162811438,0.07559304833978825,0.005714308957301562,normal,0mil_1796rpm,12800.0
SEU,DE,175,0.0579375243389423,0.9415427815216817,0.05688625423740626,0.0008904065910595016,0.0006805573613112617,4.3279766867401115,2.9737922107584387,3.6799108265248894,-0.35100831553454315,0.00930793359375,0.398664,0.21320492307692307,1100.0,0.07169462691629927,0.049262031315956974,1.237447193926963,-0.055032740983274965,902.1033229895662,0.008942827489779492,128.4629515092953,10.686582071518806,547.6660666400472,0.07108784636547717,0.0050534819008816855,normal,0mil_1796rpm,12800.0
SEU,DE,176,0.0579613602764423,0.9416482747941001,0.05678269581005303,0.0009470533560433199,0.000621975680239907,5.200989592758103,3.535363082799754,4.405438891554323,-0.15789586109963416,0.008706330829326921,0.4668812307692307,0.25534523076923077,1100.0,0.07222602736661934,0.04909550888638105,1.2461064927072587,-0.13229129361498587,937.1081096648525,0.008625000635722337,162.83442248698333,12.050021159318804,525.3784679497569,0.07169936424163019,0.005140798832653958,normal,0mil_1796rpm,12800.0
SEU,DE,177,0.05956549849759615,0.9456733530235765,0.05278315490881952,0.000929205273642164,0.0006142862828361626,5.073374262209491,3.4404874734077375,4.286797512145988,-0.17750416587195872,0.00833860546875,0.4668812307692307,0.25534523076923077,1100.0,0.07421774755549863,0.05033045416563179,1.2459855021358344,-0.11763317469997453,932.2735506620718,0.008786981983394575,149.00831721257637,11.611658437253219,522.1498690523337,0.07374782512758092,0.005438741711048255,normal,0mil_1796rpm,12800.0
SEU,DE,178,0.05855797175480769,0.9433281870704381,0.05510264710322515,0.0009646365062249269,0.000604528689940348,4.184192306549761,2.8913536029423597,3.5696696644458754,-0.29235101853186896,0.008276774639423078,0.40575692307692307,0.2090326153846154,1100.0,0.07229576319267739,0.04995769794266015,1.234601558527201,-0.09244859799998327,914.7001113828964,0.008940348701298527,143.9782113020625,11.415462090437805,536.4921991941867,0.07182041755086006,0.005158172377179889,normal,0mil_1796rpm,12800.0
SEU,DE,179,0.058872626502403845,0.9424530704190864,0.05593596035241544,0.0009985635691261816,0.0006124055575196736,5.432490220172668,3.7434249292476833,4.6419901757737145,-0.02927286970863685,0.00863237830528846,0.513611076923077,0.27328615384615385,1100.0,0.07300430995983034,0.05030587129846092,1.2400382707037791,-0.19900647796728063,952.0133706711854,0.008798081568398293,153.37550916243438,11.806797780253689,515.6322298721972,0.07249214659192656,0.005255111317505369,normal,0mil_1796rpm,12800.0
SEU,DE,180,0.06234004236778846,0.9463705006963311,0.05196962926861393,0.0009408808382313889,0.0007189879677906393,5.181205677743678,3.508515445617324,4.383798012741851,-0.04779181175890779,0.010359770733173079,0.513611076923077,0.27328615384615385,1100.0,0.0778922476135969,0.052745667870333426,1.249473767663725,-0.12902747278068122,942.4231227148905,0.008600229656919964,163.71200040145283,12.1407831879101,516.4234355865366,0.07720024215411492,0.005959877388653982,normal,0mil_1796rpm,12800.0
SEU,DE,181,0.06350759585336538,0.9530049078101667,0.045775220449487744,0.000655352044046937,0.0005645191072870338,4.223958924652348,2.886644350955398,3.5772438051457915,-0.32798464147242035,0.010312710036057693,0.43955261538461543,0.22718215384615387,1100.0,0.07870112359735724,0.05378417685840826,1.2392395356781047,-0.08070974184184013,863.7620711357887,0.0075338592273620835,138.794488543223,11.110986998496957,535.163931556471,0.07802252794673277,0.006087514867198696,normal,0mil_1796rpm,12800.0
SEU,DE,182,0.05905027554086538,0.9456962098012781,0.05277054100881915,0.0008761748369963388,0.0006570739330526515,4.1595306126049865,2.8781413673782406,3.546974916465846,-0.3041190495981305,0.009995304987980768,0.417648,0.20944984615384615,1100.0,0.07277260544871651,0.05035420235137401,1.232383842110181,-0.180598533777776,939.0132012653968,0.00868990677499498,149.12622314087886,11.647818212916627,521.4488390157744,0.07208291047114988,0.0051959459819918095,normal,0mil_1796rpm,12800.0
SEU,DE,183,0.06023453455528846,0.9457851964047026,0.05257884803768597,0.0009300782262208875,0.0007058767031693046,5.051113178363099,3.445314549246827,4.291134038750002,-0.10153859893550177,0.01038971844951923,0.48982892307692305,0.25847446153846154,1100.0,0.07502202131151309,0.051171781825372735,1.2454984813180783,-0.08977659169296393,937.4965873170388,0.008989369117588566,163.14364232462776,12.243641867404524,520.0993556674756,0.07429910788296751,0.005520357432204845,normal,0mil_1796rpm,12800.0
SEU,DE,184,0.06088706881009615,0.9510872698398252,0.04740972414925331,0.0007758028509766842,0.00072720243979375,5.005960390024178,3.3991194595397425,4.245145423975508,-0.09059784311722519,0.010656803185096153,0.48982892307692305,0.25847446153846154,1100.0,0.07604159389369042,0.0516333413371681,1.2488956256189718,-0.06429321967110167,899.6532205685219,0.007566419057076398,162.8047899243767,12.090197857058257,526.2903584052931,0.07529114521487278,0.00566875654776706,normal,0mil_1796rpm,12800.0
SEU,DE,185,0.06043866796875,0.9485067020977698,0.04981431450860765,0.0008393180342192441,0.0008396648079240579,4.206230863474287,2.8942099642231467,3.582851451040141,-0.27492294240973036,0.010887013521634615,0.43120800000000004,0.21654276923076923,1100.0,0.07481930195375194,0.05148142749632814,1.2379376394006152,-0.07522334312878877,901.6256620386362,0.008563013441667103,153.8893628732733,11.697810805704805,534.7153289887602,0.07402297536188648,0.005479400881426453,normal,0mil_1796rpm,12800.0
SEU,DE,186,0.05925532572115385,0.9464996598791232,0.05187470487051868,0.0008798548460585561,0.0007457797086143511,4.313676886612014,2.934685141679663,3.654401804316883,-0.2608337489630048,0.010930305288461539,0.41493599999999997,0.21654276923076923,1100.0,0.07378739414165271,0.05019911665216147,1.2452449335758353,-0.03781818989326075,937.1721222186226,0.008608430990223168,155.4837765580267,11.902078866318412,523.1821666707845,0.07297333732615383,0.005325107960516636,normal,0mil_1796rpm,12800.0
SEU,DE,187,0.059563359375,0.9490531166818571,0.04923678002883695,0.0009292348984215744,0.0007808671467969212,4.538604050137241,3.1383949996274674,3.8771693402195844,-0.25298477946299025,0.010577451923076924,0.449148923076923,0.23093723076923076,1100.0,0.07358450124877314,0.05088287680927961,1.235398775705356,-0.04799834533570181,924.1532413580358,0.008438526523740459,149.3579826614483,11.685488795696784,523.4679716456168,0.0728203016668133,0.005302796334845691,normal,0mil_1796rpm,12800.0
SEU,DE,188,0.06076982451923077,0.9409576033252998,0.05739005313921317,0.0009114666404652541,0.0007408766734715904,4.426033421827946,3.0985082117296354,3.8001957813149527,-0.37607884969406324,0.011930192307692308,0.449148923076923,0.23093723076923076,1100.0,0.07453174721144858,0.05217701918614387,1.2264598063445586,-0.03291105849085421,972.6365430537447,0.00915458218741731,183.88938958814586,13.03622847595963,506.98109302170315,0.07357072688163921,0.005412651853892751,normal,0mil_1796rpm,12800.0
SEU,DE,189,0.060855796875,0.9485991745070017,0.049996865303107985,0.0007420300324197577,0.000661929944838452,4.302517424811846,3.000880208743873,3.688558286521556,-0.3567177579973726,0.012699868990384614,0.428496,0.22447015384615385,1100.0,0.07480143765555838,0.05217181749263228,1.2291587900689762,-0.096832966102043,934.1306513651766,0.007611220775838022,151.51249409790464,11.809116023133686,512.6737711100049,0.07371545565867076,0.005433968402965454,normal,0mil_1796rpm,12800.0
SEU,DE,190,0.06140239362980769,0.9513805301151885,0.047223037701410626,0.000755423622923243,0.0006410074197063379,4.2622502500984085,2.968406129777201,3.6557231823807137,-0.28467986315568305,0.011904930288461539,0.4332941538461539,0.22447015384615385,1100.0,0.0756197582245937,0.05266470541962457,1.2315441427332925,-0.11434871473813864,908.6646717774018,0.007790414236486046,140.19868329816043,11.305894217689001,523.2835317298654,0.07467677328843873,0.005576620468772876,normal,0mil_1796rpm,12800.0
SEU,DE,191,0.060460059194711535,0.9478008227597761,0.050736258868311984,0.0008640859336379516,0.0005988310265499228,4.674554438018878,3.2276517560708977,3.9921892769352856,-0.28494004076389023,0.011657708834134615,0.463752,0.241368,1100.0,0.07478130177644177,0.051634439859533254,1.2368711306684086,0.0017608724617247074,967.7640541763935,0.008274976610046236,191.70894918246583,13.272974275084204,492.4218173971326,0.07386704894685987,0.005456340920117792,normal,0mil_1796rpm,12800.0
SEU,DE,192,0.06215159585336538,0.9487034553747035,0.049897594386665654,0.0008236009954643053,0.0005753478734643768,4.82233431604959,3.364340959154969,4.138634989158385,-0.2700474711505789,0.013274274338942307,0.4683415384615385,0.2572227692307692,1100.0,0.0764556186051299,0.05333988736008739,1.230147312476289,-0.019363521806309632,1003.0451361145682,0.008188073978079484,162.03104853040554,12.309491894156697,467.0690222633317,0.07529445701422903,0.005669255257067582,normal,0mil_1796rpm,12800.0
SEU,DE,193,0.06169117518028846,0.950944643783107,0.04770256923774532,0.00082232548437479,0.0005304607139714716,4.867404512496747,3.3883137712333715,4.169522925751574,-0.2856775181137041,0.014281902944711537,0.4683415384615385,0.2572227692307692,1100.0,0.07591468399844746,0.05284598158430563,1.2305598617078004,-0.036494190942915214,917.4540231062098,0.008129484298398028,155.17855334663844,11.873325844862098,515.802481034926,0.07455914762698118,0.005559066494861974,normal,0mil_1796rpm,12800.0
SEU,DE,194,0.06221648257211538,0.9486350940692763,0.04984337662753727,0.0008265095231563744,0.000695018183309159,4.276733460903148,2.960907305295911,3.6481255300547164,-0.46111000072195996,0.014027347355769229,0.43704923076923075,0.22697353846153845,1100.0,0.07665675249460566,0.05307170543511188,1.2320971762708137,0.0421065110242026,897.5621823904991,0.00815795362950521,146.36895872124686,11.520850132146824,536.990700696774,0.0753623993061515,0.0056794912291798245,normal,0mil_1796rpm,12800.0
SEU,DE,195,0.06323164903846154,0.9506256848824023,0.047929551090258184,0.0008161249041493082,0.000628638566354198,3.923522216626865,2.7350334554581486,3.358610201819728,-0.4488937806588398,0.015080406850961538,0.4239064615384615,0.21237046153846154,1100.0,0.07764821344859459,0.05412750325166781,1.227996021444324,-0.0037377463500611404,912.7873749630297,0.007900446964479862,146.01994408896056,11.534216575977307,522.7848961900744,0.07616972089333121,0.005801826380967977,normal,0mil_1796rpm,12800.0
SEU,DE,196,0.06140952403846153,0.9497153376699408,0.04884337272759603,0.0008500488854497713,0.0005912396071883565,4.8856950649832465,3.381867602910116,4.171660606703999,-0.3066161611529181,0.013584447115384616,0.46855015384615384,0.2561796923076923,1100.0,0.07575095254682597,0.05243464622746994,1.2335375291197865,-0.022460203637678852,899.6473845196479,0.008404646617559009,135.3751056901669,11.042816849640154,536.2011890954878,0.07452294685746665,0.005553669608320798,normal,0mil_1796rpm,12800.0
SEU,DE,197,0.0604363251201923,0.9502883197157008,0.04835166755345234,0.0007910244697887961,0.0005689870395350988,5.031234359132481,3.484763376436253,4.297517318096779,-0.2843712676729737,0.013544720552884615,0.4403870769230769,0.25972615384615383,1100.0,0.07453193396211791,0.05162275006623575,1.2332307401863543,0.00040001288778715005,888.9024716807774,0.008136662903966285,146.37849178184513,11.515301466402853,536.0318783735303,0.07329085703740795,0.00537154972527777,normal,0mil_1796rpm,12800.0
SEU,DE,198,0.060512722355769225,0.9494353259682377,0.04927429850222272,0.0007369638155144284,0.0005534108320563013,5.032221344963623,3.473200062304674,4.292091707908292,-0.28990038211273905,0.013633545072115383,0.46145723076923073,0.25972615384615383,1100.0,0.07478007289732977,0.05161262512947577,1.2357743956333558,0.03598319523729338,895.8522467314499,0.007835807307076717,154.91369362433693,11.880885370908405,533.9906104145977,0.07352676894367488,0.005406185751296554,normal,0mil_1796rpm,12800.0
SEU,DE,199,0.0628252157451923,0.952371659228634,0.04622114788966678,0.0007699647256530257,0.0006372268278735606,4.582662036535865,3.1438492705875207,3.901667093627688,-0.24136955056029974,0.01342207752403846,0.45332123076923075,0.24512307692307692,1100.0,0.07796909324385913,0.05348923288883219,1.241047759550682,0.041683275415790234,903.1863706769345,0.007840117800248727,141.6292097068073,11.343373179839057,527.694263521373,0.07680512571572487,0.005899027336208302,normal,0mil_1796rpm,12800.0
SEU,DE,200,0.06433635306490385,0.9531463395618687,0.04533666393969753,0.0008124421189944325,0.000704554104124757,4.467441963747442,3.0836678274188163,3.8100244301350386,-0.3049905367996315,0.013965109074519231,0.46729846153846155,0.24512307692307692,1100.0,0.07949075277937999,0.05486877701203741,1.235549560902031,-0.02194452275076768,892.590308277051,0.007634080513566167,140.7877032626001,11.324595595496591,526.3849491485938,0.07825442802787129,0.006123755505969287,normal,0mil_1796rpm,12800.0
SEU,DE,201,0.062247652644230766,0.9495191899978049,0.04870175399478944,0.0009898913105888668,0.0007891631594807358,4.476598534161928,3.0574837070293728,3.793759368474796,-0.36607348188728794,0.014223128004807694,0.45832799999999996,0.23615261538461538,1100.0,0.0772375711575122,0.05275269014687866,1.2408109844551822,-0.008177911550199004,914.8419488096484,0.008910830339138797,139.46436793120247,11.359006464365141,525.8835812827839,0.07591669795289185,0.005763345028070615,normal,0mil_1796rpm,12800.0
SEU,DE,202,0.06018564032451923,0.9466520598244864,0.051402017738255396,0.0009966510793061308,0.0009492698225834038,4.371829719046536,3.0086000573089047,3.726163537553588,-0.32832713479020104,0.014745786959134616,0.436632,0.22426153846153846,1100.0,0.07454016292950986,0.051296951819625826,1.2385041104089192,0.0017680972934054125,925.7306142689193,0.009467953502638774,144.87462707303476,11.479864562792075,529.7352718957239,0.07306707641964125,0.005338797656513693,normal,0mil_1796rpm,12800.0
SEU,DE,203,0.06187035216346154,0.9496043912101012,0.048733536598960375,0.0009080026426211858,0.0007540690009440104,4.276696478052316,2.9758532950751526,3.6617911450341456,-0.4236949657432323,0.014150805288461538,0.43892676923076923,0.22655630769230767,1100.0,0.07613154454463326,0.05297460524846164,1.2305012317287873,0.008023609794386532,935.5556010404304,0.009050222338478214,178.57763307747064,12.752910846492995,511.92180061349137,0.07480485802699934,0.0055957667844395275,normal,0mil_1796rpm,12800.0
SEU,DE,204,0.06090112590144231,0.9512346199596795,0.04714374560618616,0.000887416842500286,0.0007342175349891786,4.630628296123594,3.194934794188778,3.949574575202426,-0.37522985318430147,0.01489735907451923,0.4318338461538461,0.24053353846153847,1100.0,0.07528589907344636,0.05194403935701224,1.2361988051794521,0.062412087245586056,873.7651737094689,0.008516022204733794,146.48163256166004,11.427774676469374,545.2357171573645,0.07379725802427886,0.005446035291901991,normal,0mil_1796rpm,12800.0
SEU,DE,205,0.06107897866586538,0.9454648627934884,0.05297086207744945,0.0009298835411778339,0.000634391509624744,4.753125517579489,3.3031486039016,4.071278595241312,-0.2083323676982407,0.015021631911057692,0.4424732307692308,0.24866953846153847,1100.0,0.07528257680196887,0.05231705696427147,1.2325447878525402,0.00254214010664411,893.047718390401,0.008514782477120921,169.7202444094047,12.311707530665492,544.4538017848913,0.07376867183752893,0.005441816944673035,normal,0mil_1796rpm,12800.0
SEU,DE,206,0.05989278425480769,0.9433482568703253,0.0550269126645715,0.0009169586838130883,0.0007078717309927125,4.876890353571578,3.35092620767662,4.151911479079007,-0.21426745929837265,0.014263058293269232,0.4424732307692308,0.24866953846153847,1100.0,0.07420919562235141,0.05098936421226407,1.2390339929203495,0.04141067324285573,929.5481363094308,0.008350105441403875,149.49907051452095,11.672419285056232,531.4777545261732,0.0728256128229569,0.0053035698830392235,normal,0mil_1796rpm,12800.0
SEU,DE,207,0.05749177193509615,0.9397883122356849,0.05835097447087726,0.0010261039037805229,0.0008346087295774232,4.566012875594265,3.1197142035099406,3.8753585647135114,-0.26890033221736864,0.014204283353365385,0.40742584615384614,0.22280123076923075,1100.0,0.07141719280521294,0.048795576543404565,1.2422158928383271,0.023268141584017302,958.7726011172327,0.009023728352637725,164.62289976598856,12.300207416209668,522.1353678533468,0.06999038335796044,0.004898653762594267,normal,0mil_1796rpm,12800.0
SEU,DE,208,0.05957181400240384,0.9467409367766301,0.05171410156368429,0.0008814647349521936,0.0006634964643475787,4.590984776892178,3.1460928030255024,3.9046343936541485,-0.21483470410764305,0.01415172205528846,0.45373846153846153,0.23260615384615385,1100.0,0.07393493085215526,0.05066585169633568,1.2411059171233536,-0.03302389384253934,919.5378363082885,0.008451024132812356,145.0211492824475,11.366897011540788,531.1674829736344,0.07256791827648663,0.005266102762982843,normal,0mil_1796rpm,12800.0
SEU,DE,209,0.06076524068509615,0.9452483567187852,0.0530850675264321,0.001002086810338499,0.0006644886398824772,4.5207633248315755,3.065342214862651,3.827947544083455,-0.19324006020037565,0.013832890925480769,0.45373846153846153,0.23260615384615385,1100.0,0.07588260544559663,0.051452849249704925,1.248783096883352,0.05301757898520624,916.8119165672429,0.008992984330825843,140.52991377882879,11.224630938441843,529.601859370313,0.07461113146076694,0.005566820937855845,normal,0mil_1796rpm,12800.0
SEU,DE,210,0.05923352704326922,0.9471733636642746,0.0513210901822456,0.0008380942906331575,0.000667451007194941,4.735168979284369,3.195804045193417,3.9973723220212487,-0.19138618142608088,0.014008400841346153,0.45707630769230767,0.23677846153846152,1100.0,0.07409041924663162,0.05000422636960384,1.2508189693399425,0.04379156134688866,955.5040955991261,0.008426752817484786,167.5609912921818,12.347664337284996,501.61048870653343,0.0727540715699803,0.005293154930009815,normal,0mil_1796rpm,12800.0
SEU,DE,211,0.058807026742788454,0.9438676638616019,0.05450493929550851,0.0008953768274631363,0.0007320170748498253,4.753671886034551,3.235342788067884,4.026363423780778,-0.28462382433204514,0.013135333233173075,0.43579753846153846,0.23677846153846152,1100.0,0.07318496896579647,0.04980959292417191,1.2444936093418666,0.023271159926433152,990.8472766908158,0.009071908738295798,143.2590294828349,11.449647219178688,492.07101822852565,0.0719965464684112,0.0051835027033780914,normal,0mil_1796rpm,12800.0
SEU,DE,212,0.06005189423076923,0.9427345983269573,0.0556744490433213,0.0009130806195552064,0.0006778698961113463,4.688004807377928,3.2291786807183867,3.9984801606687292,-0.27390503940136,0.012883426081730768,0.4451852307692308,0.24011630769230768,1100.0,0.07435832186247732,0.05121929638690118,1.238234410670393,0.030659980857657507,957.4119659328455,0.00900689621509271,155.47367941970634,11.969897466866758,517.7249893005502,0.07323371738892101,0.005363177362600351,normal,0mil_1796rpm,12800.0
SEU,DE,213,0.05794832181490385,0.9412851500046331,0.05713396542602688,0.0008446794289131391,0.0007362050326403234,4.847455206203996,3.349697420602743,4.143628325584256,-0.20353404639107842,0.01380233203125,0.4451852307692308,0.24011630769230768,1100.0,0.0716829843243278,0.04953450779390303,1.237015707776571,0.010822115244476318,988.9895318386779,0.009190184606351154,156.38905221170447,11.929333938990874,492.30477068063,0.07034163683154492,0.004947945872140957,normal,0mil_1796rpm,12800.0
SEU,DE,214,0.05963629326923077,0.9393330209586249,0.05900205309143977,0.0008434842267006171,0.0008214414382980578,4.611980472164005,3.1538689234811423,3.917903309556995,-0.29989919723471736,0.015039050480769232,0.423072,0.23364923076923078,1100.0,0.07408336758375361,0.0506613660182302,1.2422530563611804,0.04924184512962925,989.0035674867163,0.009218082664952734,159.52364173360976,12.033972349388506,501.42530211308747,0.07254083204090253,0.005262172313186431,normal,0mil_1796rpm,12800.0
SEU,DE,215,0.05930921123798077,0.9452709537865214,0.053181135418146036,0.0008621178422546494,0.0006857921126642067,5.206158862838555,3.490854150185051,4.393257134024337,-0.11869774705688707,0.014727247896634616,0.4593710769230769,0.2605606153846154,1100.0,0.07464093433144521,0.05004853333318182,1.2585049231551106,0.10299887848442647,949.18709896251,0.00843947474239455,149.85808273361678,11.601386258611607,512.4528258338261,0.07317361031999302,0.005354377247262188,normal,0mil_1796rpm,12800.0
SEU,DE,216,0.05922843389423076,0.9395248363505325,0.05881853655753837,0.0009095341612642769,0.0007470923921315598,5.201753042088263,3.5033112209929027,4.39924877719915,-0.05562857188757997,0.01347382391826923,0.4919150769230769,0.2605606153846154,1100.0,0.07437552616600467,0.05009092382440601,1.2557402125273707,-0.015938654752502005,946.391444588545,0.009227285199076285,153.29080595756756,11.800011178628669,529.9002373979167,0.07314489019398088,0.00535017496148952,normal,0mil_1796rpm,12800.0
SEU,DE,217,0.06093046243990384,0.9477893609986473,0.05052962196280679,0.0008267993380671122,0.0008542172680932515,4.472405635605202,3.05528941908151,3.7970245469029247,-0.25293601032639046,0.013945143930288461,0.45478153846153846,0.23135446153846154,1100.0,0.07572260097310585,0.051729310887328496,1.2427708233429478,-0.024175943773691186,943.9278630074734,0.00861424680283929,173.45924981181312,12.620553447853528,511.0114805836849,0.0744274496331545,0.00553944525889575,normal,0mil_1796rpm,12800.0
SEU,DE,218,0.06021538431490384,0.9456303320245201,0.05267513884380074,0.0007786594054518938,0.0009158685626224752,4.600080230275584,3.1181649685067994,3.8940827991968074,-0.21540013636127453,0.01348044501201923,0.45791076923076923,0.23448369230769228,1100.0,0.07519925811365262,0.050973826665985066,1.2488379667293785,0.061038677186919264,914.8513645185186,0.008274748147869741,146.42113398003255,11.439013642184866,529.0875977012836,0.07398111936921255,0.005473206023121675,normal,0mil_1796rpm,12800.0
SEU,DE,219,0.059653304387019226,0.9426153313221295,0.05551460656903799,0.0009274803020815311,0.0009425795336912513,4.943916368934486,3.2813443844725665,4.1475966620163485,-0.08230997279239283,0.01380885126201923,0.47084492307692305,0.24741784615384615,1100.0,0.07540136516137588,0.050044909276483106,1.263993100402054,0.05229409214345628,923.4929843886331,0.00922580088613715,152.00547645068863,11.675919747110884,537.0928586343792,0.07412611884499673,0.005494681495022579,normal,0mil_1796rpm,12800.0
SEU,DE,220,0.05732135516826922,0.9439551120701979,0.054168454638325834,0.0009326742499078228,0.0009437577407298065,5.130048888947829,3.436881232184424,4.316329323121213,-0.12308853813235654,0.013128915865384616,0.4591624615384615,0.24741784615384615,1100.0,0.07198905910303788,0.04822914001597195,1.2558855053533016,0.008334791019383225,964.5246511510584,0.009399318205010663,144.9842352736725,11.534528572512597,510.1639741840756,0.07078175046394608,0.005010056198740332,normal,0mil_1796rpm,12800.0
SEU,DE,221,0.057051214543269224,0.9395900060257579,0.058407085165190116,0.001075458282503851,0.0009274489024775693,4.612897513753915,3.1534265201708958,3.916254521691622,-0.203319778116414,0.012974287860576923,0.44122153846153844,0.22342707692307692,1100.0,0.0708521589115603,0.04843530042818032,1.2419044796640404,-0.10299591357352021,962.3078925529701,0.010111680288000371,141.24530512292114,11.43748218804038,524.2780406947757,0.0696541188799333,0.00485169627693988,normal,0mil_1796rpm,12800.0
SEU,DE,222,0.058370340144230766,0.9452114915606452,0.05302208350471477,0.0010616635974920515,0.0007047609375242001,4.591153903556684,3.1376866773457377,3.9063780478440844,-0.11868330111836523,0.013585262019230769,0.45415569230769226,0.22801661538461537,1100.0,0.07267029465717763,0.04966433715236055,1.2449866572237245,-0.06551495104070534,972.9664805663873,0.009173875758767235,144.57844257809285,11.608441635611461,500.82716793427863,0.07138916151230427,0.005096412381429867,normal,0mil_1796rpm,12800.0
SEU,DE,223,0.06025011959134615,0.945002005133337,0.05347983072781252,0.0009486302451122172,0.0005695333717416149,4.500290189700032,3.0490030700892046,3.815663029475115,-0.08437248647731632,0.013732963341346154,0.45603323076923075,0.22989415384615383,1100.0,0.07539977775077407,0.051084295491059764,1.2514461093551736,-0.011173862666708502,988.261691610428,0.00842110586034237,132.8812324857817,11.17053466343469,485.6398717315536,0.07413860130007421,0.005496532202731367,normal,0mil_1796rpm,12800.0
SEU,DE,224,0.05889279537259615,0.9419658784095051,0.0563448059164607,0.0009115943486113766,0.000777720793349382,4.613681232596618,3.1226480070323945,3.9036040383494446,-0.15447412826903317,0.013825760516826924,0.45248676923076925,0.22989415384615383,1100.0,0.07362153958064377,0.04982879012574683,1.2500941603274813,-0.017799535269115475,989.8850499778353,0.009223319581676579,165.0371518190683,12.36169637672135,495.6145549617724,0.07231168257173697,0.005228979436355647,normal,0mil_1796rpm,12800.0
SEU,DE,225,0.057521312199519226,0.9466630162458881,0.051863560452162095,0.0008736542596443694,0.0005997669578613938,4.671660930193223,3.2117135399815746,3.982170843272362,-0.3073867253542546,0.013278552584134615,0.43016492307692306,0.2290596923076923,1100.0,0.07132008800168597,0.04903174603860178,1.2398897951824208,0.05222367848911877,953.1152858470912,0.008535904032326048,150.0594167202382,11.735736704174194,508.72934338901916,0.07007306896260933,0.004910234993838603,normal,0mil_1796rpm,12800.0
SEU,DE,226,0.05671058473557692,0.9400661307940971,0.0583306389937337,0.0009826546992446846,0.0006205733581666447,5.047696907963465,3.4468805755024845,4.300279846389838,-0.11919300318641035,0.01376107752403846,0.47606030769230767,0.2438713846153846,1100.0,0.07075132986869821,0.04831339699312028,1.2475859700369647,0.08025863426938859,958.8439365733259,0.009086099327338577,157.18858926387136,12.032470836098238,516.6761686358096,0.06940016875748035,0.0048163834235667525,normal,0mil_1796rpm,12800.0
SEU,DE,227,0.058325011117788456,0.944538396165218,0.05388549864137788,0.0008901237208950151,0.0006859808634540433,4.887294627579561,3.373696054744139,4.181248832047057,-0.20530958368328722,0.01317852313701923,0.47606030769230767,0.2438713846153846,1100.0,0.0722861160751127,0.04989905524401794,1.2393673775583092,0.0514831022723606,998.9946411165264,0.00882930046176945,156.17830734253997,11.986132958672293,482.30969916249904,0.07107467274037718,0.005051609105151716,normal,0mil_1796rpm,12800.0
SEU,DE,228,0.05906127674278846,0.9440101331349319,0.05430287083716003,0.0009046000514468231,0.0007823959306956651,4.257378014557175,2.9508917749436705,3.6452154236466714,-0.2755552524272118,0.012466908353365384,0.4216116923076923,0.21529107692307692,1100.0,0.07295797112965507,0.05056893613555951,1.2352928204953415,-0.022104755851132255,983.8841271207378,0.008875137863108621,159.5628805892334,12.110901456135974,497.81222091568657,0.07188492016733672,0.0051674417474643726,normal,0mil_1796rpm,12800.0
SEU,DE,229,0.058393055588942304,0.9463224566618335,0.051744911476869875,0.0009694160152623358,0.0009632151774525671,4.899234118728467,3.345956410783111,4.162086067010786,-0.13994853337177648,0.01228742578125,0.43809230769230767,0.24303692307692307,1100.0,0.0726360099293825,0.049607125764383794,1.243915208697134,-0.11074789305161567,946.5410682857927,0.009130937143948893,146.28168751270516,11.598605558860104,518.3639285731642,0.07158916891633556,0.005125009106131626,normal,0mil_1796rpm,12800.0
SEU,DE,230,0.06002235396634615,0.9476402342231821,0.05042320285983908,0.0009183674168466005,0.0010181949165903057,4.754987250771157,3.267879375617688,4.0491068246538795,-0.2764286780846561,0.0125668359375,0.4526953846153846,0.24303692307692307,1100.0,0.07437144861902521,0.05111200309475229,1.2390625109559088,-0.031732795950160195,966.8506250802178,0.008688051047878216,147.1745562834641,11.725939837206738,507.7079559359145,0.07330202592160918,0.005373187004212266,normal,0mil_1796rpm,12800.0
SEU,DE,231,0.05876556850961538,0.9420515929932191,0.056343851244315776,0.0008958358332067458,0.0007087197336683877,4.488660927182109,3.0803334552069557,3.823306315738385,-0.24157065801669875,0.011617065504807692,0.4360061538461538,0.22467876923076924,1100.0,0.07293975554853491,0.05005474302373248,1.2411988414031987,-0.04195287876707813,979.4143493794522,0.00838009001064707,178.63479731219775,12.936533147463651,506.2367613160565,0.07200869203462201,0.005185251728537036,normal,0mil_1796rpm,12800.0
SEU,DE,232,0.0591343125,0.9478884649692205,0.05027147300132505,0.0010243179440267342,0.0008157440336786289,4.482287835256047,3.0491459470640616,3.7994653143345367,-0.22558739710850384,0.012208685697115385,0.4368406153846154,0.22467876923076924,1100.0,0.0736858035434828,0.05012591281254356,1.2460752552671142,-0.012718509341405953,937.9530103096243,0.008298673639385952,162.41957773621877,12.108055745232875,522.4289866651571,0.07266736294511995,0.005280545637397792,normal,0mil_1796rpm,12800.0
SEU,DE,233,0.05923668479567308,0.9482992121480552,0.04982731429476219,0.0009739889995853613,0.0008994803743232967,4.314181200030539,2.9453849232405673,3.6555517915578304,-0.36066791237061535,0.012544731670673076,0.40262769230769235,0.21654276923076923,1100.0,0.0735193446269579,0.050193248542559216,1.241111734739215,0.022563455934290856,937.449499547287,0.009456735459464603,135.47425943505525,11.13686772298745,522.3156124546083,0.07244117435332074,0.005247723741688215,normal,0mil_1796rpm,12800.0
SEU,DE,234,0.05951915084134615,0.9470208546245179,0.05110930900664589,0.0010234759962650848,0.0008463573669260683,4.292064071440155,2.9417175617681743,3.638203270204311,-0.38315683625238517,0.010941306490384616,0.41994276923076923,0.21654276923076923,1100.0,0.07361099924923185,0.05045189578405121,1.2367615836027104,-0.07721600939737473,980.6108286618392,0.009266951426440786,174.64992040510705,12.660930327788995,491.0441612363853,0.07279331715723554,0.005298867022753882,normal,0mil_1796rpm,12800.0
SEU,DE,235,0.061244098557692306,0.9475010825951736,0.050935762140275606,0.0008294161542351692,0.0007337387865006176,3.921270310645046,2.6859937397586893,3.3211363182755633,-0.4418457119403465,0.011520703125,0.40554830769230765,0.20339999999999997,1100.0,0.07572616309160628,0.051870945863597154,1.2364646533293617,-0.021909254648260428,975.2410376535378,0.008862232005443163,168.13396570314055,12.414146789127543,492.2141992872386,0.07484467366541302,0.005601725176082168,normal,0mil_1796rpm,12800.0
SEU,DE,236,0.06106074519230769,0.9476060334336556,0.050876803103418584,0.0008003000635577705,0.0007168630243328929,3.948724421396534,2.7443603206154665,3.368690778059522,-0.539821535935642,0.011617880408653846,0.3938658461538461,0.2056947692307692,1100.0,0.07495180850910965,0.05209144708002229,1.2274958039416777,0.05414575601218109,916.6679585666567,0.008846516477985657,164.48433628001104,12.181339546784535,526.679320088347,0.07404592124888756,0.0054827984535964595,normal,0mil_1796rpm,12800.0
