feat_abs_mean,feat_band_energy_1,feat_band_energy_2,feat_band_energy_3,feat_band_energy_4,feat_clearance_factor,feat_crest_factor,feat_impulse_factor,feat_kurtosis,feat_mean,feat_p2p,feat_peak,feat_peak_freq,feat_rms,feat_root_amplitude,feat_shape_factor,feat_skewness,feat_spec_centroid,feat_spec_flatness,feat_spec_kurtosis,feat_spec_skewness,feat_spec_spread,feat_std,feat_variance,label
0.1078345595917539,0.0707075290079425,0.1676896532503048,0.7602784940167121,0.001324323588652,5.160398281552381,3.4784994444470443,4.357831405055937,-0.0776945260696884,0.0122713078140593,0.9388750499001997,0.4699248303393213,3363.28125,0.13509412257906,0.0910636746817061,1.252790599697415,0.0105285301130407,3054.971790238863,0.03291249258184,22.038346833274343,4.481585746907951,665.061215483308,0.1345356345357567,0.0180998369599387,ball
0.0769193790543911,0.3475300980366542,0.144648086252671,0.5060405800657557,0.0017812348341512,8.941305093985731,5.71600539764408,7.490406348473105,2.163393461863426,0.0048746401727794,1.0806809181636727,0.5761574051896208,3246.09375,0.1007972115329161,0.0644377301896528,1.310426745146246,0.1037202441053194,2333.8051328936263,0.0523167137749419,38.53809811678092,5.702603660831956,1168.1101687533148,0.1006792716302485,0.0101363157359973,ball
0.1299358894320733,0.0864060576637653,0.1931858796305663,0.7190094881772364,0.001398574423593,11.19769019585824,5.898079988984703,8.782075463636113,6.084362335129921,0.005311977724239,2.1342351696606787,1.1411067864271458,3246.09375,0.1934708902826487,0.1019055507402065,1.4889719162909931,0.0127739626480155,2935.1841942546785,0.0300182386109367,46.7912088988457,6.359178144793322,715.2816857363503,0.1933979531417484,0.0374027682794179,ball
0.1153696302122317,0.0694523945649195,0.1942938643893126,0.7348420598689271,0.0014116811416045,5.074524306339592,3.37753824114023,4.27454827570324,0.0850058341577728,0.0101403778185815,0.9776970459081836,0.4931530538922156,3269.53125,0.1460096137137239,0.0971821246921845,1.2655810150828035,0.0007009827464515,3034.844343215282,0.0323072318869454,76.73494002303207,7.671895454581989,665.098898003965,0.1456570631123918,0.0212159800345273,ball
0.1114896672670284,0.0818330982373678,0.1672360143049499,0.7490817890723446,0.0018490982262801,5.009447733689087,3.417680285206449,4.264499450085867,-0.0426842132286258,0.0149104027881736,0.9073626347305388,0.475447624750499,3269.53125,0.1391141315378419,0.0949101877145182,1.2477760042520376,-0.0398804321163001,3025.644076071808,0.0311098570450282,30.75954646930364,5.28772318447697,737.6406900612212,0.1383127668807995,0.0191304214822224,ball
0.0871617547132297,0.3884538107461053,0.1740304113583269,0.434988317836872,0.0025274599049956,9.743557851860148,6.3488977018439705,8.207318837612442,1.7690550784216734,0.0056096432720496,1.1328225948103792,0.7153643113772455,656.25,0.1126753564117871,0.0734192091075515,1.2927155583604244,0.1976397258110376,2167.48251018238,0.0598228403234623,17.76074715760447,3.870189877107928,1249.8357839795883,0.1125356292241866,0.0126642678448836,ball
0.1111694765352107,0.0938845510705893,0.1922758072615424,0.712315927591563,0.0015237137195399,5.149398344455013,3.506758909253687,4.3659121441571545,-0.1655164792412367,0.0118204075637786,0.925880239520958,0.4853561676646706,3363.28125,0.1384059127600433,0.0942549275076597,1.244999230667475,0.0105222781038277,2974.507725255789,0.0335566424146581,27.62819378770456,4.843223653279458,757.0725582218836,0.1379002344159244,0.0190164746519669,ball
0.1084252111597117,0.0893343253877402,0.1726737550157709,0.7363969535194917,0.0015949660630843,4.769717754137808,3.275919186443799,4.073417178905912,-0.1580050435281279,0.0110267913976733,0.8284191616766465,0.441661117764471,3398.4375,0.1348205168162038,0.0925969083561229,1.2434425109637222,-0.022346864496992,3009.2722146282654,0.0361274932844302,24.005307417321493,4.7121644381978856,754.1386529701206,0.1343688268388933,0.0180549816260604,ball
0.0929265362244261,0.1152161213369129,0.1538912525021365,0.7226215959548935,0.0082710300805502,6.499596127747281,4.155460160808733,5.390816880443283,0.6999936016469879,0.0287508593360154,0.8920937325349301,0.5009499401197605,3210.9375,0.1205522182222692,0.077074010488308,1.2972851794575082,0.0302950498542038,2968.5146205095084,0.0612263099816455,50.88813266270054,6.358313982212377,857.1666170402575,0.1170735897021624,0.0137062254057502,ball
0.1144121512638784,0.0888481599328342,0.2138441751197338,0.695615366562862,0.0016922981858862,4.786015374353598,3.258249794742757,4.057607480237723,-0.2395230522677831,0.0134769603566304,0.9078499401197604,0.4642396007984031,3421.875,0.1424812798415461,0.0969991871079402,1.2453334568714602,-0.0473365767099754,2984.204155069939,0.0355535078577237,50.0941629620834,6.217849149847302,757.8332208030124,0.1418424712306959,0.0201192866448307,ball
0.10341280251996,0.10828225972744,0.2606871130608051,0.6300875418480127,0.0009430852735203,13.10703415527403,6.989428549182568,10.288378942201502,6.050523836196675,0.0045903786957335,1.9963277445109784,1.0639500998003992,3222.65625,0.1522227593162578,0.0811739778195577,1.471991432461922,-0.1705685533829927,2866.64168342309,0.0294032338672822,16.450731853989993,3.92144206446039,768.0966852891452,0.152153530610647,0.0231506968772851,ball
0.2061891099636663,0.1808468042636835,0.4224288061861248,0.3907151812436856,0.006009208288274,9.060386859527224,5.134991438190072,7.1910095762707,2.5088368612961123,0.0155576845722617,2.657926027944112,1.4827078642714573,3585.9375,0.2887459272559307,0.1636473019595573,1.4003936837731734,0.1370068063277538,2721.538926688988,0.0701423753148434,23.297721023208823,4.369416170088315,927.6349451758672,0.2883264971480027,0.0831321689576372,inner_race
0.2024991834300149,0.1844714854783696,0.4282812299257049,0.3810041427705961,0.0062431417835715,9.21825254089038,5.185596543564202,7.322043670284186,2.6689388560990377,0.0153034831119011,2.6639361277445115,1.4827078642714573,3585.9375,0.2859281187449172,0.1608447867634839,1.4119964036483923,0.1411265510929421,2715.286710988137,0.0720833111940707,27.92449597502672,4.738140661322079,934.326384090048,0.2855182874942535,0.0815206924936512,inner_race
0.202194855503836,0.1811850120151133,0.4331186696261492,0.3797589040947245,0.005937414238962,7.446595667946855,4.251582898803737,5.95369621797399,2.4004803254843567,0.0155949621655127,2.38503500998004,1.203806746506986,3585.9375,0.2831431904681194,0.1616586693015514,1.4003481431937206,0.1106431485013776,2714.8578183626573,0.0701365330574677,29.31096264440145,4.825689774250062,926.3300042127532,0.2827133945597943,0.0799268634635219,inner_race
0.2037999334923901,0.1759247378773679,0.4115149056651426,0.4070081332468538,0.0055522231756684,7.926593079693414,4.567871009954323,6.349956334460907,2.2543945126595952,0.0155269900433508,2.4664150099800395,1.2941206786427144,3585.9375,0.2833093745034747,0.1632631656036478,1.3901347740825116,0.0960586669192991,2748.0704343148823,0.069378197833461,33.92201692324887,5.061732531778349,929.4008007818638,0.2828835701516505,0.0800231142617437,inner_race
0.2090878790660865,0.1780572855303157,0.4247039191453365,0.3914575622483901,0.0057812330147278,9.30895753752892,5.388856771135869,7.482859248699743,2.4959365068350063,0.0152732644671594,2.7368695009980044,1.5645751696606789,3585.9375,0.2903352670349218,0.1680720062749366,1.3885800952773324,0.1176963559749949,2729.844362744244,0.0683338516495902,46.21607713067058,5.874478404795774,927.5918562938896,0.2899332590041294,0.0840612946767555,inner_race
0.2097954395116017,0.1818278323484,0.4068816419674848,0.4053959842911275,0.0058945413477291,9.296844502902305,5.341777597439242,7.463042186302044,2.7816316239615766,0.0156226427613522,2.6860273053892216,1.5657122155688623,3585.9375,0.2931069643033133,0.1684132949712212,1.39710836892193,0.1697018899789897,2735.9573519005803,0.067744276551177,55.91356423480565,6.354728161022548,940.8893621151756,0.2926903236464351,0.0856676255562549,inner_race
0.2075050090054266,0.175702395487393,0.4029664772152866,0.4155798916337426,0.0057512356288893,9.447091930502584,5.382407956374846,7.545418894094823,2.6801143780358005,0.0147693824460454,2.720625988023952,1.5657122155688623,3585.9375,0.2908943781777922,0.1657348342841379,1.401866776961441,0.0877709821058201,2750.4169971423803,0.0690799118728008,37.03477257582629,5.149025757615873,934.2597121301508,0.2905191983287969,0.0844014045976068,inner_race
0.207718601683352,0.1607461039044656,0.3991224507634664,0.4345757701145353,0.0055556751720252,9.4142165283837,5.319769623645969,7.48995833809035,2.6600154429093195,0.0145292988827033,2.71071744510978,1.5558036726546904,3585.9375,0.2924569638766428,0.1652610886911267,1.4079478751858088,0.0983648518174983,2788.0059158781432,0.0666865441947982,29.126349735655594,4.729416565601263,911.6778767300374,0.2920958322090903,0.085319975193921,inner_race
0.2074083252050585,0.1717144713667724,0.4032038421383753,0.4198689924679551,0.0052126940081317,9.407615752406414,5.323083012241982,7.501163085505428,2.727599917144193,0.0151910951339508,2.7659453892215566,1.5558036726546904,3585.9375,0.2922749220849395,0.1653770427705579,1.4091764243116844,0.129103632377628,2759.0475340974685,0.0661935745901042,32.777685624277524,4.906971884563308,925.7785896514612,0.2918798737638289,0.0851938607083886,inner_race
0.2041636676256861,0.1686913102667941,0.4170838677163241,0.4084342319902195,0.0057905899955573,9.704908328700284,5.520419316981781,7.761198204588912,2.9013089696073973,0.0148669387007235,2.7946964071856284,1.5845546906187624,3585.9375,0.2870352050512528,0.1632735350969535,1.4059073702452458,0.150694303720947,2760.508437659078,0.0669146960002469,50.31810115621692,6.01305691909681,918.3898757000452,0.2866499312270695,0.0821681830724836,inner_race
0.204934203409587,0.1729536038414696,0.4086649066317709,0.4122601197651254,0.0061213697070849,9.670064559124116,5.517454055644114,7.732016736375765,2.782621074996082,0.0145310437913236,2.733458363273453,1.5845546906187624,3585.9375,0.2871894672141098,0.1638618523103517,1.401374013883496,0.1565815091546902,2751.9700518305885,0.065794638772911,60.592155065670525,6.535418724619399,925.8356844608588,0.2868216150241451,0.0822666388450589,inner_race
0.2066145504108969,0.1692270040845878,0.4242335881205498,0.4006348582792486,0.0059045494451103,9.101129051972324,5.251188070429953,7.294914931522574,2.457611573974064,0.0143210202446669,2.6655604790419165,1.5072355688622756,3585.9375,0.2870275352257317,0.1656097348202792,1.3891932327849923,0.1134390846636308,2745.170238556029,0.060305072050022,75.387178858493,7.3364489264815935,911.4544843237272,0.2866700444010683,0.0821797143569105,inner_race
0.2069924024412113,0.1770962051133777,0.4106368966762453,0.4067797108232503,0.0054871873598313,9.14828292133423,5.246811659780102,7.300432258160928,2.410890119112442,0.0141701649630426,2.669458922155689,1.511134011976048,3585.9375,0.2880099591833606,0.1651822560550692,1.3914035287607207,0.1387596643149353,2739.4344831656267,0.0540859468124912,105.00070106856708,8.63519817595256,920.693817117705,0.2876611600715696,0.0827489430137212,inner_race
0.2100050664881174,0.1653534952865588,0.4178653742114124,0.4108964707087641,0.0058846597759444,9.028949353812372,5.1682348670566345,7.1957026430195725,2.2339364448433807,0.0144444328725361,2.7235498203592816,1.511134011976048,3585.9375,0.292388804078607,0.1673654323177689,1.392294047796942,0.1244341157542669,2759.0079494675138,0.0641592153319938,84.89513267500126,7.730490502563994,904.6568261851723,0.2920317981136794,0.0852825711095088,inner_race
0.2081664086865331,0.1791589430135848,0.4239260854362577,0.3912188271834034,0.0056961443638099,8.982269903905092,5.14551400488232,7.171084190452969,2.339403322861795,0.014251858412082,2.705194650698603,1.4927788423153694,3585.9375,0.2901126769646233,0.1661917152663577,1.3936575012037065,0.1596935248423905,2718.265752086605,0.0663897633886305,62.5740310183632,6.755521940507469,929.3540247262684,0.2897624024392775,0.0839622498673818,inner_race
0.2075002501637349,0.173467984111456,0.4259845404251252,0.3949272912164196,0.0056201842358048,9.01454770581534,5.17538899133546,7.19410622945005,2.228610828390213,0.0140212925321232,2.586129700598802,1.4927788423153694,3585.9375,0.2884379985378011,0.1655966434513812,1.3900609676865427,0.1526969673760315,2735.789717806904,0.0649502811491391,85.5109460747243,7.878075152420374,918.860401548492,0.2880970016439275,0.0829998823562211,inner_race
0.2100562240363023,0.1757326136137712,0.4272609316124944,0.3922429220531658,0.0047635326837788,8.087675157447142,4.693515526405769,6.478653623378839,2.0001792362855744,0.0142865186424026,2.454232375249501,1.3608815169660675,3585.9375,0.2899492947897441,0.168266095073436,1.380341363937088,0.1385160793880616,2725.6698059906657,0.059583011826523,103.05235339154422,8.64691758575721,922.922062449561,0.2895971148581253,0.0838664889341502,inner_race
0.211195332109219,0.175442685578398,0.4374886871407428,0.3814485741648266,0.0056200530810935,8.454091504563008,4.896158079919659,6.763665260363817,1.977012842132987,0.0142765250748503,2.5172572055888223,1.4284545309381238,3585.9375,0.2917500839681964,0.168966059826432,1.381422974904193,0.1229538401402567,2715.768591828055,0.0592924233023771,82.01718611956505,7.750172106982582,919.3239401798944,0.2914005702246254,0.0849142923272368,inner_race
0.2119888689612961,0.1681708504956632,0.4270894585788311,0.3992245316902256,0.0055151591212253,8.484715757678678,4.892031438715236,6.78049026874276,2.036025076665675,0.0145186708029254,2.605297045908184,1.4373884630738525,3585.9375,0.293822409173099,0.1694091474747417,1.3860275334868817,0.1409878763162516,2739.1195914048,0.0530198655614085,91.89499858057066,8.238035056315079,908.11758219089,0.2934634838108487,0.0861208163304002,inner_race
0.2110533599987524,0.1676372739458068,0.4366518525655775,0.3897263699634617,0.0059845033524173,8.484110455547087,4.934544146251152,6.81054527197458,2.025826578077891,0.0144605336202594,2.6317739720558886,1.4373884630738525,3585.9375,0.2912910332691741,0.1694212340356858,1.3801771896495556,0.1133277995353638,2732.678219553413,0.0597506268766478,90.86707381993888,8.186676755981253,905.0803840915746,0.2909318803954638,0.0846413590304404,inner_race
0.2091667965241392,0.1765776473653779,0.4273674478394828,0.3902442477183703,0.0058106570105844,7.804979916985865,4.563662218716206,6.275557618350994,1.9114734207689572,0.0137771639533433,2.50702379241517,1.3126382834331338,3585.9375,0.2876282731990601,0.1681795850078304,1.3751143966383117,0.1075655007962827,2721.9945380775007,0.0605554411565762,95.52291649247302,8.27222064572141,923.2832064624693,0.2872981261631824,0.0825402132968758,inner_race
0.2081230239131112,0.1811428311387407,0.426865625307781,0.3861569330607036,0.0058346103967113,7.895878143179584,4.54253298464575,6.307030614648112,2.051928889918212,0.0141007651883732,2.413948463073852,1.3126382834331338,3585.9375,0.2889661534368583,0.1662434829452102,1.388439145288885,0.177250489148089,2713.845399117653,0.0614167381424228,115.74978936660278,9.087496074499969,930.3280905488934,0.2886219088239773,0.0833026062531963,inner_race
0.2100271951019835,0.170545474170995,0.4185326993961396,0.4053291216323039,0.0055927046730385,7.7724298819703215,4.477475816836502,6.215819513709355,2.1042994732797675,0.0143471145599426,2.406801317365269,1.3054911377245508,3585.9375,0.2915685513734226,0.1679643506019776,1.388241895207165,0.1553665469064178,2743.7638057904,0.0596804632314822,111.366385940068,8.900004401874103,921.930699587298,0.2912153506493091,0.0848063804538,inner_race
0.211309623623846,0.1791549090648743,0.4333490484336515,0.38202407099564,0.0054719714002243,8.889907351681973,5.137704265447739,7.119761730941385,2.1699739257018225,0.014135901302863,2.7399557684630738,1.5044741716566867,3585.9375,0.2928300450795946,0.1692339539817633,1.3857866009967617,0.1361412245155011,2712.217491139047,0.0609817209340312,72.85570773413447,7.373178633193778,921.965555389344,0.2924886520801673,0.0855496115956731,inner_race
0.2136757197129178,0.1712494864403529,0.4467828525723322,0.3766797156109646,0.0052879453296915,8.804293002794953,5.068075521043682,7.040922448643251,2.22286667111299,0.0148981091138036,2.7399557684630738,1.5044741716566867,3585.9375,0.2968531477894919,0.1708796119323932,1.3892694415084987,0.1288971749596081,2716.9661966931417,0.0597085966425553,72.75036228176384,7.262726314480607,904.8136372768216,0.2964790678907419,0.0878998376973631,inner_race
0.2137339362096119,0.1748124392451032,0.459219763144727,0.360359624390639,0.0056081732127358,8.631894532206521,4.962044005465101,6.893847032467575,2.141322090250841,0.0141739720363959,2.5939265868263472,1.4734490618762477,3585.9375,0.296943973139581,0.1706982234755825,1.3893159804457245,0.1786616943028228,2702.041631469001,0.055707059351787,83.51150630859854,7.844044842616229,904.8875938986092,0.2966054984329044,0.0879748217006316,inner_race
0.211508305264471,0.1639367124074267,0.4278897107544281,0.4027952319809919,0.0053783448493948,8.78372240004237,5.097500049664686,7.031667366652669,1.99540430422546,0.014065867015968,2.6684843113772456,1.4872560479041916,3585.9375,0.291761850596161,0.1693195640947188,1.379434487129669,0.1469658622912151,2755.1199760274426,0.0543906966698211,103.6128532532222,8.70703224041689,905.9186001015012,0.2914225949517053,0.0849271288483857,inner_race
0.2158849326542227,0.1728661772126315,0.42564031650528,0.395879057760558,0.00561444848573,8.551134892404527,5.012205741357207,6.889114629812034,1.9496701233167315,0.0147818347484718,2.6684843113772456,1.4872560479041916,3585.9375,0.2967268553308572,0.1739249896788827,1.374467646642653,0.1326122346373043,2738.634581262815,0.0565098413243645,114.1070363250516,9.055209221993112,918.946453628348,0.296358438442384,0.0878283240360083,inner_race
0.2164984266623003,0.173959006292934,0.4172238956774503,0.402602696546846,0.0062144014531075,7.865138475425981,4.616539358241709,6.341393504481918,1.868553384295227,0.0146480319829091,2.524079481037924,1.3729017165668662,3585.9375,0.2973876339028463,0.1745553140426442,1.373624919532182,0.154534441209399,2740.1013813579425,0.0619573017165298,98.3208438907494,8.321906962146839,924.146634469277,0.297026665397841,0.088224839957361,inner_race
0.2148466327111401,0.1658599142742707,0.4273025138047922,0.4013961797519412,0.0054413920718033,7.956044544789018,4.63515108364939,6.390147703235001,1.9214648244752783,0.0150311187390843,2.524079481037924,1.3729017165668662,3585.9375,0.2961935202953386,0.1725608383459941,1.378627705529687,0.1173334928440941,2748.241281316285,0.0585860044066828,104.53702883265396,8.70003334908209,907.6037685395252,0.2958118776087206,0.0875046669343966,inner_race
0.2137582856162674,0.1700918813157176,0.4409333106229887,0.3830455787300002,0.0059292293185151,8.188169370651353,4.775888802966108,6.5853018528523,2.0289812500816886,0.0144889280423527,2.522292694610778,1.407662834331337,3585.9375,0.2947436367147191,0.1719142302279172,1.3788641495929388,0.1028053327913278,2731.017844887054,0.0634383664625572,83.6358673821676,7.736853669714264,910.6721714615736,0.2943872999094931,0.0866638823480018,inner_race
0.2125053619128929,0.1726080458396266,0.4370420474945679,0.3850506128737031,0.0052992937769395,9.6006202614288,5.575893081951909,7.712607551773959,2.4044096399466657,0.0139312711101235,2.798757285429142,1.6389704590818364,3585.9375,0.2939386453421906,0.1707150594911581,1.383205782180111,0.1338075570659503,2734.1983083958057,0.0612433742696718,74.17959730169025,7.352298082365356,914.313703339254,0.2936083222779258,0.0862058469108583,inner_race
0.2131932524794161,0.1770193262740102,0.4153396912989747,0.4020914279465421,0.0055495544732409,9.573399845662347,5.564166238996486,7.687722008181659,2.412988965674701,0.0150012966644835,2.798757285429142,1.6389704590818364,3585.9375,0.2945581401927038,0.1712004601818072,1.3816485126382858,0.13681827027769,2741.960215179349,0.0676956350297304,56.044704319627584,6.189329446016631,928.7646567791402,0.2941758981496762,0.0865394590521687,inner_race
0.2095233923948976,0.1802264227468566,0.4397065118868799,0.3737918588983004,0.0062752064635632,9.314202948782002,5.3926650957391615,7.471181749286634,2.4999818484805267,0.0153755002495009,2.703570299401197,1.5653873453093812,3585.9375,0.2902808384199903,0.1680645519447355,1.3854340324582264,0.1300968568406906,2713.607314393358,0.0715728233662018,22.60598258896532,4.24009841946049,930.2769592400804,0.2898733501822651,0.0840265591458901,inner_race
0.2080993090186813,0.1944850210210155,0.4453093404082273,0.3539698932242206,0.0062357453396167,9.430588727940153,5.360327697542838,7.522309193101907,2.8082855431532883,0.014557851932853,2.703570299401197,1.5653873453093812,2613.28125,0.2920320237188019,0.1659904159187415,1.4033300979994403,0.1870257562720036,2669.226836029577,0.0753289803429174,13.969317014412905,3.494623393446166,948.0479302773136,0.2916689421662856,0.0850707718244,inner_race
0.2077212983603105,0.1870600512669442,0.4290346036360996,0.3772503838437001,0.0066549612333419,9.82889944980771,5.565299151199489,7.826897031775435,2.8924857512803426,0.0143598841184817,2.800868942115769,1.6258132135728545,3585.9375,0.2921340200054552,0.1654115215925483,1.406374899018412,0.1540405097695009,2709.0524216713,0.0753330391411333,27.825246943406817,4.648862401270671,940.7756428151246,0.2917808756115648,0.0851360793726514,inner_race
0.2071040765929079,0.1721828320466519,0.4231291816153426,0.3980719988175653,0.006615987503006,9.832478851200207,5.584234325922944,7.85022313572619,2.9369528302581287,0.0144466536653255,2.800868942115769,1.6258132135728545,3585.9375,0.2911434439678792,0.1653513054212568,1.4057832600763456,0.1212980562683194,2748.07991770757,0.0765953117766343,13.92530825881975,3.4216393497295963,925.4782752506004,0.2907847987143615,0.0845557991633517,inner_race
0.2076139864801646,0.1737330381599092,0.4262129311855482,0.3938207081380889,0.0062333224949621,8.76675961159233,5.040071135729937,7.025080798588031,2.381368520743944,0.0145990159134855,2.6044848702594807,1.4585050299401197,3585.9375,0.2893818342365299,0.1663676312068066,1.3938455647552308,0.1244808306945679,2744.9910626987803,0.0740791858775814,20.54640714470917,4.06924950550895,925.0105407454524,0.2890133469590225,0.0835287147204563,inner_race
0.2073118000327469,0.1784540307978659,0.4098525740842133,0.4057873630145039,0.0059060320463331,9.647966489077778,5.514186991649376,7.727178333543756,2.5590907607033246,0.0147352774139221,2.714128582834332,1.601935249500998,3585.9375,0.2905115934455888,0.1660386415432214,1.4013268583828786,0.1922953296524955,2738.7957359906727,0.0723462190435172,29.83248137939671,4.708993770839476,936.8545004476576,0.2901376527199285,0.0841798575258298,inner_race
0.2100118081805139,0.1766753325746141,0.4210734004670017,0.3964999434350701,0.0057513235231347,9.45439320827526,5.4901868608343145,7.6278341840858195,2.456132010904848,0.0145538069174151,2.687164351297405,1.601935249500998,3585.9375,0.2917815531796964,0.1694381875400372,1.389357844721274,0.1793789890607845,2741.079627704432,0.0659359379748306,32.31944424812834,5.026388274721359,926.783193069026,0.2914183616043549,0.0849246614801665,inner_race
0.2115376514549026,0.177204953262032,0.4205486712493471,0.3965773803303449,0.0056689951452643,10.042607869800996,5.77561525848927,8.048898237404813,2.5116668300712,0.0146978411926147,2.997253013972056,1.7026450299401197,3585.9375,0.2947989008508647,0.1695421201359582,1.3936001407943792,0.1479437272237511,2741.9582541959176,0.066145933745218,49.48908241075854,5.967823840440114,929.0407031314678,0.2944322764357783,0.0866903654071546,inner_race
0.2051105978082896,0.1731204786449552,0.4253001046658063,0.3955293738008721,0.0060500428702783,10.444376277090315,5.889687147896206,8.301107052164744,2.8062270028795853,0.0142480513387287,2.997253013972056,1.7026450299401197,3585.9375,0.2890892142799646,0.1630202689723907,1.4094308990809294,0.1885732161125787,2747.7968496452977,0.063653907745769,59.094135874284376,6.56242490754085,920.5809086969098,0.288737886059409,0.0833695668460562,inner_race
0.2041441563747504,0.1748164601751609,0.4167938295534643,0.4023820853395297,0.0060076249145715,10.197706488422147,5.742158314815772,8.088967905163894,2.7329785851990334,0.0141266215615643,2.7401182035928144,1.6513155289421158,3585.9375,0.2875774993318162,0.1619300899488447,1.4086981691697609,0.1988823365440372,2741.9646676869597,0.0614414662310867,82.39490719345909,7.747655993904165,923.1018092772812,0.2872303199267046,0.0825012566851971,inner_race
0.2099546227661863,0.1727182974282525,0.4250576096152731,0.39640949281637,0.0058146001335141,9.8450953797627,5.613550847812355,7.865106789199328,2.6146928799736973,0.0145489687616953,2.753600319361277,1.6513155289421158,3585.9375,0.2941659519456649,0.1677297644405267,1.4010929984297589,0.1677750816322789,2740.7641294998466,0.0526869442361852,89.1559440125787,8.016828682777705,911.8177778404804,0.2938059475096964,0.0863219347920704,inner_race
0.2115254370945608,0.1760058491007996,0.4181866958442221,0.3997875697814737,0.0060198852640851,9.51390005088576,5.495577154144283,7.635452819265255,2.301491556630781,0.0142113289436751,2.7173772854291416,1.61509249500998,3585.9375,0.2938895132774214,0.1697613477513474,1.3893814252989365,0.1403419072620222,2741.9009223704247,0.0543890634563715,86.69693633966374,7.9174584911478,926.917509388636,0.2935457104849163,0.0861690841440943,inner_race
0.2086503828865705,0.1728539266552905,0.4152214912347778,0.4062708402863828,0.0056537418177093,9.701359937262524,5.541298093622641,7.740663940636042,2.348572997668636,0.013904462968594,2.668646746506986,1.61509249500998,3585.9375,0.2914646474025201,0.1664810403339923,1.3969044454664157,0.1986243036170194,2748.087178637439,0.0568579690190023,104.5740856235455,8.725121492272384,922.3958201362052,0.2911327988994547,0.0847583065950303,inner_race
0.2091564063864458,0.1706270565110995,0.3975783175480232,0.4267061917910586,0.0050884341359613,9.9995765126597,5.670747157978802,7.954922647016554,2.5081716865842223,0.0137759742429204,2.765133213572854,1.6638230339321358,3585.9375,0.2934045528006162,0.1663893497715325,1.4027997414456916,0.1732304897484264,2766.946316823404,0.0558167895631047,94.37203805912876,8.274109055002118,925.4609660298418,0.2930809685697588,0.0858964541377879,inner_race
0.2091132595551085,0.1666864315560574,0.4046431898928368,0.4232434249590802,0.0054269535257634,10.002571320485735,5.67578132009734,7.956564004941358,2.617073528000878,0.0140353311151135,2.765133213572854,1.6638230339321358,3585.9375,0.2931443161914492,0.1663395321685483,1.4018447075767364,0.1491270332150019,2770.126365732482,0.0590925150226676,78.18666699709699,7.418863609417033,913.1203781317264,0.292808127612335,0.0857365995958415,inner_race
0.2078884923317427,0.1752541549540694,0.405815638394177,0.4134466116878506,0.0054835949085933,8.50230564953852,4.848625513229344,6.777490661295856,2.479301135703026,0.0141753996889034,2.510434930139721,1.4089623153692614,3585.9375,0.2905900469163778,0.1657153216369886,1.3978168952837573,0.1341527649465249,2755.6623535242065,0.0634241864238814,55.66972606397132,6.297915015074931,930.0114831510206,0.2902440928090053,0.0842416334105224,inner_race
0.2125002858150885,0.1700929399310654,0.4126534791099822,0.4114600409458353,0.0057935399031228,8.28698810884438,4.774404867945274,6.6304019778839205,2.160688510007125,0.0138924072363086,2.510434930139721,1.4089623153692614,3585.9375,0.2951074226714305,0.1700210374219712,1.3887389447006402,0.1272188751601087,2761.231334849046,0.069795260484413,55.14946369287989,6.1369706314174906,923.6648497801096,0.2947802434644406,0.0868953919369548,inner_race
0.2111982667282622,0.1704420326744417,0.4150547615630937,0.4087545037416392,0.0057487019514525,9.16091476484773,5.30463994464237,7.376553574399385,2.3588376588572078,0.0136528788711639,2.7011337724550897,1.5579153293413173,3585.9375,0.293689175061692,0.1700611095432686,1.39058515778241,0.1512579627370752,2762.4499150540123,0.062249076650445,46.16326359492229,5.866413883760925,917.597693707168,0.2933716592429243,0.0860669304469465,inner_race
0.2082581750171531,0.169686567263419,0.4061228728372076,0.418025051268325,0.0061655086057836,9.31317857839851,5.359122552747153,7.48069231478188,2.463511949859199,0.0140726880223927,2.7011337724550897,1.5579153293413173,3585.9375,0.290703434005761,0.1672807319463228,1.3958800608034585,0.1414916287045446,2766.6458882550533,0.0650530022889394,66.07397455383781,6.840908252358501,918.7367200731032,0.2903626112201194,0.0843104459945662,inner_race
0.2077757870976796,0.1718694507024002,0.417007432656689,0.4056734012686757,0.0054497153472706,8.420850324481354,4.801372803555614,6.723315239382211,2.3733144897271465,0.0143896268790543,2.501176127744511,1.3969421157684632,3585.9375,0.2909463965668257,0.165890861604229,1.4002901908394452,0.1462601375894689,2750.695422420075,0.0587638664295887,81.04529971871641,7.557625998089784,910.687825440746,0.2905903376120792,0.0844427443135021,inner_race
0.2051120254607971,0.1722282805361281,0.4365553108970017,0.3853195255388387,0.0058968829888457,9.759610855294294,5.522217753450904,7.755406939087228,2.653807750204382,0.0142385336553455,2.8106150499002,1.5907272255489022,3585.9375,0.2880594892432187,0.1629908455505662,1.4044007834064087,0.1197543720515379,2726.8391823617594,0.0647414845811914,75.65081153717314,7.44641056207954,911.7775477975424,0.2877073747793227,0.0827755335024096,inner_race
0.2052251272650012,0.1794003813917468,0.4261685919112407,0.3885382239743332,0.0058928026176929,9.74930391017307,5.532058612341126,7.751132849803731,2.598328780595605,0.0136882529277382,2.8106150499002,1.5907272255489022,3585.9375,0.2875470664754432,0.1631631591552943,1.4011299216013744,0.1377425528564713,2721.9804990693583,0.0641795078998371,69.1205099855528,7.01444182818426,924.5032306283648,0.2872210771695198,0.0824959471704192,inner_race
0.2072460487033744,0.1735888791731004,0.4186830903942481,0.4021818618902732,0.0055461685051394,8.510989127056037,4.805579558129537,6.748338392051072,2.2238041012489767,0.0136171875584767,2.486556966067864,1.3985664670658684,3585.9375,0.2910297187151821,0.1643247860134012,1.4042714953360818,0.152267154410744,2740.496988632167,0.0680305999303565,49.342596996370986,5.94812377841202,926.7961081078656,0.2907109722360601,0.0845128693784353,inner_race
0.2058142718664233,0.1800997425841288,0.4160557634181743,0.3980011279348701,0.0058433660578988,8.018162375551427,4.554886645341219,6.38251605342574,2.1375188291449385,0.0142609002112961,2.368304191616766,1.3136128942115768,3585.9375,0.2883963963307742,0.1638296697778257,1.4012458597523687,0.1745837236987533,2730.236150572607,0.0681481307183845,40.78646378001955,5.425512610188946,929.1258879784408,0.2880435872255108,0.0829691081417404,inner_race
0.2032203858883794,0.176590442716314,0.4005127004916864,0.4166098898272877,0.0062869669447416,9.445456198742626,5.381270162449891,7.544642644576493,2.647495190128419,0.0140569045307821,2.7958334530938123,1.5332251896207585,3585.9375,0.2849188283315511,0.1623241013837807,1.4020189317426317,0.1429755064981839,2746.101775185336,0.0731881667330362,24.089861260039463,4.397309692845591,939.3141189582384,0.2845718576613582,0.0809811421728363,inner_race
0.2070363424128305,0.1776327455777108,0.422423161568326,0.3940412900818956,0.0059028027645575,9.287356814145886,5.279831097072486,7.40558479613935,2.6149761843996613,0.0134087502923839,2.7958334530938123,1.5332251896207585,3609.375,0.2903928480725241,0.1650873569631191,1.4026177466634366,0.1661988211882368,2726.563605147262,0.0734547635644815,15.466244280013886,3.597536905758282,928.4901873555274,0.2900831115857463,0.0841482116272685,inner_race
0.2070108826097804,0.1713730308599043,0.4221325428054781,0.4007989227932612,0.0056955035241907,8.237282506541527,4.641859805235703,6.523742383188457,2.3112383129339094,0.0137998477654066,2.4158976846307385,1.3504856686626747,3597.65625,0.2909363327042791,0.1639479607006564,1.4054156430640403,0.1877816583417262,2746.99502749318,0.0762876826776239,18.977003730232685,3.893097067367717,928.5985429249567,0.2906088675334367,0.0844535138890665,inner_race
0.2060934572456648,0.1705678559029007,0.4220454316130316,0.4026060046394366,0.0047807078356803,8.946040308772346,5.012220910300755,7.055630493421269,2.357120199751746,0.0130375606404378,2.657926027944112,1.4541192814371258,3562.5,0.2901147629883441,0.1625433411037997,1.4076854591386916,0.0473207943470273,2746.4079617437897,0.069971629305239,13.019079529628968,3.356330407541249,922.8731353276436,0.2898216653673945,0.0839965977163299,inner_race
0.2051960190166541,0.1778680371122558,0.4215050848532289,0.3946623112550063,0.0059645667656129,8.863075368798361,5.073848226790775,7.086488755510926,2.4921177099497536,0.0123682295565119,2.657926027944112,1.4541192814371258,3585.9375,0.2865910087257104,0.1640648669824267,1.396669438808411,0.0938687628157452,2732.0594616586773,0.074112719482295,30.305584012720125,4.582255366741311,930.1870434637402,0.2863240003563405,0.0819814331800576,inner_race
0.2082242286130863,0.1789249263349719,0.418869032115598,0.3956395871387888,0.0065664543719276,8.214385650199695,4.759268115974624,6.609763251176813,2.280203543768775,0.013206420206462,2.4794098203592814,1.3763128542914171,3585.9375,0.2891858203306055,0.1675490916667588,1.3888192659268233,0.1924398223283122,2731.4237035140827,0.075644483452797,20.090618700372143,4.010562585872914,936.2283651479868,0.2888841102338715,0.0834540291456156,inner_race
0.2118751326448664,0.1772969141219549,0.4106801814280374,0.4058112806622939,0.0062116237841279,8.30933867437214,4.727161141017567,6.615465991850548,2.1109576825528507,0.012822143739864,2.515307984031936,1.401652734530938,3585.9375,0.2965104621394858,0.1686840300364634,1.39945853219349,0.1683000040424612,2744.015006231019,0.0718202392540197,20.095670954085904,4.015586240089007,927.2236995045844,0.2962330953625636,0.0877540467880857,inner_race
0.2099417738936189,0.1684450186856498,0.4141799308391347,0.4112236147379444,0.0061514357351179,8.359263233732925,4.788724565858401,6.676387974320819,2.126860564518937,0.0127862937991205,2.517582075848304,1.401652734530938,3585.9375,0.2926985495311495,0.1676765876775738,1.3941891797078214,0.1296609108589607,2759.978096580047,0.069565519132174,18.86384530249533,3.965281919658829,921.9816907896972,0.2924191368370432,0.0855089515885213,inner_race
0.2071603895529253,0.1763104079225214,0.4206476209288279,0.3970160646813518,0.0060259064081298,7.972920509034763,4.593198385505185,6.384952569029225,2.2165184355560603,0.0124874385408869,2.4911051497005987,1.322709261477046,3585.9375,0.2879712893854392,0.1659002193710795,1.3900885686057671,0.177739688322162,2735.2010937302502,0.0720821421671912,33.30575137158096,4.948649337802303,923.3118608303112,0.2877004125631382,0.0827715273889999,inner_race
0.2067552534969123,0.1735592916951734,0.423577927138388,0.3966974364733256,0.0061653446476342,8.009648222682642,4.602269104632698,6.397463856930721,2.1481427650222056,0.0119189155867951,2.4911051497005987,1.322709261477046,3585.9375,0.2874037200792086,0.1651394948571206,1.3900673149449168,0.1956929024602878,2743.4057107059143,0.06920875997767,41.2259791202662,5.568159840987541,929.997466113092,0.2871564691359102,0.0824588377666029,inner_race
0.209175759009325,0.1791894267216456,0.4251592634145597,0.3896082763719166,0.0060430334334777,8.256809683942814,4.74614955203472,6.596779826118346,2.127787483912808,0.0127293463268774,2.446597924151696,1.3798864271457083,3585.9375,0.2907380840020386,0.1671210164658635,1.3899224526732925,0.1711739316414378,2727.341687058617,0.0733678469282062,43.58618810185936,5.575416409177556,926.6491863201215,0.2904592867017112,0.0843665972312668,inner_race
0.2093022648842938,0.1697047424158458,0.417716245191045,0.4065333747010777,0.0060456376696619,9.01067069691437,5.117417818161959,7.160882577856127,2.32762359906257,0.0127432262818113,2.68554,1.4987889421157683,3585.9375,0.2928799240891558,0.1663348925434614,1.3993155986681045,0.165877410575146,2755.3126330057657,0.0721728398654925,26.924682507851795,4.664851979146005,922.2716032120868,0.292602563417343,0.0856162601184002,inner_race
0.2098243891318924,0.1772561684865386,0.425485918313601,0.391413317193558,0.0058445959709848,8.962871686912205,5.127956373163854,7.1430635319216975,2.280638426038964,0.0118150142098615,2.68554,1.4987889421157683,3585.9375,0.2922780213106695,0.1672219568092595,1.3929649576005578,0.1648280214850579,2730.5955124875663,0.0708568402876903,41.28600387073033,5.479048450622349,926.6946851871028,0.2920391192640139,0.0852868471805009,inner_race
0.2102551436190119,0.1702317406293508,0.4158960303875136,0.4079696608404988,0.0059025681400342,8.443831960368833,4.875523966235767,6.749874006005464,1.9744418281548528,0.0117078609577719,2.4683642315369263,1.4191957285429142,3585.9375,0.2910857865474978,0.1680748427022134,1.384440739651788,0.182371652863988,2755.0662181746507,0.0633643389934473,55.868146234212816,6.364095231386686,917.8328125944485,0.2908502383044734,0.0845938611217689,inner_race
0.2108632442731723,0.1774091571885127,0.4392741968598031,0.3774582373919622,0.0058584085401032,7.682445337543654,4.434819236733769,6.13494010164046,1.876336543531151,0.0124558715576659,2.3428018762475054,1.293633373253493,3585.9375,0.2916992337676992,0.1683882301031917,1.3833574209348891,0.1891402269593778,2716.1460148121464,0.0621788435327977,68.65057678609313,7.092085408005809,916.1498450591045,0.2914331728619818,0.0849332942444017,inner_race
0.211853638543226,0.1841379034033027,0.4360940455914777,0.3737215776060937,0.0060464733511416,8.497282474749865,4.89490773774414,6.787885322533184,2.122427398865013,0.012921682845247,2.540160558882236,1.4380382035928143,3585.9375,0.2937824941018289,0.1692350710790212,1.386723853892584,0.2027717209750391,2703.1960242440523,0.0643313765236671,64.26727376831194,6.897937757139862,929.3316578570314,0.2934981839009195,0.0861411839531379,inner_race
0.2144279339563061,0.1783709418319342,0.432910826807224,0.3828000539133908,0.0059181774047527,8.795774070977158,5.120253721315932,7.058644417245448,2.1272408226378863,0.0125789669294224,2.615692894211577,1.5135705389221557,3585.9375,0.2956045972138193,0.1720792879294598,1.378573172626168,0.1877578622603897,2722.2060967489774,0.0600993893702551,86.85699092989036,7.983919045388297,921.6779467623588,0.2953368373314322,0.0872238474849328,inner_race
0.2171461843305576,0.1706839091489819,0.4201951246967972,0.4035852961897619,0.0055356699212784,8.703661607146756,5.066474628745425,6.970283837076664,1.860045822461492,0.0118194557954403,2.5789825548902194,1.5135705389221557,3585.9375,0.298742350417523,0.1739004349249207,1.375766059802152,0.1796337236543298,2754.069015721014,0.0577349655734147,97.41889610816304,8.3842824682208,916.127807865884,0.2985084461077872,0.0891072923976857,inner_race
0.2135592074055015,0.1700510445727869,0.4329873440809756,0.3910676338270261,0.0058939774994117,8.529407492869218,4.901233649574961,6.79528392492251,1.9333040947906008,0.012370291721245,2.473887025948104,1.4511954491017964,3585.9375,0.2960877919434926,0.1701402413139516,1.386443579467345,0.187173902049806,2744.8221846487586,0.0571794411059335,90.62701195816516,8.146544507521298,910.9674632054554,0.2958292690399384,0.0875149564207043,inner_race
0.2094151287464133,0.1690917857555162,0.4300972161472785,0.3948569650785853,0.0059540330017734,8.749427745045017,4.960431654984159,6.929754587401799,2.090235279815282,0.0126405146153006,2.473887025948104,1.4511954491017964,3585.9375,0.2925542674584901,0.1658617559215388,1.3970063634359111,0.2148895599536156,2749.976135431184,0.0565424747714192,98.72138698309078,8.413114186927004,911.579601725206,0.2922810578851016,0.0854282167984341,inner_race
0.2089708908745009,0.1740958536896433,0.4238887118808798,0.396105225209971,0.0059102091557193,8.902514818163455,5.103799343858336,7.105389247011456,2.282882726807853,0.0122551277523078,2.561114690618762,1.4848195209580837,3585.9375,0.2909243528049047,0.1667865261991661,1.39217644901376,0.2103405537697598,2740.493704115734,0.0598582007805075,75.76117704762041,7.369652981527761,919.9771439718444,0.2906661158420899,0.0844867908987272,inner_race
0.2099206763621194,0.1792814837883714,0.4499910820250608,0.3648924711359654,0.0058349630319184,8.823516686652633,5.102207703658365,7.073240934098008,2.1744376824185974,0.0130150354564308,2.561114690618762,1.4848195209580837,3585.9375,0.2910151070277763,0.1682797883982217,1.3863098770021418,0.1852062937962074,2709.162960838599,0.0620246046305748,55.49633412653122,6.524467208333354,917.7126638159068,0.2907239263811218,0.0845204013704559,inner_race
0.2116540844482908,0.1807349689500357,0.4351767367441041,0.378335888821078,0.005752405448476,8.088989548350122,4.597138711408061,6.415162046318651,2.07187007559236,0.0124846625499001,2.495815768463074,1.3577952495009982,3585.9375,0.2953565978184543,0.1678572139801988,1.3954684531052024,0.2517193473109279,2718.6638288726526,0.0715626164680345,38.96167732805338,5.479939629957499,932.3892013207033,0.295092617792969,0.0870796530759073,inner_race
0.2102717995649325,0.1722337269109308,0.4197749637652286,0.4025258252704672,0.0054654839858385,8.647481195281003,4.943884099088924,6.882981973724413,2.2729630028280328,0.0118157280361152,2.6104949700598805,1.447297005988024,3585.9375,0.2927449302977666,0.1673663085590547,1.3922215480320086,0.2110406794150211,2749.8346326468704,0.0693629103556734,37.70418357216343,5.286863354097864,919.0004638342308,0.292506380761208,0.0855599827860208,inner_race
0.20916061002994,0.1725225087805532,0.4182751218557317,0.4031545588257689,0.0060478104578323,8.640778907594164,4.973862295209467,6.919548598471061,2.354835356657575,0.0124082038267215,2.6104949700598805,1.447297005988024,3585.9375,0.2909805137512503,0.1674961275442461,1.3911821815283396,0.1672697279928663,2743.453294678588,0.0723716614340837,32.46118474535953,4.9662935037974645,921.238899711961,0.2907158335225931,0.0845156958607361,inner_race
0.2116868411419348,0.175085492358872,0.4355331551421623,0.3838686505938271,0.0055127018039429,10.24325513612404,5.925083892542555,8.215109118832691,2.432964086435863,0.012719352759325,2.96086754491018,1.739030499001996,3585.9375,0.2935031014819518,0.1697732289093435,1.386496675460142,0.2099213623121797,2734.456176047911,0.0635521912043688,45.175245343969095,5.841318142024239,916.026716433856,0.2932273668075829,0.0859822886449088,inner_race
0.2143129286154253,0.1682935791881287,0.407581903239008,0.4182812165976324,0.0058433009125825,10.127158994837266,5.892508281398705,8.114445125812292,2.1567929295718637,0.0127283945585391,2.96086754491018,1.739030499001996,3585.9375,0.2951256775474912,0.171719482224831,1.3770782726649249,0.1999596359730213,2772.495766790184,0.0614480120231333,63.52145139731549,6.692391331964201,916.0504314167232,0.2948510700672934,0.0869371535198279,inner_race
0.2101468006564994,0.1753963048019953,0.4087833286158129,0.4106156047645617,0.0052047617905278,9.496867487933772,5.47386974063951,7.612112831065155,2.3710372732844416,0.0123813956851921,2.7147783233532934,1.599661157684631,3585.9375,0.2922358831099519,0.1684409264125331,1.3906273243133176,0.1968573394704796,2750.886229455725,0.0650019917630476,29.690398838681133,4.838968395011684,926.3233836917404,0.291973478963313,0.0852485124179401,inner_race
0.2077765802379615,0.1754596805651692,0.4227189987644116,0.3960535022436214,0.0057678184041434,9.59952491478097,5.51338380362902,7.698948340821556,2.624085011045543,0.0121618544551521,2.7147783233532934,1.599661157684631,3585.9375,0.2901414475501782,0.1666396172608017,1.3964107370420966,0.1936965926650696,2733.888160720589,0.067301239530475,39.15783591013984,5.444997541835747,923.2440106930728,0.2898864413571709,0.0840341488827244,inner_race
0.2062117144617015,0.1803395365156023,0.4366659877034184,0.3775766741833455,0.0054178015598316,9.43589968703686,5.406833050113182,7.54311561036024,2.5500396727988752,0.0124672134636976,2.671245708582834,1.5554788023952095,3585.9375,0.2876875960434266,0.1648468989694902,1.3951079200054717,0.1981139487116516,2708.8650370014147,0.0609925677996678,55.72169423731672,6.468319736905886,920.9769648385987,0.2874173298632085,0.0826087215056964,inner_race
0.2097146185168724,0.1718453507466776,0.4095066340408795,0.4130889238604542,0.0055590913278816,9.287473758708453,5.303491176869445,7.417121483450923,2.4362038394866925,0.0127247461132422,2.671245708582834,1.5554788023952095,3585.9375,0.2932933704461031,0.1674813671410598,1.3985356505917892,0.1865849659862691,2758.7523886375734,0.0610154490916552,58.45647027923959,6.555432210948974,924.358503721865,0.2930172042457381,0.0858590819839886,inner_race
0.2116399665512724,0.1747207700094957,0.4196095586519217,0.4003275428209423,0.005342128422554,10.066905337286084,5.714748462217329,8.015074314752772,2.4957095115392205,0.0125887225548902,2.854797405189621,1.6963100598802394,3585.9375,0.2968302229039962,0.1685036267895953,1.4025244274081163,0.225839136039398,2741.6501610232526,0.0618062315690847,46.71198014133919,5.880789133403128,922.9655528604304,0.2965631556577318,0.087949705293672,inner_race
0.2078902372403629,0.1773515553502185,0.4154921544893474,0.4014638808919546,0.00569240922264,10.2311356083293,5.831852606101176,8.15964271529963,2.5489796761052297,0.0121917558437811,2.854797405189621,1.6963100598802394,3585.9375,0.2908698443622514,0.1657988052175998,1.3991510530912874,0.2141533262784211,2737.77655082267,0.068428152349895,44.86975440612223,5.816761509042881,930.796874310038,0.2906142244432746,0.084456627448766,inner_race
0.2047215624999999,0.1793738236055514,0.4214091875380208,0.3934146622274088,0.0058023266134362,9.550436527921004,5.4660718136239055,7.652768996169154,2.7392721587516906,0.0123823474535304,2.709255528942116,1.5666868263473055,3585.9375,0.2866202420616608,0.1640434781977815,1.4000491133495572,0.1911360714171657,2724.860038140882,0.0668678331803592,44.52116878616385,5.786688843756585,928.4715769652504,0.2863526508189248,0.0819978406310251,inner_race
0.2063861260096993,0.169825547016215,0.3843486000150794,0.4400809115362232,0.0057449414192418,9.487399038773956,5.388943970815348,7.591047211544043,3.018890667877595,0.0125385167750436,2.717864590818364,1.5666868263473055,3585.9375,0.2907224188694368,0.1651334385688247,1.408633537972286,0.2050610225436859,2786.0576165935395,0.0659984234191614,37.39036979144837,5.192533349665466,929.5248185812555,0.2904519072589784,0.0843623104303782,inner_race
0.2093103549151696,0.1729038112920967,0.4267751857702833,0.3943205175069141,0.006000485406428,9.003327019471378,5.071841625161439,7.152069262389505,2.5995659492670296,0.0126547118263473,2.6481799201596807,1.4970021556886228,2613.28125,0.2951594837390003,0.1662721072389213,1.410152325519796,0.2103932760865704,2736.484208145576,0.069809241436557,21.19111494096389,4.162614950315039,917.2224591378256,0.294888078954822,0.0869589791096653,inner_race
0.2051468443191741,0.1686306877197858,0.4123774347942663,0.4133909333064964,0.0056009441528876,8.430652634234338,4.800728439411366,6.727918735409901,2.4836428983648267,0.0124354878524201,2.5071862275449104,1.3802112974051897,3585.9375,0.2875003897480238,0.1637134581729257,1.401437056963554,0.2267139651112459,2760.474679002057,0.0695966781806758,21.68632893862066,4.203619296073343,921.4429609377828,0.28723132271244,0.0825018327471378,inner_race
0.2104638981412175,0.1778210045228214,0.418102769009132,0.3983032641207917,0.0057729623130047,8.184402468742368,4.712623648185334,6.557947988205998,2.2736435979218745,0.0124101073633982,2.5071862275449104,1.3802112974051897,3585.9375,0.292875349368639,0.1686392259760505,1.3915704876478383,0.2020246825624867,2729.529693218008,0.0720257820084608,27.26773283467969,4.523199864077783,930.1393791563964,0.2926123023781318,0.0856219595030312,inner_race
0.2102342047155688,0.172526237491329,0.3758919367393985,0.4456864026516281,0.0058954231133207,8.6537240407073,4.896283663937034,6.884985452657758,2.4173238450320964,0.0128495070795908,2.5700486227544905,1.4474594411177644,3585.9375,0.2956240978803671,0.1672643401047785,1.4061655584557444,0.2054920285422508,2779.3589444200734,0.0680600312123537,38.40750174074789,5.338084949368696,939.912083272713,0.2953447094758808,0.0872284974153924,inner_race
0.2043464071466441,0.1803318824710527,0.4115195246110777,0.4022418483080382,0.0059067445933342,8.93785411780995,4.995438425237518,7.083361343755022,2.697380223444138,0.0121975457678393,2.5700486227544905,1.4474594411177644,3585.9375,0.2897562371713033,0.1619470873029237,1.4179659002439269,0.2071433997572609,2729.9551410323606,0.0737595733056976,33.55566566185792,5.008458658960753,934.6310016522332,0.2894993900803835,0.083809896856914,inner_race
0.2064775750842065,0.1790007609509329,0.417425981554076,0.3981512317198654,0.0054220257277814,8.934456663504017,5.078209735200399,7.109373823604884,2.343205878830866,0.0122490998861651,2.511409540918164,1.46792626746507,3609.375,0.2890637338765098,0.1642994445830533,1.3999764078913783,0.1978423707998103,2730.7317554538363,0.07394608690154,18.15137329063922,3.8745505750698337,937.2030134415792,0.2888040889506387,0.0834078017946084,inner_race
0.2099481190158744,0.1800794571142805,0.400343359518108,0.4134336272243185,0.0061435560601737,8.955596362516154,5.135228689066598,7.153554014300454,2.4703971880576034,0.0127072970270396,2.872015528942116,1.5018752095808383,3597.65625,0.2924651073044667,0.1677024230197522,1.3930351397068386,0.1524057772886954,2741.1735721027303,0.0769518428905641,16.16669055635814,3.647735131157744,946.6021423771446,0.2921889176421307,0.0853743635928798,inner_race
0.2101075402125436,0.1736814618292417,0.4171694074646455,0.4035156354712879,0.0056334951885368,8.976480048599088,5.081194657784486,7.148126183675035,2.682118892695597,0.0121614578850112,2.872015528942116,1.5018752095808383,3574.21875,0.2955752162102149,0.167312265102759,1.4067806224908093,0.1788314180934316,2748.142337152773,0.0753711382986907,12.228852703369212,3.2386410930041465,927.009875733208,0.295324918318496,0.0872168073798263,inner_race
0.2048060319400261,0.1786697824317934,0.3924067235321906,0.4232040054453154,0.0057194885801955,8.543497411908525,4.86646330189139,6.831909169523708,2.626314577506069,0.0121984182221494,2.52278,1.3992162075848302,3609.375,0.2875221944119077,0.163775575753614,1.4038756167889797,0.1913256328376936,2751.0253110293047,0.0746680298913991,32.20027908552517,4.796184033775324,949.1530311060968,0.2872633127851804,0.0825202108723163,inner_race
0.2043963749844061,0.1841200698977536,0.4271123049276193,0.3822285980933779,0.0065390270637784,7.800093761451514,4.472523213530089,6.2400355134471495,2.329690075785008,0.0125006839835953,2.3990044311377243,1.275440638722555,3609.375,0.2851725028199173,0.1635160650280707,1.3951935441207004,0.1591852952881524,2702.3570955346427,0.0829497128521545,18.692682218770635,3.7320661505132406,939.9989944942938,0.2848983841030307,0.081167089264518,inner_race
0.2037387823766528,0.1861578968429095,0.419029615548706,0.3887709989995194,0.00604148858567,8.969403794393404,5.135447481631181,7.176240997118846,2.5049146222849457,0.0126297279074663,2.5505564071856286,1.462078602794411,3597.65625,0.2847032528370845,0.163007334301119,1.397393512987391,0.1859216631328763,2709.648206338669,0.0759221267566971,18.49954139160212,3.888521728670344,942.8609681600344,0.2844229810493524,0.0808964321490002,inner_race
0.20360323470247,0.1833091421741746,0.4441392770495727,0.3665856548315611,0.0059659259373592,9.550609274602632,5.404646769230392,7.603853759097988,2.9734099435566224,0.0124296186143338,2.7873868263473054,1.5481692215568863,3585.9375,0.2864515087962616,0.1621016185505401,1.406910402061439,0.2063017474435242,2704.2888372990365,0.0759164053610889,16.51856435147777,3.707128340969708,929.9453722453916,0.2861817105839521,0.0818999714727569,inner_race
0.206757157033589,0.1751216424792705,0.4170772506666639,0.4018958163883338,0.0059052904447862,9.495473395520085,5.282325121288015,7.487862784384175,2.797532461248574,0.0120485147088635,2.7873868263473054,1.5481692215568863,3597.65625,0.2930848037576658,0.1630428686459492,1.417531600659668,0.1893506015615887,2742.221076703549,0.0706986180336646,33.70678020314282,5.128864807376482,933.8228641752412,0.292837045960684,0.0857535354869798,inner_race
0.2064878859078717,0.1719087995917076,0.4139758811571816,0.4087879677944525,0.0053273514346933,9.137176300977035,5.072981735773259,7.201057684847098,2.675126166696984,0.0119010699304515,2.624139520958084,1.4869311776447105,3585.9375,0.2931079304227107,0.1627342111682482,1.419492136955124,0.1691051030662878,2757.0799606786445,0.0672608423719114,25.55340478435045,4.507359373218004,923.9396088411844,0.2928662210142971,0.0857706234111951,inner_race
0.2055418281795783,0.1735197430783547,0.4057744743597321,0.4148388225355851,0.005866960020969,9.149700829827465,5.128597074773168,7.234202355861138,2.614254070154165,0.0123439594638847,2.577845508982036,1.4869311776447105,3585.9375,0.2899294204566608,0.1625114531392552,1.410561650757307,0.208291680812931,2758.3843657861,0.0653963623035265,44.52548492292977,5.784018424206631,931.220791044877,0.2896665246642925,0.0839066955110892,inner_race
0.2104179753188934,0.1783065779977062,0.4229216356507548,0.3931632788253122,0.0056085075007355,7.891556289264858,4.491486916927923,6.293051606631504,2.4658177891743325,0.0128995542313809,2.381299001996008,1.3241711776447105,3585.9375,0.2948179972770385,0.1677959491267931,1.401106520629879,0.1962188042500146,2733.3364432994435,0.0659054917388929,57.79080152300816,6.44953754832597,923.548910218226,0.2945356566174553,0.0867512530190755,inner_race
0.2115703288345184,0.1695877071164645,0.4053791248116739,0.4189385496919754,0.0060946183743437,9.56923508433757,5.367933093067251,7.602354562433319,2.858858130137821,0.0124250184006986,2.7714681836327344,1.608432654690619,3585.9375,0.2996372396608163,0.1680837225248252,1.41625359903458,0.1811919918336211,2768.060070490248,0.0663156531894416,55.168087347053415,6.289679844771113,924.3243110639208,0.2993795155138303,0.0896280943092958,inner_race
0.2044395218157434,0.1786837429722549,0.4230172111911184,0.3920305191464387,0.0062685266529985,9.899152323280877,5.565888528142322,7.867523071885588,2.90217740712982,0.0120420902725798,2.7714681836327344,1.608432654690619,3609.375,0.2889803930779496,0.1624818572503323,1.4135250880619885,0.1907578382258821,2734.1657299131957,0.0745055351475549,13.837469515132875,3.5046610556378743,936.312648295266,0.288729381333721,0.0833646556453533,inner_race
0.2065344432424213,0.1767165007384245,0.419761491064103,0.3973399258222187,0.0061820823743647,8.935510609653358,5.0708473563836725,7.128651245060982,2.675626394312924,0.0120851577898889,2.6567889820359283,1.4723120159680638,3585.9375,0.2903483209989698,0.1647708877853574,1.4058106553112366,0.1404728758688388,2738.312942757745,0.0694374397647924,24.301835362973183,4.439567606568476,931.5604052118108,0.2900967019256066,0.0841560964681142,inner_race
0.211030676186689,0.1692016494456044,0.407551517858005,0.417543256635871,0.0057035760497282,8.671384896134638,5.029136739361896,6.976767750417372,2.3755601849783234,0.0121609026868138,2.6567889820359283,1.4723120159680638,3597.65625,0.2927564097521183,0.1697897202815161,1.3872694484148376,0.1272697948365334,2770.657175500144,0.069202904650206,25.26625417129359,4.467680125578784,927.9576980253718,0.2925037228768072,0.085558427896792,inner_race
0.2097609379093375,0.177878845460278,0.4016865877520583,0.414603770866756,0.0058307959027419,8.429199965931854,4.905552140357135,6.785910933194795,2.056106324378513,0.0120922960524263,2.4543948103792417,1.423419041916168,3585.9375,0.2901648991162369,0.1688676324762937,1.3833123650584145,0.1864715925612213,2753.1061731076898,0.0691603960041277,17.71005131008644,3.823591312029853,939.4951490792472,0.2899128231991755,0.0840494450553163,inner_race
0.2085002414312,0.1689283760871533,0.3986717770416189,0.4266092239317211,0.0057906228468379,8.114248824312384,4.607485361579169,6.449095668964554,2.157395741030011,0.011925815907248,2.577683073852296,1.344638003992016,3609.375,0.2918377159056572,0.1657131834512066,1.3996996545539089,0.1957830032719844,2782.5364026876773,0.0718666381999477,23.4115505482186,4.123599939401741,930.751217305838,0.2915939425639318,0.0850270273399775,inner_race
0.2092636389525635,0.176115448328856,0.4313909239660338,0.3867103584281227,0.0057832692596037,8.631893460798599,4.899480322211983,6.868792257787716,2.43885975745748,0.0118446776564059,2.6704335329341315,1.4373884630738525,3609.375,0.2933756987567429,0.1665206445841454,1.4019430237627002,0.1897612542491823,2736.317448771716,0.0717797008089269,20.93862852877135,4.082703507514477,923.9357341627688,0.2931364942006079,0.085929004232223,inner_race
0.2066710219989707,0.1695048575557638,0.4092006782949436,0.4158625835176688,0.005431880612278,8.686039389452672,4.957631857513306,6.954958896371117,2.758181105062097,0.0113519789132672,2.6902506187624757,1.4373884630738525,3609.375,0.2899344897696439,0.1654826093488882,1.4028792569240205,0.1849994687509612,2764.067132046614,0.0735117482390708,26.348952253614,4.464289074251534,929.6518640911778,0.2897121691139958,0.0839331409327364,inner_race
0.1265626638129989,0.0435697017603374,0.4710614430271188,0.481338901444213,0.0040299537568248,16.519364380355892,7.804016139588632,12.716287860747157,15.75434664560959,0.0508044421313622,3.0489073852295414,1.609407265469062,3539.0625,0.206228080091323,0.0974254958249422,1.629454326246109,-0.0777349012401293,3028.994664182705,0.072509448916131,7.116062707626394,2.689465537726253,679.2082968445678,0.1998722834158708,0.0399489296778742,inner_race
0.1260438707545845,0.0391502877289204,0.4239434503410274,0.5317413896034929,0.0051648723044342,16.822865985769344,8.073270588600222,13.039258734878164,16.572808966505338,0.0504859963081649,3.2529259081836326,1.6435186427145707,3574.21875,0.2035753199001262,0.0976955201393652,1.6151147904407062,-0.1322255640202334,3077.6428100729754,0.077695819256929,6.7481469450246845,2.589408132444968,669.6640376763397,0.1972158083146752,0.0388940750492107,inner_race
0.1244548935137537,0.0483718725715314,0.4331312897843691,0.5139706092021515,0.0045262284247875,19.971382049536533,9.286751458071206,15.3827654748681,23.269644600896243,0.0500394583294348,3.7987079441117766,1.9144604391217563,3539.0625,0.2061496366910821,0.0958601880617563,1.656420497987893,-0.2120383062581581,3044.817170013784,0.0757224036121148,7.624441548907063,2.7193333668135065,702.657566667693,0.1999843126796746,0.0399937253179618,inner_race
0.1252349469810378,0.0465399882699907,0.4006526747296962,0.5477531315118767,0.0050542054368286,20.081558708046224,9.179785148056178,15.286950529963727,20.1689543682492,0.0497002322308507,3.7987079441117766,1.9144604391217563,3574.21875,0.2085517698120793,0.0953342550224786,1.6652841306640758,-0.2053353882442702,3079.150655524635,0.0789447065964953,7.112603355438008,2.647161785207901,701.487066398533,0.2025431499901935,0.04102372760795,inner_race
0.1311693811985403,0.0509461488888055,0.4146916558887026,0.5299884548812261,0.0043737402846603,17.87837819359552,7.950580815057992,13.439938855894136,14.977428284304242,0.0492511562032185,3.290773293413173,1.7629084630738523,3515.625,0.2217332927092564,0.0986056142220646,1.690434846022769,-0.1097208312500392,3056.632695371865,0.0775167803722329,6.829677801636976,2.6551402434829905,714.7250377060428,0.2161943031357092,0.0467399767083349,inner_race
0.1273393067770707,0.0464367246398917,0.3868876959675809,0.5619561119101361,0.0047194674460744,18.20959154317738,8.300464981141882,13.844181405511534,16.012339131091007,0.0488187361215069,3.290773293413173,1.7629084630738523,3703.125,0.2123867117178454,0.096812081638062,1.667880225621651,0.0570185854378855,3091.814480067917,0.0788212643231718,7.653836747772468,2.702616364944612,702.1648410268373,0.206699894334317,0.0427248463178178,inner_race
0.127453677605726,0.0466532568036647,0.3960218127071213,0.5521411518841532,0.0051837785685946,16.787501864872247,7.67084414443848,12.772678676996795,16.587791629314104,0.0486477350767215,3.243991976047904,1.6279248702594808,3679.6875,0.212222389036513,0.0969724312386171,1.6650942760005434,0.0265198983733535,3077.678162924739,0.0833202750417257,7.767636344371798,2.7535540070628186,701.50899042724,0.2065713926957704,0.0426717402802702,inner_race
0.1241455688037986,0.0529245497738671,0.425091753407146,0.5169623922650555,0.0050213044724333,17.183233762253238,7.828786110998478,13.113032433983014,18.95505686226371,0.0483667254748315,3.243991976047904,1.6279248702594808,3574.21875,0.2079409051643967,0.0947391447258069,1.6749764584270377,0.0776320650313146,3035.96887972386,0.0849531971752366,6.334404128294386,2.509350640983232,725.421128252973,0.2022376817198785,0.0409000799074309,inner_race
0.1230187544052519,0.0512720355965424,0.3896707472726983,0.553550301742501,0.0055069153755475,16.710978104240404,7.701907241989064,12.772320916240398,16.87729714763575,0.0478764854665668,3.0687244710578843,1.57123500998004,3714.84375,0.2040059637973852,0.0940241199634712,1.6583322175848314,0.0405686685589269,3068.496214811122,0.0817042708018405,7.771463075132893,2.7272915038164287,727.1978394727553,0.1983085358835309,0.0393262754042696,inner_race
0.1191879661575286,0.0499920918843919,0.432819548220152,0.5120885377258397,0.0050998220489147,19.771875972120775,8.7639092567386,14.995421015681414,21.957044680830627,0.0474679389073415,3.489269021956088,1.7872737325349302,2730.46875,0.2039356730172313,0.0903947473196304,1.71104247846375,-0.0660712622627892,3029.0851705580094,0.0847867273081861,4.618789966817654,2.2640586386050865,713.7714642967262,0.1983344486086065,0.0393365535048799,inner_race
0.1197558545993949,0.0473015448776231,0.4368018480828344,0.5109188620850091,0.0049777448907949,19.638821045611653,8.789972121966159,14.924311955467108,21.519986604546705,0.0469993516287736,3.489269021956088,1.7872737325349302,3679.6875,0.2033309898752158,0.0910071805422505,1.697879327531793,0.0030769726335769,3057.0094515656883,0.0806883151872968,7.17056722244406,2.6707411418910456,714.0169819746691,0.1978245495132239,0.03913455239011,inner_race
0.1215760322324101,0.0439081667837132,0.465736236538231,0.4854907496667563,0.0048648469828344,17.305360671313935,7.789988266027696,13.102922410891134,17.273269070633628,0.0468181190743512,3.180804710578842,1.5930013173652695,2625.0,0.2044934168017148,0.0920524771266913,1.6820208148493954,0.1060445442600455,3027.7593147517077,0.0817394538753828,4.779232123849219,2.3254589271847275,697.3269027790336,0.1990618528035438,0.0396256212415797,inner_race
0.1168275806784867,0.0479213986764625,0.4739316820372815,0.4736729136576096,0.0044740055295365,17.860038177179828,8.304534876599357,13.635490079600814,15.755853572930214,0.0465355231918974,2.8603201996007988,1.5930013173652695,2625.0,0.1918230630657055,0.0891936121055263,1.641933026017279,0.0490941706832812,3017.1563419011272,0.0837897555458197,6.589482196296657,2.5767076827298063,721.7000317027926,0.1860928064304636,0.034630532605166,inner_race
0.1188058311696918,0.0379003805080371,0.4775564904178951,0.4810629777493245,0.0034801513125437,22.147694524998897,10.145669963323185,16.92496446732363,23.568197912501724,0.0460808951822916,3.945061996007984,2.010784471057884,2625.0,0.1981913937992181,0.09078978711704,1.6681958439913518,-0.1181850764330527,3031.5212628176373,0.0767328442272386,5.614904402461351,2.431468524804452,670.1086272150703,0.192759901627064,0.0371563796752753,inner_race
0.1117702009847492,0.0419179933383279,0.5209428318799967,0.4336600109973584,0.0034791637058409,23.586180605300783,10.605170199605777,17.990344951891522,27.076807432652245,0.0456754418701659,3.945061996007984,2.010784471057884,2753.90625,0.1896041678928104,0.0852526530135183,1.6963749391367875,-0.0695649970072321,2995.1787519853947,0.0773608543161392,6.940331777952002,2.6383215938067743,684.2602207186668,0.1840203643412602,0.0338634944922901,inner_race
0.1132173647431698,0.0358490906658876,0.4840850705171134,0.4762019544940672,0.0038638842697181,18.426589186744074,8.381761612862114,14.024380419164997,16.66837062370485,0.0453894354844997,2.9257815568862275,1.5878033932135729,3515.625,0.1894355228114614,0.086169142705793,1.673202014913438,0.0525202389723584,3040.776729310184,0.0762300017399911,6.472702685919607,2.5665487040714043,660.4603528711585,0.1839174174711307,0.0338256164492501,inner_race
0.1132413968937125,0.0437253328550344,0.5154359743135405,0.4367431898766706,0.0040955029116404,18.18316538891478,8.472411943170227,14.021404157561498,19.299077466822684,0.0451875812827469,2.974836966067864,1.5878033932135729,3515.625,0.187408662829896,0.0873227163286742,1.654948349019363,0.0632326405425655,2996.267837711789,0.0822158987800649,7.413427302427333,2.699548069680254,694.2523948345175,0.1818793264818868,0.0330800894015047,inner_race
0.1166738700918475,0.0370982433381021,0.4576142789262853,0.5009909699544637,0.004296507730613,19.504633028763447,9.215278778562956,15.109711040578862,20.28171229579503,0.044720183714602,3.3292704191616767,1.7629084630738523,3515.625,0.1913027815474035,0.090384087743363,1.6396368903920553,-0.1083527511436347,3069.404522045292,0.0771378758036849,6.923461595952778,2.6542179275767213,682.6595030083973,0.1860023101907764,0.0345968593963058,inner_race
0.1172054327088011,0.0434796073807038,0.4499582887754708,0.502274498072102,0.0042876057415159,19.398692104434332,9.214400988823906,15.04118386264422,21.076496332363867,0.0445983573672966,3.3292704191616767,1.7629084630738523,3515.625,0.1913210055881086,0.0908776969902455,1.632356121780199,-0.1392456251574219,3050.923103633869,0.0782614307993605,8.628054301901521,2.8016650440741944,708.7840911495889,0.1860502988425012,0.034614713699384,inner_race
0.1124780786863772,0.0430680943987203,0.4586990988654073,0.4945596723515027,0.0036731343674991,17.65083453054124,8.025679129978874,13.475356383308798,20.76888743318748,0.0444856521332335,2.962816766467066,1.5156821956087825,3691.40625,0.1888540734138186,0.0858702852256757,1.6790300440710826,-0.0248581132019533,3046.78323077309,0.0775945406723622,7.211155224348564,2.699054321775922,704.5990999666444,0.1835398806779413,0.0336868877992729,inner_race
0.1097472966956711,0.053387429684333,0.4126904991231768,0.5297233589471294,0.0041987121943783,18.08998389286861,8.230158155967361,13.810656309938675,19.606289882261866,0.0441633199226546,2.924644510978044,1.5156821956087825,3703.125,0.1841619768278476,0.0837857128334034,1.6780547892539728,-0.0731596910179062,3064.371110710845,0.0828693459196826,10.588082885998135,3.066104785412848,751.8403360073847,0.1787882403362982,0.0319652348825499,inner_race
0.1110522504015406,0.0493743298105546,0.4421381677476368,0.5040361586884344,0.004451343624844,19.7150830120187,8.98556670880792,15.054016008181934,20.17624714344501,0.0436310434794473,3.239931097804391,1.671782355289421,3445.3125,0.186051966388574,0.0847971248343347,1.6753552108656138,-0.1237180458160202,3048.080783664462,0.0862811532454721,7.691990671440347,2.7609071185224026,729.0874850551904,0.1808636675563936,0.0327116662419496,inner_race
0.1188989458387911,0.0579200104597455,0.3691528531493195,0.5677206424251213,0.0052064937707338,18.346555987605345,8.469232857005174,14.06053134866396,18.33906935895409,0.0426105891927083,3.239931097804391,1.671782355289421,3703.125,0.1973947798479335,0.0911224077379347,1.6601894865878015,-0.406678624298036,3072.21988253557,0.0887913790318179,7.600944250420657,2.7671868935376622,769.6852031890261,0.1927408539979637,0.0371490367998643,inner_race
0.1156186762607597,0.0596405758900471,0.4549439298964324,0.4806435276821053,0.0047719663584915,17.22650648780994,7.927667901912402,13.175351041651664,18.242704494393035,0.0430880596424338,3.023242634730539,1.5233166467065868,3445.3125,0.1921519248225717,0.0884286461555358,1.661945379734355,-0.1474780483363142,2995.5275270781103,0.0876921506078654,6.624090721697177,2.6159787159754635,760.8008683632061,0.1872585948074729,0.0350657813292693,inner_race
0.1197353122660927,0.0602124664936223,0.3514371594288253,0.5833520168818472,0.0049983571618391,18.149932829360047,7.853797606800753,13.575680495165724,18.13714567333862,0.0435775065104166,3.23343369261477,1.625488343313373,3398.4375,0.2069684533130611,0.0895589178536197,1.7285498270811417,0.0398889840106927,3071.7082713338177,0.0922412488221078,6.351657598961255,2.5932624972610743,771.9343050481378,0.2023287957586249,0.0409369415931353,inner_race
0.1146329615183694,0.0470588773500742,0.4531099030927892,0.4956150194265415,0.0042162000720008,18.590799928261703,8.445792096024471,14.17993849049163,18.60578080863306,0.0424530715327158,3.23343369261477,1.625488343313373,3574.21875,0.1924613256912289,0.0874350942178829,1.6789353004754028,-0.1491680355589532,3030.4523478274778,0.0841712876218901,5.392546665311718,2.440742023677474,705.9980746679007,0.1877207996047944,0.0352390986042634,inner_race
0.1141794439051584,0.0598459973931089,0.3926082220822943,0.5432412231337361,0.0043045573395141,17.78814712633878,8.27993852988327,13.688548173885987,18.04900290284365,0.0419443513558819,3.106734291417166,1.5629508183632734,3703.125,0.1887635774978764,0.0878647341548588,1.6532185745682062,-0.1913409968822098,3043.48457697771,0.0905432927029297,6.993129153533928,2.629662043735306,768.6290133870236,0.1840444500090429,0.0338723595791311,inner_race
0.1160637865869822,0.0487970339965568,0.4484856080339247,0.4983800653620999,0.0043372924437957,17.51393294617871,8.084562148005464,13.46630903853842,18.28024497668161,0.0417251273819548,3.106734291417166,1.5629508183632734,3445.3125,0.1933253514228804,0.0892404249328981,1.6656819246371537,-0.1624796182672603,3037.6152521439217,0.082220932383172,5.766839067642525,2.527059155928677,720.325353924625,0.1887689202377866,0.0356337052477398,inner_race
0.1121796199982846,0.0615439078169536,0.4252854823997929,0.5091986794754025,0.0039719302686872,16.751743257399063,7.841867470036911,12.917531655369558,18.24446611695952,0.0417343278092252,2.86080750499002,1.4490837924151696,3691.40625,0.1847881002773882,0.0865034623650362,1.6472519721515717,-0.2281780365058833,3019.558209599875,0.0881184004494203,6.968960533332943,2.6086520698492386,774.894071621366,0.1800135769502906,0.0324048878864382,inner_race
0.1170226138738148,0.054631809563346,0.4579335915096843,0.4832395603949495,0.0041950385161471,17.90568759422289,8.331141037996744,13.696048755823716,17.067502828020732,0.0412645508202345,3.014471137724551,1.6027474251497007,3714.84375,0.1923803015505169,0.0895105209847854,1.6439583357620104,-0.3045499593943114,3017.8371947570254,0.0844706004739119,7.203591558541593,2.703435586057385,744.717825547395,0.187902680316892,0.0353074172702721,inner_race
0.1168504231186065,0.0612498003458734,0.4556598428305421,0.4788582260566259,0.0042321306763492,17.81657815079285,8.389480256875979,13.71623124995334,17.771317627417293,0.0405331961662612,3.1676474650698605,1.6027474251497007,3714.84375,0.1910425170660717,0.0899582069904022,1.6349321805378327,-0.2029283230905819,2985.899650478322,0.088039789302552,6.196776952571639,2.4945585226396485,763.4061989831449,0.1866930725428442,0.0348543033354876,inner_race
0.117776890281936,0.0483572955724278,0.4739376659194141,0.4736272231022117,0.0040778153241505,19.45605902193938,9.011454868988784,15.030266461226825,21.48743959976437,0.040308658152445,3.539948782435129,1.7702180439121755,3714.84375,0.1964408710522477,0.0909854375912414,1.6679067564273826,-0.2772250336014548,3021.990839908267,0.0762837822978202,8.546233683007419,2.839833010327543,717.449183082945,0.1922608329788341,0.0369642278977151,inner_race
0.1153551157450723,0.0591420530014148,0.4513688648223085,0.4854545032356274,0.004034578879319,19.86635631235638,9.251731799010065,15.345813078842973,21.487816955668407,0.0402288682400823,3.539948782435129,1.7702180439121755,2742.1875,0.1913391008699138,0.0891063271029294,1.6586962757053745,-0.163478216858355,3004.9085575545982,0.0829866065768094,6.964100970224447,2.648906910798538,756.1950787735567,0.1870622615115864,0.0349922896818291,inner_race
0.1188297046921781,0.0508546082722882,0.4597308437485295,0.4854091492735115,0.0040053985460089,18.098420263912654,8.402455852561815,13.934762497847448,19.83169454276894,0.0403524394960079,3.306204630738523,1.6558637125748503,3714.84375,0.1970690166815926,0.0914921682903208,1.6584154373865465,0.0487243444171686,3028.943871114964,0.0773678088469383,7.244002660409036,2.69190611650446,726.4193128855187,0.1928934368053275,0.0372078779625708,inner_race
0.1192335717237399,0.0594691261547686,0.4447647346279209,0.4916021765858975,0.0041639626308174,18.085270201287265,8.388025678373596,13.887562778136251,19.156483243699338,0.039643372083957,3.306204630738523,1.6558637125748503,2742.1875,0.197408040469413,0.0915586935746743,1.655641423933861,0.0630503537923332,2996.065510818132,0.0835764955932685,5.186619809771644,2.36496153218546,749.609123793641,0.1933864976977098,0.0373983374917863,inner_race
0.1211946903848552,0.0523734972034916,0.4614446335362734,0.4822212051006115,0.0039606641512593,16.82162806935932,7.744762365086558,12.813101262012154,14.809691589770662,0.0389987076627993,3.013983832335329,1.552879840319361,3714.84375,0.2005070997813637,0.0923144795448152,1.6544214861612414,-0.0169037430942238,3023.7959271527548,0.0747094179347795,6.382675854268376,2.5573313275690626,735.6969494874926,0.1966779038513611,0.0386821978633652,inner_race
0.1204738844966317,0.0615981728985889,0.4135417653850239,0.5205680508853471,0.0042920108158992,17.66852585088096,8.025963207183054,13.437173622796834,16.703025446470026,0.0388982961031062,3.171708343313373,1.618828502994012,2718.75,0.2016989688596127,0.0916221600294569,1.674213209795289,-0.0340274591226896,3022.940196366349,0.0803038912918042,4.862331114735162,2.34405193458908,766.3946940334445,0.1979125983845042,0.039169396599306,inner_race
0.1236576289023515,0.0535323042800399,0.4511481270068522,0.4913673800512231,0.0039521886136526,17.227913152051055,7.818666222239963,13.091214164168951,15.359757998554798,0.0389824482870196,3.071810738522954,1.618828502994012,2718.75,0.2070466313537343,0.0939654436788987,1.6743538849287851,0.0149781371520696,3025.1650405059418,0.0762315490449886,5.154207766765692,2.4215604669526365,731.9774841965857,0.2033437392212482,0.0413486762804789,inner_race
0.1221549453241953,0.0573411964655565,0.4152244010427605,0.5227386061367899,0.0046957962444771,17.697498390814687,8.0348721219902,13.494269038654206,17.35130597158277,0.0386455222952532,3.202895888223553,1.6483916966067864,3562.5,0.2051546896552832,0.0931426385924877,1.6794628257645177,-0.004282525299773,3045.4301232902817,0.0823388889570007,7.728625977551271,2.721041062251361,750.7202525172947,0.2014819354038536,0.0405949702940826,inner_race
0.120424868427208,0.0569507604149956,0.4684195889742414,0.4704009200199623,0.004228730513183,20.75419211929428,9.111639327489888,15.782898315912885,24.7128600684096,0.0382376102482534,3.786038003992016,1.9006534530938124,2707.03125,0.2085962124685429,0.0915792550328594,1.732168904918762,-0.0603141006087684,2993.504944480489,0.0837970906278086,5.696252590008701,2.469275520085885,737.4047327060258,0.2050616127380357,0.0420502650187241,inner_race
0.1219917170541728,0.0581516218859454,0.4213773953989356,0.5155466731320733,0.0049243095396545,20.40936573374368,9.220799388284592,15.58018445014418,20.98003527923116,0.0377234174034742,3.786038003992016,1.9006534530938124,2753.90625,0.206126754640023,0.093126532097535,1.689678279948206,-0.0887915894243816,3031.376587863017,0.0872863334800795,7.770082370402486,2.6820222638456146,757.3284372004512,0.2026454607382842,0.0410651827578315,inner_race
0.1213282552083332,0.0589368266465714,0.4652344120760492,0.4711836793410827,0.0046450819184407,19.72762394661241,8.987064543143351,14.989284313469131,17.444953339791827,0.037540598568488,3.439076566866267,1.81862371257485,2707.03125,0.2023601481712248,0.0921866575263434,1.6678732239555525,0.1102490035834365,2984.899415664337,0.0851362603958532,5.396045223630649,2.420512626263327,749.6391913136292,0.1988475119960009,0.0395403330269997,inner_race
0.1289679410319985,0.0742143572443112,0.4009692653890539,0.5192116767204904,0.0056047004947632,19.004742569945343,8.104062561706213,14.155521198099438,18.09097951304296,0.0376578247021581,3.5826692215568867,1.8256084231536929,3562.5,0.2252707712030955,0.0960606762461893,1.7467191412104748,0.1088912318616943,3003.9871486791485,0.0967149621521601,10.196142794973042,2.971464202721957,813.3229268461758,0.2221008973352853,0.0493288085971389,inner_race
0.1207782124228105,0.053407352533379,0.4633701529348918,0.4791474224981491,0.0040750719668709,19.802215114554823,8.937384050099721,15.115378730418287,19.20020027910833,0.0372740241197292,3.5826692215568867,1.8256084231536929,3574.21875,0.2042665295482432,0.092192131667727,1.69125312794963,0.0628732812352727,3018.015395142004,0.0814611907566197,6.641989802684721,2.6355547383985622,728.4227656500248,0.2008369045260486,0.0403354622196051,inner_race
0.1186909844568674,0.0647535849856607,0.4476570441462163,0.482531763924229,0.0050576068823765,20.36738711556248,9.250223880384183,15.522149807313088,19.476289067809304,0.0370262470956524,3.5854306187624747,1.842339241516966,3574.21875,0.1991669893983635,0.0904553554691979,1.6780296356101183,0.1381780506542834,2995.5419126110305,0.0934507388794471,9.316826195739562,2.871639422593097,776.5344329835675,0.1956950349191811,0.0382965466920195,inner_race
0.1204008362766653,0.0489630713221081,0.48167066899542,0.464937290911896,0.0044289687224875,20.311055908638977,9.067970051376143,15.404247750534084,22.16392166414111,0.0362621357480351,3.697023552894211,1.854684311377245,3574.21875,0.2045313670942021,0.091314027184002,1.6987537081903303,0.114196856933927,3010.7178237540543,0.0799890420693081,5.984908685710446,2.5246572518405275,712.1996671615572,0.2012911762507595,0.0405181376364143,inner_race
0.1188119383498627,0.0542972856034648,0.4710533384125523,0.4708862463293359,0.0037631296073653,20.320686665279133,9.302858288032994,15.610252110489096,21.76104149389294,0.0363776962871132,3.59338994011976,1.854684311377245,2753.90625,0.1993671465213087,0.0912707499469614,1.678006009246621,0.0931293562535567,2995.754067957545,0.0823318719672103,7.131200105460525,2.602525517611808,731.539480457272,0.1960202089706352,0.0384239223248915,inner_race
0.1228425979486339,0.0475108343272979,0.4645924445427195,0.483986691198321,0.0039100299239071,17.452135331797713,8.000422900281617,13.32352453136693,16.080578677172213,0.0380716059872442,3.203870499001996,1.636696367265469,3574.21875,0.204576231489945,0.0937820121233769,1.6653525316640374,0.0585465115650679,3028.1144232375414,0.0785024979338393,7.399033975805988,2.6894387090167813,710.2515968349966,0.2010024559754919,0.0404019873081795,inner_race
0.1222757405891341,0.0533165220792288,0.4463658276969381,0.4965368066620274,0.0037808435248743,17.717714609909425,8.286004418984762,13.592526526497965,16.475255657616355,0.0388568941803892,3.2165404391217565,1.66203624750499,3574.21875,0.200583557944642,0.0938064690677104,1.6404198983233684,0.1019868996524942,3010.902743848528,0.0805976405416689,7.186533945597619,2.6411471124241066,726.0838399191498,0.1967839055725483,0.0387239054923856,inner_race
0.1179136276665418,0.0476205811048724,0.4673821541062855,0.4805092625660262,0.0044880021870655,18.380609729416573,8.507108873791136,14.095370318053533,18.92654687409719,0.0382780604026322,3.2165404391217565,1.66203624750499,2695.3125,0.1953702805691629,0.0904233467753273,1.6568931380999268,-0.0114105253546567,3019.6449579807595,0.0786993841698779,6.934923466712556,2.6274035961044846,711.7591532346734,0.1915837587622862,0.0367043366214858,inner_race
0.1148307707046843,0.0607806428052381,0.486095875961437,0.4487082351992577,0.0044152459930729,20.114843413827863,9.037907141386915,15.251796692772968,20.75858420894833,0.0376325235271644,3.3783258283433133,1.7513755688622754,2765.625,0.193781097931652,0.0870688144486523,1.6875363349254875,-0.0883812020706668,2967.268614957125,0.0823179175897248,7.993422677050203,2.8087281668671995,755.2284652905099,0.1900918385638214,0.0361349070885739,inner_race
0.1184693810620945,0.0484997783146679,0.440820152321456,0.5058732375542334,0.004806831757536,19.57504029642685,8.843058283951423,14.783360503456247,16.4994206833127,0.0369150488281249,3.3783258283433133,1.7513755688622754,3574.21875,0.1980508906110808,0.089469832109718,1.67174749150816,-0.029470286568675,3040.760790252391,0.0799465753313685,6.403672704687063,2.569699398145344,722.3414390522203,0.1945801491464621,0.0378614344418594,inner_race
0.1195224334144211,0.0550402453841138,0.4390306723311149,0.5017341294843416,0.0041949527142437,20.06333836838628,9.069066570068092,15.153236466722236,17.598040201534094,0.0368581806699101,3.602811177644711,1.8111516966067864,3574.21875,0.1997065169401648,0.0902717017154339,1.6708705741266223,0.0447903985955726,3019.532157259438,0.0817345629875021,6.496677132607173,2.597076235547501,748.5470059284486,0.1962757433461318,0.0385241674260766,inner_race
0.1241696009543412,0.0477145992144045,0.4217127392731322,0.5265440501765584,0.0040286113156599,19.189297275510494,8.717723395536575,14.586111920201546,18.320766414129555,0.036541876325474,3.602811177644711,1.8111516966067864,3574.21875,0.2077551230329337,0.0943834300236825,1.673156081973139,0.0562128988918525,3043.1433314905894,0.0792324032074321,6.399098070831899,2.5691147559795997,714.5136765262382,0.204516215545475,0.0418268824210432,inner_race
0.1224090674705276,0.0463311097095026,0.4094816150687403,0.5397120612055358,0.0044752140108779,18.964260944064392,8.674650483285463,14.474764262346712,18.36725200464882,0.0356604595301584,3.383198882235529,1.771842395209581,3292.96875,0.2042551914481871,0.0934306061509952,1.6686279510900244,-0.0270287016197055,3066.532249997429,0.0812604071212005,5.886438094394654,2.5136749086258696,722.2596382379911,0.201118161436588,0.0404485148596334,inner_race
0.1216340107870196,0.0531615458727539,0.4112655163492787,0.5306119220872856,0.0049610156565669,19.278701497950745,8.656501339904358,14.566998027484804,17.968902171735117,0.0354133170183071,3.383198882235529,1.771842395209581,3292.96875,0.2046834310579749,0.0919067290604567,1.6827812363794712,-0.1093877390989804,3037.2663948977424,0.0846155699571254,6.183131346266634,2.521510170169873,741.9448669169982,0.2015966366967108,0.0406412039274256,inner_race
0.1187225514400885,0.0559932042905061,0.3924408952572606,0.5461591614501574,0.0054067388412651,16.271057102469673,7.4652713898494705,12.343819457573725,15.01009064909399,0.0347848326589009,2.891020439121756,1.465489740518962,3714.84375,0.1963076308935785,0.0900672729061054,1.6534990910521503,-0.19497359662965,3048.084932526159,0.0888588615481298,9.96384720414885,2.927891387871627,760.8975452348459,0.1932011940023708,0.0373267013639417,inner_race
0.1164304553393213,0.059996974728743,0.4373811158481434,0.4973322889524125,0.0052896203673588,19.963842132231413,8.808696413560984,15.029690020490916,19.86230481353545,0.0345479216566866,3.449797285429142,1.7499136526946109,2625.0,0.1986575050992357,0.0876541519965935,1.7062331717270578,-0.2972537006188615,2995.3418546351504,0.0910269157391388,5.481137058106441,2.4173441161179268,769.8050238096731,0.1956303796486024,0.0382712454414563,inner_race
0.1181355483174276,0.0555994292328193,0.3996482504626387,0.5391873841356352,0.0055649360274326,19.53465629485175,8.75037831357015,14.812761083502416,19.707674320819365,0.0345004918678268,3.449797285429142,1.7499136526946109,3714.84375,0.1999814853697047,0.0895799560679135,1.6928137907512726,-0.3427278057646206,3048.671186699947,0.0902086213749635,12.71305926283411,3.155496042867294,769.7454178685642,0.1969830209727514,0.0388023105515514,inner_race
0.1175671046773639,0.0524849673179456,0.4100105983457663,0.5319433090425356,0.005561125258449,17.3700908227709,7.628621503292282,13.074436399134054,18.13527704042527,0.0336084469927332,3.015120878243513,1.537123632734531,2625.0,0.2014942846582642,0.0884925501206635,1.7138661806056996,-0.2353261608081363,3047.558582408237,0.0886016249735205,4.012280797064452,2.2090479053674903,743.331837319739,0.1986716362259149,0.0394704190406822,inner_race
0.1202545812086763,0.0561727069940154,0.4372725453866651,0.501395970204157,0.0051587773885652,17.306403238036623,7.322987386745414,12.782245942607195,15.898839978299376,0.0332363055724488,3.015120878243513,1.537123632734531,3679.6875,0.2099039028138598,0.0888182028115574,1.7454961025527678,-0.1601102606519923,3019.9228564573223,0.0932001242973072,11.160375965229337,3.0877799737668954,763.0989554406484,0.2072558718308968,0.0429549964083851,inner_race
0.111362526879834,0.0509629667717785,0.4256098006261677,0.5182935212465227,0.0051337112621067,23.214795035963352,10.154113988793664,17.520891749776194,23.79754622657756,0.0329878940361464,3.7808400798403192,1.9511707784431136,2625.0,0.1921556898609248,0.0840485895059786,1.7254968546849772,-0.2986554963694091,3048.134230130036,0.0899738982355333,7.299662887192403,2.618094277736552,734.217394017524,0.1893029529431274,0.0358356079929879,inner_race
0.1124131998113148,0.0555911179042189,0.4673378524450574,0.4722381520386685,0.0048328774660289,22.73719910593425,10.284845849007,17.357132273773427,23.90350961025042,0.0326258254974426,3.7808400798403192,1.9511707784431136,3714.84375,0.1897131767542727,0.0858140340572498,1.687641460902329,-0.2795867864767541,2993.8422676468285,0.0889860150275963,10.220692997515863,2.957472122111548,748.636921004623,0.1868867168763162,0.0349266449448083,inner_race
0.116613036232223,0.0491898425550397,0.4342196207885019,0.5122310772995832,0.004359459311455,20.26646071698328,9.23022417677411,15.369715766491874,16.46971790506438,0.0324808394539046,3.405777365269461,1.792309221556886,3574.21875,0.1941782980815189,0.0884372089723062,1.6651508643924906,-0.1100333892655739,3039.782089558749,0.0798070446618463,7.907828084631177,2.7005842626183725,722.527405377319,0.1914424365552342,0.0366502065142048,inner_race
0.1122333949093999,0.0583468931110347,0.4939604498542727,0.4429692374148,0.0047234193913446,21.10283228436336,9.437150254091904,15.969482372013452,18.60826434547963,0.0320032896901509,3.405777365269461,1.792309221556886,3703.125,0.1899205981996259,0.0849321644320198,1.6921932937423732,-0.0549404242166588,2974.047177114384,0.0871498993768404,8.815516989414313,2.864543664757241,760.4275304537722,0.1872047624114088,0.035045623069512,inner_race
0.1136531953280937,0.0458419030556107,0.4441610609799404,0.5055172731646145,0.0044797626614666,18.066743783119247,8.164269263099108,13.721916714586396,16.703931770563468,0.0314714891311127,3.068562035928144,1.5595396806387225,3574.21875,0.1910201183206359,0.0863210160812645,1.6807280936466371,-0.1334487503488128,3047.445996369735,0.0803984111031592,11.28578440596122,3.1344260657500427,710.5938137058171,0.1884097422510311,0.0354982309750999,inner_race
0.1146748393252557,0.0501290075845624,0.4833088055529334,0.4623410893924572,0.0042210974411311,18.403765315154715,8.475668792849522,14.160595310800076,20.22238123507056,0.0316162372325661,3.192824910179641,1.623863992015968,3703.125,0.1915912515819326,0.0882354216220517,1.670734859619176,-0.2015511097488859,3005.487503385329,0.0833502468273441,8.399046162136548,2.802752148914052,728.1782622233112,0.1889646031032942,0.0357076212259855,inner_race
0.1110144969241204,0.0458830060832144,0.4541490816289479,0.4959728217698441,0.0039950903935589,19.14117934638345,8.677058885755331,14.62749493992569,19.95008924325723,0.0315469167719248,3.192824910179641,1.623863992015968,2625.0,0.1871445167534566,0.0848361515573376,1.6857664713949188,-0.1236362279765453,3039.174203617874,0.0765662377726646,7.700354605347833,2.7381906563905387,707.8635037467418,0.1844664256526646,0.03402786219307,inner_race
0.1108997295253243,0.0496103627827869,0.4564403936210289,0.490397754916246,0.0035514886441714,21.287784991549564,9.475420357760042,16.18057037581639,21.38743672760302,0.0309342159041292,3.3728030339321355,1.794420878243513,2625.0,0.1893763875893848,0.0842934518060864,1.707636153847788,-0.228517794702989,3024.811297548138,0.0761234113056745,6.798748042109381,2.628469254673846,722.3157317293322,0.1868327874405389,0.0349064904628016,inner_race
0.1101239590155625,0.0529942571752447,0.4695699321177953,0.4736856853257843,0.0037501253474861,21.33962032223206,9.651261153283007,16.294554738900437,21.324309961106486,0.0308524431410616,3.3728030339321355,1.794420878243513,2625.0,0.1859260515018927,0.0840886975094888,1.688334247732756,-0.2409362632618134,3009.516381913078,0.0770785680896559,6.948859957709839,2.654812617180961,737.6935460344881,0.1833483661757366,0.033616623379312,inner_race
0.1102714831080027,0.0536308477581428,0.4529872486302566,0.4894829226681293,0.0038989809150585,17.318432532989327,7.718916290470439,13.12485300093864,18.20720728067351,0.0305499394375311,2.88907121756487,1.447297005988024,3539.0625,0.1875000261079158,0.0835697458895956,1.7003491820661691,-0.126065926633807,3019.9126024121942,0.077408998166603,6.869813623328664,2.6556520138030977,741.359515897944,0.1849944890823299,0.0342229609908322,inner_race
0.1136171074452656,0.061019384240126,0.4608576927810661,0.4735161408077376,0.0046067821420665,16.972735213814936,7.338189836770444,12.738372226957548,17.928216832995595,0.0301527347843375,2.88907121756487,1.447297005988024,2777.34375,0.1972280682540891,0.0852718779710885,1.7359011568667373,0.0269708381738485,2986.882316388675,0.0845139051186644,5.413172714921627,2.420197106096028,766.6834853240844,0.1949095264276865,0.037989723492265,inner_race
0.1090060277881736,0.0608325042973125,0.4321909193689847,0.5015609820799152,0.0054155940720584,16.421345988123544,7.462339076012242,12.533636019674615,16.720172561164524,0.0302054786130863,2.724361996007984,1.366241876247505,2601.5625,0.1830849365501632,0.0831991407546991,1.6795854345407737,0.1247540522292992,3022.101820000331,0.0880958350613876,6.71572772400244,2.6261725940189646,784.2514832327414,0.1805760866043222,0.0326077230533316,inner_race
0.108802190735716,0.0711902825279364,0.4599701070379467,0.4635626255683795,0.0052769845069468,19.590349386066247,8.806307281350728,14.948807033146478,19.606499475883247,0.0298111292649076,3.165210938123752,1.6264629540918163,2777.34375,0.184692959503719,0.0830236828368486,1.697511403537307,-0.0465415231794469,2955.1319498403072,0.0919460251177006,7.835817851571976,2.696952541092207,804.3143100684838,0.1822711876907411,0.0332227858621933,inner_race
0.1074739187055575,0.075188805999597,0.4279507623753565,0.4917262207986735,0.0051342106978555,19.922786018382904,8.921917913916403,15.133559599215676,19.08209423795135,0.0292886877611963,3.165210938123752,1.6264629540918163,3703.125,0.1822996994351248,0.0816383287252629,1.6962226894746877,-0.0270768387102453,2976.88599213184,0.0910472981521396,5.531975231321459,2.4236554510101755,822.3916381701238,0.1799315235954056,0.032375353183364,inner_race
0.1098956139283931,0.0689549385952193,0.4613617857596651,0.4645718808432746,0.0051113947502865,19.511295294687624,8.619814993503407,14.803027766069857,19.32580379511841,0.0290164027024076,3.190713253493014,1.6267878243512974,3445.3125,0.1887265359613143,0.0833767210111481,1.7173254619996623,-0.0001606061957317,2967.8374682374624,0.088374139300528,8.139150721091303,2.7492215733672536,792.789642793094,0.1864825829673349,0.0347757537501689,inner_race
0.1097630008732534,0.0634388228087698,0.4413091446973127,0.4905786213441971,0.0046734109999909,19.52195501908928,8.614388396979678,14.82091243323237,19.577340273633848,0.0288063791557509,3.190713253493014,1.6267878243512974,3703.125,0.1888454234222445,0.0833311941739731,1.7204834226453949,-0.0204276315489102,3001.999872036015,0.0886316603672386,6.121517938433664,2.5313171293250822,788.9684900220439,0.1866354373302721,0.0348327864674619,inner_race
0.1103390586600236,0.0552849325204927,0.4302606967636014,0.5091948170409164,0.0052595536331906,20.37845196526623,8.939209852344293,15.458998092968,22.327103528196,0.029081678147611,3.4030159680638725,1.7057312974051897,3527.34375,0.1908145491134056,0.0837026924475175,1.72934726316039,-0.0475324912072875,3042.390759102966,0.0865571127930877,6.842438534379115,2.6485509352379117,755.9758870781735,0.1885853868927045,0.035564448149471,inner_race
0.1194160733026134,0.0779262205629815,0.45452593404163,0.4628551135020191,0.0046927318404335,19.194373191509754,8.10898143723668,14.283933897932474,19.705465356496177,0.0290899268065431,3.4030159680638725,1.7057312974051897,3714.84375,0.210350869663164,0.088866215134323,1.7614954490264625,-0.0188478074389774,2948.192443602941,0.09064541153185,6.978160752961562,2.5444565312641334,827.709830737563,0.2083297014984646,0.0434012645264393,inner_race
0.1126781086654815,0.0588471114304118,0.4280971842444457,0.508385550178123,0.004670154064328,20.464648004371103,9.141356712350056,15.537408721873954,20.78590740515288,0.0284182163017714,3.26462123752495,1.7507258283433134,3714.84375,0.1915170672618066,0.0855487877421283,1.6996830132318077,0.0680970532815788,3030.756474285236,0.0804799529141334,6.126025624741484,2.5020693814586634,765.4728295960726,0.1893969166454119,0.0358711920347891,inner_race
0.1123637871717502,0.0676152697952923,0.4619213684599024,0.4661604585723637,0.0043029029957515,20.32196220470487,9.336295352193146,15.580872382552355,19.77533326257432,0.0280883492585142,3.26462123752495,1.7507258283433134,3714.84375,0.1875182566854056,0.0861494481048681,1.668849559144712,0.2234164833864624,2968.0981895996474,0.0839914143001964,9.689998953776596,2.862775287541885,796.140801856739,0.1854026462223918,0.0343741412262653,inner_race
0.1136050517129802,0.0520118959826693,0.4477525606038969,0.4960676052566041,0.0041679380474095,20.065942087764945,8.918559140127352,15.206168904837876,20.635095357281475,0.0279635089781374,3.447035888223553,1.7274976047904191,3714.84375,0.1936969388942967,0.086091029129589,1.7050028671582864,0.0976090643297586,3050.506147254797,0.076279102560655,13.561887257034533,3.309949552442851,748.3252187765245,0.1916678019455812,0.0367365463026505,inner_race
0.1153732786575286,0.0552066087048252,0.4509352880582625,0.4894740474852339,0.0043840557126117,19.687683797254,8.8810478274626,14.97311704141028,20.478759927821105,0.0279451081235965,3.447035888223553,1.7274976047904191,3714.84375,0.194515066054315,0.0877450909198047,1.685962887747249,0.0953751617231517,3024.0072914093835,0.080507095787212,8.896933864201083,2.8797214896750547,748.9158588805709,0.1924972255750068,0.037055181854075,inner_race
0.1162268562289483,0.0485607499974767,0.4593710649313186,0.4878394734328699,0.0042287115359534,20.21487148746844,8.952209862862606,15.28941224961632,21.063388350453597,0.0279942828210765,3.37101624750499,1.7770403193612774,3679.6875,0.1985029782124702,0.0879075744044624,1.7078925185883986,0.0039899455908687,3041.440163285953,0.0766507184613946,9.912852512363068,3.0240564937139123,725.7047837978351,0.196519089374427,0.038619752488554,inner_race
0.1159256215498689,0.0475195418725203,0.4782754479544868,0.4700713111061667,0.0041336989169556,20.334092770002417,8.926148136379975,15.329142044727607,20.697779123117307,0.0274538370329653,3.376051736526946,1.7770403193612774,2742.1875,0.1990825485092118,0.0873921615024217,1.7173300073579538,-0.1214906735030738,3021.494000862457,0.0784726711257754,7.410094008529132,2.7164469247018785,716.2165437637287,0.1971804958739329,0.03888014795309,inner_race
0.1152112400979291,0.0494593920049097,0.4706222780263098,0.4758639896297637,0.0040543403295186,18.85277336684705,8.370086173940459,14.258213570738189,18.80327204327336,0.0268907867468188,3.278753093812375,1.6427064670658682,3714.84375,0.1962592060497887,0.0871334118912498,1.7034727330681376,-0.0537583044692292,3031.813798370252,0.0737785592791792,8.06138638095977,2.828649884318474,729.6408268090911,0.1944082342583012,0.0377945615474305,inner_race
0.1139260355850798,0.0471386642379677,0.4475201425944211,0.5010541567545294,0.0042870363577923,19.362952541391405,8.201640128470478,14.41906109195819,19.41097746570755,0.0270587738585329,3.278753093812375,1.6427064670658682,2742.1875,0.2002899958221181,0.0848376023002856,1.7580704427526737,-0.0943785269171494,3047.29658342248,0.0753651052954995,5.896927908472339,2.5224046754174045,710.9902071896502,0.1984537860150238,0.0393839051836968,inner_race
0.1128484751980413,0.0480638180321936,0.4477521525896425,0.5000591748143589,0.0041248545228792,20.759604669561917,8.875409116357208,15.493800279166669,19.993423577506228,0.0269821565072979,3.469939241516966,1.748451736526946,3714.84375,0.1969995651585889,0.0842237491685261,1.7456998405416484,-0.0225182159010627,3053.851295781794,0.0749944268270372,6.017771803618631,2.568894189508398,710.1594475987914,0.1951430037251882,0.0380807919028888,inner_race
0.1129842608143088,0.0465566414262914,0.4336231649546412,0.5153171158801773,0.0045030777263892,20.862042563890807,8.843683277638819,15.475179674809311,19.62869446472124,0.0266179464898328,3.469939241516966,1.748451736526946,3527.34375,0.1977062816064311,0.0838101893030006,1.7498568400723007,-0.0669529618631885,3059.974464775897,0.079999198072461,5.397106656809706,2.458179543552223,704.7652987546094,0.1959062498015462,0.0383792587113058,inner_race
0.1215210676108719,0.0583605577196627,0.4133454835131466,0.5236208596215379,0.0046730991320306,17.836729462542998,7.515569118713175,13.10483888337377,14.540991411476329,0.0264184717089258,3.084155808383233,1.592514011976048,3539.0625,0.2118953317867589,0.0892828483674832,1.7436921511032015,-0.0609699986824416,3044.2786729768127,0.0810908413309023,6.357005279406756,2.587263396758361,760.5362972990428,0.2102419938679837,0.0442016959855853,inner_race
0.1143201469911738,0.0518851023474608,0.4573531002531883,0.4857518473828132,0.0050099499416456,18.53354862225293,8.147546184547341,13.93030059783774,16.201259835488553,0.0262016271558445,3.084155808383233,1.592514011976048,3562.5,0.1954593414881666,0.0859260168915489,1.709754112748448,-0.1410575084333855,3021.7587578589373,0.0839700872489397,8.701550509744902,2.8017935675626817,736.3386434573293,0.1936951958861495,0.0375178289093738,inner_race
0.1115976929734281,0.0610301553496498,0.441674888353952,0.4922234192688662,0.0050715369409042,20.551893507268435,8.635627820404592,15.274457796389008,20.60870472953727,0.0262588125701721,3.2712810778443115,1.7045942514970058,3562.5,0.1973908888788983,0.0829409830726378,1.768772127985638,-0.2591551284963004,3016.3759113054257,0.0897243739391157,6.6211043670436425,2.6100467788762884,774.8343219822714,0.1956364939749385,0.0382736377748061,inner_race
0.1117399030259792,0.0592639778363907,0.4598666029493099,0.4749893376095218,0.0058800815518504,20.652373555442043,8.624936545348184,15.255018174668468,18.93335605860379,0.0263769111581524,3.2712810778443115,1.7045942514970058,3562.5,0.1976355701325559,0.0825374500863525,1.768710771895033,-0.1429476146219598,2996.710541713161,0.0933701366044585,7.318090888429015,2.654811635886765,760.7578851470641,0.1958674989358248,0.0383640771393753,inner_race
0.1093591338416915,0.0594470939662484,0.4285082062971082,0.5060442246358566,0.0060004750309561,22.05080979110692,9.367722689534697,16.558532997972172,25.1282592116945,0.0264069711748378,3.4926801596806385,1.8108268263473053,3480.46875,0.1933049137300253,0.0821206496950334,1.7676156251370256,-0.2644264881274347,3033.090789797378,0.091402483776771,6.160189666718853,2.5483328193387518,775.1412983820401,0.1914927193016586,0.0366694615455438,inner_race
0.110766481957959,0.064420025925845,0.4714220411130106,0.4586688650324979,0.0054890679135743,21.715211455281025,9.29917150892128,16.348147872337385,25.294350194690004,0.0262906968095059,3.4926801596806385,1.8108268263473053,2613.28125,0.1947299094989338,0.0833897855462476,1.758021976114063,-0.3710975999472076,2969.071305855849,0.0925701614388215,7.573098632483699,2.717362318027401,779.1719461554359,0.1929469795429138,0.0372285369147336,inner_race
0.1156507984421781,0.059370650654666,0.3997109934362888,0.5355822108645366,0.0053361448626085,18.976884204873564,8.442627563410214,14.288293700596244,15.869148657910092,0.0261923474145459,3.102510978043912,1.6524525748502994,3703.125,0.1957272854261532,0.0870771279948013,1.6923989117464755,-0.2612788336302211,3053.4531299217047,0.0900641146646589,7.177918850994731,2.6817239103880035,779.7807374119923,0.1939668301468232,0.0376231311972065,inner_race
0.114278427812344,0.0574709166067284,0.4985147665795529,0.4392330050540807,0.004781311638064,19.44913317504825,8.230110800495243,14.459881943456404,17.670895589136354,0.0258058501551584,3.17690626746507,1.6524525748502994,2753.90625,0.2007813278468697,0.0849627878002434,1.7569486358052782,-0.1906763439932607,2955.706428481739,0.0904198163528212,8.365892422883816,2.809194211099907,751.325216304329,0.1991160458368981,0.0396471997097217,inner_race
0.1108150221432135,0.052062830557196,0.4370145378295227,0.5061833668190268,0.0047392647393461,20.48149375784091,8.905053097620767,15.421916333612,20.40172637225516,0.0254364847258607,3.23343369261477,1.7089800000000002,3691.40625,0.1919112644546276,0.0834402031514792,1.7318163254672108,-0.1369078872105941,3037.735240639401,0.0874485378054568,6.444041712823994,2.5866250771516515,749.8938647825423,0.1902180818675371,0.036182918669365,inner_race
0.1109822161146456,0.0486295274063943,0.4401255591982026,0.5067084802714372,0.0045364330913989,20.32274531035116,9.045415621256922,15.398683319087882,19.77503777729456,0.0253622467954715,3.224174890219561,1.7089800000000002,3515.625,0.1889332753250011,0.0840919853052309,1.7023743257192785,-0.0453472846186164,3033.533772968248,0.0831648400529104,6.083394129427564,2.507192129815545,718.1234918222851,0.1872232329667401,0.0350525389625182,inner_race
0.1097163642246756,0.0504106232780887,0.4568805570250119,0.4876018416940496,0.0051069778668825,20.29238802960662,9.068030917546658,15.369075467933577,18.68200919890149,0.0249272886648577,3.1293127744510976,1.686239081836327,3574.21875,0.185954271348309,0.0830971238760121,1.69486359361594,-0.3131658861961928,3030.03728367483,0.0853411293429067,7.688370000358592,2.725299575401912,742.660421554761,0.1842759379639658,0.0339576213124994,inner_race
0.115093220823977,0.0471260496470924,0.4822626758315737,0.4660577088003828,0.0045535656718437,19.19239250396992,8.762426226899922,14.651072146249629,17.195860272885845,0.0246566692006611,3.250814251497006,1.686239081836327,3574.21875,0.1924397465007708,0.0878597643043998,1.672033722951304,-0.3028452730890549,3006.395093039736,0.08141260721154,6.232065694242374,2.5332469685335512,716.1754285243475,0.1908536211267947,0.0364251046972101,inner_race
0.1134103357737649,0.0494845922791552,0.4504010859641494,0.4955074533079394,0.0046068683984399,18.055747895304314,8.200955031062728,13.795701767268818,16.895598654625637,0.0244245963541666,2.9337408782435133,1.5645751696606789,3574.21875,0.1907796303887221,0.0866524709324043,1.6822067326323442,-0.1771089246499605,3030.03172481238,0.082466484926072,8.10690211815245,2.685171086661553,729.9166670094328,0.1892096891393077,0.0358003064641934,inner_race
0.1117636972344373,0.0426172468482852,0.4499788217543083,0.5033017069312602,0.0041022243727345,21.15410684829188,9.226005639160872,15.942125951562996,20.681393259094516,0.0242890486799837,3.4350156886227543,1.7817509381237526,3574.21875,0.1931226803678614,0.0842271881720982,1.7279553660681448,-0.1825218025380783,3053.069149230653,0.0785687004177502,6.447412643090637,2.55099367495623,701.1604058185097,0.1915891745028631,0.0367064117866885,inner_race
0.1128177013551022,0.0488523074889696,0.4348162184413635,0.5120295835806719,0.0043018904354408,21.018709433541797,9.163192173645358,15.793185969243927,19.92093232291974,0.0240699040200848,3.4350156886227543,1.7817509381237526,3574.21875,0.1944465317717903,0.0847697592355705,1.723546300236655,0.0553486636896639,3044.6277444566026,0.080109229499168,5.704562264563551,2.4509756077641507,722.8140150528511,0.1929510130539401,0.0372300934385417,inner_race
0.1161346933281873,0.0432768215222393,0.4018614627102346,0.5507699698896472,0.0040917458632255,21.004916134328145,9.147225499221138,15.835841006830178,20.419229587455085,0.0236366114840631,3.659176167664671,1.839090538922156,3457.03125,0.2010544660868751,0.0875552431231347,1.7312179532666554,0.0329972093491585,3085.088824550681,0.0735805112417318,7.431078679280896,2.686826255840059,702.3567293577308,0.1996602337247702,0.0398642089310298,inner_race
0.1163349612493762,0.0540972480244847,0.3827508201976471,0.5587539170322007,0.0043980145859782,20.996165396397917,9.24110270881714,15.808579976056144,19.514542046540853,0.0235630873799276,3.659176167664671,1.839090538922156,3292.96875,0.1990120223604309,0.087591734214366,1.710681124772353,0.0001783925308008,3056.0100624594297,0.0784497015096266,6.463853433144777,2.539348055493688,738.2394044981243,0.1976121604484768,0.0390505659571145,inner_race
0.115949019188186,0.0507199239641021,0.4024462038437474,0.5422080286013821,0.0046258434453247,16.701425906438054,7.272303398199621,12.416340948547711,14.328175256996438,0.0234463371304266,2.878837804391217,1.4396625548902195,3457.03125,0.1979651392496402,0.0861999785500505,1.7073463892639005,0.0866312428834048,3066.629531886688,0.0796916585840103,6.20790987109133,2.540065135507931,738.0311686049272,0.196571782393343,0.0386404656332958,inner_race
0.1226365401033869,0.0635252097361928,0.3713165578356243,0.5595172771709886,0.0056409551625389,18.880642202524257,7.811285111374678,13.822740045853912,16.087417859889026,0.023358853757329,3.379625309381238,1.695173013972056,3281.25,0.2170158930063339,0.0897836522608017,1.769585906642358,0.0853953543114145,3041.8066347514173,0.0890442067026682,5.758153205528435,2.4518630720931207,785.2556912477322,0.215755096738131,0.0465502617684802,inner_race
0.1152972958185191,0.0580337568311528,0.4159639615450832,0.5209118424026583,0.0050904392023401,19.664878622584688,8.567720007767958,14.702625954387525,17.297255374809723,0.0230571431940805,3.379625309381238,1.695173013972056,3714.84375,0.1978557903894058,0.0862030753663125,1.7160488369201288,0.1031658218641485,3034.8866010116312,0.0868196220442214,8.960293388940919,2.80896713648402,769.4217320442788,0.1965077147043957,0.0386152819383441,inner_race
0.1163530448478043,0.0659381780382653,0.4117039867896647,0.5169188987902338,0.0054389363699389,20.40434533071742,8.802938922388238,15.257473796721458,19.46497839340304,0.022616553767465,3.533613812375249,1.7752535329341317,3656.25,0.2016660059311766,0.0870036996610522,1.7332249980648626,0.0410344792148231,3016.3809174550506,0.0903362711020769,6.285649384112279,2.589749656107806,792.0446668212231,0.2003937859413727,0.0401576694439167,inner_race
0.1177284294107098,0.0608195360360975,0.430268517012574,0.5042382990508946,0.0046736478817238,20.038628093039996,8.787366181690002,15.079225483769482,19.157594998724655,0.0223453791050711,3.533613812375249,1.7752535329341317,3714.84375,0.2020233931565501,0.0885915704753625,1.7160119621724264,0.0210029910567517,3016.4497754940644,0.0866432829881851,9.34912039247337,2.8791633122653004,770.3352567868543,0.2007838026712729,0.0403141354151366,inner_race
0.1185419533978916,0.0680457193230842,0.387458528505063,0.5386968761880762,0.0057988759693439,21.05196570368515,9.326212557307835,15.845865421286106,19.168701340390232,0.022470298699476,3.643095089820359,1.8783998403193607,3527.34375,0.2014107901548398,0.0892268145767759,1.699067582249088,-0.0167953070789776,3028.026628996903,0.0918923082669265,6.758486737211214,2.6180111234178107,797.8973484578981,0.2001534213226275,0.0400613920671532,inner_race
0.1188888729572105,0.0592288934953658,0.4399976870878965,0.4963295537065049,0.0044438656512186,21.05939526404813,9.254584771907371,15.799626942341511,19.441770745318923,0.0225315291292415,3.643095089820359,1.8783998403193607,3527.34375,0.2029696508936102,0.0891953361797667,1.7072215914323736,-0.0564430243952218,2999.160669230587,0.0865429824594516,7.80037871098925,2.673133336741685,758.0713962531696,0.2017151689362308,0.0406890093789721,inner_race
0.1178031432252681,0.0624871841637577,0.383453622318572,0.5490231888539678,0.0050360046228835,19.24246281964961,8.481010103946844,14.479505815421394,15.932377567016562,0.0223020736456773,3.1850280239520954,1.7057312974051897,3574.21875,0.201123601611014,0.0886441259308744,1.707285528251287,0.1030489359632717,3047.8216870755564,0.0864564521905922,6.777210606893709,2.606072895499317,777.8140813875424,0.1998832675240443,0.0399533206360886,inner_race
0.1196083305069548,0.0641205262642505,0.4436975426942661,0.4880334563097014,0.004148474719371,19.064993528866125,8.237957161279454,14.260974049010803,16.469974122906912,0.0221366245828655,3.1850280239520954,1.7057312974051897,3515.625,0.2070575585683513,0.089469282789032,1.7311299111921945,0.1313581159516657,2993.5916050286123,0.0838428962844588,6.344680061524867,2.5684025979261853,773.8456752178428,0.205870839150093,0.0423828024123635,inner_race
0.1142612959822542,0.0648654866159519,0.4503160704970199,0.4802245246826054,0.0045939181340639,20.897528782515444,9.147823522244778,15.686057174034223,17.924613142849566,0.0218645774661614,3.2902859880239523,1.792309221556886,2789.0625,0.195927393789192,0.0857665631285779,1.7147310653611114,0.1172422931845436,2990.896913177709,0.0864693989771295,7.805119007594692,2.6722214270938256,776.9237945891327,0.1947035795491478,0.0379094838892513,inner_race
0.3569357313692926,0.0640054991343961,0.4868699832649294,0.4479391381403499,0.0011853793813027,12.25344441541938,6.579411461372546,9.610200242873509,4.949124789567329,0.0205324190486215,6.174971457085829,3.430223852295409,2882.8125,0.5213572478988603,0.279939561155467,1.460647399740022,0.3015160280870005,2827.0849728150256,0.0278975517335376,31.32073053711511,4.961206159413451,640.3545045162067,0.5209527806862014,0.2713917997046855,inner_race
0.3601495357916978,0.0591402931484857,0.4985518442694285,0.4410813132312154,0.0012265492681523,12.212514212028948,6.525935351066882,9.524443353105893,4.686095859673969,0.0200771565267901,6.174971457085829,3.430223852295409,2882.8125,0.5256294565858095,0.2808777777238322,1.459475590966252,0.3317058963908701,2835.92293786901,0.0285086432828924,37.94098560317012,5.223333369844247,620.2084690459651,0.5252458790095285,0.2758832334164922,inner_race
0.3698621333992171,0.0669840973389149,0.4944906167150484,0.4371951097089749,0.0013301761819343,9.268399578599016,5.032357681366477,7.226665880378813,2.8674664320134475,0.0199754362856318,4.791430239520958,2.6728700598802395,2882.8125,0.531136741288718,0.2883852856378752,1.4360397924689043,0.3281419198806509,2818.266930041156,0.0295824758501556,58.324509064859626,6.307186081922919,649.828645788186,0.5307609818854409,0.2817072198919973,inner_race
0.3497122062515593,0.0610832912704629,0.5342182774172275,0.4034341109317972,0.0012643203739791,10.1957214514395,5.430286056804628,7.90781114984317,3.52995969040587,0.0200125155938123,4.887673053892216,2.7654580838323355,2882.8125,0.5092656362673513,0.271237116176991,1.4562420961109377,0.3279273776704848,2820.8794235942028,0.0286453468401581,41.451593438592845,5.4105408506314,622.6775674558273,0.5088722703217357,0.2589509875023976,inner_race
0.3590530193519211,0.0698639700456248,0.4981896517561985,0.4305111225783354,0.0014352556050119,9.852592809258455,5.327908630997805,7.702088367962749,3.5810235747988504,0.0199577889143587,4.9286879241516965,2.7654580838323355,2882.8125,0.5190513342783102,0.2806832817888954,1.4456119467124402,0.3319170300525245,2810.579123449082,0.0295736247279774,45.62723704834152,5.700184602117678,659.4561817487237,0.518667498767509,0.2690159742777439,inner_race
0.3468664189199725,0.0573698870814658,0.5246699811804026,0.4167683593757755,0.001191772353534,10.90161645523468,5.782432011533127,8.476104021420749,4.450608523576946,0.0200608971510104,5.287263473053892,2.940075848303393,2882.8125,0.5084497046293632,0.2696917342832808,1.4658372125284072,0.3340704477873067,2834.4721422081184,0.0266327294091992,35.038447105021646,5.097290300680785,610.9946713183606,0.5080537988669933,0.2581186625431833,inner_race
0.3444804546668382,0.0640561205969966,0.5120482129960113,0.4225774343511509,0.0013182319546301,11.104165229881106,5.729191938946035,8.534811796933056,4.818808639767851,0.0194856721615363,5.287263473053892,2.940075848303393,2882.8125,0.5131746116441442,0.2647723432997649,1.4897060332217031,0.3558902032478611,2818.542594307925,0.0279320722742669,34.72780073937421,5.162621833052867,640.4435174276807,0.5128045345124509,0.2629684906165315,inner_race
0.3585876442914951,0.0607768901727052,0.5202635684286574,0.4177486663772329,0.0012108749170091,10.96424264404048,5.829710080291093,8.52406127916525,4.136150699940168,0.0192794556882329,5.531322255489023,3.056623053892216,2882.8125,0.5243181928078987,0.278781047914296,1.4621758478149949,0.3494837052037293,2830.56651196409,0.0272550043500223,44.51886545077348,5.75221348567431,624.6524417715692,0.5239636150513758,0.2745378698977063,inner_race
0.348828053122271,0.068632422796512,0.510650568435848,0.419461332688376,0.0012556760016889,11.270349817364252,6.007021556107926,8.762549418067618,4.350376283184783,0.019600677502417,5.531322255489023,3.056623053892216,2882.8125,0.508841698892232,0.2712092440274454,1.4587178248358168,0.353946539816505,2811.868272144128,0.02858535459281,46.24172460674113,5.873431044949455,655.2128094230274,0.5084640478666895,0.2585356879729791,inner_race
0.349132817275605,0.058701992987025,0.5287722807941797,0.4114417249841976,0.0010840011815165,10.51176844893864,5.446867188217521,8.101219812785601,4.682589758056619,0.0192396003890656,5.137823153692614,2.8284016966067864,2882.8125,0.5192712799616428,0.2690700152258745,1.4873173023770223,0.3284290631396451,2830.8024334157417,0.027480850121537,34.045883913548025,5.125285063658767,615.2988075957351,0.5189147328510454,0.2692724999698718,inner_race
0.3503796337988086,0.0596387069181363,0.5289660169939105,0.4102669691171525,0.0011283069258337,10.41491402077657,5.403401689410716,8.07239183950652,4.88547801604147,0.0194652487992764,5.271426047904191,2.8284016966067864,2882.8125,0.5234483496108997,0.2715722559940914,1.4939462774582062,0.3315228872043111,2826.703736236114,0.0271865730361595,36.99045355344528,5.278858031898644,616.6518293969774,0.5230863014833756,0.2736192787995569,inner_race
0.3398027115690494,0.0597221257138243,0.5129701139068639,0.4260113409259864,0.0012964194214992,10.366229491836094,5.464595640028102,8.038036818407804,4.031658746982873,0.0200735873955214,5.174371057884232,2.731346706586826,2882.8125,0.4998259498982399,0.2634850703177943,1.470929845115945,0.353863211491649,2832.2640609050645,0.028037242646152,31.441688556150662,4.900977346587605,618.4862691163503,0.4994226980031566,0.2494230312807521,inner_race
0.3367459489224675,0.0688809903297486,0.4903687078842616,0.4394746997967262,0.0012756019419643,9.757066094251156,5.183415283637145,7.552661144255522,3.521692278948505,0.0193161384262724,4.665543013972055,2.5433280439121755,2882.8125,0.4906664630829174,0.2606652470470297,1.4570820069342203,0.357919006847502,2817.6631904951064,0.0292136021206988,24.18148886164256,4.508749001495268,656.8148596166081,0.49028610503521,0.240380464790597,inner_race
0.3533967394312936,0.0602121867880879,0.4898517148987938,0.4488333657452862,0.001102732476682,9.263739367892352,4.947783669887032,7.19680676172917,3.4779689549985378,0.0194910258584393,4.665543013972055,2.5433280439121755,2882.8125,0.5140338005057211,0.2745465888998584,1.4545516218766872,0.3854885944153261,2843.910974461671,0.0263259230176341,30.63495528412805,5.042487317662993,623.3317480411865,0.5136641392713153,0.2638508479733411,inner_race
0.3388773151451004,0.0651697545215129,0.504007425329254,0.4296667195433963,0.0011561005279753,9.789453484510837,5.16075187825549,7.587843708840222,4.057416517176133,0.0193801845040388,4.680974351297406,2.5713481037924155,2882.8125,0.4982506744078575,0.2626651332335231,1.4702981053615722,0.3637431815589506,2824.4478454952505,0.0278797230883958,21.76790155476614,4.3306755660109015,642.5598377571047,0.4978736215109957,0.2478781429964742,inner_race
0.3369930121202906,0.0660191126792545,0.4946344895469071,0.4381656914658006,0.0011807062923701,13.51519770237912,7.018483380099628,10.451254399725102,5.954782647502526,0.0186800399201596,6.446644211576846,3.521999700598802,2882.8125,0.5018177731367381,0.2605954998334071,1.4891043881871735,0.3666819204288719,2821.963242061827,0.0294427968976592,20.890299436308776,4.26441025644711,644.7225016681845,0.5014699727246847,0.251472133544496,inner_race
0.3432629843340662,0.0592617775391625,0.5219060241348896,0.4176007000208195,0.0012314982589056,13.358520924918832,6.910129180927715,10.260353901634684,5.262847127447976,0.0186116315708426,6.446644211576846,3.521999700598802,2882.8125,0.5096865208134876,0.2636519207773148,1.484828088301699,0.352620819861238,2832.570787119065,0.0273618465918911,21.39738846081348,4.319996877258843,619.7576202667957,0.5093465977791831,0.2594339566692289,inner_race
0.3501648910674744,0.0607408158835873,0.5017713192965974,0.4362620579680666,0.00122580684334,9.953317873814736,5.256510902245863,7.694639820562899,3.805733397724047,0.0182547184439714,4.862089520958083,2.694392714570858,2882.8125,0.5125819701847606,0.2707029704797519,1.4638302789927318,0.3316957758950756,2834.9149516032403,0.0262832298976103,25.600626945240663,4.688560279408905,625.1859037608464,0.512256811973274,0.2624070414130222,inner_race
0.3566361226277912,0.0611000258744458,0.5028546327262141,0.4348669335357465,0.0011784078052512,9.737194005160053,5.261661334931523,7.601704211546407,3.734918815703824,0.0181785769769055,4.878739121756487,2.7110423153692613,2882.8125,0.5152445478333971,0.2784213104856073,1.4447346052243284,0.316858109087877,2829.247711406633,0.0260109029331403,25.910713150170363,4.621497271682967,625.8159876649579,0.5149237646595237,0.2651464834111366,inner_race
0.3572276069930451,0.0637423491960586,0.4940641433303981,0.4410537593497939,0.0011397479948803,9.62105208833037,5.315744728821959,7.589117588613589,3.4148603287428143,0.0179122801272455,4.842191217564871,2.7110423153692613,2882.8125,0.5100023521953555,0.281782313460038,1.4276678011766453,0.3050883607688369,2828.4973213456715,0.0272002487374375,35.252042023453924,5.021467256740436,639.6238692356088,0.5096876979734144,0.2597815494654385,inner_race
0.3523180686478605,0.0678203969814694,0.5157952185472428,0.4152187163991828,0.0011656679465459,11.352281725655924,5.969336596340901,8.797926189733829,4.520578540753078,0.0183302650558258,5.6088850299401205,3.0996683632734534,2882.8125,0.5192651332768696,0.2730436433997463,1.4738532578522718,0.3638740051541997,2809.3263736243125,0.0283442403094813,24.761575959893086,4.542809725824959,652.1628620312046,0.5189414996124596,0.2693002800200283,inner_race
0.3348582750514596,0.0665512897223147,0.4809462783313016,0.4511905758060779,0.0013118560911312,12.05378323197072,6.170737824194323,9.25665750024278,5.598844043564952,0.0185467923527944,5.6088850299401205,3.0996683632734534,2941.40625,0.5023173000674613,0.2571531529662887,1.5000892541486912,0.3274073029153679,2828.2382684443523,0.0290466434596567,19.83578506999276,4.194884993664586,653.0600613907484,0.5019747866581412,0.2519786864404864,inner_race
0.3475280962001777,0.0627700766303262,0.5268332694655089,0.4089938566352536,0.0014027972234442,12.501531324352822,6.518379004117144,9.683389162471638,5.675207885312226,0.0184153293510634,6.0661399201596815,3.365249800399202,2882.8125,0.5162709621937662,0.2691870070223908,1.4855517232666904,0.3442513956897445,2820.445417090476,0.0274680596814333,25.954717950371556,4.660059717255342,630.9621552984102,0.5159424212539312,0.266196582049369,inner_race
0.3390165112645802,0.0588744078144776,0.5323435346916627,0.40726864930747,0.0015134080934116,12.865349944194527,6.6318075106599,9.9265070832283,5.751122887066643,0.0181214708766061,6.0661399201596815,3.365249800399202,2882.8125,0.5074408138339259,0.2615746804398248,1.4968026540686732,0.3592290822188024,2830.0866949812475,0.0292399436252613,24.499030279168377,4.442534939710471,616.2507985843368,0.5071171381818065,0.2571677918377054,inner_race
0.3565564120294566,0.0619988873420887,0.5067368028049429,0.4299738217175441,0.0012904880331712,10.2131092576205,5.527506640183412,7.990635084731909,3.607947271683664,0.0178569585925804,5.077722155688623,2.8491121756487026,3269.53125,0.5154425604731909,0.2789661898038387,1.445612932717665,0.2942624508655386,2829.195362178519,0.0280208302916846,25.140720968863263,4.666116801515935,632.8378987327269,0.5151331499495854,0.265362162176982,inner_race
0.3584004631849581,0.0631595129697444,0.5145624458796392,0.4210149784343108,0.0012630626864627,10.237659703055227,5.503129189786446,7.949521466378166,3.1547896103896544,0.0178640968551178,5.077722155688623,2.8491121756487026,2882.8125,0.5177258387712438,0.2782972142352457,1.444545674328728,0.2720926923346946,2826.9058036784418,0.0268687628070557,30.310514362918752,5.04942573704839,637.0049942561034,0.5174175472236509,0.2677209181749389,inner_race
0.3582426282688529,0.0591069529925665,0.523492247414699,0.4160529530034407,0.0013478465497269,11.6462622301512,6.253470379511752,9.061640943042722,4.059765291743359,0.0170578697585298,5.978018862275448,3.2462660678642714,2882.8125,0.5191143270623004,0.2787388780805536,1.4490579459257344,0.2593306279444031,2831.769167438122,0.0273362878408002,30.142179925341345,5.048176934097027,619.6612215974448,0.518833994299377,0.269188713640646,inner_race
0.3600959988226672,0.0605558031602775,0.5125476168313894,0.4254632331925082,0.0014333467818514,11.501299766530227,6.284338836975901,9.015001773076982,3.916725874644678,0.0171758493754678,5.978018862275448,3.2462660678642714,2882.8125,0.5165644552397199,0.2822521048717628,1.4345187309179384,0.2787429766376533,2830.083811171561,0.0279984032594259,29.465954866733803,5.042338342241961,624.6422751251044,0.5162788264255468,0.2665438266153398,inner_race
0.3541335667532123,0.0610036836321013,0.5291230621558151,0.4085254476445625,0.0013478065221119,12.583965540546838,6.767187625385855,9.82270146059703,4.4498645805912975,0.017669975771114,6.295579540918164,3.4785483033932136,2882.8125,0.5140316030760078,0.2764270366272834,1.451519006765673,0.2609611518860477,2821.9650744326623,0.0268817135197687,32.11060060983032,5.24848488491499,622.835436724076,0.5137278081991851,0.2639162609171387,inner_race
0.3625089298453873,0.0577380744280379,0.5233501153108492,0.4175888611869955,0.0013229490431096,12.337309341730784,6.585092806589077,9.595758937240085,4.30086038206593,0.0172379126025293,6.295579540918164,3.4785483033932136,2882.8125,0.5282459041294848,0.2819535611080992,1.457194183753723,0.310643542385443,2833.6461982653386,0.0264547671782636,39.78184927285027,5.577903028214094,611.5233610592777,0.5279645722950399,0.2787465895986843,inner_race
0.3502798964083551,0.063813026963285,0.5116437479796652,0.4234280826401978,0.0011151423242143,11.22535005448202,6.0058964653417215,8.735504914389486,4.136446249493969,0.0172002384391373,5.691320858283433,3.059871756487026,2882.8125,0.5094779395789878,0.2725858651744486,1.4544880959569548,0.2523066147087284,2829.1461508894017,0.0268744881677903,38.19715134904399,5.477935034926149,640.0348521382759,0.509187512332429,0.2592719227152875,inner_race
0.3584155328503149,0.0635003768841556,0.5086060461958561,0.4267198062666436,0.0011737705024438,11.061127101722931,5.782025406847134,8.537218608114623,4.75496758309505,0.0179251686568269,5.691320858283433,3.059871756487026,2882.8125,0.5292041354338386,0.2766329080524178,1.4765100475007875,0.2818784778076775,2819.3824454448154,0.0282353792226125,35.95967021968081,5.2388870144587285,636.0936640842339,0.5289004682252615,0.2797357052889008,inner_race
0.34550122620969,0.0601342861637923,0.5037929688357509,0.4348576178645993,0.0012151271018259,12.51179581358055,6.495061645215562,9.648518434133148,5.648654974090297,0.017129648954045,6.150200099800399,3.3335749500998006,2882.8125,0.5132476229160046,0.2664345710055045,1.4855160676173889,0.3345839308881251,2835.835844086253,0.0275583943078301,26.597524096946728,4.728745148835097,626.3408543023792,0.5129616920937082,0.2631296975556403,inner_race
0.3498091676510261,0.0652302441753359,0.5026663999387326,0.4307022575958741,0.0014010982152986,12.361293351962235,6.467614165079901,9.529695783803517,5.277889040062906,0.0165312246113242,6.150200099800399,3.3335749500998006,2882.8125,0.5154257605684828,0.2696784919816362,1.4734484062541149,0.3173576018024944,2817.3761652960675,0.0297968449428788,37.747277232595536,5.379408196198462,645.1623982343058,0.5151605897877368,0.2653904332704488,inner_race
0.3544886953144492,0.0581451108343967,0.5104373038061453,0.4301578906836416,0.0012596945839184,11.028553683907647,5.712254062173997,8.437044300366992,4.353803944958273,0.0170622320300804,5.465129940119761,2.990836826347305,2882.8125,0.5235825987069346,0.2711903040116126,1.4770078866478116,0.3021962114699201,2843.223994282499,0.0273221470684105,34.934038845679325,5.343959838087371,617.2673039460644,0.5233045173766977,0.2738476179068585,inner_race
0.3660052904932322,0.0596476994604613,0.518755207851699,0.4204008653904892,0.001196227273723,10.05488608760935,5.364556773976565,7.805427731554067,3.793286125511254,0.0163450349301397,5.331120958083833,2.8568278443113773,2882.8125,0.532537535658087,0.284123342563955,1.4549995573573111,0.2949293784243926,2829.834115324994,0.0283720673835839,42.130402174472,5.56044753221963,620.5778224922706,0.532286639619971,0.2833290667179209,inner_race
0.3666731146106224,0.0599443213403857,0.512074890040736,0.4267833962196088,0.0011973923870293,13.050081070886344,6.935530375457275,10.157923710619928,5.614876831725855,0.0160904368996382,6.992020159680639,3.7246375249501,2882.8125,0.5370371584169619,0.2854110640936522,1.4646210398797643,0.3235948448522855,2832.259312328361,0.0269301561965722,36.53424107043195,5.352936156677866,621.5176064993034,0.5367960575124818,0.2881500073609437,inner_race
0.3606839140566523,0.0638353198026409,0.5149912822315723,0.4198800448070868,0.0012933531468901,13.29211192823069,7.045257288815705,10.326597277540564,6.091259611768745,0.0163531646180295,6.992020159680639,3.7246375249501,2882.8125,0.5286730309853885,0.2802141258711086,1.4657516190265982,0.3057773133961675,2818.645340179035,0.0295174100960478,35.52357217661616,5.276971598109097,637.9603255244865,0.5284200485392784,0.2792277476982533,inner_race
0.3565621622965007,0.0649537707602272,0.5198905082343379,0.4140893330031479,0.0010663879892918,13.540281017793456,7.138490995243123,10.50747012339912,6.497363752607516,0.0167479501933632,7.118313473053892,3.7465662674650697,2882.8125,0.524840091548994,0.2766978220423682,1.4719455596989597,0.3215317191102229,2816.295846192735,0.0275973199343074,41.18745723798188,5.684814130447014,641.3716572162231,0.5245728051104794,0.275176627861477,inner_race
0.3748724005602077,0.0602217427407665,0.529878907711271,0.4087614170356776,0.001137932434695,12.806163519392786,6.804883757155983,9.994244073093183,6.082857648261712,0.0164939470180732,7.118313473053892,3.7465662674650697,2882.8125,0.5505702082750787,0.2925596148910268,1.468686965090812,0.2621399585104214,2827.3048823068484,0.0271642354021421,37.69683657104863,5.431517059444376,621.436673006801,0.5503230905130445,0.3028555039518285,inner_race
0.382486745551865,0.0589403510888181,0.5253712004674053,0.4147156347637336,0.0009728136477353,11.866186696434095,6.261297757262508,9.24107427057078,5.858635063685146,0.0157362997637537,6.720753493013973,3.534588423153693,2882.8125,0.5645137094868085,0.2978706229370106,1.4759039785086112,0.3183090661185339,2831.4012251376653,0.0251409614267523,34.414965048060346,5.354008066096879,616.7349914627582,0.5642943354919506,0.3184280970683021,inner_race
0.352094601373425,0.069796406896833,0.4963375393319419,0.4326389197519901,0.0012271339955702,12.869427737291456,6.735581074831806,10.038746431686905,7.395620092263773,0.0150952441308788,6.720753493013973,3.534588423153693,2882.8125,0.5247636965370437,0.2746500073901184,1.4904054038036472,0.304007030243348,2810.508285461496,0.0294551907764039,28.70351758327652,4.84649135157257,662.9462052892869,0.5245465382669602,0.2751490708078515,inner_race
0.3612375259734437,0.0573029560102628,0.5234763448468925,0.4182720899490698,0.0009486090972022,13.188493754295894,6.832086831382733,10.24669435709232,7.612987377344908,0.0144797672720964,7.028568063872257,3.701490518962076,2882.8125,0.5417803681826068,0.2806605961167012,1.4997898314208795,0.3260094118313504,2833.7440933037096,0.0245692454539961,30.069472752898623,4.855093864397936,609.0891387031091,0.5415868385474549,0.2933163036878269,inner_race
0.3605005003664545,0.0672452213370303,0.5172101460486844,0.414162671080373,0.0013819613328705,13.41182972147473,6.802400044897944,10.267643221575147,6.855872466904998,0.0149780576542228,7.028568063872257,3.701490518962076,2882.8125,0.5441447863299856,0.2759869902788379,1.5094147879874058,0.3278688220008651,2808.2483775180385,0.0291758329141613,47.769200292330986,5.794562250066026,650.14683698562,0.5439386052478832,0.2958692062790125,inner_race
0.3762788365651509,0.0577358046455725,0.5234733552309182,0.4179062035586885,0.0008846363841285,10.244914328807582,5.4508444230892925,7.958171775222826,3.870698325443773,0.0152762784002307,5.506144810379242,2.994491616766467,2882.8125,0.5493628847820471,0.2922905473544354,1.459988793940388,0.2371091654104614,2835.0817855146865,0.0240543061133897,51.37433997514996,5.991892620879624,609.2224554855061,0.5491504479596565,0.3015662144942914,inner_race
0.3835725545978355,0.0660096098870589,0.4922303279757021,0.4404876008952797,0.0012724610686375,10.221814048965376,5.535985403028385,7.999528548166149,3.670497877210665,0.0148531380598178,5.580052794411179,3.068399600798404,2882.8125,0.5542643951192281,0.3001815124106057,1.4450053542030867,0.2349922381463182,2822.652034747463,0.0284814158545057,37.24961493237859,5.311810194892853,647.6845563896238,0.5540653427048653,0.3069884039866598,inner_race
0.3659884362622411,0.059466590873737,0.5127265304042969,0.4267860743706999,0.0010208042903682,10.76719636086947,5.713575525929356,8.38387035430761,4.4921482525835605,0.014570978404519,5.463099500998005,3.068399600798404,2882.8125,0.5370366746485434,0.2849766548281492,1.4673596798116906,0.2480989621998431,2833.419078237208,0.0254174993752976,31.583969931693325,5.0134723002067645,621.4640970515609,0.5368389670151567,0.2881960765059005,inner_race
0.3703626049171188,0.0661206943163321,0.5163570752551766,0.4162109199907846,0.0013113103904828,12.215527099491087,6.290502574540424,9.442714509732957,5.714637302604043,0.0147426932755582,6.496999101796407,3.497228343313373,2882.8125,0.5559537257750627,0.2862936912038017,1.5011065328787072,0.3311632537144736,2812.1301889680185,0.0284810571141915,42.4350991976498,5.65304305532272,647.7334140009838,0.5557582191908245,0.3088671981981564,inner_race
0.3671904403595153,0.0549975322215578,0.5250826529936855,0.4189574709994928,0.0009623437502751,12.214869464204106,6.502743388551378,9.524290283508591,4.775575888124823,0.013180206920144,6.496999101796407,3.497228343313373,2882.8125,0.5378081425557304,0.2863091049447612,1.4646572553173325,0.2783110954017355,2844.941859515376,0.0240139853232657,33.37668460184452,5.220367757228715,599.4332342013146,0.5376466128832088,0.289063880344787,inner_race
0.3685730821560005,0.0648316555821335,0.5018356777430523,0.4320307569569192,0.0013019096842048,11.292884426490822,6.211349036539138,8.88588576310359,3.583058900647257,0.0126394835329341,5.855380339321357,3.275098303393214,2882.8125,0.5272764876240227,0.2900143293515425,1.4305887031675584,0.220368048620334,2825.598156612628,0.0272864985707495,32.08586401307442,5.159383642572704,644.7406825977095,0.5271249736610351,0.2778607378571469,inner_race
0.3694046897416104,0.0570989728158604,0.5113551833888905,0.4303766895106933,0.0011691542054522,11.363421003646444,6.065591956654574,8.86588176691548,4.85112831847648,0.0132620986542539,6.048678143712575,3.275098303393214,2882.8125,0.5399470203069128,0.2882141128399852,1.461668016950712,0.262873785172055,2842.810170799926,0.0260943501366212,32.90543191981833,5.230084862476369,611.9525202270911,0.5397841248847529,0.2913669014775985,inner_race
0.3903455760354291,0.055445561537768,0.5339839386196144,0.4092271077352197,0.0013433920498796,10.852739745214423,5.816089804959515,8.47452006697118,4.300132146064576,0.0129428596907746,6.081571257485029,3.3079914171656686,2882.8125,0.5687655328748307,0.3048070344287346,1.4570820518872938,0.2793364159896532,2838.4424298365666,0.0264487452049897,44.5202533992297,5.713629739613882,600.0604788033976,0.5686182495923033,0.3233267137694149,inner_race
0.368784255756066,0.057766398302295,0.4918601504232751,0.4492188626510873,0.0011545886010242,11.485054534152258,6.155871139888229,8.969990897208351,4.473889468564071,0.0126706142890001,5.988983233532934,3.3079914171656686,2882.8125,0.5373717776076987,0.2880257474902656,1.4571440326431553,0.2742835359852796,2847.9888482531155,0.026017770140893,32.12073114670652,4.972158117132128,614.3106781633794,0.5372223775149332,0.2886078829027974,inner_race
0.3526537652721899,0.0641946589127332,0.4994353557201134,0.4350795185621259,0.0012904667812313,12.38822259599477,6.495527865330103,9.602524347504865,5.311242694803948,0.0141129398917009,6.061266866267465,3.386366367265469,2882.8125,0.5213381325542776,0.2733536906545667,1.4783285587547643,0.2786559312439621,2828.0768285438685,0.0273793846780919,32.31810132870183,4.954656140705112,639.6992177482396,0.5211470746178998,0.2715942733827948,inner_race
0.356347617850237,0.0579820153888874,0.5091718611321068,0.4316200769515815,0.0012260465071777,12.37541691815997,6.346436674225083,9.5029858420119,5.3455414836775095,0.0143697190579777,6.061266866267465,3.386366367265469,2882.8125,0.5335854655288046,0.2736365481389348,1.497373460071945,0.2849799024560893,2844.162229097286,0.0258838081346555,45.87693248501233,5.828812255064405,615.9316925195338,0.5333919386321713,0.2845069601977859,inner_race
0.366821630128415,0.0528962465115541,0.5244826111410144,0.4213995092269918,0.001221633108582,10.664172642862734,5.585635204581577,8.26408630189338,4.746700465959375,0.0133872165337294,5.591829341317364,3.031445608782435,2882.8125,0.5427217313253672,0.2842644910490366,1.4795248882552916,0.2291872626002735,2851.0678973220606,0.0254656397273952,47.58625420919505,5.92917462680563,591.8508550580245,0.5425565962056705,0.294367660086283,inner_race
0.3762134024918911,0.0542696253085077,0.5225874323590382,0.4219550405983554,0.001187901683781,10.298834663771654,5.542510981809042,8.057782069174886,4.210018941328356,0.0133695691624563,5.591829341317364,3.031445608782435,2882.8125,0.5469444478742358,0.2943484100629551,1.4538143624110376,0.2635111541160668,2847.5699041308367,0.0262103932876161,41.921799259297465,5.720826515828314,596.6332549606341,0.546781019861574,0.2989694836808629,inner_race
0.3657746849562593,0.0551878465688616,0.5235415443281571,0.4200319603503259,0.0012386487423848,11.28939183750794,6.065231410283006,8.865051111541176,5.080496501860576,0.0126059733560223,5.861877744510978,3.2426112774451097,2882.8125,0.5346228458732143,0.2872263912987624,1.4616179518742431,0.3066457106884993,2845.106510364709,0.0264714036216048,48.16670469033753,5.768154757390213,598.9808927079088,0.5344742058933453,0.285662676765322,inner_race
0.3688054722586077,0.0563513084445484,0.5314435979636559,0.4108492652420449,0.0013558283394072,11.249709201802776,5.940464226619267,8.792199469240463,5.510223683402517,0.0138188831321731,5.861877744510978,3.2426112774451097,2882.8125,0.5458514947224062,0.2882395641769547,1.4800525908131137,0.3267325564035756,2837.2795009574247,0.027479982316839,47.05091632696416,5.894406971941395,603.6607930894635,0.5456765459131118,0.2977628927596644,inner_race
0.3575210688973615,0.0548081664151185,0.516765140521562,0.4269645774540711,0.0014621155862155,11.612216332640168,6.228140320417355,9.073114350778065,5.161335996145112,0.0131562144266155,5.91223263473054,3.243829540918164,2882.8125,0.520834370138403,0.2793462891145297,1.456793502393354,0.320586237676904,2850.5482576447,0.0272665542894646,43.81123373904507,5.61598044052933,600.4357382811671,0.520668181416368,0.2710953551394278,inner_race
0.3723420847757609,0.055605639611812,0.5189137922074966,0.4240785220611107,0.0014020460068609,11.086458757781276,6.07769428208088,8.711960515749183,4.105279221283809,0.0122409305412612,5.91223263473054,3.243829540918164,2882.8125,0.5337270007940482,0.2925938400881536,1.4334318429663402,0.2826916091974722,2840.402350171571,0.0271194721256503,42.83819956651323,5.66992032742975,603.7508610596162,0.5335866105854737,0.284714670996094,inner_race
0.3607864274380925,0.0523115246278675,0.5020349686772083,0.4441004781973466,0.0015530284024312,11.016203192976704,6.068687002974477,8.663457786444221,3.478207878355186,0.0126244138675773,5.567057984031935,3.125657984031936,2882.8125,0.5150468268506747,0.2837327824549092,1.4275670803582317,0.3031031358191671,2857.874362954208,0.0266993830984069,34.418322856157936,5.1646222726564925,591.060940473533,0.5148920838617049,0.265113858023449,inner_race
0.3550783951140687,0.0659481672533222,0.508829122929578,0.4237873595846654,0.0014353501770169,11.64998268558272,6.432133680222422,9.195000745498946,4.011440696499824,0.0129505928085235,5.851319461077844,3.264946107784431,2882.8125,0.507599230691289,0.2802533013053248,1.4295413003886734,0.3087682472756853,2817.5240213865,0.028371639291583,38.0100739371978,5.420500214054094,644.85548717907,0.5074339968353483,0.2574892611442962,inner_race
0.3604995089411021,0.0546703429346965,0.5016892997325415,0.4423110086567496,0.0013293486505647,11.492794379777882,6.303011955317468,9.05672830838128,4.243803255123172,0.0139198102330495,5.851319461077844,3.264946107784431,2882.8125,0.5179977653429634,0.2840863587996718,1.4368889623857797,0.3113427646094481,2850.5834846708262,0.0262273040933839,47.482117267750205,5.728719737716992,596.9419677536138,0.5178107026543384,0.2681279237833796,inner_race
0.3571455169738647,0.0631647996897493,0.4863780873285404,0.4492586456288889,0.0011984672931446,10.040250899306034,5.550831058346864,7.900136133584133,3.410757095552598,0.01313757562999,5.113457884231536,2.8214982035928142,2882.8125,0.5083019414453421,0.2810186948403681,1.4232348364673404,0.3036009461935256,2832.5527300941203,0.0271162064251711,35.63448482692954,5.134740339555824,636.956263003947,0.5081321361453832,0.2581982677836703,inner_race
0.341942207479572,0.0666023062747468,0.4881460635840592,0.4439966582662776,0.0012549718446789,10.5075148620521,5.768290527457964,8.251389099900377,3.5330591280376504,0.012143770856724,5.01437245508982,2.8214982035928142,2882.8125,0.4891394062351821,0.2685219331721011,1.4304739091456085,0.3192137888755059,2823.735185827842,0.0276077402961393,31.22019675201765,4.840720205156516,646.389727599714,0.4889886374564197,0.2391098875614859,inner_race
0.3504787763340505,0.0668220107351791,0.4860364007229611,0.4458738629723886,0.001267725524232,12.366230228266776,6.831441254810729,9.783775282170238,4.330975544015446,0.0121862038618076,6.029998103792416,3.429005588822355,2882.8125,0.5019446791564862,0.2772878658675075,1.432168545002193,0.3304991123494766,2821.752679363647,0.0289574765322528,39.505651837307376,5.296667659681306,649.2752348670485,0.5017967291333676,0.2517999573689463,inner_race
0.3712931567529004,0.0606687156441821,0.5007769085814797,0.4373617616948029,0.0011926139875021,11.759882898721123,6.378724741905262,9.235305112570106,3.9387206624605,0.0125899122653131,6.029998103792416,3.429005588822355,2882.8125,0.5375691423546433,0.2915850113775585,1.4478293838105971,0.327152878326365,2831.013920342672,0.026291218852187,53.01442522795818,6.072974082520008,621.8133070993655,0.5374216937573868,0.2888220769210584,inner_race
0.3598864115031654,0.0643496902177849,0.4967917605100873,0.437791101341842,0.0010674478428704,11.112909430867672,5.994986687610874,8.677225006129495,3.6700536418526335,0.0127074953121101,5.48056127744511,3.122815369261477,2882.8125,0.520904471016596,0.281007902447888,1.4474135570745612,0.2820753511413444,2827.138861218323,0.0276627388704428,30.6691025426538,4.783898413379974,637.9720375985819,0.5207494478998248,0.2711799874879723,inner_race
0.3580544557369635,0.0601392749545075,0.4846978946523103,0.4541046548631082,0.0010581754889313,11.116677640568536,6.039898135561496,8.72162130431797,3.977047020931476,0.0127501266022642,5.48056127744511,3.122815369261477,2882.8125,0.5170311318455979,0.280912649465094,1.4440013901835729,0.3043834769208234,2840.905625371708,0.026096384828854,37.65289810842569,5.199092338998675,621.0962005883576,0.5168738971636759,0.2671586255691662,inner_race
0.346035009619433,0.0655586328800419,0.4834364109340712,0.4497808769813928,0.0012240791766398,12.28928394829794,6.362738948968409,9.4693385455256,4.645915498505391,0.0126127150484187,5.745330538922156,3.276722654690619,2882.8125,0.5149861845615832,0.2666325123966595,1.4882487905716868,0.3112038950240402,2829.627460627631,0.028963975242632,24.057558743073457,4.407600340388978,644.2671211964595,0.5148317100843774,0.2650516897084045,inner_race
0.3639770325072511,0.0562490001088893,0.5256635571378517,0.4167526160178979,0.001334826718346,11.542119293766184,6.223138131887709,9.014826012938371,4.428525536144957,0.0127479454664888,5.885430838323353,3.2811896207584828,2882.8125,0.5272564341687167,0.2842796489315987,1.4485980902056306,0.3191826291644173,2833.838202480361,0.0276670754010215,44.89202259862315,5.620178499803152,600.2740511622424,0.5271023024600573,0.2778368372586937,inner_race
0.3655004567037799,0.0664677696883739,0.5087988072361604,0.4232933314692835,0.0014400915655155,11.425461136221095,6.329232335561821,8.97725176693206,3.1636145065808847,0.0128825810293475,5.885430838323353,3.2811896207584828,2882.8125,0.518418260982866,0.287182248632086,1.418379242691394,0.292943673387267,2815.235083260697,0.0292245548945414,24.18732915040679,4.489878153005107,648.5138923592243,0.5182581715964749,0.2685915324265212,inner_race
0.3516514342408932,0.06169497838401,0.5026510451356286,0.4343280668143401,0.001325909569328,9.302109613223026,5.06486092479419,7.253312161960999,2.8863437724982584,0.0130550890406686,4.577828043912176,2.550637624750499,2941.40625,0.5035948000594199,0.2741999106444356,1.4320851588349854,0.2507603174168343,2833.221161706279,0.0265190283748147,27.185353104683557,4.776372129328729,634.3006817848083,0.503425552884463,0.2534372872970273,inner_race
0.3652757997189215,0.0580418316450024,0.5173764881773886,0.4230582319374991,0.0015234481723629,9.591060249556296,5.088673750723995,7.436357566463555,3.716545203093556,0.0123712038325692,4.94858622754491,2.7163214570858285,2882.8125,0.5337975256714702,0.2832138873500968,1.4613547518949397,0.2916827016260505,2840.6377388531173,0.0286057855282327,32.41505790485468,5.032100793545615,618.7622163616168,0.5336541499217606,0.2847867517287169,inner_race
0.3510183100108377,0.0588025952027551,0.5302637963271744,0.4094190912901967,0.0015145171589787,10.107099027196886,5.358526576407319,7.85756305108088,4.016254460318635,0.011666102121928,4.990413273453093,2.758148502994012,2882.8125,0.5147214376313203,0.2728922013697692,1.4663663488535064,0.3293900567003796,2834.3979575518697,0.0293043173943627,39.00906343785928,5.437617086747997,620.4064255932084,0.5145892152178607,0.2648020604185338,inner_race
0.3636704837882828,0.0638543105066982,0.5055794878286664,0.4290720380397127,0.001494163524888,12.943036095354078,7.088612749637239,10.211643009924874,4.822950854071795,0.012249853369433,6.529892215568863,3.713673153692615,2882.8125,0.5238927960739093,0.2869244222401299,1.4405700199164435,0.3422713823185903,2826.490953410875,0.0289681256365587,29.874811356047974,4.99529063667846,641.7798006710169,0.5237495612127671,0.274313602870566,inner_race
0.3735228723704933,0.0522899370228983,0.5229581799764498,0.4233592014153554,0.0013926815233273,12.673007651135476,6.875964002896398,9.9422911644593,4.715588915519575,0.0124318790641373,6.529892215568863,3.713673153692615,2882.8125,0.5400949091833938,0.2930380266408091,1.4459486931972385,0.3255259440157362,2849.8019584382364,0.0254976623028863,35.7801289831602,5.192950831302579,587.1451815363674,0.5399518120246963,0.291547959308753,inner_race
0.3840986048898297,0.0559510728625442,0.5269027223298299,0.4157978860291081,0.0013483187771909,10.60870036631522,5.7575483563866765,8.319491529361112,3.719853401607853,0.0121891781378648,5.636499001996008,3.195505089820359,2882.8125,0.5550114201430337,0.3012155098627102,1.4449711950977449,0.3000199677362463,2840.0484792761254,0.0261969618297537,39.37824859575398,5.348237899757054,604.3822650488802,0.5548775544437804,0.3078891004255104,inner_race
0.3664617427254865,0.0513255382135201,0.5277767986102309,0.4196941999222773,0.0012034632273424,9.866794381437323,5.260297064919138,7.694865584939801,4.229252010278887,0.0120466111721868,5.045641217564871,2.819873852295409,2882.8125,0.5360674154889685,0.2857943262302614,1.4628195879386303,0.3169607322537815,2850.4179509966243,0.0251305721473588,33.596684534503765,5.137338376562142,585.1078649855798,0.5359320415018013,0.2872231531082885,inner_race
0.3605258808554765,0.0605632894028141,0.5145250474884299,0.4234393874711002,0.0014722755892249,13.389103597749571,7.147556443400311,10.50683855639032,6.038344016626825,0.0121885832826534,6.778011876247505,3.7879872255489024,2882.8125,0.5299695435139287,0.2829156707836351,1.4699902882322526,0.3545759875641774,2834.4078196583914,0.0284955583611037,28.596531883886943,4.907801584077857,627.3370153573995,0.5298293645032557,0.2807191554899237,inner_race
0.360016089939262,0.0543639855750645,0.5221779440223244,0.4221496823354499,0.0013083880292005,13.47720571253083,7.114754702175995,10.52171647713848,6.164483160730821,0.0119056304870727,6.778011876247505,3.7879872255489024,2882.8125,0.532412905871565,0.2810662170146226,1.4788586420162162,0.336797128377715,2842.3650684810223,0.0273569430405611,42.85605436892507,5.572776001922231,599.6529389633131,0.5322797744619922,0.2833217583013092,inner_race
0.361370376970668,0.0581879659314096,0.501767123867047,0.4387519939517338,0.0012929162345989,10.987583342796372,5.815963604132848,8.551692502355309,4.5102417294638375,0.0121051052679796,5.517109181636727,3.090328343313373,2882.8125,0.5313527651922327,0.2812564188957382,1.4703827404075294,0.3082139192930023,2844.71332797541,0.0256282806617137,40.43997844309828,5.547755906694938,617.7881953038161,0.5312148600179433,0.2821892275038831,inner_race
0.3821655237376808,0.0560231956572567,0.5151005224795319,0.4275139683650012,0.0013623134798087,11.086149948330236,5.99996071507693,8.683540231841167,3.892515213313584,0.0115857966683819,5.868781237524951,3.3185497005988025,2882.8125,0.5530952381504473,0.299341946127892,1.4472661812636267,0.3186705931795298,2842.1499157443604,0.0264113090057715,43.69972604024502,5.662188821680224,604.1242897392391,0.5529738798354393,0.3057801117802589,inner_race
0.3706199789386071,0.0568598859750589,0.4982386600768255,0.4434945680511506,0.001406885882651,11.56016013768078,6.069941967040072,8.954049671317145,4.739728626685609,0.0115986851979634,5.868781237524951,3.3185497005988025,2882.8125,0.5467185219592882,0.287067796732492,1.4751458448759225,0.3383505949996582,2848.435929083205,0.026464782664463,48.17406374391408,5.920959864940985,611.6049832827185,0.5465954745101969,0.2987666127550272,inner_race
0.3828993767835422,0.0524456651633627,0.529296132386506,0.4168938704005578,0.001364332029338,11.886239201574137,6.216691193408537,9.1823298663166,4.888279876031431,0.0119682885693456,6.181468862275449,3.515908383233533,2882.8125,0.5655594389120369,0.2957965361127773,1.4770445532267205,0.3341684794490978,2848.661410724874,0.0272364617532282,45.956716068092135,5.743601681441297,589.203671044102,0.5654327891192894,0.3197142390112188,inner_race
0.3737748926950786,0.0608568442448279,0.5184002466704808,0.4193560911327138,0.0013868178608081,12.150707156738692,6.462476892632625,9.406486235290748,4.520802932096152,0.011733717330963,6.229387225548902,3.515908383233533,2882.8125,0.5440496641839835,0.2893583342829258,1.4555543318095825,0.3346991132546266,2833.138237753697,0.0278670117039091,39.92284502595796,5.48536815578534,627.6845566107662,0.5439231167879356,0.2958523569763022,inner_race
0.3689284090023078,0.0590124114552951,0.5365812283710255,0.4030998633348285,0.0013064967365769,12.454200582966228,6.539279323666008,9.641228939544105,5.074445086177475,0.0117793228971744,6.336594411177645,3.556923253493014,2882.8125,0.5439319957812958,0.2856002864092187,1.4743564944002272,0.3495307895937206,2828.106468701528,0.0288792272630487,37.358162172237954,5.28627284726671,617.7846332013457,0.5438044350561217,0.2957232635867077,inner_race
0.3646446583395708,0.0644220779028394,0.5171256993012305,0.4170996970046373,0.00135252573347,12.567479604961786,6.617379251564223,9.75449159104553,5.337105117792317,0.0118181867709892,6.336594411177645,3.556923253493014,2882.8125,0.5375123773739015,0.2830259817639727,1.4740717163429546,0.3357399654664735,2821.192320684184,0.0285918848648275,42.37296228013315,5.593535639643367,641.1985504814435,0.5373824395080188,0.2887798862915894,inner_race
0.3750679096397049,0.0550654104382492,0.517534950121717,0.4261213416649002,0.0012782976384349,11.008956792475775,5.838588369054914,8.542540835363846,4.466658506122839,0.012199092391389,5.975988423153693,3.2040329341317366,2882.8125,0.5487684233938159,0.2910387418653125,1.4631175029635832,0.2880207888860543,2844.3656944990626,0.027742765524913,47.06260703785301,5.776374765755965,600.1861982362024,0.5486328140559593,0.3009979646589608,inner_race
0.3643724129377962,0.0672096289276744,0.4936132073981358,0.4379059533648101,0.0012712102536675,10.583841047304876,5.616484014016466,8.224904074239547,4.332987206331379,0.0116498427461483,5.422490718562874,2.9969281437125748,2882.8125,0.5335950634299782,0.2831607287295502,1.4644222352834124,0.3164546165412771,2820.3042640058397,0.0274102035426867,37.154817225208745,5.308544076595481,652.0736196380676,0.5334678742725119,0.2845879728808325,inner_race
0.3472094520919099,0.0699304399648056,0.4739600600254631,0.454887818565209,0.0012216813914533,12.181355808847025,6.5328841913887565,9.502804583732615,4.386113923780402,0.0108446070749126,5.990201497005989,3.299463572854292,2882.8125,0.5050546552169776,0.270861768150469,1.4546109046688176,0.3182947064850673,2816.239321373808,0.0294859343564871,38.65935024153539,5.378318132959846,664.854575690758,0.5049382133031038,0.2549625992537308,inner_race
0.3597543536462231,0.0640120575405971,0.4831749193872391,0.4516138422394027,0.0011991808298787,11.739286417313153,6.377360046441155,9.171434728761986,3.5383480735831965,0.0107365417114988,5.990201497005989,3.299463572854292,2882.8125,0.5173713807636651,0.2810616808861761,1.438124029688436,0.2562834942955982,2829.676370921077,0.0267499038969085,39.88404519099422,5.468618885673372,640.4500678401944,0.517259965883093,0.2675578723053785,inner_race
0.3722195446022018,0.0624211703665265,0.4932024536814071,0.4431451814923507,0.0012311944536915,11.26551660021938,6.171350652203269,8.835928518842485,3.2146742967420163,0.0114759467393338,5.79690369261477,3.288905289421158,2882.8125,0.5329311968761599,0.2919444714463526,1.4317657538529138,0.2358771238925308,2833.818316114545,0.0278193692508363,38.03347176624348,5.415940949629106,636.0864474039863,0.5328076231157848,0.2838839632502922,inner_race
0.3805441467163329,0.0616618200633299,0.5026628897638394,0.4344238078496741,0.0012514821743583,11.13349708853424,5.8768804661134935,8.642637964085647,4.075655314924477,0.0111961665048808,5.79690369261477,3.288905289421158,2882.8125,0.55963453883148,0.2954063097396608,1.4706165990476932,0.3237677261695371,2828.01307816841,0.0277665317500291,40.48542616992236,5.416066445437931,631.5362046371652,0.5595225311895119,0.3130654629087183,inner_race
0.3613743426720777,0.0556718884137252,0.5019762339317724,0.4411804018842101,0.00117147573634,11.033745342951516,5.801375873260424,8.563959705876382,4.538574097705998,0.0110490389825817,5.553250998003992,3.094795309381237,2882.8125,0.5334588513124447,0.2804845692182146,1.4761945946907522,0.2913236813237115,2845.4872527325765,0.0278073656887828,25.093492533927503,4.41760509301875,605.5750990329732,0.5333444147838754,0.2844562647811545,inner_race
0.3686662761391279,0.0618728905478453,0.4975920446901687,0.4394430789595605,0.0010919857925081,10.732405328838786,5.8322218872460505,8.394571214355711,3.5519608489231222,0.0111927956586826,5.553250998003992,3.094795309381237,2882.8125,0.5306374430213227,0.288359898322633,1.4393435943706163,0.255422720279804,2828.4140598604217,0.0277013664359475,29.189684017991688,4.850869199009717,630.1914193111728,0.5305193844352442,0.2814508172615504,inner_race
0.36110903724777,0.0630452014214204,0.4771930722454616,0.458696146031922,0.0010655802083697,9.74700988490571,5.296569787147031,7.615502418512148,3.1518441690290047,0.010684987593173,4.925033133732535,2.750026746506986,2882.8125,0.5192090082869036,0.2821405517158341,1.4378178188064994,0.257629527041142,2836.835258915238,0.0280231406010186,31.71770679980285,4.987184599143609,636.8403298942428,0.5190990515560625,0.2694638253264036,inner_race
0.3635152265780937,0.064737341313093,0.4965507760784168,0.4375324376238855,0.0011794448105419,11.090285914024276,5.985213356125966,8.656513732643285,3.744786239418776,0.0109758717915731,5.942283133732536,3.146774550898204,2882.8125,0.5257581248423546,0.2837415171523156,1.446316650313426,0.2599954220182054,2819.766380638493,0.0280419835623151,28.311277188420892,4.755801272102839,640.6310680060951,0.5256435446918035,0.276301136076164,inner_race
0.3640006284306387,0.0642935843523132,0.4950821147015495,0.4394791151757009,0.001145185597314,11.086623982767254,5.9754905689262365,8.644970104764065,3.569276498276781,0.0107625170557322,5.942283133732536,3.146774550898204,2882.8125,0.5266135917379019,0.2838352374707995,1.4467381389102452,0.2789974117363607,2827.893662444037,0.0288153368463259,33.80427939619817,4.94379865740499,644.0270155728311,0.5265036022951018,0.2772060432297187,inner_race
0.3594971779098053,0.0620707440243209,0.5063853164527033,0.4304077071549984,0.0011362322217427,9.822120000919965,5.287005100482273,7.646258863605277,3.267499837062652,0.009672742308352,4.903104391217565,2.7488084830339323,2882.8125,0.5199178799322872,0.2798589798105167,1.4462363319656713,0.2357567082867838,2826.500698845066,0.0290013485438613,33.504038349865944,5.044741115649378,633.1203254013608,0.519827894528103,0.2702210399295205,inner_race
0.3590518296414982,0.060421582030605,0.4960771165824585,0.4422843179841543,0.0012169833773042,11.832543631269834,6.3104955012901724,9.213130651551316,4.364483515370905,0.0097825922374002,5.964211876247505,3.3079914171656686,2882.8125,0.5242047025450465,0.2795672274914455,1.4599694508406995,0.2862541616566107,2833.058069163062,0.0287082150302443,42.84289577042674,5.554417297346805,625.7962072312409,0.5241134143097822,0.2746948710594574,inner_race
0.3562375696361184,0.0575935178286897,0.5024233214179501,0.438788843277727,0.001194317465483,11.887519799252322,6.337540607821355,9.285913949347458,4.809241505462925,0.0110704537701939,5.964211876247505,3.3079914171656686,2882.8125,0.5219676877625327,0.2782743139888379,1.4652235818240635,0.2790513249323643,2838.857535598402,0.0278712523178351,40.71239790637747,5.374940435590063,612.6709116731772,0.5218502774948834,0.2723277121214869,inner_race
0.3617917327454466,0.0600115703888772,0.4877236297944635,0.4510033426555499,0.0012614571407831,11.391108286149889,5.985719744063745,8.816729547890938,4.50117273975361,0.0108576938895646,5.764416666666666,3.189819860279441,2882.8125,0.5329049799638382,0.2800271738403057,1.4729606337875756,0.2778385468897435,2842.027394339332,0.0276882512407434,51.76561632847117,5.977342978056685,623.5918594020359,0.5327943582224379,0.2838698281536594,inner_race
0.3531449173917789,0.0592217817541899,0.4999864452743892,0.4396736421405838,0.0011181307360251,11.642485307294296,6.1995724710713525,9.032608720064504,4.130636892733306,0.0104119490511165,5.764416666666666,3.189819860279441,2882.8125,0.5145225537992955,0.2739810080138939,1.4569728416294443,0.2863094994406887,2840.529836378113,0.0272726556966849,45.82630424889562,5.611982299690395,619.2201046233416,0.5144171941966034,0.2646250496851059,inner_race
0.3683099578674681,0.0655389739439913,0.4862619755931939,0.4468969550276737,0.0013020953652327,9.240819719125165,5.172776393885951,7.29130104975728,2.5572769709366963,0.0104974099164951,4.785338922155688,2.6854587824351297,2882.8125,0.5191523038980096,0.2906082862840835,1.4095527226684983,0.2649405087631212,2826.333117439478,0.0299329668059396,44.88227311921575,5.464962291743912,644.9979306096776,0.5190461627135456,0.2694089190276564,inner_race
0.3618720381989926,0.0560587914062232,0.4807871094814505,0.4620775437864131,0.0010765552935638,9.88850946819799,5.522645945874816,7.802560973671912,2.9202288726989103,0.0099814721630956,5.090310878243513,2.823528642714571,2882.8125,0.5112637439348485,0.2855363239318524,1.4128301995350792,0.2812303803730827,2850.6468597738626,0.0271977560239246,40.651483845597625,5.263402046780293,608.5343907778004,0.5111662998239768,0.2612909860757357,inner_race
0.355118646983377,0.0632409987033445,0.4875314594182606,0.4479648274839403,0.0012627143557826,10.1714918826594,5.492166496334031,7.950944470811581,3.909547270839423,0.0102668043795222,5.090310878243513,2.823528642714571,2882.8125,0.5141010645979596,0.2775923802808306,1.447688171165015,0.300054775874511,2833.048228025991,0.0293878541699291,45.88146141238983,5.665165744145652,638.522756058135,0.513998538274758,0.2641944973485879,inner_race
0.3533134597016903,0.0578303225267986,0.5090269378016492,0.4319274663545013,0.0012152732614488,10.59444144272572,5.703741734968782,8.29040444572651,4.136547226161998,0.0098400949078405,5.357110578842315,2.929111477045908,2882.8125,0.5135420944970153,0.2764762534090057,1.4535027760635248,0.295605570317897,2839.245495292017,0.0278550380700696,35.40705658049563,5.034313371145507,613.7270019865821,0.5134478117127251,0.263628655352586,inner_race
0.3588511651501684,0.0608759398970746,0.4853806503645794,0.4526108288240615,0.0011325808614438,10.399936535136614,5.628488078415847,8.162468904957192,4.16611895410241,0.00924999853808,5.357110578842315,2.929111477045908,2882.8125,0.5204082226412593,0.2816470530516974,1.4502063060697716,0.2860152398633338,2839.959988915655,0.0269437448187757,30.189121970223788,4.83348503216797,626.8071873345274,0.5203260090747722,0.27073915571968,inner_race
0.356278416360638,0.0602604275042964,0.5134693984220926,0.4251019271066927,0.0011682469161416,9.725391679367466,5.2225548126288,7.59679852893952,3.6107967012173727,0.0093636158834674,4.97051497005988,2.706575349301397,2882.8125,0.5182473801436329,0.2782998812318715,1.4546134605556458,0.2452155711457779,2829.781608100119,0.0262181012610473,45.07503200859993,5.611094196609844,619.8548611682824,0.5181627830357233,0.2684926697233261,inner_race
0.3375509863086327,0.0660826427425877,0.4866277840578525,0.4459489632404988,0.0013406099331311,9.627967158867271,5.169673372388877,7.504572497344851,3.315333786327365,0.0089846931137724,4.564021057884232,2.5331758483033933,2882.8125,0.4900069435398057,0.2631059917949928,1.4516531232759549,0.2701176440129343,2826.596065632873,0.0273048566545761,42.12509727248689,5.542703417735483,643.3948720305864,0.4899245656291116,0.2400260800068737,inner_race
0.3380724760440057,0.065273164562297,0.4909101993589303,0.4425362046203349,0.001280431424619,9.620338368525148,5.188732284898099,7.492996407000192,3.2114358278259365,0.0094137820062998,4.4759,2.5331758483033933,2882.8125,0.4882070820412624,0.2633146310727679,1.44409000032796,0.2573671790147028,2827.141036142757,0.0276059767372203,43.62052769086837,5.584501630010809,643.0304908200884,0.4881163136626164,0.2382575356635817,inner_race
0.3479062258295908,0.0634399270968934,0.5013551113183305,0.4339010910227523,0.0013038705293184,10.305045397594,5.577749054417647,8.052744366730197,3.365401324604501,0.0099301163298403,4.949804491017964,2.801599900199601,2882.8125,0.5022814531214341,0.2718668178651316,1.4437265441965916,0.2670559715161756,2824.202047510097,0.0287744885542971,40.6555564112788,5.421687857504055,635.9547697478588,0.5021832842095157,0.2521880509394553,inner_race
0.3697544646059443,0.0547221759239305,0.5104317171452467,0.4335905040191711,0.0012556028239967,11.766529113781932,6.178031054501899,9.111193814545771,4.482806591552496,0.009448680178705,6.071825149700599,3.3689045908183632,2882.8125,0.5453039262992148,0.2863125190309879,1.474773068339709,0.3111054069805867,2843.554498217197,0.0272699234636975,46.46799070729551,5.650902450343185,600.0492427521393,0.5452220597886882,0.2972670944802199,inner_race
0.3582717761742141,0.0521601942092651,0.5130133052418404,0.4335187887201402,0.0013077117358861,12.285112095263791,6.3133921605614844,9.403209560052511,4.714767458067537,0.0090088838923715,6.071825149700599,3.3689045908183632,2882.8125,0.5336124392625641,0.2742266057236187,1.4894068546529562,0.2892967980435251,2852.2182544222305,0.026532547205811,28.949731700260504,4.733697761397678,588.7402116300415,0.5335363861507081,0.2846610753467574,inner_race
0.0567491908052884,0.941069639978304,0.0570123612063383,0.0009567113671126,0.0009612838397215,4.416514457995298,3.024601758330169,3.749616325592836,-0.2936515941282609,0.0119017725360576,0.4178566153846152,0.2127876923076923,1031.25,0.0703523006695495,0.0481800058239317,1.239705794412728,-0.0064595539526777,895.5429062534906,0.0098768427434243,140.4733469926516,11.342964503724971,494.9540481823686,0.069338257982146,0.0048077940199986,normal
0.0583747202524038,0.9453821435186368,0.0527951855313015,0.000959787308394,0.0008628829428385,5.274678712931226,3.642319973668821,4.5028975467263255,-0.2601711783531653,0.0113511012620192,0.4610399999999999,0.2628553846153846,1031.25,0.0721670217102361,0.0498334398967234,1.2362718210587813,-0.0330019210501724,858.0136014704233,0.0091514002726485,149.00261856092766,11.384752950025796,506.5848267276328,0.0712687275224209,0.005079231522665,normal
0.0595405420673076,0.9458597588998244,0.0522985395981556,0.0008180708448499,0.00102363030697,4.301699407731624,3.032868897670748,3.706971237741997,-0.3526570517335363,0.0102362109374999,0.4259926153846153,0.2207150769230769,1031.25,0.0727743547017765,0.0513088098453314,1.2222655719107949,-0.120308434798572,878.3069828906242,0.0090030106308966,159.2544431401866,12.015183978403044,488.648142407053,0.0720508618123543,0.0051913266879029,normal
0.0583439576322114,0.943872409954471,0.0544178258758625,0.000920292487486,0.0007894713225016,4.423344477048711,3.032521614259067,3.7651199698307702,-0.2929226678610712,0.0120537521033653,0.4061741538461537,0.2196719999999999,1031.25,0.0724387252401075,0.0496619698374852,1.241580588288964,-0.046444715708722,902.9653809910576,0.0090757692944924,150.40133742181533,11.620645992263034,477.7953869862719,0.0714288175363585,0.0051020759746424,normal
0.0619489903846153,0.9440240778495942,0.0544361813886277,0.0008414936272967,0.0006982469169968,4.380063274873343,3.0641829629234785,3.7581689029202874,-0.4466763512183562,0.0141114861778846,0.4316252307692306,0.2328147692307692,1031.25,0.0759793955021031,0.0531532890326798,1.226483192548884,0.0181765530286378,888.189928405126,0.0090002930040416,158.67754324912286,12.010063048540744,482.9963600973599,0.074657447710971,0.0055737344987163,normal
0.0573460060096153,0.9372736566899154,0.0606884584873763,0.0011035573669977,0.0009343267797879,4.442279343416563,3.0482162595931026,3.786987629935416,-0.2375075540296918,0.0129541189903846,0.4337113846153845,0.2171686153846153,1031.25,0.0712444908399,0.0488867535326111,1.2423618626195931,0.0821604434454468,925.6872121241064,0.0102978085684694,166.22025096210157,12.17655344726824,480.6829716798906,0.0700568931385025,0.0049079682762195,normal
0.0628437548076922,0.9509607791911784,0.0473531826430138,0.0008261175064636,0.0008599190858215,4.381855984946991,3.0322289006519823,3.741175860369824,-0.3952888722229151,0.0133171586538461,0.4251581538461537,0.2351095384615384,1031.25,0.0775368701257961,0.053655240900023,1.2338039056238157,0.0029763297503855,800.8701540167856,0.0081658279242661,136.21192636427534,10.889129983207107,524.9342762524408,0.0763846811493827,0.0058346195142928,normal
0.0615695507812499,0.9476949945694588,0.0505870567595646,0.0008819445093835,0.0008360030120817,4.141694351560766,2.890736070131364,3.547537783219041,-0.3601357585701752,0.0093955357572115,0.4266184615384614,0.2184203076923076,1031.25,0.0755587166705198,0.0527369451128129,1.2272091595888346,-0.1077093154072024,880.2305752436858,0.0084871383536696,150.62385513693826,11.73125674123019,488.1380288339356,0.0749722853641987,0.0056208435727308,normal
0.0568924101562499,0.9361439828144263,0.0614915482176373,0.0010642467937863,0.0013002212663907,4.567831342068783,3.113897238251179,3.875850239651653,-0.2470125382049435,0.0113853272235576,0.4101378461538461,0.2205064615384615,1031.25,0.0708136603962891,0.0482737748015436,1.244694330962701,0.0339507179536931,911.207634819381,0.0110616670446491,161.61803493312507,12.181788993379458,496.0009100946015,0.0698924089063574,0.0048849488227334,normal
0.0585532860576922,0.9455771638300492,0.0525465769094845,0.0009830922977183,0.0008931663422661,4.556954088919842,3.149797029533189,3.8906099954072912,-0.2360341566416215,0.0133033052884615,0.4476886153846152,0.2278079999999999,1031.25,0.0723246602444608,0.0499912870647328,1.2351938740585748,-0.061182550236661,915.647080130791,0.0094170842455616,161.42153328256774,12.228546397341615,474.2228125944873,0.0710906361476579,0.0050538785478786,normal
0.058366673076923,0.9414696203276444,0.056727695269317,0.001017646776535,0.0007850371340432,4.529683682607463,3.087220211573116,3.8494359432592455,-0.1656941223325634,0.0129649164663461,0.4257839999999999,0.2246787692307692,1031.25,0.0727770466092804,0.049601425833213,1.2468938655003612,6.44529692691533e-06,848.1228998182041,0.0089317874775455,162.47643940777644,12.04778111200732,518.7117311711173,0.0716129140182833,0.00512840945419,normal
0.3138898271328436,0.0558956880705316,0.3168731076238638,0.6257651750617078,0.0014660292175327,31.451279054736588,9.683492666721024,20.08382190277716,23.16324238124927,0.0043295545140188,12.53593113772455,6.304107385229541,3410.15625,0.6510158681582611,0.2004404137033065,2.074026654845172,0.3282033465137751,3080.0322426510274,0.0413920033945332,13.33497406984344,3.5048009165979934,693.4096115591595,0.6510014712360983,0.4238029155515645,outer_race
0.4100868376528193,0.0087496416258077,0.2560303808815262,0.7254032661792849,0.0098167112881551,11.020886816384015,4.859988014543557,7.899211282642416,4.223426660791796,0.03105580430935,6.120961776447105,3.239362574850299,3445.3125,0.6665371530045914,0.2939293932349033,1.6253561241311616,0.0615701809975852,3257.088381353693,0.0223662411112052,58.86898810205528,6.637241059651784,436.7867270707477,0.6658132721372904,0.4433073133541654,outer_race
0.4163583961471587,0.0073906742569875,0.2617269853494777,0.7236276592541594,0.0072546811023157,10.783411910050203,4.701101503409737,7.708051778338575,4.732868088018989,0.0339878456465974,6.305731736526947,3.209312075848304,3445.3125,0.6826723638110281,0.2976156436032278,1.6396267497623436,0.0348679314146504,3251.580128024297,0.0202561398561054,66.04591190819639,7.1660631033259525,420.53628796123206,0.681825771483918,0.4648863826596399,outer_race
0.2878066158210921,0.0941529966433415,0.3552285715614343,0.5486426897357229,0.0019757420268128,24.575885910126416,8.295934239920573,16.295345643994853,16.210962507219858,0.0060851705280844,9.02652015968064,4.689908283433134,3445.3125,0.5653261161190251,0.1908337424979936,1.964256848322229,-0.1330871968172811,2944.789074921769,0.0476094332217461,13.55052046737066,3.3933732374445205,824.7117203589772,0.5652933647813899,0.3195565882658655,outer_race
0.2980924555673808,0.1080794384484858,0.3665635665366744,0.5226923750778497,0.0026646198787332,24.28254508718668,8.511811337524405,16.363805440239254,15.957691067891766,0.0037204227774918,9.20479271457086,4.8779269461077845,3433.59375,0.5730774276684676,0.2008820298116835,1.9224821593612225,-0.0250927281559422,2901.0096488586346,0.0522685821275609,13.400443154965174,3.482659860864404,865.8822945258714,0.5730653510355206,0.3284038965574645,outer_race
0.086972387958458,0.1811533398091133,0.0636558003130975,0.7145165692421346,0.0406742906194766,5.4271045235406,3.67026573501634,4.595189578666465,-0.0079364536868031,0.0190908335282559,0.798294251497006,0.3996546107784431,3421.875,0.1088898296833169,0.0736404852799318,1.252004598693181,0.0427930447791204,3042.4109814656804,0.0909118535224454,45.06555211274612,5.923294578395007,1199.0085759272986,0.1072032419456528,0.0114925350836581,outer_race
0.082627840334955,0.1688277658159752,0.0641409159903473,0.7275389833702585,0.0394923348058107,4.917928569917151,3.3200093770215924,4.157764071717226,-0.067240797430617,0.0191534762116392,0.6738589221556885,0.3435470658682635,3410.15625,0.1034777396250797,0.0698560503643205,1.252335038718231,-0.0111489658231196,3063.1264889059407,0.0858941992969245,94.0184178891248,8.66458617769685,1161.314882902604,0.1016896599803832,0.0103407869469259,outer_race
0.0826567431933008,0.1864898448118,0.0790727068839024,0.6842553410238212,0.0501821072568357,5.173644603981335,3.5417542455844533,4.406808700870061,-0.0907276762124129,0.0155675790606287,0.6577005988023953,0.3642524550898204,3421.875,0.1028452088520648,0.0704053878786944,1.2442446300061845,-0.069177795657208,3027.7011283953657,0.091457543861034,131.9317957213693,10.050847761624414,1232.796598294919,0.1016601567282674,0.0103347874660159,outer_race
0.301125622290575,0.0698603602945802,0.3264555559848862,0.6025727312149414,0.0011113524642186,29.932484011499863,10.176563913968508,20.135441345932243,22.709053556704426,0.005935068729728,11.167415169660678,6.063297305389221,3445.3125,0.5958098781325046,0.2025657911672062,1.978609038979653,0.2205175154663101,3032.5359205338123,0.0391576251113777,11.34701153196575,3.280379514294113,746.4041558103391,0.5957803167606692,0.3549541858394434,outer_race
0.4074266451472056,0.0075773451746035,0.2498531878411441,0.7328682316711802,0.0097012352208341,11.04455603917015,4.765345892886463,7.835168429085359,4.507082636193125,0.0177381858353605,6.15669750499002,3.192256387225549,3445.3125,0.6698897538562383,0.2890343781953778,1.6441972115353507,0.0069836631445829,3264.217378189909,0.0236296681331577,36.289396813500616,5.379758389071005,428.3283493476673,0.6696548656471046,0.4484376390848417,outer_race
0.0818718462294161,0.1958126700175315,0.0617905466617391,0.7082995395385229,0.0340972437684728,4.988332912509546,3.396580053868168,4.231859859002833,-0.1995433666619797,0.0129059786676646,0.6350870658682635,0.3464701796407186,3410.15625,0.1020055980267986,0.069456106021283,1.2459178914930664,0.0076910353793662,2984.250217208112,0.0751949804503468,84.85511776478265,8.363666795325443,1227.2273794443772,0.1011858574279756,0.0102385777434346,outer_race
