feat_abs_mean,feat_band_energy_1,feat_band_energy_2,feat_band_energy_3,feat_band_energy_4,feat_clearance_factor,feat_crest_factor,feat_impulse_factor,feat_kurtosis,feat_mean,feat_p2p,feat_peak,feat_peak_freq,feat_rms,feat_root_amplitude,feat_shape_factor,feat_skewness,feat_spec_centroid,feat_spec_flatness,feat_spec_kurtosis,feat_spec_skewness,feat_spec_spread,feat_std,feat_variance,label
0.0622028990651509,0.3933937753437453,0.1463710905168421,0.4584709106814224,0.0017642229303318,6.060025261170911,4.062980958561005,5.131352955202417,0.3856031130963444,0.0045420764525636,0.6133550499001995,0.3191850299401197,1441.40625,0.0785593221320845,0.0526705774619901,1.2629527451735338,0.0149891518949755,2238.174911435517,0.0560746022465491,58.61329900561947,6.489172346472516,1180.1259906059622,0.0784279072483239,0.0061509366353516,ball
0.0683289559747691,0.4552278361476445,0.1404002278012273,0.4024976835447126,0.001874252102614,5.393123971057115,3.6765733976251775,4.588095865462411,-0.01312171525162,0.0041850046976359,0.6214768063872254,0.3134998003992015,656.25,0.0852695612174372,0.0581295371813513,1.2479271781779238,-0.0372545444163304,2064.8181888057065,0.0495848427496487,56.794290671727616,6.549237865895706,1227.1513884945714,0.0851667999040415,0.007253383805895,ball
0.1125681001083769,0.1885651183484443,0.1877272787299213,0.6221652288117667,0.0015423738172635,26.14995813007592,11.8016186991795,20.086481017367376,32.906004157858035,0.0051884857823415,4.224612854291417,2.261097005988024,3246.09375,0.1915921081355751,0.0864665631486217,1.7020106757697462,0.9632808887930964,2667.3019369391045,0.0386389803531668,37.84713086584391,5.421699301221542,1011.9085101145896,0.1915218408305443,0.0366806155151203,ball
0.091081850556699,0.2109714168147477,0.2293498530654164,0.5576404428762051,0.0020382871778893,11.322816105489698,6.3539093515910245,9.098893213859649,5.690194444863145,0.0049269874313872,1.5853668662674651,0.8287440319361278,3140.625,0.1304305721214939,0.0731923952676687,1.4320149549475831,-0.0360225507344658,2607.0428651771545,0.0486942945914234,23.977933096550423,4.526371075031991,973.5222906237794,0.1303374809438604,0.0169878589387911,ball
0.0931190313708519,0.2359910335253257,0.2289132478911039,0.5336981470381567,0.0013975710345094,14.411905071750368,7.768740351751077,11.425699818151626,8.192032793857624,0.0045858577961264,1.9963277445109784,1.0639500998003992,3281.25,0.1369527171236434,0.0738243899403633,1.470727466850693,-0.1825884794442976,2568.335159221566,0.0439026418234192,22.491634040117663,4.344088587301784,1042.395338964105,0.1368759169314397,0.0187350166358223,ball
0.118642047701472,0.0760986807404301,0.1741806180791793,0.7483908309834141,0.0013298701515452,5.1268612323485,3.472241127983448,4.346954110433386,-0.1637533030881819,0.0142489237930389,0.9437481037924152,0.5157315369261477,3234.375,0.1485298739104752,0.1005940113362308,1.2519159672986018,0.0280755568984416,3024.6534229747763,0.0318026443497344,57.50375280783236,6.625329095610857,700.7755857615062,0.1478448227521066,0.0218580916146018,ball
0.0986676821552207,0.226731044154697,0.2961494467656948,0.4727636930915302,0.0043558152568704,7.960637428923766,4.905067814191311,6.52916649584852,1.5004033466927007,0.0050434997388036,1.1805785229540915,0.6442177245508982,3257.8125,0.1313371698321991,0.0809253945180609,1.331106264618478,-0.0120351447490524,2548.479172803168,0.0647777846214319,19.562484205417597,4.069089331156323,1028.7706835568192,0.1312402959838045,0.0172240152899166,ball
0.1320787958458083,0.0520872115075977,0.2327614954386056,0.7142653263726181,0.0008859666757862,11.26820756871901,5.953799639944714,8.872029900364149,6.032457518914816,0.0053221299198478,2.245178363273453,1.1718070259481037,3257.8125,0.1968166711701747,0.1039923181039978,1.4901458626253894,-0.0320735548018441,3019.178230296915,0.0251247482780164,36.08404395357533,5.454782846886985,580.7420764007051,0.1967447000140663,0.0387084769836249,ball
0.0922619639821918,0.0849283631517083,0.1313128048899696,0.7756523762593207,0.0081064555822161,6.690042865928386,4.275087237464301,5.547606746277026,0.9057851435067584,-0.0051759541658869,1.019118003992016,0.5118330938123753,3210.9375,0.1197245963373511,0.0765066986968173,1.2976593080162495,0.032801155797065,3050.4357526269423,0.0562820037555888,41.725298812800986,5.932502790931806,759.6236718669372,0.1196126601435413,0.0143071884666143,ball
0.1168151283760603,0.0696232264447879,0.1600511255281337,0.757882694214256,0.0124429537528303,7.928676318019433,4.815435300975881,6.479877350765676,1.870561102331517,0.0303320638020833,1.470850099800399,0.7569477045908183,3210.9375,0.1571919582093477,0.095469618663901,1.3456472667076402,-0.0346074099675887,3067.8365815727843,0.0608393643126123,43.67242496365644,6.0062553427818495,716.9460685470737,0.1542377308935646,0.0237892776311956,ball
0.1242331314909243,0.1619809068359978,0.2246774287582799,0.6116792580611401,0.0016624060056467,14.294347885424807,7.493084250061079,11.20268140160693,7.664775350549126,0.004715932802364,2.451633413173653,1.3917441916167663,3269.53125,0.1857371604497069,0.0973632517392314,1.49506945708179,0.2926540827439659,2700.864979050229,0.0388358995377907,42.68085684397195,5.967097593363457,938.5160428360032,0.185677281188959,0.0344760527497237,ball
0.0888031585266965,0.1199719713380145,0.1496513777637692,0.7205184358077449,0.0098582147747099,6.129296478387992,3.929662105718937,5.097867171590871,0.7298707351126503,-0.0099864292898577,0.8916064271457086,0.4527067065868264,3339.84375,0.1152024511033635,0.0738594891245803,1.2972787569119024,0.0163415020500099,2959.623884247948,0.0626472550710349,69.63054077402298,7.4948533663590755,881.7718480610769,0.1147687935384071,0.0131718759702615,ball
0.1163233020872317,0.0652432856761496,0.1872003000820681,0.7461240221302401,0.0014323920120719,5.399164781695982,3.643465863124996,4.567660132127204,-0.0646294503435669,0.0115374151111838,0.9776970459081836,0.5313253093812376,3363.28125,0.1458296384106973,0.0984087967054671,1.2536580013980223,0.0377920439976495,3062.323688073456,0.0297658415823853,46.77406645312348,6.167097123741304,648.3044133821651,0.1453725266050878,0.0211331714915469,ball
0.0951567673832023,0.1947592114460529,0.1911673065427884,0.6111875636707348,0.002885918015223,7.4297278712568176,4.532249883121145,6.068479437748128,1.2540127441144395,0.0045458835259169,1.0421837924151696,0.5774568862275449,3234.375,0.1274106461733477,0.0777224813928295,1.3389551755184896,-0.0215717354585099,2682.3809216168,0.056403819823501,43.09785940131898,5.881159936233748,987.6995280464562,0.1273295240754429,0.0162128077012788,ball
0.0924716702727357,0.1151529788474284,0.1421281236567552,0.7331179469888408,0.0096009498383816,6.671393433662849,4.256773553045797,5.53502594148863,0.8734254013291141,-0.0018062183640531,1.019118003992016,0.5118330938123753,3210.9375,0.120239680930678,0.0767205680345192,1.300286677812171,-0.0278083038899813,2968.017016327928,0.0624967485432811,54.89178217548276,6.670391442563349,867.1298001984907,0.1202261138252942,0.0144543184455326,ball
0.1015710514712761,0.096716162840485,0.207455585983923,0.6942749033152957,0.001553347646196,5.196401955972587,3.446004490744768,4.354694097151457,0.0187338065360171,0.0126317900721993,0.8586320958083832,0.4423108582834331,3234.375,0.1283546958430801,0.0851186767365165,1.2636936802744267,-0.0408187389269605,2962.891445049129,0.0381166585789118,20.27515461514231,4.211215605836029,782.0633293398782,0.1277316163858483,0.0163153658245415,ball
0.0987183638192364,0.116712347625443,0.1222191594484026,0.7511611889959543,0.0099073035103355,5.6233818441818135,3.764101455981414,4.745448526977824,0.2342480076189721,0.0292665591473303,0.8974540918163671,0.4684629141716567,3433.59375,0.1244554429921747,0.0833062607434969,1.260712173269661,-0.0494894660586573,2978.2837178365303,0.0593648822067269,33.69733846535726,5.536981895505617,874.7810248009725,0.1209653909432539,0.0146326258060542,ball
0.0968550393548839,0.1133960960703971,0.1560680898569947,0.7213586348955277,0.009177178629886,5.996301643885415,3.991514795374672,5.056442281471947,0.4259919049121161,0.0285873931239084,0.9253929341317364,0.4897419161676646,3210.9375,0.1226957536860874,0.0816739959483304,1.2667978300697529,-0.0176651019412826,2969.922656521833,0.0572978906076244,57.632050052235925,6.951358608568543,861.1263260549841,0.1193189378387863,0.0142370089269761,ball
0.1116689962847741,0.0695383739225106,0.1786649556404086,0.7502894524892125,0.0015072177879209,5.21322731372613,3.5279297325936687,4.416203873048119,-0.0506297290300179,0.0104227357589508,0.9776970459081836,0.4931530538922156,3269.53125,0.1397853957623069,0.0945964992920549,1.251783399268955,-0.0247259194766698,3056.7757546215366,0.0322192161599972,28.933804376845117,4.98017035312712,657.376046623758,0.13939628204412,0.0194313234477238,ball
0.1085798735146893,0.0911052234718802,0.1847866076131872,0.7227172962284028,0.001390872674639,5.658111128384803,3.806994304105487,4.781205373023997,-0.0181153313919031,0.0112369735723864,1.0030369261477046,0.5191426746506986,3398.4375,0.1363654981282351,0.0917519403332921,1.255900322169622,-0.0587844249397671,2992.1752947977475,0.0329654335755767,25.50290015382301,4.6948161758709,749.76624238645,0.1359017273793648,0.0184692795046951,ball
0.1084109346346369,0.1145218723268891,0.1980407788003906,0.685843144219942,0.0015942046146164,4.748527170857713,3.228437776964505,4.030502093488933,-0.0795732441599748,0.014815939780595,0.8547336526946108,0.436950499001996,3445.3125,0.1353442529138142,0.0920181107278092,1.2484372851313117,0.0037033481518163,2919.243586376239,0.0379187446440087,20.57825099881634,4.327123648119648,850.276202871626,0.1345308690420762,0.0180985547252162,ball
0.0650764463066055,0.2639597487749206,0.2029612748706535,0.5311055715991527,0.0019734046473059,9.766259849239749,6.119726246011123,8.079766871300237,2.235002614119707,0.0045484215748191,1.0387726546906186,0.5258025149700598,1441.40625,0.0859192868819551,0.053838677557918,1.3202824025938549,0.0156021523689392,2547.633059837606,0.0513069785296789,29.383112995934567,4.766462556866812,1056.6683702142418,0.0857988095458289,0.0073614357194814,ball
0.10341280251996,0.10828225972744,0.2606871130608051,0.6300875418480127,0.0009430852735203,13.10703415527403,6.989428549182568,10.288378942201502,6.050523836196675,0.0045903786957335,1.9963277445109784,1.0639500998003992,3222.65625,0.1522227593162578,0.0811739778195577,1.471991432461922,-0.1705685533829927,2866.64168342309,0.0294032338672822,16.450731853989993,3.92144206446039,768.0966852891452,0.152153530610647,0.0231506968772851,ball
0.091591443187843,0.1057621188050855,0.1512857249398574,0.731754947364131,0.0111972087660133,6.967026859968306,4.453659835363943,5.788622222991963,0.9665873088398502,0.0211781938661738,0.9648646706586826,0.5301882634730539,3210.9375,0.1190455227997286,0.0760996439556522,1.299745027006296,-0.0687183418006209,2985.476829890839,0.0640356261717825,46.43196679959481,6.211265187175491,841.2056998380903,0.1171465774285679,0.0137233206032274,ball
0.0908820585196793,0.3603321548946421,0.1398267871029863,0.4980989407031774,0.0017421172019,19.023566521884533,10.35046264383147,15.313739744521763,16.506934374276767,0.0041999157349363,2.308690499001996,1.3917441916167663,3281.25,0.1344620273999249,0.0731589520827084,1.4795222466358295,0.5273719686352645,2273.2596977583607,0.0508802113777247,103.25902078880767,8.470871068781376,1210.924415288324,0.1343964192987209,0.0180623975203175,ball
0.0979153092837761,0.1362450004687625,0.2433363265419611,0.6187303125668283,0.0016883602997421,12.18382087424274,7.048189761724625,9.8275307060923,4.052725935044981,0.0046394740791853,1.7102794810379245,0.9622657085828344,3257.8125,0.1365266460061054,0.0789789769986783,1.3943340117573104,0.0560708952664506,2814.270429432807,0.0400870466086935,34.19056154428433,5.303743939996822,827.7091117723959,0.1364477934960656,0.0186180003499449,ball
0.0937183281678829,0.1204313802115355,0.1314899574848517,0.7402533933771958,0.007825268528995,6.358451572128877,4.180995528165032,5.345271836501185,0.5764511207882226,0.0290115645466878,0.8920937325349301,0.5009499401197605,3210.9375,0.1198159473611345,0.0787848951017546,1.2784686806032377,0.0204839084984945,2964.315339616709,0.0587065558284834,48.12893202615551,6.39764104552161,883.1355905098053,0.1162505499539659,0.0135141903645995,ball
0.0910245858283432,0.1157685480910051,0.1432798472506556,0.7310766291337395,0.0098749753821522,6.945180599122194,4.582847631499352,5.856792326567033,0.8049848200229368,0.0195526528583458,1.0631379241516967,0.5331120958083833,3210.9375,0.1163276937562,0.0767600047543419,1.2779810278464114,-0.0290978572949247,2968.0864536038084,0.0603230653208731,57.61679875864837,6.833853189672065,868.4791114853916,0.1146726911729086,0.0131498261008372,ball
0.1250523660881362,0.0533256766520967,0.1213853438944214,0.8157932076883236,0.009495771672133,12.67082385188329,7.377185562848586,10.301868363402964,6.102179313022678,0.0321164708083832,2.3470251896207586,1.288273013972056,3339.84375,0.1746293356723711,0.1016723954994116,1.396449672525935,0.0848540912959057,3127.407670667111,0.0571209902277972,29.06291645924897,5.217700006132553,644.3790668522872,0.1716506253416746,0.0294639371801879,ball
0.0716451548075723,0.2740563477791014,0.1914452812426812,0.5330510868184676,0.0014472837616424,9.689046976157805,6.0754757202716005,8.04181953039378,2.7634588092723678,0.004839266116205,1.0806809181636727,0.5761574051896208,1441.40625,0.0948332989410521,0.0594648169843115,1.3236526488882543,-0.0272165528812933,2510.2615282511406,0.0470320931875136,22.612656337612066,4.395071060803374,1087.6736870740845,0.094709746549653,0.0089699360914995,ball
0.0936381416853792,0.120049553382823,0.1294739735440426,0.7412280148809052,0.0092484579633174,6.241290577194936,4.094208446290809,5.233623581229885,0.6713172678667978,0.0217453684817864,0.9487835928143712,0.4900667864271457,3210.9375,0.1196975661732921,0.0785201041941232,1.2782992487769744,-0.0584661088793694,2964.8272170878427,0.0614643147869638,52.60323323136594,6.662731322822164,893.6039468618698,0.1177057615301858,0.0138546462974009,ball
0.1173396320445046,0.0777592064965169,0.1859826489216161,0.7348615964533614,0.0013965480488166,4.549425679478281,3.0874810319648653,3.8553200521011135,-0.1627013552516656,0.0113940153482098,0.8748756087824351,0.4523818363273453,3421.875,0.1465213329713804,0.0994371307938859,1.2486943278960314,0.0043645184172578,3041.9837511536657,0.0311255457073753,30.49057123971268,5.2296401910766495,723.0576892069049,0.1460776417866707,0.0213386774299548,ball
0.0719441686938622,0.2993546546208936,0.1600788425331965,0.5386998420548901,0.0018666604270303,7.894098605020323,5.160916688329963,6.619852714203824,0.7955856116363522,0.0039342930545159,0.8937180838323353,0.4762598003992016,1441.40625,0.0922820167735193,0.0603311187544984,1.282689319355388,-0.0596682700508243,2481.0228252917286,0.0497647444343591,39.81014607585213,5.47753747272673,1097.4247634360293,0.0921981125509047,0.0085004919579492,ball
0.110617768155096,0.0791157664503916,0.1907487062023761,0.7287783319496438,0.0013571952679025,5.90607030202015,3.940807105640805,4.9677195000147,0.0493853347232327,0.0121003860833021,1.034874211576846,0.5495180439121756,3421.875,0.1394430199655306,0.0930429229269781,1.2605842830784562,-0.0393137921748732,3026.3560693655054,0.0314123089257096,29.26318569976202,4.865942021631475,729.9337796103096,0.1389170129024605,0.0192979364737423,ball
0.1105389300110715,0.0734687426048068,0.197490233429202,0.7278224492362768,0.0012185744481546,5.780203145560929,3.8759866065538175,4.872807165453938,0.1452504855899739,0.012230619717596,1.0563156487025949,0.5386348902195609,3234.375,0.1389671701416087,0.0931861522260201,1.257178535450721,-0.0291756764461052,3027.341462421423,0.0316520984107086,37.24452367478183,5.578405291887676,697.5877544021475,0.1384279101860978,0.0191622863184903,ball
0.1204183646768961,0.0846567180292534,0.1264639962937814,0.7876773321756274,0.0012019534794414,12.835799146197257,6.570105930075792,9.998218999794505,7.856768732841445,0.004576260798715,2.346213013972056,1.2039691816367266,3246.09375,0.1832495844740265,0.0937977579676771,1.5217743984957584,0.1032910030808865,2977.7506978172505,0.026313854552007,56.85560257348294,7.013913220852649,701.0688727105431,0.1831924344698915,0.0335594680470055,ball
0.0928821996826658,0.1194842166200687,0.1284320258572543,0.7441335911442679,0.0079501662042472,5.615007505096653,3.657997065976597,4.695607176007565,0.4150059241285664,0.026548388087107,0.8165613972055887,0.4361383233532934,3210.9375,0.1192287242135485,0.0776736848450189,1.283655260328633,0.0491236364685571,2964.5642713841653,0.0598409298367592,61.86242181609407,7.091272656432839,873.8113889112198,0.1162354152896903,0.0135106717675667,ball
0.1087850589056262,0.0909918096810003,0.2076293614071885,0.7000717329276419,0.0013070957494259,6.303245861568368,4.246509854261221,5.323168855635936,0.0148422478438803,0.0116282296734655,1.0493309381237526,0.5790812375249501,3363.28125,0.136366394380049,0.0918703236781031,1.2535397392977494,-0.0031416549504837,2989.7961804981023,0.0350952255051329,21.014439481599386,4.312481113370109,751.070559020598,0.1358697088790441,0.0184605777908761,ball
0.1084252111597117,0.0893343253877402,0.1726737550157709,0.7363969535194917,0.0015949660630843,4.769717754137808,3.275919186443799,4.073417178905912,-0.1580050435281279,0.0110267913976733,0.8284191616766465,0.441661117764471,3398.4375,0.1348205168162038,0.0925969083561229,1.2434425109637222,-0.022346864496992,3009.2722146282654,0.0361274932844302,24.005307417321493,4.7121644381978856,754.1386529701206,0.1343688268388933,0.0180549816260604,ball
0.0902651540083894,0.1079871305947341,0.1398922383071245,0.7428280292068411,0.0092926016612245,6.234999958914734,4.050239510714229,5.206049172592621,0.6320825180504492,-0.0077024232199663,0.9088245508982036,0.4699248303393213,3210.9375,0.1160239608290359,0.0753688586104043,1.285368225464418,0.0288445557978947,3001.89363430106,0.0632122426314852,64.51324445746702,7.124053041580136,840.4496446574141,0.1157680101020924,0.0134022321629981,ball
0.1129005845145645,0.1427972936573556,0.2766166895293012,0.5766066007635918,0.0039794159527301,12.314841281475548,6.813559282483126,9.8050458635033,4.858261086734969,0.0050723700450661,1.8905824750499,1.1069954091816363,3222.65625,0.1624694764199958,0.0898911633434383,1.4390490281211672,0.2265466946670584,2743.9226864082093,0.0519869172882095,26.5256499330579,4.89436405002098,884.6067109076467,0.1623902762800578,0.0263706018303135,ball
0.1491217942240518,0.0588925420381676,0.2259270600478037,0.6925123821045529,0.0226680156747482,5.983890345676131,3.786064897493717,4.943144780399801,0.6650524337577961,0.0230375526291167,1.4050638722554891,0.7371306187624751,3398.4375,0.1946957167190762,0.1231858500373614,1.3056154382541203,0.0079251942793528,3068.802813921858,0.0816422196478282,32.381242816392735,5.199645481053955,708.1588355473748,0.1933279423094743,0.0373756932776154,ball
0.0914990423449974,0.1015378248206873,0.1283847932503406,0.7619092765048304,0.0081681052866202,6.919180304545253,4.429655192694544,5.748310983590929,1.0268851744766607,0.0185076112228667,1.0275646307385229,0.5259649500998004,3339.84375,0.1187372215713832,0.0760154999508093,1.297688134523683,0.0587706476121384,3007.464352532936,0.0563283366955942,34.77737605081882,5.522591031885056,826.300795250356,0.1172859587218989,0.0137559961133149,ball
0.1058207764159181,0.0959170021478649,0.1614833717520189,0.7409794396471415,0.0016201862599501,5.188693198824468,3.502758099001478,4.394711437565585,0.0234369998292862,0.0122792392168787,0.8925810379241517,0.4650517764471058,3386.71875,0.1327673117306264,0.0896279195217143,1.2546431450171718,-0.0515690191920355,3005.9648614028915,0.0338234574649861,33.31698040951613,5.372046149133514,773.9412359932128,0.1321982577359929,0.017476379348432,ball
0.0898309890180575,0.1257799888978622,0.1421721424894485,0.7202515975176883,0.0117962706042614,6.284588403978533,4.144680953661533,5.289074067697396,0.5267867639064456,0.0117380796025137,0.9362760878243512,0.475122754491018,3210.9375,0.1146343373116043,0.0756012524527837,1.276111268112175,0.0329978764431982,2944.7731583464792,0.0659658036298338,110.6564824858128,9.240709655732989,885.2385766021785,0.1140317884544293,0.0130032487781157,ball
0.1410565093250997,0.0755121619134301,0.1681518468618817,0.7551774778784601,0.0011585133322626,11.403633811830897,6.040465270940125,8.860107868848036,4.427233685732148,0.0043459328608408,2.380161956087824,1.249775888223553,3128.90625,0.2069005998984976,0.1095945300283977,1.4667922869241277,0.0346229578702506,2949.936251960129,0.0276636891131362,48.80382975897896,6.557889414425134,674.2088938392044,0.2068549518525657,0.0427889711059272,ball
0.1134152532435129,0.0762617826606978,0.1558344921681992,0.7494706112074692,0.0184331137352489,7.188082238305959,4.702024207196458,6.028196750660165,0.8060818621766344,0.0312091183258482,1.1951976846307386,0.6836894610778443,3210.9375,0.1454032201772709,0.095114307044847,1.2820429000416451,-0.0016288179464724,3063.2793711604413,0.071802986228575,38.36424417615864,5.816457090673863,758.10056099494,0.1420143914229931,0.0201680873712431,ball
0.1101829686525386,0.088261169444874,0.1954139989112791,0.7147820458814288,0.0015427856821694,4.956260501949742,3.377004956281578,4.213351722827328,-0.1336349056001138,0.0135910139291728,0.8587945309381235,0.4642396007984031,3363.28125,0.1374708082482584,0.0936673124053459,1.24765932457104,-0.003231884985084,2988.8022555571824,0.0326364947877035,32.294800105387544,5.320913288316235,750.8638908740737,0.1367973225644656,0.0187135074608064,ball
0.1071489691320483,0.0993089799923653,0.1888916072382811,0.70973939691517,0.0020600156645446,5.209672827512256,3.546303316618517,4.420582317872071,-0.142621080489179,0.0149329279721806,0.8716269061876247,0.4736608383233533,3269.53125,0.133564671725542,0.090919498019521,1.2465324940358455,0.0189974383452348,2973.901083910269,0.0381944274663243,39.45072540965692,5.787622003216347,787.8789360418921,0.1327272737433022,0.0176165291953294,ball
0.0920174388332709,0.0937956938299334,0.1599374582934551,0.7319284192155798,0.0143384285209546,5.831320749489846,3.828445666047593,4.893313543061944,0.5416829086187827,0.0178045716769585,0.861068622754491,0.4502701796407186,3210.9375,0.1176117461020592,0.0772158142184359,1.2781462687215563,0.036976602430814,3003.9358298493694,0.0731400033187118,73.28847575094593,7.420216457802869,801.4349949594136,0.1162562688571041,0.0135155200485752,ball
0.1018472229174463,0.1683397565278665,0.1935696255470341,0.6355479688185045,0.0025426489875994,6.7151952724013,4.181520613043034,5.521509600880307,1.0178625779853414,0.0047533690236714,1.070772375249501,0.5623504191616766,3281.25,0.1344846698609086,0.0837429734132786,1.3204549521189894,-0.0591309304604001,2761.4428226239343,0.0466144286581923,38.12356833197952,5.654267433090873,923.774624637209,0.1344006395465526,0.0180635319105223,ball
0.1039214433827656,0.1128383703947001,0.2117406647106364,0.6739538856406017,0.0014670788997328,5.239814402826855,3.531127647045937,4.425014100330244,-0.0355899498994438,0.0117239617054952,0.9003779241516966,0.4598538522954092,3281.25,0.1302286120073038,0.0877614772094447,1.2531447578883512,-0.0347298707704408,2925.152256622192,0.0390285133271579,22.96077726478029,4.5214319345929175,823.2192837766763,0.1296998076609097,0.0168220401072769,ball
0.1431817287105476,0.1292224810424093,0.161345303464228,0.7077992815518697,0.0016329339115135,13.628200730128071,6.436798123049346,10.126263882418568,6.276931911519249,0.004727829906593,2.878188063872256,1.4498959680638723,3246.09375,0.2252511171465796,0.1063893904100315,1.5731833885169897,0.1496710933620518,2829.518603837748,0.0320176005155007,59.77995721100545,7.145920268665035,867.915911894884,0.2252014951108372,0.0507157134001564,ball
0.0899014198750935,0.1105439261569486,0.154984892642375,0.7269089178197542,0.0075622631874511,6.603577523871685,4.244657316761013,5.499941331484174,0.765405158606316,0.0184973797132297,0.8950175648702594,0.4944525349301397,3210.9375,0.1164882104799554,0.074876464029189,1.2957327108047996,0.0760706970537016,2972.200773616764,0.0574945923604484,59.33122181460283,6.785734607477603,847.5196885670869,0.1150102174790004,0.0132273501245669,ball
0.106236540551709,0.0867176915768681,0.128204458290635,0.7678229299403991,0.017254920011869,6.345212651953525,4.100296548931167,5.294909372708936,0.6676730022735038,0.0229445965880738,1.0741835129740518,0.5625128542914172,3210.9375,0.1371883344481629,0.0886515370163731,1.291347908504123,0.0403563065449271,3050.9271310105755,0.0609155645140802,79.43579123025427,7.928397484062638,785.3087920831119,0.1352559965253724,0.0182941845960715,ball
0.1349681265788734,0.0674598840337283,0.2142228792743799,0.7161032396332602,0.0022139969993641,12.472563243248167,6.8881001272099285,9.94458107308428,6.286084351053441,0.0049165972936938,2.492079760479042,1.3422014770459083,3281.25,0.1948580090675273,0.1076123208092361,1.4437335244010747,0.0880090586974661,2982.550493900869,0.0304210942141458,24.747899773098336,4.636706840629721,656.9398712887117,0.1947959721575685,0.0379454707688122,ball
0.0951081478839196,0.1087159171728304,0.1482135007942729,0.7356117183834683,0.007458863621563,5.701153075415844,3.850584678154824,4.850433729674918,0.3205910432929548,0.0282334146160803,0.900865229540918,0.4613157684630738,3210.9375,0.1198040835409269,0.0809162220976544,1.2596616189724248,0.0363791890552708,2976.0555280865187,0.0586814730357547,102.41072186014914,8.922731728926022,827.5863356365403,0.1164297759690273,0.0135558927321979,ball
0.1656336265554827,0.0399238252987407,0.1602017907646249,0.7893689349918896,0.0105054488724815,9.612123642770268,5.606057084148907,7.777847051730885,3.604556567897896,0.0320458020092627,2.515795289421158,1.288273013972056,3328.125,0.229800195509004,0.1340258471332739,1.3874006159735155,0.0680118485823419,3141.9222694247105,0.058805876154226,25.037718818115334,4.787782279227658,577.999287541579,0.2275548207126353,0.0517811964295596,ball
0.0923549993372629,0.1137747666963251,0.1834543326006851,0.6925916600327731,0.0101792406628237,6.893512158123631,4.482578605022803,5.772422712727862,0.8327550523313496,0.0198016989068737,1.0631379241516967,0.5331120958083833,3433.59375,0.1189297818918384,0.0773353384428486,1.2877460099104048,-0.0100773072492426,2963.303755758859,0.0607499335467975,36.74262239516532,5.612960565576232,869.3261177873474,0.1172697136572004,0.0137521857412417,ball
0.0940165489138909,0.1371072273683567,0.1569039607453189,0.698798476454081,0.0071903354296969,5.581758144537734,3.598717727043576,4.654502261317344,0.6380129821511655,0.0269543172834019,0.8677284630738522,0.437600239520958,3210.9375,0.1215989340404467,0.0783982802890143,1.2933779791451212,0.0607663761938503,2903.418380364972,0.059549062976012,47.928559315887,6.291337224838515,910.27668704087,0.1185738821982252,0.0140597655395586,ball
0.1004750902296968,0.2921864069054102,0.156763243414253,0.548669374168129,0.0023809753619588,17.417120448252472,8.66704960117733,13.631766946821172,16.72333589817515,0.0041823080206773,2.738493852295409,1.369653013972056,3257.8125,0.1580299037155622,0.0786383155609099,1.572826691215594,0.0592010737395521,2436.9645935100298,0.0558838829522533,26.22314873911441,4.666724630265558,1147.7725500798206,0.1579745510136682,0.02495595876797,ball
0.0979016672709268,0.1290237834772996,0.168513715677082,0.6887138111122367,0.0137486893467735,13.558745357252002,7.906315776356976,11.006908061295178,5.5439639221061086,0.0050998126988211,1.9813837125748504,1.077594650698603,3292.96875,0.136295422694985,0.0794759855949535,1.3921665125253664,0.1066508870137451,2914.249735808385,0.0712668499239656,28.403581542254127,5.059766315142968,894.0705144803966,0.1361999785537486,0.0185504341580415,ball
0.064610476390968,0.4952101262731408,0.1233814881201223,0.3790814592199515,0.0023269258022459,7.199673334063743,4.754970547639341,6.043819419211019,0.3040528272383156,0.0048222929141716,0.6666337724550898,0.3904940518962076,1441.40625,0.082123337670319,0.0542377457666956,1.271052966292618,0.0392092114734574,1996.0952246410225,0.0572303019609638,79.98901283926837,7.818004905294624,1222.4543353813972,0.0819816325841537,0.0067209880811631,ball
0.0989758171547529,0.1040411884026063,0.1277337125129732,0.757730450980532,0.0104946480353277,6.175962854563359,3.969697524475899,5.136830093485207,0.6281243491490263,0.0209711049385603,0.955605868263473,0.5084219560878244,3210.9375,0.1280757420314911,0.0823227030441344,1.2940104533942791,0.0023074745197906,3010.6822980611746,0.0634530319023487,67.12367128771103,7.3206121203935135,830.5075859542717,0.1263471743038718,0.0159636084545729,ball
0.1118347626036988,0.080938065382298,0.2159192422841523,0.7015303998351818,0.0016122924088729,5.995022039930545,4.039715407348227,5.07052569989894,-0.0187518381227302,0.0144233353410366,0.999788223552894,0.5670610379241517,3363.28125,0.1403715313441808,0.0945886494073208,1.255169037570239,0.0295602256817126,2999.529998616465,0.0369609267683054,84.70400211521174,7.64332683896656,713.3490899378629,0.1396285580014,0.0194961342095503,ball
0.0916544978402569,0.1084014418907862,0.1462822454437466,0.7365005853650177,0.0088157269154513,6.6817924079120825,4.453460813009072,5.639314981957271,0.4163569643551295,0.0187404772096432,0.9655144111776448,0.5168685828343313,3339.84375,0.1160599822332552,0.0773547801668148,1.26627699641685,0.0025446171741951,2982.6315728503173,0.0611880755793091,36.99908567644867,5.73968828081056,839.0296624517293,0.114536954691219,0.0131187139899383,ball
0.0702459760362087,0.2971468214158395,0.1377821701097608,0.5634137945353463,0.0016572134113633,8.087972796341056,5.292208486536711,6.779887294237469,0.8528338704785958,0.0041499478971744,0.8937180838323353,0.4762598003992016,1441.40625,0.0899926375936999,0.0588849409353426,1.281107369727664,-0.1237575889379781,2488.5380853552283,0.0463413822940834,33.45279182412796,5.1731118034862345,1093.2990177287234,0.0898969006891881,0.0080814527535217,ball
0.1129315962995882,0.1463318950409181,0.2882529664791977,0.5634086748667716,0.002006463555975,19.906970280863742,9.173983331084496,15.161644382078508,15.779057106260254,0.004844183585953,2.944624031936128,1.7122287025948104,3269.53125,0.1866396134374053,0.0860115164908217,1.6526784314841545,0.4993516321928257,2737.841033967228,0.0411279535888265,21.520308873524037,4.244529398110377,914.3695313981112,0.18657673807163,0.0348108791894496,ball
0.1144121512638784,0.0888481599328342,0.2138441751197338,0.695615366562862,0.0016922981858862,4.786015374353598,3.258249794742757,4.057607480237723,-0.2395230522677831,0.0134769603566304,0.9078499401197604,0.4642396007984031,3421.875,0.1424812798415461,0.0969991871079402,1.2453334568714602,-0.0473365767099754,2984.204155069939,0.0355535078577237,50.0941629620834,6.217849149847302,757.8332208030124,0.1418424712306959,0.0201192866448307,ball
0.2061891099636663,0.1808468042636835,0.4224288061861248,0.3907151812436856,0.006009208288274,9.060386859527224,5.134991438190072,7.1910095762707,2.5088368612961123,0.0155576845722617,2.657926027944112,1.4827078642714573,3585.9375,0.2887459272559307,0.1636473019595573,1.4003936837731734,0.1370068063277538,2721.538926688988,0.0701423753148434,23.297721023208823,4.369416170088315,927.6349451758672,0.2883264971480027,0.0831321689576372,inner_race
0.2024991834300149,0.1844714854783696,0.4282812299257049,0.3810041427705961,0.0062431417835715,9.21825254089038,5.185596543564202,7.322043670284186,2.6689388560990377,0.0153034831119011,2.6639361277445115,1.4827078642714573,3585.9375,0.2859281187449172,0.1608447867634839,1.4119964036483923,0.1411265510929421,2715.286710988137,0.0720833111940707,27.92449597502672,4.738140661322079,934.326384090048,0.2855182874942535,0.0815206924936512,inner_race
0.202194855503836,0.1811850120151133,0.4331186696261492,0.3797589040947245,0.005937414238962,7.446595667946855,4.251582898803737,5.95369621797399,2.4004803254843567,0.0155949621655127,2.38503500998004,1.203806746506986,3585.9375,0.2831431904681194,0.1616586693015514,1.4003481431937206,0.1106431485013776,2714.8578183626573,0.0701365330574677,29.31096264440145,4.825689774250062,926.3300042127532,0.2827133945597943,0.0799268634635219,inner_race
0.2037999334923901,0.1759247378773679,0.4115149056651426,0.4070081332468538,0.0055522231756684,7.926593079693414,4.567871009954323,6.349956334460907,2.2543945126595952,0.0155269900433508,2.4664150099800395,1.2941206786427144,3585.9375,0.2833093745034747,0.1632631656036478,1.3901347740825116,0.0960586669192991,2748.0704343148823,0.069378197833461,33.92201692324887,5.061732531778349,929.4008007818638,0.2828835701516505,0.0800231142617437,inner_race
0.2090878790660865,0.1780572855303157,0.4247039191453365,0.3914575622483901,0.0057812330147278,9.30895753752892,5.388856771135869,7.482859248699743,2.4959365068350063,0.0152732644671594,2.7368695009980044,1.5645751696606789,3585.9375,0.2903352670349218,0.1680720062749366,1.3885800952773324,0.1176963559749949,2729.844362744244,0.0683338516495902,46.21607713067058,5.874478404795774,927.5918562938896,0.2899332590041294,0.0840612946767555,inner_race
0.2097954395116017,0.1818278323484,0.4068816419674848,0.4053959842911275,0.0058945413477291,9.296844502902305,5.341777597439242,7.463042186302044,2.7816316239615766,0.0156226427613522,2.6860273053892216,1.5657122155688623,3585.9375,0.2931069643033133,0.1684132949712212,1.39710836892193,0.1697018899789897,2735.9573519005803,0.067744276551177,55.91356423480565,6.354728161022548,940.8893621151756,0.2926903236464351,0.0856676255562549,inner_race
0.2075050090054266,0.175702395487393,0.4029664772152866,0.4155798916337426,0.0057512356288893,9.447091930502584,5.382407956374846,7.545418894094823,2.6801143780358005,0.0147693824460454,2.720625988023952,1.5657122155688623,3585.9375,0.2908943781777922,0.1657348342841379,1.401866776961441,0.0877709821058201,2750.4169971423803,0.0690799118728008,37.03477257582629,5.149025757615873,934.2597121301508,0.2905191983287969,0.0844014045976068,inner_race
0.207718601683352,0.1607461039044656,0.3991224507634664,0.4345757701145353,0.0055556751720252,9.4142165283837,5.319769623645969,7.48995833809035,2.6600154429093195,0.0145292988827033,2.71071744510978,1.5558036726546904,3585.9375,0.2924569638766428,0.1652610886911267,1.4079478751858088,0.0983648518174983,2788.0059158781432,0.0666865441947982,29.126349735655594,4.729416565601263,911.6778767300374,0.2920958322090903,0.085319975193921,inner_race
0.2074083252050585,0.1717144713667724,0.4032038421383753,0.4198689924679551,0.0052126940081317,9.407615752406414,5.323083012241982,7.501163085505428,2.727599917144193,0.0151910951339508,2.7659453892215566,1.5558036726546904,3585.9375,0.2922749220849395,0.1653770427705579,1.4091764243116844,0.129103632377628,2759.0475340974685,0.0661935745901042,32.777685624277524,4.906971884563308,925.7785896514612,0.2918798737638289,0.0851938607083886,inner_race
0.2041636676256861,0.1686913102667941,0.4170838677163241,0.4084342319902195,0.0057905899955573,9.704908328700284,5.520419316981781,7.761198204588912,2.9013089696073973,0.0148669387007235,2.7946964071856284,1.5845546906187624,3585.9375,0.2870352050512528,0.1632735350969535,1.4059073702452458,0.150694303720947,2760.508437659078,0.0669146960002469,50.31810115621692,6.01305691909681,918.3898757000452,0.2866499312270695,0.0821681830724836,inner_race
0.204934203409587,0.1729536038414696,0.4086649066317709,0.4122601197651254,0.0061213697070849,9.670064559124116,5.517454055644114,7.732016736375765,2.782621074996082,0.0145310437913236,2.733458363273453,1.5845546906187624,3585.9375,0.2871894672141098,0.1638618523103517,1.401374013883496,0.1565815091546902,2751.9700518305885,0.065794638772911,60.592155065670525,6.535418724619399,925.8356844608588,0.2868216150241451,0.0822666388450589,inner_race
0.2066145504108969,0.1692270040845878,0.4242335881205498,0.4006348582792486,0.0059045494451103,9.101129051972324,5.251188070429953,7.294914931522574,2.457611573974064,0.0143210202446669,2.6655604790419165,1.5072355688622756,3585.9375,0.2870275352257317,0.1656097348202792,1.3891932327849923,0.1134390846636308,2745.170238556029,0.060305072050022,75.387178858493,7.3364489264815935,911.4544843237272,0.2866700444010683,0.0821797143569105,inner_race
0.2069924024412113,0.1770962051133777,0.4106368966762453,0.4067797108232503,0.0054871873598313,9.14828292133423,5.246811659780102,7.300432258160928,2.410890119112442,0.0141701649630426,2.669458922155689,1.511134011976048,3585.9375,0.2880099591833606,0.1651822560550692,1.3914035287607207,0.1387596643149353,2739.4344831656267,0.0540859468124912,105.00070106856708,8.63519817595256,920.693817117705,0.2876611600715696,0.0827489430137212,inner_race
0.2100050664881174,0.1653534952865588,0.4178653742114124,0.4108964707087641,0.0058846597759444,9.028949353812372,5.1682348670566345,7.1957026430195725,2.2339364448433807,0.0144444328725361,2.7235498203592816,1.511134011976048,3585.9375,0.292388804078607,0.1673654323177689,1.392294047796942,0.1244341157542669,2759.0079494675138,0.0641592153319938,84.89513267500126,7.730490502563994,904.6568261851723,0.2920317981136794,0.0852825711095088,inner_race
0.2081664086865331,0.1791589430135848,0.4239260854362577,0.3912188271834034,0.0056961443638099,8.982269903905092,5.14551400488232,7.171084190452969,2.339403322861795,0.014251858412082,2.705194650698603,1.4927788423153694,3585.9375,0.2901126769646233,0.1661917152663577,1.3936575012037065,0.1596935248423905,2718.265752086605,0.0663897633886305,62.5740310183632,6.755521940507469,929.3540247262684,0.2897624024392775,0.0839622498673818,inner_race
0.2075002501637349,0.173467984111456,0.4259845404251252,0.3949272912164196,0.0056201842358048,9.01454770581534,5.17538899133546,7.19410622945005,2.228610828390213,0.0140212925321232,2.586129700598802,1.4927788423153694,3585.9375,0.2884379985378011,0.1655966434513812,1.3900609676865427,0.1526969673760315,2735.789717806904,0.0649502811491391,85.5109460747243,7.878075152420374,918.860401548492,0.2880970016439275,0.0829998823562211,inner_race
0.2100562240363023,0.1757326136137712,0.4272609316124944,0.3922429220531658,0.0047635326837788,8.087675157447142,4.693515526405769,6.478653623378839,2.0001792362855744,0.0142865186424026,2.454232375249501,1.3608815169660675,3585.9375,0.2899492947897441,0.168266095073436,1.380341363937088,0.1385160793880616,2725.6698059906657,0.059583011826523,103.05235339154422,8.64691758575721,922.922062449561,0.2895971148581253,0.0838664889341502,inner_race
0.211195332109219,0.175442685578398,0.4374886871407428,0.3814485741648266,0.0056200530810935,8.454091504563008,4.896158079919659,6.763665260363817,1.977012842132987,0.0142765250748503,2.5172572055888223,1.4284545309381238,3585.9375,0.2917500839681964,0.168966059826432,1.381422974904193,0.1229538401402567,2715.768591828055,0.0592924233023771,82.01718611956505,7.750172106982582,919.3239401798944,0.2914005702246254,0.0849142923272368,inner_race
0.2119888689612961,0.1681708504956632,0.4270894585788311,0.3992245316902256,0.0055151591212253,8.484715757678678,4.892031438715236,6.78049026874276,2.036025076665675,0.0145186708029254,2.605297045908184,1.4373884630738525,3585.9375,0.293822409173099,0.1694091474747417,1.3860275334868817,0.1409878763162516,2739.1195914048,0.0530198655614085,91.89499858057066,8.238035056315079,908.11758219089,0.2934634838108487,0.0861208163304002,inner_race
0.2110533599987524,0.1676372739458068,0.4366518525655775,0.3897263699634617,0.0059845033524173,8.484110455547087,4.934544146251152,6.81054527197458,2.025826578077891,0.0144605336202594,2.6317739720558886,1.4373884630738525,3585.9375,0.2912910332691741,0.1694212340356858,1.3801771896495556,0.1133277995353638,2732.678219553413,0.0597506268766478,90.86707381993888,8.186676755981253,905.0803840915746,0.2909318803954638,0.0846413590304404,inner_race
0.2091667965241392,0.1765776473653779,0.4273674478394828,0.3902442477183703,0.0058106570105844,7.804979916985865,4.563662218716206,6.275557618350994,1.9114734207689572,0.0137771639533433,2.50702379241517,1.3126382834331338,3585.9375,0.2876282731990601,0.1681795850078304,1.3751143966383117,0.1075655007962827,2721.9945380775007,0.0605554411565762,95.52291649247302,8.27222064572141,923.2832064624693,0.2872981261631824,0.0825402132968758,inner_race
0.2081230239131112,0.1811428311387407,0.426865625307781,0.3861569330607036,0.0058346103967113,7.895878143179584,4.54253298464575,6.307030614648112,2.051928889918212,0.0141007651883732,2.413948463073852,1.3126382834331338,3585.9375,0.2889661534368583,0.1662434829452102,1.388439145288885,0.177250489148089,2713.845399117653,0.0614167381424228,115.74978936660278,9.087496074499969,930.3280905488934,0.2886219088239773,0.0833026062531963,inner_race
0.2100271951019835,0.170545474170995,0.4185326993961396,0.4053291216323039,0.0055927046730385,7.7724298819703215,4.477475816836502,6.215819513709355,2.1042994732797675,0.0143471145599426,2.406801317365269,1.3054911377245508,3585.9375,0.2915685513734226,0.1679643506019776,1.388241895207165,0.1553665469064178,2743.7638057904,0.0596804632314822,111.366385940068,8.900004401874103,921.930699587298,0.2912153506493091,0.0848063804538,inner_race
0.211309623623846,0.1791549090648743,0.4333490484336515,0.38202407099564,0.0054719714002243,8.889907351681973,5.137704265447739,7.119761730941385,2.1699739257018225,0.014135901302863,2.7399557684630738,1.5044741716566867,3585.9375,0.2928300450795946,0.1692339539817633,1.3857866009967617,0.1361412245155011,2712.217491139047,0.0609817209340312,72.85570773413447,7.373178633193778,921.965555389344,0.2924886520801673,0.0855496115956731,inner_race
0.2136757197129178,0.1712494864403529,0.4467828525723322,0.3766797156109646,0.0052879453296915,8.804293002794953,5.068075521043682,7.040922448643251,2.22286667111299,0.0148981091138036,2.7399557684630738,1.5044741716566867,3585.9375,0.2968531477894919,0.1708796119323932,1.3892694415084987,0.1288971749596081,2716.9661966931417,0.0597085966425553,72.75036228176384,7.262726314480607,904.8136372768216,0.2964790678907419,0.0878998376973631,inner_race
0.2137339362096119,0.1748124392451032,0.459219763144727,0.360359624390639,0.0056081732127358,8.631894532206521,4.962044005465101,6.893847032467575,2.141322090250841,0.0141739720363959,2.5939265868263472,1.4734490618762477,3585.9375,0.296943973139581,0.1706982234755825,1.3893159804457245,0.1786616943028228,2702.041631469001,0.055707059351787,83.51150630859854,7.844044842616229,904.8875938986092,0.2966054984329044,0.0879748217006316,inner_race
0.211508305264471,0.1639367124074267,0.4278897107544281,0.4027952319809919,0.0053783448493948,8.78372240004237,5.097500049664686,7.031667366652669,1.99540430422546,0.014065867015968,2.6684843113772456,1.4872560479041916,3585.9375,0.291761850596161,0.1693195640947188,1.379434487129669,0.1469658622912151,2755.1199760274426,0.0543906966698211,103.6128532532222,8.70703224041689,905.9186001015012,0.2914225949517053,0.0849271288483857,inner_race
0.2158849326542227,0.1728661772126315,0.42564031650528,0.395879057760558,0.00561444848573,8.551134892404527,5.012205741357207,6.889114629812034,1.9496701233167315,0.0147818347484718,2.6684843113772456,1.4872560479041916,3585.9375,0.2967268553308572,0.1739249896788827,1.374467646642653,0.1326122346373043,2738.634581262815,0.0565098413243645,114.1070363250516,9.055209221993112,918.946453628348,0.296358438442384,0.0878283240360083,inner_race
0.2164984266623003,0.173959006292934,0.4172238956774503,0.402602696546846,0.0062144014531075,7.865138475425981,4.616539358241709,6.341393504481918,1.868553384295227,0.0146480319829091,2.524079481037924,1.3729017165668662,3585.9375,0.2973876339028463,0.1745553140426442,1.373624919532182,0.154534441209399,2740.1013813579425,0.0619573017165298,98.3208438907494,8.321906962146839,924.146634469277,0.297026665397841,0.088224839957361,inner_race
0.2148466327111401,0.1658599142742707,0.4273025138047922,0.4013961797519412,0.0054413920718033,7.956044544789018,4.63515108364939,6.390147703235001,1.9214648244752783,0.0150311187390843,2.524079481037924,1.3729017165668662,3585.9375,0.2961935202953386,0.1725608383459941,1.378627705529687,0.1173334928440941,2748.241281316285,0.0585860044066828,104.53702883265396,8.70003334908209,907.6037685395252,0.2958118776087206,0.0875046669343966,inner_race
0.2137582856162674,0.1700918813157176,0.4409333106229887,0.3830455787300002,0.0059292293185151,8.188169370651353,4.775888802966108,6.5853018528523,2.0289812500816886,0.0144889280423527,2.522292694610778,1.407662834331337,3585.9375,0.2947436367147191,0.1719142302279172,1.3788641495929388,0.1028053327913278,2731.017844887054,0.0634383664625572,83.6358673821676,7.736853669714264,910.6721714615736,0.2943872999094931,0.0866638823480018,inner_race
0.2125053619128929,0.1726080458396266,0.4370420474945679,0.3850506128737031,0.0052992937769395,9.6006202614288,5.575893081951909,7.712607551773959,2.4044096399466657,0.0139312711101235,2.798757285429142,1.6389704590818364,3585.9375,0.2939386453421906,0.1707150594911581,1.383205782180111,0.1338075570659503,2734.1983083958057,0.0612433742696718,74.17959730169025,7.352298082365356,914.313703339254,0.2936083222779258,0.0862058469108583,inner_race
0.2131932524794161,0.1770193262740102,0.4153396912989747,0.4020914279465421,0.0055495544732409,9.573399845662347,5.564166238996486,7.687722008181659,2.412988965674701,0.0150012966644835,2.798757285429142,1.6389704590818364,3585.9375,0.2945581401927038,0.1712004601818072,1.3816485126382858,0.13681827027769,2741.960215179349,0.0676956350297304,56.044704319627584,6.189329446016631,928.7646567791402,0.2941758981496762,0.0865394590521687,inner_race
0.2095233923948976,0.1802264227468566,0.4397065118868799,0.3737918588983004,0.0062752064635632,9.314202948782002,5.3926650957391615,7.471181749286634,2.4999818484805267,0.0153755002495009,2.703570299401197,1.5653873453093812,3585.9375,0.2902808384199903,0.1680645519447355,1.3854340324582264,0.1300968568406906,2713.607314393358,0.0715728233662018,22.60598258896532,4.24009841946049,930.2769592400804,0.2898733501822651,0.0840265591458901,inner_race
0.2080993090186813,0.1944850210210155,0.4453093404082273,0.3539698932242206,0.0062357453396167,9.430588727940153,5.360327697542838,7.522309193101907,2.8082855431532883,0.014557851932853,2.703570299401197,1.5653873453093812,2613.28125,0.2920320237188019,0.1659904159187415,1.4033300979994403,0.1870257562720036,2669.226836029577,0.0753289803429174,13.969317014412905,3.494623393446166,948.0479302773136,0.2916689421662856,0.0850707718244,inner_race
0.2077212983603105,0.1870600512669442,0.4290346036360996,0.3772503838437001,0.0066549612333419,9.82889944980771,5.565299151199489,7.826897031775435,2.8924857512803426,0.0143598841184817,2.800868942115769,1.6258132135728545,3585.9375,0.2921340200054552,0.1654115215925483,1.406374899018412,0.1540405097695009,2709.0524216713,0.0753330391411333,27.825246943406817,4.648862401270671,940.7756428151246,0.2917808756115648,0.0851360793726514,inner_race
0.2071040765929079,0.1721828320466519,0.4231291816153426,0.3980719988175653,0.006615987503006,9.832478851200207,5.584234325922944,7.85022313572619,2.9369528302581287,0.0144466536653255,2.800868942115769,1.6258132135728545,3585.9375,0.2911434439678792,0.1653513054212568,1.4057832600763456,0.1212980562683194,2748.07991770757,0.0765953117766343,13.92530825881975,3.4216393497295963,925.4782752506004,0.2907847987143615,0.0845557991633517,inner_race
0.2076139864801646,0.1737330381599092,0.4262129311855482,0.3938207081380889,0.0062333224949621,8.76675961159233,5.040071135729937,7.025080798588031,2.381368520743944,0.0145990159134855,2.6044848702594807,1.4585050299401197,3585.9375,0.2893818342365299,0.1663676312068066,1.3938455647552308,0.1244808306945679,2744.9910626987803,0.0740791858775814,20.54640714470917,4.06924950550895,925.0105407454524,0.2890133469590225,0.0835287147204563,inner_race
0.2073118000327469,0.1784540307978659,0.4098525740842133,0.4057873630145039,0.0059060320463331,9.647966489077778,5.514186991649376,7.727178333543756,2.5590907607033246,0.0147352774139221,2.714128582834332,1.601935249500998,3585.9375,0.2905115934455888,0.1660386415432214,1.4013268583828786,0.1922953296524955,2738.7957359906727,0.0723462190435172,29.83248137939671,4.708993770839476,936.8545004476576,0.2901376527199285,0.0841798575258298,inner_race
0.2100118081805139,0.1766753325746141,0.4210734004670017,0.3964999434350701,0.0057513235231347,9.45439320827526,5.4901868608343145,7.6278341840858195,2.456132010904848,0.0145538069174151,2.687164351297405,1.601935249500998,3585.9375,0.2917815531796964,0.1694381875400372,1.389357844721274,0.1793789890607845,2741.079627704432,0.0659359379748306,32.31944424812834,5.026388274721359,926.783193069026,0.2914183616043549,0.0849246614801665,inner_race
0.2115376514549026,0.177204953262032,0.4205486712493471,0.3965773803303449,0.0056689951452643,10.042607869800996,5.77561525848927,8.048898237404813,2.5116668300712,0.0146978411926147,2.997253013972056,1.7026450299401197,3585.9375,0.2947989008508647,0.1695421201359582,1.3936001407943792,0.1479437272237511,2741.9582541959176,0.066145933745218,49.48908241075854,5.967823840440114,929.0407031314678,0.2944322764357783,0.0866903654071546,inner_race
0.2051105978082896,0.1731204786449552,0.4253001046658063,0.3955293738008721,0.0060500428702783,10.444376277090315,5.889687147896206,8.301107052164744,2.8062270028795853,0.0142480513387287,2.997253013972056,1.7026450299401197,3585.9375,0.2890892142799646,0.1630202689723907,1.4094308990809294,0.1885732161125787,2747.7968496452977,0.063653907745769,59.094135874284376,6.56242490754085,920.5809086969098,0.288737886059409,0.0833695668460562,inner_race
0.2041441563747504,0.1748164601751609,0.4167938295534643,0.4023820853395297,0.0060076249145715,10.197706488422147,5.742158314815772,8.088967905163894,2.7329785851990334,0.0141266215615643,2.7401182035928144,1.6513155289421158,3585.9375,0.2875774993318162,0.1619300899488447,1.4086981691697609,0.1988823365440372,2741.9646676869597,0.0614414662310867,82.39490719345909,7.747655993904165,923.1018092772812,0.2872303199267046,0.0825012566851971,inner_race
0.2099546227661863,0.1727182974282525,0.4250576096152731,0.39640949281637,0.0058146001335141,9.8450953797627,5.613550847812355,7.865106789199328,2.6146928799736973,0.0145489687616953,2.753600319361277,1.6513155289421158,3585.9375,0.2941659519456649,0.1677297644405267,1.4010929984297589,0.1677750816322789,2740.7641294998466,0.0526869442361852,89.1559440125787,8.016828682777705,911.8177778404804,0.2938059475096964,0.0863219347920704,inner_race
0.2115254370945608,0.1760058491007996,0.4181866958442221,0.3997875697814737,0.0060198852640851,9.51390005088576,5.495577154144283,7.635452819265255,2.301491556630781,0.0142113289436751,2.7173772854291416,1.61509249500998,3585.9375,0.2938895132774214,0.1697613477513474,1.3893814252989365,0.1403419072620222,2741.9009223704247,0.0543890634563715,86.69693633966374,7.9174584911478,926.917509388636,0.2935457104849163,0.0861690841440943,inner_race
0.2086503828865705,0.1728539266552905,0.4152214912347778,0.4062708402863828,0.0056537418177093,9.701359937262524,5.541298093622641,7.740663940636042,2.348572997668636,0.013904462968594,2.668646746506986,1.61509249500998,3585.9375,0.2914646474025201,0.1664810403339923,1.3969044454664157,0.1986243036170194,2748.087178637439,0.0568579690190023,104.5740856235455,8.725121492272384,922.3958201362052,0.2911327988994547,0.0847583065950303,inner_race
0.2091564063864458,0.1706270565110995,0.3975783175480232,0.4267061917910586,0.0050884341359613,9.9995765126597,5.670747157978802,7.954922647016554,2.5081716865842223,0.0137759742429204,2.765133213572854,1.6638230339321358,3585.9375,0.2934045528006162,0.1663893497715325,1.4027997414456916,0.1732304897484264,2766.946316823404,0.0558167895631047,94.37203805912876,8.274109055002118,925.4609660298418,0.2930809685697588,0.0858964541377879,inner_race
0.2091132595551085,0.1666864315560574,0.4046431898928368,0.4232434249590802,0.0054269535257634,10.002571320485735,5.67578132009734,7.956564004941358,2.617073528000878,0.0140353311151135,2.765133213572854,1.6638230339321358,3585.9375,0.2931443161914492,0.1663395321685483,1.4018447075767364,0.1491270332150019,2770.126365732482,0.0590925150226676,78.18666699709699,7.418863609417033,913.1203781317264,0.292808127612335,0.0857365995958415,inner_race
0.2078884923317427,0.1752541549540694,0.405815638394177,0.4134466116878506,0.0054835949085933,8.50230564953852,4.848625513229344,6.777490661295856,2.479301135703026,0.0141753996889034,2.510434930139721,1.4089623153692614,3585.9375,0.2905900469163778,0.1657153216369886,1.3978168952837573,0.1341527649465249,2755.6623535242065,0.0634241864238814,55.66972606397132,6.297915015074931,930.0114831510206,0.2902440928090053,0.0842416334105224,inner_race
0.2125002858150885,0.1700929399310654,0.4126534791099822,0.4114600409458353,0.0057935399031228,8.28698810884438,4.774404867945274,6.6304019778839205,2.160688510007125,0.0138924072363086,2.510434930139721,1.4089623153692614,3585.9375,0.2951074226714305,0.1700210374219712,1.3887389447006402,0.1272188751601087,2761.231334849046,0.069795260484413,55.14946369287989,6.1369706314174906,923.6648497801096,0.2947802434644406,0.0868953919369548,inner_race
0.2111982667282622,0.1704420326744417,0.4150547615630937,0.4087545037416392,0.0057487019514525,9.16091476484773,5.30463994464237,7.376553574399385,2.3588376588572078,0.0136528788711639,2.7011337724550897,1.5579153293413173,3585.9375,0.293689175061692,0.1700611095432686,1.39058515778241,0.1512579627370752,2762.4499150540123,0.062249076650445,46.16326359492229,5.866413883760925,917.597693707168,0.2933716592429243,0.0860669304469465,inner_race
0.2082581750171531,0.169686567263419,0.4061228728372076,0.418025051268325,0.0061655086057836,9.31317857839851,5.359122552747153,7.48069231478188,2.463511949859199,0.0140726880223927,2.7011337724550897,1.5579153293413173,3585.9375,0.290703434005761,0.1672807319463228,1.3958800608034585,0.1414916287045446,2766.6458882550533,0.0650530022889394,66.07397455383781,6.840908252358501,918.7367200731032,0.2903626112201194,0.0843104459945662,inner_race
0.2077757870976796,0.1718694507024002,0.417007432656689,0.4056734012686757,0.0054497153472706,8.420850324481354,4.801372803555614,6.723315239382211,2.3733144897271465,0.0143896268790543,2.501176127744511,1.3969421157684632,3585.9375,0.2909463965668257,0.165890861604229,1.4002901908394452,0.1462601375894689,2750.695422420075,0.0587638664295887,81.04529971871641,7.557625998089784,910.687825440746,0.2905903376120792,0.0844427443135021,inner_race
0.2051120254607971,0.1722282805361281,0.4365553108970017,0.3853195255388387,0.0058968829888457,9.759610855294294,5.522217753450904,7.755406939087228,2.653807750204382,0.0142385336553455,2.8106150499002,1.5907272255489022,3585.9375,0.2880594892432187,0.1629908455505662,1.4044007834064087,0.1197543720515379,2726.8391823617594,0.0647414845811914,75.65081153717314,7.44641056207954,911.7775477975424,0.2877073747793227,0.0827755335024096,inner_race
0.2052251272650012,0.1794003813917468,0.4261685919112407,0.3885382239743332,0.0058928026176929,9.74930391017307,5.532058612341126,7.751132849803731,2.598328780595605,0.0136882529277382,2.8106150499002,1.5907272255489022,3585.9375,0.2875470664754432,0.1631631591552943,1.4011299216013744,0.1377425528564713,2721.9804990693583,0.0641795078998371,69.1205099855528,7.01444182818426,924.5032306283648,0.2872210771695198,0.0824959471704192,inner_race
0.2072460487033744,0.1735888791731004,0.4186830903942481,0.4021818618902732,0.0055461685051394,8.510989127056037,4.805579558129537,6.748338392051072,2.2238041012489767,0.0136171875584767,2.486556966067864,1.3985664670658684,3585.9375,0.2910297187151821,0.1643247860134012,1.4042714953360818,0.152267154410744,2740.496988632167,0.0680305999303565,49.342596996370986,5.94812377841202,926.7961081078656,0.2907109722360601,0.0845128693784353,inner_race
0.2058142718664233,0.1800997425841288,0.4160557634181743,0.3980011279348701,0.0058433660578988,8.018162375551427,4.554886645341219,6.38251605342574,2.1375188291449385,0.0142609002112961,2.368304191616766,1.3136128942115768,3585.9375,0.2883963963307742,0.1638296697778257,1.4012458597523687,0.1745837236987533,2730.236150572607,0.0681481307183845,40.78646378001955,5.425512610188946,929.1258879784408,0.2880435872255108,0.0829691081417404,inner_race
0.2032203858883794,0.176590442716314,0.4005127004916864,0.4166098898272877,0.0062869669447416,9.445456198742626,5.381270162449891,7.544642644576493,2.647495190128419,0.0140569045307821,2.7958334530938123,1.5332251896207585,3585.9375,0.2849188283315511,0.1623241013837807,1.4020189317426317,0.1429755064981839,2746.101775185336,0.0731881667330362,24.089861260039463,4.397309692845591,939.3141189582384,0.2845718576613582,0.0809811421728363,inner_race
0.2070363424128305,0.1776327455777108,0.422423161568326,0.3940412900818956,0.0059028027645575,9.287356814145886,5.279831097072486,7.40558479613935,2.6149761843996613,0.0134087502923839,2.7958334530938123,1.5332251896207585,3609.375,0.2903928480725241,0.1650873569631191,1.4026177466634366,0.1661988211882368,2726.563605147262,0.0734547635644815,15.466244280013886,3.597536905758282,928.4901873555274,0.2900831115857463,0.0841482116272685,inner_race
0.2070108826097804,0.1713730308599043,0.4221325428054781,0.4007989227932612,0.0056955035241907,8.237282506541527,4.641859805235703,6.523742383188457,2.3112383129339094,0.0137998477654066,2.4158976846307385,1.3504856686626747,3597.65625,0.2909363327042791,0.1639479607006564,1.4054156430640403,0.1877816583417262,2746.99502749318,0.0762876826776239,18.977003730232685,3.893097067367717,928.5985429249567,0.2906088675334367,0.0844535138890665,inner_race
0.2060934572456648,0.1705678559029007,0.4220454316130316,0.4026060046394366,0.0047807078356803,8.946040308772346,5.012220910300755,7.055630493421269,2.357120199751746,0.0130375606404378,2.657926027944112,1.4541192814371258,3562.5,0.2901147629883441,0.1625433411037997,1.4076854591386916,0.0473207943470273,2746.4079617437897,0.069971629305239,13.019079529628968,3.356330407541249,922.8731353276436,0.2898216653673945,0.0839965977163299,inner_race
0.2051960190166541,0.1778680371122558,0.4215050848532289,0.3946623112550063,0.0059645667656129,8.863075368798361,5.073848226790775,7.086488755510926,2.4921177099497536,0.0123682295565119,2.657926027944112,1.4541192814371258,3585.9375,0.2865910087257104,0.1640648669824267,1.396669438808411,0.0938687628157452,2732.0594616586773,0.074112719482295,30.305584012720125,4.582255366741311,930.1870434637402,0.2863240003563405,0.0819814331800576,inner_race
0.2082242286130863,0.1789249263349719,0.418869032115598,0.3956395871387888,0.0065664543719276,8.214385650199695,4.759268115974624,6.609763251176813,2.280203543768775,0.013206420206462,2.4794098203592814,1.3763128542914171,3585.9375,0.2891858203306055,0.1675490916667588,1.3888192659268233,0.1924398223283122,2731.4237035140827,0.075644483452797,20.090618700372143,4.010562585872914,936.2283651479868,0.2888841102338715,0.0834540291456156,inner_race
0.2118751326448664,0.1772969141219549,0.4106801814280374,0.4058112806622939,0.0062116237841279,8.30933867437214,4.727161141017567,6.615465991850548,2.1109576825528507,0.012822143739864,2.515307984031936,1.401652734530938,3585.9375,0.2965104621394858,0.1686840300364634,1.39945853219349,0.1683000040424612,2744.015006231019,0.0718202392540197,20.095670954085904,4.015586240089007,927.2236995045844,0.2962330953625636,0.0877540467880857,inner_race
0.2099417738936189,0.1684450186856498,0.4141799308391347,0.4112236147379444,0.0061514357351179,8.359263233732925,4.788724565858401,6.676387974320819,2.126860564518937,0.0127862937991205,2.517582075848304,1.401652734530938,3585.9375,0.2926985495311495,0.1676765876775738,1.3941891797078214,0.1296609108589607,2759.978096580047,0.069565519132174,18.86384530249533,3.965281919658829,921.9816907896972,0.2924191368370432,0.0855089515885213,inner_race
0.2071603895529253,0.1763104079225214,0.4206476209288279,0.3970160646813518,0.0060259064081298,7.972920509034763,4.593198385505185,6.384952569029225,2.2165184355560603,0.0124874385408869,2.4911051497005987,1.322709261477046,3585.9375,0.2879712893854392,0.1659002193710795,1.3900885686057671,0.177739688322162,2735.2010937302502,0.0720821421671912,33.30575137158096,4.948649337802303,923.3118608303112,0.2877004125631382,0.0827715273889999,inner_race
0.2067552534969123,0.1735592916951734,0.423577927138388,0.3966974364733256,0.0061653446476342,8.009648222682642,4.602269104632698,6.397463856930721,2.1481427650222056,0.0119189155867951,2.4911051497005987,1.322709261477046,3585.9375,0.2874037200792086,0.1651394948571206,1.3900673149449168,0.1956929024602878,2743.4057107059143,0.06920875997767,41.2259791202662,5.568159840987541,929.997466113092,0.2871564691359102,0.0824588377666029,inner_race
0.209175759009325,0.1791894267216456,0.4251592634145597,0.3896082763719166,0.0060430334334777,8.256809683942814,4.74614955203472,6.596779826118346,2.127787483912808,0.0127293463268774,2.446597924151696,1.3798864271457083,3585.9375,0.2907380840020386,0.1671210164658635,1.3899224526732925,0.1711739316414378,2727.341687058617,0.0733678469282062,43.58618810185936,5.575416409177556,926.6491863201215,0.2904592867017112,0.0843665972312668,inner_race
0.2093022648842938,0.1697047424158458,0.417716245191045,0.4065333747010777,0.0060456376696619,9.01067069691437,5.117417818161959,7.160882577856127,2.32762359906257,0.0127432262818113,2.68554,1.4987889421157683,3585.9375,0.2928799240891558,0.1663348925434614,1.3993155986681045,0.165877410575146,2755.3126330057657,0.0721728398654925,26.924682507851795,4.664851979146005,922.2716032120868,0.292602563417343,0.0856162601184002,inner_race
0.2098243891318924,0.1772561684865386,0.425485918313601,0.391413317193558,0.0058445959709848,8.962871686912205,5.127956373163854,7.1430635319216975,2.280638426038964,0.0118150142098615,2.68554,1.4987889421157683,3585.9375,0.2922780213106695,0.1672219568092595,1.3929649576005578,0.1648280214850579,2730.5955124875663,0.0708568402876903,41.28600387073033,5.479048450622349,926.6946851871028,0.2920391192640139,0.0852868471805009,inner_race
0.2102551436190119,0.1702317406293508,0.4158960303875136,0.4079696608404988,0.0059025681400342,8.443831960368833,4.875523966235767,6.749874006005464,1.9744418281548528,0.0117078609577719,2.4683642315369263,1.4191957285429142,3585.9375,0.2910857865474978,0.1680748427022134,1.384440739651788,0.182371652863988,2755.0662181746507,0.0633643389934473,55.868146234212816,6.364095231386686,917.8328125944485,0.2908502383044734,0.0845938611217689,inner_race
0.2108632442731723,0.1774091571885127,0.4392741968598031,0.3774582373919622,0.0058584085401032,7.682445337543654,4.434819236733769,6.13494010164046,1.876336543531151,0.0124558715576659,2.3428018762475054,1.293633373253493,3585.9375,0.2916992337676992,0.1683882301031917,1.3833574209348891,0.1891402269593778,2716.1460148121464,0.0621788435327977,68.65057678609313,7.092085408005809,916.1498450591045,0.2914331728619818,0.0849332942444017,inner_race
0.211853638543226,0.1841379034033027,0.4360940455914777,0.3737215776060937,0.0060464733511416,8.497282474749865,4.89490773774414,6.787885322533184,2.122427398865013,0.012921682845247,2.540160558882236,1.4380382035928143,3585.9375,0.2937824941018289,0.1692350710790212,1.386723853892584,0.2027717209750391,2703.1960242440523,0.0643313765236671,64.26727376831194,6.897937757139862,929.3316578570314,0.2934981839009195,0.0861411839531379,inner_race
0.2144279339563061,0.1783709418319342,0.432910826807224,0.3828000539133908,0.0059181774047527,8.795774070977158,5.120253721315932,7.058644417245448,2.1272408226378863,0.0125789669294224,2.615692894211577,1.5135705389221557,3585.9375,0.2956045972138193,0.1720792879294598,1.378573172626168,0.1877578622603897,2722.2060967489774,0.0600993893702551,86.85699092989036,7.983919045388297,921.6779467623588,0.2953368373314322,0.0872238474849328,inner_race
0.2171461843305576,0.1706839091489819,0.4201951246967972,0.4035852961897619,0.0055356699212784,8.703661607146756,5.066474628745425,6.970283837076664,1.860045822461492,0.0118194557954403,2.5789825548902194,1.5135705389221557,3585.9375,0.298742350417523,0.1739004349249207,1.375766059802152,0.1796337236543298,2754.069015721014,0.0577349655734147,97.41889610816304,8.3842824682208,916.127807865884,0.2985084461077872,0.0891072923976857,inner_race
0.2135592074055015,0.1700510445727869,0.4329873440809756,0.3910676338270261,0.0058939774994117,8.529407492869218,4.901233649574961,6.79528392492251,1.9333040947906008,0.012370291721245,2.473887025948104,1.4511954491017964,3585.9375,0.2960877919434926,0.1701402413139516,1.386443579467345,0.187173902049806,2744.8221846487586,0.0571794411059335,90.62701195816516,8.146544507521298,910.9674632054554,0.2958292690399384,0.0875149564207043,inner_race
0.2094151287464133,0.1690917857555162,0.4300972161472785,0.3948569650785853,0.0059540330017734,8.749427745045017,4.960431654984159,6.929754587401799,2.090235279815282,0.0126405146153006,2.473887025948104,1.4511954491017964,3585.9375,0.2925542674584901,0.1658617559215388,1.3970063634359111,0.2148895599536156,2749.976135431184,0.0565424747714192,98.72138698309078,8.413114186927004,911.579601725206,0.2922810578851016,0.0854282167984341,inner_race
0.2089708908745009,0.1740958536896433,0.4238887118808798,0.396105225209971,0.0059102091557193,8.902514818163455,5.103799343858336,7.105389247011456,2.282882726807853,0.0122551277523078,2.561114690618762,1.4848195209580837,3585.9375,0.2909243528049047,0.1667865261991661,1.39217644901376,0.2103405537697598,2740.493704115734,0.0598582007805075,75.76117704762041,7.369652981527761,919.9771439718444,0.2906661158420899,0.0844867908987272,inner_race
0.2099206763621194,0.1792814837883714,0.4499910820250608,0.3648924711359654,0.0058349630319184,8.823516686652633,5.102207703658365,7.073240934098008,2.1744376824185974,0.0130150354564308,2.561114690618762,1.4848195209580837,3585.9375,0.2910151070277763,0.1682797883982217,1.3863098770021418,0.1852062937962074,2709.162960838599,0.0620246046305748,55.49633412653122,6.524467208333354,917.7126638159068,0.2907239263811218,0.0845204013704559,inner_race
0.2116540844482908,0.1807349689500357,0.4351767367441041,0.378335888821078,0.005752405448476,8.088989548350122,4.597138711408061,6.415162046318651,2.07187007559236,0.0124846625499001,2.495815768463074,1.3577952495009982,3585.9375,0.2953565978184543,0.1678572139801988,1.3954684531052024,0.2517193473109279,2718.6638288726526,0.0715626164680345,38.96167732805338,5.479939629957499,932.3892013207033,0.295092617792969,0.0870796530759073,inner_race
0.2102717995649325,0.1722337269109308,0.4197749637652286,0.4025258252704672,0.0054654839858385,8.647481195281003,4.943884099088924,6.882981973724413,2.2729630028280328,0.0118157280361152,2.6104949700598805,1.447297005988024,3585.9375,0.2927449302977666,0.1673663085590547,1.3922215480320086,0.2110406794150211,2749.8346326468704,0.0693629103556734,37.70418357216343,5.286863354097864,919.0004638342308,0.292506380761208,0.0855599827860208,inner_race
0.20916061002994,0.1725225087805532,0.4182751218557317,0.4031545588257689,0.0060478104578323,8.640778907594164,4.973862295209467,6.919548598471061,2.354835356657575,0.0124082038267215,2.6104949700598805,1.447297005988024,3585.9375,0.2909805137512503,0.1674961275442461,1.3911821815283396,0.1672697279928663,2743.453294678588,0.0723716614340837,32.46118474535953,4.9662935037974645,921.238899711961,0.2907158335225931,0.0845156958607361,inner_race
0.2116868411419348,0.175085492358872,0.4355331551421623,0.3838686505938271,0.0055127018039429,10.24325513612404,5.925083892542555,8.215109118832691,2.432964086435863,0.012719352759325,2.96086754491018,1.739030499001996,3585.9375,0.2935031014819518,0.1697732289093435,1.386496675460142,0.2099213623121797,2734.456176047911,0.0635521912043688,45.175245343969095,5.841318142024239,916.026716433856,0.2932273668075829,0.0859822886449088,inner_race
0.2143129286154253,0.1682935791881287,0.407581903239008,0.4182812165976324,0.0058433009125825,10.127158994837266,5.892508281398705,8.114445125812292,2.1567929295718637,0.0127283945585391,2.96086754491018,1.739030499001996,3585.9375,0.2951256775474912,0.171719482224831,1.3770782726649249,0.1999596359730213,2772.495766790184,0.0614480120231333,63.52145139731549,6.692391331964201,916.0504314167232,0.2948510700672934,0.0869371535198279,inner_race
0.2101468006564994,0.1753963048019953,0.4087833286158129,0.4106156047645617,0.0052047617905278,9.496867487933772,5.47386974063951,7.612112831065155,2.3710372732844416,0.0123813956851921,2.7147783233532934,1.599661157684631,3585.9375,0.2922358831099519,0.1684409264125331,1.3906273243133176,0.1968573394704796,2750.886229455725,0.0650019917630476,29.690398838681133,4.838968395011684,926.3233836917404,0.291973478963313,0.0852485124179401,inner_race
0.2077765802379615,0.1754596805651692,0.4227189987644116,0.3960535022436214,0.0057678184041434,9.59952491478097,5.51338380362902,7.698948340821556,2.624085011045543,0.0121618544551521,2.7147783233532934,1.599661157684631,3585.9375,0.2901414475501782,0.1666396172608017,1.3964107370420966,0.1936965926650696,2733.888160720589,0.067301239530475,39.15783591013984,5.444997541835747,923.2440106930728,0.2898864413571709,0.0840341488827244,inner_race
0.2062117144617015,0.1803395365156023,0.4366659877034184,0.3775766741833455,0.0054178015598316,9.43589968703686,5.406833050113182,7.54311561036024,2.5500396727988752,0.0124672134636976,2.671245708582834,1.5554788023952095,3585.9375,0.2876875960434266,0.1648468989694902,1.3951079200054717,0.1981139487116516,2708.8650370014147,0.0609925677996678,55.72169423731672,6.468319736905886,920.9769648385987,0.2874173298632085,0.0826087215056964,inner_race
0.2097146185168724,0.1718453507466776,0.4095066340408795,0.4130889238604542,0.0055590913278816,9.287473758708453,5.303491176869445,7.417121483450923,2.4362038394866925,0.0127247461132422,2.671245708582834,1.5554788023952095,3585.9375,0.2932933704461031,0.1674813671410598,1.3985356505917892,0.1865849659862691,2758.7523886375734,0.0610154490916552,58.45647027923959,6.555432210948974,924.358503721865,0.2930172042457381,0.0858590819839886,inner_race
0.2116399665512724,0.1747207700094957,0.4196095586519217,0.4003275428209423,0.005342128422554,10.066905337286084,5.714748462217329,8.015074314752772,2.4957095115392205,0.0125887225548902,2.854797405189621,1.6963100598802394,3585.9375,0.2968302229039962,0.1685036267895953,1.4025244274081163,0.225839136039398,2741.6501610232526,0.0618062315690847,46.71198014133919,5.880789133403128,922.9655528604304,0.2965631556577318,0.087949705293672,inner_race
0.2078902372403629,0.1773515553502185,0.4154921544893474,0.4014638808919546,0.00569240922264,10.2311356083293,5.831852606101176,8.15964271529963,2.5489796761052297,0.0121917558437811,2.854797405189621,1.6963100598802394,3585.9375,0.2908698443622514,0.1657988052175998,1.3991510530912874,0.2141533262784211,2737.77655082267,0.068428152349895,44.86975440612223,5.816761509042881,930.796874310038,0.2906142244432746,0.084456627448766,inner_race
0.2047215624999999,0.1793738236055514,0.4214091875380208,0.3934146622274088,0.0058023266134362,9.550436527921004,5.4660718136239055,7.652768996169154,2.7392721587516906,0.0123823474535304,2.709255528942116,1.5666868263473055,3585.9375,0.2866202420616608,0.1640434781977815,1.4000491133495572,0.1911360714171657,2724.860038140882,0.0668678331803592,44.52116878616385,5.786688843756585,928.4715769652504,0.2863526508189248,0.0819978406310251,inner_race
0.2063861260096993,0.169825547016215,0.3843486000150794,0.4400809115362232,0.0057449414192418,9.487399038773956,5.388943970815348,7.591047211544043,3.018890667877595,0.0125385167750436,2.717864590818364,1.5666868263473055,3585.9375,0.2907224188694368,0.1651334385688247,1.408633537972286,0.2050610225436859,2786.0576165935395,0.0659984234191614,37.39036979144837,5.192533349665466,929.5248185812555,0.2904519072589784,0.0843623104303782,inner_race
0.2093103549151696,0.1729038112920967,0.4267751857702833,0.3943205175069141,0.006000485406428,9.003327019471378,5.071841625161439,7.152069262389505,2.5995659492670296,0.0126547118263473,2.6481799201596807,1.4970021556886228,2613.28125,0.2951594837390003,0.1662721072389213,1.410152325519796,0.2103932760865704,2736.484208145576,0.069809241436557,21.19111494096389,4.162614950315039,917.2224591378256,0.294888078954822,0.0869589791096653,inner_race
0.2051468443191741,0.1686306877197858,0.4123774347942663,0.4133909333064964,0.0056009441528876,8.430652634234338,4.800728439411366,6.727918735409901,2.4836428983648267,0.0124354878524201,2.5071862275449104,1.3802112974051897,3585.9375,0.2875003897480238,0.1637134581729257,1.401437056963554,0.2267139651112459,2760.474679002057,0.0695966781806758,21.68632893862066,4.203619296073343,921.4429609377828,0.28723132271244,0.0825018327471378,inner_race
0.2104638981412175,0.1778210045228214,0.418102769009132,0.3983032641207917,0.0057729623130047,8.184402468742368,4.712623648185334,6.557947988205998,2.2736435979218745,0.0124101073633982,2.5071862275449104,1.3802112974051897,3585.9375,0.292875349368639,0.1686392259760505,1.3915704876478383,0.2020246825624867,2729.529693218008,0.0720257820084608,27.26773283467969,4.523199864077783,930.1393791563964,0.2926123023781318,0.0856219595030312,inner_race
0.2102342047155688,0.172526237491329,0.3758919367393985,0.4456864026516281,0.0058954231133207,8.6537240407073,4.896283663937034,6.884985452657758,2.4173238450320964,0.0128495070795908,2.5700486227544905,1.4474594411177644,3585.9375,0.2956240978803671,0.1672643401047785,1.4061655584557444,0.2054920285422508,2779.3589444200734,0.0680600312123537,38.40750174074789,5.338084949368696,939.912083272713,0.2953447094758808,0.0872284974153924,inner_race
0.2043464071466441,0.1803318824710527,0.4115195246110777,0.4022418483080382,0.0059067445933342,8.93785411780995,4.995438425237518,7.083361343755022,2.697380223444138,0.0121975457678393,2.5700486227544905,1.4474594411177644,3585.9375,0.2897562371713033,0.1619470873029237,1.4179659002439269,0.2071433997572609,2729.9551410323606,0.0737595733056976,33.55566566185792,5.008458658960753,934.6310016522332,0.2894993900803835,0.083809896856914,inner_race
0.2064775750842065,0.1790007609509329,0.417425981554076,0.3981512317198654,0.0054220257277814,8.934456663504017,5.078209735200399,7.109373823604884,2.343205878830866,0.0122490998861651,2.511409540918164,1.46792626746507,3609.375,0.2890637338765098,0.1642994445830533,1.3999764078913783,0.1978423707998103,2730.7317554538363,0.07394608690154,18.15137329063922,3.8745505750698337,937.2030134415792,0.2888040889506387,0.0834078017946084,inner_race
0.2099481190158744,0.1800794571142805,0.400343359518108,0.4134336272243185,0.0061435560601737,8.955596362516154,5.135228689066598,7.153554014300454,2.4703971880576034,0.0127072970270396,2.872015528942116,1.5018752095808383,3597.65625,0.2924651073044667,0.1677024230197522,1.3930351397068386,0.1524057772886954,2741.1735721027303,0.0769518428905641,16.16669055635814,3.647735131157744,946.6021423771446,0.2921889176421307,0.0853743635928798,inner_race
0.2101075402125436,0.1736814618292417,0.4171694074646455,0.4035156354712879,0.0056334951885368,8.976480048599088,5.081194657784486,7.148126183675035,2.682118892695597,0.0121614578850112,2.872015528942116,1.5018752095808383,3574.21875,0.2955752162102149,0.167312265102759,1.4067806224908093,0.1788314180934316,2748.142337152773,0.0753711382986907,12.228852703369212,3.2386410930041465,927.009875733208,0.295324918318496,0.0872168073798263,inner_race
0.2048060319400261,0.1786697824317934,0.3924067235321906,0.4232040054453154,0.0057194885801955,8.543497411908525,4.86646330189139,6.831909169523708,2.626314577506069,0.0121984182221494,2.52278,1.3992162075848302,3609.375,0.2875221944119077,0.163775575753614,1.4038756167889797,0.1913256328376936,2751.0253110293047,0.0746680298913991,32.20027908552517,4.796184033775324,949.1530311060968,0.2872633127851804,0.0825202108723163,inner_race
0.2043963749844061,0.1841200698977536,0.4271123049276193,0.3822285980933779,0.0065390270637784,7.800093761451514,4.472523213530089,6.2400355134471495,2.329690075785008,0.0125006839835953,2.3990044311377243,1.275440638722555,3609.375,0.2851725028199173,0.1635160650280707,1.3951935441207004,0.1591852952881524,2702.3570955346427,0.0829497128521545,18.692682218770635,3.7320661505132406,939.9989944942938,0.2848983841030307,0.081167089264518,inner_race
0.2037387823766528,0.1861578968429095,0.419029615548706,0.3887709989995194,0.00604148858567,8.969403794393404,5.135447481631181,7.176240997118846,2.5049146222849457,0.0126297279074663,2.5505564071856286,1.462078602794411,3597.65625,0.2847032528370845,0.163007334301119,1.397393512987391,0.1859216631328763,2709.648206338669,0.0759221267566971,18.49954139160212,3.888521728670344,942.8609681600344,0.2844229810493524,0.0808964321490002,inner_race
0.20360323470247,0.1833091421741746,0.4441392770495727,0.3665856548315611,0.0059659259373592,9.550609274602632,5.404646769230392,7.603853759097988,2.9734099435566224,0.0124296186143338,2.7873868263473054,1.5481692215568863,3585.9375,0.2864515087962616,0.1621016185505401,1.406910402061439,0.2063017474435242,2704.2888372990365,0.0759164053610889,16.51856435147777,3.707128340969708,929.9453722453916,0.2861817105839521,0.0818999714727569,inner_race
0.206757157033589,0.1751216424792705,0.4170772506666639,0.4018958163883338,0.0059052904447862,9.495473395520085,5.282325121288015,7.487862784384175,2.797532461248574,0.0120485147088635,2.7873868263473054,1.5481692215568863,3597.65625,0.2930848037576658,0.1630428686459492,1.417531600659668,0.1893506015615887,2742.221076703549,0.0706986180336646,33.70678020314282,5.128864807376482,933.8228641752412,0.292837045960684,0.0857535354869798,inner_race
0.2064878859078717,0.1719087995917076,0.4139758811571816,0.4087879677944525,0.0053273514346933,9.137176300977035,5.072981735773259,7.201057684847098,2.675126166696984,0.0119010699304515,2.624139520958084,1.4869311776447105,3585.9375,0.2931079304227107,0.1627342111682482,1.419492136955124,0.1691051030662878,2757.0799606786445,0.0672608423719114,25.55340478435045,4.507359373218004,923.9396088411844,0.2928662210142971,0.0857706234111951,inner_race
0.2055418281795783,0.1735197430783547,0.4057744743597321,0.4148388225355851,0.005866960020969,9.149700829827465,5.128597074773168,7.234202355861138,2.614254070154165,0.0123439594638847,2.577845508982036,1.4869311776447105,3585.9375,0.2899294204566608,0.1625114531392552,1.410561650757307,0.208291680812931,2758.3843657861,0.0653963623035265,44.52548492292977,5.784018424206631,931.220791044877,0.2896665246642925,0.0839066955110892,inner_race
0.2104179753188934,0.1783065779977062,0.4229216356507548,0.3931632788253122,0.0056085075007355,7.891556289264858,4.491486916927923,6.293051606631504,2.4658177891743325,0.0128995542313809,2.381299001996008,1.3241711776447105,3585.9375,0.2948179972770385,0.1677959491267931,1.401106520629879,0.1962188042500146,2733.3364432994435,0.0659054917388929,57.79080152300816,6.44953754832597,923.548910218226,0.2945356566174553,0.0867512530190755,inner_race
0.2115703288345184,0.1695877071164645,0.4053791248116739,0.4189385496919754,0.0060946183743437,9.56923508433757,5.367933093067251,7.602354562433319,2.858858130137821,0.0124250184006986,2.7714681836327344,1.608432654690619,3585.9375,0.2996372396608163,0.1680837225248252,1.41625359903458,0.1811919918336211,2768.060070490248,0.0663156531894416,55.168087347053415,6.289679844771113,924.3243110639208,0.2993795155138303,0.0896280943092958,inner_race
0.2044395218157434,0.1786837429722549,0.4230172111911184,0.3920305191464387,0.0062685266529985,9.899152323280877,5.565888528142322,7.867523071885588,2.90217740712982,0.0120420902725798,2.7714681836327344,1.608432654690619,3609.375,0.2889803930779496,0.1624818572503323,1.4135250880619885,0.1907578382258821,2734.1657299131957,0.0745055351475549,13.837469515132875,3.5046610556378743,936.312648295266,0.288729381333721,0.0833646556453533,inner_race
0.2065344432424213,0.1767165007384245,0.419761491064103,0.3973399258222187,0.0061820823743647,8.935510609653358,5.0708473563836725,7.128651245060982,2.675626394312924,0.0120851577898889,2.6567889820359283,1.4723120159680638,3585.9375,0.2903483209989698,0.1647708877853574,1.4058106553112366,0.1404728758688388,2738.312942757745,0.0694374397647924,24.301835362973183,4.439567606568476,931.5604052118108,0.2900967019256066,0.0841560964681142,inner_race
0.211030676186689,0.1692016494456044,0.407551517858005,0.417543256635871,0.0057035760497282,8.671384896134638,5.029136739361896,6.976767750417372,2.3755601849783234,0.0121609026868138,2.6567889820359283,1.4723120159680638,3597.65625,0.2927564097521183,0.1697897202815161,1.3872694484148376,0.1272697948365334,2770.657175500144,0.069202904650206,25.26625417129359,4.467680125578784,927.9576980253718,0.2925037228768072,0.085558427896792,inner_race
0.2097609379093375,0.177878845460278,0.4016865877520583,0.414603770866756,0.0058307959027419,8.429199965931854,4.905552140357135,6.785910933194795,2.056106324378513,0.0120922960524263,2.4543948103792417,1.423419041916168,3585.9375,0.2901648991162369,0.1688676324762937,1.3833123650584145,0.1864715925612213,2753.1061731076898,0.0691603960041277,17.71005131008644,3.823591312029853,939.4951490792472,0.2899128231991755,0.0840494450553163,inner_race
0.2085002414312,0.1689283760871533,0.3986717770416189,0.4266092239317211,0.0057906228468379,8.114248824312384,4.607485361579169,6.449095668964554,2.157395741030011,0.011925815907248,2.577683073852296,1.344638003992016,3609.375,0.2918377159056572,0.1657131834512066,1.3996996545539089,0.1957830032719844,2782.5364026876773,0.0718666381999477,23.4115505482186,4.123599939401741,930.751217305838,0.2915939425639318,0.0850270273399775,inner_race
0.2092636389525635,0.176115448328856,0.4313909239660338,0.3867103584281227,0.0057832692596037,8.631893460798599,4.899480322211983,6.868792257787716,2.43885975745748,0.0118446776564059,2.6704335329341315,1.4373884630738525,3609.375,0.2933756987567429,0.1665206445841454,1.4019430237627002,0.1897612542491823,2736.317448771716,0.0717797008089269,20.93862852877135,4.082703507514477,923.9357341627688,0.2931364942006079,0.085929004232223,inner_race
0.2066710219989707,0.1695048575557638,0.4092006782949436,0.4158625835176688,0.005431880612278,8.686039389452672,4.957631857513306,6.954958896371117,2.758181105062097,0.0113519789132672,2.6902506187624757,1.4373884630738525,3609.375,0.2899344897696439,0.1654826093488882,1.4028792569240205,0.1849994687509612,2764.067132046614,0.0735117482390708,26.348952253614,4.464289074251534,929.6518640911778,0.2897121691139958,0.0839331409327364,inner_race
0.1265626638129989,0.0435697017603374,0.4710614430271188,0.481338901444213,0.0040299537568248,16.519364380355892,7.804016139588632,12.716287860747157,15.75434664560959,0.0508044421313622,3.0489073852295414,1.609407265469062,3539.0625,0.206228080091323,0.0974254958249422,1.629454326246109,-0.0777349012401293,3028.994664182705,0.072509448916131,7.116062707626394,2.689465537726253,679.2082968445678,0.1998722834158708,0.0399489296778742,inner_race
0.1260438707545845,0.0391502877289204,0.4239434503410274,0.5317413896034929,0.0051648723044342,16.822865985769344,8.073270588600222,13.039258734878164,16.572808966505338,0.0504859963081649,3.2529259081836326,1.6435186427145707,3574.21875,0.2035753199001262,0.0976955201393652,1.6151147904407062,-0.1322255640202334,3077.6428100729754,0.077695819256929,6.7481469450246845,2.589408132444968,669.6640376763397,0.1972158083146752,0.0388940750492107,inner_race
0.1244548935137537,0.0483718725715314,0.4331312897843691,0.5139706092021515,0.0045262284247875,19.971382049536533,9.286751458071206,15.3827654748681,23.269644600896243,0.0500394583294348,3.7987079441117766,1.9144604391217563,3539.0625,0.2061496366910821,0.0958601880617563,1.656420497987893,-0.2120383062581581,3044.817170013784,0.0757224036121148,7.624441548907063,2.7193333668135065,702.657566667693,0.1999843126796746,0.0399937253179618,inner_race
0.1252349469810378,0.0465399882699907,0.4006526747296962,0.5477531315118767,0.0050542054368286,20.081558708046224,9.179785148056178,15.286950529963727,20.1689543682492,0.0497002322308507,3.7987079441117766,1.9144604391217563,3574.21875,0.2085517698120793,0.0953342550224786,1.6652841306640758,-0.2053353882442702,3079.150655524635,0.0789447065964953,7.112603355438008,2.647161785207901,701.487066398533,0.2025431499901935,0.04102372760795,inner_race
0.1311693811985403,0.0509461488888055,0.4146916558887026,0.5299884548812261,0.0043737402846603,17.87837819359552,7.950580815057992,13.439938855894136,14.977428284304242,0.0492511562032185,3.290773293413173,1.7629084630738523,3515.625,0.2217332927092564,0.0986056142220646,1.690434846022769,-0.1097208312500392,3056.632695371865,0.0775167803722329,6.829677801636976,2.6551402434829905,714.7250377060428,0.2161943031357092,0.0467399767083349,inner_race
0.1273393067770707,0.0464367246398917,0.3868876959675809,0.5619561119101361,0.0047194674460744,18.20959154317738,8.300464981141882,13.844181405511534,16.012339131091007,0.0488187361215069,3.290773293413173,1.7629084630738523,3703.125,0.2123867117178454,0.096812081638062,1.667880225621651,0.0570185854378855,3091.814480067917,0.0788212643231718,7.653836747772468,2.702616364944612,702.1648410268373,0.206699894334317,0.0427248463178178,inner_race
0.127453677605726,0.0466532568036647,0.3960218127071213,0.5521411518841532,0.0051837785685946,16.787501864872247,7.67084414443848,12.772678676996795,16.587791629314104,0.0486477350767215,3.243991976047904,1.6279248702594808,3679.6875,0.212222389036513,0.0969724312386171,1.6650942760005434,0.0265198983733535,3077.678162924739,0.0833202750417257,7.767636344371798,2.7535540070628186,701.50899042724,0.2065713926957704,0.0426717402802702,inner_race
0.1241455688037986,0.0529245497738671,0.425091753407146,0.5169623922650555,0.0050213044724333,17.183233762253238,7.828786110998478,13.113032433983014,18.95505686226371,0.0483667254748315,3.243991976047904,1.6279248702594808,3574.21875,0.2079409051643967,0.0947391447258069,1.6749764584270377,0.0776320650313146,3035.96887972386,0.0849531971752366,6.334404128294386,2.509350640983232,725.421128252973,0.2022376817198785,0.0409000799074309,inner_race
0.1230187544052519,0.0512720355965424,0.3896707472726983,0.553550301742501,0.0055069153755475,16.710978104240404,7.701907241989064,12.772320916240398,16.87729714763575,0.0478764854665668,3.0687244710578843,1.57123500998004,3714.84375,0.2040059637973852,0.0940241199634712,1.6583322175848314,0.0405686685589269,3068.496214811122,0.0817042708018405,7.771463075132893,2.7272915038164287,727.1978394727553,0.1983085358835309,0.0393262754042696,inner_race
0.1191879661575286,0.0499920918843919,0.432819548220152,0.5120885377258397,0.0050998220489147,19.771875972120775,8.7639092567386,14.995421015681414,21.957044680830627,0.0474679389073415,3.489269021956088,1.7872737325349302,2730.46875,0.2039356730172313,0.0903947473196304,1.71104247846375,-0.0660712622627892,3029.0851705580094,0.0847867273081861,4.618789966817654,2.2640586386050865,713.7714642967262,0.1983344486086065,0.0393365535048799,inner_race
0.1197558545993949,0.0473015448776231,0.4368018480828344,0.5109188620850091,0.0049777448907949,19.638821045611653,8.789972121966159,14.924311955467108,21.519986604546705,0.0469993516287736,3.489269021956088,1.7872737325349302,3679.6875,0.2033309898752158,0.0910071805422505,1.697879327531793,0.0030769726335769,3057.0094515656883,0.0806883151872968,7.17056722244406,2.6707411418910456,714.0169819746691,0.1978245495132239,0.03913455239011,inner_race
0.1215760322324101,0.0439081667837132,0.465736236538231,0.4854907496667563,0.0048648469828344,17.305360671313935,7.789988266027696,13.102922410891134,17.273269070633628,0.0468181190743512,3.180804710578842,1.5930013173652695,2625.0,0.2044934168017148,0.0920524771266913,1.6820208148493954,0.1060445442600455,3027.7593147517077,0.0817394538753828,4.779232123849219,2.3254589271847275,697.3269027790336,0.1990618528035438,0.0396256212415797,inner_race
0.1168275806784867,0.0479213986764625,0.4739316820372815,0.4736729136576096,0.0044740055295365,17.860038177179828,8.304534876599357,13.635490079600814,15.755853572930214,0.0465355231918974,2.8603201996007988,1.5930013173652695,2625.0,0.1918230630657055,0.0891936121055263,1.641933026017279,0.0490941706832812,3017.1563419011272,0.0837897555458197,6.589482196296657,2.5767076827298063,721.7000317027926,0.1860928064304636,0.034630532605166,inner_race
0.1188058311696918,0.0379003805080371,0.4775564904178951,0.4810629777493245,0.0034801513125437,22.147694524998897,10.145669963323185,16.92496446732363,23.568197912501724,0.0460808951822916,3.945061996007984,2.010784471057884,2625.0,0.1981913937992181,0.09078978711704,1.6681958439913518,-0.1181850764330527,3031.5212628176373,0.0767328442272386,5.614904402461351,2.431468524804452,670.1086272150703,0.192759901627064,0.0371563796752753,inner_race
0.1117702009847492,0.0419179933383279,0.5209428318799967,0.4336600109973584,0.0034791637058409,23.586180605300783,10.605170199605777,17.990344951891522,27.076807432652245,0.0456754418701659,3.945061996007984,2.010784471057884,2753.90625,0.1896041678928104,0.0852526530135183,1.6963749391367875,-0.0695649970072321,2995.1787519853947,0.0773608543161392,6.940331777952002,2.6383215938067743,684.2602207186668,0.1840203643412602,0.0338634944922901,inner_race
0.1132173647431698,0.0358490906658876,0.4840850705171134,0.4762019544940672,0.0038638842697181,18.426589186744074,8.381761612862114,14.024380419164997,16.66837062370485,0.0453894354844997,2.9257815568862275,1.5878033932135729,3515.625,0.1894355228114614,0.086169142705793,1.673202014913438,0.0525202389723584,3040.776729310184,0.0762300017399911,6.472702685919607,2.5665487040714043,660.4603528711585,0.1839174174711307,0.0338256164492501,inner_race
0.1132413968937125,0.0437253328550344,0.5154359743135405,0.4367431898766706,0.0040955029116404,18.18316538891478,8.472411943170227,14.021404157561498,19.299077466822684,0.0451875812827469,2.974836966067864,1.5878033932135729,3515.625,0.187408662829896,0.0873227163286742,1.654948349019363,0.0632326405425655,2996.267837711789,0.0822158987800649,7.413427302427333,2.699548069680254,694.2523948345175,0.1818793264818868,0.0330800894015047,inner_race
0.1166738700918475,0.0370982433381021,0.4576142789262853,0.5009909699544637,0.004296507730613,19.504633028763447,9.215278778562956,15.109711040578862,20.28171229579503,0.044720183714602,3.3292704191616767,1.7629084630738523,3515.625,0.1913027815474035,0.090384087743363,1.6396368903920553,-0.1083527511436347,3069.404522045292,0.0771378758036849,6.923461595952778,2.6542179275767213,682.6595030083973,0.1860023101907764,0.0345968593963058,inner_race
0.1172054327088011,0.0434796073807038,0.4499582887754708,0.502274498072102,0.0042876057415159,19.398692104434332,9.214400988823906,15.04118386264422,21.076496332363867,0.0445983573672966,3.3292704191616767,1.7629084630738523,3515.625,0.1913210055881086,0.0908776969902455,1.632356121780199,-0.1392456251574219,3050.923103633869,0.0782614307993605,8.628054301901521,2.8016650440741944,708.7840911495889,0.1860502988425012,0.034614713699384,inner_race
0.1124780786863772,0.0430680943987203,0.4586990988654073,0.4945596723515027,0.0036731343674991,17.65083453054124,8.025679129978874,13.475356383308798,20.76888743318748,0.0444856521332335,2.962816766467066,1.5156821956087825,3691.40625,0.1888540734138186,0.0858702852256757,1.6790300440710826,-0.0248581132019533,3046.78323077309,0.0775945406723622,7.211155224348564,2.699054321775922,704.5990999666444,0.1835398806779413,0.0336868877992729,inner_race
0.1097472966956711,0.053387429684333,0.4126904991231768,0.5297233589471294,0.0041987121943783,18.08998389286861,8.230158155967361,13.810656309938675,19.606289882261866,0.0441633199226546,2.924644510978044,1.5156821956087825,3703.125,0.1841619768278476,0.0837857128334034,1.6780547892539728,-0.0731596910179062,3064.371110710845,0.0828693459196826,10.588082885998135,3.066104785412848,751.8403360073847,0.1787882403362982,0.0319652348825499,inner_race
0.1110522504015406,0.0493743298105546,0.4421381677476368,0.5040361586884344,0.004451343624844,19.7150830120187,8.98556670880792,15.054016008181934,20.17624714344501,0.0436310434794473,3.239931097804391,1.671782355289421,3445.3125,0.186051966388574,0.0847971248343347,1.6753552108656138,-0.1237180458160202,3048.080783664462,0.0862811532454721,7.691990671440347,2.7609071185224026,729.0874850551904,0.1808636675563936,0.0327116662419496,inner_race
0.1188989458387911,0.0579200104597455,0.3691528531493195,0.5677206424251213,0.0052064937707338,18.346555987605345,8.469232857005174,14.06053134866396,18.33906935895409,0.0426105891927083,3.239931097804391,1.671782355289421,3703.125,0.1973947798479335,0.0911224077379347,1.6601894865878015,-0.406678624298036,3072.21988253557,0.0887913790318179,7.600944250420657,2.7671868935376622,769.6852031890261,0.1927408539979637,0.0371490367998643,inner_race
0.1156186762607597,0.0596405758900471,0.4549439298964324,0.4806435276821053,0.0047719663584915,17.22650648780994,7.927667901912402,13.175351041651664,18.242704494393035,0.0430880596424338,3.023242634730539,1.5233166467065868,3445.3125,0.1921519248225717,0.0884286461555358,1.661945379734355,-0.1474780483363142,2995.5275270781103,0.0876921506078654,6.624090721697177,2.6159787159754635,760.8008683632061,0.1872585948074729,0.0350657813292693,inner_race
0.1197353122660927,0.0602124664936223,0.3514371594288253,0.5833520168818472,0.0049983571618391,18.149932829360047,7.853797606800753,13.575680495165724,18.13714567333862,0.0435775065104166,3.23343369261477,1.625488343313373,3398.4375,0.2069684533130611,0.0895589178536197,1.7285498270811417,0.0398889840106927,3071.7082713338177,0.0922412488221078,6.351657598961255,2.5932624972610743,771.9343050481378,0.2023287957586249,0.0409369415931353,inner_race
0.1146329615183694,0.0470588773500742,0.4531099030927892,0.4956150194265415,0.0042162000720008,18.590799928261703,8.445792096024471,14.17993849049163,18.60578080863306,0.0424530715327158,3.23343369261477,1.625488343313373,3574.21875,0.1924613256912289,0.0874350942178829,1.6789353004754028,-0.1491680355589532,3030.4523478274778,0.0841712876218901,5.392546665311718,2.440742023677474,705.9980746679007,0.1877207996047944,0.0352390986042634,inner_race
0.1141794439051584,0.0598459973931089,0.3926082220822943,0.5432412231337361,0.0043045573395141,17.78814712633878,8.27993852988327,13.688548173885987,18.04900290284365,0.0419443513558819,3.106734291417166,1.5629508183632734,3703.125,0.1887635774978764,0.0878647341548588,1.6532185745682062,-0.1913409968822098,3043.48457697771,0.0905432927029297,6.993129153533928,2.629662043735306,768.6290133870236,0.1840444500090429,0.0338723595791311,inner_race
0.1160637865869822,0.0487970339965568,0.4484856080339247,0.4983800653620999,0.0043372924437957,17.51393294617871,8.084562148005464,13.46630903853842,18.28024497668161,0.0417251273819548,3.106734291417166,1.5629508183632734,3445.3125,0.1933253514228804,0.0892404249328981,1.6656819246371537,-0.1624796182672603,3037.6152521439217,0.082220932383172,5.766839067642525,2.527059155928677,720.325353924625,0.1887689202377866,0.0356337052477398,inner_race
0.1121796199982846,0.0615439078169536,0.4252854823997929,0.5091986794754025,0.0039719302686872,16.751743257399063,7.841867470036911,12.917531655369558,18.24446611695952,0.0417343278092252,2.86080750499002,1.4490837924151696,3691.40625,0.1847881002773882,0.0865034623650362,1.6472519721515717,-0.2281780365058833,3019.558209599875,0.0881184004494203,6.968960533332943,2.6086520698492386,774.894071621366,0.1800135769502906,0.0324048878864382,inner_race
0.1170226138738148,0.054631809563346,0.4579335915096843,0.4832395603949495,0.0041950385161471,17.90568759422289,8.331141037996744,13.696048755823716,17.067502828020732,0.0412645508202345,3.014471137724551,1.6027474251497007,3714.84375,0.1923803015505169,0.0895105209847854,1.6439583357620104,-0.3045499593943114,3017.8371947570254,0.0844706004739119,7.203591558541593,2.703435586057385,744.717825547395,0.187902680316892,0.0353074172702721,inner_race
0.1168504231186065,0.0612498003458734,0.4556598428305421,0.4788582260566259,0.0042321306763492,17.81657815079285,8.389480256875979,13.71623124995334,17.771317627417293,0.0405331961662612,3.1676474650698605,1.6027474251497007,3714.84375,0.1910425170660717,0.0899582069904022,1.6349321805378327,-0.2029283230905819,2985.899650478322,0.088039789302552,6.196776952571639,2.4945585226396485,763.4061989831449,0.1866930725428442,0.0348543033354876,inner_race
0.117776890281936,0.0483572955724278,0.4739376659194141,0.4736272231022117,0.0040778153241505,19.45605902193938,9.011454868988784,15.030266461226825,21.48743959976437,0.040308658152445,3.539948782435129,1.7702180439121755,3714.84375,0.1964408710522477,0.0909854375912414,1.6679067564273826,-0.2772250336014548,3021.990839908267,0.0762837822978202,8.546233683007419,2.839833010327543,717.449183082945,0.1922608329788341,0.0369642278977151,inner_race
0.1153551157450723,0.0591420530014148,0.4513688648223085,0.4854545032356274,0.004034578879319,19.86635631235638,9.251731799010065,15.345813078842973,21.487816955668407,0.0402288682400823,3.539948782435129,1.7702180439121755,2742.1875,0.1913391008699138,0.0891063271029294,1.6586962757053745,-0.163478216858355,3004.9085575545982,0.0829866065768094,6.964100970224447,2.648906910798538,756.1950787735567,0.1870622615115864,0.0349922896818291,inner_race
0.1188297046921781,0.0508546082722882,0.4597308437485295,0.4854091492735115,0.0040053985460089,18.098420263912654,8.402455852561815,13.934762497847448,19.83169454276894,0.0403524394960079,3.306204630738523,1.6558637125748503,3714.84375,0.1970690166815926,0.0914921682903208,1.6584154373865465,0.0487243444171686,3028.943871114964,0.0773678088469383,7.244002660409036,2.69190611650446,726.4193128855187,0.1928934368053275,0.0372078779625708,inner_race
0.1192335717237399,0.0594691261547686,0.4447647346279209,0.4916021765858975,0.0041639626308174,18.085270201287265,8.388025678373596,13.887562778136251,19.156483243699338,0.039643372083957,3.306204630738523,1.6558637125748503,2742.1875,0.197408040469413,0.0915586935746743,1.655641423933861,0.0630503537923332,2996.065510818132,0.0835764955932685,5.186619809771644,2.36496153218546,749.609123793641,0.1933864976977098,0.0373983374917863,inner_race
0.1211946903848552,0.0523734972034916,0.4614446335362734,0.4822212051006115,0.0039606641512593,16.82162806935932,7.744762365086558,12.813101262012154,14.809691589770662,0.0389987076627993,3.013983832335329,1.552879840319361,3714.84375,0.2005070997813637,0.0923144795448152,1.6544214861612414,-0.0169037430942238,3023.7959271527548,0.0747094179347795,6.382675854268376,2.5573313275690626,735.6969494874926,0.1966779038513611,0.0386821978633652,inner_race
0.1204738844966317,0.0615981728985889,0.4135417653850239,0.5205680508853471,0.0042920108158992,17.66852585088096,8.025963207183054,13.437173622796834,16.703025446470026,0.0388982961031062,3.171708343313373,1.618828502994012,2718.75,0.2016989688596127,0.0916221600294569,1.674213209795289,-0.0340274591226896,3022.940196366349,0.0803038912918042,4.862331114735162,2.34405193458908,766.3946940334445,0.1979125983845042,0.039169396599306,inner_race
0.1236576289023515,0.0535323042800399,0.4511481270068522,0.4913673800512231,0.0039521886136526,17.227913152051055,7.818666222239963,13.091214164168951,15.359757998554798,0.0389824482870196,3.071810738522954,1.618828502994012,2718.75,0.2070466313537343,0.0939654436788987,1.6743538849287851,0.0149781371520696,3025.1650405059418,0.0762315490449886,5.154207766765692,2.4215604669526365,731.9774841965857,0.2033437392212482,0.0413486762804789,inner_race
0.1221549453241953,0.0573411964655565,0.4152244010427605,0.5227386061367899,0.0046957962444771,17.697498390814687,8.0348721219902,13.494269038654206,17.35130597158277,0.0386455222952532,3.202895888223553,1.6483916966067864,3562.5,0.2051546896552832,0.0931426385924877,1.6794628257645177,-0.004282525299773,3045.4301232902817,0.0823388889570007,7.728625977551271,2.721041062251361,750.7202525172947,0.2014819354038536,0.0405949702940826,inner_race
0.120424868427208,0.0569507604149956,0.4684195889742414,0.4704009200199623,0.004228730513183,20.75419211929428,9.111639327489888,15.782898315912885,24.7128600684096,0.0382376102482534,3.786038003992016,1.9006534530938124,2707.03125,0.2085962124685429,0.0915792550328594,1.732168904918762,-0.0603141006087684,2993.504944480489,0.0837970906278086,5.696252590008701,2.469275520085885,737.4047327060258,0.2050616127380357,0.0420502650187241,inner_race
0.1219917170541728,0.0581516218859454,0.4213773953989356,0.5155466731320733,0.0049243095396545,20.40936573374368,9.220799388284592,15.58018445014418,20.98003527923116,0.0377234174034742,3.786038003992016,1.9006534530938124,2753.90625,0.206126754640023,0.093126532097535,1.689678279948206,-0.0887915894243816,3031.376587863017,0.0872863334800795,7.770082370402486,2.6820222638456146,757.3284372004512,0.2026454607382842,0.0410651827578315,inner_race
0.1213282552083332,0.0589368266465714,0.4652344120760492,0.4711836793410827,0.0046450819184407,19.72762394661241,8.987064543143351,14.989284313469131,17.444953339791827,0.037540598568488,3.439076566866267,1.81862371257485,2707.03125,0.2023601481712248,0.0921866575263434,1.6678732239555525,0.1102490035834365,2984.899415664337,0.0851362603958532,5.396045223630649,2.420512626263327,749.6391913136292,0.1988475119960009,0.0395403330269997,inner_race
0.1289679410319985,0.0742143572443112,0.4009692653890539,0.5192116767204904,0.0056047004947632,19.004742569945343,8.104062561706213,14.155521198099438,18.09097951304296,0.0376578247021581,3.5826692215568867,1.8256084231536929,3562.5,0.2252707712030955,0.0960606762461893,1.7467191412104748,0.1088912318616943,3003.9871486791485,0.0967149621521601,10.196142794973042,2.971464202721957,813.3229268461758,0.2221008973352853,0.0493288085971389,inner_race
0.1207782124228105,0.053407352533379,0.4633701529348918,0.4791474224981491,0.0040750719668709,19.802215114554823,8.937384050099721,15.115378730418287,19.20020027910833,0.0372740241197292,3.5826692215568867,1.8256084231536929,3574.21875,0.2042665295482432,0.092192131667727,1.69125312794963,0.0628732812352727,3018.015395142004,0.0814611907566197,6.641989802684721,2.6355547383985622,728.4227656500248,0.2008369045260486,0.0403354622196051,inner_race
0.1186909844568674,0.0647535849856607,0.4476570441462163,0.482531763924229,0.0050576068823765,20.36738711556248,9.250223880384183,15.522149807313088,19.476289067809304,0.0370262470956524,3.5854306187624747,1.842339241516966,3574.21875,0.1991669893983635,0.0904553554691979,1.6780296356101183,0.1381780506542834,2995.5419126110305,0.0934507388794471,9.316826195739562,2.871639422593097,776.5344329835675,0.1956950349191811,0.0382965466920195,inner_race
0.1204008362766653,0.0489630713221081,0.48167066899542,0.464937290911896,0.0044289687224875,20.311055908638977,9.067970051376143,15.404247750534084,22.16392166414111,0.0362621357480351,3.697023552894211,1.854684311377245,3574.21875,0.2045313670942021,0.091314027184002,1.6987537081903303,0.114196856933927,3010.7178237540543,0.0799890420693081,5.984908685710446,2.5246572518405275,712.1996671615572,0.2012911762507595,0.0405181376364143,inner_race
0.1188119383498627,0.0542972856034648,0.4710533384125523,0.4708862463293359,0.0037631296073653,20.320686665279133,9.302858288032994,15.610252110489096,21.76104149389294,0.0363776962871132,3.59338994011976,1.854684311377245,2753.90625,0.1993671465213087,0.0912707499469614,1.678006009246621,0.0931293562535567,2995.754067957545,0.0823318719672103,7.131200105460525,2.602525517611808,731.539480457272,0.1960202089706352,0.0384239223248915,inner_race
0.1228425979486339,0.0475108343272979,0.4645924445427195,0.483986691198321,0.0039100299239071,17.452135331797713,8.000422900281617,13.32352453136693,16.080578677172213,0.0380716059872442,3.203870499001996,1.636696367265469,3574.21875,0.204576231489945,0.0937820121233769,1.6653525316640374,0.0585465115650679,3028.1144232375414,0.0785024979338393,7.399033975805988,2.6894387090167813,710.2515968349966,0.2010024559754919,0.0404019873081795,inner_race
0.1222757405891341,0.0533165220792288,0.4463658276969381,0.4965368066620274,0.0037808435248743,17.717714609909425,8.286004418984762,13.592526526497965,16.475255657616355,0.0388568941803892,3.2165404391217565,1.66203624750499,3574.21875,0.200583557944642,0.0938064690677104,1.6404198983233684,0.1019868996524942,3010.902743848528,0.0805976405416689,7.186533945597619,2.6411471124241066,726.0838399191498,0.1967839055725483,0.0387239054923856,inner_race
0.1179136276665418,0.0476205811048724,0.4673821541062855,0.4805092625660262,0.0044880021870655,18.380609729416573,8.507108873791136,14.095370318053533,18.92654687409719,0.0382780604026322,3.2165404391217565,1.66203624750499,2695.3125,0.1953702805691629,0.0904233467753273,1.6568931380999268,-0.0114105253546567,3019.6449579807595,0.0786993841698779,6.934923466712556,2.6274035961044846,711.7591532346734,0.1915837587622862,0.0367043366214858,inner_race
0.1148307707046843,0.0607806428052381,0.486095875961437,0.4487082351992577,0.0044152459930729,20.114843413827863,9.037907141386915,15.251796692772968,20.75858420894833,0.0376325235271644,3.3783258283433133,1.7513755688622754,2765.625,0.193781097931652,0.0870688144486523,1.6875363349254875,-0.0883812020706668,2967.268614957125,0.0823179175897248,7.993422677050203,2.8087281668671995,755.2284652905099,0.1900918385638214,0.0361349070885739,inner_race
0.1184693810620945,0.0484997783146679,0.440820152321456,0.5058732375542334,0.004806831757536,19.57504029642685,8.843058283951423,14.783360503456247,16.4994206833127,0.0369150488281249,3.3783258283433133,1.7513755688622754,3574.21875,0.1980508906110808,0.089469832109718,1.67174749150816,-0.029470286568675,3040.760790252391,0.0799465753313685,6.403672704687063,2.569699398145344,722.3414390522203,0.1945801491464621,0.0378614344418594,inner_race
0.1195224334144211,0.0550402453841138,0.4390306723311149,0.5017341294843416,0.0041949527142437,20.06333836838628,9.069066570068092,15.153236466722236,17.598040201534094,0.0368581806699101,3.602811177644711,1.8111516966067864,3574.21875,0.1997065169401648,0.0902717017154339,1.6708705741266223,0.0447903985955726,3019.532157259438,0.0817345629875021,6.496677132607173,2.597076235547501,748.5470059284486,0.1962757433461318,0.0385241674260766,inner_race
0.1241696009543412,0.0477145992144045,0.4217127392731322,0.5265440501765584,0.0040286113156599,19.189297275510494,8.717723395536575,14.586111920201546,18.320766414129555,0.036541876325474,3.602811177644711,1.8111516966067864,3574.21875,0.2077551230329337,0.0943834300236825,1.673156081973139,0.0562128988918525,3043.1433314905894,0.0792324032074321,6.399098070831899,2.5691147559795997,714.5136765262382,0.204516215545475,0.0418268824210432,inner_race
0.1224090674705276,0.0463311097095026,0.4094816150687403,0.5397120612055358,0.0044752140108779,18.964260944064392,8.674650483285463,14.474764262346712,18.36725200464882,0.0356604595301584,3.383198882235529,1.771842395209581,3292.96875,0.2042551914481871,0.0934306061509952,1.6686279510900244,-0.0270287016197055,3066.532249997429,0.0812604071212005,5.886438094394654,2.5136749086258696,722.2596382379911,0.201118161436588,0.0404485148596334,inner_race
0.1216340107870196,0.0531615458727539,0.4112655163492787,0.5306119220872856,0.0049610156565669,19.278701497950745,8.656501339904358,14.566998027484804,17.968902171735117,0.0354133170183071,3.383198882235529,1.771842395209581,3292.96875,0.2046834310579749,0.0919067290604567,1.6827812363794712,-0.1093877390989804,3037.2663948977424,0.0846155699571254,6.183131346266634,2.521510170169873,741.9448669169982,0.2015966366967108,0.0406412039274256,inner_race
0.1187225514400885,0.0559932042905061,0.3924408952572606,0.5461591614501574,0.0054067388412651,16.271057102469673,7.4652713898494705,12.343819457573725,15.01009064909399,0.0347848326589009,2.891020439121756,1.465489740518962,3714.84375,0.1963076308935785,0.0900672729061054,1.6534990910521503,-0.19497359662965,3048.084932526159,0.0888588615481298,9.96384720414885,2.927891387871627,760.8975452348459,0.1932011940023708,0.0373267013639417,inner_race
0.1164304553393213,0.059996974728743,0.4373811158481434,0.4973322889524125,0.0052896203673588,19.963842132231413,8.808696413560984,15.029690020490916,19.86230481353545,0.0345479216566866,3.449797285429142,1.7499136526946109,2625.0,0.1986575050992357,0.0876541519965935,1.7062331717270578,-0.2972537006188615,2995.3418546351504,0.0910269157391388,5.481137058106441,2.4173441161179268,769.8050238096731,0.1956303796486024,0.0382712454414563,inner_race
0.1181355483174276,0.0555994292328193,0.3996482504626387,0.5391873841356352,0.0055649360274326,19.53465629485175,8.75037831357015,14.812761083502416,19.707674320819365,0.0345004918678268,3.449797285429142,1.7499136526946109,3714.84375,0.1999814853697047,0.0895799560679135,1.6928137907512726,-0.3427278057646206,3048.671186699947,0.0902086213749635,12.71305926283411,3.155496042867294,769.7454178685642,0.1969830209727514,0.0388023105515514,inner_race
0.1175671046773639,0.0524849673179456,0.4100105983457663,0.5319433090425356,0.005561125258449,17.3700908227709,7.628621503292282,13.074436399134054,18.13527704042527,0.0336084469927332,3.015120878243513,1.537123632734531,2625.0,0.2014942846582642,0.0884925501206635,1.7138661806056996,-0.2353261608081363,3047.558582408237,0.0886016249735205,4.012280797064452,2.2090479053674903,743.331837319739,0.1986716362259149,0.0394704190406822,inner_race
0.1202545812086763,0.0561727069940154,0.4372725453866651,0.501395970204157,0.0051587773885652,17.306403238036623,7.322987386745414,12.782245942607195,15.898839978299376,0.0332363055724488,3.015120878243513,1.537123632734531,3679.6875,0.2099039028138598,0.0888182028115574,1.7454961025527678,-0.1601102606519923,3019.9228564573223,0.0932001242973072,11.160375965229337,3.0877799737668954,763.0989554406484,0.2072558718308968,0.0429549964083851,inner_race
0.111362526879834,0.0509629667717785,0.4256098006261677,0.5182935212465227,0.0051337112621067,23.214795035963352,10.154113988793664,17.520891749776194,23.79754622657756,0.0329878940361464,3.7808400798403192,1.9511707784431136,2625.0,0.1921556898609248,0.0840485895059786,1.7254968546849772,-0.2986554963694091,3048.134230130036,0.0899738982355333,7.299662887192403,2.618094277736552,734.217394017524,0.1893029529431274,0.0358356079929879,inner_race
0.1124131998113148,0.0555911179042189,0.4673378524450574,0.4722381520386685,0.0048328774660289,22.73719910593425,10.284845849007,17.357132273773427,23.90350961025042,0.0326258254974426,3.7808400798403192,1.9511707784431136,3714.84375,0.1897131767542727,0.0858140340572498,1.687641460902329,-0.2795867864767541,2993.8422676468285,0.0889860150275963,10.220692997515863,2.957472122111548,748.636921004623,0.1868867168763162,0.0349266449448083,inner_race
0.116613036232223,0.0491898425550397,0.4342196207885019,0.5122310772995832,0.004359459311455,20.26646071698328,9.23022417677411,15.369715766491874,16.46971790506438,0.0324808394539046,3.405777365269461,1.792309221556886,3574.21875,0.1941782980815189,0.0884372089723062,1.6651508643924906,-0.1100333892655739,3039.782089558749,0.0798070446618463,7.907828084631177,2.7005842626183725,722.527405377319,0.1914424365552342,0.0366502065142048,inner_race
0.1122333949093999,0.0583468931110347,0.4939604498542727,0.4429692374148,0.0047234193913446,21.10283228436336,9.437150254091904,15.969482372013452,18.60826434547963,0.0320032896901509,3.405777365269461,1.792309221556886,3703.125,0.1899205981996259,0.0849321644320198,1.6921932937423732,-0.0549404242166588,2974.047177114384,0.0871498993768404,8.815516989414313,2.864543664757241,760.4275304537722,0.1872047624114088,0.035045623069512,inner_race
0.1136531953280937,0.0458419030556107,0.4441610609799404,0.5055172731646145,0.0044797626614666,18.066743783119247,8.164269263099108,13.721916714586396,16.703931770563468,0.0314714891311127,3.068562035928144,1.5595396806387225,3574.21875,0.1910201183206359,0.0863210160812645,1.6807280936466371,-0.1334487503488128,3047.445996369735,0.0803984111031592,11.28578440596122,3.1344260657500427,710.5938137058171,0.1884097422510311,0.0354982309750999,inner_race
0.1146748393252557,0.0501290075845624,0.4833088055529334,0.4623410893924572,0.0042210974411311,18.403765315154715,8.475668792849522,14.160595310800076,20.22238123507056,0.0316162372325661,3.192824910179641,1.623863992015968,3703.125,0.1915912515819326,0.0882354216220517,1.670734859619176,-0.2015511097488859,3005.487503385329,0.0833502468273441,8.399046162136548,2.802752148914052,728.1782622233112,0.1889646031032942,0.0357076212259855,inner_race
0.1110144969241204,0.0458830060832144,0.4541490816289479,0.4959728217698441,0.0039950903935589,19.14117934638345,8.677058885755331,14.62749493992569,19.95008924325723,0.0315469167719248,3.192824910179641,1.623863992015968,2625.0,0.1871445167534566,0.0848361515573376,1.6857664713949188,-0.1236362279765453,3039.174203617874,0.0765662377726646,7.700354605347833,2.7381906563905387,707.8635037467418,0.1844664256526646,0.03402786219307,inner_race
0.1108997295253243,0.0496103627827869,0.4564403936210289,0.490397754916246,0.0035514886441714,21.287784991549564,9.475420357760042,16.18057037581639,21.38743672760302,0.0309342159041292,3.3728030339321355,1.794420878243513,2625.0,0.1893763875893848,0.0842934518060864,1.707636153847788,-0.228517794702989,3024.811297548138,0.0761234113056745,6.798748042109381,2.628469254673846,722.3157317293322,0.1868327874405389,0.0349064904628016,inner_race
0.1101239590155625,0.0529942571752447,0.4695699321177953,0.4736856853257843,0.0037501253474861,21.33962032223206,9.651261153283007,16.294554738900437,21.324309961106486,0.0308524431410616,3.3728030339321355,1.794420878243513,2625.0,0.1859260515018927,0.0840886975094888,1.688334247732756,-0.2409362632618134,3009.516381913078,0.0770785680896559,6.948859957709839,2.654812617180961,737.6935460344881,0.1833483661757366,0.033616623379312,inner_race
0.1102714831080027,0.0536308477581428,0.4529872486302566,0.4894829226681293,0.0038989809150585,17.318432532989327,7.718916290470439,13.12485300093864,18.20720728067351,0.0305499394375311,2.88907121756487,1.447297005988024,3539.0625,0.1875000261079158,0.0835697458895956,1.7003491820661691,-0.126065926633807,3019.9126024121942,0.077408998166603,6.869813623328664,2.6556520138030977,741.359515897944,0.1849944890823299,0.0342229609908322,inner_race
0.1136171074452656,0.061019384240126,0.4608576927810661,0.4735161408077376,0.0046067821420665,16.972735213814936,7.338189836770444,12.738372226957548,17.928216832995595,0.0301527347843375,2.88907121756487,1.447297005988024,2777.34375,0.1972280682540891,0.0852718779710885,1.7359011568667373,0.0269708381738485,2986.882316388675,0.0845139051186644,5.413172714921627,2.420197106096028,766.6834853240844,0.1949095264276865,0.037989723492265,inner_race
0.1090060277881736,0.0608325042973125,0.4321909193689847,0.5015609820799152,0.0054155940720584,16.421345988123544,7.462339076012242,12.533636019674615,16.720172561164524,0.0302054786130863,2.724361996007984,1.366241876247505,2601.5625,0.1830849365501632,0.0831991407546991,1.6795854345407737,0.1247540522292992,3022.101820000331,0.0880958350613876,6.71572772400244,2.6261725940189646,784.2514832327414,0.1805760866043222,0.0326077230533316,inner_race
0.108802190735716,0.0711902825279364,0.4599701070379467,0.4635626255683795,0.0052769845069468,19.590349386066247,8.806307281350728,14.948807033146478,19.606499475883247,0.0298111292649076,3.165210938123752,1.6264629540918163,2777.34375,0.184692959503719,0.0830236828368486,1.697511403537307,-0.0465415231794469,2955.1319498403072,0.0919460251177006,7.835817851571976,2.696952541092207,804.3143100684838,0.1822711876907411,0.0332227858621933,inner_race
0.1074739187055575,0.075188805999597,0.4279507623753565,0.4917262207986735,0.0051342106978555,19.922786018382904,8.921917913916403,15.133559599215676,19.08209423795135,0.0292886877611963,3.165210938123752,1.6264629540918163,3703.125,0.1822996994351248,0.0816383287252629,1.6962226894746877,-0.0270768387102453,2976.88599213184,0.0910472981521396,5.531975231321459,2.4236554510101755,822.3916381701238,0.1799315235954056,0.032375353183364,inner_race
0.1098956139283931,0.0689549385952193,0.4613617857596651,0.4645718808432746,0.0051113947502865,19.511295294687624,8.619814993503407,14.803027766069857,19.32580379511841,0.0290164027024076,3.190713253493014,1.6267878243512974,3445.3125,0.1887265359613143,0.0833767210111481,1.7173254619996623,-0.0001606061957317,2967.8374682374624,0.088374139300528,8.139150721091303,2.7492215733672536,792.789642793094,0.1864825829673349,0.0347757537501689,inner_race
0.1097630008732534,0.0634388228087698,0.4413091446973127,0.4905786213441971,0.0046734109999909,19.52195501908928,8.614388396979678,14.82091243323237,19.577340273633848,0.0288063791557509,3.190713253493014,1.6267878243512974,3703.125,0.1888454234222445,0.0833311941739731,1.7204834226453949,-0.0204276315489102,3001.999872036015,0.0886316603672386,6.121517938433664,2.5313171293250822,788.9684900220439,0.1866354373302721,0.0348327864674619,inner_race
0.1103390586600236,0.0552849325204927,0.4302606967636014,0.5091948170409164,0.0052595536331906,20.37845196526623,8.939209852344293,15.458998092968,22.327103528196,0.029081678147611,3.4030159680638725,1.7057312974051897,3527.34375,0.1908145491134056,0.0837026924475175,1.72934726316039,-0.0475324912072875,3042.390759102966,0.0865571127930877,6.842438534379115,2.6485509352379117,755.9758870781735,0.1885853868927045,0.035564448149471,inner_race
0.1194160733026134,0.0779262205629815,0.45452593404163,0.4628551135020191,0.0046927318404335,19.194373191509754,8.10898143723668,14.283933897932474,19.705465356496177,0.0290899268065431,3.4030159680638725,1.7057312974051897,3714.84375,0.210350869663164,0.088866215134323,1.7614954490264625,-0.0188478074389774,2948.192443602941,0.09064541153185,6.978160752961562,2.5444565312641334,827.709830737563,0.2083297014984646,0.0434012645264393,inner_race
0.1126781086654815,0.0588471114304118,0.4280971842444457,0.508385550178123,0.004670154064328,20.464648004371103,9.141356712350056,15.537408721873954,20.78590740515288,0.0284182163017714,3.26462123752495,1.7507258283433134,3714.84375,0.1915170672618066,0.0855487877421283,1.6996830132318077,0.0680970532815788,3030.756474285236,0.0804799529141334,6.126025624741484,2.5020693814586634,765.4728295960726,0.1893969166454119,0.0358711920347891,inner_race
0.1123637871717502,0.0676152697952923,0.4619213684599024,0.4661604585723637,0.0043029029957515,20.32196220470487,9.336295352193146,15.580872382552355,19.77533326257432,0.0280883492585142,3.26462123752495,1.7507258283433134,3714.84375,0.1875182566854056,0.0861494481048681,1.668849559144712,0.2234164833864624,2968.0981895996474,0.0839914143001964,9.689998953776596,2.862775287541885,796.140801856739,0.1854026462223918,0.0343741412262653,inner_race
0.1136050517129802,0.0520118959826693,0.4477525606038969,0.4960676052566041,0.0041679380474095,20.065942087764945,8.918559140127352,15.206168904837876,20.635095357281475,0.0279635089781374,3.447035888223553,1.7274976047904191,3714.84375,0.1936969388942967,0.086091029129589,1.7050028671582864,0.0976090643297586,3050.506147254797,0.076279102560655,13.561887257034533,3.309949552442851,748.3252187765245,0.1916678019455812,0.0367365463026505,inner_race
0.1153732786575286,0.0552066087048252,0.4509352880582625,0.4894740474852339,0.0043840557126117,19.687683797254,8.8810478274626,14.97311704141028,20.478759927821105,0.0279451081235965,3.447035888223553,1.7274976047904191,3714.84375,0.194515066054315,0.0877450909198047,1.685962887747249,0.0953751617231517,3024.0072914093835,0.080507095787212,8.896933864201083,2.8797214896750547,748.9158588805709,0.1924972255750068,0.037055181854075,inner_race
0.1162268562289483,0.0485607499974767,0.4593710649313186,0.4878394734328699,0.0042287115359534,20.21487148746844,8.952209862862606,15.28941224961632,21.063388350453597,0.0279942828210765,3.37101624750499,1.7770403193612774,3679.6875,0.1985029782124702,0.0879075744044624,1.7078925185883986,0.0039899455908687,3041.440163285953,0.0766507184613946,9.912852512363068,3.0240564937139123,725.7047837978351,0.196519089374427,0.038619752488554,inner_race
0.1159256215498689,0.0475195418725203,0.4782754479544868,0.4700713111061667,0.0041336989169556,20.334092770002417,8.926148136379975,15.329142044727607,20.697779123117307,0.0274538370329653,3.376051736526946,1.7770403193612774,2742.1875,0.1990825485092118,0.0873921615024217,1.7173300073579538,-0.1214906735030738,3021.494000862457,0.0784726711257754,7.410094008529132,2.7164469247018785,716.2165437637287,0.1971804958739329,0.03888014795309,inner_race
0.1152112400979291,0.0494593920049097,0.4706222780263098,0.4758639896297637,0.0040543403295186,18.85277336684705,8.370086173940459,14.258213570738189,18.80327204327336,0.0268907867468188,3.278753093812375,1.6427064670658682,3714.84375,0.1962592060497887,0.0871334118912498,1.7034727330681376,-0.0537583044692292,3031.813798370252,0.0737785592791792,8.06138638095977,2.828649884318474,729.6408268090911,0.1944082342583012,0.0377945615474305,inner_race
0.1139260355850798,0.0471386642379677,0.4475201425944211,0.5010541567545294,0.0042870363577923,19.362952541391405,8.201640128470478,14.41906109195819,19.41097746570755,0.0270587738585329,3.278753093812375,1.6427064670658682,2742.1875,0.2002899958221181,0.0848376023002856,1.7580704427526737,-0.0943785269171494,3047.29658342248,0.0753651052954995,5.896927908472339,2.5224046754174045,710.9902071896502,0.1984537860150238,0.0393839051836968,inner_race
0.1128484751980413,0.0480638180321936,0.4477521525896425,0.5000591748143589,0.0041248545228792,20.759604669561917,8.875409116357208,15.493800279166669,19.993423577506228,0.0269821565072979,3.469939241516966,1.748451736526946,3714.84375,0.1969995651585889,0.0842237491685261,1.7456998405416484,-0.0225182159010627,3053.851295781794,0.0749944268270372,6.017771803618631,2.568894189508398,710.1594475987914,0.1951430037251882,0.0380807919028888,inner_race
0.1129842608143088,0.0465566414262914,0.4336231649546412,0.5153171158801773,0.0045030777263892,20.862042563890807,8.843683277638819,15.475179674809311,19.62869446472124,0.0266179464898328,3.469939241516966,1.748451736526946,3527.34375,0.1977062816064311,0.0838101893030006,1.7498568400723007,-0.0669529618631885,3059.974464775897,0.079999198072461,5.397106656809706,2.458179543552223,704.7652987546094,0.1959062498015462,0.0383792587113058,inner_race
0.1215210676108719,0.0583605577196627,0.4133454835131466,0.5236208596215379,0.0046730991320306,17.836729462542998,7.515569118713175,13.10483888337377,14.540991411476329,0.0264184717089258,3.084155808383233,1.592514011976048,3539.0625,0.2118953317867589,0.0892828483674832,1.7436921511032015,-0.0609699986824416,3044.2786729768127,0.0810908413309023,6.357005279406756,2.587263396758361,760.5362972990428,0.2102419938679837,0.0442016959855853,inner_race
0.1143201469911738,0.0518851023474608,0.4573531002531883,0.4857518473828132,0.0050099499416456,18.53354862225293,8.147546184547341,13.93030059783774,16.201259835488553,0.0262016271558445,3.084155808383233,1.592514011976048,3562.5,0.1954593414881666,0.0859260168915489,1.709754112748448,-0.1410575084333855,3021.7587578589373,0.0839700872489397,8.701550509744902,2.8017935675626817,736.3386434573293,0.1936951958861495,0.0375178289093738,inner_race
0.1115976929734281,0.0610301553496498,0.441674888353952,0.4922234192688662,0.0050715369409042,20.551893507268435,8.635627820404592,15.274457796389008,20.60870472953727,0.0262588125701721,3.2712810778443115,1.7045942514970058,3562.5,0.1973908888788983,0.0829409830726378,1.768772127985638,-0.2591551284963004,3016.3759113054257,0.0897243739391157,6.6211043670436425,2.6100467788762884,774.8343219822714,0.1956364939749385,0.0382736377748061,inner_race
0.1117399030259792,0.0592639778363907,0.4598666029493099,0.4749893376095218,0.0058800815518504,20.652373555442043,8.624936545348184,15.255018174668468,18.93335605860379,0.0263769111581524,3.2712810778443115,1.7045942514970058,3562.5,0.1976355701325559,0.0825374500863525,1.768710771895033,-0.1429476146219598,2996.710541713161,0.0933701366044585,7.318090888429015,2.654811635886765,760.7578851470641,0.1958674989358248,0.0383640771393753,inner_race
0.1093591338416915,0.0594470939662484,0.4285082062971082,0.5060442246358566,0.0060004750309561,22.05080979110692,9.367722689534697,16.558532997972172,25.1282592116945,0.0264069711748378,3.4926801596806385,1.8108268263473053,3480.46875,0.1933049137300253,0.0821206496950334,1.7676156251370256,-0.2644264881274347,3033.090789797378,0.091402483776771,6.160189666718853,2.5483328193387518,775.1412983820401,0.1914927193016586,0.0366694615455438,inner_race
0.110766481957959,0.064420025925845,0.4714220411130106,0.4586688650324979,0.0054890679135743,21.715211455281025,9.29917150892128,16.348147872337385,25.294350194690004,0.0262906968095059,3.4926801596806385,1.8108268263473053,2613.28125,0.1947299094989338,0.0833897855462476,1.758021976114063,-0.3710975999472076,2969.071305855849,0.0925701614388215,7.573098632483699,2.717362318027401,779.1719461554359,0.1929469795429138,0.0372285369147336,inner_race
0.1156507984421781,0.059370650654666,0.3997109934362888,0.5355822108645366,0.0053361448626085,18.976884204873564,8.442627563410214,14.288293700596244,15.869148657910092,0.0261923474145459,3.102510978043912,1.6524525748502994,3703.125,0.1957272854261532,0.0870771279948013,1.6923989117464755,-0.2612788336302211,3053.4531299217047,0.0900641146646589,7.177918850994731,2.6817239103880035,779.7807374119923,0.1939668301468232,0.0376231311972065,inner_race
0.114278427812344,0.0574709166067284,0.4985147665795529,0.4392330050540807,0.004781311638064,19.44913317504825,8.230110800495243,14.459881943456404,17.670895589136354,0.0258058501551584,3.17690626746507,1.6524525748502994,2753.90625,0.2007813278468697,0.0849627878002434,1.7569486358052782,-0.1906763439932607,2955.706428481739,0.0904198163528212,8.365892422883816,2.809194211099907,751.325216304329,0.1991160458368981,0.0396471997097217,inner_race
0.1108150221432135,0.052062830557196,0.4370145378295227,0.5061833668190268,0.0047392647393461,20.48149375784091,8.905053097620767,15.421916333612,20.40172637225516,0.0254364847258607,3.23343369261477,1.7089800000000002,3691.40625,0.1919112644546276,0.0834402031514792,1.7318163254672108,-0.1369078872105941,3037.735240639401,0.0874485378054568,6.444041712823994,2.5866250771516515,749.8938647825423,0.1902180818675371,0.036182918669365,inner_race
0.1109822161146456,0.0486295274063943,0.4401255591982026,0.5067084802714372,0.0045364330913989,20.32274531035116,9.045415621256922,15.398683319087882,19.77503777729456,0.0253622467954715,3.224174890219561,1.7089800000000002,3515.625,0.1889332753250011,0.0840919853052309,1.7023743257192785,-0.0453472846186164,3033.533772968248,0.0831648400529104,6.083394129427564,2.507192129815545,718.1234918222851,0.1872232329667401,0.0350525389625182,inner_race
0.1097163642246756,0.0504106232780887,0.4568805570250119,0.4876018416940496,0.0051069778668825,20.29238802960662,9.068030917546658,15.369075467933577,18.68200919890149,0.0249272886648577,3.1293127744510976,1.686239081836327,3574.21875,0.185954271348309,0.0830971238760121,1.69486359361594,-0.3131658861961928,3030.03728367483,0.0853411293429067,7.688370000358592,2.725299575401912,742.660421554761,0.1842759379639658,0.0339576213124994,inner_race
0.115093220823977,0.0471260496470924,0.4822626758315737,0.4660577088003828,0.0045535656718437,19.19239250396992,8.762426226899922,14.651072146249629,17.195860272885845,0.0246566692006611,3.250814251497006,1.686239081836327,3574.21875,0.1924397465007708,0.0878597643043998,1.672033722951304,-0.3028452730890549,3006.395093039736,0.08141260721154,6.232065694242374,2.5332469685335512,716.1754285243475,0.1908536211267947,0.0364251046972101,inner_race
0.1134103357737649,0.0494845922791552,0.4504010859641494,0.4955074533079394,0.0046068683984399,18.055747895304314,8.200955031062728,13.795701767268818,16.895598654625637,0.0244245963541666,2.9337408782435133,1.5645751696606789,3574.21875,0.1907796303887221,0.0866524709324043,1.6822067326323442,-0.1771089246499605,3030.03172481238,0.082466484926072,8.10690211815245,2.685171086661553,729.9166670094328,0.1892096891393077,0.0358003064641934,inner_race
0.1117636972344373,0.0426172468482852,0.4499788217543083,0.5033017069312602,0.0041022243727345,21.15410684829188,9.226005639160872,15.942125951562996,20.681393259094516,0.0242890486799837,3.4350156886227543,1.7817509381237526,3574.21875,0.1931226803678614,0.0842271881720982,1.7279553660681448,-0.1825218025380783,3053.069149230653,0.0785687004177502,6.447412643090637,2.55099367495623,701.1604058185097,0.1915891745028631,0.0367064117866885,inner_race
0.1128177013551022,0.0488523074889696,0.4348162184413635,0.5120295835806719,0.0043018904354408,21.018709433541797,9.163192173645358,15.793185969243927,19.92093232291974,0.0240699040200848,3.4350156886227543,1.7817509381237526,3574.21875,0.1944465317717903,0.0847697592355705,1.723546300236655,0.0553486636896639,3044.6277444566026,0.080109229499168,5.704562264563551,2.4509756077641507,722.8140150528511,0.1929510130539401,0.0372300934385417,inner_race
0.1161346933281873,0.0432768215222393,0.4018614627102346,0.5507699698896472,0.0040917458632255,21.004916134328145,9.147225499221138,15.835841006830178,20.419229587455085,0.0236366114840631,3.659176167664671,1.839090538922156,3457.03125,0.2010544660868751,0.0875552431231347,1.7312179532666554,0.0329972093491585,3085.088824550681,0.0735805112417318,7.431078679280896,2.686826255840059,702.3567293577308,0.1996602337247702,0.0398642089310298,inner_race
0.1163349612493762,0.0540972480244847,0.3827508201976471,0.5587539170322007,0.0043980145859782,20.996165396397917,9.24110270881714,15.808579976056144,19.514542046540853,0.0235630873799276,3.659176167664671,1.839090538922156,3292.96875,0.1990120223604309,0.087591734214366,1.710681124772353,0.0001783925308008,3056.0100624594297,0.0784497015096266,6.463853433144777,2.539348055493688,738.2394044981243,0.1976121604484768,0.0390505659571145,inner_race
0.115949019188186,0.0507199239641021,0.4024462038437474,0.5422080286013821,0.0046258434453247,16.701425906438054,7.272303398199621,12.416340948547711,14.328175256996438,0.0234463371304266,2.878837804391217,1.4396625548902195,3457.03125,0.1979651392496402,0.0861999785500505,1.7073463892639005,0.0866312428834048,3066.629531886688,0.0796916585840103,6.20790987109133,2.540065135507931,738.0311686049272,0.196571782393343,0.0386404656332958,inner_race
0.1226365401033869,0.0635252097361928,0.3713165578356243,0.5595172771709886,0.0056409551625389,18.880642202524257,7.811285111374678,13.822740045853912,16.087417859889026,0.023358853757329,3.379625309381238,1.695173013972056,3281.25,0.2170158930063339,0.0897836522608017,1.769585906642358,0.0853953543114145,3041.8066347514173,0.0890442067026682,5.758153205528435,2.4518630720931207,785.2556912477322,0.215755096738131,0.0465502617684802,inner_race
0.1152972958185191,0.0580337568311528,0.4159639615450832,0.5209118424026583,0.0050904392023401,19.664878622584688,8.567720007767958,14.702625954387525,17.297255374809723,0.0230571431940805,3.379625309381238,1.695173013972056,3714.84375,0.1978557903894058,0.0862030753663125,1.7160488369201288,0.1031658218641485,3034.8866010116312,0.0868196220442214,8.960293388940919,2.80896713648402,769.4217320442788,0.1965077147043957,0.0386152819383441,inner_race
0.1163530448478043,0.0659381780382653,0.4117039867896647,0.5169188987902338,0.0054389363699389,20.40434533071742,8.802938922388238,15.257473796721458,19.46497839340304,0.022616553767465,3.533613812375249,1.7752535329341317,3656.25,0.2016660059311766,0.0870036996610522,1.7332249980648626,0.0410344792148231,3016.3809174550506,0.0903362711020769,6.285649384112279,2.589749656107806,792.0446668212231,0.2003937859413727,0.0401576694439167,inner_race
0.1177284294107098,0.0608195360360975,0.430268517012574,0.5042382990508946,0.0046736478817238,20.038628093039996,8.787366181690002,15.079225483769482,19.157594998724655,0.0223453791050711,3.533613812375249,1.7752535329341317,3714.84375,0.2020233931565501,0.0885915704753625,1.7160119621724264,0.0210029910567517,3016.4497754940644,0.0866432829881851,9.34912039247337,2.8791633122653004,770.3352567868543,0.2007838026712729,0.0403141354151366,inner_race
0.1185419533978916,0.0680457193230842,0.387458528505063,0.5386968761880762,0.0057988759693439,21.05196570368515,9.326212557307835,15.845865421286106,19.168701340390232,0.022470298699476,3.643095089820359,1.8783998403193607,3527.34375,0.2014107901548398,0.0892268145767759,1.699067582249088,-0.0167953070789776,3028.026628996903,0.0918923082669265,6.758486737211214,2.6180111234178107,797.8973484578981,0.2001534213226275,0.0400613920671532,inner_race
0.1188888729572105,0.0592288934953658,0.4399976870878965,0.4963295537065049,0.0044438656512186,21.05939526404813,9.254584771907371,15.799626942341511,19.441770745318923,0.0225315291292415,3.643095089820359,1.8783998403193607,3527.34375,0.2029696508936102,0.0891953361797667,1.7072215914323736,-0.0564430243952218,2999.160669230587,0.0865429824594516,7.80037871098925,2.673133336741685,758.0713962531696,0.2017151689362308,0.0406890093789721,inner_race
0.1178031432252681,0.0624871841637577,0.383453622318572,0.5490231888539678,0.0050360046228835,19.24246281964961,8.481010103946844,14.479505815421394,15.932377567016562,0.0223020736456773,3.1850280239520954,1.7057312974051897,3574.21875,0.201123601611014,0.0886441259308744,1.707285528251287,0.1030489359632717,3047.8216870755564,0.0864564521905922,6.777210606893709,2.606072895499317,777.8140813875424,0.1998832675240443,0.0399533206360886,inner_race
0.1196083305069548,0.0641205262642505,0.4436975426942661,0.4880334563097014,0.004148474719371,19.064993528866125,8.237957161279454,14.260974049010803,16.469974122906912,0.0221366245828655,3.1850280239520954,1.7057312974051897,3515.625,0.2070575585683513,0.089469282789032,1.7311299111921945,0.1313581159516657,2993.5916050286123,0.0838428962844588,6.344680061524867,2.5684025979261853,773.8456752178428,0.205870839150093,0.0423828024123635,inner_race
0.1142612959822542,0.0648654866159519,0.4503160704970199,0.4802245246826054,0.0045939181340639,20.897528782515444,9.147823522244778,15.686057174034223,17.924613142849566,0.0218645774661614,3.2902859880239523,1.792309221556886,2789.0625,0.195927393789192,0.0857665631285779,1.7147310653611114,0.1172422931845436,2990.896913177709,0.0864693989771295,7.805119007594692,2.6722214270938256,776.9237945891327,0.1947035795491478,0.0379094838892513,inner_race
0.3569357313692926,0.0640054991343961,0.4868699832649294,0.4479391381403499,0.0011853793813027,12.25344441541938,6.579411461372546,9.610200242873509,4.949124789567329,0.0205324190486215,6.174971457085829,3.430223852295409,2882.8125,0.5213572478988603,0.279939561155467,1.460647399740022,0.3015160280870005,2827.0849728150256,0.0278975517335376,31.32073053711511,4.961206159413451,640.3545045162067,0.5209527806862014,0.2713917997046855,inner_race
0.3601495357916978,0.0591402931484857,0.4985518442694285,0.4410813132312154,0.0012265492681523,12.212514212028948,6.525935351066882,9.524443353105893,4.686095859673969,0.0200771565267901,6.174971457085829,3.430223852295409,2882.8125,0.5256294565858095,0.2808777777238322,1.459475590966252,0.3317058963908701,2835.92293786901,0.0285086432828924,37.94098560317012,5.223333369844247,620.2084690459651,0.5252458790095285,0.2758832334164922,inner_race
0.3698621333992171,0.0669840973389149,0.4944906167150484,0.4371951097089749,0.0013301761819343,9.268399578599016,5.032357681366477,7.226665880378813,2.8674664320134475,0.0199754362856318,4.791430239520958,2.6728700598802395,2882.8125,0.531136741288718,0.2883852856378752,1.4360397924689043,0.3281419198806509,2818.266930041156,0.0295824758501556,58.324509064859626,6.307186081922919,649.828645788186,0.5307609818854409,0.2817072198919973,inner_race
0.3497122062515593,0.0610832912704629,0.5342182774172275,0.4034341109317972,0.0012643203739791,10.1957214514395,5.430286056804628,7.90781114984317,3.52995969040587,0.0200125155938123,4.887673053892216,2.7654580838323355,2882.8125,0.5092656362673513,0.271237116176991,1.4562420961109377,0.3279273776704848,2820.8794235942028,0.0286453468401581,41.451593438592845,5.4105408506314,622.6775674558273,0.5088722703217357,0.2589509875023976,inner_race
0.3590530193519211,0.0698639700456248,0.4981896517561985,0.4305111225783354,0.0014352556050119,9.852592809258455,5.327908630997805,7.702088367962749,3.5810235747988504,0.0199577889143587,4.9286879241516965,2.7654580838323355,2882.8125,0.5190513342783102,0.2806832817888954,1.4456119467124402,0.3319170300525245,2810.579123449082,0.0295736247279774,45.62723704834152,5.700184602117678,659.4561817487237,0.518667498767509,0.2690159742777439,inner_race
0.3468664189199725,0.0573698870814658,0.5246699811804026,0.4167683593757755,0.001191772353534,10.90161645523468,5.782432011533127,8.476104021420749,4.450608523576946,0.0200608971510104,5.287263473053892,2.940075848303393,2882.8125,0.5084497046293632,0.2696917342832808,1.4658372125284072,0.3340704477873067,2834.4721422081184,0.0266327294091992,35.038447105021646,5.097290300680785,610.9946713183606,0.5080537988669933,0.2581186625431833,inner_race
0.3444804546668382,0.0640561205969966,0.5120482129960113,0.4225774343511509,0.0013182319546301,11.104165229881106,5.729191938946035,8.534811796933056,4.818808639767851,0.0194856721615363,5.287263473053892,2.940075848303393,2882.8125,0.5131746116441442,0.2647723432997649,1.4897060332217031,0.3558902032478611,2818.542594307925,0.0279320722742669,34.72780073937421,5.162621833052867,640.4435174276807,0.5128045345124509,0.2629684906165315,inner_race
0.3585876442914951,0.0607768901727052,0.5202635684286574,0.4177486663772329,0.0012108749170091,10.96424264404048,5.829710080291093,8.52406127916525,4.136150699940168,0.0192794556882329,5.531322255489023,3.056623053892216,2882.8125,0.5243181928078987,0.278781047914296,1.4621758478149949,0.3494837052037293,2830.56651196409,0.0272550043500223,44.51886545077348,5.75221348567431,624.6524417715692,0.5239636150513758,0.2745378698977063,inner_race
0.348828053122271,0.068632422796512,0.510650568435848,0.419461332688376,0.0012556760016889,11.270349817364252,6.007021556107926,8.762549418067618,4.350376283184783,0.019600677502417,5.531322255489023,3.056623053892216,2882.8125,0.508841698892232,0.2712092440274454,1.4587178248358168,0.353946539816505,2811.868272144128,0.02858535459281,46.24172460674113,5.873431044949455,655.2128094230274,0.5084640478666895,0.2585356879729791,inner_race
0.349132817275605,0.058701992987025,0.5287722807941797,0.4114417249841976,0.0010840011815165,10.51176844893864,5.446867188217521,8.101219812785601,4.682589758056619,0.0192396003890656,5.137823153692614,2.8284016966067864,2882.8125,0.5192712799616428,0.2690700152258745,1.4873173023770223,0.3284290631396451,2830.8024334157417,0.027480850121537,34.045883913548025,5.125285063658767,615.2988075957351,0.5189147328510454,0.2692724999698718,inner_race
0.3503796337988086,0.0596387069181363,0.5289660169939105,0.4102669691171525,0.0011283069258337,10.41491402077657,5.403401689410716,8.07239183950652,4.88547801604147,0.0194652487992764,5.271426047904191,2.8284016966067864,2882.8125,0.5234483496108997,0.2715722559940914,1.4939462774582062,0.3315228872043111,2826.703736236114,0.0271865730361595,36.99045355344528,5.278858031898644,616.6518293969774,0.5230863014833756,0.2736192787995569,inner_race
0.3398027115690494,0.0597221257138243,0.5129701139068639,0.4260113409259864,0.0012964194214992,10.366229491836094,5.464595640028102,8.038036818407804,4.031658746982873,0.0200735873955214,5.174371057884232,2.731346706586826,2882.8125,0.4998259498982399,0.2634850703177943,1.470929845115945,0.353863211491649,2832.2640609050645,0.028037242646152,31.441688556150662,4.900977346587605,618.4862691163503,0.4994226980031566,0.2494230312807521,inner_race
0.3367459489224675,0.0688809903297486,0.4903687078842616,0.4394746997967262,0.0012756019419643,9.757066094251156,5.183415283637145,7.552661144255522,3.521692278948505,0.0193161384262724,4.665543013972055,2.5433280439121755,2882.8125,0.4906664630829174,0.2606652470470297,1.4570820069342203,0.357919006847502,2817.6631904951064,0.0292136021206988,24.18148886164256,4.508749001495268,656.8148596166081,0.49028610503521,0.240380464790597,inner_race
0.3533967394312936,0.0602121867880879,0.4898517148987938,0.4488333657452862,0.001102732476682,9.263739367892352,4.947783669887032,7.19680676172917,3.4779689549985378,0.0194910258584393,4.665543013972055,2.5433280439121755,2882.8125,0.5140338005057211,0.2745465888998584,1.4545516218766872,0.3854885944153261,2843.910974461671,0.0263259230176341,30.63495528412805,5.042487317662993,623.3317480411865,0.5136641392713153,0.2638508479733411,inner_race
0.3388773151451004,0.0651697545215129,0.504007425329254,0.4296667195433963,0.0011561005279753,9.789453484510837,5.16075187825549,7.587843708840222,4.057416517176133,0.0193801845040388,4.680974351297406,2.5713481037924155,2882.8125,0.4982506744078575,0.2626651332335231,1.4702981053615722,0.3637431815589506,2824.4478454952505,0.0278797230883958,21.76790155476614,4.3306755660109015,642.5598377571047,0.4978736215109957,0.2478781429964742,inner_race
0.3369930121202906,0.0660191126792545,0.4946344895469071,0.4381656914658006,0.0011807062923701,13.51519770237912,7.018483380099628,10.451254399725102,5.954782647502526,0.0186800399201596,6.446644211576846,3.521999700598802,2882.8125,0.5018177731367381,0.2605954998334071,1.4891043881871735,0.3666819204288719,2821.963242061827,0.0294427968976592,20.890299436308776,4.26441025644711,644.7225016681845,0.5014699727246847,0.251472133544496,inner_race
0.3432629843340662,0.0592617775391625,0.5219060241348896,0.4176007000208195,0.0012314982589056,13.358520924918832,6.910129180927715,10.260353901634684,5.262847127447976,0.0186116315708426,6.446644211576846,3.521999700598802,2882.8125,0.5096865208134876,0.2636519207773148,1.484828088301699,0.352620819861238,2832.570787119065,0.0273618465918911,21.39738846081348,4.319996877258843,619.7576202667957,0.5093465977791831,0.2594339566692289,inner_race
0.3501648910674744,0.0607408158835873,0.5017713192965974,0.4362620579680666,0.00122580684334,9.953317873814736,5.256510902245863,7.694639820562899,3.805733397724047,0.0182547184439714,4.862089520958083,2.694392714570858,2882.8125,0.5125819701847606,0.2707029704797519,1.4638302789927318,0.3316957758950756,2834.9149516032403,0.0262832298976103,25.600626945240663,4.688560279408905,625.1859037608464,0.512256811973274,0.2624070414130222,inner_race
0.3566361226277912,0.0611000258744458,0.5028546327262141,0.4348669335357465,0.0011784078052512,9.737194005160053,5.261661334931523,7.601704211546407,3.734918815703824,0.0181785769769055,4.878739121756487,2.7110423153692613,2882.8125,0.5152445478333971,0.2784213104856073,1.4447346052243284,0.316858109087877,2829.247711406633,0.0260109029331403,25.910713150170363,4.621497271682967,625.8159876649579,0.5149237646595237,0.2651464834111366,inner_race
0.3572276069930451,0.0637423491960586,0.4940641433303981,0.4410537593497939,0.0011397479948803,9.62105208833037,5.315744728821959,7.589117588613589,3.4148603287428143,0.0179122801272455,4.842191217564871,2.7110423153692613,2882.8125,0.5100023521953555,0.281782313460038,1.4276678011766453,0.3050883607688369,2828.4973213456715,0.0272002487374375,35.252042023453924,5.021467256740436,639.6238692356088,0.5096876979734144,0.2597815494654385,inner_race
0.3523180686478605,0.0678203969814694,0.5157952185472428,0.4152187163991828,0.0011656679465459,11.352281725655924,5.969336596340901,8.797926189733829,4.520578540753078,0.0183302650558258,5.6088850299401205,3.0996683632734534,2882.8125,0.5192651332768696,0.2730436433997463,1.4738532578522718,0.3638740051541997,2809.3263736243125,0.0283442403094813,24.761575959893086,4.542809725824959,652.1628620312046,0.5189414996124596,0.2693002800200283,inner_race
0.3348582750514596,0.0665512897223147,0.4809462783313016,0.4511905758060779,0.0013118560911312,12.05378323197072,6.170737824194323,9.25665750024278,5.598844043564952,0.0185467923527944,5.6088850299401205,3.0996683632734534,2941.40625,0.5023173000674613,0.2571531529662887,1.5000892541486912,0.3274073029153679,2828.2382684443523,0.0290466434596567,19.83578506999276,4.194884993664586,653.0600613907484,0.5019747866581412,0.2519786864404864,inner_race
0.3475280962001777,0.0627700766303262,0.5268332694655089,0.4089938566352536,0.0014027972234442,12.501531324352822,6.518379004117144,9.683389162471638,5.675207885312226,0.0184153293510634,6.0661399201596815,3.365249800399202,2882.8125,0.5162709621937662,0.2691870070223908,1.4855517232666904,0.3442513956897445,2820.445417090476,0.0274680596814333,25.954717950371556,4.660059717255342,630.9621552984102,0.5159424212539312,0.266196582049369,inner_race
0.3390165112645802,0.0588744078144776,0.5323435346916627,0.40726864930747,0.0015134080934116,12.865349944194527,6.6318075106599,9.9265070832283,5.751122887066643,0.0181214708766061,6.0661399201596815,3.365249800399202,2882.8125,0.5074408138339259,0.2615746804398248,1.4968026540686732,0.3592290822188024,2830.0866949812475,0.0292399436252613,24.499030279168377,4.442534939710471,616.2507985843368,0.5071171381818065,0.2571677918377054,inner_race
0.3565564120294566,0.0619988873420887,0.5067368028049429,0.4299738217175441,0.0012904880331712,10.2131092576205,5.527506640183412,7.990635084731909,3.607947271683664,0.0178569585925804,5.077722155688623,2.8491121756487026,3269.53125,0.5154425604731909,0.2789661898038387,1.445612932717665,0.2942624508655386,2829.195362178519,0.0280208302916846,25.140720968863263,4.666116801515935,632.8378987327269,0.5151331499495854,0.265362162176982,inner_race
0.3584004631849581,0.0631595129697444,0.5145624458796392,0.4210149784343108,0.0012630626864627,10.237659703055227,5.503129189786446,7.949521466378166,3.1547896103896544,0.0178640968551178,5.077722155688623,2.8491121756487026,2882.8125,0.5177258387712438,0.2782972142352457,1.444545674328728,0.2720926923346946,2826.9058036784418,0.0268687628070557,30.310514362918752,5.04942573704839,637.0049942561034,0.5174175472236509,0.2677209181749389,inner_race
0.3582426282688529,0.0591069529925665,0.523492247414699,0.4160529530034407,0.0013478465497269,11.6462622301512,6.253470379511752,9.061640943042722,4.059765291743359,0.0170578697585298,5.978018862275448,3.2462660678642714,2882.8125,0.5191143270623004,0.2787388780805536,1.4490579459257344,0.2593306279444031,2831.769167438122,0.0273362878408002,30.142179925341345,5.048176934097027,619.6612215974448,0.518833994299377,0.269188713640646,inner_race
0.3600959988226672,0.0605558031602775,0.5125476168313894,0.4254632331925082,0.0014333467818514,11.501299766530227,6.284338836975901,9.015001773076982,3.916725874644678,0.0171758493754678,5.978018862275448,3.2462660678642714,2882.8125,0.5165644552397199,0.2822521048717628,1.4345187309179384,0.2787429766376533,2830.083811171561,0.0279984032594259,29.465954866733803,5.042338342241961,624.6422751251044,0.5162788264255468,0.2665438266153398,inner_race
0.3541335667532123,0.0610036836321013,0.5291230621558151,0.4085254476445625,0.0013478065221119,12.583965540546838,6.767187625385855,9.82270146059703,4.4498645805912975,0.017669975771114,6.295579540918164,3.4785483033932136,2882.8125,0.5140316030760078,0.2764270366272834,1.451519006765673,0.2609611518860477,2821.9650744326623,0.0268817135197687,32.11060060983032,5.24848488491499,622.835436724076,0.5137278081991851,0.2639162609171387,inner_race
0.3625089298453873,0.0577380744280379,0.5233501153108492,0.4175888611869955,0.0013229490431096,12.337309341730784,6.585092806589077,9.595758937240085,4.30086038206593,0.0172379126025293,6.295579540918164,3.4785483033932136,2882.8125,0.5282459041294848,0.2819535611080992,1.457194183753723,0.310643542385443,2833.6461982653386,0.0264547671782636,39.78184927285027,5.577903028214094,611.5233610592777,0.5279645722950399,0.2787465895986843,inner_race
0.3502798964083551,0.063813026963285,0.5116437479796652,0.4234280826401978,0.0011151423242143,11.22535005448202,6.0058964653417215,8.735504914389486,4.136446249493969,0.0172002384391373,5.691320858283433,3.059871756487026,2882.8125,0.5094779395789878,0.2725858651744486,1.4544880959569548,0.2523066147087284,2829.1461508894017,0.0268744881677903,38.19715134904399,5.477935034926149,640.0348521382759,0.509187512332429,0.2592719227152875,inner_race
0.3584155328503149,0.0635003768841556,0.5086060461958561,0.4267198062666436,0.0011737705024438,11.061127101722931,5.782025406847134,8.537218608114623,4.75496758309505,0.0179251686568269,5.691320858283433,3.059871756487026,2882.8125,0.5292041354338386,0.2766329080524178,1.4765100475007875,0.2818784778076775,2819.3824454448154,0.0282353792226125,35.95967021968081,5.2388870144587285,636.0936640842339,0.5289004682252615,0.2797357052889008,inner_race
0.34550122620969,0.0601342861637923,0.5037929688357509,0.4348576178645993,0.0012151271018259,12.51179581358055,6.495061645215562,9.648518434133148,5.648654974090297,0.017129648954045,6.150200099800399,3.3335749500998006,2882.8125,0.5132476229160046,0.2664345710055045,1.4855160676173889,0.3345839308881251,2835.835844086253,0.0275583943078301,26.597524096946728,4.728745148835097,626.3408543023792,0.5129616920937082,0.2631296975556403,inner_race
0.3498091676510261,0.0652302441753359,0.5026663999387326,0.4307022575958741,0.0014010982152986,12.361293351962235,6.467614165079901,9.529695783803517,5.277889040062906,0.0165312246113242,6.150200099800399,3.3335749500998006,2882.8125,0.5154257605684828,0.2696784919816362,1.4734484062541149,0.3173576018024944,2817.3761652960675,0.0297968449428788,37.747277232595536,5.379408196198462,645.1623982343058,0.5151605897877368,0.2653904332704488,inner_race
0.3544886953144492,0.0581451108343967,0.5104373038061453,0.4301578906836416,0.0012596945839184,11.028553683907647,5.712254062173997,8.437044300366992,4.353803944958273,0.0170622320300804,5.465129940119761,2.990836826347305,2882.8125,0.5235825987069346,0.2711903040116126,1.4770078866478116,0.3021962114699201,2843.223994282499,0.0273221470684105,34.934038845679325,5.343959838087371,617.2673039460644,0.5233045173766977,0.2738476179068585,inner_race
0.3660052904932322,0.0596476994604613,0.518755207851699,0.4204008653904892,0.001196227273723,10.05488608760935,5.364556773976565,7.805427731554067,3.793286125511254,0.0163450349301397,5.331120958083833,2.8568278443113773,2882.8125,0.532537535658087,0.284123342563955,1.4549995573573111,0.2949293784243926,2829.834115324994,0.0283720673835839,42.130402174472,5.56044753221963,620.5778224922706,0.532286639619971,0.2833290667179209,inner_race
0.3666731146106224,0.0599443213403857,0.512074890040736,0.4267833962196088,0.0011973923870293,13.050081070886344,6.935530375457275,10.157923710619928,5.614876831725855,0.0160904368996382,6.992020159680639,3.7246375249501,2882.8125,0.5370371584169619,0.2854110640936522,1.4646210398797643,0.3235948448522855,2832.259312328361,0.0269301561965722,36.53424107043195,5.352936156677866,621.5176064993034,0.5367960575124818,0.2881500073609437,inner_race
0.3606839140566523,0.0638353198026409,0.5149912822315723,0.4198800448070868,0.0012933531468901,13.29211192823069,7.045257288815705,10.326597277540564,6.091259611768745,0.0163531646180295,6.992020159680639,3.7246375249501,2882.8125,0.5286730309853885,0.2802141258711086,1.4657516190265982,0.3057773133961675,2818.645340179035,0.0295174100960478,35.52357217661616,5.276971598109097,637.9603255244865,0.5284200485392784,0.2792277476982533,inner_race
0.3565621622965007,0.0649537707602272,0.5198905082343379,0.4140893330031479,0.0010663879892918,13.540281017793456,7.138490995243123,10.50747012339912,6.497363752607516,0.0167479501933632,7.118313473053892,3.7465662674650697,2882.8125,0.524840091548994,0.2766978220423682,1.4719455596989597,0.3215317191102229,2816.295846192735,0.0275973199343074,41.18745723798188,5.684814130447014,641.3716572162231,0.5245728051104794,0.275176627861477,inner_race
0.3748724005602077,0.0602217427407665,0.529878907711271,0.4087614170356776,0.001137932434695,12.806163519392786,6.804883757155983,9.994244073093183,6.082857648261712,0.0164939470180732,7.118313473053892,3.7465662674650697,2882.8125,0.5505702082750787,0.2925596148910268,1.468686965090812,0.2621399585104214,2827.3048823068484,0.0271642354021421,37.69683657104863,5.431517059444376,621.436673006801,0.5503230905130445,0.3028555039518285,inner_race
0.382486745551865,0.0589403510888181,0.5253712004674053,0.4147156347637336,0.0009728136477353,11.866186696434095,6.261297757262508,9.24107427057078,5.858635063685146,0.0157362997637537,6.720753493013973,3.534588423153693,2882.8125,0.5645137094868085,0.2978706229370106,1.4759039785086112,0.3183090661185339,2831.4012251376653,0.0251409614267523,34.414965048060346,5.354008066096879,616.7349914627582,0.5642943354919506,0.3184280970683021,inner_race
0.352094601373425,0.069796406896833,0.4963375393319419,0.4326389197519901,0.0012271339955702,12.869427737291456,6.735581074831806,10.038746431686905,7.395620092263773,0.0150952441308788,6.720753493013973,3.534588423153693,2882.8125,0.5247636965370437,0.2746500073901184,1.4904054038036472,0.304007030243348,2810.508285461496,0.0294551907764039,28.70351758327652,4.84649135157257,662.9462052892869,0.5245465382669602,0.2751490708078515,inner_race
0.3612375259734437,0.0573029560102628,0.5234763448468925,0.4182720899490698,0.0009486090972022,13.188493754295894,6.832086831382733,10.24669435709232,7.612987377344908,0.0144797672720964,7.028568063872257,3.701490518962076,2882.8125,0.5417803681826068,0.2806605961167012,1.4997898314208795,0.3260094118313504,2833.7440933037096,0.0245692454539961,30.069472752898623,4.855093864397936,609.0891387031091,0.5415868385474549,0.2933163036878269,inner_race
0.3605005003664545,0.0672452213370303,0.5172101460486844,0.414162671080373,0.0013819613328705,13.41182972147473,6.802400044897944,10.267643221575147,6.855872466904998,0.0149780576542228,7.028568063872257,3.701490518962076,2882.8125,0.5441447863299856,0.2759869902788379,1.5094147879874058,0.3278688220008651,2808.2483775180385,0.0291758329141613,47.769200292330986,5.794562250066026,650.14683698562,0.5439386052478832,0.2958692062790125,inner_race
0.3762788365651509,0.0577358046455725,0.5234733552309182,0.4179062035586885,0.0008846363841285,10.244914328807582,5.4508444230892925,7.958171775222826,3.870698325443773,0.0152762784002307,5.506144810379242,2.994491616766467,2882.8125,0.5493628847820471,0.2922905473544354,1.459988793940388,0.2371091654104614,2835.0817855146865,0.0240543061133897,51.37433997514996,5.991892620879624,609.2224554855061,0.5491504479596565,0.3015662144942914,inner_race
0.3835725545978355,0.0660096098870589,0.4922303279757021,0.4404876008952797,0.0012724610686375,10.221814048965376,5.535985403028385,7.999528548166149,3.670497877210665,0.0148531380598178,5.580052794411179,3.068399600798404,2882.8125,0.5542643951192281,0.3001815124106057,1.4450053542030867,0.2349922381463182,2822.652034747463,0.0284814158545057,37.24961493237859,5.311810194892853,647.6845563896238,0.5540653427048653,0.3069884039866598,inner_race
0.3659884362622411,0.059466590873737,0.5127265304042969,0.4267860743706999,0.0010208042903682,10.76719636086947,5.713575525929356,8.38387035430761,4.4921482525835605,0.014570978404519,5.463099500998005,3.068399600798404,2882.8125,0.5370366746485434,0.2849766548281492,1.4673596798116906,0.2480989621998431,2833.419078237208,0.0254174993752976,31.583969931693325,5.0134723002067645,621.4640970515609,0.5368389670151567,0.2881960765059005,inner_race
0.3703626049171188,0.0661206943163321,0.5163570752551766,0.4162109199907846,0.0013113103904828,12.215527099491087,6.290502574540424,9.442714509732957,5.714637302604043,0.0147426932755582,6.496999101796407,3.497228343313373,2882.8125,0.5559537257750627,0.2862936912038017,1.5011065328787072,0.3311632537144736,2812.1301889680185,0.0284810571141915,42.4350991976498,5.65304305532272,647.7334140009838,0.5557582191908245,0.3088671981981564,inner_race
0.3671904403595153,0.0549975322215578,0.5250826529936855,0.4189574709994928,0.0009623437502751,12.214869464204106,6.502743388551378,9.524290283508591,4.775575888124823,0.013180206920144,6.496999101796407,3.497228343313373,2882.8125,0.5378081425557304,0.2863091049447612,1.4646572553173325,0.2783110954017355,2844.941859515376,0.0240139853232657,33.37668460184452,5.220367757228715,599.4332342013146,0.5376466128832088,0.289063880344787,inner_race
0.3685730821560005,0.0648316555821335,0.5018356777430523,0.4320307569569192,0.0013019096842048,11.292884426490822,6.211349036539138,8.88588576310359,3.583058900647257,0.0126394835329341,5.855380339321357,3.275098303393214,2882.8125,0.5272764876240227,0.2900143293515425,1.4305887031675584,0.220368048620334,2825.598156612628,0.0272864985707495,32.08586401307442,5.159383642572704,644.7406825977095,0.5271249736610351,0.2778607378571469,inner_race
0.3694046897416104,0.0570989728158604,0.5113551833888905,0.4303766895106933,0.0011691542054522,11.363421003646444,6.065591956654574,8.86588176691548,4.85112831847648,0.0132620986542539,6.048678143712575,3.275098303393214,2882.8125,0.5399470203069128,0.2882141128399852,1.461668016950712,0.262873785172055,2842.810170799926,0.0260943501366212,32.90543191981833,5.230084862476369,611.9525202270911,0.5397841248847529,0.2913669014775985,inner_race
0.3903455760354291,0.055445561537768,0.5339839386196144,0.4092271077352197,0.0013433920498796,10.852739745214423,5.816089804959515,8.47452006697118,4.300132146064576,0.0129428596907746,6.081571257485029,3.3079914171656686,2882.8125,0.5687655328748307,0.3048070344287346,1.4570820518872938,0.2793364159896532,2838.4424298365666,0.0264487452049897,44.5202533992297,5.713629739613882,600.0604788033976,0.5686182495923033,0.3233267137694149,inner_race
0.368784255756066,0.057766398302295,0.4918601504232751,0.4492188626510873,0.0011545886010242,11.485054534152258,6.155871139888229,8.969990897208351,4.473889468564071,0.0126706142890001,5.988983233532934,3.3079914171656686,2882.8125,0.5373717776076987,0.2880257474902656,1.4571440326431553,0.2742835359852796,2847.9888482531155,0.026017770140893,32.12073114670652,4.972158117132128,614.3106781633794,0.5372223775149332,0.2886078829027974,inner_race
0.3526537652721899,0.0641946589127332,0.4994353557201134,0.4350795185621259,0.0012904667812313,12.38822259599477,6.495527865330103,9.602524347504865,5.311242694803948,0.0141129398917009,6.061266866267465,3.386366367265469,2882.8125,0.5213381325542776,0.2733536906545667,1.4783285587547643,0.2786559312439621,2828.0768285438685,0.0273793846780919,32.31810132870183,4.954656140705112,639.6992177482396,0.5211470746178998,0.2715942733827948,inner_race
0.356347617850237,0.0579820153888874,0.5091718611321068,0.4316200769515815,0.0012260465071777,12.37541691815997,6.346436674225083,9.5029858420119,5.3455414836775095,0.0143697190579777,6.061266866267465,3.386366367265469,2882.8125,0.5335854655288046,0.2736365481389348,1.497373460071945,0.2849799024560893,2844.162229097286,0.0258838081346555,45.87693248501233,5.828812255064405,615.9316925195338,0.5333919386321713,0.2845069601977859,inner_race
0.366821630128415,0.0528962465115541,0.5244826111410144,0.4213995092269918,0.001221633108582,10.664172642862734,5.585635204581577,8.26408630189338,4.746700465959375,0.0133872165337294,5.591829341317364,3.031445608782435,2882.8125,0.5427217313253672,0.2842644910490366,1.4795248882552916,0.2291872626002735,2851.0678973220606,0.0254656397273952,47.58625420919505,5.92917462680563,591.8508550580245,0.5425565962056705,0.294367660086283,inner_race
0.3762134024918911,0.0542696253085077,0.5225874323590382,0.4219550405983554,0.001187901683781,10.298834663771654,5.542510981809042,8.057782069174886,4.210018941328356,0.0133695691624563,5.591829341317364,3.031445608782435,2882.8125,0.5469444478742358,0.2943484100629551,1.4538143624110376,0.2635111541160668,2847.5699041308367,0.0262103932876161,41.921799259297465,5.720826515828314,596.6332549606341,0.546781019861574,0.2989694836808629,inner_race
0.3657746849562593,0.0551878465688616,0.5235415443281571,0.4200319603503259,0.0012386487423848,11.28939183750794,6.065231410283006,8.865051111541176,5.080496501860576,0.0126059733560223,5.861877744510978,3.2426112774451097,2882.8125,0.5346228458732143,0.2872263912987624,1.4616179518742431,0.3066457106884993,2845.106510364709,0.0264714036216048,48.16670469033753,5.768154757390213,598.9808927079088,0.5344742058933453,0.285662676765322,inner_race
0.3688054722586077,0.0563513084445484,0.5314435979636559,0.4108492652420449,0.0013558283394072,11.249709201802776,5.940464226619267,8.792199469240463,5.510223683402517,0.0138188831321731,5.861877744510978,3.2426112774451097,2882.8125,0.5458514947224062,0.2882395641769547,1.4800525908131137,0.3267325564035756,2837.2795009574247,0.027479982316839,47.05091632696416,5.894406971941395,603.6607930894635,0.5456765459131118,0.2977628927596644,inner_race
0.3575210688973615,0.0548081664151185,0.516765140521562,0.4269645774540711,0.0014621155862155,11.612216332640168,6.228140320417355,9.073114350778065,5.161335996145112,0.0131562144266155,5.91223263473054,3.243829540918164,2882.8125,0.520834370138403,0.2793462891145297,1.456793502393354,0.320586237676904,2850.5482576447,0.0272665542894646,43.81123373904507,5.61598044052933,600.4357382811671,0.520668181416368,0.2710953551394278,inner_race
0.3723420847757609,0.055605639611812,0.5189137922074966,0.4240785220611107,0.0014020460068609,11.086458757781276,6.07769428208088,8.711960515749183,4.105279221283809,0.0122409305412612,5.91223263473054,3.243829540918164,2882.8125,0.5337270007940482,0.2925938400881536,1.4334318429663402,0.2826916091974722,2840.402350171571,0.0271194721256503,42.83819956651323,5.66992032742975,603.7508610596162,0.5335866105854737,0.284714670996094,inner_race
0.3607864274380925,0.0523115246278675,0.5020349686772083,0.4441004781973466,0.0015530284024312,11.016203192976704,6.068687002974477,8.663457786444221,3.478207878355186,0.0126244138675773,5.567057984031935,3.125657984031936,2882.8125,0.5150468268506747,0.2837327824549092,1.4275670803582317,0.3031031358191671,2857.874362954208,0.0266993830984069,34.418322856157936,5.1646222726564925,591.060940473533,0.5148920838617049,0.265113858023449,inner_race
0.3550783951140687,0.0659481672533222,0.508829122929578,0.4237873595846654,0.0014353501770169,11.64998268558272,6.432133680222422,9.195000745498946,4.011440696499824,0.0129505928085235,5.851319461077844,3.264946107784431,2882.8125,0.507599230691289,0.2802533013053248,1.4295413003886734,0.3087682472756853,2817.5240213865,0.028371639291583,38.0100739371978,5.420500214054094,644.85548717907,0.5074339968353483,0.2574892611442962,inner_race
0.3604995089411021,0.0546703429346965,0.5016892997325415,0.4423110086567496,0.0013293486505647,11.492794379777882,6.303011955317468,9.05672830838128,4.243803255123172,0.0139198102330495,5.851319461077844,3.264946107784431,2882.8125,0.5179977653429634,0.2840863587996718,1.4368889623857797,0.3113427646094481,2850.5834846708262,0.0262273040933839,47.482117267750205,5.728719737716992,596.9419677536138,0.5178107026543384,0.2681279237833796,inner_race
0.3571455169738647,0.0631647996897493,0.4863780873285404,0.4492586456288889,0.0011984672931446,10.040250899306034,5.550831058346864,7.900136133584133,3.410757095552598,0.01313757562999,5.113457884231536,2.8214982035928142,2882.8125,0.5083019414453421,0.2810186948403681,1.4232348364673404,0.3036009461935256,2832.5527300941203,0.0271162064251711,35.63448482692954,5.134740339555824,636.956263003947,0.5081321361453832,0.2581982677836703,inner_race
0.341942207479572,0.0666023062747468,0.4881460635840592,0.4439966582662776,0.0012549718446789,10.5075148620521,5.768290527457964,8.251389099900377,3.5330591280376504,0.012143770856724,5.01437245508982,2.8214982035928142,2882.8125,0.4891394062351821,0.2685219331721011,1.4304739091456085,0.3192137888755059,2823.735185827842,0.0276077402961393,31.22019675201765,4.840720205156516,646.389727599714,0.4889886374564197,0.2391098875614859,inner_race
0.3504787763340505,0.0668220107351791,0.4860364007229611,0.4458738629723886,0.001267725524232,12.366230228266776,6.831441254810729,9.783775282170238,4.330975544015446,0.0121862038618076,6.029998103792416,3.429005588822355,2882.8125,0.5019446791564862,0.2772878658675075,1.432168545002193,0.3304991123494766,2821.752679363647,0.0289574765322528,39.505651837307376,5.296667659681306,649.2752348670485,0.5017967291333676,0.2517999573689463,inner_race
0.3712931567529004,0.0606687156441821,0.5007769085814797,0.4373617616948029,0.0011926139875021,11.759882898721123,6.378724741905262,9.235305112570106,3.9387206624605,0.0125899122653131,6.029998103792416,3.429005588822355,2882.8125,0.5375691423546433,0.2915850113775585,1.4478293838105971,0.327152878326365,2831.013920342672,0.026291218852187,53.01442522795818,6.072974082520008,621.8133070993655,0.5374216937573868,0.2888220769210584,inner_race
0.3598864115031654,0.0643496902177849,0.4967917605100873,0.437791101341842,0.0010674478428704,11.112909430867672,5.994986687610874,8.677225006129495,3.6700536418526335,0.0127074953121101,5.48056127744511,3.122815369261477,2882.8125,0.520904471016596,0.281007902447888,1.4474135570745612,0.2820753511413444,2827.138861218323,0.0276627388704428,30.6691025426538,4.783898413379974,637.9720375985819,0.5207494478998248,0.2711799874879723,inner_race
0.3580544557369635,0.0601392749545075,0.4846978946523103,0.4541046548631082,0.0010581754889313,11.116677640568536,6.039898135561496,8.72162130431797,3.977047020931476,0.0127501266022642,5.48056127744511,3.122815369261477,2882.8125,0.5170311318455979,0.280912649465094,1.4440013901835729,0.3043834769208234,2840.905625371708,0.026096384828854,37.65289810842569,5.199092338998675,621.0962005883576,0.5168738971636759,0.2671586255691662,inner_race
0.346035009619433,0.0655586328800419,0.4834364109340712,0.4497808769813928,0.0012240791766398,12.28928394829794,6.362738948968409,9.4693385455256,4.645915498505391,0.0126127150484187,5.745330538922156,3.276722654690619,2882.8125,0.5149861845615832,0.2666325123966595,1.4882487905716868,0.3112038950240402,2829.627460627631,0.028963975242632,24.057558743073457,4.407600340388978,644.2671211964595,0.5148317100843774,0.2650516897084045,inner_race
0.3639770325072511,0.0562490001088893,0.5256635571378517,0.4167526160178979,0.001334826718346,11.542119293766184,6.223138131887709,9.014826012938371,4.428525536144957,0.0127479454664888,5.885430838323353,3.2811896207584828,2882.8125,0.5272564341687167,0.2842796489315987,1.4485980902056306,0.3191826291644173,2833.838202480361,0.0276670754010215,44.89202259862315,5.620178499803152,600.2740511622424,0.5271023024600573,0.2778368372586937,inner_race
0.3655004567037799,0.0664677696883739,0.5087988072361604,0.4232933314692835,0.0014400915655155,11.425461136221095,6.329232335561821,8.97725176693206,3.1636145065808847,0.0128825810293475,5.885430838323353,3.2811896207584828,2882.8125,0.518418260982866,0.287182248632086,1.418379242691394,0.292943673387267,2815.235083260697,0.0292245548945414,24.18732915040679,4.489878153005107,648.5138923592243,0.5182581715964749,0.2685915324265212,inner_race
0.3516514342408932,0.06169497838401,0.5026510451356286,0.4343280668143401,0.001325909569328,9.302109613223026,5.06486092479419,7.253312161960999,2.8863437724982584,0.0130550890406686,4.577828043912176,2.550637624750499,2941.40625,0.5035948000594199,0.2741999106444356,1.4320851588349854,0.2507603174168343,2833.221161706279,0.0265190283748147,27.185353104683557,4.776372129328729,634.3006817848083,0.503425552884463,0.2534372872970273,inner_race
0.3652757997189215,0.0580418316450024,0.5173764881773886,0.4230582319374991,0.0015234481723629,9.591060249556296,5.088673750723995,7.436357566463555,3.716545203093556,0.0123712038325692,4.94858622754491,2.7163214570858285,2882.8125,0.5337975256714702,0.2832138873500968,1.4613547518949397,0.2916827016260505,2840.6377388531173,0.0286057855282327,32.41505790485468,5.032100793545615,618.7622163616168,0.5336541499217606,0.2847867517287169,inner_race
0.3510183100108377,0.0588025952027551,0.5302637963271744,0.4094190912901967,0.0015145171589787,10.107099027196886,5.358526576407319,7.85756305108088,4.016254460318635,0.011666102121928,4.990413273453093,2.758148502994012,2882.8125,0.5147214376313203,0.2728922013697692,1.4663663488535064,0.3293900567003796,2834.3979575518697,0.0293043173943627,39.00906343785928,5.437617086747997,620.4064255932084,0.5145892152178607,0.2648020604185338,inner_race
0.3636704837882828,0.0638543105066982,0.5055794878286664,0.4290720380397127,0.001494163524888,12.943036095354078,7.088612749637239,10.211643009924874,4.822950854071795,0.012249853369433,6.529892215568863,3.713673153692615,2882.8125,0.5238927960739093,0.2869244222401299,1.4405700199164435,0.3422713823185903,2826.490953410875,0.0289681256365587,29.874811356047974,4.99529063667846,641.7798006710169,0.5237495612127671,0.274313602870566,inner_race
0.3735228723704933,0.0522899370228983,0.5229581799764498,0.4233592014153554,0.0013926815233273,12.673007651135476,6.875964002896398,9.9422911644593,4.715588915519575,0.0124318790641373,6.529892215568863,3.713673153692615,2882.8125,0.5400949091833938,0.2930380266408091,1.4459486931972385,0.3255259440157362,2849.8019584382364,0.0254976623028863,35.7801289831602,5.192950831302579,587.1451815363674,0.5399518120246963,0.291547959308753,inner_race
0.3840986048898297,0.0559510728625442,0.5269027223298299,0.4157978860291081,0.0013483187771909,10.60870036631522,5.7575483563866765,8.319491529361112,3.719853401607853,0.0121891781378648,5.636499001996008,3.195505089820359,2882.8125,0.5550114201430337,0.3012155098627102,1.4449711950977449,0.3000199677362463,2840.0484792761254,0.0261969618297537,39.37824859575398,5.348237899757054,604.3822650488802,0.5548775544437804,0.3078891004255104,inner_race
0.3664617427254865,0.0513255382135201,0.5277767986102309,0.4196941999222773,0.0012034632273424,9.866794381437323,5.260297064919138,7.694865584939801,4.229252010278887,0.0120466111721868,5.045641217564871,2.819873852295409,2882.8125,0.5360674154889685,0.2857943262302614,1.4628195879386303,0.3169607322537815,2850.4179509966243,0.0251305721473588,33.596684534503765,5.137338376562142,585.1078649855798,0.5359320415018013,0.2872231531082885,inner_race
0.3605258808554765,0.0605632894028141,0.5145250474884299,0.4234393874711002,0.0014722755892249,13.389103597749571,7.147556443400311,10.50683855639032,6.038344016626825,0.0121885832826534,6.778011876247505,3.7879872255489024,2882.8125,0.5299695435139287,0.2829156707836351,1.4699902882322526,0.3545759875641774,2834.4078196583914,0.0284955583611037,28.596531883886943,4.907801584077857,627.3370153573995,0.5298293645032557,0.2807191554899237,inner_race
0.360016089939262,0.0543639855750645,0.5221779440223244,0.4221496823354499,0.0013083880292005,13.47720571253083,7.114754702175995,10.52171647713848,6.164483160730821,0.0119056304870727,6.778011876247505,3.7879872255489024,2882.8125,0.532412905871565,0.2810662170146226,1.4788586420162162,0.336797128377715,2842.3650684810223,0.0273569430405611,42.85605436892507,5.572776001922231,599.6529389633131,0.5322797744619922,0.2833217583013092,inner_race
0.361370376970668,0.0581879659314096,0.501767123867047,0.4387519939517338,0.0012929162345989,10.987583342796372,5.815963604132848,8.551692502355309,4.5102417294638375,0.0121051052679796,5.517109181636727,3.090328343313373,2882.8125,0.5313527651922327,0.2812564188957382,1.4703827404075294,0.3082139192930023,2844.71332797541,0.0256282806617137,40.43997844309828,5.547755906694938,617.7881953038161,0.5312148600179433,0.2821892275038831,inner_race
0.3821655237376808,0.0560231956572567,0.5151005224795319,0.4275139683650012,0.0013623134798087,11.086149948330236,5.99996071507693,8.683540231841167,3.892515213313584,0.0115857966683819,5.868781237524951,3.3185497005988025,2882.8125,0.5530952381504473,0.299341946127892,1.4472661812636267,0.3186705931795298,2842.1499157443604,0.0264113090057715,43.69972604024502,5.662188821680224,604.1242897392391,0.5529738798354393,0.3057801117802589,inner_race
0.3706199789386071,0.0568598859750589,0.4982386600768255,0.4434945680511506,0.001406885882651,11.56016013768078,6.069941967040072,8.954049671317145,4.739728626685609,0.0115986851979634,5.868781237524951,3.3185497005988025,2882.8125,0.5467185219592882,0.287067796732492,1.4751458448759225,0.3383505949996582,2848.435929083205,0.026464782664463,48.17406374391408,5.920959864940985,611.6049832827185,0.5465954745101969,0.2987666127550272,inner_race
0.3828993767835422,0.0524456651633627,0.529296132386506,0.4168938704005578,0.001364332029338,11.886239201574137,6.216691193408537,9.1823298663166,4.888279876031431,0.0119682885693456,6.181468862275449,3.515908383233533,2882.8125,0.5655594389120369,0.2957965361127773,1.4770445532267205,0.3341684794490978,2848.661410724874,0.0272364617532282,45.956716068092135,5.743601681441297,589.203671044102,0.5654327891192894,0.3197142390112188,inner_race
0.3737748926950786,0.0608568442448279,0.5184002466704808,0.4193560911327138,0.0013868178608081,12.150707156738692,6.462476892632625,9.406486235290748,4.520802932096152,0.011733717330963,6.229387225548902,3.515908383233533,2882.8125,0.5440496641839835,0.2893583342829258,1.4555543318095825,0.3346991132546266,2833.138237753697,0.0278670117039091,39.92284502595796,5.48536815578534,627.6845566107662,0.5439231167879356,0.2958523569763022,inner_race
0.3689284090023078,0.0590124114552951,0.5365812283710255,0.4030998633348285,0.0013064967365769,12.454200582966228,6.539279323666008,9.641228939544105,5.074445086177475,0.0117793228971744,6.336594411177645,3.556923253493014,2882.8125,0.5439319957812958,0.2856002864092187,1.4743564944002272,0.3495307895937206,2828.106468701528,0.0288792272630487,37.358162172237954,5.28627284726671,617.7846332013457,0.5438044350561217,0.2957232635867077,inner_race
0.3646446583395708,0.0644220779028394,0.5171256993012305,0.4170996970046373,0.00135252573347,12.567479604961786,6.617379251564223,9.75449159104553,5.337105117792317,0.0118181867709892,6.336594411177645,3.556923253493014,2882.8125,0.5375123773739015,0.2830259817639727,1.4740717163429546,0.3357399654664735,2821.192320684184,0.0285918848648275,42.37296228013315,5.593535639643367,641.1985504814435,0.5373824395080188,0.2887798862915894,inner_race
0.3750679096397049,0.0550654104382492,0.517534950121717,0.4261213416649002,0.0012782976384349,11.008956792475775,5.838588369054914,8.542540835363846,4.466658506122839,0.012199092391389,5.975988423153693,3.2040329341317366,2882.8125,0.5487684233938159,0.2910387418653125,1.4631175029635832,0.2880207888860543,2844.3656944990626,0.027742765524913,47.06260703785301,5.776374765755965,600.1861982362024,0.5486328140559593,0.3009979646589608,inner_race
0.3643724129377962,0.0672096289276744,0.4936132073981358,0.4379059533648101,0.0012712102536675,10.583841047304876,5.616484014016466,8.224904074239547,4.332987206331379,0.0116498427461483,5.422490718562874,2.9969281437125748,2882.8125,0.5335950634299782,0.2831607287295502,1.4644222352834124,0.3164546165412771,2820.3042640058397,0.0274102035426867,37.154817225208745,5.308544076595481,652.0736196380676,0.5334678742725119,0.2845879728808325,inner_race
0.3472094520919099,0.0699304399648056,0.4739600600254631,0.454887818565209,0.0012216813914533,12.181355808847025,6.5328841913887565,9.502804583732615,4.386113923780402,0.0108446070749126,5.990201497005989,3.299463572854292,2882.8125,0.5050546552169776,0.270861768150469,1.4546109046688176,0.3182947064850673,2816.239321373808,0.0294859343564871,38.65935024153539,5.378318132959846,664.854575690758,0.5049382133031038,0.2549625992537308,inner_race
0.3597543536462231,0.0640120575405971,0.4831749193872391,0.4516138422394027,0.0011991808298787,11.739286417313153,6.377360046441155,9.171434728761986,3.5383480735831965,0.0107365417114988,5.990201497005989,3.299463572854292,2882.8125,0.5173713807636651,0.2810616808861761,1.438124029688436,0.2562834942955982,2829.676370921077,0.0267499038969085,39.88404519099422,5.468618885673372,640.4500678401944,0.517259965883093,0.2675578723053785,inner_race
0.3722195446022018,0.0624211703665265,0.4932024536814071,0.4431451814923507,0.0012311944536915,11.26551660021938,6.171350652203269,8.835928518842485,3.2146742967420163,0.0114759467393338,5.79690369261477,3.288905289421158,2882.8125,0.5329311968761599,0.2919444714463526,1.4317657538529138,0.2358771238925308,2833.818316114545,0.0278193692508363,38.03347176624348,5.415940949629106,636.0864474039863,0.5328076231157848,0.2838839632502922,inner_race
0.3805441467163329,0.0616618200633299,0.5026628897638394,0.4344238078496741,0.0012514821743583,11.13349708853424,5.8768804661134935,8.642637964085647,4.075655314924477,0.0111961665048808,5.79690369261477,3.288905289421158,2882.8125,0.55963453883148,0.2954063097396608,1.4706165990476932,0.3237677261695371,2828.01307816841,0.0277665317500291,40.48542616992236,5.416066445437931,631.5362046371652,0.5595225311895119,0.3130654629087183,inner_race
0.3613743426720777,0.0556718884137252,0.5019762339317724,0.4411804018842101,0.00117147573634,11.033745342951516,5.801375873260424,8.563959705876382,4.538574097705998,0.0110490389825817,5.553250998003992,3.094795309381237,2882.8125,0.5334588513124447,0.2804845692182146,1.4761945946907522,0.2913236813237115,2845.4872527325765,0.0278073656887828,25.093492533927503,4.41760509301875,605.5750990329732,0.5333444147838754,0.2844562647811545,inner_race
0.3686662761391279,0.0618728905478453,0.4975920446901687,0.4394430789595605,0.0010919857925081,10.732405328838786,5.8322218872460505,8.394571214355711,3.5519608489231222,0.0111927956586826,5.553250998003992,3.094795309381237,2882.8125,0.5306374430213227,0.288359898322633,1.4393435943706163,0.255422720279804,2828.4140598604217,0.0277013664359475,29.189684017991688,4.850869199009717,630.1914193111728,0.5305193844352442,0.2814508172615504,inner_race
0.36110903724777,0.0630452014214204,0.4771930722454616,0.458696146031922,0.0010655802083697,9.74700988490571,5.296569787147031,7.615502418512148,3.1518441690290047,0.010684987593173,4.925033133732535,2.750026746506986,2882.8125,0.5192090082869036,0.2821405517158341,1.4378178188064994,0.257629527041142,2836.835258915238,0.0280231406010186,31.71770679980285,4.987184599143609,636.8403298942428,0.5190990515560625,0.2694638253264036,inner_race
0.3635152265780937,0.064737341313093,0.4965507760784168,0.4375324376238855,0.0011794448105419,11.090285914024276,5.985213356125966,8.656513732643285,3.744786239418776,0.0109758717915731,5.942283133732536,3.146774550898204,2882.8125,0.5257581248423546,0.2837415171523156,1.446316650313426,0.2599954220182054,2819.766380638493,0.0280419835623151,28.311277188420892,4.755801272102839,640.6310680060951,0.5256435446918035,0.276301136076164,inner_race
0.3640006284306387,0.0642935843523132,0.4950821147015495,0.4394791151757009,0.001145185597314,11.086623982767254,5.9754905689262365,8.644970104764065,3.569276498276781,0.0107625170557322,5.942283133732536,3.146774550898204,2882.8125,0.5266135917379019,0.2838352374707995,1.4467381389102452,0.2789974117363607,2827.893662444037,0.0288153368463259,33.80427939619817,4.94379865740499,644.0270155728311,0.5265036022951018,0.2772060432297187,inner_race
0.3594971779098053,0.0620707440243209,0.5063853164527033,0.4304077071549984,0.0011362322217427,9.822120000919965,5.287005100482273,7.646258863605277,3.267499837062652,0.009672742308352,4.903104391217565,2.7488084830339323,2882.8125,0.5199178799322872,0.2798589798105167,1.4462363319656713,0.2357567082867838,2826.500698845066,0.0290013485438613,33.504038349865944,5.044741115649378,633.1203254013608,0.519827894528103,0.2702210399295205,inner_race
0.3590518296414982,0.060421582030605,0.4960771165824585,0.4422843179841543,0.0012169833773042,11.832543631269834,6.3104955012901724,9.213130651551316,4.364483515370905,0.0097825922374002,5.964211876247505,3.3079914171656686,2882.8125,0.5242047025450465,0.2795672274914455,1.4599694508406995,0.2862541616566107,2833.058069163062,0.0287082150302443,42.84289577042674,5.554417297346805,625.7962072312409,0.5241134143097822,0.2746948710594574,inner_race
0.3562375696361184,0.0575935178286897,0.5024233214179501,0.438788843277727,0.001194317465483,11.887519799252322,6.337540607821355,9.285913949347458,4.809241505462925,0.0110704537701939,5.964211876247505,3.3079914171656686,2882.8125,0.5219676877625327,0.2782743139888379,1.4652235818240635,0.2790513249323643,2838.857535598402,0.0278712523178351,40.71239790637747,5.374940435590063,612.6709116731772,0.5218502774948834,0.2723277121214869,inner_race
0.3617917327454466,0.0600115703888772,0.4877236297944635,0.4510033426555499,0.0012614571407831,11.391108286149889,5.985719744063745,8.816729547890938,4.50117273975361,0.0108576938895646,5.764416666666666,3.189819860279441,2882.8125,0.5329049799638382,0.2800271738403057,1.4729606337875756,0.2778385468897435,2842.027394339332,0.0276882512407434,51.76561632847117,5.977342978056685,623.5918594020359,0.5327943582224379,0.2838698281536594,inner_race
0.3531449173917789,0.0592217817541899,0.4999864452743892,0.4396736421405838,0.0011181307360251,11.642485307294296,6.1995724710713525,9.032608720064504,4.130636892733306,0.0104119490511165,5.764416666666666,3.189819860279441,2882.8125,0.5145225537992955,0.2739810080138939,1.4569728416294443,0.2863094994406887,2840.529836378113,0.0272726556966849,45.82630424889562,5.611982299690395,619.2201046233416,0.5144171941966034,0.2646250496851059,inner_race
0.3683099578674681,0.0655389739439913,0.4862619755931939,0.4468969550276737,0.0013020953652327,9.240819719125165,5.172776393885951,7.29130104975728,2.5572769709366963,0.0104974099164951,4.785338922155688,2.6854587824351297,2882.8125,0.5191523038980096,0.2906082862840835,1.4095527226684983,0.2649405087631212,2826.333117439478,0.0299329668059396,44.88227311921575,5.464962291743912,644.9979306096776,0.5190461627135456,0.2694089190276564,inner_race
0.3618720381989926,0.0560587914062232,0.4807871094814505,0.4620775437864131,0.0010765552935638,9.88850946819799,5.522645945874816,7.802560973671912,2.9202288726989103,0.0099814721630956,5.090310878243513,2.823528642714571,2882.8125,0.5112637439348485,0.2855363239318524,1.4128301995350792,0.2812303803730827,2850.6468597738626,0.0271977560239246,40.651483845597625,5.263402046780293,608.5343907778004,0.5111662998239768,0.2612909860757357,inner_race
0.355118646983377,0.0632409987033445,0.4875314594182606,0.4479648274839403,0.0012627143557826,10.1714918826594,5.492166496334031,7.950944470811581,3.909547270839423,0.0102668043795222,5.090310878243513,2.823528642714571,2882.8125,0.5141010645979596,0.2775923802808306,1.447688171165015,0.300054775874511,2833.048228025991,0.0293878541699291,45.88146141238983,5.665165744145652,638.522756058135,0.513998538274758,0.2641944973485879,inner_race
0.3533134597016903,0.0578303225267986,0.5090269378016492,0.4319274663545013,0.0012152732614488,10.59444144272572,5.703741734968782,8.29040444572651,4.136547226161998,0.0098400949078405,5.357110578842315,2.929111477045908,2882.8125,0.5135420944970153,0.2764762534090057,1.4535027760635248,0.295605570317897,2839.245495292017,0.0278550380700696,35.40705658049563,5.034313371145507,613.7270019865821,0.5134478117127251,0.263628655352586,inner_race
0.3588511651501684,0.0608759398970746,0.4853806503645794,0.4526108288240615,0.0011325808614438,10.399936535136614,5.628488078415847,8.162468904957192,4.16611895410241,0.00924999853808,5.357110578842315,2.929111477045908,2882.8125,0.5204082226412593,0.2816470530516974,1.4502063060697716,0.2860152398633338,2839.959988915655,0.0269437448187757,30.189121970223788,4.83348503216797,626.8071873345274,0.5203260090747722,0.27073915571968,inner_race
0.356278416360638,0.0602604275042964,0.5134693984220926,0.4251019271066927,0.0011682469161416,9.725391679367466,5.2225548126288,7.59679852893952,3.6107967012173727,0.0093636158834674,4.97051497005988,2.706575349301397,2882.8125,0.5182473801436329,0.2782998812318715,1.4546134605556458,0.2452155711457779,2829.781608100119,0.0262181012610473,45.07503200859993,5.611094196609844,619.8548611682824,0.5181627830357233,0.2684926697233261,inner_race
0.3375509863086327,0.0660826427425877,0.4866277840578525,0.4459489632404988,0.0013406099331311,9.627967158867271,5.169673372388877,7.504572497344851,3.315333786327365,0.0089846931137724,4.564021057884232,2.5331758483033933,2882.8125,0.4900069435398057,0.2631059917949928,1.4516531232759549,0.2701176440129343,2826.596065632873,0.0273048566545761,42.12509727248689,5.542703417735483,643.3948720305864,0.4899245656291116,0.2400260800068737,inner_race
0.3380724760440057,0.065273164562297,0.4909101993589303,0.4425362046203349,0.001280431424619,9.620338368525148,5.188732284898099,7.492996407000192,3.2114358278259365,0.0094137820062998,4.4759,2.5331758483033933,2882.8125,0.4882070820412624,0.2633146310727679,1.44409000032796,0.2573671790147028,2827.141036142757,0.0276059767372203,43.62052769086837,5.584501630010809,643.0304908200884,0.4881163136626164,0.2382575356635817,inner_race
0.3479062258295908,0.0634399270968934,0.5013551113183305,0.4339010910227523,0.0013038705293184,10.305045397594,5.577749054417647,8.052744366730197,3.365401324604501,0.0099301163298403,4.949804491017964,2.801599900199601,2882.8125,0.5022814531214341,0.2718668178651316,1.4437265441965916,0.2670559715161756,2824.202047510097,0.0287744885542971,40.6555564112788,5.421687857504055,635.9547697478588,0.5021832842095157,0.2521880509394553,inner_race
0.3697544646059443,0.0547221759239305,0.5104317171452467,0.4335905040191711,0.0012556028239967,11.766529113781932,6.178031054501899,9.111193814545771,4.482806591552496,0.009448680178705,6.071825149700599,3.3689045908183632,2882.8125,0.5453039262992148,0.2863125190309879,1.474773068339709,0.3111054069805867,2843.554498217197,0.0272699234636975,46.46799070729551,5.650902450343185,600.0492427521393,0.5452220597886882,0.2972670944802199,inner_race
0.3582717761742141,0.0521601942092651,0.5130133052418404,0.4335187887201402,0.0013077117358861,12.285112095263791,6.3133921605614844,9.403209560052511,4.714767458067537,0.0090088838923715,6.071825149700599,3.3689045908183632,2882.8125,0.5336124392625641,0.2742266057236187,1.4894068546529562,0.2892967980435251,2852.2182544222305,0.026532547205811,28.949731700260504,4.733697761397678,588.7402116300415,0.5335363861507081,0.2846610753467574,inner_race
0.0599350573918268,0.9498901854263326,0.0483535639256707,0.0008264765493584,0.0009297730494664,4.971795408084132,3.3982920536264207,4.232519642617386,-0.1091463878691403,0.0135482857572115,0.4577021538461537,0.2536763076923076,1031.25,0.0746481772870586,0.0510230785602783,1.245484371509722,-0.0134283668640237,850.5918535958954,0.0087992165013947,163.21358547356908,12.115302624231154,503.365296828636,0.0734084077290951,0.005388794325321,normal
0.0567578491586538,0.9420951996838468,0.0558506934180709,0.0012083598785647,0.0008457467480691,4.821850390983758,3.3087177729235995,4.10557108963062,-0.2722164190833931,0.0125988209134615,0.4170221538461538,0.2330233846153846,1031.25,0.0704270961162952,0.0483265480511607,1.2408344777024958,0.0134812803034838,892.8469490781522,0.0101807317952657,164.32618619035526,12.18805502628887,491.86050506765497,0.0692910209115467,0.0048012455789644,normal
0.0590241986177884,0.9400960126786924,0.0580520214174399,0.0008877975577026,0.0009641666607945,4.425956375065841,3.098460698613537,3.806553489792857,-0.3364352547510547,0.0128399305889423,0.4253667692307692,0.2246787692307692,1031.25,0.0725130285923284,0.0507638915052403,1.2285305059690348,-0.0269291690713001,900.8103644560292,0.009858049554553,157.9517546438667,12.072239721340129,485.90716746952927,0.0713671878253793,0.0050932754981029,normal
0.0582692920673076,0.9382396236883735,0.0596977900449844,0.001194955703706,0.0008676302817483,4.736788363449685,3.193066647369491,3.99907698116902,-0.1920714981407338,0.0130231820913461,0.4282873846153846,0.2330233846153846,1031.25,0.0729779269741687,0.0491943837756094,1.25242515199723,0.0227374779704701,905.4159175899196,0.0102888160633891,147.46595778368695,11.579080687951125,481.7946294046388,0.0718065077389421,0.0051561745536627,normal
0.0592479915865384,0.9433703838873904,0.0551351086208504,0.0007582020512073,0.0007363053977323,4.276042151581804,2.9858081044821523,3.6654173343144616,-0.3467627785639737,0.013025423076923,0.4159790769230768,0.2171686153846153,1031.25,0.0727336144136698,0.0507872952805855,1.227613164024879,-0.1187657550445189,851.7713750023861,0.0080920713250561,147.28419251966028,11.49376703915462,501.9882128120955,0.0715577879712862,0.0051205170193435,normal
0.0567791385216345,0.9443544135315024,0.0541453792975066,0.0009501936268155,0.0005500129211921,4.102610138395141,2.812255328767681,3.4867735783727163,-0.3510752699820774,0.0106724900841346,0.3790541538461537,0.1979759999999999,1031.25,0.0703975908498863,0.0482561085069233,1.2398495764965287,0.0253731338608536,949.5154014732404,0.0088526269642795,149.52177719175577,11.802466001923134,443.9390247951448,0.0695838972239415,0.004841918752872,normal
0.0594450964543268,0.9442952334506676,0.0539409919347075,0.000958711089937,0.0008050625664856,4.342668287389394,2.949440411211336,3.688357531713789,-0.2217597461214935,0.0119588158052884,0.4214030769230769,0.2192547692307692,1031.25,0.0743377517977117,0.0504884911121256,1.2505279027485012,0.0259600825706797,867.3737646179327,0.0089122664064542,154.69262936441507,11.83205108783258,501.469914471514,0.0733695309162691,0.0053830880668733,normal
0.0621323437499999,0.950843422872106,0.0476994035508068,0.0008482042646286,0.0006089687845809,3.916952326921344,2.753615907004583,3.364312413928785,-0.4538303682198705,0.0098438347355769,0.4101378461538461,0.2090326153846154,1031.25,0.0759120452685079,0.0533661372255994,1.2217798442298096,-0.1292153270238513,881.1430948358974,0.0078390403976358,158.20691407181982,12.042038379710798,471.0409969766064,0.0752710936186438,0.0056657375345466,normal
0.0583747202524038,0.9453821435186368,0.0527951855313015,0.000959787308394,0.0008628829428385,5.274678712931226,3.642319973668821,4.5028975467263255,-0.2601711783531653,0.0113511012620192,0.4610399999999999,0.2628553846153846,1031.25,0.0721670217102361,0.0498334398967234,1.2362718210587813,-0.0330019210501724,858.0136014704233,0.0091514002726485,149.00261856092766,11.384752950025796,506.5848267276328,0.0712687275224209,0.005079231522665,normal
0.0606220213341345,0.9490828374881664,0.0492104059996302,0.0008173828045704,0.000889372424803,4.722001529248255,3.248524902136842,4.0193771812351216,-0.2542422207513954,0.0128293368389423,0.4643778461538461,0.2436627692307692,1031.25,0.075007203752845,0.0516015862598757,1.2372930183146271,-0.0521352145783115,820.4167651120723,0.0085493624540327,153.11737780413833,11.643065637107776,512.1795788642991,0.0739018858426073,0.0054614887310937,normal
0.0598125162259614,0.9457186982561168,0.0524870088930844,0.0010808690928314,0.000713422358673,4.942718640462518,3.416289538520298,4.223751928690401,-0.2383122766018677,0.0124270799278846,0.4612486153846153,0.2526332307692308,1031.25,0.0739495958760726,0.051112201431233,1.236356544451393,0.0302256821581075,870.7112928584041,0.0092312678770809,170.15001986258642,12.421617742860072,496.08095732726144,0.0728979452021826,0.0053141104147004,normal
0.0608251361177884,0.94940930250545,0.0490062084685887,0.0008887091685153,0.0006957784063688,4.775524768396039,3.312194044999196,4.081409817342043,-0.327311823474615,0.0127582364783653,0.4587452307692307,0.2482523076923077,1031.25,0.0749510156469012,0.0519842990523716,1.2322375325516397,-0.0588493982632182,818.0922815334823,0.0085728941022762,136.89357547730046,11.0171787068891,506.9896507436921,0.07385717398103,0.0054548821484641,normal
0.0570925709134614,0.9358928353324238,0.0622697729668209,0.0010730082810911,0.0007643831411147,4.787324502541422,3.2396492687742877,4.044961140728373,-0.186976334510093,0.0130274603365384,0.4493575384615383,0.2309372307692307,1031.25,0.0712846396661343,0.0482393100042903,1.248579955773661,-0.0649945116868197,887.0409898238455,0.0094285744798564,159.91988043109052,12.092400509344168,510.9734120390577,0.070084128941655,0.0049117851295105,normal
0.0596813167067307,0.9419699005155656,0.0562874937076567,0.000839342528757,0.0009032600817539,4.309121653950033,3.0105756497536045,3.698227336498847,-0.3149771897767701,0.0093950264423076,0.4410129230769229,0.2207150769230769,1031.25,0.0733132472326815,0.0512204329902718,1.2284120270492198,-0.0721449018191759,897.0211275046443,0.0091293327497732,162.93891453853328,12.259811537737905,490.2270579777747,0.0727087731841806,0.0052865656979486,normal
0.0581502142427884,0.9379459430110998,0.0604355793312986,0.0009396875211398,0.0006787898233802,4.551258231826761,3.115698194570768,3.863765115166933,-0.2056006501925007,0.0110163795072115,0.4282873846153845,0.2246787692307692,1031.25,0.07211185268916,0.0493662977986175,1.2400960792350502,-0.0834511070939288,916.3890639787132,0.0099612765588578,179.65084638698426,12.760290692104643,479.8757132793901,0.0712654101287308,0.0050787586808162,normal
0.0617338557692307,0.9444105969002972,0.0536379946006077,0.0009675094006132,0.0009838969997856,4.63866908094114,3.2434545937047887,3.980780400232327,-0.3872612256153838,0.0127575234374999,0.4620830769230768,0.245748923076923,1031.25,0.0757676471111685,0.0529783260648252,1.2273273095786854,-0.0100466219216383,844.2656746031402,0.0098328367975185,146.89806810432978,11.494784344523282,518.4558645314313,0.0746858885232291,0.0055779819445042,normal
0.0619489903846153,0.9440240778495942,0.0544361813886277,0.0008414936272967,0.0006982469169968,4.380063274873343,3.0641829629234785,3.7581689029202874,-0.4466763512183562,0.0141114861778846,0.4316252307692306,0.2328147692307692,1031.25,0.0759793955021031,0.0531532890326798,1.226483192548884,0.0181765530286378,888.189928405126,0.0090002930040416,158.67754324912286,12.010063048540744,482.9963600973599,0.074657447710971,0.0055737344987163,normal
0.0575719381009614,0.937428617069614,0.0605904180127442,0.0010705664439237,0.0009103963248965,4.155206093338563,2.8941813017331666,3.5655832551885225,-0.3629717057213528,0.0135632596153846,0.4093033846153845,0.2052775384615384,1031.25,0.0709276707504844,0.0494024926442589,1.2319833774937632,0.0385364180843409,911.0412843417346,0.0103183553762752,171.55350410786437,12.452110166803896,485.8545905357765,0.0696187651908219,0.0048467724666947,normal
0.0592650027043268,0.943695190752146,0.0546229063510798,0.0009589981020553,0.0007229047422301,4.588187109219996,3.109770808779878,3.886127969392125,-0.108852352898257,0.011299966045673,0.4562418461538461,0.2303113846153846,1031.25,0.0740605654812701,0.0501965981623923,1.2496509255345578,0.0105485269654338,882.4563557499187,0.0089377178086618,156.93099075611758,11.938922516836191,490.9967719316822,0.0731934295327944,0.0053572781267721,normal
0.0578775270432691,0.94366706017273,0.0546618031974696,0.0008351619051728,0.000835971260466,4.463887145151388,3.072387297560164,3.8062760696246,-0.2497412501136739,0.0107330985576923,0.4289132307692307,0.2202978461538461,1031.25,0.071702498681982,0.0493511235814127,1.238865970005549,-0.0501782002998768,894.7381129318745,0.0090691007710217,167.56071650220258,12.396510396692213,486.81745081706816,0.0708946324667143,0.0050260489125905,normal
0.0592033756009614,0.9422846534250974,0.0559279106999651,0.001021054127346,0.0007663798858708,4.754245359053112,3.222631454624445,4.024074080446523,-0.1660447286374302,0.0119854020432692,0.4579107692307691,0.2382387692307692,1031.25,0.0739267808265505,0.0501107433963438,1.2486919888627088,-0.0172953099717749,886.6392827996957,0.0096496404869236,147.84117612030985,11.645873078848032,492.1756836132299,0.0729487426981304,0.005321519061238,normal
0.0582774411057691,0.941056360626237,0.0570650234903456,0.0010710107384706,0.0008076047263563,4.587266589987004,3.1528435397190675,3.909025442392803,-0.2066898299593753,0.0124802524038461,0.4476886153846152,0.2278079999999999,1031.25,0.0722547748183846,0.0496609463459688,1.2398412395500966,-0.0721419451239131,896.2060219388367,0.0093614475024378,153.7507540631372,11.962385565103466,492.2098742064666,0.0711687837748528,0.0050649957839917,normal
0.0562539329927884,0.94074091491337,0.0574228778122983,0.0009602821174758,0.0008759237895727,5.184967561705185,3.484503763728733,4.375981211441902,-0.0273944776246288,0.0117787220552884,0.4485230769230768,0.2461661538461538,1031.25,0.0706459715752276,0.0474768937156468,1.2558405753475803,-0.0943718699913773,890.9089014213318,0.009628629840089,158.1260819106881,12.022853486960386,492.0477741013326,0.0696571245929096,0.0048521150065521,normal
0.0587424456129807,0.9482903392232682,0.0499352800161806,0.0009725141137845,0.0008018640467782,4.9717858685975935,3.4154190773374973,4.243871395104056,-0.1796156457148034,0.0107405345552884,0.4685501538461538,0.2492953846153846,1031.25,0.0729911553957014,0.0501420196291969,1.2425624203084271,-0.0219425869809975,855.032150866231,0.0088816887319823,131.94263032346862,10.82320501471852,501.4517900297317,0.0721966043762869,0.005212349683466,normal
0.0577167872596153,0.94151854640759,0.0565183950313103,0.0010197249377192,0.0009433312386822,5.587791930913112,3.7195010430771887,4.702420704114988,0.0874022277808381,0.0120948028846153,0.4948356923076922,0.2714086153846153,1031.25,0.0729690924243095,0.0485717111052601,1.2642611602078266,0.157211161418877,889.8938425348551,0.0096503252447097,153.21450174338727,11.711858696306908,495.8117473224728,0.0719597400801985,0.0051782041924097,normal
0.0590631102764422,0.942928987746512,0.0553231859013332,0.0009751746815032,0.000772651035776,4.627148847654448,3.1945892805082874,3.945328708981444,-0.2340867244881148,0.0134714810697115,0.4441421538461538,0.2330233846153846,1031.25,0.0729431435950691,0.0503600364473917,1.2350034269049155,-0.0486446601101569,862.5189862398994,0.0092659890639239,140.67407403447106,11.27243794521778,503.8142298137718,0.0716883630397519,0.0051392213953192,normal
0.0601256430288461,0.9485785431129494,0.0497721730202255,0.0009016704253295,0.0007476119227493,4.109829279700834,2.834534098932777,3.5008843560464893,-0.3860566299415975,0.0118438124999999,0.416604923076923,0.210492923076923,1031.25,0.0742601484865449,0.0512169505717875,1.235082815678456,-0.0578219753228205,843.332423797415,0.0085621963194575,122.20126957018007,10.475450835823704,500.9684114207354,0.0733095748092195,0.0053742937587085,normal
0.0597114681490384,0.9389956889904882,0.0589941165800385,0.0010469793069945,0.0009632144932092,4.9800054792763815,3.488337864486741,4.269330631156242,-0.4002403361953832,0.0137154429086538,0.4439335384615384,0.254928,1031.25,0.0730800770749048,0.0511903051233273,1.2238867899295107,-0.0316385435096283,898.8622534590168,0.010044257274894,148.45365052340964,11.606585739261437,498.88994177796553,0.0717815038230148,0.0051525842910934,normal
0.0569189963942307,0.9366059254708576,0.0613185791440523,0.0010774632142432,0.0009980313454706,5.222767257094035,3.565885158756449,4.438469522889155,-0.015528226689546,0.0126805150240384,0.4731396923076922,0.2526332307692308,1031.25,0.07084727059952,0.0483715276467817,1.2447034397588417,-0.077966611255166,903.9389748551906,0.0101267950213004,153.2353053273989,11.762785879794055,497.1624060888328,0.0697032301269228,0.0048585402901267,normal
0.0591186256009614,0.9373827544588944,0.0607322174245663,0.0010937059011375,0.0007913212046293,4.809607192677839,3.2615189309289736,4.061601656862646,-0.2092389842166029,0.0138719044471153,0.4585366153846152,0.2401163076923076,1031.25,0.0736210068919991,0.0499243073442383,1.2453098519056536,-0.0907338865421783,890.3002804086007,0.010017593668329,169.74603919691626,12.43336284239199,503.1980693764048,0.0723023023340328,0.0052276229228018,normal
0.0587197301682691,0.9457191426390524,0.0524569176738795,0.0011135933705995,0.0007103453498845,5.47190172048127,3.724845082860409,4.646971678769314,-0.0458238072579066,0.0120049597355769,0.4906633846153845,0.272868923076923,1031.25,0.0732564487936716,0.0498672923995651,1.2475610596939997,-0.1373218084174156,853.2292868364196,0.0090667534455658,151.49899465058303,11.61510244447878,502.4386217262691,0.0722660932360883,0.005222388231607,normal
0.058087262920673,0.942419944521401,0.0559081056724104,0.0009165308120753,0.0007554184167432,4.83907727257946,3.251077603366616,4.079845821737525,-0.1764307207194067,0.0120419359975961,0.454572923076923,0.2369870769230769,1031.25,0.072894930800073,0.0489736087220511,1.254921081401652,0.0565682522815622,920.0309298739664,0.0088817110117411,174.86433953706435,12.691416797926752,475.36811819242,0.0718934121723071,0.0051686627137772,normal
0.0587077103365384,0.9472041024008412,0.0507805734952346,0.0009760618933944,0.0010392616006398,4.745932705111002,3.274016515709878,4.04738869417358,-0.3268907565128085,0.0109844963942307,0.4380923076923075,0.237612923076923,1031.25,0.07257535871819,0.0500666439751731,1.2362151121574343,0.0544705587886662,830.7111014826484,0.009412630452828,134.4203482066752,10.937428947285358,513.6627157226545,0.0717392746829732,0.005146523532039,normal
0.058366673076923,0.9414696203276444,0.056727695269317,0.001017646776535,0.0007850371340432,4.529683682607463,3.087220211573116,3.8494359432592455,-0.1656941223325634,0.0129649164663461,0.4257839999999999,0.2246787692307692,1031.25,0.0727770466092804,0.049601425833213,1.2468938655003612,6.44529692691533e-06,848.1228998182041,0.0089317874775455,162.47643940777644,12.04778111200732,518.7117311711173,0.0716129140182833,0.00512840945419,normal
0.058468637920673,0.942625539798022,0.055482699280359,0.0010374377985995,0.0008543214510495,4.94275774601156,3.4052302128777554,4.206657572479109,-0.3228724765830426,0.0115199900841346,0.4620830769230768,0.2459575384615384,1031.25,0.07222934224282,0.0497611962997798,1.2353518879782488,-0.0240630616088148,874.472248965593,0.0095260925509584,157.97555658680946,11.971875270840105,500.7320084885984,0.0713047523611987,0.0050843677092918,normal
0.0586671688701922,0.9382213468235376,0.0595769011398875,0.0011349496200665,0.0010668009847399,4.401748217688304,3.062186028450454,3.765712519663441,-0.39604205183169,0.0137070901442307,0.428496,0.2209236923076923,1031.25,0.0721457449858085,0.0501899884731971,1.2297464898202115,-0.0497424423472176,887.6395981011383,0.0102561917976495,153.69451540181433,11.828155042608454,506.4012260365671,0.0708316609951739,0.0050171241993352,normal
0.0575805964543268,0.9400416451242668,0.0576296050790921,0.0010515578553915,0.0012771917877653,4.389646378114244,3.068399112955556,3.767935960373272,-0.337444896439357,0.0090512388822115,0.4222375384615384,0.21696,1031.25,0.0707078812153021,0.0494253935992913,1.2279810486400204,-0.1091616058042973,895.9038254601854,0.0101497873289949,166.73944776374103,12.339582322421515,498.8625178454305,0.0701261687293297,0.0049176795406544,normal
0.0584199474158653,0.940131605686217,0.057831351914978,0.0010185021839291,0.001018539700073,4.468051536545898,3.014693358346741,3.774506333748902,-0.1339054975986275,0.0114568350360576,0.4272443076923076,0.2205064615384615,1031.25,0.073143910616298,0.0493518169463478,1.252036570584692,-0.028192958531154,941.0038813104017,0.0100179775240866,140.2118030236342,11.404654694727713,465.2502502242656,0.0722410727439838,0.0052187725912015,normal
0.0580186072716345,0.9414177431718884,0.0568253432496189,0.0009831041968606,0.0007738090664653,4.040092056724094,2.8136297335920943,3.459028222797703,-0.4005974188163521,0.0131445009014423,0.3865643076923077,0.200688,1031.25,0.0713270824529517,0.0496741156345649,1.2293828791685548,-0.075900320724096,888.8591708912556,0.0095748179725822,160.83147153974244,12.025549871631611,492.54701657279,0.0701054547613961,0.0049147747873021,normal
0.0585803816105768,0.9412657304298524,0.0570263393432928,0.0008904162942683,0.0008175131388069,5.0680244577398765,3.481865848718769,4.312591072701668,-0.2206073563647828,0.0136571772836538,0.4612486153846153,0.2526332307692308,1031.25,0.0725568536370213,0.0498484632179329,1.2385862236158762,0.0075675960988225,889.2887016452785,0.0091526065880101,162.00006269155165,12.182134842406557,492.1846444944599,0.0712599362780165,0.0050779785183469,normal
0.0602090688100961,0.945286676183388,0.0531021244725704,0.0009125858912613,0.000698613244336,4.030889983534209,2.791220460094608,3.4405959271095763,-0.3828422728285159,0.0130359149639423,0.4053396923076922,0.2071550769230769,1031.25,0.074216666108866,0.0513918955290978,1.23264929313142,-0.0777903421282708,816.8878272196432,0.0085926247765869,144.1667451953789,11.18547631182461,521.5248111992296,0.0730628390453571,0.0053381784493677,normal
0.0588260751201922,0.9465979469991592,0.0517751022155825,0.0009203879072956,0.0007065624252336,4.972705525033823,3.3864199669797266,4.2271992131629,-0.1267943304417902,0.0123160492788461,0.4704276923076922,0.2486695384615384,1031.25,0.0734313938868371,0.050006890054051,1.248279674222759,0.0406279199245607,848.5657553307856,0.0090847931118509,145.60580792996478,11.41104318716332,508.7598146426297,0.0723911910271191,0.0052404845383248,normal
0.056827930889423,0.9421142057206444,0.0556353334997136,0.001072500625863,0.0011779591039511,5.936382745270209,4.049589652029264,5.043955216657169,-0.0128737529038844,0.0085848082932692,0.5182006153846153,0.2866375384615384,1031.25,0.0707818725084659,0.0482848816798269,1.2455472406024213,-0.0850368566515728,876.1813887089016,0.0102484585533895,147.92326241891303,11.669214779877551,510.2997421323385,0.0702593377592796,0.0049363745423725,normal
0.0579966048677884,0.9372136347712038,0.06096259329678,0.0009900869449399,0.0008336845850391,4.266900261112979,2.8737455411380344,3.6006245620074537,-0.1007090963947439,0.0118329131610576,0.4080516923076923,0.208824,1031.25,0.0726661414556918,0.0489404455743079,1.252937850781864,-0.1411327996642306,920.4803662657944,0.0096116541655557,149.92220913055272,11.772223515663145,482.60912031454495,0.0716962361646793,0.0051403502801814,normal
0.0573460060096153,0.9372736566899154,0.0606884584873763,0.0011035573669977,0.0009343267797879,4.442279343416563,3.0482162595931026,3.786987629935416,-0.2375075540296918,0.0129541189903846,0.4337113846153845,0.2171686153846153,1031.25,0.0712444908399,0.0488867535326111,1.2423618626195931,0.0821604434454468,925.6872121241064,0.0102978085684694,166.22025096210157,12.17655344726824,480.6829716798906,0.0700568931385025,0.0049079682762195,normal
0.057364239483173,0.939892775961241,0.0580089268924993,0.000955280413779,0.0011430165653198,4.629158981623532,3.156635717846613,3.923977760849225,-0.2640364322778623,0.0126635039062499,0.4132670769230769,0.225096,1031.25,0.0713088300710084,0.0486256792850641,1.2430885637719629,0.033021068537951,867.9649089232345,0.0098697599993064,152.61950665469828,11.770414942348424,514.718169682302,0.070175386816977,0.0049245849149123,normal
0.0587818665865384,0.9423810542931772,0.055924270868996,0.0009485811081385,0.0007460936919372,5.288806461508145,3.4974157032782625,4.425572029639491,-0.0722572460392969,0.0133340679086538,0.4531126153846153,0.2601433846153846,1031.25,0.0743816024991087,0.0491875409903357,1.2653834731431075,0.134047917598127,888.6885508202051,0.0093371350979304,164.47873094601795,12.16536494860078,491.2683580576889,0.0731766726719849,0.0053548254233428,normal
0.0578854723557691,0.9477652481417732,0.0505961887044105,0.0008805362983224,0.0007580266268692,5.050851492391619,3.428345301229558,4.295888559623278,-0.0118844738323948,0.0123755372596153,0.4839876923076922,0.2486695384615384,1031.25,0.0725333992385056,0.0492331914403191,1.2530501399851937,0.0832518916565916,834.2460675348823,0.0090674451609113,138.92612733617514,11.220057297552872,511.4908219869736,0.0714698543627194,0.0051079400826283,normal
0.0586869302884614,0.9420620598715604,0.0558620927968521,0.0011603975451216,0.0009154497205522,5.067666225585953,3.453611907850779,4.304761375786277,-0.0900760612743476,0.0128049915865384,0.4731396923076922,0.2526332307692308,1031.25,0.0731504400349509,0.0498519869942736,1.246451972788447,-0.0456119233651732,884.2873228155952,0.0099765944015867,155.1822747618854,11.909431430934095,495.1386159515908,0.0720209626968122,0.0051870190677756,normal
0.0571807842548076,0.9391375034236265,0.0588389661238274,0.000993842646453,0.0010296865370653,4.297224707195039,2.98400509985826,3.673886167275321,-0.3736738657039167,0.0130445733173076,0.3934486153846153,0.2100756923076923,1031.25,0.0704005808561355,0.0488863642517816,1.2311929920796152,-0.0494469093242719,910.262513183511,0.0102853058847794,167.53791768441786,12.475788066161629,487.5404851638141,0.0691815068631109,0.0047860808918506,normal
0.0578431992187499,0.943564463107094,0.05471898590604,0.0009663430094096,0.0007502070967603,5.413155776735176,3.650271599233911,4.573127200173287,-0.0109103523885973,0.0132506421274038,0.4973390769230768,0.2645243076923076,1031.25,0.0724670207410932,0.0488669306043598,1.2528183385403588,-0.0687774749851652,900.5982533516773,0.0094943134755087,171.53392788127192,12.48777819031496,481.9692931236064,0.0712452775859671,0.0050758895783015,normal
0.0592428984374999,0.9472227368757788,0.0508813411774594,0.0009546036610667,0.0009413163676277,4.867066046632694,3.348817063883837,4.148158337259327,-0.2912447826171687,0.0129329314903846,0.4620830769230768,0.245748923076923,1031.25,0.0733838004253096,0.0504922104451296,1.238693621695908,0.0064349521305833,906.4062458684164,0.0092793559568757,169.5567731938099,12.414794309343277,473.8981308797015,0.0722351815109971,0.0052179214479267,normal
0.0595780276442307,0.9426621036533868,0.0550983533325444,0.0011139457250678,0.0011255968837157,4.672525608970308,3.2208878145196875,3.9882643395955455,-0.2785404080852482,0.0126713473557692,0.4380923076923075,0.237612923076923,1031.25,0.0737724927908912,0.0508532093694155,1.2382500010141746,0.066257873463168,879.572320773033,0.0096545289951233,156.27430383380369,11.952885284689472,501.0373740252673,0.0726761147060816,0.0052818176487715,normal
0.0602036700721153,0.9450923674873172,0.0531862224230865,0.0009541112941361,0.0007672983550037,4.540711769955969,3.136698588661093,3.867119213029547,-0.3658933827578061,0.0139631736778846,0.4585366153846153,0.2328147692307692,1031.25,0.0742228692525241,0.0512727477597695,1.232862866393623,-0.0208839793838941,861.5129971941225,0.0093848685481207,159.08924621854518,11.848339820125451,498.1650572724457,0.0728976275397115,0.0053140641009185,normal
0.0575846709735576,0.9453287749753552,0.0532272954622278,0.0007998553955033,0.0006440733016913,4.640696772815643,3.1378502345197408,3.927070748166953,-0.1515514086248002,0.0103984786658653,0.4389267692307692,0.2261390769230769,1031.25,0.0720681549537651,0.0487295524774983,1.251516310423275,-0.00060655839024,905.296520449724,0.0087958433795121,171.4769746462399,12.50572324654823,470.0190997650537,0.0713140280721503,0.0050856905998754,normal
0.0623611280048076,0.9500226103333584,0.0486490499251598,0.0008363739467033,0.0004919654094779,4.28910913874134,2.910360981903782,3.63631849410166,-0.1506566492879102,0.0121479753605769,0.4497747692307691,0.226764923076923,1031.25,0.0779164249682137,0.0528699353972298,1.2494389928643836,-0.1038192354138342,825.8332524007226,0.0080467359791997,147.75709683601494,11.384248114333683,499.2223038465756,0.0769636016209357,0.0059233959744661,normal
0.0582652175480768,0.9400725109047706,0.0579263176545523,0.0010322369308675,0.0009689343253433,4.586172865077134,3.1800468626228118,3.924167301869246,-0.3329540927156746,0.013666344951923,0.4326683076923076,0.2286424615384615,1031.25,0.0718990855845073,0.0498547412548558,1.2339966897949124,-0.0276213787105071,890.581314254889,0.0103107149125861,155.77623685373553,11.879925782742449,497.8337505024885,0.0705883101054512,0.0049827095235433,normal
0.0633649876802884,0.9543275556114288,0.044253805817979,0.0007939447424855,0.0006246937170958,4.226340245844964,2.8691705500135685,3.578710126498849,-0.1845797806983538,0.0127902214543269,0.4497747692307691,0.226764923076923,1031.25,0.0790350099877648,0.0536551507654553,1.247297804057666,-0.0623478154779421,796.2498629421233,0.007681101999921,122.68574607844334,10.396593676757366,508.8623393376954,0.0779932243141374,0.0060829430389153,normal
0.0594404107572114,0.9444598008912602,0.0538646382587375,0.0008719433273803,0.0008036167351738,5.43528117443287,3.662320598173693,4.590629835844762,-0.1163384894358094,0.0131161829927884,0.4852393846153845,0.272868923076923,1031.25,0.0745071098398637,0.0502032763935887,1.2534756891938936,-0.0100988700312594,860.9305602925126,0.0089604786443632,169.66181818589462,12.375136082469812,501.5286095250488,0.0733435420496529,0.0053792751603892,normal
0.0573428482572114,0.9420753242326428,0.0562192214173558,0.0010268963240401,0.0006785577476168,4.698298747098824,3.256048158032369,4.01639248162774,-0.3155732821867421,0.0124860585937499,0.4389267692307692,0.2303113846153846,1031.25,0.0707334085484048,0.0490201660244787,1.2335175300523955,-0.0054044269599572,915.0639879523565,0.0092950777678939,167.68715443455142,12.42052736965391,472.2761650188306,0.0696226502344531,0.0048473134256689,normal
0.0581636601562499,0.9431662334380156,0.0553938759175971,0.0008546848468011,0.0005852022638493,5.041509885115433,3.3825027602344555,4.253821810546081,0.0197768211170212,0.0108063380408653,0.4629175384615384,0.2474178461538461,1031.25,0.0731463841101777,0.0490761402420975,1.2575959613559131,-0.1322863112954116,907.916304117884,0.0089209581029448,135.78316768211258,11.14008355752534,474.0543304483508,0.0723437389588084,0.0052336165665402,normal
0.0572868236177884,0.9422477544995698,0.0560448666667152,0.0009330062844584,0.0007743720574245,4.826588838829555,3.323814619692907,4.111360245807635,-0.2527091853740932,0.0114851529447115,0.4211944615384615,0.2355267692307692,1031.25,0.0708603806708479,0.0487977694176005,1.2369402978880606,-0.0158660941219342,899.8579390524529,0.0093757063004169,143.0467555262567,11.508348796041805,482.1883662378871,0.0699234210451267,0.004889284810654,normal
0.0607618792067307,0.9462717748601284,0.0518617601888885,0.0009025623293544,0.0009639011532444,6.02698078566554,4.107750812923468,5.122523495153446,-0.0101311728565565,0.0127758587740384,0.5319692307692307,0.3112541538461538,1031.25,0.0757724039313464,0.0516434621106533,1.2470385202133936,0.0819697269454851,862.803972639634,0.0084923917918559,147.74261199790044,11.52755149485576,501.64057209961567,0.0746875801597625,0.0055782346301209,normal
0.0580934765624999,0.937926421019404,0.0600169325351709,0.0012141825074032,0.0008424637107453,3.904882827691523,2.7037808506874885,3.3360663498798924,-0.3473726125520917,0.0136596219951923,0.385104,0.1938036923076923,1031.25,0.071678772433947,0.0496311159283272,1.2338523475494076,-0.0916411390785726,909.3860123664653,0.0100247997397048,163.1080945633323,12.228351566461152,486.096138335102,0.0703651983908666,0.004951261144586,normal
0.0601523311298076,0.9419258571993072,0.0562133489007419,0.0008110612166456,0.0010497309275124,4.42994923791529,3.0756919944398624,3.787184897429733,-0.3509375003803985,0.0123199200721153,0.4272443076923076,0.2278079999999999,1031.25,0.0740672344343399,0.0514245170238576,1.231327748121751,-0.0636987871058299,885.0791189442551,0.0089203643663199,168.60802793756736,12.42687333822512,497.9638504572106,0.0730354351405409,0.0053341747861681,normal
0.058463341045673,0.9407844944902206,0.0576375317537062,0.0008773962977568,0.0007005767473586,5.03726380119898,3.379192614332912,4.253426745954726,0.0129758793590717,0.0139738692908653,0.4704276923076922,0.2486695384615384,1031.25,0.0735884475501046,0.0493659947692931,1.25871095003988,-0.023794464346167,846.9593608063224,0.0088611390843147,143.94849041353666,11.341119198366457,516.5561523575288,0.0722495023503713,0.0052199905898763,normal
0.0594279834735576,0.9396072464032368,0.0587786848812056,0.0008806256942742,0.0007334427986939,4.508037908782558,3.1110895361369386,3.847387176450224,-0.3625561230461969,0.0128268921274038,0.4362147692307692,0.2286424615384615,1031.25,0.0734927294385646,0.05071884180322,1.2366687399256118,-0.0170893165279925,856.2131879418077,0.0090974526219373,152.38521360694034,11.630530106509914,517.725275101886,0.0723647159787282,0.005236652118682,normal
0.0568035856370191,0.9437268139692314,0.0542055981404882,0.0011781802856351,0.0008894071908178,4.537016058175843,3.106877075353075,3.863548086872164,-0.1601285276972737,0.0114069221754807,0.4366319999999999,0.2194633846153846,1031.25,0.0706379361952851,0.04837174517377,1.2435471353281973,-0.0083806001492781,908.0512431286156,0.0098469221298321,154.5696410620412,11.929063581911612,478.4558168876649,0.0697108324180087,0.0048596001564116,normal
0.0576795054086538,0.9413713208977847,0.0566202643961353,0.0011378427073337,0.000870571572025,4.833855412044949,3.3038781503780235,4.105070940898481,-0.1899383312643086,0.0109388617788461,0.4526953846153845,0.2367784615384615,1031.25,0.071666826305737,0.048983356214681,1.2425007079721713,-0.1026532303599611,905.1446650482878,0.0099329581210799,162.5747295249782,12.112460463230136,478.46361651234207,0.0708270802427996,0.0050164752957199,normal
0.291924798449975,0.0756733320079208,0.4704054462179395,0.4520908392170563,0.0018303825536902,26.49376632728784,9.038692782002997,17.444017583994004,14.542806576602596,0.0051252725018712,9.068753293413174,5.092341317365269,2789.0625,0.5633935614566595,0.1922090371922809,1.929927037538759,0.3536392084837904,2904.7753485856506,0.0477622988399806,15.235165572138047,3.61599158619129,740.5641564397376,0.5633702483026596,0.3173860366726003,outer_race
0.3160880154242296,0.0693153452558931,0.4233765612012418,0.5062728349098597,0.0010352586085835,23.301033159630705,7.795945850607568,15.38592906758572,16.110938823708135,0.0059237664807104,9.41798882235529,4.863307784431138,2800.78125,0.6238252391211929,0.2087164011618537,1.973580802435491,0.2610072081699189,2955.562088279783,0.0402895645377748,8.696206520685834,2.9460659742856827,728.0440533243244,0.6237971128141709,0.3891228379552955,outer_race
0.0799345023039857,0.2043677743012816,0.0653173255972491,0.6851123703174037,0.0452025297779271,5.743054827656302,3.859788655863725,4.8433425927694085,-0.0102874650535333,0.0158482618941803,0.7439730538922156,0.3871501796407186,3410.15625,0.1003034658523509,0.0674118898841701,1.2548206714405166,-0.0865796267579043,2980.143967314645,0.0923186328900972,54.30491635836443,6.618694787422362,1256.3149849281951,0.0990435149665398,0.0098096178569271,outer_race
0.2709539711105133,0.0932160403078452,0.3925617755505181,0.511614639553142,0.0026075445447858,18.331598153123,6.513726773845693,12.312096639045963,11.619744203103815,0.0047213658132952,6.46979121756487,3.336011477045908,2789.0625,0.512150968695964,0.1819814862392442,1.8901770164020744,-0.2275758723299923,2909.1793473995367,0.047672025328015,9.863429597951184,3.118576810998042,810.4619911459138,0.5121292058075495,0.2622763234410714,outer_race
0.2729088636204154,0.0857167077170145,0.3361413807395709,0.5756890432887921,0.0024528681721474,23.99744609105404,8.108915198666422,15.914137869402026,15.795722191682644,0.0040394634559006,8.630990618762475,4.343109281437125,3433.59375,0.5355968307760064,0.1809821455565717,1.9625483162062465,-0.1540919107500478,2970.541292676227,0.0479526442641086,12.685742167515992,3.4136949961267065,791.9037554139946,0.5355815977722634,0.2868476478722905,outer_race
0.0788633520654004,0.1555085492080046,0.0671687412989296,0.7300412881552311,0.0472814213108495,4.837110988741109,3.2683572602092306,4.091625235122288,-0.1515015997138391,0.014411801728574,0.6285100598802393,0.3226792814371257,3410.15625,0.0987282771579471,0.0667090918914608,1.251890448126945,0.0111284071662102,3138.6374398701646,0.0863208701630444,63.712455937531786,7.290554329406994,1144.1129297348518,0.0976707360549345,0.0095395726815126,outer_race
0.2936213255130364,0.0788008597496941,0.3823404226263552,0.5365071403775451,0.0023515772389418,26.06215177669522,8.77622939681474,17.05970540328092,14.82574006338466,0.0055032038462138,9.472810678642716,5.009093313373254,3433.59375,0.5707568805335994,0.1921979948659644,1.9438536337111472,0.391525908406146,2952.013300644976,0.0470960419961611,20.818922258321027,4.159177481421073,761.8618362438406,0.5707303491350995,0.3257331314238725,outer_race
0.0743315305716691,0.1378716036726021,0.0762233007286534,0.7403818280737974,0.0455232675179758,4.2620330478588615,2.89736106953142,3.60973980982718,-0.2885791749780089,0.0045628058336452,0.5237651497005986,0.2683174850299401,3410.15625,0.0926075413422097,0.0629552802657727,1.2458715787228314,0.0404604003363489,3180.1669663693856,0.0911601488420712,72.44656269185349,7.315837943455616,1092.8709461696633,0.0924950675245634,0.0085553375163735,outer_race
0.0827292382227731,0.1861574486686602,0.0522971831268326,0.7235014580835942,0.0380439101047306,5.4511308024081,3.700425267681047,4.628198126981215,-0.0854101474499207,0.0167321580861714,0.6970408383233532,0.3828873053892215,3410.15625,0.1034711628237168,0.0702399775877835,1.2507206043054553,0.0629912052012797,3035.327719334677,0.0804744429037323,68.9785772323012,7.412152725031417,1202.4405425924504,0.1021093356254534,0.0104263164218714,outer_race
0.2819901215635135,0.091817309400054,0.5070009694392731,0.3990614643498515,0.0021202567715725,23.10183720935663,8.08899287497624,15.41027672986932,13.52946183164039,0.0051365747508888,7.949169161676647,4.345545808383234,3433.59375,0.5372171635638878,0.1881039057198106,1.9050921379275645,-0.0116578559801637,2826.00959744435,0.0497732846953268,13.08119973510114,3.4771553299534257,780.3236901236942,0.5371926064527113,0.2885758964274575,outer_race
0.3914849220504303,0.0090173510640855,0.2494143009430971,0.7301786805475674,0.0113896674389193,10.86705430159972,4.629839029554447,7.636612279256914,4.311537985761958,0.029739588011477,5.757107085828345,2.989618562874252,3445.3125,0.6457284030373641,0.2751084590084505,1.649433647802616,0.0510939519473007,3261.758553795404,0.02403882818872,52.13931941600124,6.279198195646667,443.2886549031626,0.6450431980837347,0.4160807273940922,outer_race
0.388726578434927,0.0093342613265926,0.2454560593503671,0.7342459770846764,0.010963702216593,10.871621951934948,4.646876167980691,7.690800497642628,4.6363361345097855,0.0288859707830432,5.757107085828345,2.989618562874252,3445.3125,0.6433609278151684,0.2749928737489032,1.6550474382416518,0.0234062038698753,3262.236005197886,0.0246736858246903,54.741905139341846,6.490369514928573,445.3306853767902,0.642712131619682,0.4130788841311155,outer_race
0.0778486595363959,0.1961138600471542,0.0729758106129116,0.6877582034703715,0.0431521258638993,6.13890770359358,4.181896856760979,5.225523501914792,0.0575341509012332,0.0126335028185815,0.7210753293413175,0.4068,3421.875,0.097276430752307,0.0662658602542384,1.2495581983248958,-0.0399808035848696,3007.638544727351,0.0917930391761033,60.51762675479588,6.932934240843013,1224.7819571295704,0.0964525716942855,0.0093030985864412,outer_race
0.0810137009379677,0.1394583705102168,0.0737719579247224,0.7507331550014962,0.0360365165500789,5.602286934937576,3.8333380663405614,4.761784931349644,-0.1738880864060688,0.0163521786700037,0.6690276646706586,0.3857698203592814,3410.15625,0.1006354810567362,0.068859347055843,1.2422032309546365,0.0125203576093048,3159.2701363141414,0.0910110308282762,83.55930388502013,7.9899742788313635,1081.1390347598276,0.0992980679583695,0.0098601063002649,outer_race
0.414785004112868,0.0083301815285792,0.2577376708607288,0.7265208946513096,0.0074112528882447,11.50823410040846,4.889373205786854,8.130861404815423,4.993385376131139,0.0158826341457709,6.448674650698603,3.372559381237525,3445.3125,0.6897733593430558,0.2930562023514818,1.6629660004664977,0.05611872897566,3256.3764831380663,0.024577580275654,30.24493060878233,4.905027338508519,418.3868391865733,0.6895904793368278,0.475535029191996,outer_race
0.2851785454968968,0.1080492710379453,0.3409905751906428,0.5477995521587065,0.003160601559381,21.353941066209263,7.788626315147242,14.524570216760244,13.52871850450128,0.0040138846818082,8.020640618762474,4.1420958083832335,3515.625,0.5318133956854146,0.19397336517603,1.8648436359712115,-0.4702394634931343,2924.6100526867967,0.0476711294620004,14.122805132074948,3.504786164984228,876.4700850469499,0.5317982479852792,0.2828093765602125,outer_race
0.0782617047740456,0.1622552562222689,0.0687370352965002,0.7292653198384772,0.0397423886260201,5.112565569535589,3.44536191157586,4.3336954668799805,-0.0169216902802444,0.0172921757461639,0.6265207185628741,0.3391623952095808,3421.875,0.0984402811414527,0.0663389819840275,1.2578346130545714,0.0452796350665084,3111.3522270976364,0.0899510738017758,54.632833116029495,6.583761147877897,1152.765061029433,0.096909595031514,0.009391469609172,outer_race
0.2934591283253804,0.0688408336433578,0.3588177622960151,0.570818140522493,0.0015232635245847,26.10184586893201,8.448878638901334,17.080204812748228,17.262536407013155,0.0044633969365955,9.523571656686627,5.012342015968064,3480.46875,0.5932552981515963,0.1920301744611117,2.0215942899339936,0.06095905306899,3020.546731131009,0.0428888109679746,8.863545000629824,3.012262396567906,745.8461343141663,0.5932385075774548,0.3519319268727259,outer_race
0.0815260625818674,0.2185368292893187,0.0706169289663669,0.6663337626815682,0.0445124790535258,5.063755945468298,3.494596409262128,4.327992551614332,-0.1040634281187045,0.0146725618099737,0.658268982035928,0.3528441916167664,3410.15625,0.1009685097488176,0.0696803312435578,1.238481370879727,-0.0767643803907939,2942.8144155273126,0.0887204428639997,67.22865967465009,7.219575021891432,1290.6116103285435,0.0998967261266834,0.0099793558908295,outer_race
0.2680508793935566,0.1058722082923853,0.4057172592158435,0.4861685572388135,0.0022419752041818,24.605716158237534,8.367697563696499,16.554027603735932,18.762281361529784,0.0037471912620072,8.709771656686627,4.437321656686628,2789.0625,0.5302918303283424,0.1803370252729301,1.9783252773804905,-0.0951226299314468,2873.635998780871,0.053550726837431,14.474358365025562,3.5396354874993383,848.223380151884,0.5302785908092362,0.2811953838706294,outer_race
0.0787297209487274,0.1537336540241659,0.0811172330101202,0.7215944951748867,0.0435546177755601,4.974978432301598,3.395736880142963,4.232129458130265,-0.1025939232306165,0.0154958175056137,0.6442217964071855,0.333194371257485,3421.875,0.0981213748349834,0.0669740333132133,1.246306650812147,-0.0598074301159555,3132.882318543697,0.0969383578818514,118.34759227403588,9.48535877584984,1131.7564950463025,0.0968900605807429,0.00938768383934,outer_race
0.4034131570355382,0.008170339413768,0.254666405368188,0.7312875657488274,0.005875689382098,12.451919246037177,5.291362962124802,8.79392050473062,4.66561196250602,0.0345589066495914,6.520958283433133,3.547583233532934,3445.3125,0.6704479089652856,0.2849025249390332,1.6619386286060651,0.1510306476665728,3250.746705983556,0.0203435095806701,53.43607743440076,6.562640435391802,418.1098290427615,0.6695566298731637,0.4483060806071087,outer_race
0.0794424598849176,0.2095561507362693,0.0707769514900772,0.6778057560784373,0.0418611416862042,6.063681374531822,4.0630360408917445,5.12068735773415,0.1539053794481546,0.0121311124625748,0.7730823952095808,0.4068,3410.15625,0.1001221736420326,0.0670879577724199,1.2603105919312187,0.018011199318285,2954.167861333181,0.0896927698322526,55.33033164723465,6.6336937800281,1248.619170597637,0.0993845348393083,0.0098772857652256,outer_race
0.4074266451472056,0.0075773451746035,0.2498531878411441,0.7328682316711802,0.0097012352208341,11.04455603917015,4.765345892886463,7.835168429085359,4.507082636193125,0.0177381858353605,6.15669750499002,3.192256387225549,3445.3125,0.6698897538562383,0.2890343781953778,1.6441972115353507,0.0069836631445829,3264.217378189909,0.0236296681331577,36.289396813500616,5.379758389071005,428.3283493476673,0.6696548656471046,0.4484376390848417,outer_race
0.0828665763590007,0.1594942632023252,0.0726759448673546,0.7242227327463961,0.0436070591453266,5.248143253924164,3.541801235255484,4.437293893987143,0.0081123134109089,0.0190476378298091,0.7344729341317364,0.3677033532934131,3421.875,0.1038181786242697,0.0700635130373913,1.2528353793030012,0.0074052591184692,3094.900882744568,0.0855643073042649,117.94004237508275,9.516310704981043,1144.289222652524,0.1020558754112922,0.0104154017059652,outer_race
0.2861890062160834,0.0631905544738837,0.2602209753722632,0.674684883777133,0.0019035863120082,27.06667536520416,8.40275200591882,17.380715724360694,17.89561607880535,0.0040713873522486,9.363979141716566,4.974169760479041,3410.15625,0.5919691259453191,0.18377468578478,2.068455157562413,0.0453909370846204,3093.9596885657365,0.0438255568960853,16.96094306587028,3.880561359705781,729.2221175333735,0.5919551248848963,0.3504108698774931,outer_race
0.4143902185375342,0.0058921833776896,0.2506770803132033,0.7356523539387783,0.0077783823469081,11.195010526415054,4.802964153127648,7.923995308801358,4.609822825190989,0.0269336559790575,6.503496506986028,3.283626147704591,3445.3125,0.6836665948394228,0.2933115730402174,1.6498135435054877,0.0503334433357614,3262.2395248492844,0.0189131177655022,70.66360067380604,7.486421203039359,405.27348446938186,0.683135851112305,0.4666745910749333,outer_race
0.075702116801553,0.1430759463921923,0.0732504198298794,0.7297289752958497,0.053944658468077,5.438132584679983,3.7153231903462034,4.621805754244616,-0.2184236925826783,0.0147344908425336,0.6285506586826346,0.3498804790419161,3421.875,0.0941722862632882,0.0643383502689104,1.243984848008322,0.0389097507994465,3170.5629674692645,0.0929698629152383,35.19804982221544,5.319816585582403,1125.2816555149896,0.0930124415315822,0.008651314279666,outer_race
0.40200057419341,0.0091759486514458,0.2417613109682151,0.7398850964471778,0.0091776437868855,10.95398867777351,4.730799371594244,7.791420187660274,4.441422588214376,0.0322092285643556,6.209895009980039,3.132155389221557,3445.3125,0.6620774087416107,0.2859374316843089,1.6469563757963013,0.0662256710284525,3264.584831978392,0.0229012499202657,56.10275134375989,6.475695692189059,439.1003803798574,0.661293475516956,0.4373090607612949,outer_race
0.2815443767250654,0.0920693369964802,0.3947114839882339,0.5112067352067933,0.0020124437966814,25.41953921141395,8.772097640898233,17.128002946692618,18.45493465822056,0.0029137991107628,9.357481736526946,4.8222929141716575,2789.0625,0.5497308752798916,0.1897081168177249,1.9525549814717715,0.0846636121430751,2923.847828026456,0.0473601638853957,11.042403601263056,3.160091497865042,823.4311533995584,0.5497231530604636,0.3021955450107378,outer_race
0.081367592451815,0.1609975447707994,0.0704509775789933,0.727767254142977,0.0407842234900508,5.467300315764669,3.721346264395057,4.656751064361112,0.0145566277606512,0.0162142061774887,0.6794615568862274,0.378908622754491,3421.875,0.1018203079836448,0.0693045197575717,1.251361935575784,0.0450124828559006,3131.058296654417,0.0885024884976942,23.713219547973303,4.472792537059794,1158.3041001839572,0.1005210158917933,0.0101044746359181,outer_race
0.4046260668116891,0.0083723741141975,0.2530976013774622,0.7302905271994344,0.0082394972720044,11.208505153762587,4.636914567491764,7.772979690565847,4.432633000040268,0.0165476822721744,6.063703393213574,3.1451501996007987,3433.59375,0.6782851298686096,0.2806038946723419,1.6763258363784062,0.1080564639989613,3255.800000148323,0.0235109041216941,29.047065865381526,4.998826820795878,427.43778066399074,0.6780832482905736,0.4597968916122957,outer_race
0.0762825528045471,0.1587122463578234,0.072683072523479,0.7225202049371874,0.0460844761529075,4.831746978613178,3.2591990856075177,4.095402853541045,0.0380674792542072,0.0139918578662986,0.6190505389221557,0.3124077844311377,3398.4375,0.0958541580999813,0.0646573145932417,1.256567256546606,0.0201017768028395,3128.5330662657598,0.0912325114056635,69.94670489041111,7.485055435120595,1145.7215523239352,0.0948274619427596,0.0089922475385055,outer_race
0.079077883432354,0.2072943397807687,0.0850656316202362,0.6628551229994779,0.0447849055860156,5.377180196549765,3.550172343454911,4.50459568155092,0.0603107289487656,0.0146108706610217,0.7110068263473054,0.3562138922155689,3410.15625,0.1003370703600584,0.0662454816827844,1.268838593105369,0.0593785816326158,2955.665733941328,0.0952105276792251,91.11659919886844,8.304507435633266,1258.0483821215148,0.0992675684549904,0.0098540501469662,outer_race
0.3967216307619136,0.0094340172719048,0.2443972928069834,0.7374649949756936,0.0087036949375492,11.761021430084003,5.049106577439645,8.354696505934733,4.87453377200356,0.0274644651127432,6.226544610778442,3.314488822355289,3445.3125,0.6564505564538976,0.2818198097893964,1.6546880874460217,0.1134871418605556,3260.092656386278,0.022934404731853,56.47491151403008,6.635379147659227,438.3822201040951,0.6558757780439088,0.4301730362247027,outer_race
0.4125231663138566,0.0064023993906196,0.2498336220417875,0.7378333440990144,0.0059306343992876,11.41965463275813,4.907700760013333,8.111456388145863,4.8517149613946415,0.0177843862567833,6.402786726546907,3.346163672654691,3445.3125,0.6818190098137931,0.2930179397068604,1.6528017466419092,0.0428529780168112,3260.0582245511123,0.0220297536120048,35.74297991421618,5.504569742360473,401.67465675405305,0.681587028741694,0.4645608777489307,outer_race
0.3086251602264221,0.0878359309844589,0.3976060078276403,0.5131408568089514,0.0014172042295444,25.06210248780964,8.170595268199218,16.457979327607564,19.12068108731613,0.0060354009753929,10.052704091816368,5.079346506986028,3457.03125,0.6216617443719625,0.2026704068206829,2.014293792236128,0.1816409169196421,2920.335599170757,0.0422851251291927,8.570738112013267,2.95152182049681,795.2123871578275,0.6216324463464383,0.3864268983506576,outer_race
0.4139135412280906,0.0081447212261934,0.2500443062808409,0.7305827647177234,0.0112282077195023,10.73813896747746,4.678993984539495,7.62898191923513,4.276815325656745,0.0231134958111121,6.214768063872255,3.1577389221556884,3445.3125,0.674875610567059,0.2940676156007585,1.630474829513159,0.0602144076029333,3266.1902905594543,0.023301061123403,61.864506031937424,7.01323210458972,440.6673107923986,0.6744796928371161,0.4549228560496504,outer_race
0.4030748827052925,0.0077474187411745,0.2468685503334095,0.7363191807149444,0.0090648501443953,11.718405602562628,4.967462271370856,8.244167049962982,4.731751415267778,0.0176281376212418,6.353650099800399,3.3230166666666667,3445.3125,0.6689565989898547,0.2835724226800936,1.6596335512152494,0.0243513883974815,3264.832207223113,0.0256539869251895,25.878001181078307,4.670942523596675,424.6205572620779,0.6687242930356874,0.4471921800960798,outer_race
0.3933733890617202,0.0072389023775412,0.2455783293091905,0.7377982670782595,0.0093845012220869,11.526193919013792,4.891306527741949,8.134693766451367,4.916917559997798,0.0208298466543475,6.223295908183633,3.199972055888224,3445.3125,0.6542162176381691,0.2776260818074125,1.663092206614725,0.1046130661073783,3268.881269936539,0.0228168342819148,64.78328412301155,7.132491706913561,421.869829731329,0.6538845287274723,0.4275649769091485,outer_race
0.4252487055673808,0.006661674048541,0.2478828532942684,0.7368631428943574,0.0085923297594945,10.774557643490612,4.594665482506109,7.552635812281169,4.221893402775109,0.024256807527523,6.245630738522953,3.211748602794411,3445.3125,0.69901685226551,0.2980863538963728,1.6437836097181266,0.0714011611346905,3266.3040393469178,0.0227968810778706,68.20548557384076,7.289340668754108,417.7630000712932,0.6985958538667077,0.4880361670397545,outer_race
0.0810577292290418,0.158108048017779,0.0793998197436203,0.7167982241226566,0.0456939081151095,5.245239805327881,3.5556174179155837,4.455174734601405,0.0310535566987875,0.0058340161863772,0.70223748502994,0.3611263473053892,3421.875,0.1015650180713461,0.0688483960139578,1.2529960934923,0.0644004220130004,3121.356316895076,0.0868493653146912,60.06027864183128,6.91990010966228,1160.0105819930914,0.101397323194303,0.0102814171509699,outer_race
0.4352966032290887,0.0068580018837102,0.2489444044904047,0.7370007451337158,0.0071968484134886,11.162503071604585,4.798829370713607,7.8801989881141905,4.274123750728943,0.0183494987076628,6.666743812375249,3.430223852295409,3457.03125,0.7148042964872743,0.3072988047834259,1.642108601778098,0.0382830145164158,3261.287845176436,0.0224186225189071,30.07336414004925,5.06100792500693,412.32265219824393,0.7145687357937265,0.5106084781738445,outer_race
0.0795641769975673,0.1253032033367732,0.0733859325603403,0.7573852001927766,0.0439256638750342,4.68256812542641,3.203900279448404,3.9759836675385367,-0.284268411121543,0.0141674754397455,0.5957062275449101,0.316345868263473,3410.15625,0.0987377385908953,0.0675581987896151,1.2409823405062588,0.0297712523124812,3204.8472736105537,0.0860333412135137,105.02517079786854,9.480866128121496,1045.7769223871578,0.0977160358472865,0.0095484236617081,outer_race
0.0791511515835516,0.1194802820645737,0.063422962963824,0.762193860623992,0.0549028943085534,4.691715911507998,3.222468442264824,3.996731088991671,-0.2165758225869809,0.0140654431956399,0.5957062275449101,0.316345868263473,3410.15625,0.0981688025596731,0.0674264755646285,1.2402700478216873,-0.017708460304599,3247.6842837196577,0.0839207469595642,98.85855885321082,9.082221050721095,1040.616934092605,0.0971559421945478,0.0094392771037103,outer_race
0.0816051588814558,0.1105904225418584,0.0737494111782738,0.763358416028792,0.0523017502432154,5.731426279871723,3.8811083235500567,4.857120716598501,0.0025267842554468,0.0176899171383794,0.7164876646706586,0.3963661077844311,3410.15625,0.1021270407165225,0.0691566267154887,1.2514777511171562,-0.0577755714857522,3257.033337930715,0.0825897620740606,76.94261265038193,7.985169259436184,1026.2540825412354,0.1005832952191939,0.0101169992771515,outer_race
0.0809712981848801,0.1546299651468722,0.0681165806221267,0.7338312344158541,0.0434222197977298,5.606425113754365,3.77013688580822,4.731687731235301,-0.0790629422542528,0.0173909569142964,0.6662263473053892,0.3831308982035928,3410.15625,0.1016225431086594,0.0683378249829199,1.2550440141965693,0.0576359934976451,3140.507617857407,0.0881041274056143,46.5331931162206,6.002169445022336,1148.3820265452443,0.1001234032855277,0.0100246958854764,outer_race
0.07459976416308,0.1491093060057495,0.0853911819379173,0.7219670541744925,0.0435324578586412,5.07507499403761,3.3918907600738133,4.277037489373996,-0.0611042945179951,0.0035508687897642,0.615437245508982,0.3190659880239521,3421.875,0.0940672947901802,0.0628692163955809,1.2609596805767769,0.0857339197377177,3138.8640270881774,0.0910811498851617,53.70340579977013,6.4625183783226,1120.6415369757829,0.0940002514889218,0.0088360472799805,outer_race
0.2851095422923683,0.0781989217783244,0.5429206128559981,0.3775789359385426,0.0013015293949968,25.076607401684143,8.304383384975399,16.495074335287377,16.735305654784156,0.0054577965650729,9.368852195608785,4.702903093812376,2789.0625,0.56631574865884,0.1875414412515996,1.986309346595303,0.103616886008735,2862.5805816908605,0.0423621928434171,18.462304651365,3.884182713568194,739.1220670399225,0.5662894486353042,0.3206837396356767,outer_race
0.4012117961830245,0.0068381868792108,0.2579618737516904,0.7264793056408742,0.0087206336709973,11.763122458600025,5.047132846248966,8.355325097397513,4.999503387586427,0.0176114816753212,6.471821656686627,3.35225499001996,3445.3125,0.6641899653010638,0.2849800299043155,1.6554597138466838,0.0478065772413783,3257.9384538682616,0.0235595656353647,29.191347791675767,5.031899017621234,417.8341591543037,0.6639564336007506,0.440838145719828,outer_race
0.4290296052913703,0.0066161246126312,0.2497110975083183,0.7371297081721505,0.006543069662423,10.481766582043887,4.5554010645728855,7.472825496683692,4.543744204357015,0.0247925737879709,6.393852794411178,3.206063373253493,3445.3125,0.703793876281691,0.3058705179283173,1.6404319599429922,-0.0178735341545703,3261.2707135021856,0.0204869019154882,79.88364436515508,7.884309358526575,408.66139112474673,0.7033570562499363,0.494711148576576,outer_race
0.2726389976394866,0.0973807182349958,0.2993236506438338,0.6008858786584427,0.0024097522617911,21.91161385699655,7.72798044504201,14.765123983170728,15.12380760417106,0.0037275610400293,7.804601896207584,4.025548602794411,3468.75,0.5209056404092037,0.1837175768552083,1.9106057641027667,-0.3251745485518063,2978.962606886091,0.0517347961604182,14.46788821714387,3.604105309702347,844.7711325015231,0.5208923031671859,0.2713287914988155,outer_race
0.4145254489556044,0.0063099065097893,0.2523659527861565,0.7338239118501096,0.0075002288174239,11.038235058388882,4.768611797621015,7.804832501256845,4.37545753945602,0.0245272683636632,6.2691838323353295,3.2353016966067867,3445.3125,0.6784577637921434,0.2930995471189943,1.6367095566786447,0.0591311309664703,3262.337267571483,0.0210612753692735,46.0906708339248,5.958889400162153,408.71926680295473,0.6780142700242029,0.4597033503564527,outer_race
0.3038288426564838,0.080579223965631,0.2553405767635531,0.6620714151601489,0.0020087840284598,20.6694629727467,7.330562967694103,13.78001322210062,11.892527913484669,0.0040733702029534,7.819627145708582,4.186765469061877,3410.15625,0.5711383269624738,0.2025580187826965,1.8798028586384616,0.0644680850229514,3051.7317199644763,0.0419808619932475,15.782644598712976,3.769518419653204,786.1058224318623,0.5711238010980485,0.3261823961806833,outer_race
0.0801892558242888,0.136463265112108,0.0673916721227195,0.7393133842463706,0.0568316785088127,5.856315920567229,3.914816839072284,4.929213222602764,0.0641849946107928,0.0183476851375374,0.7056477844311376,0.3952699401197604,3410.15625,0.1009676713798517,0.0674946409109492,1.2591172014501877,0.0135633522812768,3195.148562034355,0.0893778000421378,55.02808297555144,6.5003998300065895,1107.0015726747324,0.0992866210219862,0.0098578331139635,outer_race
0.0790470775051459,0.1400653856209154,0.0741158382844068,0.746346270227576,0.0394725058574152,4.896343031976835,3.213651719497697,4.098550551634013,0.088988830247537,0.0033938259613585,0.6430444311377245,0.3239784431137724,3410.15625,0.1008131780890093,0.0661674316929895,1.275356170915319,0.036571851390943,3158.254940586798,0.0777124099720426,94.52086475040856,8.507496395227466,1093.2439602709271,0.1007560361554101,0.0101517788217503,outer_race
0.4085883973751715,0.0083314950112403,0.2553827057518458,0.728764298582138,0.0075215006113093,12.103246631131787,5.166275928696906,8.547367746750842,4.838742661168087,0.0334794427258763,6.704916067864271,3.4923552894211576,3445.3125,0.675990856396638,0.2885469821327258,1.6544543622366592,0.0519526723622056,3255.067935261683,0.0218611225390706,44.260378404095455,5.847120760348491,426.1898812103187,0.675161288024295,0.455842764846625,outer_race
0.280642576224504,0.0751234206740228,0.310789363942616,0.611390280861662,0.0026969344215628,23.1920666116567,8.226772758905698,15.475589412929253,11.99870068739547,0.0047526948544317,7.645821556886227,4.343109281437125,3433.59375,0.5279238176033968,0.1872670234249072,1.881125183162075,0.1078573612521091,3016.5795056623115,0.0508930746427346,12.965618370564696,3.5266660656859106,760.0063969330026,0.5279024238290303,0.2786809690845652,outer_race
0.2894329499692021,0.0840725162275504,0.2664639989159373,0.646720882238238,0.0027426026159494,25.022942620894373,8.508511969694512,16.720102542952883,17.724287988728562,0.0058139165516623,9.435450598802396,4.839348602794412,3480.46875,0.5687655632419781,0.1933964632422373,1.9651030171322892,-0.1928702007382249,3038.804583095867,0.0487478848052183,14.912210541240595,3.728467251622809,812.5462526110541,0.5687358475639591,0.323460464304295,outer_race
0.0815567693909056,0.1300847092896507,0.0669056335662744,0.75965596808264,0.0433536890288226,5.725694581244889,3.883910963948983,4.860002557048682,-0.0050558979801205,0.0176264616860029,0.7164876646706586,0.3963661077844311,3398.4375,0.1020533455744887,0.0692258558608364,1.2513166759382284,-0.0535050508594542,3193.30665180963,0.0837656687100741,63.07952193537847,7.131238737385282,1075.1398350692357,0.1005196159531953,0.0101041931913778,outer_race
0.3156188729474644,0.0752452627783876,0.4338243793807352,0.4896726363107664,0.0012577213790103,24.401412189529097,8.089672501813824,16.07656512389249,16.459684792612297,0.0058682466609749,10.086815469061875,5.074067365269461,2800.78125,0.6272277850718654,0.2079415455900047,1.987294926993384,0.2705680316738941,2950.144356815281,0.0415659100263433,9.417035421165762,3.0274142027122988,744.6176330804437,0.6272003332646469,0.3933802580472841,outer_race
0.0864347115339632,0.1111155321346569,0.0722702998661509,0.7750786617566339,0.0415355062307588,7.508204141950401,4.991227545283591,6.369667342096728,1.5132297046807537,0.0142305740667103,1.095639880239521,0.5505603592814372,3421.875,0.1103056020360529,0.0733278356411895,1.2761725015153194,-0.0515710109713158,3237.8911358956952,0.0817603004041616,86.65157375661792,8.226955382640364,1005.2493667981964,0.1093838041131682,0.0119648166022679,outer_race
0.2768462102650167,0.0839616859520176,0.3242415252414534,0.5894465316015657,0.0023502571210904,22.33881971840828,7.400990811437328,14.683022454471168,15.739409196118151,0.004078525614786,8.075868562874252,4.064939121756487,3410.15625,0.5492425575606201,0.1819674975221174,1.9839265888265047,-0.164594829121537,2987.37987643574,0.04459215255642,13.493527892818676,3.5235812239282387,793.7524432918075,0.5492274143417649,0.3016507526645406,outer_race
0.4083623523948197,0.0055531521492471,0.2478922891649721,0.7400825893422632,0.0064719692790419,12.67419551201317,5.308255952370496,8.890205300293132,4.910976039113348,0.0187135500970714,6.756895309381237,3.630425149700599,3445.3125,0.6839205159425984,0.2864422555466751,1.6747883636475844,0.0905596475844558,3265.58969190881,0.0215002013419581,35.50078027229854,5.3488662679044445,397.9902203256684,0.6836644463257939,0.4673970751699543,outer_race
0.4189729830865612,0.005708313351663,0.2467147797453012,0.7418351182689028,0.0057417886248515,11.687448062916747,4.904156007334874,8.175588729298816,4.568226358801513,0.0265466035214726,6.409690219560878,3.4253507984031937,3445.3125,0.6984587752265806,0.2930794455696049,1.6670735427402883,0.04516704835172,3262.636634015824,0.018567625773447,74.61845545462472,7.74081672304564,394.6723905704994,0.6979541091880531,0.4871399385324887,outer_race
0.0752076360755052,0.1792725287727562,0.0798468192658529,0.6950566680519898,0.0458239838373046,6.580558559510632,4.453031063149671,5.580688890956573,0.0597100892059567,0.0153649616976983,0.7193295808383233,0.4197104191616767,3410.15625,0.0942527490173876,0.0637803638347819,1.2532337663526874,0.0035965529792567,3040.05453895368,0.0926105456838754,101.56373663435798,9.016745723945144,1199.091990885586,0.0929919278720627,0.0086474986493629,outer_race
0.4195944084974582,0.0061624253139701,0.2465113378033048,0.7403222038961206,0.0070040329504397,11.008583090028129,4.7537354620652446,7.825714740725584,4.787960278225269,0.0265077396476578,6.510400000000001,3.283626147704591,3445.3125,0.6907465032305418,0.2982787267762904,1.6462242804999774,0.0477368688841197,3263.6061771119494,0.0196846453585074,62.53112313344052,6.9282142438846055,403.006392456688,0.6902376920047129,0.4764280714639928,outer_race
0.3964232117308352,0.0080510600380019,0.2588401353729713,0.7206246633754708,0.0124841411474559,11.410367520938443,4.92616452578444,8.09976896440131,4.595878588065901,0.0182392522084736,6.405629341317365,3.2109364271457084,3433.59375,0.6518126648712368,0.2814051713280507,1.6442343575829934,0.0857044775262254,3260.7785577276222,0.0233776636169217,37.85433274578441,5.532490147428219,442.7858066298533,0.6515574262990322,0.4245270797654188,outer_race
0.2920790642348116,0.0722085323984843,0.2490123619283522,0.6765268494317408,0.0022522562178368,25.463652113504267,8.146768002131136,16.624238811806446,18.26669988480623,0.0046144901603043,9.541439520958082,4.855592115768463,3515.625,0.5960145317134691,0.1906871839956285,2.0405931293805915,-0.0431388528453889,3093.4827201003777,0.0427810790058943,17.908485898707166,3.98550238409679,763.6139568740084,0.5959966681905079,0.3552120284941863,outer_race
