feat_abs_mean,feat_band_energy_1,feat_band_energy_2,feat_band_energy_3,feat_band_energy_4,feat_clearance_factor,feat_crest_factor,feat_impulse_factor,feat_kurtosis,feat_mean,feat_p2p,feat_peak,feat_peak_freq,feat_rms,feat_root_amplitude,feat_shape_factor,feat_skewness,feat_spec_centroid,feat_spec_flatness,feat_spec_kurtosis,feat_spec_skewness,feat_spec_spread,feat_std,feat_variance,label
0.9641254771879884,0.8518662834796279,0.048196911479959,0.0690015199015097,0.0308969662336547,23.89113560010998,9.815179292280378,17.480504767030308,20.848904091146014,-0.1993081582221679,30.993,16.8534,8487.6796875,1.7170751035852367,0.7054248187316143,1.780966424197538,0.2945145876600614,9744.81427622402,0.2304971088669865,21.235932478025862,4.289138931422039,8745.47241533835,1.705468606987047,2.908623169418339,inner_race
0.8261326937597656,0.5944593633365377,0.2039383943886652,0.1372763892981382,0.0642402856032556,17.563990754923882,8.027670906005996,13.324251761425804,16.88986037776119,-0.2075563544335937,21.0223,11.0076,7820.109375,1.3712071818694678,0.6267140625153275,1.6597904818765186,1.052342382900795,14179.411059571969,0.4624323113593985,15.846515213706724,3.409050245214026,11490.728008000213,1.3554075015819576,1.837129495344644,inner_race
1.031781857290039,0.8431910322488808,0.0916149684295223,0.0447506957656915,0.0204293234922279,24.590233541441545,9.313810238233708,17.6436519709831,26.224618348030077,-0.207933760571289,34.3671,18.2044,1144.40625,1.954559899155979,0.7403101710815558,1.8943538165030387,1.2419677053523392,8106.183138287241,0.2199877757571449,20.790432343893045,4.237736086951915,8524.12137377306,1.943468021502621,3.777067950603312,inner_race
0.94334553438916,0.8786944576821257,0.0695485660443243,0.0353748520269518,0.0163721561563479,30.963893918532584,11.664748318539242,22.63126205799456,38.854022846266176,-0.2173281502006835,36.2266,21.3491,1335.140625,1.8302238005486184,0.6894836953055857,1.9401414792658496,2.1517899603505373,7356.829308089156,0.1980122204943624,14.227388371298154,3.625775126888807,7860.913974480791,1.8172747825315183,3.3024876352249777,inner_race
0.9396277755427732,0.2328094952274971,0.1730705115597131,0.5425270233286641,0.0515821752804273,26.82690680211999,10.62674386738606,19.34414932498192,22.60725844581728,-0.2182873264216797,33.4838,18.1763,28514.7890625,1.7104298576146035,0.6775399092437904,1.8203270509181984,-0.0078077517606462,22114.51562804856,0.4009498134095393,18.151237101735965,4.003547446411664,9907.802969513905,1.6964436156097815,2.877920940943188,inner_race
1.0825506198842771,0.8781155603966617,0.0594777469252266,0.0388782696838076,0.0235230664222117,26.89174014030205,9.574062036616905,18.96253128763105,27.103152772139413,-0.2015324700063476,38.2815,20.5279,1430.5078125,2.1441160420194803,0.7633533528473784,1.9806150425082965,0.8565715894371461,6633.603626137878,0.1907157733629413,45.88377125525229,6.337156867517588,8529.484003875985,2.1346236823333573,4.556618265178422,inner_race
1.1527708724609376,0.6871711329281864,0.1732318778318084,0.0988928311287654,0.0406901130702402,28.93219029652212,9.373953618915806,19.682141995454376,28.233313687822744,-0.2093119942382812,40.0739,22.689,1239.7734375,2.420430153848384,0.7842130086752332,2.099662831245245,1.286235412641412,10651.744894062453,0.3640778949191148,29.64132928671396,4.985323477012052,10753.389704585674,2.411362813582084,5.814670618726503,inner_race
0.9444167671333008,0.8864504770217991,0.0583232925597582,0.0363818279915912,0.0188220648903421,34.7005946555434,12.755159293472463,25.04773403357113,41.81524885387874,-0.2067775885893554,37.4844,23.6555,8010.84375,1.8545828755040208,0.6817030150294859,1.9637335338014532,2.035856211230286,8089.032007840262,0.189949473239591,24.799990684763262,4.636812145475837,7449.437935832657,1.843019444002134,3.396720670969936,inner_race
0.9341111596914062,0.7071611328033516,0.1056190740333691,0.1300682531556849,0.0571259400623049,25.808062705269283,10.190277634639411,18.88854427756637,29.177790676708305,-0.2162838459921875,32.9393,17.644,9155.25,1.7314542971845477,0.6836623190781999,1.853584853601955,1.2158652929296578,12533.462576629918,0.3319173132015935,42.328910505417234,5.740661770949354,11166.00338454553,1.7178926861715385,2.951155281201664,inner_race
0.9918697007299804,0.8254231645816725,0.1048575565225768,0.0522671688524237,0.0174214014846664,27.56210825365699,10.586502134413942,19.907050276329887,30.03390796007495,-0.2204030288159179,35.9568,19.7452,1335.140625,1.8651297425061235,0.7163893203771947,1.8804181044480488,1.7174809777273834,7983.440513279393,0.2619354596279983,22.84965131061099,4.426796337460691,8664.400920039294,1.852061408611963,3.430131461269727,inner_race
0.9594450497725098,0.7726308908619138,0.1213893274693766,0.0807558338447002,0.0252150281431197,25.57742190632608,9.67382311040806,18.42825704733403,28.99785531495417,-0.23086301526958,32.3397,17.6809,1335.140625,1.827705530502944,0.6912698263630305,1.9049611344978057,1.4241009981598174,9536.121129179606,0.2698710712539169,17.3632328321335,3.868395151873176,9689.577462037556,1.8130664009935444,3.2872097744116844,inner_race
0.9024156430273438,0.8292490442959682,0.0731755132970738,0.0476951261862289,0.0498513146254804,19.681379886123143,9.148774953688095,14.972369001354512,16.0545658999552,-0.187446243,21.22753,13.5113,1907.34375,1.476842535573931,0.6865016618843116,1.6365435894036044,1.4810683403422802,8921.11436101617,0.2574135120982982,13.01872280421113,3.545176912381482,10001.425989369644,1.4648985565101846,2.1459277808656223,inner_race
1.047143894053711,0.1542742854026765,0.2939646344591297,0.5147991733479099,0.0369084736669771,25.276191023434254,9.101823470771352,17.581824336222184,20.60421317335347,-0.2249510763603515,35.070899999999995,18.4107,28228.6875,2.0227485249655963,0.728381107063597,1.9316815353190075,0.1628729667764633,22408.44774877239,0.3258219621385015,18.073233664279485,3.758151874959791,8394.054976525895,2.010201136328108,4.040908608494815,inner_race
1.0476647476894532,0.4922462460826468,0.2283678708453456,0.2252880400447622,0.0540493584619616,21.00766585540028,8.45342251527893,15.09318704754886,16.951859169598627,-0.2271062491904296,30.2672,15.8126,9345.984375,1.870555975573196,0.7527061839635637,1.7854528175149238,0.3250190389627629,16397.522591021345,0.4882065458779253,76.59103793800527,7.453450368121869,11017.61191001287,1.856718182528314,3.4474024093312456,inner_race
1.0064188824008788,0.5388032122470537,0.1923893260097106,0.1292774320083606,0.1392950676796884,29.13412698505407,9.78301180046638,20.38703800057208,36.1900279444015,-0.1835028551284179,39.4791,20.5179,6008.1328125,2.0972989114683336,0.7042565583147822,2.083922458276109,0.165643308614906,16558.961619526683,0.6185097995806182,12.967420820651212,3.2474981165523267,13357.85430085509,2.08925571106219,4.364989426205977,inner_race
1.2137641302192383,0.8511678589209568,0.0968075286183788,0.0322541874343098,0.0197062546414237,33.51596114966148,10.330186232577637,22.361428653438225,34.09190640939257,-0.2234161361459961,54.2761,27.1415,1430.5078125,2.627396969321388,0.809808194931451,2.164668491930808,0.245700753528787,7719.77989098852,0.2120404918270742,32.32080781911459,5.2239790280396585,8314.100466590244,2.6178808346654754,6.853300064508806,inner_race
1.0322025713037108,0.7864075374462138,0.1116613189607041,0.071875725753524,0.0299280894624972,27.14818715129333,10.221851250771175,19.54073799150154,33.66218115866116,-0.2302087815478515,36.239,20.17,2956.3828125,1.9732237835566528,0.7429593691687478,1.9116633095230489,2.07855437387277,9184.19555709385,0.314421534562205,30.374156742655487,4.8857559144190015,9807.0362669512,1.9597489678251865,3.840616016891884,inner_race
1.0130709946030274,0.907695158094434,0.0370084572554509,0.0275714272044108,0.0276858376406082,29.485594174822587,10.164610395373296,20.68976420375481,33.09914017934844,-0.201623660387207,39.139,20.9602,1430.5078125,2.062076084051448,0.7108623918421042,2.035470460645725,0.8369205744743949,6147.662510381516,0.1563838804965657,34.77419272295777,5.531710833975458,8234.025304687708,2.0521953308564505,4.211505675989016,inner_race
1.0252824067988282,0.3461052466178125,0.3716434230466747,0.2607082064585459,0.0215033746370569,31.532921194599137,11.66759034877833,22.398804317439154,32.11753160858597,-0.2223273302226562,43.3511,22.9651,19359.5390625,1.9682813086083872,0.7282896455509296,1.919745521386466,0.3697947057140527,17955.791881672634,0.3845163720957958,8.999395069788342,2.6484704916194763,9381.52768059713,1.955684501153806,3.824701868053211,inner_race
1.095335695809082,0.6678501381551251,0.1366812094143629,0.0961181926755529,0.0985097638934761,28.95071666019256,9.634454436910849,19.985197308693877,32.62335400857539,-0.2135403386831054,43.7477,21.8905,8583.046875,2.2721058201422024,0.7561298138812429,2.074346548583798,0.6426696917695418,13365.884672775384,0.4954790054806596,11.227807438695253,3.157556431840105,12743.339209753129,2.262048934413041,5.116865381679174,inner_race
0.9342348329255858,0.4404379665546256,0.3170335870199981,0.1874658581263809,0.0549173345829572,23.3248387998646,9.816626580497834,17.031477995926302,18.852759612057525,-0.2304332600919921,26.9374,15.9114,9345.984375,1.620862306366051,0.6821654861808676,1.7349623983621651,0.8215937797262395,16643.68672485069,0.5217046274064431,48.60085109074821,5.765478198640443,10542.169083227043,1.6043986813886535,2.57409512884165,inner_race
0.9118434718789062,0.5032238233939654,0.2166148283021613,0.1780430580961297,0.1017669570423844,20.998108558630324,9.604433137735876,15.896917011569084,20.408213922567057,-0.2197584328730469,24.35747,14.4955,10299.65625,1.5092509669359968,0.690324081310756,1.6551645249223508,1.347054515905845,16820.355423912926,0.5337750887484897,25.55408740107668,4.678011843187009,12529.268475833636,1.4931660029542675,2.229544712378424,inner_race
0.9701387052832032,0.8643656855376365,0.0646586509128849,0.0395246861016815,0.0314294365325169,23.180254838577323,9.750539422095068,17.119407678051285,21.385913577773696,-0.1951448291308593,27.2131,16.6082,1430.5078125,1.7033108919456528,0.7164804751136774,1.7557395480354758,1.4353363320137558,7582.469120096125,0.2199380419047512,20.10652792056247,4.217426026961177,8911.662036237105,1.692095295863736,2.863186490284184,inner_race
0.9223328833447264,0.6058494896937423,0.1857025331781021,0.1526187456197089,0.055769201606554,30.525690456477037,12.792408467674049,22.371640838796708,27.52051920158284,-0.2188255522421875,35.8065,20.6341,9345.984375,1.6129957116473903,0.6759585022137246,1.7488216464732995,-0.4812529386928916,14685.289255091728,0.4310277158169078,82.16288971427684,8.039208975178614,10631.13912656352,1.5980833969098025,2.553870543478773,inner_race
1.0397177387382812,0.9059381612011514,0.0448421673611415,0.0265461273481521,0.0226579396423466,26.420361123835637,10.712815595349772,19.32736092815507,26.00688080383234,-0.2173647729638672,33.7807,20.095,8392.3125,1.8757907126416749,0.7605876356425314,1.8041345672509013,1.4249912502626627,7907.757344859853,0.1646135457141422,24.11479684282588,4.393008972868951,7447.328564097706,1.863154140995084,3.471343353107129,inner_race
1.0740115548359377,0.3772907589501403,0.3435564388707623,0.1575236892481039,0.1213759637542736,29.944517558638665,10.203007010714078,20.78590300028028,31.945714447283382,-0.2102031011435546,40.0821,22.3243,2956.3828125,2.1880118259800736,0.7455221128970798,2.0372330410488995,0.6347316330290479,18240.6381456283,0.6160786240361205,31.22223572937343,4.614891758224136,12335.42241635138,2.1778912752702526,4.743210406898288,inner_race
1.0005658244248046,0.8973115665510404,0.0612587222429629,0.0274298934574047,0.0139741734694513,29.945507926548892,10.76066329709905,21.210198751491447,33.53055438215275,-0.2071893800966797,36.6837,21.2222,1335.140625,1.9722018442600333,0.7086939400745632,1.971086555343616,1.8675967118594532,6651.578663356287,0.1722475263251809,18.675704933272147,4.09838539096609,7397.147599019514,1.9612885242303923,3.846652675277831,inner_race
1.0213025441187988,0.7845600611046912,0.1154469510224042,0.0639013218353488,0.0360268063361085,31.193086828403487,10.598083352949358,21.57323520525484,32.99280409096834,-0.2105806249329589,35.408100000000005,22.0328,1335.140625,2.0789419432022544,0.7063359942927353,2.03557893317108,2.1006509783091167,9138.825281092892,0.3067713187675089,21.49413259990981,4.363141931856044,9924.499582029095,2.068249357212135,4.277655403608411,inner_race
0.9485008978779784,0.4033644946491297,0.2933414057741544,0.2408360474073031,0.0624136895078589,21.00569588963584,8.745091565133325,15.31627437833898,17.02580564314494,-0.2404253727080566,26.9686,14.5275,9155.25,1.661217597528782,0.6915981301608691,1.751413837609769,0.7292054132578736,17997.782922163628,0.5492845007858008,18.15319118476538,3.799943309603613,10851.23151693634,1.6437273333790767,2.7018395464974905,inner_race
0.9229516937998048,0.2041504566840772,0.5612098330861859,0.2000914139247471,0.034543138476069,21.61236683046273,9.12786442236817,15.875695443686178,17.7640066186249,-0.2210439375791015,27.3636,14.6525,18596.6015625,1.6052495219027911,0.6779683185530256,1.7392562716841191,0.8079064122959404,18774.857116273368,0.3675738726679733,27.0263434191532,4.725875710087861,8287.88179349135,1.5899577369316034,2.527965605228666,inner_race
1.0987140492382812,0.4105965918051678,0.3154982638969985,0.1865186965983529,0.0873195981410105,31.68196361766578,9.638720458628953,21.2811513752921,35.20492969588865,-0.1985116035644531,46.074200000000005,23.3819,2861.015625,2.425830285291408,0.7380192806913747,2.207881374569837,0.7236806661726396,16776.615322090824,0.594068262884974,34.691648669303426,4.791642453774951,11943.103098619382,2.417694297525488,5.845245716287263,inner_race
0.9402612479790038,0.7935632698222705,0.1153059099144978,0.0666497543687745,0.0244434523949222,24.346780045377997,9.734112313955798,17.943842773765738,28.432407307974277,-0.192972297074707,31.7118,16.8719,1335.140625,1.7332756656003194,0.6929828079341018,1.8433979591584997,1.5729948233629565,8988.920438683748,0.3068890722133526,17.379067742865047,3.820526362588339,9226.04942475832,1.7224999928951934,2.9670062255239413,inner_race
0.9272132253920896,0.6608622045740712,0.203773482304787,0.0753854544577542,0.0598045404624892,20.76255093628886,9.330238093722013,15.513907271886849,15.564158513041178,-0.2001642335766601,24.22319,14.3847,7629.375,1.5417291451199897,0.6928194923706783,1.6627557749384347,0.8751673279572182,12536.765478205576,0.3801682644337883,18.461681760479,3.634835939623847,10720.94977407266,1.5286801616129786,2.336863036509082,inner_race
0.9208270918330078,0.7719178591681016,0.106661782382958,0.0792484172230565,0.0421276482889941,22.3908834321732,9.45476852481473,16.615931628969417,22.2338786068812,-0.1820718398408203,25.1628,15.3004,1430.5078125,1.618273356967226,0.6833316803398224,1.7574128425629556,1.5534433358670503,9681.221944801688,0.3312146086580954,19.16980029347549,4.046806887586881,10576.828033894371,1.6079982907350847,2.585658503006954,inner_race
1.0462256349853516,0.9113085066487162,0.0391504657790402,0.0281663945281599,0.0213581449266433,28.34992950275445,10.028907840994442,19.7491815427456,26.7668593816324,-0.190643764633789,35.5131,20.6621,1335.140625,2.060254249773941,0.7288236818364043,1.9692255483711092,1.2992771214984258,5922.6707591211125,0.1539474069578008,45.66865981520196,6.39405368995507,7805.592266224949,2.0514147627229957,4.208302528717843,inner_race
0.9046837413916016,0.689768621851208,0.1107893332402842,0.1652651054361812,0.0341696004396473,22.816668451085203,9.248719292125134,16.705395828991847,23.17830897799884,-0.226649557055664,28.5478,15.1131,9059.8828125,1.6340748943335452,0.6623710219745597,1.806238820894449,0.394554170535184,12306.825414893783,0.2950774063133372,21.493230961286404,4.183854245049739,10669.927193012862,1.6182801792574912,2.618830738577658,inner_race
0.8985181276298828,0.5826224563335375,0.1343205173409218,0.2248059768357144,0.0581612921843339,24.42678254533645,10.587292004885503,18.225119222909463,22.55412789916428,-0.2307894544443359,29.0004,16.3756,9059.8828125,1.54672223949651,0.6703952912998941,1.7214146180628145,0.9198124721299707,15115.062677813992,0.4166270842049948,32.97371663169371,4.947517856821506,11579.69645622781,1.529407046495597,2.339085913870385,inner_race
1.0794994873950197,0.9028120031503964,0.0544523865364485,0.0315260325792259,0.0111667002752847,30.1828294822841,10.022134145106934,20.82224240258004,33.8038464703731,-0.2005481033032226,43.2072,22.4776,1430.5078125,2.2427957633129614,0.7447148059194812,2.077625593621295,0.4020151836880429,6457.949523754843,0.1527252493232219,29.24937613169879,4.948964265766582,7195.096613791474,2.233811382860256,4.98991329419605,inner_race
0.907065130767578,0.6778605798094206,0.1444627284999133,0.1247656892945949,0.0528185870319921,20.67193718816985,8.858839585658897,15.390074567398392,18.078865556113,-0.2104015175742187,25.9874,13.9598,7152.5390625,1.575804580839095,0.6753019745043016,1.7372562646142236,0.1763243022751159,12862.75155841676,0.3859332904703324,9.079340557853955,2.964683089262219,11121.639750814673,1.5616950017195872,2.4388912783959418,inner_race
1.1191383720046386,0.9154819469729047,0.0394702980433137,0.0222891871385307,0.0227541452590363,27.60512110088812,9.312524186092167,19.022223285818814,29.00146170621197,-0.1833175513278808,40.8232,21.2885,1430.5078125,2.2860074856818526,0.7711793736458232,2.042649544387508,0.814753408845852,5806.820809749849,0.1392536505682279,42.71159670244362,6.167316196578524,7691.401041054171,2.2786454090025976,5.192224899968616,inner_race
0.9525764881933594,0.7653279966962234,0.1504915598914002,0.0631790755887769,0.0209624564536551,32.40249845967616,12.057233635918996,23.30532012406094,36.584980607934256,-0.2321402955820312,36.603,22.2001,1049.0390625,1.8412266586478832,0.6851354387880704,1.932891144667997,1.9412636342623275,9607.556472031443,0.2860344814306667,11.0520142334031,3.234901107455317,9048.41206854993,1.8265340105464052,3.336226491682736,inner_race
0.8909742461923829,0.768085523660871,0.0693934230738057,0.0908028899561541,0.0717020329696206,19.05530215295341,8.296336616841485,14.131497126664806,15.995453636526584,-0.1924893976748046,23.0433,12.5908,8392.3125,1.5176336956290797,0.6607504776852113,1.7033418217358731,0.5553292351271256,11346.583581790526,0.3026882807805015,12.59360048165933,3.5128828567313883,11304.917425114383,1.5053769846425742,2.266159865891569,inner_race
1.0661808318452148,0.8333168749078022,0.0800717058766893,0.046675960612453,0.0398260875690242,25.589880456383607,9.33315531592549,18.152267816056277,28.50478917033295,-0.1811887930766601,36.7604,19.3536,1525.875,2.0736395511361816,0.7562989609500924,1.9449229335209308,0.8436768536611573,8416.65404466943,0.2601057121129745,20.793053968014657,4.194894736518885,9665.728906581802,2.06570850056335,4.267151609299686,inner_race
1.1061301331244628,0.4872424612332609,0.2599877085269052,0.1804066426288014,0.0722327429292412,28.78316867722638,9.55794286569406,19.626352587175425,28.406553628405742,-0.2312921517572753,40.1207,21.7093,1430.5078125,2.271336029630425,0.754235930152356,2.0534076069464176,0.492531111935153,15758.002348621776,0.5252091097975917,7.15645194923956,2.414563652342023,12141.75111610869,2.2595289995998717,5.105471300032795,inner_race
1.007943772117871,0.6244107142567131,0.1728710380691419,0.1480095628952904,0.0546758246407576,28.4819509413274,11.352492988632608,20.745700879785467,26.22395435456037,-0.2133025918737304,35.9922,20.9105,9250.6171875,1.8419302280950929,0.7341667023819917,1.827413670332886,1.0469045129206165,13829.770812118344,0.3702621884409194,49.97245959488368,6.039848368338907,11071.556536873031,1.829537911460265,3.3472089694703886,inner_race
1.0298945505078123,0.6510268994627708,0.1822830368748548,0.1105430906208077,0.0561427669516551,24.27071654047729,9.34341503342305,17.441203073793467,22.80230904880076,-0.2341577230566406,34.864999999999995,17.9626,9155.25,1.922487648867636,0.740093518460529,1.866683970625644,0.8142085214981989,12911.290571238347,0.3689343990318615,12.789004008461404,3.3769464402187523,10927.57608081987,1.908174237532186,3.64112892078154,inner_race
0.9189736143203124,0.7821240562751965,0.1375298800380128,0.05908970563626,0.0212040164111125,27.853344650641777,10.844296638236528,20.14410393457455,30.656903808963957,-0.2016893357167968,31.4994,18.5119,1525.875,1.7070632257262155,0.6646203618341204,1.85757588588524,1.7021547701675444,9064.826646773648,0.3006969745424196,11.642538677413343,3.314582383973831,8874.789201674437,1.6951065655246895,2.8733862684849094,inner_race
0.9472463805317384,0.6622602499730658,0.1528543585476271,0.136310043776957,0.0483803932488455,26.926626099378204,10.658578086178924,19.52617648390188,25.42872434624777,-0.2235142500815429,31.961,18.4961,9059.8828125,1.7353252798310932,0.6869074473621898,1.8319682349770132,0.9870539284927164,13060.605152974033,0.4023672413960659,20.56668587143904,3.8819392034036166,11217.083548531757,1.7208704793886571,2.961395206831347,inner_race
0.9019939939621092,0.3890421898597141,0.3020221535922222,0.2691532864973604,0.0397203135547814,21.23636238166889,9.158041944433965,15.689350588507889,15.146389135952797,-0.2272101927566406,25.9793,14.1517,9155.25,1.5452757353443942,0.6663900222486159,1.7131774110341889,0.5039368892695569,17904.080118691843,0.4288549998424712,7.485975653724655,2.5879498761585724,10077.08863079068,1.52848049596704,2.3362526265516483,inner_race
0.9892455141288086,0.5546705904133857,0.2749777304821917,0.1103959982637009,0.0599414262298195,25.565260283878324,10.455372206343217,18.63955887253997,23.499508592323163,-0.2100171610499023,31.8346,18.4391,9345.984375,1.7636005333997673,0.721256102822777,1.7827733441408669,0.7461702467019736,14792.740456647873,0.3912647436406788,23.91795434226555,4.180948973578561,10510.942683461066,1.751051008244044,3.066179633472484,inner_race
1.041499500570752,0.6120193824827079,0.2904704794399339,0.0610101579140148,0.0364467040347108,26.04102033681056,9.418476598238382,18.538078980757412,31.60884218064892,-0.2341784622309082,37.2662,19.3074,1430.5078125,2.049949352065198,0.7414225614158375,1.96826724443152,0.8179579334733978,10989.642289436091,0.3275233162855506,23.329321921066867,4.352640326006356,10103.938158139206,2.036529595625778,4.147452793859694,inner_race
0.8778888912197266,0.5984747376920653,0.2359781250648994,0.0911680312327391,0.0743132519857268,22.54362488687005,9.741266658540177,16.831742772675796,23.744237243156963,-0.2059286053134765,26.4062,14.7764,9345.984375,1.5168869221997447,0.6554580318893671,1.7278803016771327,1.033007689795535,13856.016030399269,0.4451542821745052,31.270829169268183,4.783132998006423,11368.526625165889,1.502843752442103,2.258539344254261,inner_race
0.9719991735166504,0.8208551325747978,0.1092541119468574,0.0499724653947738,0.0199081512838638,25.33927921076175,9.55945884943933,18.190241804456768,27.79679077341509,-0.2367153051582519,32.3397,17.6809,1335.140625,1.849571223483744,0.6977664933930249,1.902852670946289,1.4009337545577114,8405.51429274803,0.2432322488056773,16.792791317447165,3.831642106618333,8591.65963373053,1.8343608083043497,3.3648795750429867,inner_race
0.9314605229467772,0.4529409737470534,0.2346715209324578,0.2456690719885405,0.0665874533777818,36.18385140320472,14.54249081245543,26.61315148555837,38.06019681045223,-0.2353894313891601,39.0475,24.7891,9059.8828125,1.704597948156756,0.685087381212396,1.8300270448006468,-0.8049100760208823,17161.162503856765,0.4707621117126314,38.24081476495324,5.213052428123834,10964.87652042125,1.6882671531634177,2.8502459804505107,inner_race
0.9488191247851564,0.2473539631091737,0.4497106850474995,0.2699374805629894,0.0329816391728689,34.21317665972774,12.928991304274287,24.34215267870972,31.809543381435624,-0.2210661986230468,40.3787,23.0963,18501.234375,1.7863961276209095,0.6750703166124473,1.8827572937312032,-0.1220120726921976,18646.02024980466,0.4017967833334615,11.244296872150516,3.0368537488037006,8981.524377096368,1.7726649036423483,3.1423408606053367,inner_race
0.8737506174931641,0.5167012127718177,0.1650854341369919,0.2556464608602786,0.0625485741971622,22.407040037762645,9.498176616823685,16.607599135818095,21.34998578949463,-0.2151463047304687,28.5031,14.5109,7724.7421875,1.5277563879258165,0.6476045017791168,1.7485039293122662,0.0944574799753618,16304.208818474766,0.4056089317975592,9.211392834701408,2.6658569481612138,11852.667843931556,1.5125315363353455,2.287751648408961,inner_race
0.9193261118759766,0.8830870750943008,0.0370011849794564,0.061813903858497,0.0180099945830164,32.48063039625923,11.68097087297966,23.30239479033752,41.24364487687734,-0.1936625384648437,37.5745,21.4225,1430.5078125,1.8339657065282455,0.6595469280813963,1.994902225485422,1.6584179720535612,7421.367848804807,0.187084058846911,15.072064520540833,3.806090168323692,8463.03851409071,1.8237118834720027,3.325925033917,inner_race
1.1802915414760742,0.7659284167412598,0.1159391881127266,0.0763104084663528,0.0417990951053958,26.881142034440387,8.782841815243328,17.92811289110551,23.696237318619897,-0.2017770492954101,38.6074,21.1604,1239.7734375,2.4092885247317586,0.787183817297981,2.041265602665168,1.0113775264539986,9626.290165408987,0.349163999476258,31.202956333804856,5.240533486398396,10752.66348051965,2.400824278822124,5.763957217781772,inner_race
0.9280116565800782,0.4704953999197998,0.2294959306930933,0.2403712629434872,0.0595985071794766,25.235014982998518,9.985069269649015,18.26507229711437,23.594911620385336,-0.2301762379570312,33.3317,16.9502,9250.6171875,1.697554572958492,0.6716936768779329,1.8292384162655289,0.6907352578983477,17214.508535270186,0.4498298529047463,69.69408104561576,6.688601356460216,11004.559747731988,1.6818770548563398,2.8287104276522355,inner_race
0.8989428088085938,0.7460354327247485,0.1396153608032772,0.078235184063484,0.0360565858345599,26.760075451988232,11.395851027468105,19.970124711039773,24.002927144488545,-0.2107535277929687,29.6231,17.952,1239.7734375,1.57531016829978,0.6708501264209327,1.7524031038054624,1.6289359732930024,10254.69078599819,0.3595844852517633,9.6588115751314,3.075930747643929,9929.168896120069,1.5611486402234414,2.4371850768715,inner_race
0.935107275256836,0.7091214522262823,0.1392523692727429,0.1146484384764297,0.0369486013534902,21.750192621001062,9.60876221333042,16.174187069441725,18.125903701277075,-0.2179193060615234,25.9997,15.1246,1144.40625,1.5740424899907868,0.6953777496846776,1.6832747767452256,0.995596018430399,11247.762232000903,0.3848395110758002,9.392172088997778,2.952962711836372,10529.833696148931,1.5588845166791736,2.4301209363420604,inner_race
1.0883396205232423,0.463128104170812,0.3210446601711412,0.1446890657531941,0.070849057660002,25.491672719330342,9.70192110095718,18.22280437650984,24.879909357849048,-0.2152296653458984,37.1992,19.8326,2861.015625,2.0441930823415317,0.7780030843154883,1.878267632449825,0.5847295533122183,16629.83463290644,0.4832452576017105,29.237439906894124,4.815439403280895,11312.48596424841,2.0328309199360537,4.132401549048063,inner_race
1.120808396899414,0.3232566479214627,0.2740207730303379,0.369924641515396,0.0327720271747026,26.41418865263494,9.218215932328722,18.133251014378285,22.53420166252172,-0.226354519165039,38.7559,20.3239,9155.25,2.204754168181623,0.7694311669865579,1.967110680363226,0.7243560940480741,19777.593582301222,0.3935968661933676,8.64276631210935,2.732659740161439,9876.078852327788,2.19310386752835,4.809704573767807,inner_race
1.0212728148358887,0.6163731862476812,0.2939600124644828,0.0566365959946745,0.0329951676821558,26.810477664829023,9.470354532367196,18.905232489814743,32.355110012595055,-0.2329852915790527,37.2662,19.3074,1430.5078125,2.038719874109502,0.7201438274010374,1.9962539338101444,0.8283005709733524,10709.91603560588,0.2938377019900979,24.514428205132177,4.487241768404732,9932.750714913034,2.025363320245749,4.102096578996886,inner_race
0.9755981162363282,0.5962397815362016,0.1644789811699866,0.1800021126300333,0.0591961053550613,25.726185863517102,9.725465616445732,18.299235825579817,23.2324793684116,-0.2120765956064453,32.6243,17.8527,9250.6171875,1.835665324836596,0.6939505177608674,1.8815794068137843,0.7603308852380666,14517.677505548352,0.3673143747945554,32.995542001692584,4.866023822224117,11494.013951819572,1.823373440193595,3.324690702403426,inner_race
1.0618303545195311,0.9164351742725272,0.0376526225383068,0.0255170242438068,0.0203383506089622,29.00417075072235,9.45329209844105,20.029847432289426,33.886157847205354,-0.1976683968710937,41.735600000000005,21.2683,1430.5078125,2.2498299828805006,0.7332841949797966,2.118822440236726,0.5711181926542708,5704.92837542153,0.1557326536586705,43.59045514469644,6.261059592876962,7839.489722054319,2.2411296608510822,5.022662156746486,inner_race
0.9171860318095704,0.6908452071284252,0.1566515399656706,0.1226826474345034,0.029810427641313,23.050343132020448,10.35694776804866,17.240341055786022,16.736650485562503,-0.2407067547041015,25.73482,15.8126,9345.984375,1.526762551490518,0.6860028030573603,1.6646160086828603,0.6797681680728536,11846.888592048146,0.395939382055216,12.365023175477653,3.1287530965694037,10046.74344368854,1.5076684472634083,2.2730641468736565,inner_race
0.9656957899419434,0.4531424086001885,0.304478676700237,0.1597886516215667,0.0824459775590923,30.674537121912515,11.952799544058696,22.33363780253885,37.691147170859054,-0.2343137642053222,36.0659,21.5675,2956.3828125,1.8043889986191912,0.7031075942330404,1.868485932539552,1.9335525142879468,16919.00044277228,0.5669099760413898,40.30707569934576,5.637441621428341,11634.883578591702,1.7891105941897223,3.200916718241901,inner_race
1.0379407262358398,0.2443343303017618,0.3777529064873647,0.3326962499598007,0.0452083107567331,28.280525577736785,10.381620928183477,19.902099877046638,23.995353165409743,-0.2412724981127929,37.2016,20.6572,19741.0078125,1.9897856166103045,0.7304390416372574,1.9170512981279697,-0.2572553254299033,19948.1894097962,0.3745382884694416,19.558196133438507,3.733496853807918,9287.825705981537,1.9751036382234888,3.901034381723661,inner_race
0.9425241029248048,0.6353738677414793,0.1606912119487019,0.1595926775121103,0.0441652813844962,22.96531123427168,9.97999468519172,16.985454218434164,17.35015937960895,-0.2146899149755859,27.5382,16.0092,9059.8828125,1.604129110785439,0.6971035505109588,1.7019502268510345,-0.4364476982175359,13606.123672302523,0.393709385182372,35.396568598587166,5.2939867032702175,10345.98149839055,1.589697595291966,2.5271384444770586,inner_race
0.9448284272021484,0.259659332533365,0.4181776039496669,0.27893039728908,0.0431974116655708,25.32560417944521,10.51081819530111,18.41159675044168,17.0476538385763,-0.2273584314697265,27.7619,17.3958,18787.3359375,1.6550376646964402,0.6868858834222322,1.7516806406824383,-0.5462804032555693,19150.33406658776,0.4381662053544891,17.501704722473896,3.732646803262056,9560.464365001662,1.6393467647826896,2.687457815203471,inner_race
0.9902965028012696,0.6515124196101527,0.1078236712569853,0.2128663038748199,0.0277720627488911,23.006202719947805,9.1130540741289,16.55867707662774,21.076952975712526,-0.226339796878418,31.8665,16.398,9155.25,1.7993967627770775,0.7127643009848782,1.8170282917157556,0.1942185946335978,13905.066260288344,0.3149273615140605,29.09905900193432,5.093957567313611,9884.3493916239,1.7851047605789594,3.186599006241664,inner_race
1.1460908284912108,0.7611824033851489,0.1687877583272912,0.0517405305580548,0.0181640933244949,25.97045173505448,8.781214027555105,17.81726150525303,26.251815855434085,-0.1888255604150391,40.7515,20.4202,1430.5078125,2.3254415546554514,0.7862858993876167,2.029020298257526,0.5147069161297984,8624.549280532563,0.2440199989731415,50.81692745563067,6.6605567247757,9515.473884017343,2.317762570206946,5.37202333185231,inner_race
0.9139210612006348,0.6931915032838466,0.115433005561092,0.1518635622845847,0.0394570316350365,22.248034117662037,8.96947496913988,16.147565283825138,22.11048436581672,-0.2256463826654785,28.775,14.7576,9155.25,1.6453136945891012,0.6633215286326981,1.8002798758435683,0.6712235464971731,12270.92128665747,0.3205440853241186,22.606363401935,4.253242584351788,10661.913482908903,1.6297671194352958,2.656140863592422,inner_race
0.9429069044970704,0.518334802057364,0.1556877767476408,0.2861370822946406,0.03975531704167,35.398898566320526,14.158917661104155,25.760019238543467,33.44528439880755,-0.2098744578466796,39.2517,24.2893,9250.6171875,1.7154771700329137,0.6861597672168676,1.8193494626576292,-0.8262548812296906,15902.93960730484,0.4318727566376743,18.30990923632974,3.710044899059618,11147.974255190387,1.7025905652410085,2.898814632847696,inner_race
0.9021151009819336,0.6109210488687515,0.1215042124214491,0.2125879674757562,0.0549488046638491,22.977514205457872,10.218814601052632,17.261987947047857,19.27955788473869,-0.2216220116254882,27.1971,15.5723,9345.984375,1.5238851675022962,0.6777190892259832,1.6892358478907832,0.8787506772238048,14620.448128339667,0.3792385472121306,27.462411055039382,4.567666418762935,11437.30269207742,1.507683550250706,2.2731096876965733,inner_race
0.9205061797919922,0.6458478879242446,0.154999908421152,0.1756618766486219,0.0234724042760619,27.48961000348191,11.419067049841308,20.410943905064965,28.26735378298809,-0.2187203033173828,34.8904,18.7884,9250.6171875,1.6453533303546986,0.6834727738087302,1.787444089431861,0.7637008074041997,13121.256084231029,0.3551519266090928,18.889442655868997,3.9065975138502367,10138.280118964149,1.6307510572205832,2.65934901062605,inner_race
0.9290523803271484,0.5868407962813178,0.2231668679787357,0.13132848439993,0.0586327182140849,27.734914467561595,11.310994074531154,20.384534178074254,26.358291796633377,-0.229602767524414,31.7767,18.9383,9155.25,1.6743267545903124,0.6828324645511346,1.8021876807427477,-0.7176506656698179,14756.091173498678,0.4554727112518587,59.21829114855,6.889708463169651,10620.147521348508,1.6585091649677604,2.7506526502820576,inner_race
0.9269927014111328,0.8383559690191165,0.0811180556162638,0.0519810003638705,0.0285227328740725,24.6652486332021,9.9555233281092,18.18406981450864,26.677741187347248,-0.2112376277197265,28.5546,16.8565,8201.578125,1.6931807042635365,0.6834109094407961,1.8265307824819537,1.7309538646234657,8341.321123265112,0.2512201851498434,13.422394775715738,3.6229813076444497,8867.523972844823,1.6799522498945345,2.8222395619257075,inner_race
0.958491323597168,0.7786390953868698,0.1199822148715195,0.0686972977889805,0.0326344828957447,24.78282675322749,10.318065863949082,18.37262327415817,28.17250527124368,-0.2071547503510742,31.1008,17.61,3051.75,1.7067152150606686,0.7105726951711283,1.7806266713562469,1.6481472233829615,9974.738278215404,0.336997914300141,10.319729211398252,3.2218040559838443,9425.047311246795,1.6940967312189017,2.869963734726568,inner_race
0.9525381039337404,0.4170789100386183,0.2830748552446658,0.2679815259545629,0.0318279084935496,28.614605360387124,10.86651826326046,20.30984369035354,26.73203563891623,-0.2171473364337402,30.7127,19.3459,8964.515625,1.7803218594320322,0.6760848090109138,1.8690295454635937,1.717923391270369,17153.441998047292,0.344148459053361,23.41028715196322,3.859181038744616,10079.018128741003,1.767029416125057,3.12239295745126,inner_race
0.8942487496430664,0.7297989702289819,0.1495061479480738,0.0849914697361699,0.0356680053772652,23.93866258297706,10.026596123007426,17.747410892477788,23.099938980418777,-0.202697068402832,28.7369,15.8706,8106.2109375,1.5828502320525997,0.6629693678579056,1.7700334864145844,0.7439878006699809,11719.017700055989,0.3321096917561944,24.49920930628911,4.406595025521654,9588.06903646927,1.5698180644806794,2.4643287555698667,inner_race
1.175255016213867,0.8760050143820203,0.0842620132007831,0.0265956376282904,0.0131037954884836,31.75519272649405,9.798866907769307,21.015864352205757,30.541257854128688,-0.1991131989384765,47.0449,24.699,1430.5078125,2.5205975581132454,0.7777940512826138,2.14472393083967,0.9341708358291132,6628.040146365763,0.1537577625854095,45.08793839781524,6.290574573223578,7592.992736644568,2.512720832877171,6.313765983974943,inner_race
0.9721570752631836,0.8057000825634952,0.107775839159522,0.0608725933137411,0.0256251832053733,27.11666854849379,10.238956705583826,19.57235151001589,31.666857814437726,-0.2159214547651367,34.318,19.0274,7820.109375,1.8583338661470643,0.7016864909482727,1.911557209665911,1.132274572639206,9052.03501294521,0.2402037639242703,18.23212747005876,4.115866880067083,9090.888833960278,1.845747188387728,3.406782683441202,inner_race
1.0241754280810549,0.4796825399139754,0.2098878228154577,0.2201636735654065,0.0899933782288338,29.930916734022222,10.707160583776586,21.07588154154749,32.383821841177166,-0.1906059728564453,36.126,21.5854,2956.3828125,2.015977983248523,0.721174035256463,1.9683912813899065,2.16946987280239,17394.97757684978,0.5539946883127556,28.43705004928569,4.884390569428593,12166.648853867377,2.0069470825246563,4.02783659205423,inner_race
0.9882222050380858,0.8568380958028986,0.0785034182559652,0.043849373768052,0.0207857819910593,24.597004319704222,9.56948781213052,17.85914130448002,27.55770726667265,-0.2267865893076172,33.5537,17.6488,1144.40625,1.844278434382658,0.7175182705424765,1.8662588484455072,1.5449358532322477,7741.378583905643,0.2184314907391299,20.69396093531765,4.317863866610016,8502.841434924127,1.8302816139706937,3.349930786439167,inner_race
0.8386995112402343,0.5623136083803913,0.2985002910594853,0.0947458016101001,0.0443482454910497,26.01652665197273,11.480919933602143,19.65399976879017,24.170851879194878,-0.2272897054785156,28.6994,16.4838,9155.25,1.435756027855879,0.6335895725246666,1.7118837063977086,-0.2204609962570484,13714.031929156688,0.4635311365502592,12.999957127205745,2.967622113735568,10403.849834074514,1.4176511423153375,2.009734761307981,inner_race
0.8696236407905273,0.4989381058597014,0.1354057753169658,0.244381719653348,0.1212678888575829,23.277562022174365,10.077109179592108,17.294838013290388,19.922072814003304,-0.1953760957817382,25.8763,15.04,8106.2109375,1.492491520331903,0.6461157738801336,1.7162499388530423,0.8586892557989992,17372.396717462856,0.4738712615349245,8.100488473885028,2.5112509869303827,13382.405580209808,1.4796483093829156,2.18935911945972,inner_race
1.0179215188388673,0.8812757047567203,0.0528621196444164,0.0410343490139671,0.0248186489507726,31.76496585265638,10.685546329846913,22.28826051921923,39.00404446536623,-0.2148218258095703,43.8225,22.6877,1430.5078125,2.123213853523673,0.7142365619166159,2.085832565899188,0.866213008004848,7242.581169084119,0.1933374948568755,24.05134208274943,4.664777218991306,8406.716762172498,2.1123183119384934,4.461888650950687,inner_race
0.9227592076669922,0.4303678917475452,0.25659596058573,0.2439771073211716,0.068686630318885,36.67709598606091,14.590078437627335,26.864104735052354,38.51582567148445,-0.2247787696669921,39.0475,24.7891,9441.3515625,1.6990381584289307,0.6758741207161295,1.8412584174853168,-0.7503439966647929,17164.26967826168,0.4970301700050274,25.14806019979313,4.233183682921661,11558.008773908678,1.6841036691678355,2.836205168504566,inner_race
0.9330054167089844,0.7119997756704259,0.1842832593614747,0.0727701913244521,0.0309326324055175,22.569300549463414,9.683311093133604,16.703868724548986,18.060757695504435,-0.2003917977734375,25.45372,15.5848,1430.5078125,1.6094494796362702,0.6905309256635571,1.725016222642442,0.8676400550068482,10810.068955960409,0.3489074726966419,19.586028976667144,3.988898492769644,10069.87465906978,1.596925406801016,2.55017075488659,inner_race
0.9183208841679686,0.8035950929530684,0.0912598034845486,0.0497069440156017,0.0554160688471075,24.129872323093327,9.385885086240028,17.62336050395194,29.016352271713977,-0.2180985069453125,32.0992,16.1839,1144.40625,1.7242806460230429,0.6706997775745093,1.87764503209061,1.3080203321272064,9153.78644086941,0.2767438954606514,25.177877344088188,4.6507497844828265,10840.368845241046,1.7104317547092802,2.9255767875178678,inner_race
0.9854607298876952,0.4904784715025253,0.2201474164468953,0.2229320530257437,0.0663713035083272,23.32469307867081,10.155378635128828,17.18221689252868,16.586442594266906,-0.2380327350830078,28.3885,16.9324,9155.25,1.6673332042419908,0.7259430999966202,1.6919326703480135,0.9297319558507964,16526.92219352974,0.5002529947646243,29.254551661132645,4.70389407721521,11570.097642338607,1.6502546564081455,2.723340430996767,inner_race
1.000293924530273,0.8763893850835833,0.0653602588636596,0.0306607947022658,0.027534012684236,28.02916569228766,11.003403254643636,20.237751628358847,25.79736145779877,-0.1925927851923828,34.3126,20.2437,7915.4765625,1.8397671639869049,0.7222369806594043,1.839226570181198,0.99396450434071,8863.796035759058,0.2029139794232816,32.42143330943924,4.912056876908844,7873.132926912426,1.8296587760498568,3.34765123677626,inner_race
1.1124872756192872,0.8948351876444495,0.063564494321982,0.0268057931747955,0.0147569652625514,31.384942341999576,9.84964085612348,21.18325352250117,34.5299315671068,-0.1960084552579589,46.4745,23.5661,1430.5078125,2.392584698694781,0.7508728148422837,2.1506625299268283,0.6212392630831318,6584.519431889814,0.1524740708739565,29.20292550483536,5.088380322825953,7291.676966047825,2.384542351457777,5.686042225895784,inner_race
1.0083914976269532,0.5124300432142539,0.2790107723651855,0.1594617238739109,0.0489001774606263,26.731048297543875,10.601501497195406,19.58584542459761,29.993612774021173,-0.2008441885449218,34.1391,19.7502,2765.6484375,1.8629625251880455,0.738848689365269,1.847459572568941,1.477861644808979,14958.828787546365,0.4716698896374419,43.79295990348467,5.879108158307837,11121.275553867465,1.8521044738844383,3.4302909821827523,inner_race
0.9986588377099608,0.5011399655728771,0.3108467444323119,0.1290865030490135,0.0588218643689071,29.759775390530777,11.308284912288284,21.459280377613837,31.34519084907441,-0.2186123634130859,37.3173,21.4305,2861.015625,1.8951149680277588,0.7201163220747607,1.897660038110187,1.6562392741853074,14706.133230939406,0.5181902320305772,103.66094280770872,9.138188015630176,11180.044097194666,1.8824636454937973,3.543669376605798,inner_race
0.9296556367416992,0.8413161485113513,0.0946364389331905,0.0410391921869238,0.0229512004538292,24.97804700670567,9.967408866367682,18.25191966723317,30.178659722578523,-0.2273182446645508,30.5974,16.968,8296.9453125,1.7023481455901657,0.6793165212414216,1.831159924503481,1.887219227580155,8343.234706502453,0.2478511708332784,9.365051947184488,3.155041094957141,8220.379063648666,1.6871027308486295,2.846315624436904,inner_race
1.0719415923339843,0.5355593221175374,0.2371940340578045,0.1682741969327587,0.058812497638607,25.075548050029013,9.154041744769913,17.614672417820483,22.73164950975137,-0.2280021637792968,35.4673,18.8819,2861.015625,2.06268449789275,0.7530004912486112,1.924250829190776,0.5097829310628437,15203.25055367858,0.4853432138095994,48.197367246189614,6.077584325871682,11899.809648027824,2.0500444754099907,4.202682351159025,inner_race
0.9406636071015624,0.6924684497970717,0.1683672248192448,0.1045651530757319,0.0345451645369159,26.31306852362825,11.261621148719444,19.674621044419546,29.408322506746217,-0.2382376592421874,32.5453,18.5072,3051.75,1.643386840633016,0.703346323268271,1.7470505164930668,1.7260466759107558,11492.250732351897,0.4001279592258248,11.545572187939737,3.1090225756497536,10038.387462515531,1.626026791195203,2.643963125684569,inner_race
0.9922592273017578,0.5762718119625435,0.1939426930986144,0.1751195146570488,0.0546235248357832,29.270086172314848,10.722227530800746,20.818047775854037,29.69257754548361,-0.2228125223466797,34.6304,20.6569,8964.515625,1.926549305231664,0.7057341710028294,1.9415786240360933,1.563684084867947,14577.193660393135,0.3872243545511366,24.9444812665019,4.312625537294284,11254.623154355122,1.9136213850639627,3.661946805374119,inner_race
0.9633463230058592,0.8109400547263202,0.0727253013519983,0.0691094017589782,0.0472142444726046,20.557431280155576,8.876073249640756,15.311419837028108,19.00295712690756,-0.1762297697148437,23.7533,14.7502,1621.2421875,1.661793406289993,0.717511823290812,1.725021798084847,1.4250847720745776,9089.399792433564,0.2507118778166307,18.771448301477434,4.112737305876999,10340.305740996666,1.6524225831957005,2.7305003934551517,inner_race
0.9940516867265624,0.1894674488276859,0.2801318026523396,0.4515328103210859,0.0788429065919845,23.88911716489919,8.729601683960261,16.716937581708503,20.80770383805401,-0.2323726899375,32.8367,16.6175,28419.421875,1.903580552882835,0.695609632005006,1.914971402695743,0.0600229031883994,22259.599992069863,0.3369291070804394,10.24733462644171,2.8935822804060782,9131.38690184076,1.8893442921513612,3.569621854284929,inner_race
1.0448782294281738,0.7715959247541029,0.107115515810969,0.0930288248367187,0.0282494451998823,24.740802549021133,9.594329740971128,17.84054780259102,26.069361309028817,-0.217250364476123,35.987,18.6412,9250.6171875,1.9429392675963169,0.7534597943241553,1.8594887067937296,1.2720096645090566,9881.037477720196,0.3181706275948746,14.763193459477264,3.61645116945447,10096.364983295516,1.9307551053157164,3.727815276702703,inner_race
0.9485830883744628,0.6586392283841411,0.1787547970541952,0.1149667860282841,0.0475613693428416,22.16276521465984,8.897504319422643,16.021369331012774,17.889762248228806,-0.2152489449966308,27.3996,15.1976,9059.8828125,1.7080744728411854,0.6857267066091263,1.8006587865362675,-0.2059962741852504,13923.361035662709,0.3704515654317062,50.66473487194688,6.695160315162238,9886.19381626054,1.6944575227634155,2.871186296449531,inner_race
0.975360106052246,0.3078692579975775,0.4117049438699808,0.233648529291802,0.0467513080720942,31.48575913532004,10.990620288506893,21.811943986624783,28.238808606401413,-0.2160891375180663,36.6052,21.2745,19645.640625,1.9356960245680728,0.6756864240930665,1.984596266093731,-0.4516514661427955,18498.57784820152,0.4146158051479232,10.281323572537534,2.699844909132781,9233.817023103633,1.9235967831578789,3.70022458417534,inner_race
1.0544319628040526,0.6115952496534142,0.1229027139605775,0.2146496992952546,0.0508141137339941,21.588243776339443,8.494977555658824,15.407063303352244,17.31350400314421,-0.2275768003297363,29.574,16.2457,9155.25,1.9123888078053988,0.7525253174047056,1.813667334893548,0.5622697766447945,14493.867337079066,0.4493256871307821,35.34034930071925,4.999667798283756,11455.472958100623,1.898799555553728,3.6054397521710335,inner_race
0.8363978616484375,0.65686248798322,0.1977455814899681,0.1008946543791626,0.0444963683966212,16.609319872425225,7.497161032752193,12.508520740811656,15.026314592262429,-0.2264713558476562,20.3238,10.4621,8773.78125,1.395474894336021,0.6298933418320859,1.6684343161587132,0.6620333093894691,12203.89380138677,0.4220368961771782,20.8231542194419,3.939996817696399,10196.356955870337,1.3769752741798424,1.8960609057026525,inner_race
1.050896589782715,0.8901199334045373,0.0492440048494298,0.0380200673894828,0.0226039334590452,27.385827868662243,10.16284295210894,19.402289624154008,24.985376506023524,-0.1862345106079102,34.848600000000005,20.3898,1430.5078125,2.006308677216036,0.7445383830565941,1.9091399636484343,1.376111784531106,6629.736515206528,0.1806701707759082,37.09116242944665,5.6695080893735925,8248.833243466472,1.9976464189968637,3.990591215330992,inner_race
1.002586081675586,0.392317769118071,0.440510698527881,0.1202651836971253,0.0468092452294787,28.698739607405447,10.137003056808458,19.96786147932767,24.596910101245182,-0.2241236129630859,36.5311,20.0195,18405.8671875,1.974893357317676,0.6975741887575492,1.9697992954551171,0.6536278332151599,15878.489169187602,0.3465090828794155,12.322440102218517,3.194317895264046,10059.742089455647,1.9621346485116296,3.849972378889856,inner_race
1.046478966743164,0.6275692243774073,0.3056445719677211,0.0416990535405101,0.0250534015745084,30.829509476342487,10.278963086299033,21.332774675326107,32.961162748102375,-0.2044335691162109,40.0821,22.3243,1335.140625,2.171843581163976,0.7241211546726329,2.075381971529876,0.6210336495957054,9907.953643000395,0.2656352865501089,35.84512233719793,5.397662759611883,9456.273840059654,2.162200605138564,4.67511145686157,inner_race
0.9449408851875,0.5824517925626564,0.1976276730563557,0.1614647701438937,0.0584449848866017,21.09536664595082,9.147722074323998,15.60700804799412,17.27467433913014,-0.1640446624140625,24.2267,14.7477,9155.25,1.612171847830197,0.6990966427611615,1.7061086816137725,1.6159350349950723,14830.45666466298,0.4570822034856293,23.490605424636787,4.674252584466935,10844.90978378188,1.6038040452841138,2.572187415669688,inner_race
0.9357059868979491,0.283542095424174,0.3819161459643406,0.2823548411994976,0.0521557476999175,25.06949709089025,9.83083071062537,18.02136593771639,21.605927327133426,-0.1752790575522461,28.4719,16.8627,9250.6171875,1.7152873949679996,0.6726381442301675,1.8331478252634863,1.3562483059736228,19441.47186401897,0.4697290625533785,12.145304466158484,3.083174667164547,9948.84839715359,1.706308324811112,2.911488099319703,inner_race
1.0515578457055663,0.8701783782540781,0.0643748338699248,0.0367358445074009,0.0286862966977221,26.368660257628523,10.592392228747242,19.150919830271206,23.74935234260835,-0.200258269645996,32.825900000000004,20.1383,1430.5078125,1.9012041439841725,0.7637210159046263,1.807988168932844,1.5105193287038874,7227.029867122615,0.2029871329061406,28.21855694407298,4.978123587657789,8734.811698248857,1.890627891083008,3.5744738225409822,inner_race
1.0132853238720705,0.5632231080470991,0.1386721135278614,0.2451644399132104,0.052902526418287,32.478008750814546,12.265694656381212,23.35097473787875,35.00902650383304,-0.2468741207177734,46.6375,23.6612,8964.515625,1.929055032173844,0.7285298856077985,1.9037629251377488,0.4774882383289808,15424.50259152416,0.3793098436895356,18.455620261329987,3.7798134700915824,11552.259417848683,1.913192746608416,3.6603064856750542,inner_race
1.0454419244091795,0.6140961523460994,0.2837174571672627,0.0681122956043037,0.0340484905688981,25.48249370824408,9.359010167799427,18.108896876982527,27.746229216208743,-0.2068494464169921,36.3728,18.9318,1430.5078125,2.02284212331948,0.7429335690908145,1.934915824676409,0.7152403345610174,10877.540169387032,0.3450658991541388,31.205851999030408,4.978651472950554,10213.287501720595,2.012238445709813,4.049103562392646,inner_race
0.924136773534668,0.7711356922924018,0.0838680824580882,0.0709357503161677,0.0740291566916789,16.11934773237974,7.221400504095074,12.024735210456514,11.690913839129548,-0.1836937498530273,21.6751,11.1125,8392.3125,1.5388289285019412,0.6893889371018261,1.6651527918493914,0.1762448829138836,11789.50887731997,0.3137282504059913,21.885145072288168,4.374278486611191,11083.8436531948,1.527825604399719,2.334251077459366,inner_race
0.8525202488393555,0.7713664649417894,0.1116272479491409,0.0709302166757384,0.0460412618435249,18.57526221138718,8.414409176628572,13.96940426484123,14.59208821272803,-0.2028836198354492,20.416780000000003,11.9092,8869.1484375,1.415334071592142,0.6411322685232035,1.660176486739191,0.98426868928356,10490.647395774631,0.3596716761509875,10.19306523142926,3.1201424437742205,10115.887257701244,1.4007172344952623,1.9620087710120555,inner_race
0.8968420513510742,0.4620796183567043,0.3157318760846961,0.1550205734368262,0.0671214235596125,27.175117871629883,11.391585315865468,20.254514128362565,31.055008208053493,-0.244872872496582,31.7903,18.1651,2861.015625,1.594606852015655,0.6684460426559508,1.778024178965976,0.9565099605972548,15261.040749900914,0.5481665195370172,43.11689865846007,5.013882403350724,11407.574822812372,1.5756929551186525,2.482808288810551,inner_race
1.1437366509448244,0.6972250614508269,0.1216727545766032,0.0834922577912295,0.0975554444705354,26.237116576923423,9.407130250428953,18.32607181267216,24.61898740255073,-0.1859473063540039,39.139,20.9602,6294.234375,2.2281183997685416,0.7988758954722686,1.9481043979205568,0.6517282722680581,12731.102046959655,0.3738017394685244,26.739735470172374,4.6496812144254,12126.066516152963,2.220345739439427,4.929935202646816,inner_race
1.046841411743164,0.4213390805432151,0.3323718453508703,0.1548282501008696,0.0912756026828622,31.23820447320604,10.29669075658967,21.263679245296498,31.5862050766804,-0.216403059165039,42.214,22.2597,3051.75,2.1618304876986083,0.7125793679688864,2.0650983648982737,0.9258558869284984,17070.81501475217,0.6360562144642988,10.11098073422287,2.654556996958686,12222.973273790823,2.1509720531720578,4.626680773527217,inner_race
0.8951900634331054,0.8152022714330646,0.0964867437362073,0.0606822411954461,0.0275654277177149,23.363475406891933,9.953796643184871,17.30325283169041,22.40209444530245,-0.2194477462260742,30.8782,15.4897,3051.75,1.556159981488614,0.6629878359377446,1.7383570763963252,0.0936899383653162,8258.114942379212,0.2823916063853588,15.091478530804288,3.828295196269564,9472.34478739933,1.5406091570099605,2.3734765746629405,inner_race
0.9587849196313476,0.8365486641505409,0.0793326171332761,0.0589539304067724,0.025144586687949,24.78320829596949,9.48674125194898,18.021768643006784,30.268841204230803,-0.2165454614721679,33.655100000000004,17.279,1239.7734375,1.8213841340355053,0.6972059385390427,1.8996795806256808,1.21528964721194,8144.212422158868,0.2635328392893491,20.2066683258078,4.130743525866745,9182.912832182825,1.8084657107150452,3.2705482268320742,inner_race
0.988755631689453,0.8392216729900729,0.0987404376962235,0.0414342270186686,0.0205881107963811,25.61782063194416,9.594942073626196,18.41142484204592,29.364412749632837,-0.1977242107226562,34.3671,18.2044,1144.40625,1.8972912874626715,0.7106147030048299,1.918867743105376,1.326706027968664,7922.521637478562,0.2292855540553997,21.396883722392857,4.274547503583712,8585.635888379335,1.8869603509284087,3.560619365975864,inner_race
1.183864415288086,0.7292530958472087,0.1414901827412678,0.0853346757713317,0.043767300398212,27.644338131846933,9.019335084246563,18.77943091531297,29.047700682921352,-0.2015896045751953,39.8304,22.2323,1430.5078125,2.4649599767982444,0.8042261635625076,2.082130305604643,1.521937109863207,9883.474623632495,0.3438712394310018,41.05198574061471,5.952474580191497,10995.988356524056,2.456702936568526,6.035389318544419,inner_race
0.9151886018256836,0.9094164508896012,0.0532235662247962,0.0268022173889938,0.0105113105436618,31.664893406124737,11.129685450701434,22.38194396120936,38.25687616964762,-0.201008306378418,35.2902,20.4837,1144.40625,1.8404563265270932,0.6468899085584153,2.0110131647789533,2.296472180816424,6462.13901907777,0.1516055074052754,17.60696831097276,3.9380308329709615,6867.162625575938,1.829446678813155,3.346875150620483,inner_race
0.9252034033491212,0.8250210268838969,0.0906672469820274,0.0577416758366857,0.0264403026146232,23.87808037529725,9.906358290859448,17.50706919296525,24.10490232370824,-0.228476468730957,31.9208,16.1976,1144.40625,1.6350710850974828,0.678345987006435,1.7672558047005975,0.4739302661888774,8072.11687026586,0.2650586649295141,16.318165025570753,3.867160934457352,9308.376982505251,1.6190293254163413,2.621255956558093,inner_race
0.9683328768671876,0.5251427097494054,0.3276915675377184,0.0798003669908753,0.0672984583567623,27.444947837293697,11.59585601386933,20.28279785722261,25.13312936706265,-0.2059168464960937,34.2799,19.6405,9441.3515625,1.6937516278667826,0.7156326226756902,1.7491419204380587,1.0470311679252782,13901.435170447076,0.4583968217364285,8.060674024084939,2.604074273861024,11101.27953970361,1.681187922045147,2.82639282923048,inner_race
1.1838491030737792,0.871006992248742,0.0828151550947656,0.0321607347803774,0.0140039093124327,31.04575351755079,9.120884705611848,20.208741078472578,32.3170554054868,-0.2006961513129394,47.6996,23.9241,1335.140625,2.623002128870252,0.7706078058783539,2.215655797736228,0.4112724061693316,6519.5487046645685,0.1641531547323505,50.2196486845723,6.725120346795698,7886.715387237828,2.6153128346157843,6.839861222906048,inner_race
0.9825381476298828,0.8626883424488896,0.065690373771594,0.0374051894849857,0.0341643994468162,25.874463288231013,10.929019557946514,19.082516078615168,22.71247762606297,-0.2084459342070312,28.8435,18.7493,1335.140625,1.715551875498964,0.7246256585553259,1.7460409854185162,1.506175701366678,7578.613130446473,0.2108235221143251,22.36548785371993,4.440173088662252,9014.42951130806,1.7028413108803098,2.899668530040572,inner_race
0.9439526290729492,0.6839340724496052,0.1704846081373733,0.0994602305029152,0.0461084508402898,22.15897221777555,8.944679894988685,16.099960455563835,18.13900749958464,-0.2042787260358398,27.3996,15.1976,9345.984375,1.699065833369236,0.6858440838609268,1.7999481976525449,-0.2502912874296548,13114.153507972458,0.3662798815225908,55.87886902612604,6.929315254331628,9746.478895119752,1.6867409131849118,2.84509490821187,inner_race
1.0444224166606446,0.8589099919524296,0.0743351314278974,0.0478100293181266,0.0189294948249259,30.68765627360125,11.174858905469463,21.789746789200205,34.31654798515965,-0.1959262826020508,38.0528,22.7577,1335.140625,2.0365089342525287,0.7415913355226507,1.9498901036267533,2.049358314882042,7647.223413291205,0.2313574916112624,19.352272658093497,4.106215109209145,8350.079006101836,2.0270622908722147,4.108981531076111,inner_race
1.0476549402539064,0.6993648828701425,0.1349814908895298,0.0905161082914273,0.0750846195115578,28.878146352608397,10.0164716780829,20.371306601033726,35.397150691698144,-0.1951163365332031,40.879,21.3421,8010.84375,2.1307003789267203,0.7390398171478306,2.0337806820348026,0.0794293199131107,11863.549276799264,0.4169283478573353,18.155391908617545,3.935807929494928,12087.60741192656,2.121747798390829,4.501813719976331,inner_race
1.205178417143555,0.7138016642572659,0.1778044812780547,0.0728975709515477,0.0354659912290144,28.67801691779209,8.988483704880304,19.08480908122692,29.04026204903807,-0.1929730197607422,43.5888,23.0006,1335.140625,2.5588965564360766,0.8020289570904823,2.123251229889287,0.7975208488131823,9439.132837849758,0.3043687950137967,43.31713824746237,6.171127304084534,10397.464217437462,2.551609884011432,6.510713000184831,inner_race
0.972582302918457,0.5814011781708067,0.1297939576212985,0.178990124919965,0.1097896739270891,23.02003333221005,8.657358549993669,16.50934831100481,22.97201726041091,-0.2279113928989257,31.6474,16.0567,8964.515625,1.8546881138487377,0.6975098501500938,1.9069729197038845,0.7343454442319217,15594.153162858009,0.3967010799170413,19.1354827117928,3.841941899645117,12933.37831561674,1.840631521146658,3.38792439663866,inner_race
1.0548779561450194,0.7950281878275351,0.1097121762321867,0.0688552637058914,0.0263885230306351,29.361749069988893,9.49667721211555,20.1611000363688,33.4797258910177,-0.1958219053002929,37.7969,21.2675,1335.140625,2.239467502682688,0.7243267405257491,2.12296359937852,1.69819480573546,8547.544941352595,0.2615694001893731,34.233733976871434,5.48099803645416,9731.53237348409,2.230889615596521,4.976868476976395,inner_race
0.9624253187213868,0.5036798329663316,0.2156415840355136,0.229970022660651,0.050676040970815,30.086113030856172,11.5449096407088,21.77820927222271,33.72727680946779,-0.2406794684987304,38.1164,20.9599,9155.25,1.815510095123895,0.6966636061794897,1.8863906214934776,1.2738865587909445,16073.255954726752,0.4990438292314758,61.44428406994007,6.966862288060416,10911.148939630077,1.7994861207966963,3.2381502989399427,inner_race
0.9888084837666016,0.6541929807488516,0.1059624753480818,0.2104900971659805,0.0293271788460289,26.163168851532948,10.133895217712023,19.00105056585944,28.067022574319186,-0.2093708512373047,37.2597,18.7884,9155.25,1.8540156175249995,0.718124020321,1.874999707185584,0.6644743825238764,13408.825856985324,0.340374823276502,15.698769907804376,3.674138379190081,10714.349264109596,1.8421557362717111,3.39353775667877,inner_race
0.9287219519077148,0.7355974326867505,0.0919568490092578,0.1453985657790142,0.0270336589823909,21.177944311929483,9.061797225344412,15.642464324396164,18.021954894140976,-0.2369381940561523,26.9686,14.5275,9059.8828125,1.6031588037932347,0.6859730947453996,1.726198891390625,0.8414585487879733,11668.67424485049,0.3059941751648088,40.8629630671406,5.746794290410391,9901.087222136215,1.5855530399129396,2.513978442377164,inner_race
0.9542491238051758,0.8043487042762669,0.0901840963255477,0.0695660912960816,0.0358456797556853,24.31890246015674,10.324133805234757,18.08605276070822,23.027371141723755,-0.2185463448237304,31.1792,17.2586,1144.40625,1.671675350744601,0.7096784087306531,1.7518227777654196,1.35241887371458,9252.973029404826,0.2977093025860212,12.157353278290993,3.476311639988522,9678.80045795401,1.6573279619469623,2.746735973451272,inner_race
0.9158960532958984,0.3452576068523457,0.2136628585851619,0.4091960985874232,0.0318249191383038,24.7521993357245,9.710386933269742,17.770138807162045,19.94392686449847,-0.2267175312841797,28.5972,16.2756,8964.515625,1.676102107140192,0.6575415695085186,1.830013461799135,0.3601410167673665,18811.40132779373,0.3755295482707198,7.80204566219191,2.7346920885034787,10353.581455258922,1.6606978757643422,2.7579174345681987,inner_race
0.956879639794922,0.5118376765683383,0.1748527302739742,0.2420697901131616,0.0712256283042412,24.956034822441943,9.986646810796875,18.17595366929062,21.844474593302323,-0.223981834921875,30.0175,17.3922,9345.984375,1.7415455186816808,0.6969135972017438,1.820025681657233,1.1452414002867677,16184.130241794284,0.524239409912979,18.13298401228928,3.534847136221884,12186.566544721907,1.727082201652624,2.9828129312652747,inner_race
0.9523847703554688,0.5050508602869765,0.2654261617262961,0.1759541469414679,0.05320302459294,25.998920904690586,10.375024309128438,19.04965363235328,27.624789428550734,-0.1991321535546875,31.143700000000003,18.1426,2765.6484375,1.748680240106742,0.6978212698330419,1.8361068913922924,1.2693435670073625,15618.742110366267,0.5070891785193403,29.613284608765117,4.9932846872405205,10963.68998300988,1.7373050876459335,3.0182289675604457,inner_race
1.132413924711914,0.4423101486882455,0.3900892468917823,0.1126277792222342,0.0549053993877991,29.84360738122417,9.451205427307931,20.154556122935563,32.70555149555439,-0.2115993190673828,43.201,22.8233,19741.0078125,2.4148559858888765,0.7647634452649671,2.1324852451838363,0.5802406307461426,14623.295416863386,0.4731456980598885,16.533111126360946,3.788259826473249,10878.790748183688,2.405567534024675,5.786755160753556,inner_race
0.8857130297900391,0.7148146334931995,0.1387696424693438,0.104026288373547,0.0423416395011901,21.75932772115312,9.687758027658717,16.365910303291127,21.22931174883203,-0.2160363316162109,24.35747,14.4955,1239.7734375,1.496269824103275,0.6661740742067292,1.6893392936287392,1.3523792397421075,11056.818735647465,0.385181369744804,8.192129253561035,2.8293281292199954,10640.052030504958,1.4805916688756071,2.192151689943856,inner_race
0.8945326014296874,0.6071767806097192,0.2113708978372713,0.1247676296488349,0.0566075016085605,31.188248664202742,13.175300875208736,23.066906635958865,30.948281433091736,-0.2228811064785156,35.8065,20.6341,9345.984375,1.5661198325137369,0.661598547009259,1.750768870816653,-0.5326111256912982,14026.776295275338,0.4549717303198524,39.50140694824913,5.514773077429151,10731.07016254805,1.550179132283675,2.403055342167768,inner_race
0.976667904475,0.8268378695055852,0.0975378186680288,0.0566983367055382,0.0189047969272468,29.955875253477423,11.344998573205444,21.534546086374814,31.506432421497134,-0.2180354272201172,35.7213,21.0321,1144.40625,1.8538653719775249,0.7021026700783344,1.8981532652842272,1.6565971997729263,8456.780412091644,0.2449998540772866,12.488507928354776,3.4730442793289678,8690.2891443088,1.8409990140937904,3.3892773698943075,inner_race
0.9813717718803712,0.5843972594039468,0.1722156736903936,0.1908416062814443,0.0524993973818509,23.80113350268469,9.868286457260709,17.37465911346644,18.412965227597688,-0.2026907649458008,31.2676,17.051,9345.984375,1.7278582329209264,0.7163944523094542,1.760656137082728,0.281117375269441,15074.97678297888,0.4731633948164181,80.7352817624827,7.966958474952045,10913.995764297231,1.7159284737069644,2.9444105268783125,inner_race
0.8735092736411622,0.6167802699640803,0.1887485790478311,0.1111040534537782,0.083225389217853,32.38701477397485,13.68066454774002,24.12464370545061,29.811690371119056,-0.2091185180513183,34.1794,21.0731,1907.34375,1.5403564590348189,0.6506650936205969,1.763411683786654,-0.780546080656266,13531.57766812845,0.4844026961207798,8.487883326809579,2.77450303802998,11916.868932818435,1.5260954971096357,2.328967466298306,inner_race
1.1117445304492186,0.7235068210492593,0.124288465893294,0.0891688730345757,0.0629876932158673,25.68658454362536,9.787608721126633,18.114143536071897,19.162511731655044,-0.1985891006249999,32.825900000000004,20.1383,8296.9453125,2.057530145900839,0.7840006897685322,1.8507220764733243,1.1585995336099142,12675.307351578847,0.3516758412167756,42.88898883997992,6.022980855313074,10599.011240760909,2.0479239903872606,4.193992670403681,inner_race
0.960719417427246,0.8734420164091702,0.0738943119968059,0.0347866438657201,0.0178466310146335,30.606730319222866,11.101409805060657,21.795749747699592,35.7668529455239,-0.224559224659668,36.255,20.9396,1144.40625,1.8862108838153635,0.684150178134143,1.963331696643056,2.0492155253653555,7415.235405917309,0.2091013200605874,13.5266687197466,3.567469999905107,7947.189693219876,1.8727959453298115,3.5073646528437825,inner_race
0.9174531164677732,0.8052645358404812,0.1091837124805338,0.0508349937854679,0.0344811461544281,33.80912555525831,12.731962389796532,24.55362524324837,39.914634389669175,-0.2123347365986328,35.8076,22.5268,7724.7421875,1.7693109129864466,0.666293482307957,1.9285028098202508,1.929649826189184,9375.89640026904,0.2817038084436738,15.919043311876887,3.6812142625876687,9382.903147901388,1.7565235741220562,3.0853750664465225,inner_race
0.9993744861572263,0.5683210778224868,0.3181024533987852,0.0765854151147969,0.0369687168880095,27.29400982619312,10.9161330921943,19.850816960799342,25.51293466269859,-0.217417787211914,32.3472,19.8384,1430.5078125,1.817346841821273,0.7268408022980108,1.818484328941893,0.956633394562904,11763.627782472464,0.3699095015822616,19.682807604482544,3.890614577692041,10168.111845751744,1.8042946126621424,3.25547904928163,inner_race
1.1861214425249025,0.8518438508365912,0.1029922722109171,0.0323597855493695,0.0127864506623398,26.54909104151569,8.533606167915563,17.774318247819195,25.632864778359806,-0.1996979939311523,40.2894,21.0825,1430.5078125,2.4705264790945534,0.7940949830272004,2.0828613247523218,0.6816953000228403,6565.601301841581,0.1627448448182306,55.66419584110546,7.127906450616484,8131.2006945667745,2.462442241988064,6.0636217951272045,inner_race
1.0587803130749025,0.4122862192279798,0.3677989851211831,0.185607276476025,0.0341862612875293,30.15966962371043,11.570528096476092,21.69014640374727,30.92528829496324,-0.2185290871862304,43.3511,22.9651,10108.921875,1.984792725838869,0.7614506487148546,1.8746029760174208,0.3728303011840206,16870.33844908938,0.4011461587278063,13.072084506827268,3.2355157358133613,9595.032771182869,1.97272583056958,3.891647202596439,inner_race
1.0519045272270509,0.6169035225225727,0.1695416590660571,0.1469759214520298,0.0665094077064171,27.3894209525729,9.919531084941244,19.19556335899449,27.016184151326023,-0.2133547713315429,34.3902,20.1919,2956.3828125,2.035570011031384,0.7372152932683017,1.93512810178448,1.722675147866551,13914.712749966246,0.5103654901516854,25.128913242671608,4.29054978184211,11899.45987161163,2.0243579257039435,4.098025011360372,inner_race
1.066149730054199,0.672594148853656,0.1487445666401688,0.1284306532643796,0.0500267653137181,23.29785222066345,8.869860517245868,16.638094537713975,21.48300834390544,-0.2094274583442382,33.7594,17.7387,2861.015625,1.9998848871986483,0.7613877808129927,1.8758011476464769,0.2368439825695321,11867.82295318798,0.4340686014072816,46.29781874219569,6.035339496160589,11756.342949585644,1.9888890621995543,3.955679701737024,inner_race
1.08865838666958,0.5984807199309212,0.1624735837039539,0.1659212003347452,0.0729687850183147,28.457735543882823,11.077434943719568,20.31408591601856,21.275489192005104,-0.207626603770166,35.3674,22.1151,8487.6796875,1.996409828842039,0.7771208628282367,1.833825792634041,0.9651786877140818,14552.690374316817,0.494615444992087,10.544728897134648,2.898902211808437,12161.01653834921,1.9855838934942955,3.9425433981039664,inner_race
0.9231881171616212,0.6063610486040105,0.1335301159608095,0.2188512302337114,0.0412111475539882,17.97008879817421,7.800649130737958,13.251145430263737,13.673169714726184,-0.2450276658627929,22.8582,12.2333,9250.6171875,1.568241282869071,0.6807590177986723,1.6987234277783942,0.6110657718481952,14582.840239109302,0.3983066647126872,42.579792430327686,5.6034109708433535,10848.88481359462,1.5489810083589344,2.399342164256661,inner_race
0.919587665930664,0.7613203653196198,0.1591012538234802,0.0563889967631334,0.0231806558359207,24.00122884945264,9.90021362237626,17.613981352835243,24.100737128389888,-0.2276293548310546,31.9208,16.1976,1144.40625,1.636085908630347,0.6748654454986123,1.77915164507405,0.4683383385375638,8894.28542191432,0.2908238445878767,15.010102329654137,3.6763571852752577,9256.981111776657,1.620173440480366,2.624961977237986,inner_race
0.9097234998862304,0.6645932041182966,0.1473378645962498,0.0769547656806759,0.1110367492354215,23.74246311906602,10.53412298981502,17.862350485649973,21.484966919523348,-0.2098867965366211,27.4178,16.2498,9441.3515625,1.5425868879365865,0.6844193004958634,1.69566564800129,0.7856870370577163,13700.522647610574,0.3988156210578907,17.345545190847123,3.6013097405251817,11962.31541268244,1.5282414205463344,2.3355218394734782,inner_race
1.1140828697558594,0.779137585357561,0.1329348630049957,0.0544533621845865,0.0334109836583947,29.38413590135545,9.268714301807533,19.955696836871745,32.59959876595331,-0.2084884013085937,39.8304,22.2323,1430.5078125,2.398639042705673,0.7566089428198722,2.1530167169981813,1.6505948382928362,8612.699837206123,0.2719136966621962,38.07128750405201,5.739750023854316,9736.0846047636,2.3895610148543547,5.710001843711774,inner_race
0.9428955141801756,0.6618976632834878,0.1598154389804932,0.1420034101977903,0.0362180464014465,22.53992323126715,9.36854049826012,16.5435085493675,21.27603911406733,-0.2385427749907226,29.7485,15.5988,9345.984375,1.665019220752361,0.6920520464932864,1.765857611699483,0.9216188707435292,12530.393479922795,0.3901902439946778,22.04048798012927,4.068931900580822,10635.411438824458,1.6478429385030982,2.715386349974525,inner_race
0.9496018715229492,0.7487111843225045,0.0995281497992232,0.1202502365779645,0.0314593579145109,26.493606020458984,11.156862288663437,19.437619652536583,20.97002246835641,-0.2135798830864257,31.3595,18.458,1239.7734375,1.6544078005475875,0.6966964023601128,1.742212026071818,1.29593093453891,10334.968014901888,0.3644569615526191,14.459596390777918,3.574566973765033,10555.274309127386,1.6405635629421662,2.6914488040534947,inner_race
1.0431444318271486,0.4927245728790997,0.2112468731478168,0.2398102126665306,0.0561804725139928,22.07146366000304,8.537356218914015,15.775476049060494,18.406072170949976,-0.2252742469130859,28.5075,16.4561,9345.984375,1.9275405146551656,0.7455826334626389,1.8478174793867508,0.6781288266457766,16804.465882593846,0.4285215351341207,28.10123093825326,4.733718881263653,10853.655255512378,1.914331201572717,3.6646639493148423,inner_race
1.0598394774736328,0.903152192221565,0.0465795160779557,0.0291262087608653,0.0210955773797428,27.90910832540406,10.32816177703111,19.619952305954108,25.435863767451423,-0.187059577633789,35.6576,20.794,1430.5078125,2.0133301984331773,0.7450614243047105,1.899655788660001,1.4803183081602256,6058.406941702482,0.1617312923660548,44.64307534501352,6.311730697673943,7924.876965502654,2.004621461108916,4.018507202338445,inner_race
1.222210706357422,0.8035851854537789,0.0838197746705986,0.0553595523158883,0.0572274223819497,32.74174627744838,10.496274158385551,22.043907699267876,32.7196426109442,-0.215779786953125,51.136,26.9423,1335.140625,2.5668441575981125,0.8228730310135327,2.1001650077572367,0.4489003004486439,9393.883985364995,0.2669932695739992,27.25818306742277,4.905275794607989,10785.348022124212,2.5577583961230634,6.542128012938026,inner_race
0.9663345160742188,0.8175073338248909,0.0817588190555965,0.0779533893792989,0.0227543154247932,29.98673651582433,10.973207101426476,21.247404142628227,29.522440005667548,-0.1940204415917968,33.7559,20.5321,7820.109375,1.871112046844619,0.684706052929934,1.9362984719267848,1.4845662906090384,10066.242855733264,0.237603951918523,25.252957417653644,4.733853824615159,8716.128172382425,1.8610256204823143,3.4634163600915837,inner_race
0.9741508264223632,0.8678814830631979,0.0639499446714668,0.0457859368833384,0.0223164040193185,30.7684299803185,10.621257347946845,21.710806403227497,37.68702478671728,-0.1960529400688476,39.3308,21.1496,1430.5078125,1.9912520059678571,0.6873798895013059,2.0440900443321177,1.1772764264037696,7668.165936156747,0.2071379809571276,20.08972630326174,4.347819516851414,8688.505155969378,1.981577098162314,3.926647795961377,inner_race
1.00143427987207,0.8424471943691464,0.0785897740445945,0.0530001894249093,0.0257580043616182,29.941834359572653,10.509375150631078,21.119309000189,36.11200466075833,-0.2060322432783203,39.3308,21.1496,1430.5078125,2.0124507591424203,0.7063561886694593,2.009568475526426,1.1464167454600458,8218.490477500032,0.2301955050856727,19.2769280385028,4.30834333309753,9147.247988197218,2.001876313037997,4.007508772702606,inner_race
0.9639847009960936,0.4690797327043538,0.2279636550509286,0.2165535867090478,0.086206126327098,33.63356688632172,13.438368787025542,24.54520281862428,32.40808814833351,-0.2455043323144531,39.689800000000005,23.6612,9059.8828125,1.760719650947843,0.703499574694906,1.826501654153304,-0.9396143045810632,17591.26941250324,0.4307386830813282,31.02531160125472,5.147139468507823,10978.38174956246,1.7435198054650052,3.039861312048729,inner_race
0.706513110097168,0.3686907518204049,0.202007884562908,0.3052994460117529,0.1226854153046966,5.70644473783701,3.866614793465255,4.845911492752247,0.0416241147036919,-0.1205906573530273,6.30351,3.4237,10395.0234375,0.8854515339325242,0.599970762408142,1.253269785483169,-0.017872406372552,20920.602917743112,0.7110859359362518,18.724640793706172,3.326359966737777,12699.977490070863,0.8772014092000906,0.7694823123026249,normal
0.7063950189174805,0.3343212039743123,0.2066932335479448,0.3380677246790058,0.1207755739362635,5.729114487885037,3.839562783786824,4.846721605209888,0.2056830401731582,-0.1049810896391601,6.30351,3.4237,10776.4921875,0.8916900680611678,0.5975967153806861,1.2623108093650546,0.0467815206823041,21417.99878914014,0.6892041986774361,20.524283438292564,3.500076950979906,12655.915450363484,0.8854886494456633,0.7840901482971048,normal
0.7136333897773437,0.311613924216067,0.2261028796378086,0.3404220327874383,0.1207953440949682,5.345772281177422,3.526413316175501,4.475673428056018,0.1063625489093857,-0.1265805464755859,6.09098,3.19399,10299.65625,0.9057333085005408,0.5974796216528165,1.269185721233045,0.0752776375352074,21682.64933810832,0.7136042402652123,15.688248788095123,3.3109848797987183,12589.345465904147,0.8968445748184452,0.8043301913812777,normal
0.7212321870961914,0.3387357118800284,0.2288467028741861,0.2989854199184647,0.133094825824263,4.767373666317084,3.185683057678804,4.01672311889434,0.0099858527231719,-0.1409326260288086,5.62731,2.89699,10299.65625,0.9093779724938628,0.6076700092690652,1.260867150362742,0.0701892943308346,21048.14751826692,0.7098951844754219,7.631505552225384,2.4773584156941832,12671.231858836154,0.8983909459570888,0.8071062917776729,normal
0.7112926241813476,0.3362107645837293,0.2251868970154286,0.2956825483271027,0.1423063646452746,5.764147310035151,3.874458828745056,4.8741542961875055,-0.0119249560009331,-0.1357740575002929,6.08626,3.46695,10776.4921875,0.8948217424013643,0.6014679732358988,1.2580219616803237,-0.0176410486993584,21264.89396525665,0.7256891547576092,5.484552450804554,2.106426617968444,12803.426564242396,0.8844610539668327,0.7822713559841206,normal
0.7094072788087891,0.3135626401242462,0.2463019127687894,0.303907406150601,0.1356787428095557,5.79341185237921,3.892034163419784,4.887108017585578,-0.0949172996045644,-0.141414024302539,6.0627,3.46695,3337.8515625,0.8907809783852776,0.5984297488838481,1.255669352421989,-0.0318031788251023,21431.176958820583,0.7190853614237617,3.765280208910205,1.81724952588464,12693.24327634967,0.8794844087211514,0.7734928251835933,normal
0.6952245630068359,0.3131804109292979,0.2223259033455644,0.3167915936526059,0.1471860089769089,5.4567224952377895,3.6157451563680927,4.568466318657344,0.0792681437580311,-0.1427873434902343,6.28059,3.17611,10299.65625,0.8784109118990862,0.5820545213306827,1.2634923428193792,0.0736388845531859,22086.99029132908,0.7430071189912567,10.48781524801172,2.461573776108546,12749.351487235346,0.8667280453997008,0.7512175046823859,normal
0.7106532693789063,0.3269783671167329,0.2275099951423173,0.3013312984943803,0.1437845884376992,6.010375603035599,3.98705424492984,5.051661836633152,0.2965350990367339,-0.1308426368798828,6.93277,3.58998,10395.0234375,0.9004091189793113,0.5972971137089744,1.2670160791158354,0.0236376801194,21751.832489881508,0.7305099484523945,10.089191358203577,2.5522462500386385,12693.392634343008,0.8908517193761365,0.7936167859154186,normal
0.7228995911201173,0.3100185327915432,0.2150373702839404,0.3323356965735385,0.141444926940333,5.8551121095735095,3.94857288771357,4.966083871257147,0.1797896430742276,-0.1217956198271484,6.93277,3.58998,10490.390625,0.909184179218428,0.613135996854806,1.2576908195641203,-0.0100218970202952,22204.7624372478,0.7451448300122521,8.912427169905008,2.463505321130348,12635.746227199756,0.9009892889108102,0.8117816987320073,normal
0.7174566717729493,0.2984195165799214,0.2266354607552203,0.3153322996936576,0.1594170122321895,5.917432478294642,4.006590537578832,5.0197038255987225,0.0383664428615935,-0.1361020462514648,6.326890000000001,3.60142,10299.65625,0.8988739843069475,0.60861192978714,1.2528616983736276,-0.0012482831810071,22663.68352334516,0.7722017968166712,7.844187051822423,2.202662846215305,13016.195302944783,0.8885103672270858,0.7894506726700108,normal
0.7226897045292968,0.3405198774004542,0.2377446963338829,0.2727680238293815,0.1488419616180375,5.874583065048366,3.9754286559765353,4.983355895938328,0.0445232045127284,-0.1554920862871093,6.86233,3.60142,10871.859375,0.905919917487574,0.6130511663758982,1.2535392600862068,-0.0136815348119475,21236.328544188465,0.7402895401836546,17.099601550060296,3.09824087922292,12889.72837951862,0.8924758304866162,0.7965131080027752,normal
0.7397064229682617,0.3179787020591354,0.2450656273491862,0.3102542842503456,0.1256898803278158,5.218423811439233,3.498366327041892,4.408384054466855,0.1016192728817553,-0.1624631833979492,6.19986,3.26091,10299.65625,0.9321236529158232,0.6248840871934942,1.26012648257864,0.0395644114705652,21391.62234267951,0.6855305435502053,9.089331256797267,2.64053697268651,12255.148038109002,0.9178563168412268,0.8424602183653428,normal
0.7292401250146484,0.3532395562790885,0.211480127792752,0.3045674968793054,0.1299612600588023,5.1820970811934925,3.4888099162322086,4.386840342796194,0.0532305727112141,-0.1460270864892578,6.13801,3.19906,30326.765625,0.9169487810487742,0.6173292298227694,1.2574030824625226,0.0109667519389448,21057.20016968702,0.7271579935964425,5.356820848533085,2.077341353021815,12873.152478282089,0.905246462063394,0.8194711570782919,normal
0.7185604230810547,0.3442050954178898,0.2103502831699257,0.3154180106289292,0.1293899870824562,5.395422590665354,3.69162031096618,4.606794214752623,-0.0308021640687967,-0.1262940932958984,5.927490000000001,3.31026,10776.4921875,0.8966956840514376,0.6135311821037145,1.24790575050957,-0.0172472018931993,21484.07858684243,0.6902086379936008,25.495196985767453,4.105099579117117,12731.863040104949,0.8877572595000519,0.7881129517950426,normal
0.7340325560205078,0.3446630210900517,0.202839415775327,0.3283913488129895,0.1239745292106516,5.28768114924456,3.613385286802768,4.509690984206859,-0.0123678134470681,-0.1327880205224609,6.29236,3.31026,28133.3203125,0.9161104441561,0.626032452897227,1.2480515157566188,-0.0065469308760923,21317.37746119365,0.6750022088448281,6.859061466319375,2.402772229837807,12498.225454508816,0.9064357051096416,0.8216256874976131,normal
0.7280018646826172,0.361635918621238,0.1970384860991449,0.2945430834080554,0.1463691042261502,5.03150526969029,3.4386886255046005,4.284109905899352,-0.0571312127985326,-0.1483132825537109,6.10094,3.11884,10776.4921875,0.9069852899351522,0.6198622147506918,1.2458557236396164,0.0122644495280552,21475.20881325034,0.7228973699592589,10.020340099517318,2.611068046910024,12893.295298121026,0.8947767801954267,0.800625486376895,normal
0.7091546956870116,0.3332836514888554,0.2321453138309093,0.2913732735143429,0.1431314921286774,5.081693074805305,3.4473436768595613,4.3167450185665714,0.0455986042911469,-0.1503042276303711,5.99324,3.06124,29563.828125,0.8879996562421965,0.6024055280271499,1.2521945657878275,0.049562157139596,21605.87577279899,0.752367105545457,8.69434261781603,2.440117708420383,12814.966069764168,0.8751868535591109,0.7659520286426966,normal
0.6932021927573242,0.3004362590290236,0.2546425950896885,0.2916132622711272,0.1532825176009396,5.212329560507524,3.5133421349948795,4.41608528072224,0.0456027814604391,-0.1508231198764648,5.99324,3.06124,10490.390625,0.8713185002702454,0.587307453311131,1.256947120730295,0.0013737902663928,21917.67067868609,0.7277846291221244,6.651855676303253,2.2616912889459653,12872.74368211913,0.8581656689846776,0.7364483154239192,normal
0.6987484129907227,0.286691795388897,0.2355700296890225,0.3300758401749112,0.1475694460333869,4.901705731013339,3.3561836729513685,4.182921843772125,-0.1100678424077874,-0.1618715264672851,5.41494,2.92281,12397.734375,0.8708730763324799,0.5962842651910403,1.2463328147037132,-0.0228853223264258,22223.93343670532,0.7304807323211181,6.588327604542608,2.230213385575156,12693.861782276414,0.8556970982771581,0.7322175239999484,normal
0.6953561269067383,0.3115443905776214,0.2132046449589312,0.3314144923970556,0.1436021698674119,5.946403610418272,4.049373599686945,5.065016131615063,0.0391500705210945,-0.1474106626977539,6.036630000000001,3.52199,28133.3203125,0.8697616837014701,0.592289092827364,1.2508147265064988,-0.0353579714048724,21937.165600952216,0.7340990022373992,6.8517424878022055,2.1568296246679988,12684.182123576256,0.85717879287709,0.7347554829582251,normal
0.6915099846977539,0.2861599357635263,0.232190455112353,0.3461795634116359,0.1351586585187808,5.989412630381346,4.076664593409637,5.093187485267325,-0.0462547184857475,-0.1440168193452148,6.036630000000001,3.52199,27561.1171875,0.8639391147590785,0.588035959007846,1.2493516129585462,-0.0470542790113224,22205.39934634453,0.7469512223441284,5.852297302894865,2.0800855114892425,12639.033689633688,0.8518508964345743,0.7256499497563879,normal
0.6916108063481445,0.2800192599398292,0.2169938356397864,0.3516093163061399,0.1507330285993169,5.79335094442718,3.9439985937259054,4.927540126208647,-0.0761872088082844,-0.1540331333491211,5.95121,3.40794,28800.890625,0.8640824581989799,0.5882502255932229,1.2493767452268758,-0.0486673906255009,22922.05361949472,0.7625372433283001,6.275142925412135,2.169159801282247,12615.081227307195,0.8502424879984791,0.7229122883978438,normal
0.6921330134716797,0.319550719409455,0.2162182747025289,0.2977338537968027,0.1648277103950554,5.804634027737189,3.917458005936039,4.923822348692871,0.0242622013045026,-0.1405212777099609,5.95121,3.40794,10776.4921875,0.869936574900362,0.5871067811881522,1.2568921839702965,-0.093911253477527,22379.183337127342,0.731759886124406,22.297427064144603,3.951366417565289,13141.319753724483,0.8585123265627194,0.7370434148601333,normal
0.7029928008515625,0.350624313737514,0.2167439208453146,0.295210858400411,0.1358564794139211,5.044411728305057,3.452498362494129,4.298521971120529,-0.1755656254817164,-0.1289155961113281,5.26329,3.02183,10967.2265625,0.8752589234588344,0.5990450745810447,1.245046780562474,-0.0742794206078825,21497.660759202736,0.7113914020292144,17.622769194726985,3.4802852022512454,12724.521407619904,0.8657129733194361,0.7494589521735786,normal
0.6979057074780274,0.3264433128680229,0.2136611686171328,0.3076528656445322,0.1517884070616277,6.190327347755906,4.21854489341708,5.262917268971669,0.0223613963442832,-0.119033522005371,6.65277,3.67302,10395.0234375,0.8706841085729924,0.5933482663613144,1.247566969640243,0.042186498810042,22034.160476052875,0.7633546336866288,11.110990948286451,2.482036564736669,13069.511955871038,0.8625090362196463,0.743921837560543,normal
0.6804232027524415,0.2885119864476284,0.2379562156197008,0.3282656773552103,0.1447592366772506,6.42025841039187,4.271601190524443,5.398140429576673,0.248014834411419,-0.1056638714672851,6.75687,3.67302,3623.953125,0.8598695983482127,0.5720984678832907,1.2637276254981846,0.096757813130657,22342.638905064334,0.7466943762300843,3.892680513252873,1.788545545755106,12714.098838582488,0.8533527245108331,0.7282108724300618,normal
0.6868334762080077,0.2803066468989882,0.2088889015946551,0.3684131365216183,0.1418952718820305,5.34076125512217,3.5482071340328893,4.489952960688327,0.0968569454568162,-0.117948991836914,6.139139999999999,3.08385,28991.625,0.869129079421837,0.57741768498683,1.265414557572644,-0.0133988785367046,22741.252881243832,0.7036477134293114,17.30831870493051,3.3318112635655908,12660.036775494513,0.8610884925611918,0.7414733920213057,normal
0.6864782753037109,0.2824717317409099,0.2266764411781896,0.3546318434468474,0.1355801314443656,4.755487599924186,3.1967872871624543,4.023142609688745,-0.0050304756285259,-0.1235324593466797,5.27097,2.7618,28514.7890625,0.8639298620495456,0.580760635364506,1.2584955607915296,-0.0656558077243529,22503.450114859646,0.7280249303572471,8.951351620009216,2.50076236155542,12557.268653834924,0.8550523598170511,0.7311145380287077,normal
0.658812802116211,0.3231411711722428,0.2350268758300495,0.3046287472522119,0.1368066137298149,4.681756753052108,3.132131632554036,3.948708937719029,0.0106906374262272,-0.1204524599482421,5.08766,2.60146,10776.4921875,0.8305717336275199,0.5556589411237713,1.2607097660512852,-0.0561822821962637,21668.8742655104,0.747026290226019,8.837849989367921,2.420429912834491,12662.553234146304,0.8217910985119279,0.6753406095934411,normal
0.6657881438344726,0.3571175954644461,0.2021955336711682,0.2844136394378717,0.1558547854756826,4.671609739338677,3.134062773096553,3.943506691000431,0.0099147121287206,-0.1149479899379882,5.08235,2.62554,11253.328125,0.837743271302088,0.5620204054912509,1.2582730393444297,0.0531516047126823,21538.625565299837,0.7833438629804962,10.226945134728552,2.544829235890348,13227.14621744504,0.8298197082626684,0.68860074822114,normal
0.6737807190258789,0.3209042232791766,0.2145778543528266,0.3249787845177002,0.1391876169784454,5.0948589343397455,3.4237332755770584,4.302972640997528,0.0416694110602042,-0.1109248417583007,5.68323,2.89926,8487.6796875,0.8468124607374211,0.5690559910223936,1.2568072027375663,0.118661459806363,21848.67015448944,0.780943038761197,3.1288316378788448,1.6765332163539552,12868.482644294649,0.8395159457336485,0.7047870231410622,normal
0.6849831640390625,0.2938361305920914,0.2135038322505191,0.3300650818992896,0.1621762095874268,5.141886662558512,3.489683158863803,4.3718300787743525,0.1333645134786891,-0.1205537912636718,5.89389,2.99463,12493.1015625,0.8581380783506471,0.5823990679930555,1.2527871098182353,0.0158022356755699,22799.726970321,0.7486768078913669,9.80546109077826,2.7215658419404543,12920.84783317876,0.8496280038506832,0.7218677449272966,normal
0.7033562316420898,0.3154216642791962,0.2423961097621876,0.3043967080420277,0.1373899990007788,5.021855832740999,3.393792989416053,4.257629157572956,0.0640587219909307,-0.1427964570327148,5.62151,2.99463,10776.4921875,0.8823844027432167,0.5963193886363498,1.2545341365401128,-0.0147845035500707,21697.983634629058,0.7292506126728686,13.786393729218918,2.8459783031026045,12555.395622286273,0.8707533554706565,0.7582114060634074,normal
0.6998878691323243,0.300807638658457,0.2320406421161996,0.3373237414767379,0.1291377472428179,4.872610459849565,3.269656601234756,4.11928842769372,0.0546464547731329,-0.1464758479311523,5.72026,2.88304,10776.4921875,0.8817562061138916,0.5916828410061348,1.2598535351198985,0.0238619572906003,21851.079165584237,0.715644526300531,20.7548886126586,3.527571338081594,12353.18694199355,0.8695049355772593,0.7560388329932137,normal
0.704260747413086,0.3011961706699651,0.2715035418221739,0.2943276337455543,0.1325177061934693,6.069566687143418,4.098124549956774,5.1572233911108825,0.0858020690712986,-0.1241470600283203,6.46925,3.63203,12493.1015625,0.8862663776381101,0.5984002132628976,1.258435005633316,-0.0639209260579978,21385.49109795828,0.7228471692292445,8.666645871637769,2.487061366779488,12512.88912294187,0.8775281189899854,0.7700555996181019,normal
0.70636972275,0.3251777491191777,0.243498765594535,0.2996378127531591,0.13148930519248,6.024527968172891,4.121017860229772,5.141825708299018,-0.0862685133934086,-0.1195248515664062,6.44469,3.63203,12493.1015625,0.8813429407941201,0.6028737884839658,1.247707698120078,-0.0885039577777981,21173.39591680225,0.6987800405002568,6.471166597178454,2.295058292891725,12801.742136837596,0.8732005434868078,0.7624791891456565,normal
0.7146774564877929,0.3284800629416024,0.2229402552200656,0.301431212248275,0.1467887315882579,4.51198919260042,3.1060587897395044,3.8496387076776255,-0.222673348043918,-0.1229919219760742,5.42889,2.75125,10108.921875,0.8857688106511142,0.6097643151521728,1.2393966013761393,0.0109222175869624,21749.779225867227,0.7375881187281753,3.316550361926672,1.746944707855807,12911.606013202749,0.8771883338547777,0.7694593730509208,normal
0.7094062759394532,0.3357686481678517,0.2079407450685852,0.3098365213351356,0.1453042490734703,5.137887754413499,3.483276517479448,4.349327183374592,-0.0064829668175363,-0.1396993613984375,6.10821,3.08544,10108.921875,0.885786696668191,0.6005269378159488,1.248631040788525,0.1381028936294158,21879.396429390086,0.756446810111994,3.226778347498076,1.6529731687352534,13106.829719554671,0.8747011835016656,0.7651021604192145,normal
0.7032657858325195,0.3185563115008253,0.2363833718350378,0.3004507768628702,0.1440875654096392,5.309337767904032,3.5607992194104727,4.486781617371968,0.22763141572683,-0.1570414270844726,6.24084,3.1554,10967.2265625,0.8861493742189737,0.5943114071730377,1.2600490341926107,0.0873369468189434,21827.122473158557,0.7503564205173493,10.124430461529812,2.515974467592201,12584.515019387058,0.8721231011777816,0.760598703607951,normal
0.6998065684541016,0.3133573534449188,0.2188424636486617,0.3151990070738084,0.1521676619348586,5.661314427362816,3.746358154502572,4.767860363715402,0.2870216681502411,-0.1493673688798828,6.2562,3.33658,11920.8984375,0.8906195997277839,0.5893648979949456,1.27266539051669,-0.0329912105325981,22183.070612557363,0.7417661762955152,4.767143588093353,1.925828408103172,12759.029031841552,0.878004931952651,0.7708926605331792,normal
0.7070908938061523,0.3417773638910982,0.1891152178691803,0.3325489286965984,0.1361416579175015,5.591062846903451,3.719467848165767,4.718742709356285,0.2683590128473425,-0.1623480930971679,6.35808,3.33658,10490.390625,0.8970584331426374,0.596770254844824,1.2686607068490467,0.0014722952692399,21827.7912855466,0.7092675385155369,7.631037451225135,2.4372872500070635,12758.582604557538,0.8822453905462113,0.778356929140037,normal
0.711823832699707,0.3327353069525793,0.2046498825787778,0.3294191702343385,0.1326672883215501,5.503402667294959,3.743573668443633,4.677899006796448,0.0659165690320402,-0.1499499003461914,6.35134,3.32984,10776.4921875,0.8894816276940958,0.6050511295108791,1.2495811278481543,0.0720953450971436,21720.0340136942,0.7005895912977369,7.08554116218793,2.3793864381635297,12787.662095792666,0.8767511581922804,0.7686925933915052,normal
0.6980598805908202,0.3428845233526538,0.2109391420425868,0.3138131019227039,0.1315559560391414,4.8012768015908645,3.253757674878664,4.064508044207621,-0.0994064868033461,-0.1348452977783203,5.523960000000001,2.83727,11920.8984375,0.8719979431491637,0.5909407262376319,1.2491735557286672,0.0968737977534389,21577.10481871582,0.7428540035859398,5.824845536447395,1.9809871955370455,12868.54191447833,0.8615086526108998,0.7421971585234481,normal
0.7130423275039062,0.3131544238706942,0.2137729426112678,0.3367893884760923,0.1345011946986909,5.741287433386302,3.8480311399889153,4.842615742164456,0.0340379911574881,-0.1578107458984375,6.11928,3.45299,28228.6875,0.8973394118660761,0.601431306142318,1.2584658403202025,0.0506846047207107,22078.38377975791,0.7203087421182054,14.052175885252012,2.9829020564862847,12823.617044280578,0.8833537165638315,0.7803137885671341,normal
0.7080669676264648,0.3448684544337838,0.1889215224600507,0.3343911851699621,0.1311098028003208,5.77483356130734,3.8675862075044174,4.876643252508847,0.1009489404856007,-0.145923178793457,6.11928,3.45299,28610.15625,0.8928023358083237,0.5979375792119439,1.2609009834212668,0.0087941433114829,21471.71987534665,0.6979458664248913,9.295048146294302,2.525038564942334,12740.979786027265,0.8807964786008239,0.7758024367156116,normal
0.7236422025654297,0.3466128560581887,0.1875926608563439,0.3338218410570205,0.1318699471012252,5.299438268811847,3.5755961697639025,4.479465112051574,-0.0894434624566997,-0.1390615216757812,6.0045,3.24153,12111.6328125,0.906570497924557,0.6116742634926027,1.2527883181918036,-0.0152319519822673,21553.416805794084,0.6702040789817735,14.299530815354622,3.1323143781603524,12514.943140170362,0.8958414820136404,0.8025319608963957,normal
0.7346182887294922,0.3604828118096789,0.1821978471725478,0.3201754217071498,0.1366814597629156,5.204043556846746,3.547610000837764,4.4125364828667175,-0.2077400693732793,-0.1461945825185547,6.0045,3.24153,28896.2578125,0.913722195854256,0.622886792662458,1.2438054018972498,0.0204634635320145,21383.07472067029,0.7139440626658689,10.684701782959769,2.6211314143147786,12892.05465181898,0.9019508829414986,0.8135153952389489,normal
0.7386032255199707,0.3457095430577191,0.2159761508625025,0.2926749230018292,0.1445501286267553,4.825483132259158,3.256495161185042,4.073851691998389,-0.0960059630205658,-0.142676014748584,5.8278,3.00896,10776.4921875,0.9239872473524684,0.6235562155185254,1.2509927054569645,0.0784647114016711,21342.89346986265,0.7079450210012384,11.208557505804205,2.8342690657310343,13036.619765115556,0.9129052459513276,0.8333959880854537,normal
0.7371302016068848,0.3329334550096796,0.2166727314044814,0.3247837384783326,0.1251221573437084,5.127724918940632,3.4410862458513014,4.325545192761532,0.073795086272189,-0.1450319905034668,6.32424,3.18849,10395.0234375,0.926594038101823,0.6218137771436323,1.2570289971594193,0.1094436037809144,21330.579192994253,0.6823294757722898,16.85957348868289,3.448701103728184,12554.113414316816,0.9151733350444848,0.8375422331764448,normal
0.7344955956303711,0.3083722894328067,0.2257316336057039,0.3192912520395851,0.146530779928059,5.180046987950794,3.484829755913034,4.389910598759584,0.1622645350572176,-0.1493689801811523,6.41286,3.22437,11253.328125,0.9252589727027304,0.6224596046136539,1.2597202463939066,0.0625802555344062,22010.89392938093,0.722363215815114,3.7452257864329024,1.814331575078244,12755.14574801138,0.9131227049671662,0.8337930743265544,normal
0.7354018544289063,0.3281742226506964,0.2347531321863266,0.311180949118714,0.1254829599813842,5.246464326256092,3.538747472110481,4.450641483004872,0.08824484832361,-0.1237977311183593,6.49738,3.27301,28514.7890625,0.9249063477389085,0.6238506156651292,1.257688353882608,0.0149858301885427,21382.23818796248,0.7115420708174537,11.666933116656123,2.770090249997549,12527.440454874491,0.9165838062379638,0.8401258738576731,normal
0.7038676269606445,0.3243488336888737,0.2227691194946966,0.3183523506699979,0.134276598195575,5.58630641725582,3.769203372132612,4.724894103115145,0.0151479235203777,-0.1284589401481445,6.07459,3.3257,12302.3671875,0.8823349847844167,0.5953307519485648,1.2535524450732425,0.0424476388313068,21437.935507140857,0.7111120880766432,15.627896985850075,3.2133308946687733,12883.07661188401,0.8729337466672557,0.7620133260705324,normal
0.7131319117563477,0.3437392071763783,0.2104447205728657,0.315667741932296,0.1299549852743645,5.523336180422216,3.710365099651046,4.663513082466397,0.0336080135093239,-0.1429095431665039,6.14486,3.3257,10299.65625,0.8963268871607208,0.6021179756879792,1.2568879226750471,0.0214431409120483,21263.391174190598,0.7231680552052213,17.963787849113466,3.327252445503506,12673.236465851847,0.8848608654015437,0.7829787511191688,normal
0.7233159632285157,0.3198276334666854,0.2420710911342314,0.2999115133879581,0.1380211093912687,5.142465942184498,3.4855843687493078,4.36439973743904,-0.0191151773604545,-0.1379657616367187,5.976,3.15684,10395.0234375,0.905684575677832,0.6138766956342714,1.2521285602979302,0.0117807454417365,21507.66989354673,0.7342260248653147,4.395838061828961,1.8429052127946928,12597.526813417326,0.8951145173868731,0.8012299992367347,normal
0.7111891285400391,0.281084759664291,0.2487597331370507,0.3127074902949013,0.1572709209334296,5.357032413504725,3.6649902907876566,4.5629212677388455,-0.1032404922126399,-0.1240378831787109,5.90928,3.2451,28324.0546875,0.8854320864524264,0.6057644885290067,1.245002279871855,0.0220936281618282,22465.61104443602,0.7373536789546571,9.774980851995922,2.634743698897684,12741.074369905566,0.8767009656981345,0.7686045832560415,normal
0.7202822092529297,0.2773963299422589,0.2313500496438851,0.3310891086200592,0.1597845940446405,5.891304614266958,3.98357592600356,4.988433635930992,-0.0407369297560649,-0.0983949786376953,6.2572600000000005,3.59308,30612.8671875,0.9019735199586576,0.6098954705717723,1.2522501713518324,-0.0112407804219698,22757.8948551024,0.7389215605596341,7.875144770144535,2.3099714952248163,12731.087238554865,0.8965905748364179,0.8038746588854984,normal
0.7216842375439454,0.2926314444127501,0.2415473252600614,0.3253635552693835,0.1403969527773559,5.895796967071953,3.9638775914148554,4.9787425207290985,0.0245568864211587,-0.1124984739111328,6.357620000000001,3.59308,28896.2578125,0.9064558420729376,0.6094307555140323,1.2560283222449362,0.0477138665337284,22183.43765621617,0.6965599958395128,8.886835005781382,2.741364328253808,12386.47093028006,0.8994477677974552,0.8090062869958248,normal
0.7218767816503906,0.3240268016535402,0.2240375080527271,0.3255583155295528,0.12604966253839,5.066957142103841,3.384627721849764,4.27071500062885,0.1410897996687676,-0.1396718730078125,6.084630000000001,3.08293,10585.7578125,0.9108623616410964,0.6084381441442276,1.2617975599085451,0.0762963284993727,21409.591397795048,0.7039718439318745,12.228892350523102,3.0966893143014484,12323.29494867416,0.9000900009137337,0.8101620097448851,normal
0.7281517041748047,0.3419218477241581,0.2075585743693743,0.308597619703393,0.1417219368471024,5.647006389269837,3.804606982837929,4.784071753217681,0.0863479998515264,-0.1438706600439453,6.48523,3.48353,10395.0234375,0.9156083705133636,0.6168808320492132,1.2574417738278847,-0.0168112002170445,21459.538684699783,0.7157242304289729,5.95965824835346,2.220684406644196,12794.846620397982,0.904234439364403,0.8176399213326562,normal
0.7120961647753907,0.3086695398159852,0.2219915077090487,0.3170498221079467,0.1521307700989335,5.761586530446484,3.897726407489709,4.891937595393137,0.0187369011452571,-0.1533453235058594,6.2058800000000005,3.48353,10490.390625,0.8937338427105077,0.6046129797047498,1.2550746471052954,-0.0344548528676005,21950.90991757114,0.7434918552553732,6.165032759441171,2.1275797211093423,12864.043987545088,0.8804802061176469,0.7752453933649739,normal
0.6916784704648438,0.3135955751092694,0.1979730947581672,0.3436466280536135,0.1445809501638497,5.303779915207405,3.555214817723577,4.474983872087028,-0.045087319510801,-0.1489879066171875,5.57859,3.09525,31375.8046875,0.8706224964436622,0.5835932202098095,1.2587098393543446,-0.0076604833948615,22234.15770712147,0.7221905663859425,5.829882341435921,2.173783730935797,12843.178036975818,0.8577797706845406,0.735786134995623,normal
0.6894952980717773,0.3034244116326593,0.2087734901602684,0.334600175863268,0.1528669249321106,5.269809692068881,3.5473554048902285,4.455664902417049,-0.0497258428437374,-0.1392240871713867,5.669639999999999,3.07216,10299.65625,0.8660423468606655,0.5829736137575581,1.256052578288227,-0.0716143148171435,22611.21886960648,0.7578564578705368,5.300105945796471,2.0175531334500345,12875.286118677952,0.8547783339013826,0.7306460001072236,normal
0.7080598327592773,0.2786587201683563,0.2193030252098939,0.3518688214484201,0.1486608025444397,5.436782969181673,3.698103424057935,4.628733121646008,0.0093458096993686,-0.1413104737709961,6.05114,3.27742,27561.1171875,0.8862434670374042,0.6028234010034995,1.25165053295532,-0.068650232459145,22895.5465141899,0.7363881041640895,5.927604329750103,2.061170793769765,12670.622823443971,0.8749050422012066,0.7654588328690951,normal
0.7215665097075195,0.3061555715867056,0.2255519925446709,0.3351299292000916,0.1315110602775636,6.48583668262401,4.407579622941254,5.524812953993528,0.1610644471506748,-0.1598769979282226,7.189080000000001,3.98652,10299.65625,0.9044691964837894,0.6146500744738383,1.2534800109423148,-0.0178449016032466,22103.35325117045,0.7086563354314169,7.628333042495498,2.3783541296318,12383.127518239568,0.8902268659850087,0.7925038729214906,normal
0.7086307907758789,0.2889403068953901,0.2288874120142603,0.3439865127498482,0.1377392666119004,6.632926938379754,4.473658726273043,5.625665793657039,0.1840322957507347,-0.1490228489399414,7.189080000000001,3.98652,29468.4609375,0.891109546776074,0.6010197363901313,1.2575089290156294,-0.0498879649219168,22439.23721275293,0.7143270513192795,11.247113607325728,2.805577941540657,12377.826730770268,0.878560421854572,0.7718684148492834,normal
0.7163291462412109,0.2966024003159266,0.216797354306975,0.3613188816260466,0.124631078285916,6.68374358065326,4.520879507063292,5.668218334135415,0.1397829541243602,-0.1209474857910156,7.225160000000001,4.06031,28324.0546875,0.8981239145295267,0.6074903908272242,1.2537866415770549,-0.1085333866472108,22234.088386423176,0.710502000790649,24.27253216681614,3.743330485886965,12406.91269740461,0.889942847339464,0.7919982715306726,normal
0.7070920504004394,0.2851112036216843,0.242073530929195,0.3341861835955171,0.1378851836250599,6.816797081357737,4.561868786942544,5.742265095047485,0.2099881188349801,-0.1307629357021972,7.225160000000001,4.06031,28419.421875,0.8900540961681851,0.595633103280124,1.2587527969860937,-0.0042401955184132,22385.042281409533,0.7405612480899777,8.97682776200374,2.315893813925092,12490.109961361124,0.8803961317227081,0.7750973487523081,normal
0.6867789381001466,0.3053468835474661,0.2348961374107713,0.3095338235893618,0.1501156946256325,5.461385705950351,3.626819977683904,4.582304181758553,0.0897025901053769,-0.1417410106489746,5.78872,3.14703,3242.484375,0.8677105616942424,0.576232877412634,1.2634495811630615,0.0837381321032171,21735.541771290424,0.735741000445414,11.523178004379895,2.8050469346523945,12857.89579078443,0.8560555500526499,0.732831104775945,normal
0.6788733880424804,0.3089273339147734,0.2325517868054005,0.3221464446085498,0.1360965043468239,4.819618631541285,3.200945203046909,4.051153055108275,0.0303296177836931,-0.1403681188530273,5.34461,2.75022,10395.0234375,0.8591899659457232,0.5706302116938444,1.265611498519897,-0.0046446908192884,21544.006823397987,0.7410482289723997,6.163957419434112,2.242144891878391,12656.387339841658,0.8476462639518182,0.7185041887914754,normal
0.6862963908210937,0.3243812780325271,0.2597516235076342,0.2736901904906301,0.1417672978779581,4.483763789369196,3.002014217877618,3.782797104460901,-0.0266855474195719,-0.1455775958,5.19051,2.59612,6866.4375,0.8647927063568074,0.5790046313669075,1.2600863386767318,0.0170987078939517,21014.365545627497,0.7525622382471014,3.307297926472889,1.7616769361540463,12779.89949801702,0.8524515168436402,0.726673588569023,normal
0.6870241247576172,0.3300479454536096,0.2222321534824894,0.3031538003156411,0.1443578440912843,5.485230470370573,3.654132047719912,4.618629660376884,0.1195033093281678,-0.1550508798224609,6.10046,3.17311,3242.484375,0.8683621605792659,0.5784825299757422,1.2639471152277584,0.07408044284893,21321.83455663202,0.7089421106952681,15.672860778101374,3.0804585548175387,12981.299816540724,0.8544074359415251,0.7300120665921714,normal
0.674027121578125,0.3290835142758674,0.2237871247114539,0.3045445634894032,0.1425504422592697,6.3936454893981365,4.263727681265507,5.383789292489755,0.1578374091646721,-0.1319515550820312,6.8019300000000005,3.62882,3337.8515625,0.8510909399642846,0.5675666575535451,1.262695391205614,0.0479813844433813,21500.551664090395,0.7338476667215968,7.526465306983407,2.3562655549620146,12987.205404262842,0.8407999614657005,0.7069445752007233,normal
0.6984319719184571,0.3392469492246586,0.2271406659823474,0.2896955919000067,0.1422091023472613,6.103525973569028,4.170391667990397,5.195667074106496,-0.0943995503597023,-0.1245914424467773,6.21425,3.62882,3623.953125,0.8701388955509385,0.594544860743511,1.2458463107879152,0.0387091520025733,21037.64727284046,0.7234430510775208,14.239284242065963,3.108801324610872,13067.818814262571,0.8611728456120981,0.7416186700196384,normal
0.7104599984472657,0.3252391940926397,0.2539916266595117,0.2858882328959108,0.1339321501078781,4.385511790277995,3.001377900660867,3.734383365423113,-0.1773940875524275,-0.1291554420029297,5.23856,2.65313,6866.4375,0.8839706587483745,0.6049761411841558,1.244222983250742,0.0268502794750514,20983.776914005317,0.7386935660774184,9.065855469375428,2.5573748507000813,12868.252614180572,0.8744844180024381,0.764722997329063,normal
0.714957315010254,0.2738791049161208,0.2646753074376107,0.3217700461747841,0.1395125533682762,4.963049740709445,3.3944465284423453,4.229790977041235,-0.0521706706731004,-0.1221316920219726,5.86406,3.02412,12302.3671875,0.890902235360213,0.6093269578168112,1.246091503165382,-0.0117970928155515,22192.329477003612,0.7435009625625467,10.998394022470432,2.635361932435899,12500.751212056604,0.8824911573345505,0.7787906427736744,normal
0.7222442806152344,0.3201642885915978,0.2078216721657378,0.3360581356171919,0.1358633067979541,5.270276659180752,3.629398272668498,4.513985209024904,0.009469384721612,-0.1401154348730469,6.330030000000001,3.2602,28133.3203125,0.8982756245163894,0.6186013013796486,1.2437282628963224,0.0023799887145811,21704.65814231117,0.7064477169473479,7.111852840356153,2.31825983805879,12845.452156461046,0.8872805432954374,0.7872667625106464,normal
0.711930275944336,0.3071024563882678,0.2289719683016461,0.3122210405937349,0.1515383591635211,5.374902183100803,3.661278604462774,4.579381029519395,0.0318992241759055,-0.1721806627089844,6.330030000000001,3.2602,28133.3203125,0.8904539512579309,0.6065598756848777,1.250760055227028,0.0405048465267613,21744.880643494133,0.7301790095863501,7.889432754170615,2.368185524933135,12932.241772135852,0.8736487044000903,0.7632620586999564,normal
0.6887985048916017,0.3075498819150929,0.2229128020072658,0.3113650849474754,0.1576673203603182,5.519753473064105,3.762801018235881,4.700213454309828,-0.0011633147147307,-0.1550292999179687,6.21671,3.2375,10299.65625,0.8603962804065151,0.586529818007037,1.24912623110574,0.023362420320581,22189.236696959462,0.757663708763508,8.422061518872372,2.4747833766931224,12971.8862806201,0.8463141706862239,0.716247675504311,normal
0.6933039362246094,0.3239232644404998,0.2346151798992643,0.3062244825174174,0.1349156003128331,5.660673120910207,3.9396934535424686,4.85883582075706,-0.1462495503180072,-0.137714081234375,5.93407,3.36865,3623.953125,0.8550538359706639,0.5950970720348429,1.2333030166060566,-0.0746444619580969,21397.264461981013,0.7349605177406215,7.317460428868927,2.372004661551117,12729.233512413322,0.8438909255572777,0.7121518942379189,normal
0.7119842288300782,0.3062515605770449,0.2195098496924833,0.3380122346550663,0.1355318011149489,5.565029830555687,3.791304747957451,4.731354801967054,-0.0041924079232487,-0.1311693744257812,6.07042,3.36865,28419.421875,0.8885199750336202,0.6053246977228923,1.247948955967217,-0.0026157580712529,22085.07514305021,0.7258772616604977,8.970872681708823,2.3424436334615497,12725.826539341728,0.878784581821105,0.7722623412464944,normal
0.7114742984892579,0.3102092048707207,0.2263083721367482,0.319359734523054,0.1437345020020835,5.825615027888382,3.882748669159502,4.898673089668357,0.0527961138968677,-0.129648530774414,6.187049999999999,3.48528,10776.4921875,0.8976321407778521,0.5982681628146159,1.261650832199956,0.0435536908393846,22201.957567507456,0.727007475187491,24.214370973604105,4.024687672407944,12660.581414309096,0.8882199719807394,0.7889347186254656,normal
0.6980161956962891,0.2877476938241632,0.2447330482870872,0.3262844324423709,0.1409928161915598,5.889002686674219,3.99173556334192,4.993121966924196,0.0292456778154002,-0.1544079155693359,6.0572,3.48528,15163.3828125,0.8731239694350117,0.5918285634147489,1.2508649151959117,-0.004190469828096,22248.900317375545,0.7214386993669862,5.57850133184466,2.124389966043637,12483.638348060398,0.8593623575718708,0.7385036616114841,normal
0.7052275214887695,0.3513696326381076,0.221703094724308,0.2920495628273447,0.1343166534815047,5.730536491805402,3.897603597687688,4.866472018498293,0.0191684752167091,-0.1485367185991211,6.32672,3.43197,10395.0234375,0.8805333620987185,0.5988915706073378,1.2485805435384452,0.079534115223998,21018.224653092544,0.7235317679029589,5.091647842799441,1.9978081441080688,12743.177927390188,0.8679146530602408,0.7532758449966783,normal
0.6984695593300781,0.3149147711600714,0.2387317206133183,0.3051496868271403,0.1408772632147104,4.906848487194781,3.3118085587740422,4.144418266096573,-0.0801282098812872,-0.1344118067138671,5.64401,2.89475,10299.65625,0.874069243021575,0.5899407751338402,1.2514063517097571,0.0279467305933792,21735.65365567627,0.7551999128317921,5.731271150783227,2.042654418786233,12606.277196214089,0.8636726855772521,0.7459305078122229,normal
0.7137747778168946,0.3222581479007792,0.2262152753308161,0.2937885718728028,0.1574000943712408,5.185476845513553,3.541025090596132,4.410172645253552,-0.0592734267946739,-0.1475788447114258,6.17767,3.14787,14972.6484375,0.8889713909002708,0.607055068180185,1.2454508320106537,0.0283684725410659,22008.56944884049,0.7248608589437979,8.253354124789777,2.467194717201882,12867.52239769947,0.876635966882949,0.7684906184328029,normal
0.7315366699023438,0.3389794634280787,0.2329662392049161,0.3058714241139388,0.1220966925312691,5.050246677989614,3.4582774125505904,4.303092557780082,-0.064076144699579,-0.1527219026171875,6.17767,3.14787,15068.015625,0.9102421883727208,0.623310147149702,1.2442878475172452,0.0936158104053449,21101.51945641661,0.7006402915989078,7.332143224538196,2.3925934948810488,12348.929219320362,0.8973387665505966,0.8052168619545461,normal
0.7164013136264649,0.3278203487277684,0.2038688247260062,0.3352743017270482,0.1328536747492933,5.5866983207938645,3.793113916922257,4.742942168545011,0.014311324813601,-0.1391518137856445,6.0635200000000005,3.39785,10776.4921875,0.8957943458647888,0.6082035944831846,1.2504085752303078,-0.0052837805686595,21885.859943572807,0.6995151933170866,21.28593762130084,3.6247438934268814,12550.283179971948,0.8849204951878389,0.7830842828034901,normal
0.6964162076479492,0.3320702091287108,0.1956911373415199,0.3289607911850427,0.1431815255763111,5.730587700874033,3.908524966226,4.879050720941397,0.0639384974388184,-0.1385056260629882,6.2003,3.39785,10776.4921875,0.8693433019773958,0.5929322047513133,1.2483099796219337,0.0077180398314826,22003.265156849026,0.7489052039742046,12.684601820395883,2.870857134901605,12817.31865916532,0.8582388759790955,0.7365739682418613,normal
0.6796647688137207,0.3009732043703148,0.2391244317352135,0.3247703567254409,0.1335416683927813,5.7153352782880615,3.828465773240631,4.830042913258223,0.283883900358874,-0.1385254223488769,6.50742,3.28281,15068.015625,0.8574740364522687,0.5743862503519328,1.2616131890268407,0.1272970761468701,21946.86348575492,0.7173761054503929,14.979831477106902,3.0867883107000016,12511.883467028874,0.846210630134609,0.716072430552812,normal
0.6862790991540528,0.3040352075062359,0.2256722389688565,0.3294776252039076,0.1406156649702023,5.667104619011812,3.7865530757709656,4.783491154031328,0.1878818621849274,-0.1233255142351074,6.50742,3.28281,28705.5234375,0.8669652674369551,0.5792746421138829,1.26328379882999,0.0607620637798848,21982.09763835448,0.7428027297556333,6.249754484004727,2.206027146381899,12485.75694449573,0.8581489337409197,0.7364195924806775,normal
0.6949216637108399,0.321147063988662,0.2162401406047356,0.3107685883858898,0.1516787062756582,5.298701746586168,3.574389001665911,4.4848796098215296,-0.016465091367789,-0.1246670144854492,5.565099999999999,3.11664,6771.0703125,0.8719364340443727,0.5881893620466522,1.2547262225043967,-0.0008495625826026,22198.474676547565,0.7183744712754403,11.182836043891554,2.831042429748964,12854.021361326875,0.8629781460230042,0.7447312805133015,normal
0.7009688346263672,0.3274651397372962,0.2062578625070077,0.3328548201388417,0.1332689187112903,5.788512465731303,3.867172733146072,4.875452133077541,0.1588599169874487,-0.1346177956382812,6.534179999999999,3.41754,3623.953125,0.8837308896775652,0.5904003870134601,1.260727789914675,0.0654290160948258,21559.554254413757,0.7152389524531663,10.141169788201648,2.532095427989284,12939.97585548302,0.8734176174475706,0.7628583344677908,normal
0.7029086285004884,0.3298483997728573,0.2156486440053632,0.3106993503288798,0.1436074203488322,5.761192002636432,3.8646548870321498,4.861997507827755,0.1067487408043903,-0.1360365549370117,6.5198,3.41754,10395.0234375,0.8843066457156513,0.5932001569182329,1.2580677059010337,0.0377779870324952,21664.917979949485,0.7289324815883035,10.110772256407598,2.561091753521785,12977.40662993598,0.873780464062762,0.7634922993777358,normal
0.7053495654936524,0.3021444866751757,0.2362164329841993,0.309095880903226,0.1524053456580504,4.99902709643708,3.358812521744318,4.221991684244966,-0.0295190611159434,-0.1407268639711914,5.80564,2.97798,3242.484375,0.8866169161634119,0.5957119140487305,1.2569893844662627,-0.0459709844791335,22202.622045460037,0.7312311364061077,7.782859812252102,2.372380164564152,12766.58371104361,0.8753773505088833,0.7662855057839524,normal
0.7130056852392579,0.3597860759411188,0.2099130529117979,0.2836307166133147,0.1464678823310621,4.934681873115864,3.339170643829773,4.179826418915501,-0.0712610013338173,-0.1404189272509765,5.912979999999999,2.98024,10871.859375,0.8925090442763035,0.6039376147500695,1.2517558593895517,0.0553399614348766,21249.811935195416,0.735988238769936,8.455640563043081,2.5233114400520464,12822.490202624496,0.881393736637994,0.7768549189846856,normal
0.7088063018505859,0.3268095994378009,0.2017409945061065,0.3253993086094652,0.1455268499392116,4.954771861655819,3.354031284528292,4.204590157027448,-0.0278230748104704,-0.1406496077099609,5.750159999999999,2.98024,10490.390625,0.8885546219403073,0.6014888441309674,1.2535930050571302,0.0570570389115733,22139.051722359323,0.7281716119877006,5.83006354369256,2.02095370337483,12915.153503386837,0.8773522690587382,0.7697470040225165,normal
0.6951270935649414,0.3606961024985144,0.1760060375372841,0.3252695107075875,0.1378099096076825,4.713792670291598,3.1707699031118954,3.984767714626885,-0.0791848140039288,-0.1490781996479492,5.33255,2.76992,10490.390625,0.8735796303861443,0.5876202441947136,1.256719294173981,-0.0007340232843195,21625.933439304645,0.736738314667872,14.139665282483085,2.7958003701771936,13189.67320264622,0.8607653925520696,0.7409170610153186,normal
0.7185968787584472,0.349368220092454,0.2407586144396882,0.2992277214923586,0.1101644261841458,5.5712066955219655,3.788864997470538,4.725124893203672,-0.1319278124357521,-0.1408404200367675,6.11631,3.39546,10490.390625,0.8961681142682104,0.6094658097552204,1.2471082755279443,0.0798730403184204,20562.006229122,0.7185327889418127,15.902477577411451,3.112294409879355,12468.186442095586,0.8850317876296349,0.783281265114907,normal
0.7401521376788575,0.3140708328938266,0.2195094085242875,0.3416991458335136,0.124295736903556,5.357482438132869,3.708728780678679,4.587516305294043,-0.1682605698373422,-0.119787032376123,6.48717,3.39546,10585.7578125,0.915532032886656,0.6337790257289856,1.23695114325792,0.0586103462333978,21712.285931324637,0.7022191329072625,15.76367086332004,3.180061830651817,12344.594777426311,0.9076618148385966,0.8238499701160948,normal
0.7338813429819336,0.3455892462150526,0.2144712115229819,0.3093130525945593,0.1305694856961321,4.950614695647139,3.386410475230994,4.212820000897762,-0.1767536349021501,-0.1279038728686523,5.66427,3.09171,10204.2890625,0.9129755599959004,0.6245103265092327,1.244037021415839,-0.0231980289371589,21078.819138730087,0.7090446451904625,10.835471969625154,2.646487137391186,12701.898712228056,0.9039717763597642,0.8171649724550276,normal
0.7267362641196289,0.3303602495667762,0.1830557324163675,0.3463103756529144,0.1398560648238699,5.12898281429072,3.423412633952159,4.315251838710736,-0.0067291344228865,-0.1391123864770507,5.96637,3.13605,28800.890625,0.9160595976359376,0.6114370263168215,1.2605117466453333,-0.0564186304714476,22135.749800038724,0.7174278566383708,9.126896602370776,2.589848952906457,12779.10802513109,0.905435215987083,0.8198129303495756,normal
0.7154826464794921,0.3475592742244356,0.1827093064512562,0.3220948129541494,0.1467126165677569,5.530133394010571,3.662582723708819,4.640461954369939,0.13567551177325,-0.1541338366259765,6.15049,3.32017,28800.890625,0.9065105829576776,0.6003779228175438,1.2669917117041647,-0.0364114311664873,21929.55158851575,0.7146088623483934,12.208136507453917,3.0356368299380767,12863.860838955732,0.8933108067303479,0.7980041974212251,normal
0.723633645830078,0.370240204159341,0.2179502749159043,0.2731651416939971,0.1375839556581073,5.416556724933699,3.665237656653505,4.588191855274284,-0.0724158509328147,-0.1541457009765625,5.90036,3.32017,6771.0703125,0.9058539475531404,0.612966902888041,1.251812920492438,-0.0691744653335335,20831.367247699935,0.7258982677928968,7.891673839730553,2.54405303635351,12834.34411787285,0.8926424128216472,0.7968104771680522,normal
0.7240973784575195,0.3245962750538446,0.2374118935618726,0.2930054956898723,0.1447232036710671,5.35453275485295,3.686762203663093,4.570462617955957,-0.2139576520304027,-0.1294569524995117,5.75464,3.30946,3242.484375,0.8976602821608042,0.6180670007108561,1.2396955283459392,-0.0615036747577069,21369.948411407157,0.7384147551034942,5.989755757552628,2.106587086749488,12926.24136033368,0.8882763531798838,0.7890348796185538,normal
0.7018045945952149,0.3271568764486677,0.2508622753134115,0.3028275861082186,0.1187749990478519,5.695206721995872,3.815742650958265,4.803146097873928,-0.0089720560822859,-0.1251555728071289,6.14473,3.37087,3337.8515625,0.8834112539412107,0.5918784276927329,1.2587709752039205,-0.0808727365547524,20844.04195167648,0.7074242506883925,11.12319829326306,2.683519563994232,12449.68176884142,0.8745007296653913,0.7647515261853017,normal
0.7128246722231446,0.2842102773619032,0.234581697540625,0.3407959896823445,0.1398373489067522,5.573881577079163,3.784288902170094,4.728890751616372,-0.0907578492181206,-0.1313466274770507,6.14473,3.37087,30708.234375,0.8907538740150046,0.6047616823905344,1.24961145247251,-0.125328281783656,22423.881935473222,0.7262180420697539,6.99672484369084,2.2306281534863155,12656.460432813556,0.8810167577992734,0.7761905275231435,normal
0.7215868826918945,0.3128065727439447,0.2356088066576881,0.3059979461950475,0.1448532216192222,5.1296712650564205,3.5425712667697677,4.389131892454752,-0.1969111485218122,-0.1405930688930664,6.0238700000000005,3.16714,3623.953125,0.894022945906153,0.6174157828737911,1.2389678462155276,-0.0946799178257462,21893.72204291176,0.7421336667435531,8.070401287044811,2.4337981240229034,12946.097426683344,0.8828989844744107,0.7795106167859457,normal
0.7279428790820313,0.2846467388728341,0.2109819491943624,0.3486396512676535,0.1555596303104575,5.03681316023497,3.429346243617204,4.285679673017916,-0.0695898322630559,-0.1332632681933593,6.08696,3.11973,30994.3359375,0.909715665429389,0.6193856910615408,1.2497074860826736,-0.0331624527776064,23111.076588800803,0.745796419065204,4.6592351106205605,1.90215365410134,12818.79143211887,0.8999019353674381,0.8098234932780608,normal
0.7101925768603516,0.2939611931977247,0.2121540111662744,0.3412681564481851,0.1523724133661829,5.188636782872296,3.496266068139833,4.392794435830109,-0.0705980503639787,-0.1105636580322265,6.07452,3.11973,10585.7578125,0.8923033714249995,0.6012619750718026,1.2564245255416928,-0.0754100199438795,22690.07730814179,0.712902668673005,7.383827627336508,2.4676508206062007,12822.502533197794,0.8854270066916602,0.7839809841789533,normal
0.6790595647949219,0.3243201860211023,0.2272719452763925,0.3141922862752853,0.1340339197523765,5.484982959263553,3.622494697223865,4.604529796946882,0.1129098867675248,-0.1196977678417968,5.99834,3.12675,10585.7578125,0.863148261444307,0.5700564656667259,1.271093592069468,-0.0756940136215476,21797.91748552516,0.711083472314693,14.206989514185953,3.001201900161837,12525.253519701677,0.854808379467598,0.730697365608021,normal
0.6962378051464844,0.339003922522708,0.2169280574400316,0.3186672036453259,0.1243640964184816,5.500725702756386,3.660970491663255,4.636074019739401,0.1688523016697716,-0.1333165692089843,6.354559999999999,3.22781,27561.1171875,0.8816815124159985,0.5867971199477481,1.266351102882869,-0.0117417285994732,21226.339629408754,0.7203585574232152,8.891862895782248,2.47754334442238,12584.943465820388,0.8715440216710276,0.7595889817105086,normal
0.7083277033769532,0.314016057014328,0.2364309295796446,0.3258129712248911,0.122739847364836,5.601199871987588,3.792011067855288,4.7594778291565705,0.0516991522543519,-0.1277796184199219,6.59908,3.37127,15163.3828125,0.8890454008898098,0.6018835387146617,1.2551328949175429,-0.0957817910131791,21371.92892699771,0.7195834927396679,4.98998289911362,2.058529744527557,12397.879504801836,0.879814806626816,0.7740740939597817,normal
0.6975793097319336,0.3237387807734091,0.2147903721374817,0.3252865696605745,0.1359291902068977,5.697038606941941,3.849241418505597,4.832812488798607,0.0220059934666752,-0.1340836249555664,5.7954,3.37127,10776.4921875,0.8758271133092084,0.5917583208742957,1.2555233520985192,-0.1019044744976622,21872.501453813908,0.7410701503030058,9.051163663297505,2.432789740756851,12934.68801427683,0.8655025788097434,0.749094713926316,normal
0.7099454473071289,0.3167427792999346,0.228486550187805,0.3141449287571743,0.1399761067895654,5.098061476219882,3.486957355820148,4.341150452742754,-0.0570686824546582,-0.1420944844018554,5.988110000000001,3.08198,10776.4921875,0.8838593895780824,0.6045395910535845,1.244968036531005,0.0248810759693367,21631.797878776397,0.7253224555468144,6.324225538253437,2.2298672214168147,12724.160127157556,0.8723626413641928,0.7610165780479113,normal
0.7151475206640625,0.3147938451097807,0.2399250309600758,0.318576411074051,0.1263990860401228,6.53766246371984,4.456714078481191,5.559272576808063,0.0915802805657879,-0.1605389738085937,7.05768,3.9757,11634.796875,0.8920697917769236,0.6081225548218164,1.247392693116767,0.0167383768682046,21468.3772174024,0.71199460480489,7.870454453803861,2.3827953195289027,12494.165641989874,0.8775054138234176,0.7700157512894074,normal
0.690043058256836,0.3531204697366052,0.2190373387695109,0.277806769933932,0.1495633052595875,6.791687086563992,4.57939010702344,5.761524519996306,0.3337880334990291,-0.1502325505322265,6.92719,3.9757,11634.796875,0.8681723782174494,0.5853773811024267,1.2581423258000708,-0.0704923800509041,21334.44510496725,0.7421333362373336,10.382372851287265,2.5972907622569514,13096.549763193443,0.8550751189575825,0.7311534590603239,normal
0.7000371599169921,0.3362531168539523,0.1946756100662443,0.3309077885308845,0.1373070987333608,6.633698719021814,4.542739525419106,5.666827744502008,0.1574196844454287,-0.1257441403759765,6.5737000000000005,3.96699,28610.15625,0.8732594016897793,0.5980057533551901,1.2474472095071742,0.0040744792921693,21680.728466535104,0.7250155781439288,8.685777253189244,2.4965935333880047,12838.191845512314,0.8641587781193327,0.7467703938006982,normal
0.705974066293457,0.3358103083905736,0.2213263133577162,0.3104317556395635,0.1318345187613024,5.547957335111983,3.8159267703296127,4.735457235068386,-0.0814071407091208,-0.1194524843217773,5.94982,3.34311,28419.421875,0.8760938564109888,0.6025839418126169,1.2409717272062186,0.0497017257465533,21241.87195285975,0.6973342525636731,6.251355426246088,2.1400202914236868,12687.395891862385,0.8679121782936531,0.7532715492304338,normal
0.6963663841240235,0.3370833362690198,0.2275714195836295,0.2891475176887708,0.1455909154070873,4.99700912948386,3.403536243815451,4.237769179096986,-0.0958349457584342,-0.1329616361757812,5.79082,2.95104,9059.8828125,0.8670511458082224,0.5905612584511751,1.2451076984408251,0.0709404193008539,21400.41118174725,0.746716512762893,5.0305816859471015,2.1119058036429577,12895.924610807862,0.8567957123800343,0.7340988927528105,normal
0.7019753285249023,0.3321814686965843,0.2217490727678563,0.2990474927560468,0.146894344617727,5.111359089533441,3.4445034393273346,4.316504977984435,-0.029166579680389,-0.1467806156518554,5.86986,3.03008,9059.8828125,0.8796855783055144,0.5928129773164855,1.2531574010642852,0.0508812330032173,21526.078832575706,0.7302087838933556,15.793448929206704,3.1357911177673765,12815.395660723289,0.8673535424194505,0.7523021675475696,normal
0.7064104050449218,0.315252157259818,0.2284669732978609,0.3159326866565401,0.1398724148845777,6.075755239950578,4.099615662661763,5.143978590984831,0.0284595286410782,-0.1368029807851562,6.14964,3.63376,11253.328125,0.8863660155012444,0.5980754418984064,1.2547465455932505,-0.0029418280182021,21954.389338790217,0.716817485599485,8.822018120985483,2.5482346365999544,12602.872402443649,0.8757452014620738,0.7669296578838483,normal
0.7188368478125,0.3076428936157986,0.253697357889797,0.3025601350186481,0.1351726588920426,5.957590600893981,4.0422620880473765,5.055055275836142,-0.0633263393879808,-0.1283065839941406,6.14964,3.63376,28800.890625,0.8989422063316275,0.6099378496157032,1.2505510938500273,0.0079021811375577,21352.07146181601,0.7292479220900074,6.67163645065521,2.212153402473393,12644.747660002427,0.8897384507978334,0.7916345108281287,normal
0.7134709340654297,0.3194424031914739,0.2345846812374792,0.3175917833826192,0.1279473092103714,5.1311702790893365,3.459057562906377,4.334135915502367,-0.1361470817601393,-0.1168446817939453,5.81575,3.09228,28419.421875,0.8939660424158417,0.6026461473324577,1.25298172599959,0.0097003299337475,21393.586764237018,0.6996917637166001,6.834511847531008,2.331256959265952,12507.8050545837,0.8862971315135314,0.785522605329114,normal
0.7012242930986328,0.3255643411695145,0.2000845954135086,0.342454744214186,0.1316793186642907,5.210208325684596,3.524109998743392,4.409830107761321,-0.1068285434050024,-0.1183854215791015,5.81575,3.09228,27561.1171875,0.8774640976310696,0.5935040993958124,1.251331572888972,0.0014519090072655,21949.13221563509,0.71158686145001,7.346328376907353,2.383598530261577,12541.575588240792,0.8694412772516873,0.7559281345890454,normal
0.7154356536083983,0.3777683612190147,0.1869797482350843,0.3022137034409023,0.1325976726419875,5.736019706911998,3.886503119759728,4.862673508726518,-0.0807436372565457,-0.1305957623388672,6.1601300000000005,3.47893,6771.0703125,0.8951311481811122,0.6065059357811885,1.251169331115097,-0.0400621555966629,20867.14600967122,0.6756199306329349,36.84492471196933,4.780180200209191,12759.694554139,0.8855532278204209,0.7842045193031664,normal
0.734305194767578,0.3464785780707841,0.2055471581578963,0.3183594499795385,0.1292842949045766,5.588255976381924,3.793505003641029,4.73771672158897,-0.0606095118444915,-0.1421911952519531,6.5255600000000005,3.47893,6771.0703125,0.9170753687317936,0.6225430643662834,1.2489021938923717,-0.0094397588123947,21155.931914927784,0.6652944216336442,29.327846787362184,4.272946097575435,12516.59087657502,0.9059850417790438,0.8208088959273758,normal
0.7313405858466797,0.3244497696451145,0.2348363696694202,0.3000153342699755,0.1402042597652877,5.334714599621027,3.6457602897770696,4.543218391405626,-0.0319479388503012,-0.1434426705498047,6.36927,3.32264,3337.8515625,0.9113709448525406,0.6228336939029573,1.246164868311579,0.0674536110878407,21458.72589525216,0.7164635082979941,7.093907967788077,2.406058311866877,12730.611367392885,0.9000117773601369,0.8100211993869527,normal
0.7212530771679687,0.3696042860380555,0.2071554149171559,0.2781677986211221,0.1447033659373911,4.947036660328084,3.3940887672240434,4.22258163799936,-0.0481106361464185,-0.1353539860839843,6.07477,3.04555,10395.0234375,0.8973100613661598,0.6156311766240319,1.244098763348763,0.0698098042820405,20937.02100387969,0.7305793697729968,30.288099827837804,4.332875218241523,13090.585916038026,0.8870426397192628,0.7868446446801178,normal
0.7173356149008789,0.3395933559741375,0.2131541078629558,0.2929123677980479,0.1531348780247195,4.933238988837752,3.40254732995486,4.222876903189277,-0.1099658279356821,-0.1476521247866211,5.97387,3.02922,10395.0234375,0.8902800479310856,0.6140428239649646,1.2410927736441806,-0.028870885779019,21788.81725974909,0.7430259598890357,14.532311622639252,3.022188866486227,13147.102648190314,0.8779506898397952,0.7707974137901723,normal
0.7188815878460937,0.3632594421541135,0.2102598828911255,0.2922371665525953,0.1328648977259311,5.643870023972817,3.823996172725448,4.78999609701676,-0.0438767130648325,-0.1398401359976562,5.87989,3.44344,28228.6875,0.9004820728012871,0.6101203580829636,1.2526152957948236,-0.082850234287977,20857.17946150396,0.728261401809043,8.606074121019471,2.496492100334468,12932.80246506593,0.8895575865567443,0.7913126998006597,normal
0.7061585861141602,0.353525380263298,0.1855619475856609,0.3331825783573329,0.1266061060137916,5.78031164184769,3.885325797470954,4.8762984232033695,-0.0408364051254301,-0.1145588728077148,6.20336,3.44344,28228.6875,0.8862680195934695,0.5957187455206647,1.2550552199193854,0.002291225539115,21222.512056001386,0.683486737304884,10.670358982009102,2.80674400340319,12824.355561604609,0.878832900621703,0.7723472672151562,normal
0.6876107475244141,0.3228712135450133,0.2088857735288627,0.334600228768378,0.1328291442748407,6.086821234199163,4.090970730349168,5.139375748158338,0.034153304671519,-0.1216822244287109,6.293810000000001,3.53389,12111.6328125,0.8638267621382809,0.580580546730144,1.2562729207597356,-0.0731818332568387,21833.38991970083,0.7373255757786557,8.464344955446856,2.457940333027239,12864.14739930328,0.8552134886941313,0.731390111244387,normal
0.685356623324707,0.3277390988966672,0.2323329287217109,0.296505554276978,0.1422189814160447,6.068547460881274,4.122927151618518,5.156279052001982,0.0486169548042556,-0.1277226157280273,5.86904,3.53389,10395.0234375,0.8571313220057059,0.5823288064862244,1.250635498126084,-0.1160154614800972,21501.2608741146,0.7303683188585259,7.801450348084542,2.28418844912416,12828.262914543897,0.8475618187452993,0.7183610365948396,normal
0.691938179286621,0.2822974074948407,0.255386040872516,0.3183370449934444,0.1425595290872171,5.195529357871398,3.61034789912311,4.459646963232204,-0.1588145426235585,-0.1366444058891601,5.42095,3.0858,28419.421875,0.8547098745662395,0.5939337048158359,1.235240228321313,0.0023172014309663,22139.46376184412,0.731669660843239,12.365905985494676,2.885161741810165,12553.906541041197,0.8437163480816496,0.7118572760202353,normal
0.72102938565625,0.308195654161159,0.1869318408007645,0.3673488714038256,0.1365917947209113,4.9921648803486685,3.397821374614906,4.244542678679481,-0.0598939618855838,-0.1451678506464843,5.8663,3.06044,28419.421875,0.9007065594632254,0.613048661923652,1.249195355115022,0.069058289953952,22285.164965960896,0.7031863615050872,21.0231173732768,3.473373592263934,12634.465132833317,0.8889311567263017,0.7901986013987607,normal
0.7113416687758789,0.2870094276818445,0.2281520523114651,0.344410074332859,0.1394082512546701,5.087251859351335,3.4246318366789907,4.302348835077518,0.036880609154505,-0.1491964703579101,5.9003,3.06044,28324.0546875,0.8936551857112434,0.6015900302585432,1.2562952866926815,0.1089971760962337,22225.95510820739,0.7121927471827472,22.206910464914667,3.8491308417786874,12723.675050300582,0.8811129349756126,0.7763600041813381,normal
0.6800170847797853,0.3221953105778179,0.2182615545870134,0.3078719249907325,0.1509355356514078,5.48735957887022,3.702662739800501,4.644824476759814,0.0154690658566871,-0.1398538256196289,5.95005,3.15856,10108.921875,0.8530509587190171,0.5756065288964185,1.2544551862182505,0.0050115852960644,22034.892282832698,0.7484317373567295,4.554145810122181,1.8396982963530677,13098.948471435482,0.8415086723444914,0.7081368456309887,normal
0.7082715237963868,0.3315502771650813,0.2055227733000638,0.314846328195015,0.1477202143561539,5.242216283184382,3.578119921203177,4.45953267056381,-0.137088649355169,-0.1407657608325195,6.06867,3.15856,11825.53125,0.8827429123554652,0.6025237856232315,1.246334043791425,-0.029504866170856,21997.944754181783,0.7151772317101441,4.299112769854368,1.80184255003863,13022.97322224736,0.8714471010285424,0.7594200498910505,normal
0.7188848610878906,0.3709538263502157,0.1697167903156254,0.3201488375037558,0.1388803790763443,4.749530316767022,3.2545977529595134,4.048089141279345,-0.1315956148090054,-0.1541629724472656,5.581519999999999,2.91011,3623.953125,0.8941535086336678,0.6127153225502295,1.2438062853076954,0.0136473141109955,21275.07542079404,0.7125510001435148,5.506449687151948,2.1499050872732357,12933.349863516309,0.8807634613947847,0.7757442749281223,normal
0.7257358022915039,0.3223507037165314,0.2075358923226591,0.3288929831142745,0.1410876421810399,4.8898415319895046,3.304626218632132,4.141217768932417,0.0009445499081235,-0.1641039908920898,5.90836,3.00543,6866.4375,0.9094614038509998,0.6146272799104793,1.2531576931706885,0.0514931013149068,21787.2180032839,0.7419567666609688,6.740049923278184,2.291628599477036,12925.276883809482,0.8945333561516419,0.8001899252679202,normal
0.7281621930288086,0.300091455922141,0.2316442772423264,0.3269990907089709,0.1411989179878525,5.00801349470744,3.382644723162272,4.242873400429029,0.0866440542641711,-0.1443887904282226,6.1037300000000005,3.0895,6961.8046875,0.9133386012562902,0.6169112769494411,1.2543065404937268,0.1009902455366825,21762.15869453417,0.7167887720827333,5.344286584024596,2.166911728231758,12818.06057119923,0.90185324623437,0.8133392777434714,normal
0.7136022944204101,0.3231629696738355,0.2398696507719899,0.2785902077048541,0.1575510624422587,5.1447548677550445,3.492891834172041,4.368806020350755,0.0784403618860349,-0.1431544808334961,6.131819999999999,3.11759,3337.8515625,0.8925526892930531,0.6059744497331873,1.2507704869670957,0.0811888920325756,21462.58906938925,0.7480588435463406,4.4964791035624,1.960282981887,13131.183721705884,0.8809977853442956,0.7761570977815536,normal
0.725767742942871,0.3454743034200943,0.2145820550233272,0.2958460340981515,0.1426715946109348,5.048258153202853,3.4551432694017925,4.295575313610213,-0.1089184013604946,-0.1417765758950195,5.84951,3.11759,12493.1015625,0.9023041179243964,0.6175575625073876,1.2432408669276191,0.0025917419691609,21289.624581893542,0.7143558143479743,5.715059373027799,2.1886433923330677,13007.92776924906,0.8910960238665678,0.7940521237508068,normal
0.7146988615688477,0.3272360134555811,0.2034410550999021,0.3370573860992673,0.132021332679221,5.333727997472503,3.640831830930817,4.533811615268479,-0.1147298439107262,-0.1169793762299804,5.76557,3.24031,8201.578125,0.8899916696156716,0.6075131693133748,1.2452680666960008,-0.043723508125727,21760.20725459894,0.728214418845444,5.754429507177905,2.170589456151088,12646.214641027647,0.8822703653201411,0.7784009975221353,normal
0.7150091341337892,0.2836610647222577,0.2401974338147764,0.3360377973775744,0.1398315757167906,5.970641094652846,4.079916673300909,5.0866762763893,-0.0023401504798168,-0.1348381510771484,6.877330000000001,3.63702,14877.28125,0.8914446767505726,0.609150666124819,1.2467598443067855,0.0124024096898045,22112.560927864477,0.7230463475974813,9.478757571219754,2.684024062263681,12619.52366724369,0.8811879962420216,0.776492284721029,normal
0.7106946665087891,0.3262397223251262,0.2256958327037084,0.3074586595475037,0.1404834739041743,6.061688267133758,4.0572991082364265,5.117556345070758,0.1719178882432666,-0.1292308206884765,6.68812,3.63702,30994.3359375,0.8964140683186881,0.6000011613463833,1.2613209449315632,0.0676155182216536,21511.468421382837,0.7230481555028547,4.182017506524757,1.8618731084958016,12822.227696749576,0.8870499291831573,0.7868575768638444,normal
0.7017519874244629,0.3216082616498041,0.2135071894767171,0.3185682480690652,0.1457927259804969,5.8081836283298935,3.8255961209322296,4.858853357172749,0.1513440178823821,-0.1230114813990722,6.46467,3.40971,3337.8515625,0.8912885448997984,0.5870527204699347,1.2700905175501729,-0.0088334254236325,21860.598650824693,0.733749825279578,9.129639604555932,2.423176090174157,12931.686394645954,0.8827589963934696,0.7792634457136056,normal
0.7106176010865723,0.3122729892824542,0.2234897947888031,0.3114462269452214,0.1522274020969292,5.683676046313396,3.81506525030532,4.798234655018917,0.0612720793666179,-0.1411278200807129,6.43713,3.40971,10395.0234375,0.8937488027831557,0.5999127980229698,1.2577071007199456,-0.0310154454886004,22124.41199999269,0.760644209280269,5.864358314473726,2.0615077156428554,12880.923171081851,0.8825360394202552,0.7788698608755901,normal
0.7030464803083984,0.3254950217740822,0.237145842808866,0.2927707038542415,0.1433906619534137,5.843795456815755,3.958105607131609,4.959885438115527,0.0856785326431879,-0.1445412967130859,6.51445,3.48703,12111.6328125,0.880984578510781,0.5967063744390635,1.253095781269438,0.011260165759121,21418.39715498272,0.7403510970937056,8.437879836197132,2.29715919922164,12912.196140046932,0.8690463975636272,0.755241641118318,normal
0.7076250491633789,0.3013386313222981,0.2083621420796693,0.3495072239661544,0.1394209470256349,5.8454594872452805,3.922756668104228,4.927793333662645,-0.0177657284396506,-0.1443742164596679,6.21114,3.48703,27751.8515625,0.8889233503451531,0.5965365096804889,1.2562067317940795,0.031614590193988,22226.767493589858,0.7133398816525052,16.44364312337717,3.27474986952851,12659.534882555854,0.877120749047991,0.7693408084105087,normal
0.7175448955395509,0.3168151288821169,0.1892797568690846,0.3467282630540001,0.1468046715472482,4.857830238370178,3.274810140666011,4.101095301900587,-0.1041117742895556,-0.1365781298002929,5.78403,2.94272,27656.484375,0.8985925515063684,0.6057683895078423,1.252315439901054,0.0658644836890312,22494.66895734612,0.725769630703097,7.258206439936897,2.3212445520901928,12967.615070378064,0.8881525702732497,0.7888149880829797,normal
0.71945476484375,0.3336216997902217,0.207485056369862,0.3221545085467555,0.1360482875418031,4.817172972408115,3.2893459178514277,4.104316413334616,-0.0829314094305044,-0.1253648050390625,5.79418,2.95287,27561.1171875,0.8977073478270079,0.6129881606729712,1.247760653891799,0.0247629568915033,21749.59014135977,0.7218880119326896,6.001660067485933,2.1310886187939206,12689.361709438746,0.888910652428082,0.7901621480001184,normal
0.7148605243701172,0.3439273460826535,0.2175509870907547,0.2993745079943922,0.1383124931337059,5.435051167802605,3.69774133137124,4.626538866325256,0.0195461513937678,-0.1395641868408203,6.20118,3.30733,12111.6328125,0.894418971911574,0.6085186501265554,1.2511796936887385,-0.018676578223421,21344.45973296459,0.742902946544405,9.944492667076062,2.5239230303200344,12687.123719495044,0.8834631486750409,0.7805071350668176,normal
0.7117092761342774,0.3254011016853561,0.2160198947863055,0.3289817201044331,0.1289644866145846,5.48325195720814,3.6942018893606434,4.647023877451908,0.0827530222446619,-0.1502050649008789,6.20118,3.30733,10490.390625,0.8952759213093252,0.6031694377370842,1.2579236372639528,-0.0304748366528323,21562.667119525395,0.7244628261384087,8.555632101446779,2.5099519479497427,12608.974708092856,0.8825856410311601,0.7789574137543838,normal
0.6956100539866212,0.2902257766435487,0.2362939935554102,0.322922554498035,0.1496227706479544,5.400422761400024,3.6157544173454648,4.559508566362672,0.0914578341344389,-0.1541854547356445,5.91965,3.17164,28228.6875,0.877172405511015,0.5872947619341145,1.26101168389364,0.0364091519536388,22237.008130323014,0.7419509851618509,16.971939607787828,3.4000217975852767,12648.208798273385,0.86351506908562,0.7456582745379432,normal
0.6887306104898439,0.3144397635111396,0.2190223010875817,0.3275163634358667,0.1384958706832529,5.103900182832276,3.458635219806297,4.326916728560223,-0.0037282264052591,-0.1442618088003906,5.72809,2.98008,10871.859375,0.8616346652963597,0.5838828921505833,1.2510474373769185,0.0989695887344986,21950.35488529833,0.7241142569972429,9.933076298195909,2.353598156775909,12469.886967768927,0.8494720872177078,0.7216028269620091,normal
0.6831117656008789,0.321918118105308,0.2251918373198478,0.3023788153839612,0.1497375826989389,5.441475283155395,3.731139502883117,4.64250531128009,-0.1438870466171797,-0.1247967117346679,5.87689,3.17135,15163.3828125,0.8499682195075906,0.5828106965434936,1.2442593764432404,-0.0413633301974035,21842.846336581755,0.7524763928817488,4.744633535217453,1.9452823257612768,12938.523213657736,0.8407566561812745,0.7068717549131178,normal
0.6650149318012696,0.3208489913860954,0.2440647401887295,0.270940627048835,0.1638377609299224,5.624467428063312,3.8139334964336102,4.768840289660915,-0.0526844581022203,-0.1247898052690429,6.25796,3.17135,15354.1171875,0.8315168586357137,0.5638489404661731,1.250373215505785,0.0156558995256713,21621.01901046947,0.7704152397370823,6.349786427513081,2.0655844025672763,13191.838420548986,0.8220996233403346,0.67584779069632,normal
0.6785998985073243,0.2688930106353164,0.2560802818756996,0.3356752102051071,0.1382299536952707,6.194730766802889,4.173752800549347,5.234454069052092,0.1322879264693095,-0.131110044887207,6.139279999999999,3.5521,15354.1171875,0.8510566317038408,0.573406679598643,1.2541361022538602,0.1668041946807466,22396.49262216309,0.7387635825227944,7.883556334064576,2.4630111185362966,12282.41355037601,0.8408968703097672,0.7071075464967616,normal
0.6843614197573242,0.2848183774431511,0.2388117726791783,0.3371930228484649,0.1382743738423245,6.141651203838614,4.144573017668239,5.190386099291776,0.0812359698432199,-0.1499462853266601,6.59613,3.5521,3242.484375,0.8570484787835714,0.5783623787980486,1.252333129894263,0.083673674180327,22137.044993135307,0.7567762769458833,6.737709244683215,2.201221340342137,12752.874398643398,0.8438294889976111,0.7120482065019695,normal
0.6828509475019531,0.3419491613732188,0.2248946389906244,0.2903931137723423,0.142471327894449,6.103367134098875,4.118053767416115,5.1516074084234,0.0698332131609853,-0.156325035203125,6.70481,3.51778,8678.4140625,0.8542336255622134,0.5763670974905852,1.2509810943182005,0.0678830086981285,21342.619594553813,0.7461970999193271,8.263823368298747,2.499840572885066,12960.512585975082,0.839808055694815,0.7052775704099055,normal
0.6770670589236327,0.347255478919727,0.1954607192765645,0.3221980736339489,0.134600875818176,6.154614789078149,4.13341677116282,5.195615343615136,0.2413043040647315,-0.1386525516345703,6.70481,3.51778,10776.4921875,0.8510586264956708,0.5715678593309493,1.256978338081668,0.1065919549468133,21689.99481702059,0.7130834056910577,9.471303923387657,2.444124068358255,12746.010866715518,0.839688189542952,0.7050762556579204,normal
0.6831421243040039,0.3250710133899276,0.204327357994254,0.3369713854393918,0.1325472775275779,5.442872960453707,3.6749965510841633,4.603610124619522,0.0748652311615982,-0.1377134020188476,6.18782,3.14492,9441.3515625,0.855761347333024,0.5778051449758338,1.2526842027270495,0.0696011826240678,21849.793382933414,0.725171868616531,7.142308634574487,2.403442098016393,12614.114309761426,0.844607898668742,0.7133625024936279,normal
0.6884135393569336,0.2954213133138167,0.2309944293318801,0.3266624743043619,0.145974507168974,4.876533258191864,3.3485135691684293,4.1560774685992286,-0.1481579038580927,-0.1270734347163086,5.65631,2.8611,12397.734375,0.8544388251383214,0.5867077795878394,1.2411708606667973,0.0741626979118948,22136.30616966903,0.7549333375558358,15.055877078344306,3.043018368748988,12876.933805682318,0.8449367124780146,0.7139180480931551,normal
0.6842795348710937,0.3035680948179098,0.2592655189472945,0.3024492482839819,0.1339426455526189,5.44832069653167,3.744837941466871,4.649503365023697,-0.0044763911620537,-0.1323821879501953,6.2965,3.18156,12493.1015625,0.8495854960158218,0.5839524097811165,1.2415766550374312,0.1794977534752946,21591.119218186504,0.757620022913605,5.290182559034125,1.9566628252967495,12706.328796321772,0.8392082407567082,0.7042704713539691,normal
0.6963777477851563,0.3123735096135059,0.2219530946456787,0.3303397128898651,0.1350571009412298,5.677246421175613,3.918268553611567,4.849795977458412,-0.0038816178105647,-0.1541703687666015,6.492229999999999,3.37729,10299.65625,0.8619342839293307,0.5948816995864431,1.2377395553932191,0.1466433592325701,22079.601017287023,0.7364142441336473,5.513236141345859,1.9500064811917024,12861.919300172443,0.8480343195927498,0.7191622072071381,normal
0.6800931284316407,0.3270604626756045,0.2017918076112823,0.309221019277129,0.160333178485119,5.844090826670194,3.972456146165062,4.96592284028564,0.1084283355871646,-0.1460996060097656,6.607939999999999,3.37729,6866.4375,0.8501767862838147,0.5778982736865315,1.2500887757010617,0.0173667838452078,22229.10429497024,0.7695405538862196,10.43994236128978,2.558179679614724,13287.886994632829,0.8375293863857353,0.7014554730596663,normal
0.6883238397753906,0.3154819724220953,0.2464015931825634,0.3023712010986051,0.1348263052325118,5.569818716069982,3.7273554081081097,4.693502989892381,0.0769649895004729,-0.1357771589843749,6.41723,3.23065,6866.4375,0.8667405294843558,0.5800278545294415,1.259204576972352,-0.0075600124275614,21629.000751728327,0.7491099794783974,6.6181057168553625,2.287233771894929,12561.353411191229,0.8560395484724717,0.7328037085489532,normal
0.7138320031201172,0.3294098950856646,0.2643408047455666,0.2898430387947124,0.1161177893789791,4.592445885007788,3.107123279445963,3.888141730643264,-0.0924887686016391,-0.145929937836914,5.50292,2.77548,15258.75,0.8932635593702292,0.6043576929367113,1.2513638439658454,0.0652353268737967,20857.89832282359,0.7040640103125826,10.333225299116432,2.636987661781744,12385.68105192436,0.881262866426179,0.7766242397416854,normal
0.6928389579862304,0.275883138235353,0.2523338313004847,0.3383684287712568,0.1327446116186316,4.989642831978178,3.354056717527921,4.21685294442993,0.0401741329600602,-0.1335148647188476,5.54998,2.9216,28610.15625,0.8710645782261371,0.585532892510006,1.2572396055180384,0.1361422452070718,22384.488470398504,0.7318833573527082,4.921795699993554,1.9586706491155672,12507.37049046048,0.8607713287159291,0.740927280339386,normal
0.6883720771893556,0.303393143836745,0.2353885851226569,0.3311135355575928,0.1292073117754813,5.179389512469224,3.495343116045766,4.383545033262515,-0.0116281253194912,-0.1247748263731445,5.93911,3.01751,28610.15625,0.8632943604728763,0.5825995501468727,1.2541100795339255,-0.03009171445818,21984.87636375389,0.7543851447509411,6.081427746025215,2.038254703609784,12428.008686603,0.8542297088768478,0.7297083955278241,normal
0.70160857690625,0.29721002426286,0.2411494914364203,0.3289896875342888,0.1322978567050365,5.068730406480813,3.4408238577925743,4.3008453706563,-0.0945558911772397,-0.1372792442246093,5.3849,3.01751,12207.0,0.876973110136435,0.5953187007424682,1.2499463931918515,-0.0641924720137661,21645.99815195346,0.7061526829856762,13.21365838860252,2.865785463740397,12561.473906745216,0.8661617891638328,0.7502362450074919,normal
0.7128414844306641,0.2843721168616286,0.2247182730976333,0.3610266880113069,0.129547096742569,5.5872613738388655,3.809803381721901,4.759866076972165,0.012770171451061,-0.1450163539384765,6.01544,3.39303,28991.625,0.8906050155445204,0.6072796264529746,1.2493731565802928,-0.0013652271779833,22337.201366882236,0.7127442781834267,14.053614402305264,3.0138783662081443,12423.405426383311,0.8787192673450639,0.7721475508034459,normal
0.6995107693865723,0.3018317302110767,0.1983948913669223,0.3551202202520028,0.1438249087330381,6.199754997606154,4.196230009061876,5.268710878078365,0.1298323817346944,-0.1328042030408691,6.30793,3.68552,28324.0546875,0.8782931326550301,0.5944622007519734,1.2555820025833753,-0.1070054395933749,22416.70796871408,0.7152626062146111,10.209964071068548,2.710221962396881,12702.159130457963,0.8681946040627445,0.7537618705236657,normal
0.6949641278445801,0.3292350674692916,0.210355847267532,0.3323716294493117,0.1278107249075075,6.300677748839551,4.207432610473049,5.303180196408958,0.0111383018204733,-0.1216700576609863,6.152200000000001,3.68552,28419.421875,0.8759546120420526,0.5849402472105153,1.2604314049400098,-0.0788053489625556,21568.168647208637,0.6899651053329663,26.56661595074016,4.14277825559672,12388.56173592369,0.8674634744048392,0.7524928794265151,normal
0.7224936201464843,0.312292975924096,0.2408696441408082,0.3132424971438105,0.1331830711792273,4.937224328739158,3.3785163494360577,4.198140876849595,-0.169328309985675,-0.1178414981660156,5.6388300000000005,3.03313,10299.65625,0.8977698155897011,0.6143391100024382,1.2425989525107224,-0.0162864063205854,21767.89112226397,0.737134625790145,6.191147045874946,2.1190077095149,12572.06933925558,0.8900022601622734,0.7921040230939549,normal
0.719024934399414,0.308556633677563,0.2516364614899936,0.3014580419370074,0.1376647059378882,5.944772935991066,4.12939673926732,5.101867577185081,-0.0334894396409612,-0.1188594579248046,7.22676,3.66837,12493.1015625,0.888354941804618,0.6170748722446264,1.2354994928606222,0.0370814330876352,21703.48890310136,0.738465053524037,8.91116183323183,2.549681221207955,12589.200364885844,0.8803674982020336,0.7750469318905078,normal
0.7337930964892578,0.3159018614417224,0.2234310011366596,0.3371186632393916,0.1230165371875608,5.8264267614315015,4.037533290992582,4.9991884872600485,-0.0671806117341007,-0.1456464926708984,7.22676,3.66837,10299.65625,0.908567121460978,0.6296088752514781,1.2381788896732675,0.0300982223324507,21596.603072019458,0.702145794295314,17.718387122032173,3.48407778784818,12614.573223634205,0.8968173244159334,0.8042813133725535,normal
0.7482204753710937,0.3488040862124001,0.2105495580731924,0.3299272460412719,0.1104127000889017,4.6357252792368,3.22676351429121,3.975632982410255,-0.3154375850910589,-0.1538087182519531,5.71081,2.97465,10395.0234375,0.9218679915108098,0.6416795260330288,1.2320806792324046,0.0050445126153246,20806.163380934304,0.7035090676266551,10.408569623143793,2.70307144938138,12621.517294429186,0.9089463526313672,0.8261834719618658,normal
0.732492131130371,0.3288467154646277,0.2109478471228938,0.3151423913422225,0.14495631828345,5.254865370559239,3.612021823348177,4.477467894349664,-0.1853239537167548,-0.1395754498608398,6.3900500000000005,3.27971,6198.8671875,0.9079983899321684,0.6241282637562536,1.2396015620412997,0.0053724028178352,21706.28665091469,0.7520880520868487,3.8933932349407794,1.7335815947705042,13118.154189490697,0.8972066483901879,0.8049797699155543,normal
0.72453688091333,0.3334177976352501,0.2095841481581625,0.3005624778879182,0.155605925893513,5.348883512917447,3.6185163314712177,4.526629473803588,0.0043070073952544,-0.1268525009523926,6.3900500000000005,3.27971,10585.7578125,0.9063687156737344,0.6131578659508224,1.2509628419897585,0.0206685237837478,21912.991962727225,0.778054325283787,4.056794468401535,1.857703198649888,13255.209461580458,0.8974478769010367,0.8054126917541782,normal
0.7167920822878417,0.2996564566424637,0.2300962118169381,0.3246943336252363,0.1450244122527431,5.189164168746375,3.506012886844309,4.394761155767069,0.0419762359988422,-0.1420803907741699,5.8831,3.15013,31280.4375,0.8984935599695892,0.6070592291091504,1.253492584769905,0.042927146822009,22299.548419437437,0.7318704529377991,11.209012498266594,2.669727611703061,12982.65398229632,0.8871887284362246,0.7871038398642851,normal
0.7194136235434571,0.3053256735881769,0.2314900242918163,0.3018047032523859,0.1609982226232914,5.150065296042036,3.5013672564629275,4.378746658263294,0.0460240073732274,-0.1491578930258789,5.8831,3.15013,28037.953125,0.8996856854091488,0.6116679729130735,1.250581940577891,0.0881014623499723,22244.82600806072,0.7456060671002529,8.408989733818922,2.384322248849652,12949.115973953232,0.8872351748427304,0.7871862554782103,normal
0.706000217100586,0.3121533218740729,0.2089020901957757,0.3301513019542095,0.1484682453038214,4.850455239412518,3.2868165229659456,4.112845760763138,0.0022929338303687,-0.1464743188925781,5.61954,2.90367,10490.390625,0.8834292938809364,0.59863865486401,1.2513158954950738,0.1138022764401117,22151.968685338416,0.745879143336835,13.4460019199324,2.8281622754968705,12616.430146311484,0.8712018085334333,0.7589925911919251,normal
0.6925962823344727,0.3584543508997438,0.1883424990462425,0.3122561594552622,0.1407118934380424,5.499235821190132,3.677991280721238,4.639687047075646,0.0797758643664532,-0.1360591914057617,5.95157,3.21343,10490.390625,0.8736915763894526,0.5843411893008358,1.2614730957616147,0.0405797195268842,21636.003488677277,0.7091098615945401,27.162733649140726,3.897807766190861,12768.20534323843,0.8630323673466117,0.744824867087897,normal
0.6987656110673828,0.3453694082669703,0.1808881334566252,0.3261092278438841,0.1470836369364211,5.708033809808219,3.814464618466776,4.822575619959983,0.1644267687084291,-0.1279652839814453,6.10799,3.36985,29563.828125,0.8834398367953696,0.5903696635800448,1.2642863684231571,-0.0137047853239756,22078.92463583844,0.7533698102939391,6.603279003330245,2.1365291923522607,13144.259301558268,0.8741228925800865,0.7640908313325774,normal
0.7069874310395508,0.3187025921785579,0.2156512995213581,0.314104192170082,0.1513710400156735,6.6009725065745615,4.380610944582915,5.546817139639671,0.1433201530581511,-0.1376066615532226,7.342650000000001,3.92153,28800.890625,0.8952016167629274,0.5940836742001516,1.2662199884467924,-0.0647646484582292,21972.997519166274,0.7219011335075556,6.437295294049269,2.140534875607341,13087.966097586896,0.8845622314744939,0.7824503413511361,normal
0.720488292347168,0.3184355488584628,0.2448989715333264,0.2994979410211789,0.1366991872723397,6.484784940320374,4.312379727867443,5.442878172558017,0.0610327735179208,-0.1340356376313476,7.342650000000001,3.92153,10490.390625,0.9093656513266456,0.6047278415691394,1.2621518780883492,-0.0449556988888486,21465.058274901578,0.736377376093218,6.277282986722316,2.0943195893865445,12591.99002487732,0.8994333414197478,0.8089803356574926,normal
0.721390264256836,0.3541855924709042,0.2109321728194213,0.306459323429669,0.1281217725176315,5.016164321036057,3.3363052761601497,4.219782482282306,0.0607503303846694,-0.1244069518007812,5.9189,3.04411,6294.234375,0.9124195024214192,0.6068601036919895,1.2648070643999867,-0.0040143875712756,21144.67117280091,0.7046203472741344,4.183207465916055,1.9739459960044936,12460.075137750551,0.903898367485299,0.8170322587425884,normal
0.7188218123134766,0.3851608159501345,0.1989645080033477,0.2768211277607321,0.1388473146008045,5.046707174057027,3.3392329060103774,4.234860361572431,0.0202591536612226,-0.1391737112412109,5.9189,3.04411,10585.7578125,0.911619550262823,0.6031873645549465,1.2682135330991706,-0.075331173227597,20774.853683282538,0.7029531177476864,30.08233256942285,4.448461451990915,12902.33809125135,0.9009333396654492,0.8116808825207397,normal
0.7165926234355469,0.3385406282717364,0.2151842039768171,0.3035861227024629,0.1426441515962059,4.854724874802058,3.2253785787928537,4.075872266165886,-0.0471047864992995,-0.1422242922167969,5.381869999999999,2.92074,10490.390625,0.9055495126073326,0.6016283260787435,1.2636880188158697,-0.092046610032815,21603.68782951253,0.7252490613581773,16.30523241518775,3.0084081267698464,12809.990639255877,0.8943110032236038,0.7997921704868087,normal
0.7100211779482422,0.2968595349227397,0.2368416178940334,0.3051456023824697,0.1606380886653911,5.262409469975883,3.516035981560286,4.441036546419547,0.1525858528024257,-0.1343772521474609,6.2407,3.15323,10776.4921875,0.8968139167337855,0.5991989065066902,1.263080517295725,-0.0113012545298354,22355.842763060075,0.7344580426958096,6.21992114258385,2.2567521364293697,12815.741393708053,0.8866893229044157,0.7862179553526911,normal
0.7061549751611328,0.3067762082567987,0.2430159885229603,0.2894688079009273,0.1602831649818663,5.266953419139272,3.544570430323526,4.465351248542128,0.2585829322952517,-0.1394576741162109,6.2407,3.15323,3337.8515625,0.8895943985269305,0.5986819607216695,1.259772188568012,-0.0307827710896359,21882.182694532607,0.7371527923994007,18.31110144747498,3.3470006676101343,13063.136079365484,0.8785953283626017,0.7719297510205878,normal
0.6878568890654297,0.3180037293543262,0.2266447637485395,0.3069780010194171,0.1482643593857096,5.35391972244459,3.60548926596132,4.532439886203486,0.1781160660227816,-0.1370063524599609,6.02707,3.11767,10681.125,0.8647009518051486,0.5823154177919719,1.2570942670647547,-0.040202208343165,21829.56151170621,0.745898437707992,12.75177409923544,2.725906959323269,12753.875419659344,0.8537780715375318,0.7289369954383469,normal
0.6949292515810548,0.2870667157460252,0.2174885828532861,0.3427802395597,0.1525560294360735,5.083400137434939,3.4491713401649022,4.308769551990507,-0.0813577508508811,-0.1225488891630859,5.90369,2.99429,29659.1953125,0.8681186594391814,0.589032914790553,1.249218762146072,-0.0400285839151002,22626.41517151961,0.751783915295199,7.404670638491725,2.327364538302253,12642.65226290123,0.8594252594794821,0.7386117766313752,normal
0.7195655531342773,0.2920287719072718,0.2317433365846435,0.3406365112956593,0.1353019333272762,5.163043105317016,3.4822554663592467,4.363716392930294,-0.0583816158147829,-0.1346806309379882,5.98859,3.13998,28514.7890625,0.9017086857452474,0.6081645912981782,1.2531293108982118,-0.0336371669526125,22114.750499029586,0.7176730903487539,5.245720491186583,1.9682101707341988,12518.749750622095,0.8915938994848309,0.7949396815985668,normal
0.7235814951352539,0.2921031165828596,0.2512246315768043,0.3114229393969765,0.1446302110257168,5.80508743465692,3.912371726721504,4.915133988238891,0.1909031387601945,-0.1522263908901367,6.798,3.5565,10776.4921875,0.9090393879776556,0.6126522709662149,1.256305466750135,0.0524129939247075,22191.619251877088,0.7387637235735498,14.31196449769778,3.0393790434289576,12634.23613419658,0.8962029540295848,0.8031797348113541,normal
0.7266309097504882,0.3528643339466779,0.20015599955133,0.3251440050750388,0.1215537549310736,5.776669710858894,3.9076258271642272,4.894506897898464,0.0916452135234968,-0.1526410778959961,6.798,3.5565,10776.4921875,0.9101434367837004,0.6156661498777656,1.2525526021129862,0.0820960672868154,21187.674106335333,0.6975735299684687,36.18217044218698,4.550974372459102,12539.906080770386,0.8972523484835213,0.8050617768591943,normal
0.7169315222939453,0.3563507329050089,0.2114765152809807,0.2977645001002352,0.1343745298676616,4.869951772893101,3.2546477094277457,4.098815449762261,-0.0768606215773277,-0.1480083105273437,5.76046,2.93857,11730.1640625,0.9028842020252568,0.6034084395571495,1.2593729999991128,-0.0016764844812982,20998.18484129836,0.740669049176278,5.660635365198724,2.036890662189158,12784.542229562065,0.8906702096071396,0.793293422281626,normal
0.7081223981293945,0.3668409839392856,0.2026794494312178,0.2812808010761204,0.1489348814196749,4.897637377972105,3.288721329206772,4.133791005245269,-0.08014696156068,-0.1400318631879882,5.807510000000001,2.92723,10395.0234375,0.8900814958092049,0.5976820605718337,1.2569599523479007,-0.0287996479350481,20974.26282552271,0.7502093893082125,5.288827628796749,2.0107022129471006,13179.330006778186,0.8789972391731684,0.7726361464740522,normal
0.7100630842749023,0.3241896935928768,0.2062726483038905,0.3187436821430226,0.1507663135994202,5.182167074399876,3.5322730253451646,4.403369319210381,-0.082744280140417,-0.1464710427514648,5.69149,3.12667,10871.859375,0.8851722326006976,0.6033518323725766,1.2466106916466615,0.0020666390791429,21902.67649386044,0.727801168180458,4.076779100469343,1.8026115223220087,12922.311253021328,0.8729697102434895,0.762076115002602,normal
0.7027233709355469,0.3547417873876216,0.1835430575296545,0.327735532174818,0.1334030079386304,5.226431667667434,3.5703856646970835,4.449361056310698,-0.0071497996657532,-0.1195307808564453,6.12501,3.12667,28705.5234375,0.8757233233696816,0.5982418213448945,1.24618499908978,0.048056967248551,21301.62156211396,0.7142389159742077,10.106719406942457,2.5969643900735084,13096.35534696359,0.8675273664395196,0.7526037315214885,normal
0.7021127721977539,0.2998340266604302,0.2269067857380411,0.3237500551277342,0.1484830285313182,6.766813189932501,4.535224578753503,5.714808445145154,0.1677597971573829,-0.1102344406538085,7.01078,4.01244,15163.3828125,0.8847279622705718,0.5929585888331615,1.260093815842711,0.0034441360162736,22306.156839444266,0.7258808302344902,22.775186598452944,3.8552092830482674,12653.60809747443,0.877833660391979,0.7705919353171802,normal
0.7050465278989257,0.3073926096267815,0.2205839374094569,0.3233890246788913,0.1469249135656163,6.759595426399406,4.508867366501399,5.691028664387972,0.036735521956249,-0.1289671495815429,6.56488,4.01244,10585.7578125,0.8898997628119196,0.5935917383945096,1.262185866603536,-0.0852895207707374,22336.828912051773,0.7469866762132464,4.064558286621395,1.8096089380396037,12693.0321161417,0.8805050040638739,0.7752890621815226,normal
0.6802345295590819,0.2983866434046126,0.2234739351820121,0.3335250154822926,0.1440545672315944,5.854832793481335,3.9310326250344887,4.95057197726025,0.0154587823444001,-0.1404307262124023,5.74131,3.36755,29849.9296875,0.8566578609788198,0.575174410403209,1.259356624448472,-0.0895430471644682,22134.336076228443,0.7377937961032313,4.1736160823839725,1.7756212158787397,12763.896473509742,0.8450691698981002,0.7141419019122642,normal
0.6819522781689453,0.3110979910311937,0.2285163791539829,0.3325238070308955,0.1275548694186942,5.838844453009069,3.927534455039032,4.938102133835428,0.0755089463732301,-0.1557243334521484,6.09637,3.36755,15068.015625,0.8574208676080304,0.5767493940114334,1.2573033261362827,-0.0139559693474986,21565.332619987683,0.7238345236439077,5.177028894682977,2.0120919820682825,12547.804381646762,0.8431610025259658,0.7109204761805917,normal
0.7082124188330079,0.3471217299446393,0.1973998723153313,0.3290729316484093,0.1255636636615909,5.076004577516472,3.454044638350465,4.305840901554483,-0.0882841224736221,-0.1561640200439453,5.97781,3.04945,10776.4921875,0.8828635177848525,0.6007579294760997,1.2466083540862425,0.0191250992155597,21312.687409318783,0.7111725838977809,5.439877222310182,2.159932946573766,12584.870797696964,0.8689423397896772,0.7550607898791587,normal
0.7162860031445313,0.3489169963444454,0.2115519508592046,0.3074193794247817,0.1315514945309872,5.906602812354823,3.990740174243251,5.005388886925611,0.0987858692969601,-0.139056616953125,6.48766,3.58529,11825.53125,0.8984022621016325,0.6069969682912587,1.254250757599062,0.0031485684458093,21176.909099370747,0.707541352975132,8.564343403334416,2.700692985128041,12534.301228607492,0.887575282345606,0.7877898818308822,normal
0.7081153387719726,0.3202925582117098,0.2319394991835879,0.3170673056946602,0.1306060341269427,5.990759451854894,4.024025608091897,5.063144100532662,0.1369776558156377,-0.1472156727612304,6.80886,3.58529,28610.15625,0.8909709701624053,0.5984700318571299,1.2582285983347634,0.0279842856445297,21411.688398719158,0.7057847532793597,9.045660461702033,2.5892568833185394,12384.847137090945,0.8787245389572299,0.7721568153655962,normal
0.6957349747827148,0.2822028234531795,0.2487634856731196,0.3262220374547106,0.1426203805810824,5.485351545380206,3.69648862416554,4.633330387058311,-0.1072892673452403,-0.143317423215332,5.80991,3.22357,28610.15625,0.8720627405495402,0.5876688072462573,1.253440997158285,0.0464572379232146,22201.607878655,0.7188379306760553,12.341875928978425,2.880258036905559,12528.819378346552,0.8602055217549421,0.7399535396576922,normal
0.683795003618164,0.2857875340894391,0.2389126245974988,0.3288557703488281,0.1460850171182448,6.206055524498551,4.117664992763025,5.214486770352418,0.0292680141758658,-0.1325782757568359,6.2974,3.56564,10871.859375,0.8659373713662396,0.5745420720012174,1.2663698429855523,-0.0165918456321776,22654.6531255424,0.7297229896605264,14.59399670813034,3.055261179701352,12620.685291846436,0.8557280712504511,0.7322705319260172,normal
0.6844343339599609,0.300766595101342,0.2321124534516709,0.3322444261916338,0.134751984766097,6.20053319504818,4.117112391422133,5.209615916504546,0.089583285711031,-0.1407591970849609,6.2974,3.56564,12207.0,0.8660535980093459,0.5750537716413747,1.2653567406511923,-0.0344508250328165,22029.65519398513,0.7436088394662423,16.655425731846655,2.632744393719713,12763.803039339871,0.8545382864804425,0.7302356830609309,normal
0.71157408015625,0.3085788406625419,0.2238505858525713,0.3211412624653785,0.1463969141180911,5.077131022525918,3.480481694878539,4.323991114634721,-0.1836218108198366,-0.1428719140136718,5.685079999999999,3.07684,10585.7578125,0.8840270599691732,0.6060194204854782,1.242354218094981,-0.0209967439343999,22027.624573544075,0.7135361787645942,5.1973015763921655,2.0876632691208274,12884.18684769122,0.8724055587533873,0.76109145894381,normal
0.7186827311914062,0.3223009225944144,0.2096629009200203,0.3145367332456262,0.1533230479627883,5.062612057576229,3.493425869615602,4.330909683665458,-0.1824294413886318,-0.1448563298730468,5.70956,3.11255,10395.0234375,0.8909735360557368,0.6148110826193073,1.2397313826905414,-0.0455063230101751,22234.525395559675,0.7189628733441604,31.261400162724374,4.309166476373235,12894.891411510993,0.8791191532706896,0.7728504856473742,normal
0.7042122089404297,0.3159486910246688,0.2119964841014284,0.3206962590869402,0.1500645431543283,5.197772634372729,3.5378510415430195,4.419903490005092,-0.0452378625005893,-0.1324369328857422,5.70956,3.11255,6771.0703125,0.8797854865711005,0.5988238076088191,1.2493187073465275,0.0131638481705662,22228.18515091387,0.7117792588348015,5.946046414679641,2.1428660420291483,12831.156909074498,0.8697602894987592,0.7564829611889654,normal
0.7005443222573242,0.3059317800870404,0.2097892285441992,0.320385112505571,0.1617436505636622,4.836113071879129,3.291282070439037,4.105764487151874,-0.1137588759521808,-0.1347014954672851,5.35779,2.87627,6771.0703125,0.8739056508810022,0.5947482941879171,1.247466610056971,0.0330021602201821,22396.51942477808,0.7178870937929329,5.232122306412855,1.972756572194076,13124.13662966791,0.8634619816532892,0.7455665937606253,normal
0.7053890412411132,0.3489490151690442,0.2089477623639268,0.2945341095595839,0.1473633478987153,4.695134317309985,3.166680158722216,3.974274954807172,-0.0793578177488796,-0.1584565944327148,5.23236,2.80341,10395.0234375,0.8852835965382753,0.5970883494566726,1.2550288490173342,-0.0290349399596084,21496.93739913008,0.7261234914638656,18.480793524197924,3.3908693163701926,12776.839926846624,0.8709871147040752,0.7586185539805298,normal
0.708323402971582,0.3059126733093746,0.2088962469241131,0.3462581415797259,0.1385931485010952,5.967249301589948,3.9959005811074766,5.037416503578596,-0.0060670675288436,-0.1748857354922851,5.94954,3.56812,12397.734375,0.8929451390432452,0.5979505496861494,1.2606461050095648,-0.0587396643385495,22278.207459909663,0.7016296445930644,10.840905714327738,2.7857082642273263,12667.301550225173,0.8756517577566342,0.7667660008622831,normal
0.7114041302280274,0.3201139104848002,0.1799665323364961,0.3605383564030884,0.1389960138217457,5.935155113208654,3.987362679575556,5.015602030390666,0.037754494196752,-0.1713359869174804,6.097379999999999,3.56812,28419.421875,0.8948571491319212,0.6011839508725171,1.2578745485285436,-0.0684574526562256,22219.33704101124,0.7343951872380159,6.667051617014998,2.3097947423421,12872.841433325277,0.8783013702252334,0.7714132969395224,normal
0.743798476118164,0.3117915540027116,0.2277754097326715,0.3389652325144346,0.1212236245649179,5.53028358804815,3.71050065200755,4.670082168127707,0.1016940214505872,-0.1519438504052734,6.71114,3.4736,10776.4921875,0.9361539926210832,0.6281052218564378,1.258612410053339,0.0455451616197999,21797.1708833854,0.7129667549511882,10.878299953141427,2.865415844122968,12034.571799537733,0.9237409616469408,0.8532973642244148,normal
0.7524159469077148,0.3436179228606639,0.2343905911026464,0.3101652665217064,0.111584643632134,5.313986645619034,3.53651707620297,4.464418934507245,0.0508441744826426,-0.1304902527329101,6.596640000000001,3.3591,12016.265625,0.9498328235435932,0.6321242833324234,1.2623773159609708,0.1039528156754675,20834.625046100173,0.6659389986994532,8.867774298484047,2.64337021528731,11969.213763024112,0.940826597531392,0.8851546866224961,normal
0.7276248747607422,0.3502202438154304,0.2066034385089081,0.3193147873967711,0.1237688903272082,4.950428467594689,3.308320602793048,4.175035935926338,0.0769050022910899,-0.1358870081542968,5.976089999999999,3.03786,10681.125,0.9182483697122004,0.6136559733941642,1.2619804538899786,0.0451984467755254,21289.11064553079,0.6961064941443583,10.798454970702172,2.8035096088101747,12430.378864656532,0.9081380894412412,0.8247147894939877,normal
0.7281002910708008,0.3002793452832827,0.2587987258112278,0.3056208683124806,0.1344859614963702,4.9131769371946055,3.3318183129911905,4.17230982771932,0.0998978720213417,-0.1540029804165039,6.03791,3.03786,15258.75,0.911772406122804,0.6183086908599306,1.2522621090864845,0.0722101527412407,21810.01464850785,0.7140113168801687,6.63436860771597,2.313594175445704,12384.072438046236,0.8986723555277538,0.8076120025898016,normal
0.7328806941365233,0.2847618642841224,0.2547597220030096,0.3089357395371835,0.1510751976606386,5.564903999314258,3.8464339556140126,4.769098201062596,0.0257703941718503,-0.1408732704142578,6.35743,3.49518,29659.1953125,0.9086806221899782,0.628075524830383,1.2398752340728276,0.0693427434248641,22285.13041577897,0.7554292412691777,10.27207433598631,2.575778964410727,12605.766338055804,0.8976943771832134,0.8058551948263575,normal
0.724492984530078,0.2944296024339721,0.2157547778486684,0.3483530329314385,0.1411408694403894,5.620052864726636,3.884653888794406,4.824311725070809,0.0315744722750621,-0.13386127014375,6.3188200000000005,3.49518,29659.1953125,0.8997403887337622,0.6219122994263877,1.2418897186662938,0.0096933018007483,22590.205911459103,0.7241958517072642,5.8466445489577215,2.1213438447980746,12820.964883453424,0.8897268836414258,0.7916139274742834,normal
0.7131701083366211,0.3300126828694991,0.2110495814422039,0.3210449534882041,0.1377086931767148,5.381121671094186,3.623015594104406,4.5576924242957535,0.0874177873109918,-0.137613625055371,6.03936,3.25041,10395.0234375,0.8971559507746163,0.6040394918888851,1.2579831099022347,-0.0063304038205706,21698.21744988657,0.706168720059053,10.93637242939286,2.7256989425616887,12681.257073073444,0.8865389389132469,0.7859512902094257,normal
0.6933885688268555,0.3357417428297919,0.2209712956136676,0.3076966174072681,0.1350811755894945,5.552946928795369,3.7226242869295088,4.687717891714556,0.0156583567252606,-0.120508736492871,6.07965,3.25041,28514.7890625,0.8731501622155374,0.5853486521084272,1.2592508752961138,-0.0484665085411799,21551.56274787199,0.6998597350267696,12.155872507195776,2.874575553861927,12684.32840178984,0.8647941085633685,0.7478688502059112,normal
0.6862403938242188,0.3006037643887483,0.2373452327727933,0.3268104346465157,0.1344794553751982,5.679446481564065,3.873855097695965,4.841670688436733,-0.0204418923676557,-0.1185989219492187,6.06086,3.32255,28419.421875,0.8576856687221311,0.5850129956828121,1.249832677354502,-0.0389871879738883,21888.49643884567,0.7452265540947763,5.306558973785409,1.9274765454548324,12536.882775100366,0.8494462914415557,0.7215590020438124,normal
0.6923811335253907,0.305532569917893,0.2084222294097789,0.3318252509590337,0.1540066226824385,5.634547595704864,3.837913817111899,4.798729831187922,-0.0538746312845943,-0.1252071837685547,6.17133,3.32255,10776.4921875,0.8657177201806685,0.5896746710477223,1.2503485122026672,-0.0881119920321973,22597.44178163038,0.7400597991023231,4.799130386859726,1.952346975195318,12904.304015582382,0.8566156268523015,0.7337903321675614,normal
0.7201268703701171,0.3188785286581672,0.2095774360035085,0.3370613020926538,0.1341211709348872,4.963321273196797,3.3644239653172807,4.215021164867725,-0.0111104927595153,-0.1425097183085937,6.019220000000001,3.03535,10776.4921875,0.9021901018689696,0.6115562207088358,1.252821049998147,-0.0982223079873302,21837.125500398823,0.7161525950548128,9.336674967901292,2.5783319724638263,12508.831568763188,0.8908636035319588,0.7936379600979471,normal
0.7420727413901367,0.332564766712358,0.2197733566565916,0.3093333015214717,0.1380036957171999,5.124854896333155,3.5066249137683263,4.367280751923165,0.0060407367095618,-0.1474654322885742,6.27619,3.24084,10299.65625,0.9242049205990768,0.6323769288216976,1.245437096729559,0.0250894257328625,21384.65200628041,0.7300988736418988,3.969590270266415,1.8274016654755825,12707.184474913338,0.9123643359642516,0.8324086815394895,normal
0.721077275388623,0.3208235220130284,0.2314042704633546,0.311117636201317,0.1363385769269071,5.267234334273761,3.61637105167816,4.4944420114381725,-0.0499700063869572,-0.1262417590507324,6.03937,3.24084,27561.1171875,0.8961580417739775,0.615283048812151,1.242804443242224,0.0280878112909252,21457.287383876668,0.7339055645238663,10.053682618406846,2.362062296750345,12656.500620499351,0.8872216488048219,0.7871622541079467,normal
0.7126344739877442,0.2930036549022373,0.2590734806809097,0.326542370618545,0.1211510724449739,5.450564698159275,3.7093196815073743,4.639489276317077,0.056011147916219,-0.122648505220166,5.8918800000000005,3.30626,29182.359375,0.8913386507189424,0.6065903595487209,1.2507655512807418,-0.0749858408068019,21579.296578702782,0.7151530143470236,10.990832745421969,2.6164384914069965,12367.865226202111,0.8828600876881476,0.7794419344327237,normal
0.7173385534819336,0.3067829623812131,0.2402306337280168,0.3261953575816376,0.1265461103317484,5.4213829011420405,3.692242695759272,4.609064972113295,-0.0640345036715643,-0.1323882925395507,5.8918800000000005,3.30626,29182.359375,0.8954611796774377,0.6098554668225925,1.2483104042448347,-0.0649872049119679,21636.38672586917,0.7092411473240703,15.43231819364549,3.212823131272828,12622.04982776119,0.885620722605208,0.7843240643077707,normal
0.7131293197036133,0.3229659753709972,0.2499830832027535,0.2862474399319266,0.1397696293156181,5.020832121960417,3.401112387707569,4.249706071907907,-0.1563838172451173,-0.1278641655268554,5.73597,3.03059,15258.75,0.8910584698562961,0.6036031331827694,1.249504746525683,0.0071700692860515,21381.48441223824,0.738553482947284,5.489091951870236,2.0364424891152946,12971.088743738112,0.8818366922944205,0.7776359518767646,normal
0.7155495763330078,0.3328864413526785,0.2250818352516872,0.3052268679904432,0.1358998607943141,5.598690513244351,3.766572238778708,4.726520861534312,-0.0392666954073956,-0.1399206506396484,6.41265,3.38206,6771.0703125,0.8979145455329475,0.6040805420480637,1.2548600058356674,0.014139112406923,21195.559037314164,0.7135284231223744,11.861000247356792,2.937104730128177,12806.385767813645,0.8869457382524688,0.7866727426042169,normal
0.7336381647509765,0.3302167899260425,0.2179580927592835,0.3153867538977825,0.1354656884673636,5.418054141157529,3.712685432005905,4.609983725625826,-0.1925791253647748,-0.1569123009814453,6.19092,3.38206,10299.65625,0.9109470925934942,0.6242204141720604,1.2416844384080028,-0.0062302710591938,21438.33999722812,0.7394236510743272,7.271774992495285,2.307837429435278,12779.198308689656,0.8973311179855786,0.8052031353052483,normal
0.7363287004833985,0.2888859275892158,0.2389572257316052,0.3180917882489987,0.1538007182326094,4.785419412764773,3.2831876469902133,4.0696634506202605,-0.3036274721975034,-0.1358860349267578,5.49338,2.99661,28705.5234375,0.9127135948952152,0.6261958966452871,1.239546406782759,0.0286323270038886,22291.008039926142,0.7561714684734337,6.611939954078657,2.127753251949072,12734.376139036023,0.90254146265888,0.8145810918184307,normal
0.7191934215166016,0.2820841929431081,0.2294777006860704,0.3250388853381869,0.1633675362466611,4.899486630373604,3.3518031470432708,4.167960815991425,-0.1483404132749681,-0.1324986401201172,5.93774,2.99757,10395.0234375,0.8943156469807152,0.6118130788268779,1.2434980913685556,0.0712929115920519,22706.6372442449,0.7545853777688217,10.80836657567081,2.579113049851641,12831.2885762543,0.8844459207893124,0.7822445868008547,normal
0.6996933541365723,0.326075021428103,0.1959171645249781,0.3371120091228067,0.1405877260971133,5.054713974106291,3.4323921285654224,4.284119582211878,-0.0827842312097435,-0.1285379569728027,5.93774,2.99757,10395.0234375,0.8733180498385662,0.5930246528993742,1.2481439828969767,0.0569740261605909,21983.636421445965,0.7361220981208138,5.925041236380846,2.135436579517149,12840.656600996945,0.8638069285384867,0.7461624097910944,normal
0.6918862690555176,0.3304213881978017,0.2082900923382958,0.3182579519513534,0.1419736064124954,5.366501753597399,3.5840929645198023,4.523778169890015,0.0944679923971194,-0.1308330931124511,5.89105,3.12994,28514.7890625,0.8732864998158189,0.583236555900101,1.262182151711043,0.0230743117726246,21837.2458034538,0.7385804121746109,4.59325493619308,1.89684832299022,12854.383129817164,0.8634303750200086,0.7455120125071928,normal
0.6928197801855469,0.3487394415818567,0.1862590553788893,0.3170033574981848,0.1476608438249876,5.332768878411008,3.5862839023107127,4.517682793585596,0.1485188252604663,-0.1458320764257812,5.89105,3.12994,28705.5234375,0.8727529903539758,0.5869258674740505,1.2597114218076169,0.0132971474593338,21655.916461604396,0.7256675203095925,3.761635216620494,1.8302202318616787,13294.904375385971,0.8604828805136986,0.7404307876571521,normal
0.7126912705517578,0.3335787677713906,0.1945956232955277,0.3284502799256118,0.1428417391472718,4.8114107292083785,3.324753218510517,4.116887804348263,-0.1780712411277378,-0.1374862221240234,5.584,2.93407,27465.75,0.8824925662646498,0.6098149098326392,1.2382536488505516,0.0194681336508079,21708.743854083143,0.7348157315339728,13.439168854794534,3.101703085631499,12762.905126184098,0.8717170803869975,0.759890668238431,normal
0.7092736443247071,0.3320879732754053,0.2175034909986613,0.3216805051835585,0.1282005651006375,4.6772533113935815,3.21745987459026,3.988502917930085,-0.1949015675937464,-0.1270721772280273,5.39061,2.82894,28514.7890625,0.8792463963082872,0.6048293328712446,1.2396434061009127,0.0090019658472775,21397.387292535062,0.7143349541447697,9.92759758316098,2.74058148517584,12562.316223874192,0.8700154522740607,0.7569268871956385,normal
0.6975214118095704,0.3036092459478838,0.2126023027687291,0.3478816764546085,0.1353568583083468,5.733582324705963,3.856644448750826,4.844668482983527,0.1062694772839254,-0.130229409274414,6.20444,3.37926,28037.953125,0.8762176666543757,0.5893802179204429,1.2561874830210815,-0.0131504686573612,21974.13985414866,0.7315121153996154,10.0036282061845,2.545865759820868,12755.346488264702,0.8664858338814755,0.750797700317276,normal
0.72360542036084,0.3078579555128884,0.2363783287851971,0.3095938569085727,0.145867862818696,5.518423338980828,3.7173938312666297,4.670031352604941,0.0756750320887107,-0.1334235712875976,6.20444,3.37926,28228.6875,0.9090400838289934,0.6123596890672943,1.2562648900220823,-0.0178513482613013,21884.48752014801,0.7351610506015199,12.21435486424487,2.8055532706789297,12807.628703676692,0.8991952094137773,0.8085520246326867,normal
0.7298262523095703,0.3013975298749756,0.2061272123147637,0.3505438861741851,0.1411649797518726,5.084963362741346,3.4610002188736604,4.324495028799355,-0.0964172923829758,-0.153408901399414,5.76825,3.15613,28228.6875,0.9119126843127228,0.6206790049119457,1.249492850424236,-0.0466602762018988,22193.80851841041,0.7276391428908904,8.294905448401197,2.468254936626992,12642.44702316015,0.8989162657232654,0.8080504527818603,normal
0.7186909951503906,0.3095812730910572,0.2405783149069625,0.3157703645304751,0.1335222842129458,5.626972632753101,3.773222862156824,4.749816016945743,0.0286417424169891,-0.1652936064199218,6.422890000000001,3.41365,10299.65625,0.9047040486892186,0.6066583619280566,1.2588220177990457,-0.0775444028134185,21495.715024932608,0.749871743058763,5.652464849346455,2.038530810909278,12750.327556743876,0.8894759352514041,0.79116743939136,normal
0.7091967317519532,0.2856862067060833,0.263654976725678,0.3272678310776208,0.1229100058528157,5.694403386882087,3.844396591215037,4.813403456565772,-0.0112722470828017,-0.1553514566640625,6.422890000000001,3.41365,12207.0,0.8879546943207288,0.5994745661791111,1.2520569463527893,0.0004992401838617,21707.07178173076,0.7115438444357605,5.540204993617907,2.08275783772551,12311.29593939343,0.8742593803206077,0.7643294640785729,normal
0.7057974030957032,0.3032186249084778,0.2485017848138797,0.2987375580452513,0.1486934937927137,4.760962545719198,3.261998322636261,4.0584875878490445,-0.0540685184522025,-0.1344826085546875,5.61825,2.86447,10967.2265625,0.8781334987582122,0.601657747250202,1.2441721872404523,0.0931260487379175,21896.556304570266,0.7594229714012692,2.582371922962377,1.5738342831011374,13018.817982666347,0.8677746652430375,0.7530328696376658,normal
0.704101999663086,0.2792420288130912,0.2344406340113674,0.3430922556846317,0.1431040121554095,5.374863517328721,3.623710147654797,4.553473788647283,0.0275875272880656,-0.1310635152490234,5.93361,3.20611,28610.15625,0.8847589540446384,0.596500727816326,1.256577817515072,0.040362711976065,22394.26477814307,0.7433278174746,10.087572713592744,2.517289140598595,12467.709806736824,0.8749975781296379,0.7656207617327316,normal
0.7196933510791015,0.2843787865013049,0.2358837156211596,0.3361195924913865,0.1435576499432237,5.237066925568815,3.5801946867638548,4.454827872444269,-0.1425946708215804,-0.1400312922998046,6.39565,3.20611,27465.75,0.8955127529385865,0.6121957281750364,1.2442976603797478,-0.0157959910833331,22184.63496002434,0.7218029600246876,11.492688124484156,2.8795244659883688,12691.543687090623,0.884496652256238,0.7823343278524924,normal
0.7174221812475586,0.3046220784155058,0.2575277506532497,0.2994488794485732,0.1383716048592936,5.240906322499537,3.5576381846014797,4.44583410350313,-0.0596112532815271,-0.1435643400024414,5.98108,3.18954,15258.75,0.8965329902870061,0.608585577327934,1.2496588671512543,0.0191488644154908,21531.540882134694,0.7273922982822199,7.526866514340115,2.4580596353378583,12527.50051402561,0.8849636619390788,0.7831606829526242,normal
0.7123019303874023,0.3367199464983555,0.2211405986616762,0.3006155853674127,0.1411688209924572,5.13439808143862,3.431054795598925,4.331660309163987,0.0744395088395672,-0.1423298054817383,5.77188,3.08545,10299.65625,0.8992715604419262,0.600937042874455,1.2624864851241329,-0.0537731149523985,21369.24023996973,0.7229026988331277,5.620263510272109,2.001049259756825,12639.82849156388,0.8879366902494724,0.7884315658911876,normal
0.7086321576554687,0.3170518628967219,0.2511966286835018,0.2929781146961677,0.1383797683487035,5.264125033492219,3.556549648365567,4.461440206806287,0.0256160083912959,-0.1290764646882812,5.84795,3.16152,28610.15625,0.8889289655925076,0.6005784398898764,1.2544293340194388,-0.0690375789992678,21391.15549863691,0.7250140268263439,8.264598257072253,2.4356781412099693,12599.91829389048,0.8795078010642887,0.7735339721329404,normal
0.7038285839453124,0.3289067354227484,0.2459706323738903,0.2867877330412038,0.1383229223330464,5.288671623024235,3.599018902834692,4.491889178865248,-0.0565461753821701,-0.1441810732714843,5.71176,3.16152,10776.4921875,0.8784393984454749,0.5977909436154668,1.2480871315589106,0.0829815922437166,21526.952875140323,0.712828891624977,13.015108624786084,2.9513137155513203,12511.09248450114,0.8665261651280535,0.7508675948515307,normal
0.7281480350629883,0.3035324040675912,0.2633427639742511,0.2828529202079811,0.1500156453953447,4.438003452738005,3.0079876035572672,3.760759994034889,-0.0937052918722658,-0.1369270292817382,5.42447,2.73839,10395.0234375,0.9103727677473008,0.6170319670009636,1.2502578101011412,0.0891082127854654,21739.25591649288,0.739457181033663,8.521855006999006,2.5782369827702345,12754.885239236935,0.9000164247989915,0.8100295649079587,normal
0.7185634933295898,0.3272888068293149,0.2141234641115303,0.3282255820785891,0.1303015694063739,4.70237559700068,3.208146017310254,4.000578969966472,-0.098716962832543,-0.1257485420795898,5.5607500000000005,2.87467,10395.0234375,0.8960533543327172,0.6113229240627978,1.2470065104208077,0.0503738522093907,21316.583261035445,0.7065058391851587,12.755621563249266,2.847897733590423,12598.551335066497,0.8871859545640765,0.7870989179757716,normal
0.7050950082226562,0.3292738670363694,0.2042118019907637,0.3359290388628433,0.1302520451034531,4.860852203996267,3.3473242401186822,4.155596005970773,-0.1409803804355678,-0.1340548358398437,5.80476,2.93009,10776.4921875,0.8753529057275046,0.6027934767469532,1.2414680227761363,-0.0080960581667023,21569.15570948304,0.7115350465350875,19.913485232022413,3.6231670353185055,12546.012780511868,0.8650271733035547,0.7482720105535381,normal
0.7072146699047852,0.3239409955404966,0.2353063129021688,0.294646174356011,0.1458259237813492,5.53153433864914,3.795176683775633,4.72976614081032,0.0040101729599415,-0.1231305673022461,6.54981,3.34496,10776.4921875,0.8813713507198998,0.6047074455686874,1.2462571666373408,-0.0228146929324331,21616.15445255481,0.7151463818002818,15.619281983024392,3.18799870929306,12660.436054287276,0.8727280912550298,0.7616543212656477,normal
0.703362757878418,0.326644422217577,0.2283707755464444,0.3078124773768992,0.1364181353120484,5.602651738001098,3.762435865163975,4.755668341169414,0.3370034126472641,-0.1155695047094726,6.54981,3.34496,10395.0234375,0.8890410680406958,0.5970315765501083,1.2639865532863113,0.0400204726278416,21392.35891212821,0.722934152602824,18.65840256777877,3.394389662953861,12682.18783267118,0.8814974249787394,0.7770377102441484,normal
0.7190225184853516,0.2944254011958492,0.234876594884429,0.3386063030014962,0.1305341543931285,5.365808677531194,3.583120433071941,4.524976501228012,0.1138183320612862,-0.1460999416123046,6.21874,3.25356,15163.3828125,0.9080241819308884,0.606350355655424,1.2628591714257795,-0.0036039477673499,22052.11520906763,0.7202067721692224,9.486297715528766,2.5920219192758367,12517.95119271764,0.8961934623908725,0.8031627220321402,normal
0.7138688332841796,0.3072966440132125,0.227144584033994,0.3156014799941136,0.1490023202603997,4.252141618213187,2.8969776544455845,3.604737845412572,-0.238680440437268,-0.147714917758789,5.117990000000001,2.57331,28324.0546875,0.8882740244996723,0.6051797496531508,1.2443098550935965,-0.0053698535244857,22078.485154055787,0.7571830060151904,6.12151693697445,2.0684035803663097,12934.425293133068,0.8759058429262581,0.7672110456723586,normal
0.6954217457949219,0.3575562348694605,0.2042907786703202,0.2916363656968148,0.1462923199999264,5.44964949417936,3.695105607337253,4.618147217022864,-0.0853267759155471,-0.1383449791054687,5.938689999999999,3.21156,12016.265625,0.869138893790453,0.589314964830342,1.2498011444795398,0.0519146769551157,21546.551469646827,0.717410850670047,26.568134925133386,3.9291820528925,12981.052679462551,0.8580577389987224,0.7362630834555997,normal
0.6919922284135742,0.2965774844990692,0.2448699224637905,0.3158820051302242,0.1420564045089123,5.501797813002901,3.6947503488480185,4.641034780640033,-0.0204466494700792,-0.1440983099077148,5.938689999999999,3.21156,28991.625,0.869222463434188,0.5837291934665114,1.256115932727919,0.0712950442217772,21931.03508893751,0.7642414827297702,7.006809911549356,2.132106452386567,12585.442092554027,0.8571950583270639,0.7347833680203384,normal
0.7163668579643554,0.3088753705940325,0.2296012546370049,0.3355743447294264,0.1257639017482617,4.923522982228429,3.3588466101350045,4.176533247925423,-0.1978482938430934,-0.1377570886391601,5.6945,2.99193,10776.4921875,0.8907611294222642,0.607680721873228,1.2434426851536258,0.0607574054116439,21755.03855373785,0.7108537058630228,7.54912645582864,2.3603076787335437,12149.85364773462,0.8800445296797715,0.7744783742192902,normal
0.7327151033714356,0.3381080438449966,0.2244459553134798,0.3001827965464803,0.1354747747479138,4.808010510512562,3.273965694630337,4.083346973787299,-0.1666912399912332,-0.1456967320689941,5.76323,2.99193,10776.4921875,0.9138550244760028,0.6222802536430068,1.2472173976912575,0.025229915175078,21299.027767289987,0.7165109173846275,19.30471921777529,3.4608971076603114,12634.076762916731,0.9021659869583044,0.8139034680244516,normal
0.7223896274925293,0.3049725211263684,0.2246983962214712,0.3296548756863064,0.1387657808794409,5.576182900239027,3.760838994413944,4.724694084890216,0.0265452219344575,-0.1466654492652832,6.37964,3.41307,28896.2578125,0.9075288798774708,0.6120799946956001,1.2562872518360684,-0.0522754568568325,22025.996800226923,0.7276702009450723,10.263216204137215,2.600329768680562,12536.537965976057,0.8955991926098803,0.8020979138034695,normal
0.7155379151054687,0.2884761422680913,0.2152594469014006,0.3537182080336924,0.1422334867365998,5.611319306391315,3.812593410671256,4.769935915271409,0.0626556716036228,-0.1261071146796875,6.37964,3.41307,28896.2578125,0.8952095417379126,0.6082473325145656,1.2511000784716777,-0.0651284582469923,22452.53220989826,0.7372059567354666,11.855630847325736,2.8451782252885254,12641.523575529538,0.8862827535531578,0.7854971192457674,normal
0.7246451147583007,0.291798566003263,0.2348686983264631,0.3293698066561155,0.1430867966768483,5.033664341630691,3.436543244649299,4.280012294065456,-0.0736918895567582,-0.1333082097690429,5.94943,3.10149,27656.484375,0.9025028289194448,0.6161495462359834,1.2454411277173476,0.01243631046737,22040.73393218173,0.7613736382477378,6.082173094939968,2.1360183787915967,12650.61539787,0.8926030906375876,0.7967402774157734,normal
0.7209521385063478,0.3013257523923613,0.2684056773414004,0.3027070182253107,0.1267729649421558,6.310690323530137,4.30057583456962,5.360217126210763,-0.0337852215277947,-0.1454548396635742,6.69112,3.86446,6389.6015625,0.8985912930394205,0.6123672374781115,1.2463952113396897,-0.0285056593027676,21231.58625496789,0.7220456586794015,18.33033320951041,3.4839552901780326,12359.17245216332,0.8867407747164341,0.7863092015447017,normal
0.7241721341904297,0.3320174643814507,0.2215381782850414,0.3066439583373969,0.1389789105332106,6.3164158167149385,4.232458950154553,5.33638318508372,0.1048183287150767,-0.1351990143935547,6.70236,3.86446,6771.0703125,0.9130531555087816,0.6118121593219998,1.2608233766540973,-0.0661838075597758,21492.03319220956,0.7150252607231338,5.575349688343829,2.146851264402948,12741.26077041888,0.9029879795941664,0.8153872912915547,normal
0.7357371376479492,0.3154991773924785,0.2093763149788124,0.327780071698445,0.1467803080112831,6.747302969042549,4.51023272855066,5.689464056934666,0.1555186758718574,-0.1320417437875976,7.052770000000001,4.18595,28037.953125,0.9281006661811736,0.6203886233070681,1.261456869158711,-0.09447240955241,22008.932275744846,0.6987387420059961,13.464310461105498,3.205841665814356,12801.458548806106,0.9186597980011256,0.8439358244634687,normal
0.7121977865712891,0.2909789299289557,0.2370539154678202,0.3288263902170311,0.1424880763108718,6.951380695894664,4.70155288538233,5.877510544019359,0.0514152857035696,-0.1371709568710937,7.052770000000001,4.18595,28228.6875,0.8903334923690004,0.6021753351060362,1.2501211168533737,-0.0755805084251687,22104.961931749636,0.7089242919461597,7.618485725938688,2.499587732430512,12589.590035640756,0.8797032773754168,0.7738778562250495,normal
0.7066971038393555,0.3503068039113585,0.2309724466558076,0.2787990594893771,0.1397662749657151,5.467985574960882,3.7066365574916,4.630088311135626,-0.0717421072281516,-0.1222933266245117,5.90201,3.27207,10395.0234375,0.8827598684814987,0.5984050168280497,1.249134691065842,-0.0294968540858818,20996.299858645158,0.733820600569048,3.9997068793609145,1.8674744826984573,12700.016838612572,0.8742478639748474,0.7643093276645834,normal
0.7192412621746582,0.3360765817586804,0.1912439252776823,0.3186472956303992,0.1532680218234418,5.366513256251843,3.629899901010538,4.549335768232692,0.0050986772885726,-0.1205999054676269,6.201779999999999,3.27207,6675.703125,0.901421551346107,0.6097199137984289,1.2532951024258794,0.032658312551529,21851.65505407399,0.7172568007703083,13.282070245635456,2.964308076133067,12890.06809646622,0.893317679234225,0.7980164760324217,normal
0.7164322685784668,0.3600207860797613,0.1958920731892487,0.2979389163261599,0.1454421931625936,4.933380721798095,3.331222808444575,4.184289473655488,0.0380838143573862,-0.1315220340472168,5.92747,2.99776,6675.703125,0.8998977769967069,0.6076482171251099,1.2560821398822102,0.0387483838716595,21091.964500931237,0.6851769888002471,10.42253735872349,2.7730864228745733,13105.20614095386,0.890234780046083,0.7925179636036978,normal
0.7299419610996094,0.3562266229408631,0.2360610560327767,0.2885322175252512,0.1188616205307066,4.814683624107287,3.293139734525976,4.106847064229699,-0.0440703288735178,-0.1277263609990234,5.83071,2.99776,15354.1171875,0.9103045244545344,0.6226286572579997,1.2470916497021498,-0.0315545934186897,20206.82394965106,0.6823701269669538,4.515360726567522,2.010680854879926,12621.110321866345,0.901299231081633,0.812340303948343,normal
0.7309227109907226,0.2972836414539996,0.2514961315709254,0.3269227897715401,0.1240579126003588,5.833280495003905,3.985115717356573,4.974616256035519,0.0194042867875738,-0.1370575036733398,6.46901,3.63606,28419.421875,0.9124101426123428,0.6233302175532648,1.248299073065639,-0.0432648066127348,21644.85722531284,0.7209845958666438,7.974721550711546,2.3360015337828206,12396.710184205458,0.9020573756855538,0.8137075090287083,normal
0.7067693820996093,0.3389843474013023,0.227889638039905,0.311642121602111,0.121398731107895,6.079019429151298,4.083939973819603,5.144620143558438,0.1092777070596797,-0.1402443199023437,6.28657,3.63606,10776.4921875,0.890331401369567,0.5981326499079205,1.2597198236356073,-0.0684655316915772,21107.081934460213,0.7054927465215233,14.576150357973049,3.012225102476997,12465.457491730109,0.8792164323986591,0.773021534999826,normal
0.7172865172070312,0.3489501235971954,0.2354772383031455,0.2810038290725908,0.1341794165830989,5.805461502038143,3.927040496667289,4.921241254812474,0.0122828183202012,-0.1410265295214844,6.5746,3.52994,10395.0234375,0.8988804681275147,0.6080377931643732,1.253167941351489,-0.0170579807451385,20871.684090242416,0.7012486637435971,10.988255061289893,2.7989538590267133,12710.60370377884,0.8877486209238884,0.7880976139522656,normal
0.7172722351249999,0.3932468817770088,0.2000544308333939,0.2700533087696357,0.1365662754713607,5.807349142356598,3.934627591840434,4.921339244903064,0.0212489043126149,-0.123915311296875,6.882569999999999,3.52994,10395.0234375,0.8971471677066291,0.6078401545128325,1.2507763771872225,0.0363192127009127,20481.99920694249,0.6801291276979806,11.965820899761756,2.9164373180064693,12747.804558742946,0.888548274518737,0.7895180361502248,normal
0.7107979443208008,0.352084157935837,0.1953069171012783,0.3076445441324039,0.1447732178704223,5.58354704028714,3.757533217278021,4.71671313456539,0.0076270858759812,-0.1251356715151367,6.1275,3.35263,10585.7578125,0.8922422786800177,0.6004480621027574,1.255268513097059,0.0521124921169549,21368.9156502288,0.697456553603038,4.107531062310635,1.826773101468133,12883.59230887188,0.8834236512447277,0.7804373475785662,normal
0.7207146412324219,0.3297545634704362,0.2242970693044494,0.3063660136338691,0.1390270359918723,5.174747338070831,3.488177242065291,4.378778811269183,0.0604747048902951,-0.1461999133476562,6.132960000000001,3.15585,12207.0,0.90472753561441,0.6098558622915327,1.255320044653632,0.0477817580895473,21489.688165710293,0.698235193548249,6.776882437567929,2.3584813623401515,12934.67219352498,0.892836770656351,0.7971574990360616,normal
0.7311776358696289,0.2925301009288723,0.2301127748906584,0.3310494287290882,0.1459687715787721,5.3730616732802,3.6471017221868895,4.563077200838912,0.0514954491868646,-0.147391030458496,6.31353,3.33642,28324.0546875,0.9148140781769591,0.6209532298115517,1.2511516125475055,0.0421130678367807,22306.5413981962,0.7380227565842977,5.005357780199905,2.010977025840246,12942.743581049172,0.902862493279648,0.8151606817711423,normal
0.6959936013950195,0.2757789985461601,0.2272614850604467,0.3636669226327144,0.1329928484553516,5.390425942617308,3.53715247062292,4.517541531557103,0.2298523601880697,-0.1064174442661132,5.90489,3.14418,27465.75,0.8889014613063274,0.5832897128113314,1.2771690135148537,-0.1249883702602639,22660.859980717025,0.7176001719162113,5.803053298390722,1.9893849877593328,12282.37000996678,0.8825084336528422,0.7788211354683929,normal
0.699060751668457,0.2640026787204475,0.233490191953625,0.3539653808012084,0.147993717655211,5.338467290415845,3.56173200827158,4.49772068092186,0.0016660898104663,-0.1161912323129882,5.74823,3.14418,28991.625,0.8827671460677335,0.5889668005730314,1.2627903139474246,-0.1102663681934735,23042.618684654182,0.7043443155177982,9.553154527433223,2.6274777901625197,12256.50384601224,0.8750870994993358,0.7657774317101604,normal
0.698401982321289,0.3227000278611188,0.2255775003332892,0.3074152155459565,0.1438486614906504,5.588866910186044,3.818624129886232,4.765378799381666,0.0492272747260353,-0.127439768508789,6.24329,3.32815,10490.390625,0.871557369040968,0.5954963776171244,1.2479308351104044,0.0465282307737573,21831.779988723043,0.7398483335756927,13.75223917626387,3.030354557319048,12814.951383776375,0.8621898589823707,0.7433713529320403,normal
0.7152017578081055,0.31353340118739,0.2400255838638492,0.3063082406788867,0.139680641235028,5.482260134220256,3.710052251801958,4.65344214225627,0.2971069352943893,-0.1331015886469726,6.3165,3.32815,10776.4921875,0.89706283742595,0.607076263898113,1.2542794080585011,0.2433635184582991,21860.840700498527,0.7385426572181101,12.750603660006924,2.825073178823556,12638.499217185996,0.8871334180326816,0.7870057013903486,normal
0.7082905976757812,0.3133128079341802,0.2523255795667078,0.2974664688279951,0.1367039608191337,5.435364231349861,3.6777750672350864,4.615083146277055,0.2063728331815659,-0.1247485261621093,6.36393,3.26882,15544.8515625,0.8888036762012923,0.6013985191914536,1.2548573694439196,0.1320695654089191,21853.08521448524,0.715982380707614,6.41226812145478,2.190390664924163,12683.319108102323,0.8800055568286561,0.7744097800493132,normal
0.702332447256836,0.2977961423279305,0.2348385809223095,0.3202832672484407,0.1468769001177464,5.188069054738744,3.525704906834504,4.406901620577056,-0.012174372497256,-0.1207997376953124,5.69787,3.09511,27275.015625,0.8778698393050977,0.5965822673799898,1.2499349029563906,-0.0294046471428899,22277.10758313484,0.7347484386551644,6.218806059851348,2.139182711379243,12736.241036824842,0.8695187623819867,0.7560628781343017,normal
0.6876672007026368,0.2999920079729171,0.2331891776303618,0.327654425412384,0.138415074807703,5.01554279769023,3.361270904112585,4.225503262378962,0.0126892342430813,-0.112566845099121,5.6387,2.90574,27275.015625,0.864476587247034,0.5793470651547742,1.2571147589469718,0.0034271384083825,21997.16581610502,0.73393510234754,5.964239729347506,2.1209105229166845,12645.331132469342,0.8571163720771581,0.7346484752827093,normal
0.6571092506834473,0.2996406393912102,0.2171338868518532,0.3470603679455838,0.1350196595232324,5.559861270619274,3.687765399967817,4.67541736294931,0.2594927753657075,-0.1201125392365722,5.80522,3.07226,28133.3203125,0.8330952939758075,0.5525785357694369,1.267818544799545,0.0229041958168281,22261.750486330715,0.7314454997744487,12.15101729008054,2.723623190913231,12610.211114784091,0.8243911369991673,0.67962074676278,normal
0.6770691574158691,0.279366193513814,0.2082320569137883,0.3718083643866766,0.1400854185894079,5.386615821827286,3.58262779858502,4.537586694578908,0.230681659151605,-0.1164920094260253,5.78955,3.07226,27847.21875,0.8575437284368215,0.5703506805795937,1.2665526394818505,0.062586173786852,22799.89495741926,0.7192218008526724,17.66608883888802,3.3809570674130662,12400.234903384624,0.8495945255951286,0.7218108579212117,normal
0.7057316993398437,0.2825184924464807,0.222242047594406,0.3477992968761044,0.1468557149084885,5.495188261261413,3.6618626084166697,4.6279202182007,0.1554047589040212,-0.1155548461269531,6.24136,3.26607,27847.21875,0.891914948554609,0.5943508838494785,1.263815908211187,0.0262244138847589,22611.529295617067,0.7157801933835748,38.74183931433011,4.812211775618417,12508.549127607945,0.8843977346147756,0.782159352991747,normal
0.6981119979101562,0.3227358209012139,0.2235220311084236,0.3134563678755249,0.1398656042934817,5.536176513910739,3.714550845790895,4.678432701023895,0.0914412128676467,-0.1165143645703125,5.98673,3.26607,9918.1875,0.879263775242413,0.5899504814908544,1.2594881306646304,0.0069492453282399,21600.578683015367,0.7127209663154296,5.388115703510042,2.0847575168175307,12732.926097047772,0.871509718421038,0.7595291893023169,normal
0.6817951270019531,0.3400992304331385,0.2132739828383268,0.3012481753101387,0.1452674917095596,6.028252875146697,4.043338548073242,5.098569734996128,0.1379948478887009,-0.1140264091015625,6.34,3.47618,9918.1875,0.8597301360422791,0.5766480059805732,1.2609801713056483,-0.0039846693099718,21831.81980566243,0.7288634004678851,16.67763210422031,3.4494024944153856,12830.3935124781,0.8521348982682723,0.7261338848466787,normal
0.6697408747802733,0.3346899540293695,0.2190615323953255,0.3078175110971476,0.1384185937648588,6.1325879089842905,4.11254834942607,5.190335741626125,0.1506835876959473,-0.1170828382666015,6.34,3.47618,10585.7578125,0.8452617950340015,0.5668373697354372,1.262072880517129,-0.0700026282591661,21775.64152206321,0.744383871539785,6.479999595244244,2.1449102442789862,12876.586859917665,0.8371135592782734,0.7007591111275392,normal
0.6876258739875976,0.3259327914356802,0.2165065406174037,0.3076692876748384,0.1490683558755734,4.772383195094596,3.2144331320023687,4.037937060015401,-0.045124402105054,-0.1206007782795898,5.42849,2.77659,10395.0234375,0.8637883838231774,0.5818036579405405,1.256189472356529,-0.019693916396173,22021.252144146507,0.7421057997463744,33.26830150538107,4.35621347918168,12849.598519634785,0.8553279045525254,0.731585824306214,normal
0.7054778759456055,0.3340162426482401,0.2246763559503909,0.3040959522281077,0.136760942644488,5.702501850540728,3.8444488244003976,4.824729613863099,0.0483648470486777,-0.1255815096711914,6.60691,3.40374,10395.0234375,0.8853648872620555,0.5968853828039087,1.254986042014902,0.0133071095935481,21601.475617391567,0.7332543965202759,7.605698859922553,2.28675327005667,12698.271054195386,0.876413297494542,0.7681002680252567,normal
0.6995157674804688,0.3269715459714661,0.2104178831132391,0.3218138703194628,0.1403868513095248,5.719978443967041,3.887322344070237,4.865851719482557,0.1106555623160479,-0.114333535234375,6.60691,3.40374,27751.8515625,0.8756001429086788,0.5950616830715477,1.2517232400099207,-0.0012561064115127,22020.912813370905,0.7351632013856829,9.63399567000816,2.507585226987417,13025.915000939802,0.8681033653790939,0.7536034529825087,normal
0.677750277055664,0.3200955378477739,0.2051491468013311,0.3325308370059072,0.1417094536803201,5.00614801880258,3.408510633939009,4.256685829083115,-0.0437222365406904,-0.1066166746435546,5.68765,2.88497,27084.28125,0.8464019361635421,0.5762853973083392,1.248840413375481,0.0143902687468214,22018.443849548992,0.7343103911310838,6.384164465037873,2.096588677502154,12973.57700477523,0.839660123043451,0.7050291222293431,normal
0.6693792176054687,0.3088672965678444,0.2482263535924462,0.2980559904820224,0.1446365707883233,4.87828733394371,3.292083865882105,4.130065480505312,0.0095801994771536,-0.1208495709257812,5.34706,2.76458,27942.5859375,0.8397659697102637,0.566711185863063,1.2545444310540588,0.05998680457193,21662.71883999301,0.7343005232281945,5.087649679836012,2.086810637672937,12698.056599649628,0.8310248282033902,0.6906022650904742,normal
0.6673332331538085,0.3301020407300317,0.2280568253642191,0.3097875664736398,0.1318682866168474,4.947698295700463,3.298446727223654,4.1655201058438935,0.1260709574955014,-0.1236878845727539,5.33947,2.77979,3433.21875,0.8427572824072215,0.5618349854548792,1.262873240141752,0.0293134185521872,21377.580721521943,0.7163263604672163,9.431656539222423,2.558824529067281,12695.013231154342,0.8336312999523963,0.6949411442603222,normal
0.6603081627751465,0.3100665575501593,0.2222256178378757,0.3146096183137308,0.1529583370233407,4.966702969241812,3.3538862128737263,4.209837401247752,0.0529153064781557,-0.116622758451416,5.20923,2.77979,3433.21875,0.8288265682150795,0.5596851708698712,1.255211755571343,0.0111448627986823,22111.75943124804,0.7324227728006685,10.336937715157609,2.5722673782299177,12972.276185227678,0.8205806556276893,0.6733526123903685,normal
0.6969744609050293,0.2895262938918366,0.2143772355901972,0.348588509202579,0.1473176489576188,4.458109525469253,3.0632688177564376,3.808274404421361,-0.0758090788478198,-0.1126537480891113,5.30474,2.65427,27656.484375,0.8664828841054858,0.5953801683956196,1.2432060752704597,0.0772194061914491,22665.36576321652,0.7333151779614552,6.336403363838217,2.1679292162904606,12635.3352535608,0.8591284662314687,0.7381017214892358,normal
0.7094435190395507,0.3155430923556028,0.2198914378351467,0.3008940657937163,0.1635441400203866,5.193647084625449,3.51630763311977,4.396304873180641,-0.097623843572455,-0.1155039153647461,5.7694,3.11893,6866.4375,0.8869900831835908,0.6005279044147699,1.2502617324412293,0.011186952004218,22452.579473912552,0.7435004887234368,5.669566403046719,2.040966491297751,13155.732170055006,0.8794374640652096,0.7734102532014469,normal
0.6722212541308594,0.3040232897588363,0.2150883789987168,0.3112682714345126,0.1695605805600218,5.472053134688668,3.6961034352340514,4.639737260364646,-0.0407416588575402,-0.137312803984375,5.91647,3.11893,27942.5859375,0.8438427264421234,0.569974363046358,1.2553050372278989,-0.0477960551932333,22560.68515851076,0.7633662781130421,25.047318855694943,3.4197241007324024,13020.041619179572,0.8325957847786793,0.693215740831225,normal
0.6717843428173829,0.2879226066584902,0.2239088984704414,0.3267572960284594,0.1611974397046791,6.825990615526284,4.605564528371515,5.784609363925544,0.0784561739642204,-0.1205443156689453,6.68355,3.88601,28133.3203125,0.8437640979864975,0.569296124017655,1.256004411248783,-0.0278037324289276,22797.9177949229,0.7317027439791725,15.408747986754214,2.905277941314802,12854.944199291556,0.8351089276321225,0.6974069210108736,normal
0.6818842171274414,0.3013411597101579,0.2432048784064669,0.3039119231384488,0.1511867949059197,6.762168741267439,4.515369516975659,5.698929381839205,0.1916496256156818,-0.104546445489746,7.12244,3.88601,28133.3203125,0.8606183802655432,0.5746691850921842,1.2621180526674327,-0.0944911162866194,22394.626956397093,0.7311357875928941,13.881782296082008,2.9384587542849445,12704.468467608249,0.8542447173886102,0.7297340371863466,normal
0.6801595297485351,0.3121410567232174,0.2585543313728486,0.2851329130438448,0.1431350500229729,5.618032165725884,3.793274325220325,4.758339563655832,0.0424015511544246,-0.1050561211596679,6.18039,3.23643,6389.6015625,0.8532022001366901,0.5760789373447515,1.254414828903642,-0.077294679473768,21670.140667866777,0.744569387418481,16.32396462176426,3.1517898399641195,12699.844418761671,0.8467096348365086,0.7169172057249739,normal
0.6707985413452149,0.3337890460219979,0.2272338083649774,0.2899447241542265,0.1481128097395437,5.510572109604635,3.6772338083242415,4.640215814658619,0.0741497478416608,-0.1141610873852539,5.68932,3.11265,6389.6015625,0.8464650773507574,0.5648506068135495,1.26187674119455,-0.0361341264486953,21496.6867135414,0.7572420399870212,26.861454093416278,3.7771183160761614,12985.02531607353,0.8387314071271208,0.7034703733014401,normal
0.6812552454687499,0.3345133278179791,0.2040173384698859,0.31552253220678,0.1455015099835003,5.445842361428281,3.6499142253935375,4.604470968647962,0.166121837645023,-0.1362384335742187,6.20474,3.13682,10776.4921875,0.8594229360723634,0.5760027176360107,1.2615285413046942,-0.0212175103095422,21887.06810928553,0.7335691077594841,13.293219632912187,2.9374830389155697,12945.717089994909,0.8485557567210802,0.7200468722644849,normal
0.7136762415200195,0.3057240684979824,0.2076673528580551,0.3370822316496491,0.1490922507258495,5.16755575771625,3.5145976053314123,4.395298340489885,-0.0262598403627598,-0.1364777224741211,6.20474,3.13682,11920.8984375,0.8925118469441997,0.607021993969986,1.2505836610775891,-0.0014356984875337,22645.73077816248,0.7329627291123247,6.915712288539213,2.230123955293052,12685.151748076883,0.8820154353547467,0.7779512282040233,normal
0.6979117938452148,0.309577757366119,0.1788657666146829,0.3662586640064513,0.1450090698396448,5.056676448012021,3.401821982303475,4.273906855142696,-0.0977368771802207,-0.1259938336499023,5.56362,2.98281,28037.953125,0.8768271871711084,0.5898755893651572,1.2563581743477086,-0.0498463993006306,22617.85252249452,0.7532346293464666,9.366130758115847,2.5238775625899184,12828.671587009108,0.8677277626333035,0.7529514700445988,normal
0.6784264434008789,0.2880493491874873,0.2277880086812349,0.3278694016022646,0.1559314274605194,4.517906434252095,3.039692918370233,3.8182916146582566,-0.1165882843221046,-0.131576502980957,5.14987,2.59043,28037.953125,0.8522012155717655,0.5733695546151403,1.2561438662381326,-0.0483932007303388,22674.210651442037,0.7490405659832867,5.659882659690799,2.075415803940878,12934.308217963437,0.8419825031942748,0.708934535685297,normal
0.6910632639443359,0.2795871301423877,0.2466823723221074,0.2941412990064176,0.179494553414365,4.400156099529899,3.006505418771096,3.748470125896687,-0.1573593254682674,-0.118874232118164,5.13509,2.59043,26988.9140625,0.8616082924137332,0.5887132050330566,1.2467864193735154,-0.0235956289454591,22918.92804274097,0.7818371528371926,5.913806776319825,1.9551554576811612,13027.11035464564,0.8533684822481001,0.728237766494426,normal
0.7062279592612305,0.2849784233014261,0.2312858222882599,0.3318609392164396,0.1512847066169288,4.571155243691212,3.1292680716429926,3.8943657836444734,-0.1370379444790095,-0.1156281115180664,5.18929,2.75031,26988.9140625,0.8788988150049974,0.6016662863935293,1.2444973375514532,0.0272045167459595,22712.43442837465,0.7323237394375048,7.592732597176999,2.2245376034286197,12600.36202713196,0.8712595863713376,0.7590932668439543,normal
0.6911648284231934,0.3050090396891964,0.205339566798964,0.3404291011041773,0.1477401406441905,4.789937262411574,3.2592243968984187,4.066106787307833,-0.1223778112944091,-0.1224480889596191,5.56066,2.81035,28800.890625,0.862275700523848,0.5867195844200018,1.2475688360633497,0.0622408776947839,22395.727157319347,0.7290594696867309,14.422887842021035,3.0537124622887752,12964.347063718244,0.8535372570802227,0.7285258492240301,normal
0.6674875493079591,0.2835098889361472,0.2226541995135532,0.3629509027901871,0.1302967102930906,6.080719020873714,4.108592233687265,5.148365693956209,-0.0340042110074247,-0.1235765904000488,6.27873,3.43647,26798.1796875,0.8364105767965035,0.5651420478735141,1.253072926474331,0.0239566364560962,22490.477887106877,0.7285416282244911,10.277685983531748,2.671677769787157,12613.672602774288,0.8272312127103028,0.6843114792821582,normal
0.6786894699467774,0.2824747715695638,0.2231637458682524,0.3555318383611217,0.1384041642120433,5.991675067751267,4.037751456767678,5.06339077320514,-0.0563227228983791,-0.1275548873198242,6.27873,3.43647,34522.921875,0.8510850746496865,0.5735407813577815,1.2540124936908603,0.0033662484153859,22503.643524108524,0.7315894586283971,3.823001403040215,1.908470428780547,12454.299637716267,0.8414722544518561,0.7080755550122892,normal
0.6860458003325195,0.2853981807616013,0.2352961597716323,0.3208140829828232,0.158482565886959,5.191804449967896,3.5394267680759386,4.411134065004424,-0.0958277556695095,-0.112679213965332,5.95502,3.02624,15163.3828125,0.855008507958222,0.5828879013381779,1.2462848800237651,0.031258749886861,22716.552227077013,0.7652925435299364,2.2651013685140478,1.453574006502984,12833.330324717384,0.8475511450178687,0.7183429434211002,normal
0.6876414952348633,0.2978445931767595,0.2417623626543538,0.3184470999778342,0.1418285684778668,6.066409955780974,4.110491229773221,5.156131537392191,0.233956246221902,-0.1064762350786132,6.960190000000001,3.54557,27751.8515625,0.8625660053276923,0.5844593467708618,1.254383296099785,0.1215022973163192,21988.923083423328,0.724591727776014,16.50898618650317,3.103421242756735,12579.123822327516,0.8559689976339427,0.7326829249104566,normal
0.6823468163066406,0.3293434286865784,0.2405731657968204,0.2826913107994089,0.1470024959584969,6.149297122611187,4.113040462630155,5.196140606607084,0.3068238922925457,-0.1124083097480468,6.960190000000001,3.54557,11634.796875,0.8620313931297248,0.576581344063342,1.2633332090500082,0.0620994854325584,21537.181580932956,0.744708828530433,9.343719999371167,2.4342827498862234,12782.039772725197,0.8546709861933779,0.7304624946407612,normal
0.6785880254682617,0.2889523381180713,0.250704602843435,0.3097089258562959,0.1505395046357162,5.3695910043926105,3.5502797936529094,4.499976252738668,0.1710704583627089,-0.119802330449707,5.906140000000001,3.05363,28133.3203125,0.860109675147067,0.5686894956248937,1.2674990463522338,0.0614727136471672,22305.924077656196,0.7712741186077837,3.423721699968758,1.7638995081750124,12699.238082800564,0.8517253400600527,0.7254360549004124,normal
0.7024038430825195,0.291875159134727,0.2549584147497613,0.3087753418984375,0.1430083461108342,5.349214158861712,3.5643067741105963,4.50293663844379,0.1059620709164934,-0.1238650756381836,5.90082,3.16288,15926.3203125,0.8873759192035976,0.5912793741413872,1.2633414921383728,0.123202601087339,22138.15057078624,0.7302948616316123,11.259529653777005,2.594006516447194,12524.796739596824,0.8786884914573405,0.7720934650195768,normal
0.6986272293261719,0.2828270942316821,0.2604278835624466,0.3051691636584143,0.1501653074615043,5.5320143890518265,3.72003195398952,4.682067721801952,0.019537239476103,-0.1146777758007812,6.4339,3.27102,15926.3203125,0.8792988986269377,0.5912891344739696,1.2586095441413356,-0.0159457532755517,22233.39265492235,0.7317675754508627,9.299078944231985,2.4875231736121166,12644.13603567241,0.8717887134299981,0.7600155608639314,normal
0.6812835286425781,0.2909046520218057,0.2455912831944884,0.3211714181268846,0.1415479591740492,5.6700835137380645,3.816825269713309,4.801260947138024,0.0215338443684256,-0.1215288861230468,6.02301,3.27102,32329.4765625,0.8570001948885897,0.5768909738409733,1.257920027211164,-0.0111713440818161,22136.017690105014,0.7299531612546666,6.551310159969274,2.2352873305901024,12609.176436059866,0.8483395923076867,0.7196800638767722,normal
0.693972837215332,0.3065713300237568,0.2306451305838544,0.3162378392270289,0.1459440329432207,4.6970831703524745,3.212768314227216,3.9990326006648593,-0.1216256658234322,-0.1212170338686523,5.52721,2.77522,16021.6875,0.86380956501295,0.5908390163318621,1.2447310884372835,0.0262198029088129,22116.34709156975,0.7206497091882041,19.642337242388123,3.3688147640557595,12696.011644344984,0.8552621792806858,0.731473395307948,normal
0.7023787323349608,0.293713311698856,0.2073072897969363,0.3379009844149012,0.1604259740239489,4.791997419707234,3.29085815938263,4.081701036803019,-0.1908922684147738,-0.1163761833203125,5.433669999999999,2.8669,10395.0234375,0.8711709411802284,0.5982682687202182,1.2403150908116782,-0.0427774045099204,22999.265474036147,0.720819803497942,5.180320493282796,2.02649245316356,12636.482331087696,0.8633628395481485,0.745395392712642,normal
0.6769805675185546,0.2953342578941795,0.214590440371702,0.3269889129661044,0.1625926427057273,5.003105788732668,3.3869847521679226,4.234833520419216,-0.1011444122522853,-0.1202498407548828,5.417339999999999,2.8669,3433.21875,0.8464460898930738,0.5730240616651465,1.2503255344473008,-0.0225860740020749,22834.526539740345,0.7453730105448855,7.048639415832872,2.18514382529306,12905.971543329611,0.837860942456264,0.7020109588936988,normal
0.6950455424916993,0.2970408965761264,0.2460709759174735,0.3094155271518505,0.1470169566974747,4.806120591190416,3.2593458586600854,4.072064097920319,-0.1286769176022835,-0.1115488752143554,5.208019999999999,2.83027,15449.484375,0.868355223021199,0.5888886777389366,1.2493501072004496,-0.0168974429675437,22168.85590581056,0.7497288633078719,2.794919495591333,1.6012677935896915,12777.798498914364,0.8611606364590805,0.7415976417866086,normal
0.7358297685292969,0.3038850121172742,0.261355683530144,0.2960039081915072,0.13837057347338,5.105498046406031,3.501702299369897,4.352052793950668,-0.1341176160716393,-0.1085984442539062,5.84456,3.20237,12016.265625,0.9145180618513004,0.627239491797334,1.242839174173597,-0.0259355268072579,21929.40134013372,0.7133556708322486,12.888101414562222,2.9252883896597988,12347.126060228076,0.9080471702273456,0.8245496633578899,normal
0.7206480835878906,0.3122583776544624,0.2287897956394363,0.32450711371293,0.1338628098846546,5.173108792272239,3.6056820387385335,4.443736232609349,-0.1930322356845839,-0.1114637282578124,5.84456,3.20237,27084.28125,0.8881454231389648,0.6190416881979761,1.232425983452499,-0.0293176032644387,21866.829476661704,0.7459654762493807,9.8540881264027,2.7544666127644546,12617.341407805296,0.88112322062556,0.7763781299255594,normal
0.6993226095722656,0.2957666462413068,0.2190345400971082,0.3309170163292236,0.1537285102216212,5.7187144052883605,3.9805560116965375,4.919918150657846,-0.0067521004411728,-0.1188051848457031,6.3419,3.44061,27084.28125,0.8643541228637531,0.6016404660492065,1.2359876701146952,-0.0674391615977195,22601.20707891821,0.7590113185534254,9.28124669838932,2.452227643833286,12752.170895365924,0.8561503242803489,0.7329933777653466,normal
0.7001431629853516,0.3340361555101296,0.200997504424376,0.3186280866263999,0.1462799101260892,5.775185075695065,3.917545548175118,4.914152107591151,0.1978546123524047,-0.1158067277216796,6.3419,3.44061,15258.75,0.8782565404000764,0.595757530694531,1.25439565339075,0.0115331177533008,21765.35727724873,0.7159856353233294,5.139448099673221,2.0186172088423606,12856.92407751021,0.870587935001346,0.7579233525699078,normal
0.6889401255786133,0.310375944906293,0.2361256972855165,0.314887388618718,0.1382922694375706,4.8286048601359335,3.2290224262821887,4.076029099976656,0.1584202715360518,-0.1095282456733398,5.45669,2.80814,29373.09375,0.8696563941902435,0.5815634290524543,1.2623105577714084,0.095372430991469,21824.44408132365,0.7362008366779503,7.576875671948645,2.52178932767549,12561.533153283182,0.8627315963587382,0.7443058073556967,normal
0.6891363108276367,0.3131919854366402,0.2401469169921359,0.3076706880491053,0.1377781806716577,4.698955262228752,3.171203872122387,3.975889757875924,-0.0590867874902154,-0.1262980371625976,5.433590000000001,2.73993,28419.421875,0.8640031074906109,0.5830934424986267,1.253747762112496,0.0169532444362629,21753.00769148429,0.737734964665422,4.076769113637493,1.8178330435729615,12648.541320879633,0.854722279785842,0.7305501755623073,normal
0.6894348575573241,0.3157446783443561,0.2403157594703895,0.2982035367246175,0.1454250368428967,5.012342175252332,3.4193554693529147,4.256210674343539,-0.2072551099019626,-0.1301573328991211,5.64541,2.93438,8869.1484375,0.8581675775742929,0.5854309018422664,1.2447406280192892,0.0048751560459328,21780.241833640142,0.735469515349492,4.525811294000704,1.872882421291296,12907.848700541026,0.8482397419906224,0.7195106598923176,normal
0.6714453091115234,0.2961221420377879,0.2162701235762068,0.3303650044792467,0.156596048810076,5.237078353335897,3.521433896729682,4.4307555055178245,0.0743135272751858,-0.1032273109279297,5.90939,2.97501,6389.6015625,0.8448291483656303,0.5680667347863887,1.2582248128049829,0.002031423978863,22610.361422530717,0.7465353152430371,3.15706928186294,1.630710280093387,13203.121082130509,0.8384989041178197,0.7030804122067846,normal
0.6796982726762696,0.2749956489901851,0.1890094734832931,0.3735131145475651,0.161663594292685,5.784423059183817,3.859786631614309,4.87194117319347,0.1784509143507766,-0.1021966985473632,6.00455,3.31145,28037.953125,0.857936024980486,0.572477145277691,1.2622306977512483,0.0776228684643824,23350.19972451111,0.720930067238583,8.568332260722213,2.5691275409509218,12767.643277773308,0.8518274812221878,0.7256100577653366,normal
0.6969906792940919,0.2778417134389282,0.2191064457867113,0.3607084794328008,0.1419194650184154,5.682715846465573,3.752443587342066,4.751067838315739,0.0861934720278525,-0.1230330844168457,6.51502,3.31145,12493.1015625,0.8824782899256238,0.5827231361672944,1.2661263861080505,0.0623877282841682,22729.665010934277,0.7227952673494147,4.705250915185223,1.9138817818782083,12442.6817723834,0.8738597097526185,0.7636307923289306,normal
0.6870313927822754,0.3188004985939465,0.2178194335047299,0.343101833012539,0.1194995359472501,5.592315792764228,3.666081201354872,4.662916474640965,0.0382676628707456,-0.123698920385498,5.94876,3.20357,10490.390625,0.8738404372538333,0.5728521275828213,1.271907581566304,-0.0096987292484359,21650.83520332488,0.7071168625928065,8.268633709765414,2.337413419160409,12473.01198640128,0.8650408585005872,0.7482956868754329,normal
0.6570949750902344,0.2967420056073575,0.2487020347714389,0.3128856831658899,0.1400022255996244,5.192633838613104,3.4497553371230727,4.3632048770518885,0.0719162891720297,-0.1178732353138671,5.49871,2.86704,16021.6875,0.8310850248269986,0.5521359851488691,1.2647867604114176,0.027491310382614,22029.43601681068,0.716921715809459,11.92659790759703,2.8305608861637093,12563.180532568384,0.8226835472332813,0.6768082188883346,normal
0.6722151531655274,0.3201080317511123,0.2422634914862276,0.3064770476645022,0.1305055950505632,5.376672049177852,3.609352384757256,4.547710633424578,0.1270753592444213,-0.1272850578793945,5.92408,3.05704,10490.390625,0.8469774281143233,0.5685747562876655,1.259979671874136,-0.0211860567180936,21380.37806867955,0.7177752987510975,23.2879886065426,3.940674664777428,12321.653761660697,0.8373585120937107,0.701169277775793,normal
0.6777791889001465,0.3152810440963985,0.2379755869424046,0.3052295604807785,0.141041685291776,5.330990116016443,3.5811002518008044,4.510377494712923,0.1065800924521687,-0.1325049786472168,5.93412,3.05704,27847.21875,0.8536594300767555,0.5734469457775621,1.2594948975373754,-0.0611009350836291,21778.424948402797,0.7410396994728231,16.100238274610764,3.292520843248356,12592.187066708691,0.8433130220699023,0.7111768531926717,normal
0.6798977839196778,0.3080906893164424,0.2404615720122733,0.3007574522737161,0.1505016391942044,5.060458829842773,3.4065558674722505,4.279849219722956,-0.0247711417448979,-0.1226219222019043,5.76734,2.90986,28324.0546875,0.8541941225109538,0.5750190047668876,1.2563566799503896,-0.0800380989658467,22030.39168574186,0.7598740132296551,5.857894224493313,2.0494850530219715,12627.959006830724,0.845346948375499,0.7146114631277686,normal
0.6965209787758789,0.322771449917848,0.2227551052386444,0.3108510877571458,0.1432226029205285,4.91134760747242,3.3496590076728805,4.177706183543844,-0.1213019170437808,-0.1138647185805664,5.76734,2.90986,10299.65625,0.8687033496050025,0.5924768989213396,1.2472034239826206,-0.0289207214335689,21749.79477982008,0.7354176697339294,7.207270485085672,2.228957190381549,12676.741548028072,0.8612086480508191,0.7416803354775197,normal
0.6915765076918945,0.3184602359167908,0.2377519542761692,0.2947104602616968,0.1484995544782053,5.133633778788247,3.480470865317765,4.352938491284271,-0.1229244959671067,-0.1136699459145507,5.50687,3.01039,10395.0234375,0.8649375663499925,0.5864052890641877,1.2506751700353194,-0.0082482881339894,21801.09975630641,0.7327242425784094,24.785400378824523,3.736555647619356,12884.18515693531,0.8574357918113933,0.7351961370792309,normal
0.6775668341992187,0.2973611204908735,0.2378414925964908,0.3142777410497299,0.1496102781168618,5.272968326160206,3.5414257848888653,4.442941785304212,-0.1173052907605383,-0.1151434463378906,5.50687,3.01039,28228.6875,0.8500502856350187,0.5709099341759515,1.25456300800149,0.0173544620284148,22253.400536059784,0.7602376558225784,11.03800731608808,2.6621146017482498,12951.441243572644,0.8422158125288376,0.7093274748736101,normal
0.6531412939526366,0.3367886425323715,0.2096066929097469,0.3087032803903822,0.1443179671303013,6.405911476948793,4.299935778250241,5.404512059921871,0.090980994633286,-0.1343170398266601,6.17494,3.52991,28228.6875,0.8209215630277192,0.5510394598336434,1.2568820416478663,-0.031379335520034,21682.152364867223,0.7544215850731627,7.439176353828039,2.346556815119264,12824.13745665226,0.8098587194419018,0.655871145456077,normal
0.6662659866616211,0.3394687778829691,0.2445397368236601,0.2923915061808508,0.1232780111988174,6.2894968238537645,4.198574592004438,5.29804923359047,0.1210270274892404,-0.1519474649399414,6.32106,3.52991,7724.7421875,0.8407400946793204,0.5612388556445947,1.261868550264611,-0.0759934924899145,20829.879946744582,0.7277316714435126,3.758518601727225,1.80236641088766,12379.267240636382,0.8268953226979325,0.683755874699718,normal
0.6854354936289062,0.3067503477944056,0.2315027427189193,0.3118428233140415,0.1492497781915754,4.816791800741358,3.247318828636039,4.072082677281262,-0.0406786533782841,-0.1277530885429687,5.37262,2.79115,27847.21875,0.8595244715075785,0.5794624545678746,1.2539830217384742,0.0585257380116433,22153.73620037506,0.7457741016815741,5.89108514423258,2.102656313257244,12807.279879681286,0.8499773323378186,0.7224614654881145,normal
0.6917206264335938,0.3193940849690282,0.2397693668786621,0.2977177096753857,0.1428482313619233,5.705360730487466,3.824338868786698,4.808559804193316,-0.0387984462629895,-0.1189955567558593,5.79599,3.32618,16117.0546875,0.8697398724646116,0.5829920590692976,1.2573571456859078,0.0083597057799188,21846.078679388887,0.7246517452663688,5.978800503503157,2.2098580504647374,12546.754859243592,0.8615610850236458,0.7422875032271219,normal
0.6921188564311523,0.311478428843097,0.2398051541568313,0.3143902646842949,0.1328974610584181,5.688134270336303,3.83045251115978,4.805793064432811,-0.0714622299704812,-0.1248364998618164,5.89809,3.32618,16117.0546875,0.8683517130963995,0.584757644935717,1.2546280238252367,-0.0663693359054943,21980.68708432231,0.7320100887233929,7.028110118384744,2.3500660165741225,12428.252709771416,0.8593314528979504,0.7384505459397024,normal
0.685211455253418,0.3049104691100449,0.2240685380608132,0.3265179510064884,0.1439294264325304,4.84720900210368,3.2718070833970025,4.104674518262106,-0.0100032562676428,-0.1068434089770508,5.41353,2.81257,28705.5234375,0.8596380924390589,0.5802452501592874,1.2545588458107886,-0.0652533796793662,22300.01745483521,0.7528524720354187,4.793959791358872,1.9570970673835757,12732.7301195975,0.8529725294113677,0.7275621359304265,normal
0.6879806850546875,0.3265314968288306,0.220018883246807,0.3052634713792357,0.1475243560579625,5.361784189528503,3.5738807907333383,4.510126617513038,0.0810103624693003,-0.098104784961914,5.91545,3.10288,10395.0234375,0.8682102682454912,0.5787028888741709,1.2619689580042168,-0.0241033992176653,21720.62756273897,0.7266668081879322,7.050191124212649,2.336174651839928,12909.127124622288,0.862649709357445,0.7441645210544843,normal
0.6887993944956055,0.3422629393857275,0.222048101359972,0.2908293683595621,0.1447143138991092,5.319121964049523,3.5966062505364005,4.504765864772833,0.0073634995075804,-0.108979447864746,5.8073,3.10288,10681.125,0.8627244084718014,0.5833443979986752,1.2525045976609168,0.063534937173124,21268.96166238464,0.7352775834450168,8.707879290051256,2.405889791673653,13193.735480410744,0.855813580703248,0.7324168849161148,normal
0.6905403369506836,0.2843461762793223,0.2622983586906602,0.2902096891664028,0.1626037332941275,5.1374184324877,3.506962510226439,4.379758629822075,0.02559609887592,-0.1258030892895507,5.97477,3.0244,15926.3203125,0.8623987257293831,0.5887003442963649,1.2488752352072563,0.0444940459616396,22411.77858632691,0.7517053018866424,6.887895029131272,2.3042364796460086,12961.846761496025,0.853173572530742,0.7279051448648692,normal
0.6942252520463867,0.2890928325635472,0.2556842701893977,0.2970411520301736,0.1571671520101697,5.118849151016294,3.4956001981095155,4.356511076318376,-0.0909651690543684,-0.1134070305581054,5.97477,3.0244,28037.953125,0.8652019191541558,0.5908359302597416,1.2462841370344515,-0.0050436653662629,22410.55786935758,0.7448739821458218,8.070907500038297,2.348853196017856,12793.101208337235,0.8577372594961858,0.7357132063280272,normal
0.6812872615629884,0.3302426719490159,0.2204257163533529,0.2957984750749601,0.1531887655682622,4.993303861713776,3.381747890250648,4.226102794575449,-0.169473048580302,-0.098782970934082,5.63345,2.87919,10776.4921875,0.851391083380435,0.5766102123438206,1.249680026934893,-0.0261332922969918,21980.42083324327,0.7303045245699173,7.640943678393333,2.3382934514246214,12907.569408019946,0.8456410003737681,0.7151087015131472,normal
0.6686430895888672,0.3312390684073881,0.2199807603397183,0.2908153554264599,0.1575208370622715,5.549317621101681,3.715081195310584,4.67721875645639,-0.009653560033779,-0.1270012132314453,5.8816500000000005,3.12739,10108.921875,0.8418093267914559,0.563562984412331,1.2589815701364155,-0.0286886892092549,21937.061828531656,0.7393314104352259,12.640815153806674,2.8003393336082576,12948.431074619522,0.8321740409979305,0.6925136345108253,normal
0.6769580112832032,0.2960625357595261,0.2218498110804851,0.3093946260625884,0.172605195014463,5.4774380020795785,3.674072317784143,4.619769539431105,-0.0894707642530705,-0.1288850703457031,5.45107,3.12739,27847.21875,0.8512053464114037,0.5709585391587539,1.2573975523207224,-0.1466346596929123,22760.989871730413,0.7706944821884545,3.7450755961851376,1.8002321540251638,13142.75615726402,0.8413912172119108,0.7079391804013409,normal
0.7112579325634766,0.2626998754778007,0.255126742643098,0.3263089884317896,0.1548403705269426,5.710204122954496,3.8385473955520415,4.82886705758249,0.0219868090302579,-0.1169964295654296,6.76482,3.43457,27847.21875,0.8947577419468222,0.6014793737746333,1.2579933396622878,-0.1531080156328274,22808.593941497915,0.746726176869512,15.19102922794868,3.1121481771640216,12593.074012522917,0.8870756744735578,0.7869032522427176,normal
0.7229415027392578,0.3100191328378505,0.2271082558611734,0.3254537473400966,0.1367309110490523,5.598035866240167,3.796811510536788,4.750826985290317,-0.0244169069805884,-0.1196641107861328,6.76482,3.43457,28514.7890625,0.9045932331558976,0.6135312602608913,1.2512675364858057,-0.0709031809144665,21927.29349999901,0.6866081766108025,16.936560561906173,3.344147801055928,12458.61571635996,0.8966434174526704,0.8039694180612038,normal
0.7039949466503906,0.3178697225549299,0.2128478828193198,0.3138014361853511,0.1553182187807704,5.095555997383345,3.4414314411495988,4.315201429291842,-0.0740054329344213,-0.1248909077050781,5.90039,3.03788,12207.0,0.8827373294948471,0.5961822422440266,1.2538972526648282,-0.0608985129499998,22051.22081541486,0.7360185024731515,9.318918525944577,2.6175258188877346,12966.489959421382,0.8738577996769816,0.7636274540562957,normal
0.6868195368987793,0.298921729056149,0.2260915595222656,0.3251314695598382,0.1496730528508235,5.240234995981011,3.500171004203171,4.419530658236573,0.0302028783114933,-0.10692214245083,5.89793,3.03542,28896.2578125,0.8672204861862245,0.5792526484648132,1.2626613536679752,-0.0189809697716777,22410.666297635817,0.7477381174213911,7.96868021864509,2.3481542604337124,12829.41314233162,0.8606038735183545,0.740639027114796,normal
0.6900635529485839,0.3348529924619416,0.2342196261599801,0.2994903793134203,0.1313059622222396,5.230133796114121,3.482361274531621,4.398754269849355,0.0214638553230765,-0.0987601036861816,5.87461,3.03542,27847.21875,0.871655684377051,0.5803713859586638,1.2631527641947458,0.0497050811883236,21374.68090877493,0.7367452812372074,6.539319801050237,2.151543732961306,12677.379167363692,0.8660427668578033,0.7500300740267196,normal
0.7139841239716797,0.3342419517356404,0.2084250223740261,0.3291182027753039,0.1278385384482326,5.142875823776968,3.4382745580081604,4.329522038675769,0.0076194641604856,-0.127629769133789,5.94316,3.09121,28037.953125,0.899058509681897,0.6010664277967713,1.2592135868241776,0.0301206143417105,21418.24137174113,0.6990974726583047,21.23667927639585,3.6893488074559,12552.515206274578,0.8899532829661844,0.7920168458622894,normal
0.7253995796455078,0.3237543569425835,0.2493742132753496,0.2897289820696715,0.1364509903320858,5.099130813130183,3.431952863126112,4.3070744561594925,0.0273004473473363,-0.1347303008037109,6.23983,3.12435,27465.75,0.9103708951159892,0.6127220725451575,1.2549923113560035,0.0081934727831419,21555.22296839213,0.7127752209094944,7.444616386862458,2.454044760863066,12638.638344126108,0.9003459961146211,0.8106229127196292,normal
0.7200615195747071,0.3169119297337224,0.2476117546617494,0.2876789445797559,0.1467085115432772,5.109212292731844,3.4814452471746247,4.339004258754652,-0.0668274810105709,-0.1290269434135742,6.23983,3.12435,12302.3671875,0.8974290210468121,0.6115130515215765,1.2463227052833823,0.0113064378473433,21561.228636584638,0.7268884256743783,11.00300847562854,2.687401513401152,12794.682194351317,0.8881052278251659,0.7887308956903898,normal
0.6981084764309571,0.3178744913366552,0.215836360777134,0.3283316103348876,0.1376125844756647,5.590674090516108,3.805477999910493,4.7512816589157145,-0.055193332526001,-0.1179640440475586,6.13708,3.31691,26893.546875,0.8716145514644983,0.5932933929428529,1.2485374134412204,0.0078415315589715,21684.77119687615,0.7440173202239698,4.818410666360231,1.977144313818945,12759.38677370596,0.8635950501459606,0.7457964106366042,normal
0.6935118079841797,0.3198668408770247,0.2159984367121836,0.3404136698675974,0.122944427526947,5.675169140084203,3.781741495878656,4.782773648283239,0.1539697071286894,-0.1074269384123046,6.13708,3.31691,3433.21875,0.8770853332029095,0.5844601135448778,1.2647013693282605,-0.0329542923258511,21736.534209238314,0.7146645244872356,3.886039144756343,1.807761975239196,12559.784922777746,0.870481553292784,0.7577381346230179,normal
0.7128177593398437,0.3211215885842799,0.2220115107839441,0.3113965428666577,0.1452346600171128,4.971175988442842,3.346454935847873,4.205142142889441,0.024699984561979,-0.1062282830722656,5.74905,2.9975,16021.6875,0.8957239997139061,0.602976037655615,1.256596076595308,-0.0225291283104658,21818.103531412275,0.7156334195293309,7.055919527649031,2.279725255590685,13080.095173640926,0.8894026284754258,0.7910370355389964,normal
0.7022017554238281,0.2963584785069109,0.2387948394718465,0.2965331485615079,0.1679111753845453,4.630234555117887,3.127265157603319,3.924370707869765,-0.0245067542421906,-0.1153971522031249,5.354290000000001,2.7557,16021.6875,0.8811852724736396,0.5951534349278423,1.254889019668973,0.0132897536526181,22316.828372570693,0.7575558529413322,10.775901215065511,2.5446304803749844,13170.578568045512,0.8735965783402837,0.7631709816878514,normal
0.6965174977734375,0.3476223766857642,0.2231584838127247,0.2756718067529937,0.1528527199170698,4.8770395855619615,3.301331924028853,4.135172496322375,-0.04280325556608,-0.1041676953320312,5.50875,2.88022,6294.234375,0.8724418102391414,0.5905672794878748,1.2525770178467623,0.034000340776549,21385.34970559545,0.7355195226204873,10.589799706169474,2.63617075489919,13067.130083993416,0.866200787059538,0.750303803502563,normal
0.7178504102001952,0.3406049416887061,0.1991727184251065,0.3192840797817152,0.1402734830910488,5.332373318057528,3.628480754587413,4.529523078621925,-0.075031406455444,-0.0932221781396484,6.40324,3.25152,10299.65625,0.8961105817880309,0.6097697603033655,1.2483249560839873,0.0509461424167985,21609.6720276644,0.7243653942186218,10.716589418883665,2.6668580796470174,12940.699673628682,0.8912484503747441,0.7943238002953827,normal
0.7164215209248046,0.306931882286423,0.2187848611946589,0.3366876088760462,0.1371733782143509,5.351756456086442,3.6302528726206087,4.538557127377639,-0.0827203722405212,-0.1118647087138672,6.40324,3.25152,26988.9140625,0.8956731429160172,0.6075612794939713,1.2502041280946203,0.0378223044486741,22126.63483646952,0.7279219112953486,3.915098428517801,1.8518230887279277,12725.831472382784,0.8886600395457296,0.7897166658854177,normal
0.7153806409785155,0.2794629143767149,0.2592587240713504,0.3062519135298169,0.1541189221461184,4.769476682872591,3.2555343195416144,4.050626804824351,-0.1430326955269012,-0.135026527390625,5.53878,2.89774,3719.3203125,0.8900965910898484,0.6075593178609967,1.244227953767874,0.0438368619493184,22248.869939162152,0.7397678808717744,5.225802939073041,2.070911299493676,12696.415598289186,0.8797953048127716,0.7740397783705976,normal
0.7178617300244141,0.3269403234221292,0.267563855433268,0.2834344409700142,0.1212590486664931,5.384146868891313,3.651951343034924,4.563845463510887,-0.0340855519951457,-0.1127872451513672,6.33458,3.27621,28228.6875,0.8971121716198257,0.6084919449224881,1.2497005120879134,-0.0042741167358495,20841.7285973723,0.7107383039387961,8.070336962679836,2.463964414932297,12595.641734992863,0.8899939807659403,0.7920892857996049,normal
0.7004899670243164,0.3636392560473959,0.2207211032325003,0.283124661435134,0.1322389853537429,5.561401800715466,3.697981462291117,4.677026301914573,0.0763969562021196,-0.1086708620479492,6.33458,3.27621,3433.21875,0.8859454903730628,0.5890978780886719,1.264751148594693,-0.0249910011616961,20749.21041638799,0.7029230383342654,14.830287516764418,3.1516910607418804,12781.12800785847,0.8792553984219388,0.7730900556541223,normal
0.6856916786600586,0.3400245719372841,0.2100626737000036,0.3075983883361488,0.1418769272117505,5.217355063634046,3.495314792187453,4.3957074204108615,-0.0829035866697491,-0.1210583222969726,5.59343,3.0141,29086.9921875,0.8623257644023826,0.5777065128284729,1.2575998677532338,0.0067408787181654,21430.19705279368,0.7460294144005588,12.938025216929416,2.86462408552591,12982.552017683223,0.8537860426095027,0.7289506065547956,normal
0.7110917134277344,0.2610252110409292,0.2570647286930402,0.3403285241929487,0.1412191107275226,4.741051241974589,3.216832561427657,4.021140938651355,-0.1070414797443679,-0.1148709262304687,5.58634,2.8594,29086.9921875,0.8888867994829592,0.6031151856542886,1.2500311601132077,0.0003978673430918,22545.93803343959,0.7396885668969134,13.4362528846124,2.925131404791904,12674.985879428628,0.8814331583291003,0.7769244126020127,normal
0.7171699160312499,0.2977796629070637,0.2424566842554458,0.3140699761261257,0.1454862418564804,4.803302320696472,3.2453158198928174,4.071071491895624,-0.0062591522078125,-0.1161735188144531,5.77905,2.91965,10490.390625,0.8996504999924558,0.6078422312540709,1.254445396944473,-0.0495804322519042,22297.889204662624,0.7210700737886012,16.91127051628681,3.313445854647401,12456.014786648588,0.8921181175511143,0.7958747356629436,normal
0.6853384933755371,0.3177397073731543,0.2519249694845542,0.2784689317985679,0.15181476991414,5.207993447500713,3.520476685228212,4.414738161135364,0.0626618430047334,-0.1004415808579589,5.785819999999999,3.02559,10490.390625,0.859426228469361,0.5809511917592683,1.2540171561594031,-0.0090601606218861,21598.778951759494,0.7484979111921887,11.272015557570445,2.576816685734858,12674.881077654887,0.8535367191959725,0.7285249310158244,normal
0.673930996746045,0.3314110869198947,0.2275242379062567,0.3010014670037476,0.1393879208831841,5.320659867858903,3.580104636664979,4.489465560433515,-0.0003084657454017,-0.1043033055087402,5.785819999999999,3.02559,10395.0234375,0.8451121704695388,0.5686493922073491,1.2540040071609877,0.0977779096316527,21497.441935126604,0.7446211630216862,13.779631229812631,2.802580875948676,12786.937340149156,0.8386509411761756,0.7033354011356852,normal
0.6798765066039063,0.2934091098387863,0.2515939166346937,0.3173034452680959,0.1355646214508598,4.7608420332229215,3.222065736833596,4.0267901205696255,-0.0873532282312075,-0.1191839996908203,5.42788,2.73772,28037.953125,0.8496785055324244,0.5750495355433292,1.2497541792945703,0.087361879729393,21920.93450927605,0.7479172913797141,8.907122470841294,2.479847730467069,12628.86160207823,0.8412780378575876,0.7077487369815126,normal
0.6989973320068359,0.3160543900887403,0.251765616357614,0.3089164055019873,0.1229675181648637,5.243195881771932,3.532953245035549,4.441304505536567,0.0458972433888926,-0.1182780831005859,5.88186,3.10446,6484.96875,0.8787152800174581,0.5920930802514385,1.2571082031095144,0.0389705248279513,21509.05199207938,0.7216509675129961,4.638993974290189,2.0008853225122234,12547.752871107168,0.8707185758867274,0.7581508383942106,normal
0.7024020281003418,0.3060764461187216,0.2625462877946916,0.3071061716362847,0.1241002503335294,5.200877933244293,3.533789911381217,4.419776532246162,-0.0432045671972054,-0.1218702690778808,5.88186,3.10446,10681.125,0.8785072338345634,0.5969107600384397,1.2507185325339978,0.0261082698345482,21735.82929710073,0.7438265879651548,7.937237030759297,2.3710744364832186,12465.7066430296,0.8700129869229202,0.7569225974145413,normal
0.6846140618649903,0.3274167533837643,0.2400885170414562,0.2964492257022846,0.1357397326860338,4.585867719008256,3.1488724741081664,3.911970479695104,-0.1485471234214297,-0.1331273854987792,5.28828,2.67819,10490.390625,0.8505234880172545,0.5840094316063673,1.2423400794606851,0.0460235801741448,21538.805573858008,0.7172847569968523,14.89475046658558,2.8253115249342287,12658.525770302937,0.8400400602943269,0.7056673028992962,normal
0.6863097101479492,0.3432650577083889,0.2104888646475466,0.3299820203714849,0.1160179878673878,4.801170177507059,3.2351280131754665,4.060761429995233,-0.0235165163299915,-0.1355661739926758,5.29161,2.78694,10776.4921875,0.8614620468339539,0.5804709887303099,1.2552088861576018,0.025387516647378,21082.54697706609,0.6945009516556611,3.859033161009811,1.8729657327914264,12424.08508640674,0.8507283177397664,0.7237386706043331,normal
0.6963976881606446,0.3084480787459979,0.2129141029568644,0.3428442694604219,0.1356312527735221,6.011578289834332,4.06804348386788,5.095752126019974,0.0256596275151927,-0.1151159716538085,6.20847,3.54867,3433.21875,0.872328433575626,0.5903058779091098,1.2526297091531955,-0.016770303205532,22046.943613617677,0.7256295778455115,10.688144591319968,2.774834151658345,12698.140346468452,0.8646994906293775,0.7477052090947048,normal
0.6910327807963867,0.284693645233853,0.2398500422894751,0.3282521575621979,0.1470406420400426,6.045723001579748,4.113882246200764,5.135313546066953,-0.0172268607199086,-0.1001111442719726,6.20847,3.54867,27751.8515625,0.8626085501784241,0.5869719798728344,1.2482889005414524,0.0364929301901316,22141.555150549444,0.7003749646139418,9.133116149501095,2.6100331799699914,12677.416010052506,0.8567795922134694,0.734071269633479,normal
0.6714160508450684,0.3332589482769799,0.2085758811586845,0.2974045838027981,0.1603721435731373,5.810839216626641,3.894609275753603,4.8918401576281365,-0.073677071022439,-0.1233070285406738,5.68948,3.28446,11825.53125,0.8433349194867463,0.5652298880688569,1.2560541536433254,0.0223075289974719,21828.982803064977,0.7411126340291266,11.819080430027704,2.8061946274155627,13161.595261427492,0.8342716363021018,0.6960091631381864,normal
0.6729803598182129,0.3488585032458361,0.22855602906307,0.2787595459368218,0.1436107239760875,5.791249716555789,3.8798687901805535,4.880469321403683,0.0333352673723599,-0.1304218728858886,5.91885,3.28446,28037.953125,0.8465389366549052,0.5671418365211432,1.257895456092618,0.0104456423905405,21289.813075282986,0.7385559683932061,7.270405033331357,2.2607497912856407,12877.255212650658,0.8364318898426546,0.6996183063457546,normal
0.6916551660791016,0.349902153244399,0.2284694360482198,0.2927820879058918,0.1284047536179255,5.312658334880771,3.5842307514861207,4.504585742722089,0.1276294178190893,-0.1182945691044921,5.9473,3.11562,10967.2265625,0.8692576499736179,0.5864521683135722,1.2567789450649525,0.0087352849705564,21143.496219556426,0.7452306687782818,4.974804556364467,2.0037236483688345,12565.65407160118,0.8611708639741822,0.7416152569580393,normal
0.7039955064316407,0.3098215163275199,0.2240077691015216,0.3285891951581918,0.1373807883761241,5.412779799228003,3.682418657637144,4.604944165669601,0.0296351380513693,-0.1224326009023437,6.07354,3.24186,10967.2265625,0.8803616050762049,0.5989270061313726,1.250521625540645,-0.0290471312599118,22065.281446358986,0.7073453067196812,4.769981668633372,1.9982426933591104,12530.225672030509,0.8718066379241666,0.7600468139286389,normal
0.6977973243798828,0.294276876449047,0.228981375300761,0.3322821749536039,0.1436041091690332,5.461514961649796,3.714105080668265,4.645847564521646,0.0003116696347169,-0.1056188163720703,6.044420000000001,3.24186,12302.3671875,0.8728509101354516,0.5935825540649456,1.2508659457975635,0.0110051925686296,22120.927256676245,0.712960904207469,9.44104954806279,2.5813968281289377,12738.53030683809,0.866437174267384,0.7507133769524491,normal
0.6781311267313477,0.31122556394771,0.2084064980001938,0.322138092038387,0.1580030464910857,4.97310518117141,3.3727082290682904,4.226542459148127,0.0194344157447381,-0.1007113853194336,5.668710000000001,2.86615,10776.4921875,0.8498066851136344,0.5763300585017752,1.2531598264922277,0.0742371911628285,22380.39989750212,0.7624425286609339,8.767406734394443,2.355158435061281,12877.74495161967,0.8438178825616724,0.7120286189308644,normal
0.6789290004105468,0.2843033466558212,0.2338978288137062,0.3328846821066423,0.1486911716917027,5.001929658584508,3.377712397153957,4.226907376566116,-0.0809761705371427,-0.1046957619283203,5.56968,2.86977,28228.6875,0.8496194058493711,0.5737325784009752,1.2514112747218165,0.0877919622723041,22708.430130900422,0.7656762286726883,4.975184985792469,1.930885062497817,12624.17461377639,0.8431440756063503,0.710891932230087,normal
0.6921750116381835,0.2894815859926803,0.2211037668749475,0.3374253515652448,0.1512242424492604,4.906697563230874,3.314842409703392,4.146017917069935,-0.1231284650997528,-0.1040843958862304,5.56968,2.86977,27942.5859375,0.8657334634067215,0.5848679204328961,1.2507435964175797,-0.0159033158158188,22802.87468733296,0.7444147078503515,10.33917501621489,2.576020004929274,12687.238758269292,0.8594538196989967,0.7386608681951956,normal
0.6831198594594726,0.3118528273627333,0.2119381405387481,0.3223555769215689,0.1533040266904603,4.953767247794825,3.3786099936563354,4.218293407953479,-0.0799611733574634,-0.120108219980957,5.666790000000001,2.8816,11730.1640625,0.8528951271115875,0.5816987064304945,1.2485292519331117,-0.1123720567440379,22381.59702202661,0.7374158538318407,7.946577584098332,2.453220718053485,12774.697454516476,0.8443957089799172,0.7130041133436971,normal
0.6760866207619141,0.346998037923055,0.214192317698135,0.2755106847604661,0.1623548134531522,5.627744197057615,3.7778710035113514,4.7551007537717895,0.0548857270668685,-0.1093910139982421,5.84314,3.21486,10395.0234375,0.8509713531806515,0.5712519772453132,1.258672079949832,-0.1200675509909205,21909.941515209342,0.7454231773718342,5.154665502887292,1.9667629341894195,13125.286791399129,0.8439110438846891,0.7121858499905457,normal
0.6945633418600586,0.304776523786755,0.2211943758228456,0.3139431323845663,0.1587158908488518,5.482289879141073,3.6805419624223927,4.628605925833232,0.0504002118316613,-0.1086846340456054,5.84314,3.21486,12016.265625,0.8734746221678997,0.5864082474427058,1.257588141390693,-0.0624448067542414,22563.168944798817,0.7321359655218175,3.964939961471877,1.7970853032530258,12672.306377984334,0.866686544197917,0.751145565893728,normal
0.7005944290488282,0.3001322370146848,0.2440808804149916,0.2940484550254794,0.160674295012934,5.472738367573251,3.714376502109422,4.641158800555322,-0.0162540732564333,-0.1045624434609375,5.95829,3.25157,12016.265625,0.875401294982727,0.5941394931769464,1.24951221232408,-0.0264486783221588,22305.015873715474,0.7356025563492009,6.527045017067001,2.2516339950508204,12667.658240994866,0.8691341223740521,0.7553941226749137,normal
0.6876111100195312,0.294917301264378,0.240679441455365,0.3233132980994139,0.1406694635689699,5.583694288342746,3.780070151596376,4.728792121912691,-0.0511526703454916,-0.1061263717578125,6.23368,3.25157,28991.625,0.8601877398034047,0.5823330992150493,1.2509799903887118,-0.0345431849249775,22252.448359296435,0.7437169435889295,20.824458768425384,3.246644170441009,12600.123979005108,0.8536159211997,0.7286601409256124,normal
0.7050439902578125,0.3020269569427689,0.2312113586176038,0.3306033062609377,0.1357361378439138,4.978502663496244,3.382977103468506,4.22967934087281,-0.0491366097386669,-0.1213418282773437,5.89964,2.98211,27179.6484375,0.8815046359440316,0.5989973696038476,1.2502831711560196,-0.0296739445924805,22171.09271600114,0.7312697974273851,11.496033692171904,2.805000298676583,12559.93393875268,0.873113156412805,0.7623265839011313,normal
0.7240722193320313,0.3090377961395023,0.2444042003901328,0.3101099602501405,0.1361097487992989,5.924686844809068,4.004637913284292,5.022095728730765,0.0605886074404091,-0.1150093433046875,6.60879,3.63636,27179.6484375,0.9080371506091398,0.6137640849635804,1.2540698653606948,-0.0139645626107843,21596.467745402013,0.7340554919237228,5.878848961311588,2.1596623014809766,12610.7039259946,0.9007243295476092,0.81130431783899,normal
0.7083960484804688,0.3452809678885939,0.2181366127960629,0.2994818129382821,0.1365952632030231,6.082032645610292,4.065645787429363,5.133230214651964,0.163000424417818,-0.1069664677929687,6.60879,3.63636,6389.6015625,0.8944114146006821,0.5978856431532874,1.2625866794700815,-0.0106366105865639,21187.59394213572,0.7272938932038613,19.482967506676264,3.398596493424081,12827.72977375109,0.8879920908070572,0.7885299533358889,normal
0.7144983736699219,0.3210730583003892,0.2318143825799073,0.3090839590075364,0.1380030528287938,5.407795783390442,3.633031916613615,4.568603820934652,-0.03824991428427,-0.1089953576347656,6.07283,3.26426,10776.4921875,0.8984947214674209,0.60362116669159,1.2575182177846358,-0.0359458067057253,21637.30751190181,0.7269524859986999,22.08418097553945,3.471275899424622,12737.58905953862,0.8918591685456219,0.7954127765188879,normal
0.709852301977539,0.3086976824483873,0.2190220982032162,0.3311503854197612,0.1410992214508141,5.412508470171104,3.676132015952552,4.598505901729522,-0.0750809285100224,-0.1205935104169921,5.80997,3.26426,10776.4921875,0.887960493756689,0.6030955919957772,1.25090880353979,-0.047547151659844,22257.519538892386,0.7343708128377389,8.6313158057841,2.529088867523845,12620.232752547874,0.8797335072156395,0.7739310437179295,normal
0.6899258696816406,0.3096754459966572,0.223253482101284,0.3252891828716527,0.1416920409153376,5.145535947156968,3.483873227429239,4.358221849816244,-0.0478442508012206,-0.1214696723984375,5.55256,3.00685,28037.953125,0.8630767550111931,0.5843608966839221,1.2509702751245595,0.0277007435295458,22178.091047607548,0.7352685536731102,4.846670473026532,1.8978220580961656,12582.352528110909,0.8544861635673612,0.7301466037280671,normal
0.6844834664697265,0.3137469497515556,0.2277094305749512,0.3059507436482025,0.151741136630271,6.889751571998398,4.579240495379502,5.779526013101979,0.1541795536883849,-0.099296084008789,6.74928,3.95599,3433.21875,0.8638965356791442,0.5741847087895144,1.2621145403770726,0.111735598269207,22076.422182468712,0.7290640834314145,3.7058670583895417,1.7645933877851454,12946.306361355868,0.8581710272777487,0.7364575120589465,normal
0.6766170764111328,0.3641381370903962,0.2274995313920282,0.264934513861701,0.1427542063033514,6.950093402625811,4.643914309155325,5.846719123589222,0.1443006293680064,-0.1036677306689453,6.74928,3.95599,10681.125,0.8518654171117876,0.5691995446428662,1.2590066772038853,0.0883957100077314,20839.0400410962,0.7446638441996812,8.002073615046102,2.2958427376400645,13044.359048754844,0.8455339676730859,0.714927690488991,normal
0.6759398186621094,0.310180975142911,0.221559192187087,0.3260722804967719,0.1418301277135402,5.693184979663022,3.8225631896156016,4.80183281172032,-0.030503282838934,-0.1269719429492187,6.01248,3.24575,28419.421875,0.8491030334874318,0.5701114598584701,1.2561814085284473,-0.0446757654954834,22100.73634709761,0.725172375527081,8.174486966390987,2.3954480256316,13041.50572388515,0.8395558868718979,0.704854087181259,normal
0.668223259088379,0.306944314677975,0.2432625177631003,0.3087357183257164,0.1402051314522268,5.8083530900079126,3.8688689602659982,4.897120768385581,0.1892702251836651,-0.1261159901821289,6.06174,3.27237,27847.21875,0.8458208415968198,0.5633903361745424,1.265775816829135,-0.0851922529454949,21945.496503844744,0.7349699279440558,3.221414533557658,1.7354176862965405,12738.616363732935,0.836365741228043,0.6995076530999338,normal
0.6862540248549804,0.3046737545299396,0.2227452131276827,0.3401623976066154,0.1317173775195127,5.625980144229056,3.802427381741377,4.76845290734946,0.1054233193217522,-0.128134181612793,6.06174,3.27237,28514.7890625,0.8606002617468451,0.5816533148195855,1.2540549571694062,0.0185889662598577,22204.036215649725,0.739835031630569,9.921141747319188,2.6351752952657943,12588.04264070821,0.8510078977431162,0.7242144420211583,normal
0.7093626270913573,0.3072633184583663,0.2206646794693407,0.3568865640443832,0.1145615304555907,4.9907838395546,3.3601676947165653,4.2182797425760485,0.0461747810252717,-0.114004415304248,5.70153,2.99229,10490.390625,0.8905180550080861,0.5995631340080331,1.255377744750286,-0.0001215110539302,21942.406774961863,0.7097718530715579,9.963522670064204,2.5793339637706785,12497.017110382823,0.8831904661999705,0.7800253995865214,normal
0.6998909592349121,0.3516632594341604,0.2208544903791044,0.2957265918132387,0.1310086205787021,5.0516601148477465,3.4063850755256504,4.275365984539979,-0.0095257761983478,-0.1003941871060058,5.39026,2.99229,10299.65625,0.8784356241750648,0.5923379506877583,1.2551035451798511,0.0109476655159883,21076.766266907565,0.72491676003799,6.143479630299993,2.215810019263024,12864.12856977692,0.8726798685744733,0.76157015301516,normal
0.6937253870175781,0.3205779494962485,0.2376617568750585,0.3021776600893676,0.1385912275083922,5.0436216995005685,3.467737422844729,4.304282437806098,-0.1563846822732117,-0.1061264219404297,5.5153,2.98599,10395.0234375,0.8610773065829385,0.592032903715931,1.2412365507983347,0.0624138460372423,21423.767803972896,0.7467821820444208,5.770469883643647,2.11036492154316,13007.44986376742,0.8545123231868863,0.7301913104782496,normal
0.6982692056552734,0.3097040223806255,0.2300826950319635,0.3243767671713211,0.1354772958971011,5.940921837143676,4.039395344849175,5.045890569803321,-0.038113699372396,-0.1095218690546875,6.34207,3.52339,10490.390625,0.8722567857817736,0.5930712600814159,1.2491697739458894,-0.0071885720286131,21684.442389215248,0.717590553138019,14.62356073057375,2.9927168003382283,12616.169191033036,0.8653536043382026,0.7488368605411186,normal
0.700764820008789,0.3323740367706205,0.2119283680897556,0.3207858531471107,0.1346949138374723,5.943346171266283,4.011275858886698,5.027920779407576,0.0200854382157964,-0.1112514253798828,6.34207,3.52339,10490.390625,0.8783714020052196,0.5928293420016809,1.2534467726193832,0.0318644683529151,21703.330669794745,0.7276764030627849,16.705470025984233,3.313401690435247,12736.759569758702,0.8712975612335658,0.7591594402115593,normal
0.6957374219667969,0.3140897769321327,0.2206537003042976,0.3215381440357544,0.1426833685586002,5.635768499657627,3.821000077428266,4.776428426985766,0.0513351243835877,-0.1098391279042968,6.3165700000000005,3.32314,28419.421875,0.869704248275401,0.5896516154277595,1.2500466710800364,0.1006358830337012,22153.033913344152,0.7317340143488573,15.975308271836386,3.182610220003747,12758.844906555849,0.8627403117100207,0.7443208454495038,normal
0.6918608185644533,0.3311745088961121,0.2152253619577286,0.3127844573243749,0.1397079063325799,5.672789764067085,3.832175799842838,4.803191495791316,0.064162475146229,-0.1076378427929687,6.17759,3.32314,3433.21875,0.8671679415480589,0.5858034826267715,1.2533849558750148,0.0801975267454157,21511.797722726697,0.7218153624393172,9.382943624209458,2.633287552641116,12928.066129641256,0.8604616979549838,0.7403943336475738,normal
0.6824577607519532,0.3077035075859939,0.2155560966031201,0.328304482520074,0.1481056467420924,5.065485852863152,3.417561845196572,4.28682941018431,0.0195884680311797,-0.1069335504199218,5.747260000000001,2.92558,3433.21875,0.8560430308267695,0.5775517067817655,1.2543531337141725,0.0648063624650979,21998.713602660668,0.7519170839216578,12.358149890850791,2.641190516650365,13040.790332230396,0.8493379106231345,0.7213748864216715,normal
0.6994567318164062,0.3330265919981028,0.1990963286634646,0.3122799760705952,0.1555654540108581,5.136905401571286,3.467071828228205,4.346473286639244,-0.0515823109912876,-0.1140147333789062,5.65944,3.04017,28419.421875,0.8768696325376198,0.5918290804167947,1.2536438533667311,0.0282251154052451,21999.192970780863,0.6955027818642657,8.29381925138635,2.4808161564859788,12981.404610086816,0.8694256684957016,0.7559009930391976,normal
0.7199892676393554,0.3261989395590241,0.2212004529100566,0.2925647152530141,0.1598846758506976,5.568488512754089,3.7614735030691206,4.720500919608739,0.1202507598857556,-0.1287627312161132,6.71399,3.39871,29277.7265625,0.9035581394437237,0.6103469536150753,1.254960566851558,0.0297629603283346,21754.669380051208,0.7358623498472019,6.058789410594384,2.176281440235365,12857.12803880841,0.8943363295789623,0.7998374704047703,normal
0.7106830901647461,0.3075959911580644,0.2106907171588252,0.3224359484102314,0.1590538866697582,5.64538686432589,3.803674083382704,4.782314433866905,0.2313401525811782,-0.1146935616008789,6.71399,3.39871,6294.234375,0.8935334430592016,0.6020331434639132,1.2572881716547784,0.0392914294116059,22353.22374823052,0.752405546647809,3.3876803132482447,1.6597873039410471,13039.194644899411,0.8861418626791857,0.7852474007925369,normal
0.7054286200839843,0.3390176459656003,0.2368771230073099,0.2899748211475832,0.1338957577628577,5.363333829505579,3.604316702022672,4.525730753056077,0.0292838545185869,-0.1075759610976562,6.22715,3.19258,6389.6015625,0.8857656704274589,0.59526035512399,1.255641811530137,0.1143991528853711,21038.28797315037,0.6997834014175237,7.507766408439743,2.366152012823408,12761.128243093732,0.8792088690986466,0.7730082355017212,normal
0.7042369268017579,0.3023892249196394,0.2132722761370147,0.3367389286445496,0.147021966204714,5.233525932863099,3.5043772516992444,4.404909600648134,-0.0047922280411922,-0.1137519986083984,6.1366700000000005,3.1021,28228.6875,0.8852072072137258,0.5927361476363102,1.2569735745522912,0.1385199682293328,22276.781332435432,0.7488845880043958,8.895342245381883,2.438881739936952,12809.881322465686,0.8778680325172566,0.7706522825157192,normal
0.6846080797866211,0.300797768216999,0.2228722792356112,0.3182319754690102,0.1578482617455122,5.393863148966854,3.5876962852116705,4.531205651219985,0.011229904748041,-0.0922136523159179,5.71093,3.1021,27847.21875,0.8646495559801767,0.5751165564135938,1.2629847375591463,0.0290629050889034,22316.592630721367,0.7476832086575274,6.711391493216951,2.188623360181644,12976.592222562973,0.8597182660518943,0.7391154969832756,normal
0.6834270763131347,0.2991420804467326,0.2289379394147442,0.322561907638296,0.1487687806798579,4.623681489636433,3.11485601716068,3.905625183010767,-0.0808486459628667,-0.0799657271077636,5.29665,2.66921,28228.6875,0.8569288549115973,0.5772910625402712,1.2538702147044685,0.0374560695607742,22256.926356341417,0.772637230642659,7.769636032263827,2.196825803692256,12702.492708960275,0.8531896300754177,0.7279325448682281,normal
0.7004033159322753,0.3356245613678674,0.2060626171277765,0.3149442848475948,0.1432040555666671,4.73372201626048,3.232062117996548,4.0204121481804656,-0.1684803332079032,-0.1098861226546386,5.48512,2.81591,10585.7578125,0.8712425371779343,0.5948617156493903,1.2439154946293516,-0.0215510186527994,21769.240011332164,0.7300364135888339,11.791982638390046,2.787796100190156,12702.323426813457,0.8642850216428455,0.746988598636174,normal
0.6856955522924806,0.3113512517250433,0.2166670234850153,0.3309432928178316,0.1409372374507329,5.090821859991336,3.4194190711867973,4.295856944312722,-0.0643388961374324,-0.1198582384643554,5.76156,2.94565,29277.7265625,0.8614474969801337,0.5786197358720805,1.256311921668535,-0.0707094358127681,22066.994325122552,0.7482477951046519,4.301764717814289,1.8913404228797308,12795.661012483952,0.8530684572328056,0.727725792725559,normal
0.6784241343740235,0.291265385775117,0.2395703852538995,0.3195036400897872,0.1487975343601799,5.3020424900306935,3.525013068916836,4.462739231400678,0.1528898782185961,-0.1049025354912109,5.992559999999999,3.02763,29277.7265625,0.8588989432967771,0.571030882097377,1.2660206201085051,-0.0117737900914675,22466.81255638961,0.747353390132124,6.915003854159448,2.2462612103082,12880.387390363829,0.8524686814445651,0.7267028528438355,normal
0.6848594046527832,0.3015997514802107,0.2315313638929334,0.3208505207943565,0.1455175028846579,5.24739618571076,3.4955196860882256,4.420805174654757,0.1288451102659755,-0.1097659763335449,5.992559999999999,3.02763,29182.359375,0.8661458872766834,0.5769775890458912,1.2647061300352744,-0.0130397466845978,22178.35249352248,0.7256956380780896,6.8318492883219015,2.335534355984,12735.6839255702,0.8591624575630948,0.7381601284858568,normal
0.6788350744359863,0.3137578731815247,0.2265376757293987,0.3017644773725258,0.156438866621224,4.93077062960892,3.2576946868403867,4.137691327063078,0.0941354441096518,-0.1031016903101074,5.58441,2.80881,11539.4296875,0.8622078709052515,0.5696492923709126,1.2701286415137305,-0.011096290885102,22227.031787624168,0.739200356380746,9.482538613110703,2.483310034970972,12983.463320427403,0.8560212930214794,0.7327724541061655,normal
0.6945784979985351,0.3185375227665429,0.2137727898839735,0.3272128998542161,0.1393709853364928,5.669276866868429,3.756657970960641,4.769856840582744,0.1820933295710554,-0.1090754563940429,6.13111,3.31304,12016.265625,0.8819115356282489,0.584384936174416,1.2697075106262632,-0.0332938926417861,21832.33399871123,0.7398699103949902,4.119975119061451,1.8812934367074812,12685.579031657977,0.8751402753196811,0.7658705014866072,normal
0.703761650640625,0.3079097405936783,0.218325393638489,0.3383405287081667,0.1351934420268267,6.320514608127256,4.226237048127962,5.339762399072491,0.2012434608091244,-0.1236379350117187,6.83295,3.75792,10490.390625,0.8891881731207183,0.5945591827551296,1.2634791513736248,-0.0689720116384829,22181.11914624503,0.7307254802525914,7.252119226160431,2.252831979517982,12593.809682741192,0.880550548375162,0.7753692682437986,normal
0.7052366103076172,0.3236605632537075,0.2040361549690053,0.3297242399505493,0.1422027671163984,6.2994324881013055,4.2353867988062825,5.328594609347964,0.0922960915821451,-0.1253980727685547,6.86364,3.75792,10299.65625,0.8872672505517434,0.5965489759749237,1.2581128625252824,-0.0820460618790144,21944.38623853935,0.7131257162695409,11.730031246685122,2.689904727770736,12800.558692279386,0.8783612566863263,0.7715184972475824,normal
0.7035729745004882,0.3505706182308845,0.2008446934753063,0.3052287337314932,0.142491723116192,5.574708639194767,3.718476043387119,4.696513538408669,0.0501670092171218,-0.1044496357827148,6.41006,3.30434,10585.7578125,0.8886274811092001,0.5927377041317969,1.2630210558330417,-0.0674716045361985,21380.50957878656,0.7036664820830205,11.969674611902786,2.8310600530203263,13027.982306521488,0.8824676049393202,0.7787490737673401,normal
0.6941617759130859,0.2999002863470192,0.2169778100077761,0.3408470832469786,0.1415345278231873,5.635161530444901,3.767595407525493,4.760187199379482,0.1060340817814919,-0.1005523835986328,5.7025,3.30434,28037.953125,0.8770421562251153,0.5863789320231108,1.2634549850738646,-0.0192020291045764,22319.97110043917,0.7121437762563755,6.410370105105377,2.1533819537751917,12503.752262249029,0.8712589522918159,0.7590921619486328,normal
0.7109971615625,0.3242567069864571,0.1850974236997657,0.3595843340485912,0.1291896701524665,5.428452613499682,3.70603759614206,4.627149274084413,-0.0359717761494966,-0.1056751766210937,6.2501,3.28989,10585.7578125,0.8877109081205047,0.6060456329338819,1.24854353309886,-0.018068703196555,22186.34033441003,0.7125399061779396,12.766779858802876,2.984502913078617,12616.681885249896,0.8813985553892357,0.7768634134422316,normal
0.7327363591459961,0.3512969639551633,0.2066892559099163,0.3058746270502577,0.1354025277479417,4.737367060039747,3.2517931786040704,4.039938735195458,-0.1918903643938199,-0.1059510035004882,5.6589100000000006,2.96021,10299.65625,0.9103315732001008,0.6248639724309569,1.242372596688244,0.0066318337379009,21488.58414075388,0.7210155825018016,22.156437857322565,3.928650656474684,12734.057202213664,0.9041448766775212,0.81747795802221,normal
0.7295515071645509,0.3761927082613598,0.2131086603663155,0.2760144279568109,0.1330658880286419,5.1935438050857945,3.5182479784509533,4.40843445379188,-0.0413024074871066,-0.1281970062924805,6.05639,3.21618,10299.65625,0.9141424992493136,0.6192650183965995,1.2530198214546735,-0.0076804778530489,20876.42950024203,0.7021900535489055,34.82908843512304,4.449145142340092,12732.778739403497,0.9051088534046208,0.8192220365114273,normal
0.7014620033745118,0.3049499680979648,0.2498751462844548,0.2930315621267862,0.1506789458053292,5.385160901671274,3.660572724375687,4.584966804371407,0.1033496716051471,-0.1215416325815429,6.05639,3.21618,11062.59375,0.8786002197370691,0.5972300658652308,1.2525271725487646,0.010241630439274,22047.230048095946,0.7650434080472668,5.711756238055491,2.0784894149097743,12956.17579566818,0.870152847304104,0.7571659776714393,normal
0.7035551455756837,0.307571476015975,0.2382208727319546,0.3051894820413088,0.1488301326338859,5.179696096651042,3.5498280647544678,4.416668713946219,-0.0589172155267889,-0.1092221841206054,5.99313,3.10737,29277.7265625,0.8753578886967668,0.5999135744680244,1.2441922913953043,0.0278729826155449,22056.725055760224,0.7445998418590606,5.847557085355199,2.082749701073054,13064.920340373024,0.8685170970105227,0.7543219477995857,normal
0.7124358057187501,0.3389206288972647,0.2191105763191801,0.3066299811328418,0.1352161502376564,5.583254208162168,3.766043963757428,4.728383909061776,0.0416264173424014,-0.112454965875,6.51116,3.36867,29277.7265625,0.8944850438333801,0.603352431110039,1.255530725229296,0.057591401827708,21379.46876618335,0.7230589904271448,15.231462973324629,3.122311158473612,12760.396203966062,0.8873879502740932,0.7874573742916565,normal
0.7043638113051759,0.3279781687784978,0.1977699900061806,0.3407467021089154,0.1332481446491564,5.7194115422498415,3.8516614329995016,4.845351145562071,0.1385154040448517,-0.0984322662329101,6.55538,3.41289,10395.0234375,0.8860825540790572,0.5967204798585753,1.2579898908167346,0.0738988762010236,21892.411099272747,0.7066882423293129,21.428001748951317,3.597687699736552,12623.865685537156,0.8805983088829542,0.7754533816075189,normal
0.7132829356802246,0.3230257044529424,0.1931840805283838,0.3584151844659818,0.1246000766240097,5.621833696043338,3.8256515825691024,4.784763281551501,0.0261989525549419,-0.0956917056059082,6.066879999999999,3.41289,29373.09375,0.8921068545683102,0.6070777231283098,1.2507054493285326,-0.0534038682222206,22077.259935772017,0.714509276950043,10.539402043417072,2.6357856848011845,12524.526290104151,0.886959828541291,0.7866977374459964,normal
0.7074471399419433,0.3587977364759214,0.2113507445465277,0.2801629025278123,0.1487451459497151,5.293093428406573,3.5529250504715164,4.476461662223821,0.054958093289493,-0.1205365220600097,5.82085,3.16686,10299.65625,0.8913388137978646,0.5983004159730745,1.2599369811163734,-0.10631906823411,21474.230352709703,0.7166901735070672,7.163497455194774,2.340325481097631,13085.7019134338,0.8831510787131842,0.7799558278322609,normal
0.699021452465332,0.3230710356051142,0.2311266590505307,0.2916281254720382,0.1536127184932888,5.3877412001118525,3.580137017216012,4.53041890035136,0.1087925408616947,-0.1262440238432617,5.8528,3.16686,8678.4140625,0.8845639104792182,0.5877899257548328,1.265431707939018,-0.0524281712255576,21992.454345409096,0.7340378784352931,20.67288673518181,3.476467424875079,12946.963416103274,0.8755088567034307,0.7665157581661484,normal
0.7050651956445313,0.3084770058312168,0.2304095438654021,0.3163063128042773,0.1443509706467149,4.826776842925524,3.262455127519561,4.086345514993436,-0.0388727274301663,-0.1131661383593749,5.7194,2.88114,10299.65625,0.8831201924271447,0.5969076453623102,1.2525369254964365,0.0311623285178414,22142.982443169483,0.7462861445696005,4.348640826782736,1.7622583561056853,12875.29229223281,0.8758394255806161,0.7670946994013836,normal
0.7052598153662109,0.3403777215231271,0.2385707898054883,0.2818319711873857,0.1386104613225982,4.753496557074747,3.2207936684531053,4.024417580811995,-0.1327168102344882,-0.1104640802978515,5.6406600000000005,2.83826,31089.703125,0.8812299986180642,0.597088893601016,1.2495111438618969,0.0144184782229528,21227.38179744156,0.7094373566864779,4.386253603072409,1.931037767093128,12813.661158860154,0.8742791301571501,0.764363997428343,normal
0.7046425877709961,0.3263583034957309,0.2079028597472445,0.3079079231059777,0.15731906342484,4.684640572799594,3.190454913423473,3.9770516977477386,-0.1299410363230495,-0.1124699238891601,5.35316,2.8024,31089.703125,0.8783700368901072,0.5982102482464848,1.246546904961656,-0.003396918867472,22146.811075788228,0.7239295937669334,5.956411877774549,2.0784849296056374,13027.087321266024,0.871139735017692,0.7588844379266948,normal
0.7115750424047852,0.3288210521373459,0.225405904859899,0.3164664973218472,0.1289348882490914,4.7624352398024135,3.2570766467076626,4.051027408519205,-0.1884853603604277,-0.1148574271362304,5.49644,2.88261,8678.4140625,0.8850298327838914,0.6052806715161959,1.2437617679688588,-0.05052501384684,21413.35495140018,0.7160205007561885,4.306769653200406,1.8319305775939156,12720.380785953284,0.8775451990348578,0.7700855763491282,normal
0.726495071381836,0.321139997827005,0.2288478101244321,0.3219929133350292,0.1276567386710473,5.25333574096163,3.55660941420578,4.448440364300042,-0.107311350286003,-0.1101416315673828,6.114380000000001,3.23177,28037.953125,0.9086659859504648,0.615184362728056,1.2507531320510257,-0.0944671103385876,21590.254734239337,0.687115694725659,11.630908049330088,2.9046483745988283,12397.683918394589,0.9019660165543962,0.8135426950190053,normal
0.7308050066992189,0.3093959445458056,0.2212094669184267,0.3308924674293235,0.1382936755030187,5.183907798955095,3.5567502586648385,4.422205609396045,-0.1406513182817912,-0.1135340976757812,6.148490000000001,3.23177,28037.953125,0.9086300035058316,0.6234235108601698,1.2433275568400712,-0.0740693042002277,22002.84948411885,0.6782718080133976,9.70424631491311,2.8109201155682406,12476.93726358724,0.9015090082389382,0.812718491935954,normal
0.7185564195263672,0.3234839097773155,0.2454617540460932,0.2978379828313789,0.1330638663237973,5.069819926356163,3.457185867094313,4.317420199300247,-0.0857743644391915,-0.1225658909130859,6.019030000000001,3.10231,10395.0234375,0.8973512328417048,0.6119171972701063,1.2488250170156288,-0.061804513497395,21385.043230440344,0.7079832078269175,14.787250294754193,3.048760351962021,12566.123600654875,0.8889414139678773,0.7902168374672089,normal
0.712194271898291,0.323207953628756,0.245227638805066,0.2903995533733666,0.1404714860390522,5.147497186921288,3.4560824835500354,4.35598841834415,0.0532267303936797,-0.1300053244034668,5.98686,3.10231,12016.265625,0.8976377198073567,0.6026831851180647,1.2603832342189198,-0.0275721117058306,21595.44208261118,0.7162584644603218,3.721524445703273,1.854025054380182,12634.864328773005,0.8881734580855813,0.7888520916476999,normal
0.6960580319206543,0.3287085191520621,0.2134553895294459,0.3210827648189672,0.1365733348937597,5.073519577319058,3.407240809058948,4.295044181518464,0.1390680837179738,-0.1258290514473144,5.89401,2.9896,26893.546875,0.8774255086554046,0.5892556349570174,1.2605637294843035,0.0338251246283829,21809.013603596293,0.7012877271153286,6.347072748786262,2.207472295989762,12433.853627264443,0.8683562477756837,0.7540425730510645,normal
0.704663145008203,0.3360614507463449,0.1992757521101434,0.3217122861599098,0.1428156321537314,5.008439534111408,3.372500937561816,4.242594523607727,0.0966209347355513,-0.1100725716771484,5.89401,2.9896,10395.0234375,0.8864638010038217,0.5969124673740145,1.2579965438571394,0.0350310467907654,21748.934769493517,0.7426750719651602,6.6536053843527885,2.082973399299229,12871.650350732543,0.8796033762182375,0.7737020994545223,normal
0.7100422272612306,0.3252725993459966,0.2348142393068434,0.2965927478495828,0.1426862169108191,4.679593408680522,3.141651525178188,3.9565111653091,-0.0114361707474976,-0.1267981195649414,5.319089999999999,2.80929,10395.0234375,0.8942080232277393,0.6003277965963542,1.2593730188088554,-0.0660238447977638,21699.77024596329,0.7475732419855244,7.458931447159447,2.2818382850164998,13032.128070576357,0.8851724270895789,0.7835302256796558,normal
0.7100186695141602,0.3336806417473423,0.2483962421434899,0.2917980422954817,0.1252262312878951,6.399149925913912,4.302044376761575,5.428195293283251,0.1572549735250845,-0.1258331370141601,6.64635,3.85412,15830.953125,0.895881042236306,0.6022862481143639,1.2617711064546018,-0.0517397581014702,21167.204205357404,0.7341873572987476,4.148753774753694,1.848825011555748,12451.368544915593,0.8869999230369671,0.7867688634675855,normal
0.7254300643237304,0.3401211971026812,0.2244737349924517,0.3110702213291473,0.1238466189347726,6.2282929801127,4.237531461814012,5.312876029742353,0.1671077977782507,-0.1141799369702148,6.64635,3.85412,10776.4921875,0.9095200908196018,0.6188083977915664,1.2537667454787476,-0.0227754815106521,21254.070535171424,0.7236774740715719,4.1749177819988486,1.871666174911017,12520.647550838512,0.9023246298300708,0.8141897375979745,normal
0.7220234301606445,0.3287264092100797,0.209875977603375,0.3292184033946553,0.1317016043784317,5.5280766430042885,3.70049961296643,4.657992884319168,0.0082928361074694,-0.0984652563461914,6.23419,3.36318,10395.0234375,0.9088448457650224,0.6083815795600558,1.2587470264819682,-0.0482607896418137,21720.774833469477,0.7219166653802223,20.569981949191536,3.3825029070657777,12804.057916808237,0.9034951836984668,0.816303546966326,normal
0.6903615694331054,0.2964479715607621,0.2264903124966211,0.3356481689840907,0.1410740524276635,5.225277416424614,3.4609815187763973,4.383934642371864,0.0296553902380787,-0.0916950346323242,5.8975100000000005,3.0265,9918.1875,0.8744629185624763,0.5792036974892094,1.2666738087413336,-0.0538034425771301,22402.972210749773,0.7575982549518735,2.0212289448593346,1.4094688770102446,12774.480940212645,0.8696421198197456,0.7562774165645808,normal
0.6725017306152344,0.3096170899655551,0.2311531737488849,0.3397035754088611,0.1187040251145551,5.310726680465478,3.5859641732256398,4.500360165960054,-0.0131171296752907,-0.1023717939453124,5.72616,3.0265,28991.625,0.843985007601905,0.5698843457962953,1.2549930642257083,0.0070866280501318,21672.143835209205,0.7026000228414025,6.116509954553353,2.1159109509331917,12533.94721207226,0.8377533699491789,0.7018307088612059,normal
0.6946809200136719,0.348831479384477,0.2246238189607609,0.2936707395759541,0.1321273512978121,4.6419305373772985,3.183969455731328,3.954909255238979,-0.1612583786193862,-0.1053862923183593,5.4470600000000005,2.7474,11348.6953125,0.8628851621219299,0.5918658148538963,1.24213165679712,0.049001114283092,20956.188923038942,0.7355436471033237,4.218696509981824,1.8895729620737436,12907.74561655591,0.8564254389038071,0.7334645324015785,normal
0.7019207043618165,0.320568914985872,0.2584279578780835,0.2721781502025188,0.1487931773632763,4.619918798178064,3.134881003245177,3.914117339647254,-0.1540868334673302,-0.0993283103432617,5.3089,2.7474,31089.703125,0.8763969021969052,0.5946857769628936,1.2485696699796336,-0.00850607569717,21551.09942985342,0.7391724790252968,6.66563947552998,2.1982740587487983,12906.663347078207,0.8707499164195679,0.7582054169446845,normal
0.7137473005512696,0.3492422307436673,0.2308491478563863,0.2804264478542901,0.1394740127418144,4.857532451382906,3.267758831901726,4.100456839191605,-0.045153286611824,-0.0940031040522461,5.50609,2.92669,10585.7578125,0.8956260699008698,0.6025054962148099,1.25482235688895,0.0181023967529929,21137.608897214977,0.7403959327517295,8.868160573460038,2.477261920373256,12680.66602364296,0.8906792203226818,0.7933094735146202,normal
0.6923407029248047,0.3617339260549767,0.2179754906197154,0.2779011265551505,0.1423304874338092,5.565587675851951,3.704657447332987,4.684543298261429,0.1492131570979413,-0.1114943151220703,5.8227,3.2433,10395.0234375,0.8754655581813314,0.582741695737195,1.2645010678744046,-0.0099006278361616,21155.293921949164,0.7465305743850553,10.917394618727783,2.8037858782619463,12667.176558406423,0.8683368938708125,0.7540089612572107,normal
0.6869001954047851,0.3282447892696255,0.2263553902555237,0.3003469860460994,0.1447985849404514,5.589232402498894,3.7448153849063774,4.721646640511942,0.1091713238983862,-0.1303598225913086,5.73381,3.2433,10585.7578125,0.8660774074663989,0.5802764613169334,1.260848975237263,-0.0573661807364234,21645.788773511053,0.7505490452488551,7.665157011338939,2.228361020708389,12941.671155293852,0.8562104836882584,0.7330963923776813,normal
0.7022720477211915,0.3107588830582262,0.2216249444345388,0.3142175437047331,0.1530315747176879,5.124893403582087,3.50245967146374,4.363422992476214,-0.1327434373210954,-0.1299463036577148,5.52425,3.06431,29086.9921875,0.8749022936556383,0.5979265827964685,1.245816769291354,-0.0663243768875724,22148.800390346187,0.7631675441503888,5.986364184848965,2.0220549922249678,12853.087934713898,0.8651982325511268,0.7485679816095938,normal
0.6983166729759278,0.3471759638498228,0.2259869019216062,0.2769006098750017,0.1498238455781325,5.840612907642544,3.9541566385166913,4.948499919490138,-0.0805507221164201,-0.1166091374342285,6.029310000000001,3.45562,10490.390625,0.8739208675598381,0.5916536594093166,1.2514678531669023,-0.1033844267396809,21214.347623237594,0.7339689147169983,6.366799469575799,2.0893049556368384,12962.616750414738,0.8661062243301253,0.7501399918233853,normal
0.6993261673685058,0.355034377825283,0.2131624494749582,0.2890158008435884,0.1427103813737021,5.837076975714735,3.929987524878107,4.941356639067506,0.0233609234921727,-0.0925715101568847,6.029310000000001,3.45562,10490.390625,0.8792954120400625,0.5920120660353068,1.2573466474860548,-0.0681838273273442,21094.307831536666,0.7091037537080364,8.802203662869923,2.455991022407015,12824.94853667897,0.8744089072865034,0.764590937141977,normal
0.701054569512207,0.3605728211397979,0.230326797808163,0.2870063579703757,0.1216469168629802,5.210977286577738,3.5126648088984784,4.410783602981932,-0.083953013350472,-0.0950845261821289,5.39913,3.0922,10681.125,0.88030033271796,0.5934011664116798,1.255680186680007,-0.0899505758382459,20748.51756465266,0.709821110880319,8.022062149239336,2.411184625208897,12613.011933746942,0.8751500492281715,0.7658876086640711,normal
0.7164129619848633,0.3292581697534792,0.2193847313704319,0.3215605742687747,0.1290833023305756,4.889682593491736,3.316970325895888,4.142443196139021,-0.138722335052289,-0.1101792352172851,5.529769999999999,2.9677,10585.7578125,0.8947020046669989,0.6069310110128757,1.2488635077011667,-0.0808362628005504,21758.69913522725,0.7051324342215622,15.713980905513278,3.066073752093032,12694.090082422475,0.8878920054162448,0.7883522132820808,normal
0.7247692334199218,0.3591709733871709,0.1889832898163528,0.3200229056662234,0.1317433186850468,5.7257982392459486,3.93050454004847,4.8940681205004655,0.0974912531322385,-0.103738258859375,6.702030000000001,3.54707,10681.125,0.9024464833606982,0.6194891702064457,1.245150099849551,0.0211696227513351,21390.90097575726,0.7007244753055888,20.02642105995258,3.689281819170202,12769.641314137194,0.8964641816486124,0.8036480289789163,normal
0.7040812340922851,0.3928458506600015,0.1821855321926871,0.2871720693753258,0.1369866998127574,5.907630984905404,4.027442541427724,5.037870388028379,0.2194327466354151,-0.1025782466948242,6.702030000000001,3.54707,10299.65625,0.880725165787857,0.6004217272648078,1.2508857261666757,0.0279368509964643,20821.762778285243,0.7238317482370012,7.92198381325171,2.466646719391511,13058.540473971529,0.8747311135183566,0.765154520957064,normal
0.6836659535410157,0.3294486213308636,0.2416462227170944,0.2698963265417936,0.1573235392728233,5.892413155734475,3.9303315869337583,4.96735281669436,0.1552319343134005,-0.1040759573691406,6.23859,3.39601,15544.8515625,0.8640517790636061,0.5763360291012546,1.2638508244973887,0.0182722769899614,21629.32159734221,0.7448190087275544,19.120524988241204,3.491289222904721,13202.954177400983,0.8577608477895686,0.7357536720006794,normal
0.7048091120795899,0.3261336589946371,0.2272307139780924,0.295072371020702,0.1501726706435082,5.684558071313506,3.831165144435584,4.818340089247468,0.0977265250014078,-0.1172170022504882,6.24587,3.39601,29277.7265625,0.8864170224905062,0.5974096767763863,1.2576696403300878,0.0382108917736007,21847.61876621717,0.7353070412766661,7.11210656813193,2.2979079022828803,13111.53837721626,0.8786326377641248,0.7719953121443438,normal
0.7042029421640625,0.3749856341943767,0.2188755854878427,0.268128303894494,0.1373486053527745,4.968171181892221,3.3485719523271,4.211456417501104,0.0758075331108458,-0.1117704246464843,5.815580000000001,2.96572,10395.0234375,0.8856670969662052,0.5969440044274904,1.2576872999770368,0.0340891766056656,20693.3393197144,0.7382257025579356,16.738000216864908,3.158239776976925,13068.342944715509,0.8785861248750119,0.77191357882289,normal
0.6950358210195313,0.3266796331712349,0.2351364214605617,0.3094918936589911,0.1284202431405507,6.02879564133108,3.9893963253435625,5.069364618979816,0.2824527767011235,-0.1193031327988281,6.48911,3.52339,11348.6953125,0.8831887615719828,0.5844268423771088,1.2707097028128054,-0.0322935542082543,21624.68595735252,0.729142807315389,7.380532356766512,2.176235750919285,12523.413486478368,0.8750937955850436,0.7657891510714381,normal
0.6838362100043947,0.3452281706804345,0.2242396387238771,0.2883552369436433,0.142119879792448,6.093094082681321,4.080681535901002,5.152388756917913,0.2554234647285365,-0.1121052253178711,6.19014,3.52339,10681.125,0.8634317500647711,0.5782595758720831,1.2626294680406327,-0.096588328309341,21514.494860933744,0.7011190838348281,12.740500638314789,2.971942935971636,12659.16637657662,0.85612312518489,0.7329468054763428,normal
0.6756296372109376,0.3136600268783862,0.2045784979717914,0.3368273668703101,0.1449172829821916,5.401271102955304,3.685783841729084,4.5954911226468855,-0.0260928931599022,-0.1104976059638671,5.91525,3.10485,10681.125,0.8423852654754287,0.5748369116856923,1.2468151470573048,0.001513573511488,22245.07305384237,0.7155305551118252,16.57316155017509,3.151580918864332,12564.889367228734,0.8351067084908146,0.6974032145663625,normal
0.6943650085820313,0.3221783991397142,0.1853945112677071,0.3397392259814624,0.1524256993162808,5.515083483485493,3.746545130934893,4.683862175949174,0.0580462332153093,-0.1170909436748046,6.3394,3.25231,10776.4921875,0.8680824296352293,0.5897118347779866,1.250181704011767,0.0680672707363798,22694.50799870718,0.7211836349201673,6.009224420100123,2.170014491557667,12784.559422937342,0.8601492984074024,0.7398568155507466,normal
0.7095547491416015,0.328550992039397,0.2063149574863106,0.3172722373478469,0.1476240689574719,5.413353733917802,3.647401564029135,4.583592744512737,0.0481215024289776,-0.1274995946816406,6.3394,3.25231,10681.125,0.8916786218645217,0.6007939181255404,1.2566734602837175,0.0059403096774522,22186.676830503813,0.7262063590185249,6.675034630074032,2.36899352236697,12647.89032336444,0.882516072401081,0.77883461804623,normal
0.6903421053842773,0.3161536003096405,0.2164417210905063,0.3332110614858664,0.1333604981137942,4.75134998218886,3.1579926636230544,3.989514732651168,-0.0191117969690242,-0.131500749083496,5.10521,2.75413,10681.125,0.8721141222792719,0.579652101050073,1.2633071566651894,-0.008597230786611,21924.45710319668,0.7317973887521428,8.964229951976655,2.52331605680682,12540.01961377881,0.862143024833713,0.7432905952694242,normal
0.6858695769199219,0.3301374621701308,0.2074872348018085,0.3135547036577127,0.1478466943143193,5.101149313352353,3.39679340911722,4.290334633611489,0.0041753014341558,-0.1200166778261718,5.5476600000000005,2.94261,8869.1484375,0.8662905409854597,0.5768523560558527,1.2630543329764905,-0.0042347747855284,21804.744252709035,0.7453074212774442,4.319778454215064,1.961130443667789,13105.92445401111,0.8579366517665796,0.7360552984444493,normal
0.7152973592138672,0.3020381202937223,0.2048629380151428,0.3332999031501619,0.1591292410774874,5.171306052061106,3.53175589008381,4.406894502538643,0.0063483266877328,-0.113360873930664,6.09485,3.15224,8583.046875,0.892541868154199,0.6095636128021518,1.247791364887924,0.0955472026643608,22726.435134141717,0.7359812810225217,11.772074809636427,2.804714041664703,12940.534053082967,0.8853136724742613,0.7837802986698637,normal
0.7156728159750976,0.3224820237076825,0.2249955257836508,0.3017516020637337,0.1502581461337921,5.1570369442139325,3.536374141195496,4.404582554536604,0.0877327887110248,-0.0963166687026367,6.17535,3.15224,8678.4140625,0.8913762724592152,0.6112502264574108,1.2455080765429427,0.1384353877519965,22023.460409482934,0.7405542762531776,12.58380049208028,2.876732623256371,12767.784654578438,0.8861572989223254,0.7852747584333116,normal
0.6874271751308594,0.3212533979547506,0.2151251021015902,0.3119618690084618,0.1510535863400939,5.176701899031662,3.518816252863168,4.397716746395016,0.0524174840070741,-0.0987261326142578,5.95737,3.02311,28514.7890625,0.8591269855424178,0.583983791024454,1.2497716363611513,0.0292829790408908,22073.0195345025,0.7432709932737299,10.289472415001784,2.658525137609613,12866.80743802818,0.8534356027411991,0.7283523280262338,normal
0.687560368168164,0.3087282206408244,0.2408452047002158,0.3051814579893258,0.1446311169352764,4.598607627824261,3.0708561531263823,3.86659866257704,-0.0422731385241132,-0.1172064326921875,5.31636,2.65852,10108.921875,0.8657259954340127,0.5781141195683671,1.2591272497868475,0.0546530792078752,21916.56097451033,0.7397076456182434,6.555940756743219,2.2064216389818228,12769.391539763596,0.857755298034226,0.735744151305784,normal
0.711264245990918,0.3280024516243776,0.204327730416331,0.3300881056779499,0.1371034473732012,5.810604536797913,3.8257346831256567,4.856436998583654,0.0337171918858927,-0.1187189304172851,6.11205,3.45421,10395.0234375,0.902888016577742,0.5944665444231958,1.269412910415394,-0.0221716854950553,21769.833410972045,0.7338084026070159,4.607556249437228,1.9178396064464136,12776.554580700244,0.8950489294112721,0.8011125860402645,normal
0.7055617128989258,0.316783415399067,0.2242749732706076,0.3340962384666922,0.1247033997234122,5.828334564645176,3.875994963863351,4.895687984269673,0.0258242426683721,-0.1089453338071289,6.07191,3.45421,28228.6875,0.8911802084895017,0.5926581533176432,1.2630790364572495,-0.0711867256282248,21522.579745910585,0.7196796198695884,4.482029845096899,2.015638694488617,12553.163517471216,0.8844959458612827,0.7823330782450452,normal
0.7070449684985352,0.3228856015901346,0.2142700638419622,0.3338713927819501,0.1286176487319313,5.683838381474534,3.825875591695713,4.803428567227031,0.0367229685429144,-0.1171149659399414,6.46196,3.39624,10013.5546875,0.8877026757931538,0.5975257866355672,1.255510915632791,0.0357724192024583,21896.189256554542,0.7017313780998622,7.438334884001534,2.4686398594447385,12395.884911143676,0.8799432512174927,0.7743001253632116,normal
0.7082775025463868,0.3240574980258253,0.1973683109310951,0.348021241728589,0.1291765578254992,5.676156930983328,3.812834046853921,4.7950697117865495,0.055478148086137,-0.1113803500971679,6.46196,3.39624,28705.5234375,0.890739003655912,0.5983344085258829,1.2576130124895155,0.0293234575753827,22085.37046575752,0.7105232023921695,7.110957205874586,2.383592540897444,12588.988410501885,0.8837479223433338,0.7810103902461591,normal
0.6989602324243165,0.3210704887326123,0.2314494168145344,0.3113463736729878,0.1351120075418829,5.811669077088305,3.874917101272791,4.898032593536286,0.104694215858049,-0.1074892341352539,6.12899,3.42353,3337.8515625,0.8835105140379585,0.5890786200296211,1.26403545302361,-0.1337297839006516,21525.429414054317,0.7406766948612035,7.54855512455293,2.331062577553638,12797.799737976924,0.8769474858625426,0.7690368929606344,normal
0.6925109368222656,0.3085033239727278,0.247197749825513,0.3116718003504196,0.1320834158052037,5.820282611939152,3.9400407169971823,4.943647555531179,0.1100416407083524,-0.1165679374277343,6.31105,3.42353,10395.0234375,0.8689072641384199,0.5882068325990407,1.2547199155086075,-0.1484928730976812,21746.506106828783,0.7600019189885626,5.191200258361441,1.949654699699762,12516.084438521766,0.8610526985245198,0.7414117496363577,normal
0.7193913317148437,0.3263511080963756,0.2422648215256496,0.2891661170110859,0.1420452394910166,6.139482770376307,4.216037702614304,5.235662196570617,0.0005027921988856,-0.1074430038242187,6.91916,3.76649,8678.4140625,0.8933719918264618,0.613486533128448,1.2418442542209855,0.0314444320595413,21462.14814813981,0.7271536956230287,18.17119964880097,3.1399103334578653,12710.550234111686,0.8868875445676349,0.7865695167092085,normal
0.7316726133740235,0.3230608288686476,0.2157204971440832,0.3163904440285447,0.1447622631465452,6.089457343244122,4.112853888436301,5.147780484267777,0.0119858297744457,-0.1032315219970703,6.77351,3.76649,27751.8515625,0.9157850247464084,0.6185263789028244,1.25163223005351,0.0312517361653092,21898.00392683676,0.7040078968926742,6.509098974913467,2.338634029344091,12840.106554529031,0.909948055888878,0.8280054644159487,normal
0.7197095337612305,0.3062129823592475,0.2273901265740601,0.3233857656038396,0.1427696785708728,5.74362532200472,3.893223500742206,4.858209924950073,-0.1113466769626119,-0.1193475389438476,6.4447,3.4965,10490.390625,0.8980989658912276,0.6087618540513717,1.24786309443162,0.0755731493580667,22151.51630932671,0.7081252527552547,13.27291741173936,2.888473457182108,12649.081991122392,0.8901336514720355,0.7923379174829391,normal
0.7184133324003906,0.33203596027368,0.2184022015054247,0.3147895490683086,0.1343988611374228,4.978004870559301,3.403814306789489,4.233690916950954,-0.130572399341168,-0.129484800258789,5.75006,3.04154,10776.4921875,0.8935681344111893,0.6109957862813962,1.2438078389018263,0.0528353788143807,21740.153992982134,0.7079711463558043,12.563466573074352,2.757677291200579,12646.456393280783,0.8841366960696941,0.7816976973370346,normal
0.7371900244350585,0.3432923606060373,0.2358586567999109,0.2907614709759204,0.1300679241422579,5.4466272437780825,3.701411944854888,4.631153280480607,0.1063018180979185,-0.1287018622768554,6.54271,3.41404,10776.4921875,0.9223615341560816,0.626817266391785,1.2511855879532934,0.0844051415965651,20875.42991212979,0.7151553451490121,12.434972238755618,2.948417637651103,12659.857342442869,0.9133381796121464,0.8341866303372295,normal
0.7381118437543945,0.3522328173926958,0.2193366589170771,0.2935641540037105,0.1346731913809953,5.448718769917414,3.695561236600442,4.625369486871445,0.0321259938676288,-0.1104430206694336,6.54271,3.41404,10108.921875,0.9238217909062671,0.6265766585071423,1.251601364648563,0.0560553054817304,20942.20751199817,0.719225611653581,26.691116572330028,3.825440361496784,12878.76831444424,0.917196293352014,0.841249040538674,normal
0.7069656703950196,0.3114110516329738,0.2226160124635775,0.3234033943890563,0.1422404629266136,4.857659675650795,3.228119330746821,4.087298890178694,0.0585244114691412,-0.1189543468608398,5.73668,2.88958,10395.0234375,0.8951279999093154,0.5948502350801005,1.2661548323968257,-0.0716375344771299,22029.93862825273,0.7130458256654727,6.3754474642548935,2.215282500208283,12592.263405811183,0.8871888184510455,0.7871039995845621,normal
0.6996243492719727,0.3444235076997031,0.2118615716083396,0.3067269375708253,0.1359750936919359,5.446956371518991,3.620709730792955,4.584646036601996,0.2061620858234922,-0.1227730197602539,6.097110000000001,3.20753,10776.4921875,0.8858843261366698,0.5888664753717345,1.2662285511625184,0.0243667932811399,21335.916806036414,0.7285902605380672,5.791439983897723,2.2111640117353786,12985.451141538097,0.8773356398286632,0.7697178249135699,normal
0.7117433639448243,0.3161300072401188,0.2368581094693514,0.3007512101473266,0.1457928403022564,5.434710124795278,3.692592183794926,4.614921847384631,0.0825382621570316,-0.1270659051850586,6.49217,3.28464,27847.21875,0.8895214625689675,0.6043818206631085,1.249778371854163,0.1050971447207898,21840.771983714603,0.7524772403179145,6.054429580546644,2.006508413332789,12817.193643846442,0.8803991640786223,0.7751026881103369,normal
0.7173453268750001,0.3364182339894037,0.2354022507164225,0.2812683544691771,0.1460927857885617,5.483678485269917,3.720428227116878,4.660475052599819,0.1428116633732084,-0.1325504459277343,6.23142,3.34317,8678.4140625,0.8985981709397922,0.6096582812030861,1.2526716732851542,-0.0084601582763651,21405.10845050986,0.736099181331627,13.356577021657962,2.833582503477757,12743.557436914329,0.888768278068417,0.789909052100699,normal
0.7145072839550781,0.3371486429256708,0.221887454781473,0.3100846443636758,0.1300149633934394,5.544975247366158,3.705619112863707,4.6789865898836505,0.1590236117303569,-0.1195126463476562,6.23142,3.34317,10490.390625,0.9021893233426236,0.6029188320701689,1.2626733745087266,-0.091636949070701,21337.816765029555,0.6937939707369766,37.22101286745216,4.984537376234286,12473.767466823889,0.8942383924415239,0.7996623025164009,normal
0.7168400702636718,0.3530544414833564,0.2244730304694686,0.2744272926978498,0.1471993955950248,5.542584035500523,3.659335586258967,4.636696716434161,0.0250625683405645,-0.1107279412695312,6.57409,3.32377,10395.0234375,0.908298766716276,0.5996787741441699,1.2670870454858651,-0.0294004917278482,21205.212191210183,0.7473866114496364,20.857146241815222,3.804562832284345,12936.58494878702,0.901524249613131,0.8127459726405191,normal
0.7217373422280762,0.3359962841033875,0.2257749778443758,0.2805221326717281,0.1572431713652788,5.345323082933498,3.573198020423033,4.50346657963676,0.0366832399489318,-0.1026119732632324,6.4578,3.25032,10395.0234375,0.9096389232901212,0.6080680156411113,1.2603462091651982,0.0290096541820688,21667.953259882917,0.7572266208552273,4.880351237803381,1.9406409758969767,12915.272685000762,0.9038328129180953,0.8169137537074366,normal
0.7068626666928223,0.285990388696541,0.2641018561655959,0.3081322365747848,0.1414656941538574,5.366124689481948,3.676658383736663,4.579913684148278,0.0202217703430815,-0.1193941458822753,6.44485,3.23737,16021.6875,0.8805196627242249,0.6032975727055905,1.2456728926481384,0.0626351751149682,21970.52431982208,0.7254708271163447,8.079821475641234,2.3321634204575368,12527.20649836145,0.8723874794912091,0.7610599143730248,normal
0.6868928069842773,0.2920929711113725,0.2348358457524371,0.3301062334002187,0.1422107247533283,5.383806345981727,3.6750192927042384,4.5858246992417575,0.023643383652721,-0.1142405536444335,5.9066,3.14997,16021.6875,0.8571301941879373,0.5850823372112968,1.247836904787324,0.0648286561447336,22261.678725834518,0.7227688631140601,7.370771390446114,2.4189693550592417,12632.099906499796,0.8494829402004872,0.7216212656916645,normal
0.6806006907421875,0.2924071365273794,0.1926274311857413,0.3550374945884847,0.1596629471493448,5.461312354645296,3.680946788804415,4.6282203983146015,0.0766890131961388,-0.1060103018457031,5.9066,3.14997,28514.7890625,0.8557499417216846,0.576778948986628,1.257345097297064,0.0255661983240323,23083.5682470877,0.7255259867848847,6.8085615390568055,2.289816441087755,12809.294707117642,0.8491582765652405,0.7210697786592495,normal
0.6770057397773438,0.3085611677864889,0.2260202730665721,0.3050710783110815,0.1601964383553397,4.982560077458609,3.350391100627815,4.21671461890246,0.0406888847447692,-0.1206624054316406,5.45633,2.85474,10490.390625,0.8520617188438278,0.5729464282658647,1.2585738477255113,0.0130773941848858,22425.573631651016,0.7355331080891674,16.85981301539633,3.1093369617745874,12979.949975262083,0.8434748109069699,0.7114497566345486,normal
0.6885619710351563,0.322824022115227,0.257750973926702,0.2877970306371831,0.1307668644585778,5.336989789774778,3.620222884906891,4.531661827488123,0.0363094769182281,-0.1243964931289062,5.9750700000000005,3.12033,15449.484375,0.861916544699223,0.5846610398202914,1.2517632122544502,0.0224470420129554,21125.175402397752,0.7333282527920643,7.859066821308659,2.3448583843755904,12481.402247665605,0.8528925152230366,0.7274256425234776,normal
0.7045828865800781,0.3194979798050172,0.2598882543891208,0.3008243634290463,0.119061440685705,5.176944632299271,3.5771675561916574,4.428620194205306,-0.0831504435560295,-0.1195796935273437,5.96752,3.12033,15449.484375,0.8722907023460712,0.6027358261728496,1.2380242537255162,-0.0042919691069155,21123.69268745122,0.7127192304071821,6.7027315845138045,2.168972020264797,12417.752476862766,0.8640554185324624,0.7465917662953088,normal
0.7165453734790039,0.3181616275325039,0.2300346923395733,0.3233113172836002,0.1278718130241884,5.127453118227666,3.48585831763244,4.350094376949229,-0.0622297711001937,-0.1240674594750976,5.83519,3.11704,10299.65625,0.8941958381478518,0.6079119453904286,1.2479263299214551,0.0577542836185846,21641.249895015328,0.7277836546815751,4.893061696084499,1.8927257850250017,12770.904184398987,0.8855469848970939,0.784193462460334,normal
0.6881757394871582,0.29045898416475,0.2334167270602827,0.3469925144562018,0.1289277688943133,5.207193057876599,3.4690452927233126,4.381337247149882,0.034698333529489,-0.1242337704246582,5.733280000000001,3.01513,15544.8515625,0.8691526761915022,0.5790317290885153,1.2629806985628578,0.0590665176835785,22265.41161929174,0.7023889689724875,14.397971054367185,3.2092892406951625,12350.117170492163,0.8602280772079715,0.7399923448169237,normal
0.6698695706844238,0.3236964585986939,0.2054071277594844,0.3193702768897232,0.151269250731014,5.221630849587474,3.498296787808202,4.411605078553714,0.0335048969537341,-0.1110659741248535,5.77987,2.9552,28228.6875,0.8447539414892039,0.5659534511585533,1.2610722720634946,-0.0331687791049611,22229.282789027147,0.7532255534736253,3.3633226540002923,1.6702923276644193,13076.732900825986,0.8374207849422193,0.7012735710532426,normal
0.6985858406538086,0.3469985250380654,0.2105344287483882,0.2948769107456466,0.1469269988842766,4.967259710642824,3.3847204982461503,4.230260374636594,-0.0330692493534439,-0.112652345449707,5.8767,2.9552,28133.3203125,0.8731001574668533,0.5949356732180128,1.24981084164219,-0.057966778741063,21660.135724375785,0.7388327718859524,5.076695946150341,2.1160395513388868,13051.02167411126,0.8658021333037497,0.749613334033324,normal
0.7038596809887695,0.3292603970618299,0.250054621728456,0.2664516735073569,0.1535599161256574,7.050777950948561,4.7846066217309,5.996962340661972,0.0834549307379646,-0.1051142798149414,6.99869,4.22102,11825.53125,0.8822083681506476,0.5986601803893334,1.2533867075769094,-0.084345312546556,21553.30536563124,0.7419551617339519,8.014956944966631,2.372563678771048,12941.129157973828,0.875923851150324,0.7672425930140149,normal
0.6939960401533203,0.3121646871035264,0.2672768198829802,0.2660227304912523,0.1537961231919842,7.195144018478548,4.823985823427576,6.082196087267985,0.1800701502376003,-0.1176615280332031,6.68859,4.22102,15449.484375,0.8750067173706676,0.5866484380520514,1.2608237896823702,-0.0746432874956693,21558.842585481267,0.7333537293246809,8.990270568300629,2.583152750551487,12725.2431836875,0.867059698212691,0.7517925202646829,normal
0.7021928379448242,0.3381476762006682,0.2380669944755528,0.2689515362651445,0.1544365464518297,5.100141956707367,3.4451473636282874,4.316036615910543,-0.0536087958942732,-0.1394262421333008,5.62554,3.03069,10395.0234375,0.8796982190068647,0.594236400815126,1.2527872280520016,-0.002646941422026,21649.605931780254,0.7455235996348418,41.18576991087946,4.891556022225931,12819.339395094186,0.8685788850348803,0.754429279528436,normal
0.6937590020053711,0.3506245887237331,0.2241748362093595,0.2723643807925872,0.1525162131442117,5.76491336301433,3.851554732065801,4.859540546868319,0.084581672853329,-0.1370305910581054,6.55401,3.37135,10395.0234375,0.8753218465083993,0.5848049723746768,1.2617088123948013,-0.0444959122361463,21377.5173710707,0.7378342416895868,12.985804265624582,2.9642490282971505,13132.3104654596,0.8645293240192261,0.74741095208914,normal
0.6754768216538086,0.3414905982195703,0.2216136302840848,0.2916660022290198,0.1447617600783488,5.903280375225636,3.945393945534688,4.991066890712446,0.2863405636622227,-0.1289015180209961,6.55401,3.37135,10776.4921875,0.8545027560088446,0.5710977262995305,1.2650363841008143,-0.0150814161973953,21608.967466981016,0.7261372359056186,18.31358054085668,3.4473278726160657,12784.1498067166,0.8447244276559036,0.7135593586785939,normal
0.6912389947363282,0.2830331181906427,0.2438832361469398,0.3263511872563003,0.1461183879326781,6.003008671446167,4.064088421867282,5.099104690042104,0.1666340905924936,-0.0963404557714843,6.59699,3.5247,28228.6875,0.8672793586465682,0.5871555736318594,1.2546736588224312,0.087022382045899,22364.895318798564,0.712044743805291,16.148681686922917,3.3301551756160856,12553.393697452066,0.8619118298968552,0.7428920025161454,normal
0.6935302528510743,0.2564940327827611,0.2366347679538496,0.3648529154028291,0.1412735390123728,6.003032748058668,4.058288097004689,5.082258467471467,0.0505944161841118,-0.0884084886918945,6.59699,3.5247,28228.6875,0.8685189212174179,0.5871532187026399,1.25231584007615,0.0505528560507256,22923.37263842178,0.6937314997975395,31.659183176930355,4.385351413955106,12229.886251902764,0.8640075553141202,0.7465090556398825,normal
0.6655506991028322,0.3051952388657094,0.2091445899376075,0.3376313554372115,0.1458090754797266,5.311846941679735,3.5457915597241394,4.469651979946874,0.0373525372482994,-0.0887360791213867,5.69442,2.97478,28610.15625,0.8389607651475813,0.5600274316374225,1.2605512491813282,-0.0693269067597629,22458.922666849783,0.7321632486843519,8.14487258318028,2.480009753028589,12819.37800811302,0.8342548014360949,0.6959810737191781,normal
0.6756228447722656,0.3313234833699142,0.1948498180627665,0.30919678363199,0.164063084893911,5.198232934134011,3.455048060867723,4.367865922287919,0.0481199316515135,-0.1028877823582031,5.70276,2.95103,29373.09375,0.8541212591001872,0.5676986848015537,1.2641983108017738,-0.108395227735448,22208.835209963618,0.7450420293800423,8.477186370243006,2.3179225924773634,13229.683881672769,0.8479016626285741,0.7189372294883003,normal
0.7098810238061524,0.2860860536728284,0.2192229422615417,0.3643892003219482,0.130267854655627,5.466042390163274,3.6870521826742846,4.621365961313315,-0.039500146716545,-0.125673733550293,6.032349999999999,3.28062,29182.359375,0.889767716176045,0.6001819535654948,1.253404001990923,-0.0213650788970391,22292.448783841624,0.7228201685391211,16.465233580288015,3.3196511649248364,12524.282080889794,0.8808477175111853,0.7758927014446649,normal
0.7052819131518555,0.2854009927344333,0.2556339372062907,0.3358630910324188,0.1220187276076824,5.502280356722054,3.7200713308089752,4.651501674471048,-0.0735619641627134,-0.1224835542241211,5.76842,3.28062,29182.359375,0.8818701869586433,0.5962291608772925,1.2503796999665384,0.0012839305215167,21694.05916075408,0.6954103742487303,19.76453429171005,3.585340678840684,12275.184647397244,0.8733228530109007,0.7626928055910993,normal
0.6918579840166016,0.3366557146082213,0.2205062733366505,0.2953816199301624,0.1471488146978009,5.747568288246131,3.862120722231228,4.855924304718848,0.0906494062273313,-0.1254051089384765,6.034190000000001,3.35961,28800.890625,0.8698873602426087,0.5845272002892868,1.2573206934643617,0.0452700647364026,21594.05444857398,0.7293342631055612,9.46227120986416,2.649235764972596,12885.504298894666,0.8608005449359235,0.740977578161983,normal
0.7026964798505859,0.3333150504434263,0.2303342957974748,0.2830831119440734,0.153105172957097,5.645790963964012,3.7992389708328815,4.781025800377359,0.0737360240505822,-0.1183511138447265,6.034190000000001,3.35961,11253.328125,0.8842849912290448,0.5950645394850321,1.2584167084728672,-0.001443711304248,21744.41538760342,0.7248796942292953,7.099998729549377,2.276965878849719,12796.835255967142,0.8763292529435864,0.7679529595646643,normal
0.7015610806279298,0.2885246241548387,0.2290288745411316,0.3395861857354382,0.1425164175809534,5.647537811819192,3.7808688423151344,4.765101845455638,0.0223330135148063,-0.1024923277490234,6.5112000000000005,3.34301,28800.890625,0.8841909464262133,0.5919411452197334,1.2603192663350444,-0.0230197475028349,22436.06711715122,0.6939028703378036,7.6411645451243455,2.4707914233757604,12236.33086230151,0.8782305804825232,0.7712889524946697,normal
0.7007126238764648,0.2870244497165335,0.2332196780856411,0.3499741313017592,0.1292577072523608,5.365660188462861,3.5760070914642585,4.521382792382159,0.0918659586610708,-0.0968712658891601,6.2509,3.16819,27656.484375,0.885957415342465,0.590456698471547,1.2643662824870965,-0.0294696676985715,22378.69827288968,0.699403955376627,6.577665746629416,2.328147633764278,12064.327401239429,0.8806455016891489,0.7755364996453327,normal
0.7033608394755859,0.2960453365121422,0.233438039566442,0.3355479974162716,0.1349223072317297,4.8515472063106255,3.2860289862903285,4.112099846440759,-0.0692127444170198,-0.1098001820527343,5.72747,2.89229,15640.21875,0.8801778718529111,0.5961582721977575,1.251388792855111,0.0012778588747422,22209.20751630849,0.708836524393406,10.80437233358395,2.551249786048181,12420.616138970356,0.8733023566444247,0.7626570061207059,normal
0.6922142242275391,0.3317742873958866,0.2388264169915394,0.2966755738308901,0.1318156489481266,4.82753935760862,3.2861459099112658,4.095812973453204,-0.1078265752618308,-0.117102884390625,5.37404,2.83518,11730.1640625,0.8627675330693264,0.5872929850963329,1.2463880441522457,0.0333622024561058,21367.737179093067,0.7317157852928321,6.17638199672046,2.201395689286696,12660.902880588746,0.8547834407532279,0.7306547305859271,normal
0.7058410199916992,0.3235247810283564,0.223822013656524,0.3181813274471584,0.1334494821517074,5.353427626522454,3.6646222400724695,4.564738955009855,-0.0451700987667798,-0.1144965013364257,6.02354,3.22198,28324.0546875,0.8792120412215486,0.6018536580260025,1.2456233292192174,0.0119449640252934,21755.713905397628,0.7277936229459343,13.489413965464706,2.8509910683626543,12567.214349313035,0.8717249363249165,0.7599043646106798,normal
0.7071043182763672,0.3121883043052362,0.1957346898360819,0.3623246385016198,0.1291911456047889,5.336964437432977,3.653031734746399,4.5565836846448295,0.0058482197458,-0.124765911040039,5.951829999999999,3.22198,28324.0546875,0.8820016451961308,0.6037102247489844,1.2473430332685451,0.0877729936102582,22323.614472194942,0.7017892406921733,13.4815625884737,3.105082500948598,12442.745343753802,0.8731325040170195,0.7623603695710306,normal
0.700178845625,0.3150061083228061,0.1803094728663709,0.3567831055757439,0.1475125219592276,5.044375652408576,3.407394107909953,4.27483637745186,-0.0209970824390941,-0.1188679554589843,5.723,2.99315,10490.390625,0.878427885125374,0.5933638186860327,1.2545764423106267,0.04239774448504,22598.779729455724,0.7299411972455649,11.2224274667042,2.746059726479709,12717.612668228188,0.8703481823562556,0.7575059585308379,normal
0.7041548604052734,0.3138621440516149,0.2264462838131141,0.3189969534733716,0.1405175056892927,5.057446112275274,3.402459889713818,4.269742593652746,-0.0469037120084254,-0.1198773008642578,5.6628,3.00656,10395.0234375,0.8836430398751541,0.5944818656006184,1.2548987297575096,-0.0264371079417413,21873.409149626907,0.7330205301261226,4.786463632116479,1.9238087107278303,12631.074649535516,0.8754738457871277,0.7664544546573036,normal
0.7056825498593751,0.3600252955565622,0.2261564946291109,0.255436517340478,0.1575013808968209,5.040809006880363,3.3994676014299223,4.26049928625716,-0.0947314934711429,-0.1239338407558593,5.6628,3.00656,8201.578125,0.8844208424681991,0.5964439430052297,1.2532842744155177,-0.032582472673718,21216.622748271035,0.7620858581855307,3.686878223331642,1.7540093004172763,13208.197242662403,0.8756943700330957,0.7668406297076603,normal
0.7048731805810547,0.3559628451286608,0.1997593277015047,0.2887723065880572,0.1547891891635626,4.685670639073233,3.169446134212368,3.9646990082617313,-0.161796836882079,-0.129604332180664,5.36747,2.79461,3719.3203125,0.8817344992343537,0.5964162262486163,1.2509122541838025,-0.0078320722635182,21479.43163856648,0.7595136934919071,17.25913049355024,3.041803385260456,13372.05820961786,0.8721573506082836,0.7606584442200606,normal
0.7157137627890625,0.3376758722099172,0.2007134844355707,0.324293098897431,0.137098785656105,4.925068348132546,3.3201450531662453,4.160126792025274,-0.0554172289267276,-0.1452116827792968,5.85722,2.97746,27751.8515625,0.896786119980076,0.6045520162433833,1.252995494295643,-0.0088140041074061,21582.982807872075,0.7375866577266368,7.192558069687513,2.274920866572075,13059.318609832677,0.8849513614732304,0.7831389121733241,normal
0.7233044647333984,0.3368325128953466,0.1836525380264867,0.3365184546697203,0.1417942237832051,4.862233256635047,3.2958370398143697,4.11646843780711,-0.0464548802808097,-0.1318524786591796,5.85722,2.97746,10585.7578125,0.9034002482621832,0.6123646980401303,1.2489902832207265,-0.0182696244833645,21934.72343914746,0.7260345301844037,12.05061310672232,2.8791372058494584,13014.25613890224,0.8937264304201844,0.7987469324316048,normal
0.7274817433144531,0.3155728200299878,0.2211958065916971,0.3247943661227056,0.1362131915732919,4.687570930317568,3.1820533166359994,3.971838505301216,-0.0592915700146408,-0.138950692015625,5.72752,2.88944,10204.2890625,0.9080426103779604,0.6164045393557916,1.2481998603028313,0.0236326274195179,22047.823047103782,0.7371850280718855,5.373393646212861,2.05061571730601,12678.171445253558,0.8973483646000585,0.8052340874503995,normal
0.7216883042763673,0.3180131561725489,0.2200043020207351,0.3218480288514644,0.1391193173887742,4.755712742506796,3.22351144775692,4.0337081573172,-0.0314923638984434,-0.1284552075380859,5.65336,2.91108,10299.65625,0.9030772954213254,0.6121227579581547,1.251339795961964,0.0067486900402391,22194.007789084342,0.7381041056547937,10.03983423068184,2.56412916542946,12753.41098319641,0.8938947707430909,0.799047861161843,normal
0.7113514067016602,0.3248579723660078,0.2126989279057453,0.3430240491537037,0.1191826600566643,5.459805968308702,3.683404516135983,4.619503060008964,-0.0438281243409872,-0.121919172246582,5.98589,3.28609,28514.7890625,0.8921338901563873,0.6018693739436936,1.2541394896412246,-0.0877704313434999,21509.43968277311,0.7192677727124606,7.793346389830416,2.358961232918426,12546.089833275197,0.8837638787618993,0.7810385934042772,normal
0.7050516885844726,0.3443639997111433,0.2221501439055961,0.3060260876779039,0.1268726416621181,5.501156345070402,3.712007449372596,4.660778852395149,0.010946130927103,-0.1203175340356445,5.83724,3.28609,31471.171875,0.8852595380850907,0.5973453204878775,1.2555952314112178,-0.1948309911137102,20961.884712056268,0.7130549226366302,5.032861569885961,2.0997043202774406,12738.279677540562,0.8770451190071179,0.7692081407742095,normal
0.688874528826172,0.3181693647323307,0.220119568691462,0.3216573811433629,0.1399117846767318,5.189991235145331,3.4855776626993555,4.387910821946999,0.0165877783316052,-0.1204635660566406,5.45843,3.02272,28705.5234375,0.8672077608103266,0.5824133149842126,1.258876216962225,-0.0888655705318529,21718.140978279665,0.7354451646826734,6.611555196847311,2.0085374535422518,12613.90703666603,0.8588002268645356,0.7375378296625779,normal
0.7043130662646484,0.3304524195893495,0.2033014045060441,0.3282813674395871,0.1379052192943058,4.72647516739994,3.1678273704984297,3.9857985524652535,-0.1122409054270159,-0.1187771415283202,5.341799999999999,2.80725,10395.0234375,0.8861751830745448,0.5939415527584975,1.258212044502325,-0.0055089982569398,21969.39570258289,0.7290145528823115,9.541149501061597,2.418326982569708,12692.525872209404,0.8781790510753285,0.7711984457475644,normal
0.7120713994726562,0.3639988873188932,0.2052972790108681,0.3022917775695111,0.1283533045858297,4.812294067273762,3.2356387008843885,4.061601128962433,-0.1296721577997965,-0.1027537061523437,5.76601,2.89215,7534.0078125,0.8938420718016188,0.6009919509425257,1.2552702895574486,-0.0461808517683102,21018.947022049542,0.7100531582190239,3.488871693325037,1.7670696286468888,12686.959055038697,0.8879162827623829,0.7883953251945679,normal
0.7102216101640625,0.3352838140204042,0.2271809262333304,0.3064819332678915,0.1309949334064179,5.724593326461887,3.843540399044102,4.824282943472413,-0.0820526582959466,-0.1131442702910156,6.30017,3.42631,3433.21875,0.8914463344400209,0.5985246120736489,1.2551664461943015,-0.0173901592741599,21315.23951558048,0.7079241102196944,3.466927609273977,1.7754505564420968,12498.617758898909,0.8842369259914805,0.781874941286863,normal
0.6941284758764648,0.3411926742436797,0.2238061960631232,0.2861336512545213,0.1481079294311682,5.835473641937194,3.939269829790333,4.936132314228506,0.0201804098752456,-0.1211803275083008,6.78135,3.42631,11348.6953125,0.8697830176772544,0.5871519966051243,1.253057680105968,-0.0293991122691807,21645.36464968052,0.7325224591008501,4.798270126515946,1.948597316615604,12860.461079946745,0.8613000789879982,0.741837826064732,normal
0.6893955635057128,0.3342075004036703,0.2059559256669534,0.3076816569430038,0.1510408814649004,5.770227752109573,3.866212637979884,4.866639963476059,0.0715674239357384,-0.1119692554493652,6.383319999999999,3.35504,3433.21875,0.8677846549467143,0.5814397878443204,1.258761588969122,-0.0463784748849824,21836.31441577188,0.7464285410233573,9.36844051470681,2.609678988024923,13002.658948233264,0.8605307043883459,0.7405130931951027,normal
0.7273703950037598,0.3771570766844737,0.1905940666331126,0.3141334478649348,0.1177488877538239,4.947160036149747,3.311497126835088,4.163325893933787,-0.082570883021189,-0.1173501784825683,5.895910000000001,3.02828,10299.65625,0.9144745968402008,0.6121249318542029,1.2572337328019432,0.0395396211988906,20586.18837458864,0.6835564081216076,17.770364586488142,3.44648956616083,12552.92822519523,0.9069138458950536,0.822492723876157,normal
0.7056015031220704,0.3462679831850431,0.1902123058106045,0.310086619432283,0.1531956064435823,5.01658441061602,3.368341346349023,4.230589060244066,-0.075006468845769,-0.1277964681083984,5.6218,2.98511,10299.65625,0.886225501829139,0.5950482949480438,1.2559858474051753,0.0604676707712412,22018.44900021204,0.6878450838743154,23.297835961913467,3.812451103932303,13041.448633187014,0.8769627716336243,0.7690637028313283,normal
0.6893913305483399,0.3080561252938054,0.2018520463095919,0.3433716288335903,0.1464786501522708,5.250990060254327,3.5933733512928216,4.468956691911824,-0.1207855588802391,-0.113684535746582,5.39499,3.08086,28514.7890625,0.8573726409173625,0.5867198308600077,1.2436661195542027,0.0399484263693899,22623.874854983173,0.7386070764324325,7.571352798168435,2.2897655774542445,12870.432631609896,0.8498021368093263,0.7221636717256968,normal
0.6951176709306641,0.3259296741275133,0.1998538506070039,0.3354170305829717,0.1385738144421244,5.218669499998002,3.559455517778878,4.432141677358259,-0.0824220026109183,-0.1047031442314453,5.62933,3.08086,10776.4921875,0.8655424922749071,0.5903535374296417,1.245174059689877,0.0757288611132579,22078.791376321456,0.7375547123227745,14.00911694539231,2.887541843061151,12724.637259740732,0.8591862763810342,0.7382010575215069,normal
0.6907678382861329,0.3669890162501962,0.207779599415031,0.2790558307058263,0.1458294836058073,4.91372301939431,3.321198870990782,4.160022862572361,-0.0089178187777414,-0.1087238739599609,5.493930000000001,2.87361,10776.4921875,0.8652327402311634,0.5848131831318029,1.252566625536441,0.0624411193435644,21093.987424423995,0.7030948765918724,40.04466720022822,4.948895637889837,12839.920665760968,0.858374518493569,0.7368068139990664,normal
0.7020123219916992,0.3862966491808776,0.191844165752288,0.286187503826585,0.1353462091912777,4.787287639729591,3.280851284059072,4.07568344652764,-0.1653965891216771,-0.1189297524321289,5.4815000000000005,2.86118,10299.65625,0.872084636661783,0.5976620197740224,1.242264002129716,0.034379467399257,20642.592051481108,0.6855626802308417,16.18139593205452,3.3105411154651496,12870.455435390782,0.8639371085258156,0.7463873274879469,normal
0.6894379396577148,0.3459647788309161,0.2056411317602841,0.3061902055132245,0.1420202762716793,4.959994080784369,3.398888398283224,4.217870576492664,-0.2207142121882799,-0.1119065132036132,5.36881,2.90796,10395.0234375,0.8555620718434911,0.5862829577288805,1.2409558897618136,-0.0157500900825031,21740.768530917696,0.7487165976571287,10.169565156272956,2.561415465166985,13026.170297980132,0.8482118786480984,0.7194633910797366,normal
0.6933788171064453,0.3853890319439532,0.1916121320572928,0.2950994792449021,0.1275082644146285,5.445886130668817,3.707096476610971,4.619898850339746,-0.1325300984609021,-0.1080360395439453,6.1113,3.20334,10776.4921875,0.8641102329574369,0.5882128129635705,1.2462310812485946,0.0120869977169636,20827.678600911146,0.711742897573956,23.93362359702058,3.913193943425321,12919.378521972112,0.8573299883133769,0.735014708861415,normal
0.7019237289472656,0.3711954921134837,0.2025142226452555,0.2877119100781421,0.137880585572728,5.481179763213882,3.691860207603413,4.637469664805354,0.022724552824858,-0.1092771585527343,6.40862,3.25515,3433.21875,0.8817099827604511,0.5938776213556162,1.2561336031235562,0.0248196214670816,20939.236910180694,0.7194605100750878,13.054213602509734,3.1374725895291053,12966.80166000072,0.8749119934702435,0.7654709963180755,normal
0.7032751196181641,0.3302633359248926,0.2055621268679842,0.308696787541609,0.1550554726013994,5.472233758903621,3.682279410493807,4.628558453436188,0.018909760900394,-0.1157187809267578,6.40862,3.25515,9059.8828125,0.8840040738688737,0.594848492117811,1.2569818684170633,0.037363435889756,21908.761273147007,0.7271828494784023,10.06649253563918,2.73468286906668,12978.507738449667,0.8763973792507541,0.7680723663575901,normal
0.681317988169922,0.3303947855602329,0.2296779614134217,0.3051019648568212,0.1339514620747434,5.327417076949296,3.591999548886832,4.505825551804397,-0.0549165064460406,-0.1117766454824218,5.97048,3.0699,10108.921875,0.8546493278239327,0.5762454779977456,1.2544059347671026,-0.0136482498137039,21546.57270954613,0.7413210829648664,8.685759783526606,2.448388541208583,12599.200127661908,0.8473083589075449,0.7179314550745969,normal
0.6827841358789063,0.3344908865744619,0.2173814204647495,0.3066006550156221,0.140769015211996,5.294693142385163,3.595928673973812,4.496150157396825,-0.0085719567626192,-0.1310509525703125,5.97771,3.0699,28037.953125,0.8537154872450502,0.5798069722728192,1.2503446439131372,-0.0036008880261728,21681.189343545684,0.7409081652544552,13.128294731457064,3.0263477006997874,12691.882796660842,0.8435969304072101,0.7116557809924673,normal
0.6825132969873047,0.3421654208077092,0.2139637636340344,0.2739490610706694,0.1692357689215503,5.556316511088444,3.761918269790069,4.711541905768635,-0.0073939308651427,-0.0642771299755859,5.813549999999999,3.21569,10395.0234375,0.8548006015504024,0.5787449281520625,1.2524306930335196,0.0179942362010674,21873.67884186919,0.7339973497402114,12.103047200246683,2.941640151350245,13214.19295507705,0.8523805012862691,0.7265525189730313,normal
0.6802745614082031,0.3176001290714779,0.2285305831891552,0.3094316882924368,0.1420147161754199,4.699936427994501,3.215963335427209,4.00325126719807,-0.1365134299799533,-0.0365658538457031,5.345560000000001,2.72331,10871.859375,0.8468100273407609,0.5794354969950215,1.2448062523282084,-0.0239622072745251,21778.17441817042,0.7176786888410752,5.783063297230862,2.2219914212023,12756.777398437998,0.8460201893202047,0.7157501607373951,normal
0.6831717114863282,0.2922545389712755,0.2350349626815178,0.3360939156428684,0.1357847348171269,4.712817016886029,3.182093507876482,3.992905376695461,-0.0155447303297444,-0.0247791304472656,5.42662,2.72784,10395.0234375,0.8572469643798681,0.5788130517747976,1.2548045388396083,-0.0994802839206975,22057.3032873199,0.7212567469017653,7.599316520807285,2.3627400984480973,12378.072470903951,0.8568887632783944,0.7342583526327762,normal
0.6743987713930665,0.3188059577941441,0.2368578780345665,0.3033519644966761,0.1409276165965896,5.032905746686607,3.391491211895677,4.259809065289076,0.0117521300609744,-0.0578317676245117,5.60065,2.87281,10395.0234375,0.8470639670017721,0.5708054441296269,1.2560283365464044,-0.0167508556573099,21621.61477773425,0.7316848336221238,6.290545929584454,2.198288394224519,12632.306402605756,0.845087481179436,0.7141728508462035,normal
0.672124067154297,0.3136994968237063,0.2273467855740917,0.3008668290624276,0.1575565316618716,6.286829512408398,4.229219792502895,5.310388623802432,0.0687205327038049,-0.0515176225078125,6.44205,3.56924,27465.75,0.8439476251215802,0.5677329078123312,1.25564262070657,0.1030331968876594,21815.71136921651,0.7609167169258771,5.6256335326552165,1.964299953508048,13175.807138937247,0.8423737463379884,0.7095935285194978,normal
0.6779114253652343,0.3434540168130047,0.2368251414245556,0.2718322860930134,0.1475928904488193,6.234087203180549,4.187830114198436,5.26505361386559,0.0751724035363929,-0.032192424321289,6.506460000000001,3.56924,15640.21875,0.8522886322200213,0.5725361041114441,1.2572271248575562,0.0525243994722915,21186.383698361336,0.7314447975734588,4.9520695589129415,1.9647062519084049,12867.223262851838,0.851680433277525,0.7253595604277927,normal
0.6994690511665038,0.3229848972602672,0.2348209409259855,0.2917937305251173,0.1503519683579505,4.939930236142473,3.366079073232036,4.199213667998035,-0.0746795119752441,-0.0674398235786132,5.53678,2.93722,10395.0234375,0.872593880327281,0.5945873442726262,1.2475089196184694,-0.0093766905785856,21728.405234766957,0.7180631876948016,3.922511293385341,1.8621110659968176,12626.94487851732,0.8699838792646142,0.7568719501803067,normal
0.6954187632128905,0.2855417413535217,0.2248077042797346,0.3195820008046215,0.1699271936435676,5.613314119855646,3.851331641835857,4.792364221814577,-0.0593706279720378,-0.0739037926171874,5.932259999999999,3.3327,6484.96875,0.8653370599918955,0.593713433604479,1.244339534346138,-0.0269621506642961,22968.2579089842,0.7491689708222906,6.979063227163557,2.1158344075798188,12989.256279527546,0.8621754211482794,0.743346456832213,normal
0.6532015373666993,0.288698751814687,0.2186146416717091,0.3212182662656459,0.1711017555307444,6.025082346516908,4.049849023527816,5.102100667789861,0.0744803351917,-0.0655054881577148,5.8520900000000005,3.3327,28991.625,0.8229195658007249,0.5531376682223488,1.2598249065950191,-0.0914538901011985,22973.040897643,0.7557280061157688,4.743418576584136,1.932549234788444,13169.859060819312,0.8203082608378834,0.6729056427988731,normal
0.6629660641147461,0.3435959911762192,0.2200742241775268,0.2783636157677332,0.1576210614470231,5.403776943489253,3.5643355782532047,4.538558099527728,0.2352179732927179,-0.0680066785288086,5.76651,3.00891,10395.0234375,0.8441713564676744,0.5568160994552688,1.2733251400958063,0.030726961660541,21708.248651403494,0.7571839311235631,26.672018111564245,3.758697666986563,13241.928667031609,0.8414275790321782,0.7080003707559526,normal
0.6947160379638673,0.3360059263690306,0.2331305464903058,0.2832308583976565,0.1460755074605416,4.888472002885303,3.264882619701685,4.117955889408721,0.0579716834713108,-0.0609639470947265,5.61841,2.86081,10395.0234375,0.8762367084000693,0.5852155844017263,1.261287577249862,0.058196217848166,21515.44098687674,0.7459774151174118,4.994454401357119,1.889886348829872,12895.568839589325,0.8741133600983453,0.7640741663024195,normal
0.7004966119223632,0.3210395876434189,0.2602886715028998,0.2917155482704116,0.1268577656341995,4.575699917987818,3.092636133031568,3.869940202223918,-0.1108099949146055,-0.0503102603969726,5.31606,2.71088,10681.125,0.8765596350135928,0.5924514388155331,1.2513402921508243,0.0555269148904436,21201.01598260857,0.7126338354207973,10.207265276807522,2.641444330054143,12219.37437366552,0.8751146618780603,0.7658256714339517,normal
0.6927971023911133,0.2814679877587439,0.2274208135573353,0.3476414511193212,0.1430693673534201,4.957920857376802,3.3390103594056524,4.19323347336977,-0.0258126613706823,-0.051003737496582,5.6173,2.90506,27656.484375,0.8700362344838919,0.5859431974751298,1.2558312260271545,0.0597119324124381,22644.26233764188,0.7421898812310498,10.712892972312403,2.723446726042269,12462.051496451511,0.8685399634307506,0.7543616680762895,normal
0.6787521316308593,0.2903450084348589,0.2493941948059539,0.2794651709174763,0.1807194557013522,5.5020267321233565,3.70481404731937,4.6530093281793405,0.0243535877424032,-0.0589734949414062,6.2563200000000005,3.15824,10395.0234375,0.8524692358811247,0.5740139322771273,1.255935998068794,-0.0868547162563923,22755.7989836379,0.7815881185293567,5.422880064485968,1.919198059703807,13024.118850277657,0.8504269075106599,0.7232259250181444,normal
0.6764301528710938,0.3362358238717138,0.2177356823575811,0.2891474774306783,0.1557119609117357,5.48654221378909,3.742723924927422,4.668981692485049,-0.0188676422454014,-0.0616576264160156,6.2563200000000005,3.15824,10299.65625,0.8438346144008588,0.5756339561304262,1.247482257878689,-0.1289447205191586,21732.35335245389,0.746883360994856,11.77336503752979,2.8409780529227704,13006.44168877449,0.8415789883105382,0.708255193565789,normal
0.6716365498668945,0.2991324799392772,0.2317293395465047,0.3097685295636961,0.1589713700432489,5.380291387116955,3.676133718271876,4.57647815713596,-0.0560720968004342,-0.0475735617418945,6.00722,3.07373,10299.65625,0.8361311735539745,0.5712943368383375,1.2449161287003807,-0.0236178339903641,22434.87358098065,0.7448788261481852,10.112113404946031,2.470679326457736,12873.25979231587,0.8347766740942972,0.6968520956119366,normal
0.6780256859230469,0.3308253242561991,0.2116861168397158,0.311823401690773,0.1454782464840865,5.330597027150267,3.643712160938326,4.533353328370594,-0.1236255536095396,-0.0447760328498046,6.00722,3.07373,10299.65625,0.8435710243392154,0.5766202142732995,1.2441579159214289,0.0283906572071293,21948.24752429117,0.7382158095393317,7.643716190149936,2.342957759650825,12768.671945807144,0.8423818492743931,0.7096071799869463,normal
0.6783386234438478,0.3294168339402686,0.2216272206585277,0.2988018289048541,0.1494474374644781,4.6445968833674485,3.167267725291572,3.956490029086728,-0.0838048067179739,-0.0678921307905273,5.3128,2.68384,10299.65625,0.8473675839174383,0.5778413213019574,1.2491807994294204,-0.0192762330138789,21856.476482925013,0.7368482135764678,7.290436951805301,2.204255512089358,12961.644903404806,0.8446434045505824,0.7134224808507987,normal
0.6718338667856446,0.3154270801046362,0.2184784978730026,0.3040741971638057,0.1613842020315219,4.669501090244755,3.1637687177653127,3.961783011527208,-0.1150035921752672,-0.0682884769643554,5.2906200000000005,2.66166,28610.15625,0.8412941139009773,0.5700095039190766,1.2522353449166037,-0.0400760180185277,22434.95845416528,0.7632536333317586,5.16439886141589,1.874621216214428,13273.486299701104,0.8385180200796636,0.7031124699983191,normal
0.6829451732338867,0.328623951964533,0.2129317621937899,0.2958623450802709,0.1621756706730126,6.2444129919554685,4.253597692366503,5.306824240133849,-0.0690556704870974,-0.0495210819907226,6.20716,3.62427,10299.65625,0.8520481395088462,0.5804020337330447,1.2476084067981943,-0.1046909955131667,22248.04457900593,0.7287044316154704,27.000499082963994,4.108235848100015,13181.541872656417,0.8506078382421328,0.7235336944789543,normal
0.6942335451958007,0.3064862753984896,0.2410830648660633,0.3059193245107896,0.1453978733899101,6.123334218502172,4.196741183788642,5.220534249721131,-0.0149011703068033,-0.044469661996582,6.622120000000001,3.62427,10299.65625,0.8635914966593581,0.5918785208635129,1.2439495363419697,-0.081958312583076,21996.167553426763,0.7328752020223156,30.16550596152007,3.988947618211364,12709.758234499352,0.8624457793184797,0.7438127222642597,normal
0.7046236712182617,0.3260659438311761,0.2211915633837923,0.3128710879558528,0.1389789295255697,5.096424086970801,3.4498717237429557,4.317836774827256,-0.0612477829483029,-0.0348667706420898,6.0403,3.04245,10299.65625,0.881902355690802,0.596977399855349,1.2515934274050624,0.0051688260671524,21729.284438849198,0.7267169482685031,6.260784846160007,2.198613788365104,12527.95508367914,0.8812128422112208,0.7765360732779778,normal
0.7123351633115235,0.3475653060176765,0.2132423828300527,0.3012846541201702,0.1377851128989182,5.945913396664836,3.9929955997956976,5.033613648006748,0.2012641235451373,-0.041947218711914,6.97072,3.58562,15640.21875,0.8979774483556804,0.6030393920656892,1.260610867756602,-0.0179437374430725,21252.96556256848,0.7048215887206679,8.219792446560401,2.593632335976422,12601.468731978315,0.8969971731269355,0.8046039285977136,normal
0.6971205796137695,0.3406194885194296,0.219859553912395,0.2845655535140358,0.1547920134249147,6.066644497787999,4.087415743039823,5.14347173911659,0.2542345903571554,-0.0588299204858398,6.97072,3.58562,10395.0234375,0.8772339848486673,0.591038423515236,1.2583676490151636,0.0232652363032471,21357.011915669147,0.7173612925873039,6.855237838827762,2.181129442610304,12933.460030732082,0.8752591071386241,0.7660785046291015,normal
0.6891723672241211,0.3720241706024785,0.2062615428049756,0.2994458881591115,0.1219565679666615,5.181787709186583,3.515114163190072,4.396070045876851,0.0311945135379123,-0.0502520578442382,5.97167,3.02965,10395.0234375,0.8618923481138097,0.5846727365208064,1.2506194228090974,0.0023488597761307,20738.22463833305,0.6944885351605108,17.84915258153555,3.34646108546681,12627.815664013986,0.8604261446629546,0.7403331504195557,normal
0.692028440765625,0.3412101862234133,0.1885395518100585,0.3334240365570288,0.1366988220054327,5.955365238239957,4.052627267646899,5.060283355010267,-0.02906420646522,-0.0599889214902343,6.44388,3.50186,10681.125,0.8640962439245754,0.5880176714459475,1.2486426756804725,-0.1301768360507413,22178.091190550407,0.6904533631590917,12.722947815748809,2.927750117254535,12589.08136078778,0.8620113967129425,0.7430636480629979,normal
0.7074852277548829,0.3112730055606448,0.2240622004436989,0.3240606347611822,0.1391506705689922,5.997279027743844,4.100563302316669,5.113209234742262,0.0001733859166703,-0.0779552752011718,7.11938,3.61752,10299.65625,0.8822007449455134,0.6031935454837255,1.2469528837302637,-0.0726866010675561,22028.15632653904,0.7122820977364333,6.347092403167167,2.114211513288446,12499.459654117229,0.8787497535992419,0.7722011294507283,normal
0.7140331976914063,0.3052660305299938,0.2413581806090929,0.2950205458648198,0.1567918323175751,5.946430064816098,4.063906023634361,5.066319061489119,0.0190923785387848,-0.0715105245615234,6.88624,3.61752,10681.125,0.8901583793920614,0.6083515589301524,1.246662455289332,-8.427145994857545e-05,22278.52773415765,0.742054918676988,7.668376633697818,2.3980870526786244,12707.630946018346,0.8872813450528738,0.787268185278837,normal
0.6941761206640624,0.2934231060865939,0.2399275496690289,0.3053813740752904,0.1609895271970668,5.548318179029668,3.767302921945144,4.708776206351032,-0.0051678149679887,-0.0596387064257812,5.81656,3.26872,29086.9921875,0.8676552079099299,0.5891370852440295,1.2499064460470262,-0.044119592876001,22542.402986395504,0.765151370235485,4.933738535383593,1.9310126903845133,12785.12730381267,0.8656031333752687,0.7492687845090833,normal
0.715596428748047,0.3406573713042289,0.2214948330540013,0.3044314908711668,0.1332148605717878,5.0799333666962205,3.4677353033559712,4.325510686820135,-0.0516834421703942,-0.0656525457548828,5.64889,3.09532,29086.9921875,0.8926056141033721,0.6093229529924068,1.247358955752486,-0.0376485740517655,21359.160197462053,0.7128828321826034,12.905092696853746,2.7227014665293616,12751.121408342406,0.8901879158721271,0.7924345255647611,normal
0.726740901642041,0.3071366879596853,0.1980641059221551,0.3427219496831251,0.1520391101215132,5.379384581768598,3.654305932779269,4.56751504215595,-0.0751048561984815,-0.0576893584351074,6.064769999999999,3.3194,28419.421875,0.9083530665084308,0.6170594330157875,1.2498994682369529,-0.0294741528631671,22637.308369024544,0.7301388618763196,7.472154785813426,2.238356753719062,12836.635449497904,0.9065192945319008,0.8217772313586151,normal
0.7091494528305176,0.3066147515253951,0.1867378104366259,0.3639978545979391,0.1420817901002385,5.52920683473845,3.736980715643371,4.680818671932779,-0.0816239117619241,-0.0515287006831543,6.1298,3.3194,10299.65625,0.8882571927932791,0.6003392709321604,1.2525669860533153,-0.0698013292624306,22729.66940368216,0.7111046543727667,21.62136400751476,3.594893648288314,12510.76051581698,0.8867613171281788,0.7863456335549025,normal
0.7132280988251953,0.3237554802239393,0.2388769126759749,0.3017494042069027,0.1346066847589067,6.161979748177281,4.1796219614676,5.223728574542787,-0.0310315945714343,-0.0436106309404296,6.63969,3.72571,10299.65625,0.8913987997832663,0.6046287317159827,1.2498088637443583,-0.1073905283653469,21693.67648025181,0.7383568917925317,8.314115576602077,2.354849048620319,12510.33935359658,0.8903313614177731,0.7926899331240254,normal
0.7167016413496095,0.3391145865086838,0.2102561645700134,0.3127162641538744,0.1367864357368858,6.135631018760407,4.155886359127221,5.198411424012054,0.0358719698755747,-0.0468583360039062,6.63969,3.72571,28037.953125,0.8964898647475137,0.607225237079643,1.2508550462635302,-0.0569639592365767,21562.881302127087,0.7141279460496832,15.176832738457094,3.2596019947297337,12719.653749715646,0.8952644156571623,0.8014983739419603,normal
0.7008295467246094,0.3147802145952277,0.2302729161930956,0.2901600085472482,0.1640020408318065,5.131729111083646,3.4796843252313496,4.347890316898081,-0.0114215387025473,-0.0532993655800781,6.00442,3.04713,28133.3203125,0.875691503940493,0.5937823166500988,1.2495071134388054,-0.0045076902690788,22184.14286720326,0.7563207219044976,5.312393611747309,2.0338737157286664,13030.976099785858,0.8740679537097351,0.7639947877023237,normal
0.6805395782329102,0.3159671111096777,0.2232761963463397,0.3127601153398007,0.1473988784901445,5.612130746029863,3.7377932255448014,4.717903414724179,0.1909778166920639,-0.0653358050668945,6.16801,3.21072,15449.484375,0.8589881264852528,0.5721035637438292,1.2622162677381707,0.0232644084510496,22001.631200989817,0.7387381792365232,3.750661462883184,1.7018263181597242,12658.869179319914,0.8564997571621988,0.7335918340189056,normal
0.6846136158393554,0.3331572954616787,0.2251446048468611,0.299239748486418,0.1422323020262308,5.589813874956761,3.6953329201573903,4.689827847001797,0.2464638892237958,-0.0721410970112304,6.14198,3.21072,10395.0234375,0.8688581162704144,0.5743876400580218,1.2691218757096587,0.0560291057836981,21645.31776500728,0.7296374566344641,4.752081975452132,1.860570805679733,12754.438882990573,0.8658580070259727,0.7497100883309894,normal
0.703070382133789,0.3440124299167943,0.2185880823225789,0.2858901224149586,0.15115877878838,5.093518698807984,3.442255811791724,4.313991994364564,-0.038228887117317,-0.0626717391064453,5.88852,3.03304,31471.171875,0.8811198719194773,0.5954704751962157,1.2532456128294234,0.0205629582795603,21488.448083238796,0.7468366599693423,4.351341542462314,1.8632322291713304,13163.42461482376,0.8788882077993594,0.7724444818087699,normal
0.7101075648178711,0.3550423150933229,0.2167858990840855,0.2723914687090034,0.1551543868705178,5.908132097841196,4.013259522646709,5.0126208709140325,-0.0464953966101142,-0.063714291849121,6.59254,3.5595,10108.921875,0.886934916596807,0.6024746808387417,1.2490148824485323,-0.0822147748353984,21381.133951900563,0.7387074104607673,12.21359759927276,2.8556747517670127,13320.868291376672,0.884643450940971,0.7825940352927501,normal
0.6844015721611328,0.2993138349280549,0.220821051700283,0.3198872710581713,0.1592643420691768,6.211174242433729,4.098274421531862,5.200893955810442,0.1705929613578685,-0.0589518194765625,6.57011,3.5595,15926.3203125,0.8685362749987645,0.573080042688559,1.2690448273755277,-0.0684818537642552,22585.41494263726,0.7658505121228605,4.0433561124252,1.8094108546503105,13066.924223777098,0.8665332907448693,0.7508799439691322,normal
0.678661996581543,0.2738309364402949,0.2567557781622491,0.3230700514660204,0.1454476278514116,5.818668025244029,3.830985901782168,4.87597657842684,0.3105087738711547,-0.062879876074707,6.31975,3.30914,10395.0234375,0.8637828707384682,0.5687109121268726,1.2727733026003945,-0.0331596321255366,22419.19799499977,0.7454468486633148,3.965779932402476,1.7145348920750556,12592.727727156078,0.8614911311011964,0.7421669689660186,normal
0.715437362456543,0.3562115101809843,0.2314655377258874,0.2838566924976915,0.1282681854767264,5.429168406247812,3.7124752309258033,4.625338532275777,0.0232334037620529,-0.0590754440288086,6.45598,3.30914,10299.65625,0.8913567887090735,0.6095113933455973,1.245890745275714,-0.0300243132513461,20558.353859610143,0.7179106496297981,36.82431192512284,4.5955000916308295,12654.936836975969,0.8893969961105958,0.7910270166905511,normal
0.7293657497563477,0.3359888184997937,0.2441270860059999,0.2988044645232777,0.1208426841255213,5.058510368463142,3.4677542654454983,4.314488308576643,-0.075834719134685,-0.0521143519633789,6.12047,3.14684,10299.65625,0.9074576106377392,0.6220882771376154,1.2441736000640076,0.0098619336582525,20794.183086394507,0.6966403507177452,17.265678982635404,3.425018543645181,12244.463070898788,0.9059599380898647,0.8207634094237916,normal
0.7072896527832032,0.2910785932257651,0.2375095545638594,0.3337897688746894,0.1371659259767425,5.394029653520486,3.622416514733002,4.567181192724376,0.1700274608827099,-0.0598713961328125,6.077389999999999,3.23032,28228.6875,0.891758301913025,0.5988695293678424,1.2608106147233071,0.0153870106825039,22166.14045142615,0.7243145056695579,18.27402578201269,3.4281741492974422,12361.557919715056,0.8897461913129552,0.7916482849559098,normal
0.6953848847558595,0.3482403733879888,0.1989141681826241,0.3188302617743299,0.1335238565970695,5.511611198661779,3.6734728641460737,4.645369881938292,0.127691557511409,-0.06398595625,5.95077,3.23032,10299.65625,0.8793640567019438,0.5860935910690367,1.2645717155768736,0.0278137805304599,21487.85177355938,0.7132414065406901,10.32967717067448,2.788141580122555,12508.290245735869,0.8770330333699368,0.7691869416220726,normal
0.6781490800078125,0.3473151335768699,0.1972201534402434,0.2995942294404935,0.1558069686159909,5.595030297876346,3.683536508199319,4.683557190645175,0.2008813985167901,-0.0601808001738281,6.13589,3.17615,10395.0234375,0.862255604886796,0.5676734228240983,1.271483852601942,-0.0007547962044288,21588.383688108657,0.7092612011422083,34.00481223404729,4.461809367888052,12982.403042325574,0.8601528930656063,0.7398629994491323,normal
0.677716443743164,0.329902815822426,0.2033537348332356,0.3123491824983337,0.1541022105103489,5.1691938065014895,3.4657306137171098,4.367224710754784,0.1381633574771297,-0.0567453361552734,5.90001,2.95974,10013.5546875,0.8540017473618879,0.5725728441981462,1.2601166096030736,-0.0217143804082373,21894.437991916595,0.7664646649873271,7.821558215519147,2.2678254633656985,13205.059805207127,0.852114400372264,0.726098951321783,normal
0.704653355887207,0.338156803805154,0.2245147377723046,0.2841982501492497,0.1525609626735628,4.630484942290313,3.1578357578508296,3.9392418652502927,-0.1100616609010365,-0.062828670730957,5.48603,2.7758,10395.0234375,0.8790197505044287,0.599462050863952,1.2474498888856953,-0.0813104930449623,21481.608890618067,0.7727911696980876,8.510449785389289,2.4204814281983738,13222.497648843078,0.8767715095228911,0.7687282799110491,normal
0.7007232165009765,0.3217070688555308,0.2308157783492781,0.2989854499968604,0.1480370197502197,4.712603861935995,3.159744487600047,3.9719534538871977,-0.0792253896152321,-0.0544395690693359,5.55904,2.78324,16021.6875,0.8808433754445705,0.5905949410431903,1.2570489384425056,-0.0608556885269581,21811.21189564765,0.7453214390579584,6.293484539622007,2.0899708230390965,12899.943848124,0.8791594766503569,0.7729213853841295,normal
0.7103824262260742,0.3559249288025359,0.2174558741115399,0.2866102654075099,0.1396575599252004,5.252761237786256,3.5782511803545924,4.46788924222335,-0.0879077446496636,-0.0470504555190429,6.19927,3.17391,10585.7578125,0.887000336204871,0.6042364875007387,1.248623703878887,0.0147617061919674,21162.12702519349,0.712560419394798,37.45871999287193,4.605302197713031,12839.706061282594,0.8857515741239214,0.7845558510630046,normal
0.7061523346748046,0.3591261362565269,0.225154160414626,0.2745767182747846,0.1404490678272346,5.310029310602161,3.643477023031073,4.536174197420366,-0.0492938526231658,-0.061562545852539,6.37714,3.20323,10585.7578125,0.8791684371142751,0.6032414912671643,1.245012434206774,-0.0203981466505779,20699.24482136354,0.7200621378573722,16.036710456557792,3.1913946036383853,12987.014487370729,0.8770103726673425,0.769147193766111,normal
0.6861760977710449,0.3399928185289541,0.227387545533474,0.2912863617683385,0.140942312382105,5.499699563213886,3.749194396530634,4.66823314074227,-0.1635581615594397,-0.0755558339429199,5.95729,3.20323,10490.390625,0.8543782106801798,0.5824372701057352,1.2451296590707803,-0.0417489135529235,21333.556890030235,0.7229047170757625,12.65338296768447,2.887288835466785,12904.615867963545,0.8510308119229619,0.7242534428422558,normal
0.6783126992942383,0.3161339950629546,0.2167903251867564,0.3269700860285079,0.139971674219746,5.215232752720034,3.537483319946645,4.410458484873913,-0.1848625950169995,-0.0578117955149414,5.96443,2.99167,9155.25,0.8457057544641998,0.5736407446896167,1.2467785953943191,-0.0433825552769549,22000.194892071588,0.7056231344720485,6.186393944348579,2.2070519336526337,12781.167574074312,0.8437274556592314,0.7118760194332001,normal
0.6784486821188964,0.2977162504153444,0.2262160776186797,0.3306815294788673,0.1452563357759733,7.318863632825055,4.925678753164928,6.193865668477445,0.2201931959830916,-0.0494091860056152,7.17498,4.20222,28610.15625,0.853125063687907,0.5741629043548606,1.2574643980786728,0.0215963750202631,22396.32135674393,0.7400190219728929,4.307227085969496,1.854072719657655,12655.39169423643,0.8516930824133526,0.7253811066307579,normal
0.6935029031669921,0.311921031527281,0.2285015989690826,0.304784179122419,0.1544952482925268,7.124474064280558,4.856576642570265,6.059412268946372,0.0758499256809916,-0.0660913568134765,7.04354,4.20222,28991.625,0.8652638080835562,0.5898288016891458,1.2476715009154111,0.0685809767439009,22160.762310682232,0.7601539322902184,2.9763218377283875,1.563999847580941,12923.392589205254,0.8627359909809088,0.7443133901338108,normal
0.6835659369067383,0.3410989204319295,0.2361926353886611,0.27193380629136,0.1498268232491202,5.241972599705647,3.580374326680783,4.4518455875240415,-0.1844024474763843,-0.063005322965332,5.88445,3.04313,10585.7578125,0.8499474418981102,0.5805314587433902,1.243402276222655,0.0540570465122664,21432.174914381638,0.7517014952770714,10.987204856381828,2.4956443093706,12956.712471184106,0.8476089801713852,0.7184409832671756,normal
0.6816519933579102,0.318936531908994,0.2227709411446101,0.2972115235726786,0.1602008280325561,4.733581110813851,3.201968951515664,4.012267295701971,-0.0244445207649155,-0.0682890659868164,5.32828,2.73497,11444.0625,0.8541525671900697,0.5777803181088352,1.2530625238582496,0.1010292041803219,22110.87561356016,0.7334412119697128,8.642927817435295,2.4747660975643324,12917.79631699472,0.8514183528113749,0.7249132115040349,normal
0.6870049544155273,0.3168830455300048,0.2119035759485809,0.3133742713770373,0.1570795556515364,4.704332795365609,3.1683814124167418,3.981004769211292,0.0167173812662468,-0.055444419349121,5.41395,2.73497,27656.484375,0.8632073112415626,0.5813725599290739,1.2564790191010198,0.0616774180885355,22267.939875891443,0.752005072044271,9.61776760061356,2.558761252918846,12886.644948022538,0.8614248536836668,0.7420527785439268,normal
0.6859151526699219,0.3407927688352685,0.2069711492511294,0.2878378173702192,0.162900760335818,5.011179265198927,3.359144975917655,4.232301894337929,0.0156004693678237,-0.0670064911923828,5.58198,2.903,8201.578125,0.8642080115065458,0.5793047596920803,1.2599342763352286,-0.0498716493465722,21999.945422891316,0.7431450195753346,5.921723017578827,2.0835173430078093,13024.292205066688,0.8616064166951074,0.7423656172901831,normal
0.6813222040688476,0.3558505037853791,0.1989728613346801,0.2852254789760361,0.1587370366358144,5.059459811136327,3.3759391448498395,4.260832808124146,0.0541396424454392,-0.0727307870249023,5.65926,2.903,28705.5234375,0.8599088654867102,0.5737766695191917,1.2621177768041982,-0.0318878705241543,21532.9219833884,0.7346190543507317,5.6907821280670685,2.158027425028231,13277.408790712612,0.8568275728297843,0.7341534895613793,normal
0.6732141499658203,0.3090316172550775,0.2378932766562319,0.304724980873734,0.1479163836814074,4.899290812440068,3.278673316922644,4.123814094134757,-0.0023264379238394,-0.0545177344287109,5.53247,2.77621,28514.7890625,0.8467479775038231,0.5666554826569525,1.257769132670211,-0.0070746858548378,21848.39558420961,0.7623585661358404,7.49705818533246,2.312520721252613,12874.837088118216,0.8449910970179364,0.7140099540395756,normal
0.6830163699414062,0.3099910103660577,0.2369686872809723,0.3178954331065511,0.1350642372090606,5.102026655246649,3.465574145146725,4.326880189201802,-0.0952624809917956,-0.0484955845800781,5.47824,2.95533,29182.359375,0.8527677886040085,0.5792462877395785,1.2485319915204445,-0.0185509019179996,21789.87349150832,0.746672456634138,8.331272973650412,2.4044197428284115,12546.85526144018,0.851387737494972,0.7248610795568073,normal
0.6912206441601563,0.3550895391824549,0.218321416716461,0.304321199076503,0.1220139119770418,5.660726286485612,3.8617515468655,4.814294868237414,-0.0268054245575606,-0.0683219681738281,6.28307,3.32774,11539.4296875,0.8617177878004747,0.587864495046268,1.2466609541841376,0.02790734255336,20870.945763564498,0.7362556102521273,5.221719535120663,2.053744848338417,12417.417551927776,0.859005037515263,0.7378896544765984,normal
0.6807149116943358,0.3300866244169845,0.2375481257129466,0.2934057187807637,0.1384597634450228,5.78536256514031,3.898847931703013,4.888595714345492,0.0387036004885223,-0.075814054165039,6.00057,3.32774,10395.0234375,0.8535187979353804,0.5751999053700265,1.253856472470871,0.0479022817324862,21362.3175392489,0.7751715344172322,6.031137277947517,1.9441502149619607,12740.38954815763,0.8501450274042173,0.7227465676201174,normal
0.6736469649072265,0.3009742955367833,0.2130427989683324,0.3339280043997538,0.1512019538259097,5.511733240759449,3.71100369117565,4.654040117929978,-0.0187740649374328,-0.0429692245419921,5.80801,3.13518,28324.0546875,0.8448334361550505,0.5688192557679026,1.254118967598109,0.0771047555399793,22471.51298974335,0.7550062453152329,5.22301457015185,1.951582631888808,12852.41946277121,0.8437399958445787,0.7118971805878096,normal
0.6725086727197266,0.3187076775860747,0.2231908482039386,0.2926352819154167,0.1653435937746984,5.499708309641413,3.723659663992577,4.661917573970992,-0.0326788165901343,-0.0432935897080078,5.93599,3.13518,10204.2890625,0.8419620166463877,0.5700629603398761,1.25197198311416,0.0336367553750662,22000.40647425393,0.7437215743893384,10.259512453840983,2.461524416433016,13330.959085173536,0.8408482042351323,0.7070257025654467,normal
0.6791457748486328,0.3124320455970881,0.2216849775714201,0.3240333369389123,0.1417324441563939,4.836100355780919,3.3236038975441797,4.124018883315944,-0.2036729198379454,-0.0651054584033203,5.129519999999999,2.80081,28991.625,0.8427027065618519,0.5791463770291702,1.240827430237157,-0.0193827732212318,21949.6499534918,0.7224633025683823,6.0755936538173785,2.139890283580536,12669.791818279356,0.8401839863582048,0.7059091309327641,normal
0.7134267579726562,0.2764736105955727,0.2421168589045058,0.3315272509134456,0.1490741843193308,5.239210663798672,3.561837182215037,4.450702142183598,-0.0597410405909126,-0.0647629256171875,5.77722,3.17525,28991.625,0.8914641061794334,0.6060550345761047,1.2495523839233416,-0.0306846692150069,22598.3272330318,0.7178054152707887,3.627145634290452,1.805995722405448,12451.182607909528,0.8891085513433098,0.7905140160717989,normal
0.7023340674658203,0.3196193071278085,0.2305341330501673,0.2853374796485642,0.1635578169210095,5.38488881167965,3.563646045685789,4.520996698134007,0.1082227975487084,-0.0499007891416015,6.00872,3.17525,28228.6875,0.8910116098213547,0.5896593432185611,1.2686435858598253,0.0147231954480309,21883.298141720185,0.7474067811714736,9.829987385608344,2.6688413353218943,13051.352597046973,0.8896131744075554,0.7914116000794876,normal
0.6816796561337891,0.3182998877395561,0.2536531567028951,0.2552095594638813,0.1726740676861657,4.941062176381746,3.286780519854028,4.156600500696023,0.0427562620213852,-0.0614856358193359,5.38245,2.83347,15544.8515625,0.8620806843913751,0.5734536216815836,1.264641942346861,0.0726531858233928,21919.417787978477,0.748261438966532,8.857378106841145,2.371966514559353,13107.656392926863,0.8598852382664757,0.7394026229885937,normal
0.6833689875297853,0.3392665176709471,0.2410370748176867,0.2525163831945458,0.1669191101973288,4.751755044052231,3.15986782205192,3.993450170843543,0.0412896512959015,-0.0684309901450195,5.45781,2.729,28037.953125,0.8636437198274554,0.574314116510675,1.2638029169999652,0.0300171757328601,21457.159662195685,0.7413868250390927,7.393598592157797,2.296557197160201,13071.491057766088,0.8609283793586876,0.7411976743851763,normal
0.6823265508320313,0.3290337660248617,0.2215008493319141,0.2850378013981601,0.1641977291460643,4.731542908231332,3.198373580589368,3.9995512363871057,-0.1520178391636384,-0.0685989442734374,5.45781,2.729,3433.21875,0.8532461675402923,0.5767674631571946,1.250495333209357,0.0038015289271683,21941.71877445972,0.7220220697735169,9.478619846249098,2.512201852445287,13125.89628841958,0.8504841017131163,0.7233232072667662,normal
0.7047784193789063,0.3390139451237501,0.2416048522674152,0.2686112524746446,0.1505927788441695,4.910867110452696,3.33587920902327,4.168842176792589,-0.0237044562738697,-0.0685185520751953,5.73322,2.93811,10776.4921875,0.8807603081228667,0.5982874172559636,1.249698180172779,0.0182091695303709,21321.78473733776,0.7169547726208915,9.080430667974577,2.526208945057178,12959.495171620176,0.8780910706676192,0.7710439283862058,normal
0.709573666107373,0.3444581026654859,0.2304436793354506,0.2934206572755961,0.1315804128974974,5.147605560395272,3.483344461576164,4.363549759372654,0.0478454751226791,-0.0514687455430175,6.03437,3.09626,10776.4921875,0.8888756291988954,0.6014951929926515,1.252689708843268,0.0072543838038941,21070.805052062347,0.7089465180571634,14.226299094735657,2.9305745315420064,12594.986852782502,0.8873842755063672,0.7874508524159602,normal
0.6934437506605957,0.3313632810784939,0.2443567087408692,0.2751047085613561,0.1489168255765806,5.608954053500086,3.804066529177221,4.759001716947084,-0.0016326386658938,-0.0637022084214355,5.92179,3.3001,10681.125,0.8675190022803773,0.5883628156912214,1.251030096462694,0.014609331130316,21470.74112287325,0.7574542331104435,6.756082948869011,1.9840615847815024,12943.53863505418,0.8651770038320328,0.7485312479597732,normal
0.6912946808107909,0.3446459439639966,0.2447014389765612,0.2750427714711682,0.1352805119752652,5.624952632881954,3.815635898677712,4.773796315240628,-0.0488685425395316,-0.0693078107717285,5.92179,3.3001,10776.4921875,0.8648886024852717,0.5866893848507286,1.251114215823098,0.0134681517373879,20880.90185576941,0.7542029850630355,4.609719714635438,1.9488996675829489,12743.460726973806,0.8621071407168348,0.7432287220749565,normal
0.6916440030373535,0.3303389067396354,0.2268109116914389,0.299048432458495,0.1435117501634958,4.775432331001383,3.2784788483734277,4.065068138598688,-0.2304517691739502,-0.0556356982424316,5.29265,2.81158,6008.1328125,0.8575867437409052,0.5887592588733064,1.239925077026352,-0.0202332506579136,21478.651403132462,0.735079231378441,6.914250727026134,2.2044024881607034,12862.304644331767,0.8557801657675912,0.7323596921212059,normal
0.6932585848427735,0.3124483616170244,0.214615436460471,0.3305199011064427,0.1421789571215014,5.178329864599197,3.5584774538571184,4.4109659322769454,-0.1792325517082571,-0.0666161163466796,5.654439999999999,3.05794,27084.28125,0.8593394336910652,0.5905263048043936,1.2395655134742511,-0.0383726631943378,22016.6699176558,0.7346059208753193,7.66696924519381,2.256122926929381,12679.02705320672,0.856753497418812,0.7340265553393663,normal
0.6988241194033202,0.3265187095633416,0.2283486299728588,0.2905694073673899,0.1537110848952067,5.13028578694352,3.523829749005064,4.375836372978902,-0.1124440993089979,-0.0725011012392578,5.701309999999999,3.05794,3337.8515625,0.8677888030383404,0.5960564629328057,1.2417842758193405,-0.0643950063903269,21744.693382741527,0.7641703238733213,4.842685211740531,2.000500904641846,13063.5285287304,0.8647548768280006,0.7478009969978104,normal
0.6960169074951172,0.3072921030567686,0.238854139689612,0.3083111422529111,0.1449688376470121,5.129985994431467,3.475963468461625,4.353529299891695,0.0542954155860795,-0.068938069008789,6.007630000000001,3.03013,27847.21875,0.8717381605109504,0.5906702285911046,1.2524669316557744,-0.024310433501856,21868.524454551636,0.7450002731256092,5.249412957310531,2.110603203386156,12847.585067809332,0.8690080339860817,0.755174963132355,normal
0.7125905681933593,0.335709565829439,0.2399000059404399,0.3024389038750191,0.1215135983745607,5.801996627911762,3.897608902212717,4.910772266986358,0.1649486983111749,-0.0645579931054687,6.5295000000000005,3.49937,3337.8515625,0.8978248171624832,0.6031320292682562,1.259944850854188,0.0724197488002864,20997.32313910197,0.7310112958403405,11.520411175182051,2.7305216036051805,12367.137161155788,0.895500791646239,0.8019216678390406,normal
0.7133087185664062,0.3404952179538167,0.2299571097267188,0.2902476184864284,0.1386955223359552,5.80819257928197,3.892451165008382,4.9058281623600015,0.1183023125130913,-0.0689770624101562,6.44011,3.49937,10299.65625,0.8990144902672053,0.6024886317444738,1.2603441775869877,0.0399066982099704,21210.692756846485,0.7387661644624742,7.386055624789291,2.2649217487894444,12759.21691507586,0.8963644451737632,0.8034692185716683,normal
0.6977714087680664,0.3138377530040555,0.2181642069303383,0.2954868557975898,0.1719056926892197,5.383827466692883,3.598101131092195,4.538578050354953,0.1509854816079965,-0.0635634516323242,6.06955,3.16689,26512.078125,0.8801559168623752,0.5882227875228182,1.261381457885059,-0.0604567619066848,22492.470761931974,0.7532190502308345,9.838265255624668,2.6019605765899825,13167.26998349237,0.8778576909752706,0.7706341256044336,normal
0.6910696781337891,0.3052326024764067,0.2249726065609531,0.3046786353758038,0.1650244877182298,5.867417246180532,3.927851799480796,4.955940201643386,0.2256144632219348,-0.0616767673496093,6.59179,3.4249,10490.390625,0.871952450052398,0.5837150923993826,1.2617431753149362,0.0257604189828778,22539.483021455577,0.7293875415228818,11.273665000116072,2.755535983699844,12938.417300185552,0.8697683895852285,0.7564970515216818,normal
0.6914360616499023,0.3054240450628789,0.2327530047217791,0.2989103023182273,0.1627554197260275,5.868198680967934,3.939568920677076,4.953314109517972,0.0645646686762231,-0.0673976899604492,6.2177500000000006,3.4249,9536.71875,0.8693590768330506,0.58363736236604,1.2573238872710644,0.0922409909436717,22300.95460516007,0.7407026558641177,10.741723127461368,2.442677733697867,12990.600294234016,0.8667426122327256,0.751242755860009,normal
0.6858699859248046,0.3022186894968837,0.2338796393017763,0.3118804328325945,0.1516772443041709,4.919869262401012,3.335432083906303,4.171767330133174,-0.037561706165734,-0.0549216307978515,5.69333,2.86129,8964.515625,0.8578468780119756,0.5815784622300355,1.250742699952503,0.0617957707007591,22090.53609358312,0.7598718332512631,3.3098917210769496,1.7249472778405417,12971.60099027798,0.8560869585418281,0.7328848805853978,normal
0.6860763404570313,0.3158631853351303,0.2399592459514021,0.3086016439316899,0.1354617788227692,4.902197408781547,3.350749910263489,4.170512567295274,-0.109553163142924,-0.0415925510820312,5.69333,2.86129,15640.21875,0.8539252634867638,0.5836749851963183,1.2446505048081378,0.0266664689913266,21534.519076024688,0.7283719202127342,3.114754882087591,1.7153960088657625,12769.46558661313,0.8529117277394112,0.7274584153154273,normal
0.7120376058876953,0.3221941779713084,0.2124579084878454,0.3229011608623535,0.1423299742230001,5.91032477471168,4.015685841487147,5.014426162995588,-0.0268118221957167,-0.0483126747939453,6.225720000000001,3.57046,10299.65625,0.8891283185334378,0.6041055502189685,1.248709774850956,-0.0375689309182713,21809.234248379064,0.7435308504491069,5.843712925979073,2.121667748769001,12893.21594639815,0.8878147623645108,0.7882150522723528,normal
0.7012468449638671,0.3547772520683705,0.2060162345927295,0.2936535573790299,0.1446758083635188,6.007039569162076,4.0686686400556695,5.0915879702588525,0.0321155439149229,-0.0453364877626953,6.225720000000001,3.57046,10585.7578125,0.8775499594263216,0.594379304296483,1.2514137720955292,-0.0679711251481668,21235.93349549766,0.7332697225501817,7.0345499242258125,2.320485605972236,12901.44073804706,0.8763780771827202,0.7680385341664819,normal
0.6890507294155274,0.3317957526077285,0.2404667080833178,0.2800027367282009,0.1473371987295345,6.377858360531959,4.31420325642062,5.4055381425390685,0.1775258391337106,-0.0520235139926757,6.77708,3.72469,10776.4921875,0.8633552428149333,0.5840032483395153,1.252963252135668,-0.0085401350234339,21329.143874495378,0.7379901896966283,4.678673081516005,2.008004668435024,12976.68812877892,0.8617864174422141,0.7426758292878861,normal
0.6907760283686524,0.3164389540200188,0.2354728423326297,0.2906751173557591,0.1567750907072314,6.423931986296906,4.235372123879009,5.392037139441979,0.3607706562597204,-0.0594262559672851,6.77708,3.72469,15640.21875,0.8794244970826092,0.5798146692625723,1.273096432080123,0.0322864712950362,21787.65075668048,0.7479898863922051,7.293499784024798,2.3413183048279995,13110.958559483834,0.8774143640097937,0.7698559661707107,normal
0.6758442536621094,0.3023347833856836,0.2571123999111525,0.2781923666174116,0.1621233235304975,5.296092275324463,3.4687124767571063,4.424732449519465,0.1693795728493943,-0.0531371600781249,5.89393,2.99043,16212.421875,0.8621152718877836,0.564648394427152,1.275612342956756,-0.0402739104845716,22123.949995960123,0.77819392446232,5.242509657189158,1.992048675089266,12952.218191008256,0.8604761381008649,0.7404191842409787,normal
0.6805824880566407,0.3456891373738316,0.2155585807584733,0.2788802300682592,0.1592853224458519,5.04566738253421,3.3690885208201684,4.247552722454733,-0.0014876192273893,-0.0512703494433593,5.68154,2.89081,27942.5859375,0.8580391943208021,0.5729291649320088,1.260742392550942,-0.1245153462751691,21707.052378667595,0.7648510099155217,4.109126049488086,1.8381556966740664,13157.26190413246,0.8565060479988726,0.7336026102586471,normal
0.6913772341259765,0.3536276504811667,0.2049595307561381,0.2869220893895295,0.1542153955042888,4.920053234916426,3.35360437223893,4.181234002670766,-0.1257173502288373,-0.0621134856103515,5.68154,2.89081,11634.796875,0.862000903842465,0.587556650705448,1.246788093814207,-0.0302017642090604,21578.355029681898,0.7220367414370367,8.463406094782123,2.367941917215346,13004.10899142132,0.859760125343435,0.7391874731305592,normal
0.6927532624018555,0.3399933860357372,0.2092914329333408,0.2980249483855243,0.1526448208994607,4.712220223413907,3.2116861197730104,4.004051876107875,-0.1089852419015744,-0.0684064525786132,5.49518,2.77382,6389.6015625,0.8636647220669381,0.5886439657929281,1.2467133234024952,0.0436118378195027,21402.70326523902,0.7509624245269613,6.080098425494862,2.09633966399564,13106.503773185115,0.8609513978085938,0.7412373093885715,normal
0.7069235346088867,0.3372074981246344,0.218573334478306,0.2960536872940498,0.147769204222105,4.815873122939268,3.2844413557202654,4.090371671668561,-0.1116224421102627,-0.0785967628764648,5.66902,2.89158,9918.1875,0.880387160807104,0.6004269477587866,1.2453782024588953,-0.0311146084297082,21617.6465644804,0.7456667522481926,6.660097795561827,2.225406710120585,12894.048281824244,0.8768717704313067,0.7689041017793342,normal
0.7132105060839844,0.3245094787515696,0.2033600076875167,0.3205132611155612,0.1514094558075674,5.194435338355021,3.60125710602481,4.442853789967684,-0.201980272051248,-0.0937803212255859,5.94613,3.16869,10299.65625,0.8798844144448512,0.6100162565510853,1.2336952511762918,0.032570681922805,22283.156902380117,0.7227150007427663,7.142955570247141,2.1201761576100635,12802.23811192167,0.8748724673538336,0.7654018341337847,normal
0.6805832759394532,0.3416168241049415,0.2166967929098023,0.3034250631082402,0.1379145331791899,5.481563336883411,3.728015843118563,4.655844643884397,-0.0569512841722961,-0.0593009849003906,6.1023,3.16869,10299.65625,0.8499668814039493,0.5780631920603849,1.248880058403852,0.0570013648407283,21265.074960996837,0.7114174319841914,23.144079984208567,3.466811001166223,12704.097658874352,0.8478956850187402,0.7189270926733988,normal
0.6862447230195313,0.3253448981357172,0.2497495458368494,0.2888400111378224,0.1354304981777338,5.05603729966817,3.409691969642245,4.274874402081932,-0.0702549480882175,-0.037244044265625,5.61332,2.93361,10681.125,0.8603739065343791,0.5802192163797,1.2537421092998215,0.0120690637153148,21039.891942014965,0.7223889150563224,12.48292477659119,2.849114153941641,12656.912499311196,0.8595674145824566,0.7388561402119687,normal
0.679757024341797,0.3476542434992714,0.2394694938398736,0.2730227080184327,0.1397003916663795,5.025030645386125,3.391657244791267,4.245840641065277,-0.090293114732598,-0.0320886613144531,5.56585,2.88614,10681.125,0.850952732453253,0.5743527161670132,1.2518483840269594,-0.0311336824840335,20864.728665480765,0.743678040149719,13.085611763283822,2.947715504890087,12887.77849544426,0.8503474999579312,0.7230908706847039,normal
0.6471503401376952,0.3108859926870453,0.2176822367389577,0.3261174547008651,0.1441952834043399,5.267237534932776,3.5465255728618463,4.459767415691864,0.1072760544609958,-0.0489015391513671,5.6005400000000005,2.88614,9536.71875,0.8137936526060484,0.5479418729189389,1.257503244814638,-0.0496151783741326,22415.36035069308,0.755755842099134,2.7119714928915317,1.6480012398237631,12761.381210130394,0.812323056727138,0.659868748490521,normal
0.6693321846699218,0.2951779854790468,0.2128130769756214,0.3260133481958012,0.1655625652864344,5.43511257367139,3.6951908174338186,4.614898358015276,0.0263413903612166,-0.0687172032597656,5.80396,3.0889,10395.0234375,0.8359243548199586,0.5683230950842044,1.2488931116201905,0.0217886132185287,22908.919310776284,0.7509270926770422,16.73484462070323,3.08062654279102,13048.23804867171,0.8330951163926722,0.69404747295732,normal
0.6861896620996093,0.3400863407796282,0.2128503176835137,0.2883959400321607,0.1582075595011434,5.416172322184652,3.661552716812616,4.58294575639278,0.0339402011951714,-0.0610966938154296,6.23367,3.14477,10395.0234375,0.8588624125388873,0.5806259130860767,1.2516399764912405,0.0172413115665782,21600.87314318813,0.7443075896138086,25.280600959185843,3.6897546553718863,13196.585834641946,0.856686545754596,0.7339118376769416,normal
0.6652328218066406,0.3496875290858732,0.2308437264294988,0.2621844381045131,0.1572127390055304,5.629747176331954,3.734321985023629,4.727322370323562,0.1377396536105704,-0.0591317930498046,6.22139,3.14477,8773.78125,0.8421260974848964,0.5585987969798967,1.2659118279790356,0.0428603861890955,21095.16932725986,0.7429848195797573,6.018346144552519,2.1584857315377364,13360.732367359517,0.840047495750006,0.7056797951158563,normal
0.6594395578095703,0.3607614166022989,0.2298966284295721,0.260035512486334,0.1485437647181216,5.080697470674941,3.391757262075481,4.280179990074349,0.0488137076781263,-0.0635276294814453,5.540649999999999,2.82252,10967.2265625,0.8321704007417224,0.5555378993319681,1.2619358224518773,0.0033595614867013,21037.290061190437,0.7050147573007525,8.056599484617117,2.5297538562542083,13128.81738216654,0.8297420178363315,0.6884718161631072,normal
0.6924639575092774,0.2907861224725306,0.2489277023753653,0.3068430546405352,0.1523408871099872,5.78613408778659,3.961854381398544,4.935679269565752,-0.0464218452143225,-0.0575953608696289,6.2403,3.41778,27847.21875,0.8626717872436077,0.5906845482917986,1.245800272907417,0.0028240469702017,22055.92933010001,0.737145972558287,3.144421580632816,1.6754113928399543,12764.840899463532,0.8607469935540742,0.7408853869123775,normal
0.7028148283657227,0.3404305259063069,0.2362629454887388,0.2987739321009072,0.1222395478376485,5.957499357705895,4.047540386575822,5.068774670397582,0.1211799145814755,-0.0502233894604492,6.40588,3.56241,10299.65625,0.8801419281238507,0.5979706897311035,1.2523098440743947,-0.0005360985577651,20967.793863519324,0.6822653310424729,20.647773150573126,3.682780424274124,12567.983674745645,0.8787078153702024,0.7721274247926737,normal
0.6828785739130859,0.3065597675805763,0.234610730206153,0.3114128594927629,0.1451159390673157,6.161460107689439,4.138047169637948,5.216754685370183,0.1712711197375438,-0.0483145257490234,6.40588,3.56241,15544.8515625,0.8608915882202686,0.5781762662967093,1.2606803333821386,-0.0100436407240781,21963.148089279654,0.7244283325528703,6.6543868334489975,2.2447735575977643,12757.606458096809,0.8595347772313017,0.7388000332700634,normal
0.6717650836720215,0.2720972884610363,0.2343460702965527,0.3293022242927585,0.1637779141217455,4.608730289867443,3.1103840805197778,3.906693074392225,-0.0230578591718266,-0.0558589899024902,5.21027,2.62438,28705.5234375,0.8437478883834303,0.5694366636663137,1.2560162903545262,-0.0064177674456787,23031.89937837779,0.7650212417655243,3.9222480828039457,1.7785551809699771,12818.48159297223,0.8418968300205026,0.7087902723985711,normal
0.6794841543409669,0.2637321637949826,0.2448116869335039,0.3407669358698596,0.1504694647261023,5.499375062695661,3.7015041980962926,4.650012777802762,0.0186146910058906,-0.0537479844093261,6.03631,3.15961,28228.6875,0.8536016254216346,0.5745398275220085,1.2562494945147686,-0.0223567987457512,22808.91548731484,0.7467937952014316,9.327642555394622,2.5287753214923603,12469.485781728828,0.8519077937748847,0.7257468890943914,normal
0.6912581524408692,0.3185509035529368,0.2315254891851882,0.3094714643304003,0.1403699219410964,5.388518244982586,3.670755276296179,4.570810469060292,-0.090828434685438,-0.0452240574896972,6.31662,3.15961,28228.6875,0.8607520148246088,0.5863597108429593,1.245196185803014,-0.0427366901387144,21569.180295954087,0.7021867085729901,7.643510085453538,2.492298986322669,12690.022230891327,0.8595631539618205,0.7388488156487923,normal
0.7016581377689941,0.3549957408402946,0.2238952003300534,0.2775588986536803,0.1430289854098923,5.279708150658216,3.6276596512604,4.499356353277809,-0.1299257940184222,-0.0462886494467285,6.13874,3.15701,10299.65625,0.8702608026922052,0.5979516120803796,1.240291754413771,-0.0399942489220386,20924.59710485524,0.7275317071981829,11.129077412205277,2.8016856786361903,12924.596680185934,0.8690288980436031,0.7552112256348791,normal
0.6879872162548828,0.3201405939735297,0.2463975163819875,0.2860639452547312,0.1469550583097816,5.35820018842463,3.623295562703016,4.536159867894712,-0.0558079569482741,-0.060072896665039,6.102550000000001,3.12082,10299.65625,0.8613208461723824,0.582438111726758,1.2519430969387135,-0.00225116752855,21730.98816639287,0.7528772307672053,7.348937969692617,2.347666975571929,12665.39348385865,0.8592233976896697,0.7382648471373803,normal
0.6922622423686523,0.3255087360363913,0.2388134967457585,0.3189796809775803,0.116374097561283,5.346582058436158,3.5740469748918806,4.507973725855938,0.1025252245781298,-0.0698398660522461,6.139989999999999,3.1207,27942.5859375,0.8731558432005234,0.5836813062797703,1.2613079115985346,-0.0258498929146807,21159.540390706017,0.7126136514167635,6.297680248688945,2.264231872821032,12251.06201190902,0.8703582708431175,0.7575235196250214,normal
0.7040753379575195,0.3393624386780124,0.220550663147936,0.3165826236593848,0.1231553504718478,5.545640558507367,3.7159855060808713,4.683703322951735,0.1443553111634341,-0.0575084148676757,6.41838,3.29768,3337.8515625,0.8874308025700444,0.5946436602244529,1.2604202344942632,-0.0038697658223958,20954.732535533964,0.7243370744234943,7.221176684224543,2.3890463445188157,12581.929316640471,0.8855654755971014,0.7842262115695204,normal
0.6860300925717774,0.3287848982632155,0.2304409128199881,0.2953492743284474,0.1448727199280179,5.675589197169308,3.830050926157003,4.806902839549962,0.0302224462157059,-0.0748476078041992,6.239940000000001,3.29768,3337.8515625,0.8610016063960869,0.5810286624769659,1.2550493276007462,0.0409118408350966,21505.164128981425,0.7705190999210159,18.170659491374284,3.2526045414395237,13057.715115632736,0.8577421534602522,0.7357216018226308,normal
0.6824506215581054,0.3318197294469925,0.2325492446778675,0.2959945616908813,0.1395569850830083,5.198695838129167,3.536150738592891,4.422634993150227,-0.0148712665843371,-0.0714191699897461,5.71725,3.01823,10395.0234375,0.8535354466255071,0.5805744544358952,1.250691873760474,-0.0100256138224121,21512.0783004504,0.7273267005144222,24.083957332968637,3.652233126796848,12679.386763708137,0.8505422157683765,0.7234220608041795,normal
0.6800423420693359,0.2887249076135737,0.2568209627877345,0.3218255347564815,0.1322262061481231,5.164709318821113,3.5186250090091726,4.399387824728955,0.0126891881239359,-0.0533844118759765,5.47118,2.99177,16117.0546875,0.8502667923804894,0.5792717102388437,1.250314487467308,-0.1080109328596417,21927.88020304701,0.7616775180974874,4.285577895467859,1.861033358353078,12420.693822358546,0.8485892544651166,0.7201037227936624,normal
0.6751369960156249,0.3132297086581664,0.2516213717484951,0.3018417660155809,0.1328610435891142,5.229746312329163,3.5353537740916474,4.431352477580358,-0.007065758504217,-0.05894654515625,5.74017,2.99177,10681.125,0.8462434571399258,0.5720679018305116,1.2534396161580528,-0.0558484416966279,21550.28032217581,0.7541586255501057,12.088959082233975,2.7595675345283333,12718.07869118493,0.8441879491951277,0.7126532935662755,normal
0.6903359887900391,0.2919608836436597,0.2432976800526403,0.3217890620718023,0.1428040553233775,4.899704833118644,3.3160053563806526,4.151094606877822,-0.0781248905454483,-0.0577697720029296,5.5562000000000005,2.86565,27084.28125,0.8641873857308223,0.5848617615963663,1.2518359172400888,-0.0022496957563851,22427.552390680336,0.7489815091984072,5.623522027350333,2.0278427264670804,12637.973733239596,0.8622543076720478,0.7434824910990026,normal
0.696237669607422,0.3406492403347121,0.2293389245346252,0.2869528204596349,0.1427200155066046,4.927145466842721,3.3642814651792383,4.190982659190629,-0.1698310590317988,-0.0473711271328125,5.78357,2.91792,10299.65625,0.8673233884265812,0.5922130815167066,1.2457289030563758,0.0314918957087949,21400.94065159549,0.71975755421477,11.121352654652474,2.7943998808924007,12762.71990347812,0.8660287734399666,0.750005836425933,normal
0.6832256060893555,0.3420253626349395,0.1968526843300972,0.3175149822461757,0.1429653339830515,5.038423944586494,3.4149966282341606,4.270800119306975,-0.083292430727599,-0.059101122387207,5.6776800000000005,2.91792,11444.0625,0.8544430105363849,0.5791334814401917,1.2506015625307767,0.0331346474648708,21917.922476398468,0.7334690565764556,8.357250790469466,2.36410888951921,12815.379501968962,0.85239657178279,0.7265799155870531,normal
0.6827366478618164,0.2776410828455044,0.2264519540940934,0.3544983408845792,0.1410986612802828,5.60138248977415,3.726322773558968,4.723314633979754,0.2444271039678769,-0.0538430318452148,6.260400000000001,3.22478,26988.9140625,0.8654054401519409,0.5757114437171785,1.267553811359334,-0.0468238593858258,22677.1646375285,0.772691363412167,3.910623400955692,1.6801653978462232,12557.805767213547,0.8637288369426424,0.7460275037662896,normal
0.6947948872988281,0.2761540847876439,0.2597949699857165,0.3222172537128681,0.141183885756207,6.5005816460387535,4.33561445102526,5.495549938262248,0.3739620220973196,-0.0318795002695312,7.0430600000000005,3.81828,10395.0234375,0.8806779392242952,0.5873751316279118,1.2675365857226286,-0.0602926782883801,22478.90503396812,0.7547023123727146,13.108203645933944,2.892471046975841,12359.62441141734,0.8801007499706589,0.7745773300989163,normal
0.7071416765678711,0.320299906274189,0.231907903450386,0.3143567081761287,0.1329565309805548,6.348313253945369,4.320012236465749,5.399596893414786,0.0766135086998209,-0.040764986871582,6.64834,3.81828,27942.5859375,0.8838586075681532,0.601463703390346,1.24990314792077,-0.0015800211597071,21839.25398299357,0.7114593925793964,14.413892076665192,3.103635685074527,12377.61853249979,0.8829180335782447,0.7795442540176745,normal
0.6922714154526367,0.3161600684475551,0.2330045843242975,0.3114580771999257,0.1391572620658676,5.411552958361557,3.678301203558704,4.596058610797407,-0.0522898452960958,-0.0439149569418945,5.93424,3.18172,28896.2578125,0.8649971342536416,0.5879495265926995,1.2495057790130903,0.049851884127283,21864.37421343985,0.7181414058212396,6.471910985380083,2.208795812909303,12581.969782366034,0.863881657881335,0.746291518823804,normal
0.6871569398325196,0.3140765149672192,0.2526523694298174,0.2905620625477713,0.1414190754797313,5.444908264680036,3.708496882155904,4.630266851085691,-0.0656304625619474,-0.0345308676030273,5.876799999999999,3.18172,10395.0234375,0.8579540717182249,0.5843477695738498,1.2485562205445144,-0.0321347847602703,21942.721787916496,0.7398819787864305,15.092774949178182,2.978236587071896,12683.973885501056,0.8572588922609453,0.7348928083604631,normal
0.6978210861313476,0.3200885716295621,0.2408562712617942,0.3043994299131752,0.1338233810188354,5.185013141066875,3.588611901566871,4.432697809618461,-0.3377973071519347,-0.0377512535698242,5.475580000000001,3.09323,10299.65625,0.8619572371839441,0.5965712941980188,1.2352123693517938,-0.0458977740300347,21720.85786749662,0.7152129249320899,19.811255774491126,3.449365907475305,12495.729340674625,0.8611301420735921,0.7415451215876849,normal
0.6999172619550781,0.3136396040486238,0.248098035303896,0.3127691482034316,0.1251697025679729,5.306334643883801,3.631447774506811,4.524377625941798,-0.1204568818901563,-0.0511922500478515,6.05187,3.16669,27179.6484375,0.8720185988162998,0.5967754038373734,1.245888115947435,0.0068049994360732,21287.474384168298,0.7038015793407487,6.624304011845309,2.2723299230952074,12475.856454967605,0.8705146697308329,0.7577957902165811,normal
0.6795873526289062,0.3425894685294594,0.2373617254359362,0.2867402103704304,0.1331572959161796,5.479946993741064,3.7078714475487913,4.659724739946999,0.1245302501019351,-0.0631053057998046,6.05187,3.16669,27179.6484375,0.8540452507039971,0.5778687282225254,1.2567115138329463,0.0067664946274273,20918.92625691655,0.7294660715697134,10.470782959387776,2.680291607332464,12805.446116351364,0.8517106378518273,0.7254110106299665,normal
0.6674332877490234,0.3352210011245065,0.2168616292094839,0.3059291740416632,0.1411184031179191,6.093467510553727,4.096184783685498,5.154597565253118,0.1187168729022261,-0.0535736637548828,6.28861,3.44035,9059.8828125,0.8398913090303954,0.5645964295438358,1.258389901203462,-0.0254376734216063,21678.7943958318,0.7306016727172966,9.98534040682315,2.7466415796746686,12664.647117506218,0.838180931265243,0.70254727353667,normal
0.688979071484375,0.3174899607974519,0.2020868347091027,0.3414809985505443,0.1381397391178366,5.932427343117224,3.942957825843275,4.993402764162223,0.2305327191976705,-0.0562435411523437,6.5128,3.44035,10299.65625,0.8725302557006724,0.5799228209666114,1.2664103915679827,-0.0168744794219273,22129.247146424903,0.7238752249259233,19.96092191887307,3.693466390116292,12555.988208514114,0.8707156316454446,0.7581457111917256,normal
0.7146250466333008,0.3248650786990565,0.2136151427229044,0.3231676327202293,0.1382612089385008,5.153892476216587,3.403991860713785,4.327472168194071,0.2022776809884057,-0.0642620194291992,6.16497,3.09252,15640.21875,0.908498059496396,0.6000358009545017,1.271293335961926,0.0725017600369563,21649.11140804899,0.6989747195810518,19.30298460083663,3.79846265618656,12653.303833660091,0.9062224434252322,0.8212391169675982,normal
0.7088418873706055,0.2797736150450682,0.2459751021333806,0.3399183140430957,0.1336035913264578,5.335324732014022,3.5970549974128088,4.516804180233282,0.0249149025210608,-0.044042900684082,6.24957,3.2017,15640.21875,0.8900892542101334,0.6000946822952605,1.2556950570625152,0.0381729546832987,22173.82169398971,0.6871410429420844,21.611934067828635,3.6797226152280498,12319.47659794658,0.8889989332725229,0.7903191033596836,normal
0.7051747669726562,0.3184433718074269,0.2123896243940496,0.317683972574772,0.1505718389912358,5.309328901253923,3.661603863610937,4.540292917378521,-0.1371055485310202,-0.0527457248046875,5.52727,3.2017,10299.65625,0.8743982471229433,0.6030328991756083,1.2399738165288732,-0.0812658693469231,22004.86927719572,0.7475562409258876,6.2805417291673855,2.2470211026831945,12976.356784449328,0.8728059252127612,0.7617901830865041,normal
0.7091720973632811,0.3485503011451858,0.2078330416629223,0.2898956037193894,0.1533479554679232,5.111907803011423,3.4837450970948582,4.354951374261315,-0.0625763081073116,-0.0640100114550781,5.70284,3.08841,10395.0234375,0.8865200851162924,0.6041599573021679,1.2500775036304943,-0.0902709755507127,21619.79316833912,0.7188672437104715,32.85512008336738,4.361193692100829,12854.067518385227,0.8842061862190962,0.781820579748119,normal
0.7059297141552734,0.3393530802394815,0.230289672324688,0.2993912517407495,0.1302613635371913,4.60522857951508,3.140538103767521,3.924314197929709,-0.0483058553444726,-0.0656159838134765,5.502000000000001,2.77029,10395.0234375,0.8821067945893235,0.6015532024453183,1.24956745254004,0.043438656263758,21310.28179221344,0.6803356544785454,11.670425514856683,2.8766824171212164,12387.440081446102,0.8796629693972804,0.7738069397288407,normal
0.7026545373540038,0.3034205446202801,0.2514428661929234,0.305877917263411,0.1387679392550784,4.808577019622607,3.2618386048747445,4.082504057829457,-0.0437540438581223,-0.0570199364057617,5.600300000000001,2.86859,15544.8515625,0.8794395883698711,0.5965569415429965,1.251595971587388,0.0608001636674314,21863.753564499995,0.6892193069145252,8.158356075575067,2.509532711506365,12241.59231209157,0.8775891501405718,0.7701627164444511,normal
0.7000742288725585,0.2872703125904396,0.2332481127236461,0.3465727898705089,0.1324621826413395,5.580163210786528,3.7740685820780944,4.725713165199589,0.0127360291028488,-0.0487107660395507,6.50052,3.30835,9345.984375,0.876600392401545,0.5928769240306299,1.2521534949419215,0.0389335287928408,22302.84035443265,0.7408094166649989,4.969117934925174,1.9465141097152725,12418.362863188238,0.8752459707021694,0.7660555092303828,normal
0.703344994296875,0.3192969527554231,0.2266701226212334,0.3161462881621151,0.1374074082301229,5.63950547982348,3.8139444831239726,4.7685133571653,-0.0316540729594176,-0.0513493301171875,6.66226,3.35391,10299.65625,0.8793809177979534,0.5947170389317503,1.250283893293446,0.0562315803353454,21767.771235594937,0.7191886742124968,10.606439994411677,2.8121265723772133,12591.201982774166,0.8778804274408257,0.770674044883687,normal
0.6830787968798828,0.3301595697355454,0.2117449327958409,0.2858618428580967,0.1717057003853634,5.785343524828618,3.932497306888475,4.909989909392216,-0.1199898282771885,-0.0645215918505859,5.972189999999999,3.35391,10585.7578125,0.8528702598537129,0.5797252981791352,1.2485679013159112,-0.0758522073330224,22207.918195797527,0.759853648821762,14.005263187253014,2.8733620942682223,13226.801148441527,0.8504261545413607,0.7232246443280063,normal
0.6844779529638672,0.3134699449110404,0.2124854252356203,0.312465568616237,0.1606420433347793,4.727380027357788,3.2292094790919057,4.022656957871878,-0.1732847015008771,-0.0621596346630859,5.28491,2.75342,29468.4609375,0.8526606953892308,0.5824410104678918,1.245709509995338,-0.1091650001369652,22392.24988316015,0.7395824509915654,5.361233146814172,2.123191094453877,12964.319768946094,0.8503919339223522,0.7231664412801982,normal
0.6764154835328613,0.3214355765149461,0.2204627798095698,0.3076216319740079,0.1492162055086785,4.820256425763445,3.2464742417800303,4.070604631371119,-0.0657025592013611,-0.056557780935205,5.28491,2.75342,29468.4609375,0.8481262424833871,0.5712185736184993,1.2538539745626385,-0.0732357200190453,22023.213465285884,0.7228248752202459,6.32421422988744,2.2072249755323115,13047.191024919332,0.8462383473966861,0.7161193406046744,normal
0.6682433917857911,0.372205752066768,0.1962374581994073,0.2803514018994261,0.150027082155224,4.998827433605686,3.3622937334820957,4.215006140910544,-0.0327938568171979,-0.0609075601432128,5.56831,2.81665,8678.4140625,0.8377168157414344,0.563462139353815,1.2536103252779625,-0.0552655614333454,21164.739199591084,0.7238070651117894,12.188725735966097,2.996684573491587,13089.963862954624,0.8354996903011809,0.6980597324933692,normal
0.6746829452729493,0.350953087992442,0.1875686393357595,0.3017196961432583,0.1596064118817402,4.9005065470813856,3.370403297532291,4.174775751683627,-0.2026312267239975,-0.0721937791489257,5.56831,2.81665,10395.0234375,0.8357011761952249,0.574767112938054,1.2386576273350651,0.0044160256072488,21994.024004212333,0.7330771807927785,15.260899578019778,3.1815147369776238,13084.1509571416,0.8325770319593728,0.6931845141462785,normal
0.6758032571868652,0.3189603586356818,0.2573618108830965,0.2445877130145072,0.1781754144224784,4.514767253663836,3.074318044779494,3.834755119097359,-0.0866655149082311,-0.0791826516754394,5.05485,2.59154,10299.65625,0.8429641833578994,0.5740140863068649,1.2473514656719282,0.0562716045423597,22147.17312286189,0.7748733042809766,6.030908009773542,2.063949392672568,13555.139967522317,0.8392369880420525,0.7043187220978961,normal
0.6963669326297363,0.3169903163275684,0.2568909155298246,0.2543855149189644,0.1711359550333445,5.195640617213082,3.498511985431653,4.389582354889478,-0.0217149718779769,-0.0715331142364746,5.648300000000001,3.05676,15640.21875,0.8737314643279267,0.5883316851964315,1.2546998189997292,-0.0170540983756509,21948.02579234113,0.7812402361242021,4.776389153364816,1.8395648882093043,13258.212129947084,0.8707983034688656,0.7582896853242546,normal
0.686224154128418,0.2833112826485008,0.2464968976443338,0.3161199253035222,0.1540557222144892,5.283604614232874,3.546933993446875,4.454462848050619,-0.0248470995180092,-0.0596700465600585,5.67473,3.05676,6484.96875,0.8618034633989541,0.5785368556469495,1.2558629104123296,-0.0496312008785142,22488.517668263576,0.7465040680708837,3.135669788019712,1.6680898929768466,12745.825321055438,0.8597352470789787,0.7391446950699527,normal
0.6508011447529297,0.3100177780516518,0.2246555029552138,0.3108582320751351,0.1540611213303313,5.1776377709197074,3.4337013348402388,4.340542457208521,0.0656245419247554,-0.0495033474267578,5.4428,2.82483,10490.390625,0.8226778407713297,0.5455827782827348,1.2641001746910745,-0.0064576029027625,22159.36155949984,0.7534214686027376,3.40428391919756,1.7455049031231034,12885.39546373198,0.821187097006354,0.6743482482897231,normal
0.6708263808022461,0.3382480537749835,0.2391887844266549,0.2834663395859332,0.1382253722376425,4.703577326855057,3.191198337173012,3.9862028037747774,-0.1314376993865424,-0.0569071551557617,5.002179999999999,2.67405,12207.0,0.8379454103027835,0.5685140934608477,1.2491241165868858,-0.0500921614823321,21237.63893259356,0.7282790366364177,7.396822243481615,2.2254852259594458,12744.313161576512,0.8360108171187608,0.6989140863395782,normal
0.6668803796552735,0.3136700304924729,0.2370936534228794,0.2927776061810448,0.1556089885473193,4.798094456615244,3.272726592499084,4.080656865938552,-0.1899927635232319,-0.0684725184736328,5.01171,2.72131,10395.0234375,0.83151156171649,0.5671647410459097,1.2468676348617698,-0.0451329897433908,22118.50530203623,0.7280452568612843,14.812258007273623,2.974583092770921,12950.51121729837,0.8286875113588198,0.686722991482074,normal
0.654863605890625,0.2895887208320689,0.2377005346326318,0.3023297499401405,0.170043144546328,5.145117806982208,3.473928102824466,4.353242376514257,-0.087393742063015,-0.0684958454609375,5.4305,2.85078,10490.390625,0.8206214739108106,0.5540747767002214,1.2531181554894202,-0.0826879937852931,22815.60201080163,0.7489355409879558,11.51522364854366,2.847860284091473,13027.92925314422,0.8177578630610302,0.6687279225981425,normal
0.6888890022753906,0.3053851816394162,0.2337172175417443,0.3148823092069699,0.1457766606395056,5.017689310251835,3.423746234149267,4.262558975830668,-0.1510538946454276,-0.064442284921875,5.51615,2.93643,10490.390625,0.8576657845465713,0.5852155879800024,1.244998514584662,-0.0553319832248744,22071.59046380238,0.7474419146787525,7.043479124511162,2.2709900187598784,12780.839959805486,0.8552413635319174,0.7314377898959332,normal
0.6938329897285156,0.3471778282821371,0.2507323301014055,0.274352673526855,0.1274582850023199,5.696126698897011,3.864868298625844,4.832661533306441,0.0221673721516886,-0.0623750125761718,6.4076,3.35306,10395.0234375,0.8675741942337809,0.5886561478081731,1.2504078172662951,0.0617080720462208,20870.241533954475,0.6954439137191295,7.460062651814528,2.4287266927066464,12384.91899620284,0.8653290358623802,0.7487943403065165,normal
0.6560215403879395,0.340856012483819,0.2288233315352563,0.2791123912950253,0.1497496936971397,6.045836312429519,4.065028777530976,5.111204119939663,0.14897972813108,-0.0614521404519043,6.4076,3.35306,10395.0234375,0.824855169177077,0.5546064806793575,1.257359885910602,0.0678090252835439,21615.977614864005,0.7425858032664668,6.404850140343395,2.1558073446137107,13118.753238187082,0.822562875743869,0.6766096845520237,normal
0.6575002524318848,0.3145010308570422,0.2244704834033944,0.3039512383742506,0.1567247743473488,4.979900845272985,3.377143682706319,4.224089633011547,-0.0781454031650175,-0.0595559117770996,5.1010100000000005,2.77734,10395.0234375,0.8223931999761236,0.5577098995126185,1.2507876566348866,0.0284452335951972,22290.02825993441,0.7301520361563911,23.037945120690903,3.743657825324069,12817.125985556366,0.8202339109908628,0.6727836687393668,normal
0.6749967251533203,0.3204258084828748,0.231327565205037,0.2921309853187589,0.1552916566950546,5.994289267392973,4.045797012460476,5.077935747349662,0.0774973851360578,-0.052797042086914,6.08943,3.42759,10299.65625,0.8471977188780143,0.5718092416135137,1.255113821012361,-0.0136392988282951,21857.21102766404,0.742170829094039,24.07710291399492,3.88029060943525,12925.53126269816,0.8455509725729039,0.7149564472189838,normal
0.6748659407783204,0.3268160415494908,0.2379274006190947,0.2736203798065953,0.1614101800859992,5.989062521657967,4.055435396275547,5.078919816351931,0.0235191625354209,-0.0594178150849609,6.08943,3.42759,11444.0625,0.845184219467002,0.5723082682147609,1.2523734987903732,0.0089849818866129,21911.24530933268,0.7389906587641522,6.0845975524430855,2.172054881197479,13017.54986011965,0.8430930482969093,0.7108058880865746,normal
0.6938494202412109,0.3420584225071161,0.2183081252640679,0.2842171941675861,0.1549841901228821,4.675250496624066,3.1948969651378527,3.981036690986541,-0.1065942835692008,-0.0552756418779296,5.48042,2.76224,28324.0546875,0.8645787423322477,0.5908218184233284,1.2460610575010411,0.0460066289080913,21497.849241790023,0.7162529243411894,10.064722783604394,2.7034840344787368,13007.9622550303,0.8628099472698457,0.744441005107794,normal
0.6888932659492187,0.3327471019929567,0.2418754454912187,0.2727189161591031,0.1520557360804534,7.268787655142331,4.920321411077122,6.168052744927284,0.194842345797412,-0.0608408662773437,7.11327,4.24913,28228.6875,0.863587892944134,0.584572036162583,1.2535873634273451,-0.0109177092686025,21242.205600343797,0.7381783939852613,3.8740976479886857,1.799926592345812,12965.71027465262,0.861442068760466,0.7420824378303115,normal
0.6990289104052734,0.3557108512661336,0.2313190050972926,0.2924777893874412,0.1202464987787378,7.153489370053135,4.867416028260219,6.078618404404044,0.0333613868376003,-0.0609014285009765,7.11327,4.24913,28133.3203125,0.8729744848867552,0.5939940328685269,1.2488388847617675,-0.0286884082160032,20556.088872760927,0.7015494805010378,9.247436778533864,2.646372508844659,12602.718521808496,0.8708475568489793,0.7583754672698362,normal
0.700712790493164,0.3613808074949594,0.2161216471900228,0.2841905436990218,0.1376536682275511,5.047603564441556,3.453801196156056,4.303817542530531,-0.1163297053771748,-0.0513329545068359,5.49887,3.01574,10395.0234375,0.8731654860031897,0.5974597571894789,1.2461103862377805,-0.0963342367672791,21300.90988897619,0.7241680643664752,21.00995856568128,3.568062133238241,12716.809255430013,0.8716552608278031,0.7597828937287855,normal
0.6750350424672852,0.3290422660150253,0.2330686235954546,0.2852009263615679,0.1523754815216418,5.25814991062257,3.571808529835104,4.467531032133276,-0.0230139154405315,-0.0464142055014648,5.88966,3.01574,10490.390625,0.8443173744644215,0.5735363295572024,1.2507756210379857,-0.1271390924323,21769.799714793804,0.7738237264905328,7.814601701285717,2.29205166445782,12996.247911793253,0.8430406575902267,0.7107175503501618,normal
0.6805631168095703,0.3002862295190645,0.2322875289226952,0.3104615383387585,0.1565067772244981,5.887151757568981,3.998991163475094,4.999933020102433,0.0325698426892344,-0.0524280079169921,6.36791,3.40277,3433.21875,0.8509071065420953,0.5779993688161909,1.2502985917472065,-0.0021631873126485,22125.763652001584,0.7580510687941775,7.906595637223468,2.341235208664863,12868.021761001177,0.8492904143752574,0.7212942079496966,normal
0.6725914029233886,0.2889669347589541,0.2508301503931005,0.299989460307828,0.1596455570603255,5.993147079408824,4.020604012633527,5.059193419972381,0.1812979419081526,-0.0595310988646972,6.542009999999999,3.40277,8964.515625,0.8463330358592462,0.5677768215786314,1.2583167613809771,0.0889871807491056,22264.220417546505,0.771691553135919,8.003801379357862,2.297595343516223,12892.34043730579,0.8442367297474623,0.7127356558546898,normal
0.6708267024092285,0.2821711647046052,0.2623158841662152,0.295175702476668,0.1596506783825787,5.676319230848115,3.762911053666908,4.769681929041802,0.287960404126331,-0.046970914154248,6.33887,3.19963,15926.3203125,0.8503071038264384,0.5636804185732757,1.2675510691101266,0.1218303624227775,22260.03413118592,0.7344925361529934,5.8156649512264575,2.1537604600008184,12939.246902047138,0.8490087773640622,0.7208159040412198,normal
0.6877850890185546,0.3227491126938749,0.235406729666954,0.2918194095186314,0.1474131030963454,5.492578466783805,3.6866906125658327,4.652078172508452,0.1821258795776166,-0.0378521276708984,6.14539,3.19963,26988.9140625,0.8678867679035176,0.5825369668088788,1.261857492639106,0.0316734512021339,21483.472907604017,0.7110857145528181,6.44875527565836,2.296907040398614,13013.66261362857,0.8670609311535149,0.7517946583328003,normal
0.6854190300384765,0.3256532105512777,0.2273820468533789,0.301211532598654,0.1452730110062069,5.590948728452639,3.79338612038243,4.7584905832230975,0.0647562879760861,-0.0430094779107421,5.80056,3.26156,11730.1640625,0.8598017434806203,0.5833643194404101,1.2544176712344195,-0.071472033022515,21733.067911963164,0.7498069145690606,4.99387483658681,2.027639861083898,12983.68889441884,0.8587253477696812,0.7374092229021599,normal
0.6837120048187499,0.3294729733145595,0.2144393282800814,0.3093250442233571,0.1467254114235379,5.598365979539856,3.808938881654683,4.770371116804699,0.0651476113058313,-0.0700360080523437,5.80056,3.26156,9822.8203125,0.8562909779699878,0.5825914225543497,1.2524147183827612,-0.0545808159913675,21916.700466426624,0.7366292207476309,5.625755277782291,2.1909050238500605,12929.444831294975,0.8534220506460388,0.72832919652889,normal
0.6780197414072265,0.3478853576868119,0.2206247385505845,0.2923427040090776,0.1385849642558782,5.445034895138488,3.728897391005445,4.646914842716435,-0.0152696693665967,-0.0700015235537109,6.2156400000000005,3.1507,11253.328125,0.8449414584589732,0.5786372467168305,1.2461900544448772,-0.0415512210089181,21324.121552534343,0.7497880670253365,12.824980042474753,2.6915160779810714,12786.975899634466,0.8420367301507317,0.709025854922936,normal
0.6780187955532226,0.3083909492363061,0.2551089164900919,0.2897965246729385,0.1460715248153123,5.290771718220114,3.6378953319334495,4.520435156224825,-0.0273689484556869,-0.0476126735297851,5.89678,3.06494,8678.4140625,0.8425036237562837,0.579299233313186,1.2425962661829328,-0.0254664512934884,21714.883701500697,0.7677105374805167,4.161831407667426,1.7536920532524662,12826.223935312391,0.8411571728053062,0.7075453893618158,normal
0.6863768045756836,0.2959876093112595,0.24054841322704,0.3131533057788809,0.1500962536584021,6.501272610928635,4.468100248859845,5.552606053399578,0.0012021564415647,-0.058237745161621,6.22556,3.81118,10013.5546875,0.8529754901923975,0.5862206106529679,1.2427219050907536,-0.0648264326115012,22419.35558460518,0.7497577563669794,6.627378991385383,2.144962572332389,12611.045185145462,0.8509850479928839,0.7241755519074509,normal
0.6790171503564453,0.3168864174880598,0.2344401058814429,0.3000823846299124,0.1481520791056206,6.620193117804546,4.490094553457538,5.612789011292789,-0.0118998849224323,-0.0549563560009765,6.539,3.81118,10395.0234375,0.8487972702190094,0.575690154679944,1.2500380436244347,0.007562243670796,21882.792683659216,0.7463083978580294,6.969603467119288,2.056699489735553,12902.627201169636,0.847016295514045,0.7174366048663361,normal
0.67663829046875,0.328572223483029,0.2283928238855915,0.2982648989890271,0.1444942727768845,4.760555891017844,3.222807515823069,4.031430142846729,-0.0915773908027599,-0.0399007583496093,5.42807,2.72782,11730.1640625,0.8464110830718803,0.5730045109115967,1.250906274437289,0.1363280722683765,21696.375458406037,0.7314873951031999,9.221968658198715,2.536500951026848,12684.137124014129,0.8454700769572151,0.7148196510300393,normal
0.6790110127436523,0.3486991838506096,0.2000287162232378,0.3035655823944342,0.1473506321181376,4.918862175526958,3.3129665117272062,4.155263975173835,-0.0060474093253799,-0.0445409434467773,5.58034,2.82147,11730.1640625,0.8516445880188008,0.5736021663785966,1.2542426735872738,0.146726116591491,21676.66447703869,0.7422773531651142,8.668152741006299,2.4825493287313045,12957.393988431366,0.8504790465723326,0.723314608658584,normal
0.6747847810346679,0.3251564203211748,0.2502545609166797,0.2814695380061319,0.1427778943630107,4.975932528977494,3.3214718441019757,4.181288729828427,0.0116551249045206,-0.0505173909565429,5.58034,2.82147,15449.484375,0.8494637716138279,0.5670233636748657,1.2588662274085665,0.1107807717274739,21434.244967914998,0.7469912025505656,13.718185756146564,2.8981941111411995,12848.672253270232,0.8479603130426172,0.7190366924953334,normal
0.6985310950668946,0.3106576911352599,0.2627659767003611,0.3045681448254099,0.1219285525609518,5.952388286323427,4.019268306942424,5.037012704012914,-0.0108512055332115,-0.0400920433676757,6.368320000000001,3.51851,15449.484375,0.8754105800606863,0.5911089516932799,1.253216336742823,0.0336176498947836,21409.316288472502,0.7252509668868066,10.046135191146917,2.612193643374756,12499.39917021772,0.8744920306902697,0.7647363117407916,normal
0.718441610753418,0.3685708444373224,0.2025596566751339,0.3018265995116524,0.1266779364037659,5.778640831806664,3.91365057795548,4.897419563867127,-0.0599555746899369,-0.0404092862221679,6.74438,3.51851,10395.0234375,0.8990352945198535,0.6088819330375228,1.251368630468174,-0.0716534396218222,20844.326640074058,0.6934729573467744,19.24673765870301,3.4000948509671844,12781.56157161491,0.8981266894928659,0.8066315503794147,normal
0.72730210996875,0.3520352646358608,0.2005220267588741,0.3242523015760002,0.1221605163287348,5.2640799969397145,3.524873565180109,4.435392054807329,-0.0261386122455529,-0.0606622272050781,6.0953,3.22587,27942.5859375,0.9151732509972084,0.6128079364058615,1.2583123827820746,-0.0237872006100962,21268.620920852914,0.6929230040375055,13.365997976094736,2.985145317824172,12664.0889282355,0.9131605409408132,0.8338621735313188,normal
0.722689937290039,0.3319915948513469,0.2373047146142951,0.3072204061201347,0.1232379507791886,5.038633487627013,3.374348175532857,4.255393414680644,0.0940121149703849,-0.0608892085693359,5.9447600000000005,3.07533,8392.3125,0.911384907550141,0.610350010087428,1.261100868468814,0.042820630672975,21173.452543223808,0.7048099203888601,6.449098992596968,2.163769807784567,12627.595607955156,0.909348642705304,0.8269149539899789,normal
0.7225692159521484,0.3089468780349007,0.2445243488068608,0.3104123109803401,0.1351803730679123,5.015795159970973,3.3933206514907552,4.256104373264169,0.0129225667312486,-0.0452314180546875,5.93459,3.07533,10395.0234375,0.9062892416750964,0.6131291055390303,1.254259414415898,-0.0205878011804302,21640.39622022721,0.7256991062251913,10.498533751844398,2.601918524250079,12679.657575543906,0.905159824780565,0.8193143083967832,normal
0.7364335513471679,0.3216668581197309,0.2531114089771372,0.2864663791631595,0.1380513858262382,4.879583972438718,3.2918777998965547,4.129306703146714,-0.025725091225996,-0.0344256764643554,5.75485,3.04096,3433.21875,0.9237766967217192,0.6232006698063215,1.2543924635587853,-0.0113905089647,21246.015167824666,0.6957605735281821,8.453445546666023,2.581128919954101,12738.442030683544,0.9231350162387204,0.8521782582060627,normal
0.7328448400151367,0.3338635289461772,0.2246270540095395,0.293639977350072,0.1474988890515105,4.925324281553854,3.2968423342879696,4.149527749881121,0.0044153683661876,-0.0573771128618164,5.93679,3.04096,15926.3203125,0.9223856319646436,0.617413154173197,1.258637001449846,0.0297408040887767,21475.970711214017,0.7146775797064161,9.26482524157655,2.739685297950188,12970.565809189036,0.920599327055184,0.8475031209744577,normal
0.7389578527304688,0.3496998058304975,0.2285385580974433,0.3019154899964602,0.1192980691719905,5.770876797997234,3.857584432550486,4.865365442312132,0.1580554191474701,-0.0672862276113281,6.85152,3.5953,10395.0234375,0.9320081161834548,0.6230075820103694,1.2612466499133344,0.0647322343885881,20888.94429651381,0.6974663068427429,11.697513749342422,2.875000467994267,12559.712011493864,0.929576081988811,0.8641116922056686,normal
0.7518979593149414,0.3257525001132297,0.2418476243461216,0.3152654166959831,0.116107564995053,5.644825649347667,3.8209252467634056,4.7816328737954,0.0280504243895265,-0.0497904580971679,6.85152,3.5953,15640.21875,0.9409501018229744,0.6369195832320319,1.2514332432558792,0.0176672016005429,21173.205027987515,0.695352056145926,19.30534861509484,3.2739432579495524,12238.980161182491,0.9396318451410318,0.8829080044031401,normal
0.7477023219418946,0.3066712567101128,0.2333966130898705,0.3233188969091699,0.136544594093428,4.801439109616426,3.2531907795452484,4.066083400816645,-0.1135300520841178,-0.050883268067871,6.07062,3.04022,29086.9921875,0.9345348016832205,0.6331893273229232,1.249875484211543,-0.0240770106940366,21848.326314955037,0.6897937095548501,11.83332004524915,2.746338397543863,12460.700042620756,0.9331485351152996,0.8707661885878293,normal
0.7409372721743164,0.3507255915947725,0.2327314234647354,0.2954926917438159,0.1210397431398185,4.890705587354835,3.244575333377499,4.103208347284686,0.0193601875385271,-0.0634557882045898,6.050890000000001,3.04022,11825.53125,0.9370163080279688,0.6216321849061293,1.264636485728743,-0.0121383275219657,20790.971855237163,0.6553625046406414,11.70081750893147,2.924514380824301,12311.823726605062,0.93486519052412,0.8739729244536993,normal
0.7094148938295899,0.2927142029392139,0.2709420854174462,0.2980749425974502,0.1381471549228189,5.059823154435794,3.3563259753095767,4.243877632379114,0.0225038260360523,-0.0641510078383789,5.98081,3.01067,11825.53125,0.8970135863285168,0.5950148667470002,1.264441434949617,-0.0017155218427488,21905.57211065361,0.7243661226782764,5.347010881282339,1.990760939919436,12418.409767802948,0.8947167273787094,0.8005180222512678,normal
0.6954504620205078,0.302551474749733,0.252573810406362,0.3200235795526482,0.1246880737453279,5.0203033020094034,3.3781377029421504,4.246139964334256,-0.0054729025322628,-0.0578657098154296,5.641780000000001,2.95298,28037.953125,0.8741443539818214,0.5882074891407565,1.2569469742562975,-0.0097362901374096,21722.428113403057,0.7022503945151212,9.318989171808187,2.518403056598326,12406.463404653192,0.8722269837753545,0.7607799112258524,normal
0.7091094844033202,0.3258188511327317,0.2293370490789769,0.3207100377667833,0.1239801043283722,4.910336863199677,3.324364878076726,4.164349885243438,-0.0608840257948819,-0.056828933555664,5.70261,2.95298,27847.21875,0.8882839604864354,0.6013803293478682,1.2526753343792625,-0.0427595042803359,21441.049887131496,0.7366865938959103,13.273570102317066,2.9961263439350736,12548.258895283254,0.8864642501355557,0.7858188667683932,normal
0.7098396841066406,0.2938299866077469,0.2543674776521185,0.3237375128122506,0.1278956881343473,5.97873640207778,4.004418046194074,5.040912871056719,0.0757384871315958,-0.0541332112716796,7.01445,3.57824,28514.7890625,0.8935730382597973,0.5984943572284707,1.2588378168577483,-0.0156580642245374,21575.790137812317,0.7186050998484058,7.567857756454797,2.4722165892535117,12311.9624481331,0.8919318192228938,0.7955423701422608,normal
0.7220998258839844,0.3570097069777148,0.2137557787147244,0.2741368455046729,0.1549227557320484,5.857741839383889,3.9293015539984015,4.955325942115509,0.1860083716202107,-0.0607676459787109,7.01445,3.57824,10299.65625,0.9106554818524512,0.61085655498542,1.2611213148232512,-0.0449605575619546,21192.548275588084,0.7382047052510168,18.522365419945157,3.4935476379961417,13297.9473592028,0.9086257204317552,0.8256006998301262,normal
0.7119883766748047,0.3591275863309236,0.2128055121031667,0.2998862959661077,0.128027558846466,5.378413246744322,3.64609514541576,4.565158795400627,0.0129105917483323,-0.064756765649414,6.47499,3.25034,10299.65625,0.8914578118145535,0.6043306549506039,1.2520679283809717,-0.0219161466459755,21064.618082314515,0.7094045909939485,20.3802692731092,3.724922465211567,12641.79346592896,0.8891026889779485,0.7905035915478187,normal
0.7155681749267577,0.3315480633359381,0.2262868946455443,0.3081118439788948,0.1334489267309617,5.597514528257031,3.7575506855166902,4.722485038334587,0.0486661267100423,-0.0580037910009765,6.66627,3.37926,10395.0234375,0.8993251942083456,0.6037072316545185,1.2567987589727512,0.0297222566052899,21527.406750035283,0.7227227798274464,2.7990782190703296,1.6849819912038455,12510.528115978756,0.8974527091537434,0.8054213651673936,normal
0.7140413775751953,0.3221120166406352,0.2044795342809252,0.3408174091125898,0.1325194455865161,5.610954067404951,3.751618897319256,4.732582881226841,0.074574052241636,-0.0532508425224609,6.66627,3.37926,10299.65625,0.900747142097688,0.6022612125147724,1.2614775143094996,-0.0306666772177124,22017.191752456554,0.6897338960522086,59.57924865964923,5.5963508489574645,12422.04541973397,0.8991717087229785,0.8085097617678009,normal
0.6951382397285156,0.2949252242060844,0.2235634232708712,0.3554667695887012,0.1257762759771502,5.383510783189152,3.6367434403437486,4.5559427161378245,-0.0979314416915286,-0.0278595056523437,5.954969999999999,3.16701,10299.65625,0.8708367944978409,0.5882796798493429,1.25275340173768,-0.0267794931002451,22361.091521350343,0.7194372822764215,31.679119313256564,4.149135982975978,12283.302865053834,0.870391044643775,0.757580570596082,normal
0.6897753746435548,0.3453047397689647,0.1854746398535931,0.3185684958183629,0.1498838129312629,4.742795042716708,3.246208555175241,4.041837535068128,-0.0886450561071829,-0.0469114131005859,5.41053,2.78796,10299.65625,0.8588357625868855,0.587830588269114,1.245094844145014,0.0264740941742155,22062.39800031398,0.7305135811963739,23.31907600755006,3.892718399126149,13062.10297825295,0.8575536055659164,0.7353981864191034,normal
0.6861247061420899,0.3364895413976317,0.228381732102585,0.2779617928621076,0.1566096127942764,5.0118575445522096,3.385799683428285,4.243266528573415,-0.0370305260729297,-0.0836970703901367,5.53398,2.91141,3337.8515625,0.8598884376561986,0.5809043800865101,1.2532538618105438,0.0254181373741001,21587.55057205432,0.7418717946599613,13.841103591019152,3.0175259503310747,13161.17523492518,0.8558054250955217,0.7324029256229266,normal
0.7060701387446289,0.3069109971039325,0.2203380532946404,0.3210872972760131,0.1513702796759722,4.882623226716914,3.2874562114374952,4.123400552211991,-0.0527025035387631,-0.0596524976704101,5.55461,2.91141,6389.6015625,0.8856117960965744,0.5962798816974535,1.2542830343613809,-0.016723208442245,22200.76061361075,0.7274171136498021,6.867491987631643,2.352348514449116,12866.9125360168,0.8836004939490936,0.7807498329070821,normal
0.7176572663206543,0.3300270947492096,0.2091964001613795,0.3032782684885656,0.1572471057181609,5.001872395805464,3.3683696096870164,4.223980083893643,-0.0377683852228645,-0.0385072569801269,5.99247,3.03137,8678.4140625,0.8999517129243041,0.6060470480098785,1.254013238851816,-0.0001155380534234,21892.297842204247,0.7402803026444056,6.494970854495435,2.15610774615048,13066.762059771334,0.8991275086189142,0.8084302767552556,normal
0.7124215632444824,0.3117302829657923,0.2302759733425991,0.3165078445623256,0.1409538424967501,5.011232016666511,3.4133881836034026,4.2550228072753065,-0.1287413627059734,-0.0602779886305175,5.99247,3.03137,28419.421875,0.8880824087226673,0.6049151166655576,1.2465686814393957,-0.000810225678286,21620.717285154584,0.7263650463052128,8.524955729388495,2.4602087704907363,12685.29360910248,0.8860343835141579,0.7850569287693139,normal
0.7098935064746094,0.3203038766508874,0.2181797714767347,0.3226773832361012,0.1386882587465398,5.373710150704147,3.644723630435035,4.565332645588746,-0.077866710197783,-0.0679002051660156,6.059089999999999,3.2409,15926.3203125,0.8892032232394985,0.6031028673132522,1.2525867825659602,-0.0400528529538036,21595.55301503821,0.7221856830371626,6.337909420070391,2.2963815101087017,12745.89957419586,0.8866069785186256,0.7860719343579265,normal
0.7010276039135743,0.3178646655568035,0.2044167806181916,0.3207915025178526,0.1562840062309687,5.464337366455162,3.672265589267404,4.623070449590387,-0.0020091797698404,-0.0561116358168945,6.14494,3.2409,10395.0234375,0.882534207076929,0.5931002759630934,1.2589150586226152,-0.0004556295683201,22351.88924335309,0.7484252563438579,6.048022063304471,1.9096881541709123,13118.325779059642,0.8807486082798291,0.7757181109868558,normal
0.7076895381860353,0.3063249708633214,0.2206971179560099,0.3127528482624738,0.1602049658186377,5.877374905445501,3.9552044357045104,4.962430289702563,0.0134976665685084,-0.0460797482924804,6.49436,3.51186,31375.8046875,0.8879085916008939,0.597521862480849,1.254658354674565,-0.0044810342314083,22461.235831839174,0.7564587359872064,6.017174193397576,2.1356817506804693,12873.113813686852,0.8867120862128725,0.7862583238359846,normal
0.7226174141845704,0.3536106353355642,0.2177225417205711,0.3008026512203193,0.1277105213266037,5.76671944891571,3.8690915732954334,4.859916092615785,-0.0229979273613323,-0.0293545469970703,6.49436,3.51186,11730.1640625,0.9076704268875272,0.6089874895267047,1.2560871203357005,-0.0435735574134282,21008.75710176701,0.6815370643533742,22.193989867145014,3.930689064055144,12418.851925742683,0.9071956318329484,0.8230039144167824,normal
0.7218540631054687,0.3727887029538397,0.2205641870009345,0.281077521188003,0.1253658472687992,4.804208253414109,3.266774251075326,4.080520080926154,-0.0870225682097802,-0.0433040639746093,5.841469999999999,2.94554,10108.921875,0.901666222889572,0.6131166353803985,1.2490976624977883,-0.0095261983061877,20519.976643168025,0.7047534598115875,10.011636442163264,2.689571592419938,12581.08155209187,0.9006257466579725,0.8111267355432303,normal
0.7119997358007812,0.3619250410511586,0.2122858131733481,0.2881262792797627,0.1373397199221739,5.531481891419499,3.775429515488131,4.715100064221564,0.0419329383466431,-0.0513944275488281,6.25308,3.35715,28037.953125,0.8892100848996909,0.6069169285734535,1.2488910321007387,0.081925191240034,20976.62690390681,0.7237624865186048,7.36158524404779,2.449877212471838,12725.145966709471,0.8877235988213019,0.7880531879042438,normal
0.6963747061464843,0.3298248344715504,0.2340477511054629,0.2636508139807252,0.1723835688372061,5.761190765645989,3.942781193192296,4.921818626880212,0.0849249213255376,-0.0478363787246093,6.78458,3.42743,3337.8515625,0.8692924694674629,0.5949169432884922,1.248311378622366,0.0666165597385126,21775.10550762946,0.7784048218874685,8.563671046026899,2.224857504048156,13370.680656813238,0.8679752751912669,0.7533810783433557,normal
0.6777981948671875,0.2972503509345406,0.23568265414536,0.2986006613186016,0.1681749178367526,5.9557178647840585,4.026307024720565,5.056711608197178,0.0565657293905319,-0.0494946236855468,5.98634,3.42743,29086.9921875,0.8512589772604019,0.5754856220215313,1.2559180353485648,-0.0313888453258343,22308.753853423663,0.7699813893843486,3.458709924263696,1.635180284469918,13158.83846245614,0.8498188798753835,0.7221921285926516,normal
0.6852449010039062,0.3099290306593971,0.2212987670341443,0.3207168225412584,0.1474214785269465,4.959014349482476,3.329652449270564,4.1904872196686815,0.0328911474889426,-0.058692194890625,5.7011,2.87151,10108.921875,0.8624053242040529,0.5790485361873718,1.258535923347406,-0.021565381313753,22197.19444044426,0.7379011277155908,10.438137001533404,2.741104802323743,12589.458884827352,0.860405816736741,0.7402981694744184,normal
0.7183892508520507,0.3463209196267416,0.219555488847556,0.2914995671714273,0.1421053218385846,4.721414584092387,3.1974882194420835,3.997150565092984,-0.0526814173849485,-0.0617916708725585,5.7011,2.87151,3433.21875,0.8980517840660059,0.6081884886099236,1.2500907871336675,0.032374426598395,21252.238461224944,0.725227722054008,7.543308402723818,2.3566715635644324,12932.832304737822,0.8959234321497086,0.8026787962749136,normal
0.7107851868417969,0.3358290815948505,0.2415568152291325,0.2847503860627635,0.1376448404095979,4.475011032430466,3.049398492563317,3.797040301292468,-0.1978739421357058,-0.0585760441933593,5.33269,2.69888,3433.21875,0.8850532347877329,0.6031001891260558,1.245176814559479,-0.0093150694152005,20968.42124401108,0.7540172735681413,14.658499036444171,2.9330729811268124,12856.070607312176,0.8831127195635262,0.7798880754548874,normal
0.6864948417934571,0.3349307465284635,0.2370514215233616,0.2890317899025137,0.138897763556835,5.51721577816026,3.791469614273204,4.707041922643034,-0.1997864102851507,-0.0553632974155273,5.82987,3.23136,8201.578125,0.8522711055985681,0.5856867177084583,1.2414821695848772,-0.0518471782355416,21305.16415711565,0.7524281588322445,5.838101939378731,2.0288906921793126,12876.993368526371,0.8504710122852428,0.7233009427374857,normal
0.7005206854882813,0.3167463384427317,0.2312279035087238,0.3079823159955629,0.1438700848150658,5.392832757212192,3.7137326681387934,4.616309078362108,-0.0511451665011599,-0.0484842970214843,5.832330000000001,3.23382,28991.625,0.8707735017503803,0.59965145325065,1.243037528782506,0.027971634435321,21803.471957441387,0.727207761727521,6.512946725987787,2.2360133882311546,12855.382151688282,0.8694226614788413,0.7558957642929519,normal
0.7280622217041015,0.3391843524020717,0.2163761012894177,0.3030634599636946,0.1411908346193866,5.193598905909401,3.5736852490823687,4.44168081188298,-0.1277411447371106,-0.0581078658349609,6.2582,3.23382,10490.390625,0.9048978224454328,0.6226549370842793,1.2428852857210888,-0.0199497801398503,21523.622571195898,0.7317229037178782,9.175926526600415,2.550389065883705,12738.38435518382,0.9030302015960444,0.8154635449945926,normal
0.7217106824267577,0.3518204109901182,0.2214295063221736,0.3043011664915839,0.1223681558836926,4.902901880828358,3.364254788656047,4.19057119929346,-0.0990926638272018,-0.0590653695849609,5.88047,3.02438,10681.125,0.8989747180260921,0.616855093883507,1.2456164775104654,-0.0577552844486045,20924.69794273712,0.7058688876171352,9.427385069587707,2.684891779643598,12503.0536055294,0.8970322322892772,0.8046668257658838,normal
0.709850549512207,0.2945488179733972,0.2782236895129811,0.2911677797295524,0.136036002804806,5.267108972552389,3.5863017229083627,4.482422394666728,0.0285038476168431,-0.0467840869926757,6.028029999999999,3.18185,10490.390625,0.8872231746914013,0.6040980007402631,1.2498731955636022,0.0195736893732525,21444.33673668637,0.7400411359286041,12.619095297045266,2.8935722127366588,12373.167399681552,0.8859888322737204,0.7849762109137506,normal
0.7128106652153321,0.3382179980571571,0.2338085960761735,0.2991253353356745,0.1287636727902147,5.6812848563331535,3.8682945545890894,4.8254889662192655,0.0344306809290131,-0.0652739074125976,6.62151,3.43966,10681.125,0.8891928862861318,0.6054369895157914,1.2474461027003807,0.0503375766611884,21027.47511756947,0.715063020992848,7.951818115352884,2.425967696429073,12588.546550314875,0.8867938351347247,0.7864033060329532,normal
0.717788444897461,0.3329505843395197,0.2292810073149034,0.2995154282393062,0.1379845111126875,5.641917959392679,3.826131985941205,4.792024759455928,0.0013516919264651,-0.0761763362255859,6.51115,3.43966,10871.859375,0.8989914651765116,0.6096614705773318,1.2524462765696045,-0.0119892016464399,21380.69949579675,0.7120547642148851,3.206274595946243,1.7611281090593762,12546.027249339662,0.8957582376174151,0.8023828202594575,normal
0.726019060161377,0.3329886926187313,0.2406367169695009,0.2973908241952241,0.1289597702958502,4.979658928133582,3.381454147196983,4.230591410805771,-0.0504030659109235,-0.0563728980319824,5.747719999999999,3.07149,10395.0234375,0.908334067621788,0.6168073043410666,1.251116007091999,-0.0170523215290635,21186.1264974636,0.7129382968737838,19.5513130381869,3.074917212815462,12464.024353615068,0.9065830765957518,0.8218928747698186,normal
0.7331056852053223,0.3475587361333925,0.2226952065404341,0.2956555933003363,0.1338418109343133,4.539273056545859,3.089603250178416,3.859157086208695,-0.0864734187916171,-0.0459176669235839,5.54261,2.82917,28705.5234375,0.915706571656611,0.6232649952441603,1.2490785300623433,-0.0058619409782314,20993.38256231083,0.7171069079704386,8.176722605060034,2.5081612574049315,12734.567470461345,0.91455458734807,0.8364100932393987,normal
0.7387859239794922,0.3350174249016389,0.2234470679513119,0.3052325382131802,0.1358135278046391,4.591855703750176,3.0857027524219984,3.8799602252296967,-0.0732300088174318,-0.0447439525732421,5.69364,2.86646,10681.125,0.9289488424476684,0.6242487100931672,1.257399217142441,-0.0490665559786365,21240.23305692151,0.7017916044487068,6.251667742130097,2.2241569885835224,12842.134308095498,0.9278706432434356,0.8609439305929869,normal
0.71567412171875,0.3790092420241043,0.1923764082113036,0.3024746187606552,0.1257948794954342,5.435403526644567,3.6581483773440064,4.597218063576941,0.0298926042824794,-0.0393920439160156,6.18735,3.29011,8392.3125,0.8993921680095381,0.6053110838729356,1.2567062867238712,-0.022791308761355,20683.76289658104,0.694235704277253,9.953602273818085,2.6871041555248616,13000.33640695388,0.8985290973324214,0.807354538753016,normal
0.7086194152539063,0.3042140840842335,0.2351834031724735,0.3214136284693976,0.1390317635808953,6.111565519837845,4.074672932201407,5.157535796123324,0.3209838318423239,-0.0404864668554687,6.86276,3.65473,15926.3203125,0.8969382477590597,0.5980022611451883,1.2657545481415813,-0.021063958703436,21988.42059390889,0.7489158450390786,4.553480688466886,1.8404697387504636,12798.77840283718,0.8960240322082067,0.8028590662946535,normal
0.713411502993164,0.2886077352975029,0.2324528879138177,0.3370992753228111,0.1413414212790534,6.094243199862944,4.036040901637668,5.12289188591205,0.293470195679391,-0.0465508428759765,6.86276,3.65473,24509.3671875,0.90552352889116,0.5997020270018422,1.269286414771808,-0.0629004627544258,22473.76043170356,0.7210767579832364,4.505493514757623,1.973329919305644,12460.700981519703,0.9043262024308684,0.8178058804030357,normal
0.7118494250185546,0.3113969004896776,0.245402208743085,0.289495465998564,0.152513340169376,5.540748462717675,3.70527284656801,4.67049615150471,0.012842768596172,-0.0537394958896484,6.07842,3.32469,15449.484375,0.8972861480577542,0.6000434819178341,1.2604999267006023,-0.0434023780910047,21816.1530620904,0.7604086401011295,8.234567827732992,2.4346274664944696,12891.69786004799,0.8956754423773425,0.8022344980778483,normal
0.7025447526303222,0.3491207531740101,0.25436985898798,0.2657378491610532,0.1291302336462711,5.570289385765049,3.703471176204241,4.679915390002295,0.0425912119919744,-0.0697777239994628,6.1462,3.28785,8869.1484375,0.8877752366820851,0.5902476105464369,1.2636564907192906,0.0017882162879956,20522.70834577524,0.7108124764078454,9.409436494133333,2.699202506783192,12510.34322806764,0.8850287792492327,0.7832759400993871,normal
0.7083841677973144,0.3628126770320332,0.2344295840845515,0.2709027136085514,0.1305324687617783,5.707455972266919,3.826582138470615,4.8106947542270015,0.0769725530023346,-0.0547208206391113,6.32235,3.40782,3337.8515625,0.8905649680793254,0.5970821354661214,1.2571779672158585,-0.0124065870492115,20627.258876071977,0.7134779904140668,4.463569685761253,2.06441767974152,12720.56363596371,0.8888822161336742,0.790111594158712,normal
0.7259710002343749,0.3425211085855882,0.245656148764297,0.2816212509711379,0.1291443186875337,5.637236600948517,3.831306324775338,4.790701004416403,0.1458175666792547,-0.0634826024707031,6.885730000000001,3.47791,3337.8515625,0.9077608797578824,0.6169529942054959,1.2504092855841595,0.0140602023321497,20952.562274499225,0.7230982148465194,7.537454770781622,2.3780789402599294,12704.92444836213,0.905538389027407,0.8199997740023515,normal
0.7146963317094726,0.3689703046940433,0.1942555695643723,0.3046385102581937,0.1316217875211987,5.722858899711287,3.874393652595693,4.866276550883134,0.2060934729962524,-0.0616182762495117,6.5075400000000005,3.47791,3337.8515625,0.8976656250894732,0.6077224794368873,1.2560098397907806,0.0123355486028412,20853.82561831628,0.6948628668441776,14.978793952059224,3.0925765759240345,12875.957545764117,0.8955483027170078,0.8020067624993135,normal
0.7197149753632812,0.3224552968936602,0.2204520228118454,0.3266443049536068,0.1298213944337061,4.983129565047812,3.3275975130382016,4.209485843296192,0.1503123701581241,-0.0609167937968749,6.0074000000000005,3.02963,10299.65625,0.910455663020932,0.6079773685296364,1.265022535568852,-0.0418833436198014,21688.73715983108,0.7261832052081729,4.954599090162055,1.9679945816764768,12375.370175026264,0.9084154658306924,0.8252186585603938,normal
0.7155502655361329,0.2950247195242755,0.228791361373644,0.3253984149827315,0.1492906139602707,5.002253130700299,3.328667495108139,4.215021844398573,0.1132691110798389,-0.0681144255234375,5.80636,3.01606,8678.4140625,0.9060862956220314,0.6029402993402218,1.2662790292491015,0.0175824651231672,22468.548219222997,0.7339218480346283,3.2093921062248745,1.7049525125945988,12400.429891905404,0.9035224403132814,0.8163528001496672,normal
0.7164872192338868,0.3030989197840636,0.2281374397950578,0.3266367139181065,0.1413360596227645,5.031822187796842,3.379315194174102,4.253879089788863,0.0203303422000287,-0.0410193039995117,5.54113,3.04785,28705.5234375,0.9019135016628388,0.6057149649269474,1.25879914875135,0.1375667587516969,22086.43775940107,0.750929203859073,7.448820046933566,2.169949733512076,12705.18756635429,0.9009802335129884,0.8117653811811191,normal
0.7233284574335938,0.308468678632516,0.2147241141046744,0.3397555395769707,0.1363722191733386,5.068394266146669,3.375471326420851,4.266941205314533,0.0959048137523996,-0.0496750446015624,6.13425,3.0864,10871.859375,0.9143611962696288,0.6089502587861001,1.2641023408837375,0.0518690850523924,22096.1408528326,0.7353752251986847,10.864719256508184,2.598886215347544,12797.975129787044,0.9130108362924612,0.8335887871874593,normal
0.7213138057163085,0.3263374664102643,0.1845312890681492,0.348344304047361,0.1404652561138882,5.995047301743886,3.965427186370008,5.035076233420116,0.2109722425133515,-0.0651618226118164,6.69768,3.63187,10871.859375,0.915883668847454,0.6058117337862428,1.269743711529167,-0.0550872496583425,22114.05824766485,0.7215921104309944,6.410209679378616,2.2740143288716284,12835.602805171253,0.9135627136302022,0.834596831735379,normal
0.7147121700581054,0.3644647793822765,0.1857945285561543,0.2935639316168346,0.1559499778781736,6.00791494803785,4.034384713510301,5.081584100778265,0.104009726630696,-0.0634189358500976,6.69768,3.63187,10299.65625,0.9002289711830495,0.604514216897519,1.2595685492662896,0.0005971199120001,21569.522407361605,0.7057930034502542,8.43117751311693,2.63547462009106,13197.993893988714,0.8979923380146029,0.8063902391329328,normal
0.7118939793994141,0.3509759174775065,0.237652360662436,0.2933117435336309,0.1179207845215035,4.763263198551521,3.2423656975767594,4.040784278618058,-0.151870278272407,-0.0649589643505859,5.704969999999999,2.87661,10299.65625,0.8871948041363398,0.603915819909922,1.246245690804714,0.0445713391178169,20690.928780461487,0.6829307368533947,7.0703722737072265,2.370752822234601,12331.921826573236,0.8848135133670922,0.7828949534370175,normal
0.7170928121552734,0.304403101379173,0.2311165096265016,0.3411477853759496,0.1229929105639888,5.499204842521355,3.69696880757812,4.650471938181839,0.1750674158108114,-0.0526868058662109,6.56599,3.33482,28800.890625,0.9020416924168309,0.6064185815036859,1.2579148432762564,0.1016164522043332,21744.88525665116,0.7013069849818384,11.623776891054256,2.855946285458743,12114.107500296348,0.9005017020227316,0.8109033153458366,normal
0.7236221713886719,0.2957937084144443,0.2349084418464316,0.3269049488289483,0.1415972128197545,5.438442418445268,3.67114690084368,4.608509981943052,0.1541829075240093,-0.061611651984375,6.60202,3.33482,10776.4921875,0.908386422573723,0.6131939521303882,1.2553324904770096,0.0689697065999953,22039.359557727978,0.7344209555595249,9.069656715086468,2.5899645426758515,12598.07350280483,0.9062945972784142,0.821369897056043,normal
0.717675766701172,0.3702023530982188,0.2413252454515114,0.2851578808778314,0.1029632599955926,5.3395699312039255,3.675764885239227,4.552473626102533,-0.1992863474817681,-0.0570588009980468,5.84934,3.2672,3337.8515625,0.8888490156484433,0.6118844854726598,1.238510559906567,-0.025638455335387,19913.503118586024,0.7142911715539648,6.780873277574644,2.3048525621550744,12376.844305567887,0.8870157077796718,0.7867968658478721,normal
0.7031792875781249,0.3576765224491826,0.230310291658766,0.2918164723049001,0.1199083010256655,4.702050942372059,3.229250452939018,4.014026081060308,-0.1429276595354158,-0.0363224653066406,5.347,2.82258,27656.484375,0.874066611163932,0.6002869885063566,1.2430209856925305,-0.0292651831608316,20568.67909246799,0.7096664620258021,5.566732144729169,2.0482584733167606,12468.932705368175,0.8733115820059002,0.7626731192656482,normal
0.7349849820537109,0.3508440826074978,0.2394812340929039,0.2906154631782534,0.1187763876492003,5.785213817466087,3.954384657472618,4.933284473198976,0.0025964485961775,-0.0473937303974609,6.63489,3.62589,11730.1640625,0.9169290076897656,0.6267512514495329,1.247547950065133,0.0062591789055079,20621.675466863424,0.6956178469150494,8.238257706760674,2.4776779637741746,12156.16823594228,0.9157033577867622,0.8385126394619509,normal
0.7474530280175781,0.3614963767459572,0.2207675196309099,0.2982242609409499,0.1193314176143319,5.707057056961746,3.893081810562977,4.850993793705962,-0.0441292802887001,-0.0480097257519531,6.78214,3.62589,11730.1640625,0.9313675325707222,0.6353344576390668,1.2460549327640411,-0.009690821406193,20834.51593484026,0.6788207954604576,19.154843446759653,3.5958878039602222,12328.403877387318,0.9301293173317878,0.8651405469600977,normal
0.7185927562734374,0.3772941113866444,0.2160221844672987,0.2776336915731496,0.1290303279735462,5.182501367686959,3.518486763507821,4.392265260741079,-0.0239185804898744,-0.0597357067832031,6.201700000000001,3.15625,10585.7578125,0.8970475696356799,0.609020582161214,1.2483392878710529,0.0291400130011876,20455.538499175076,0.719609347330083,16.495484709236358,3.25784796499521,12939.979524338563,0.8950564158333212,0.8011259875243912,normal
0.7168148805126953,0.3557593266034463,0.2136681799016464,0.282920246864621,0.1472098921037831,5.736781127576276,3.923116228587532,4.8888075502750885,0.1198750505441812,-0.0694524817646484,6.65193,3.50437,28610.15625,0.893261834677201,0.6108599791535982,1.2461541451794411,0.1000313167917478,21119.45142505933,0.7297503055295566,12.055066482815354,2.822363599199834,13202.713107095533,0.8905577230407978,0.7930930580676103,normal
0.7283482290390626,0.3034111248435599,0.2440449393220894,0.3149496198302408,0.1374232360109484,5.669732386701823,3.841347991041194,4.811393589332191,0.02679205466882,-0.0478979467539062,6.65193,3.50437,27179.6484375,0.9122761093691344,0.6180838461122765,1.2525273941734365,0.0643184070063177,21838.42152702104,0.7068295250312887,15.630656626870262,3.1335746345508952,12564.839103778138,0.9110178299146756,0.8299534864224447,normal
0.7328060863574218,0.3122121963870178,0.2517424394033057,0.3051355823223556,0.130506983032179,4.800771785550692,3.2184680518282094,4.051044410338138,-0.0857221492936037,-0.0523812322851562,5.85336,2.96863,3433.21875,0.9223736113564054,0.6183651572305413,1.2586871595748772,-0.0156531190135431,21460.583913269336,0.7217265591188153,8.841820865386426,2.5376371052028928,12467.190287923991,0.9208850554933256,0.8480292854309456,normal
0.7211158334228515,0.3498625717318112,0.2409892055289929,0.2883087805034888,0.1205645042615574,4.521234348637953,3.0604450854386696,3.8336836772503946,-0.096251364795449,-0.0651880692724609,5.505520000000001,2.76453,10490.390625,0.903309787570897,0.6114547017083577,1.2526556008113745,-0.0492582007593713,20724.855795026047,0.7018318201040137,11.000429863726897,2.728440773789902,12538.175465936656,0.9009545426634508,0.8117190879459079,normal
0.7227905515791015,0.3889407160657363,0.2112804271667231,0.2593908958437824,0.1396067374503249,5.698260256987047,3.842080578780358,4.827138363081059,0.0729159378235029,-0.0495106300224609,6.55646,3.48901,10299.65625,0.908104327449468,0.6122939007080054,1.2563865499701208,-0.0253491650213147,20602.16410827047,0.7033398489933385,30.553066171831432,4.093559147057674,13012.108681018311,0.9067536418715004,0.8222021670472295,normal
0.7316500228437499,0.3576702362734651,0.2045685428510599,0.3056692345877909,0.1310643103210928,5.62676336901207,3.8003470467756655,4.768687064942671,0.0195228958995197,-0.066529640203125,6.55646,3.48901,28514.7890625,0.9180766801179872,0.6200740587768114,1.2548030498921343,-0.0026929842660019,21274.06750118732,0.7101757389377478,7.084264948812335,2.343552456831346,12802.845291708176,0.915662927911198,0.8384385975509075,normal
0.7278645818847657,0.3191902640719988,0.2366617600810633,0.307639933102218,0.1359149355613156,5.038044926533937,3.391776945403049,4.261067343006149,-0.02350549221664,-0.0853240254296875,6.01268,3.10148,3433.21875,0.9144115459017744,0.6156118187167,1.2562935038464922,-0.0211567590222439,21484.77013958546,0.6968240451447075,8.240175742276593,2.502670122573405,12693.82846191004,0.9104220372788364,0.8288682859629468,normal
0.7244242542118164,0.322718401637458,0.2191500072024623,0.3210948989625066,0.1363299705728989,5.50219945426894,3.678855044537905,4.638014230563838,0.0574428008185292,-0.0739548163936523,6.27109,3.35989,27751.8515625,0.9132977405534144,0.6106448935421986,1.260722201449612,-0.063450232996211,21615.983876365248,0.6832962549871832,19.84276485740638,3.671678851536834,12629.684664261387,0.91029854884656,0.8286434480321532,normal
0.7066381807303711,0.3501169625582481,0.2262577284896319,0.2719237002917045,0.1515638833696736,5.599214337608465,3.804031388927651,4.754752986213207,0.0392694646176159,-0.0468067026387695,6.45043,3.35989,3433.21875,0.8832445520243581,0.6000645443116,1.2499247508979054,0.0081644493657654,21081.791355084995,0.7417924217454194,11.774066632936268,2.894643975629504,13193.650397843625,0.8820034417556402,0.7779300712687949,normal
0.7064883725195312,0.3186193815108589,0.2281015620439939,0.3007299179360749,0.1522549278290847,5.13610998097547,3.498407770560288,4.3745093623809925,0.141150920133001,-0.0353262945898437,6.1141,3.09054,3433.21875,0.8834133133385518,0.6017277689628119,1.2504286662044524,0.063196605614649,21781.72536389573,0.7058044991077472,10.789748676197874,2.862682931544228,12682.564530162756,0.8827067095555294,0.7791711350943498,normal
0.7104361781865234,0.3025587202316508,0.2216088731346331,0.340343204999957,0.1351104095188105,5.956882864410011,4.012658158791851,5.043450924960185,0.1201319627166981,-0.0402437856269531,6.58325,3.58305,10681.125,0.8929367661557298,0.6014974746955809,1.2568852679139482,-0.076077227092373,22158.02358435344,0.7282188226336307,10.177319497345374,2.6749092966777352,12371.265307342708,0.8920294311686495,0.7957165060710645,normal
0.6977448844172851,0.3082153802336094,0.2353199204679111,0.2893009418907777,0.1666839703693114,6.079295883488864,4.083598645973529,5.13518634105408,0.0665130694819993,-0.0381830084104492,6.256460000000001,3.58305,9441.3515625,0.8774246224057608,0.5893856901637947,1.2575149485166537,-0.1056404355171021,22206.94456067873,0.7561264844037756,2.5784498253744816,1.5368560233182396,13184.660873217394,0.8765934210753691,0.7684160258726194,normal
0.7042367750540038,0.3215235574658889,0.2434103227397111,0.2861263709242937,0.1485468670293158,5.290068065559423,3.6037739261618618,4.500162604767373,-0.0274979295221298,-0.0285907574563476,5.84259,3.16918,10681.125,0.8794058853118129,0.5990811386024879,1.2487361019230732,-0.0195084466840824,21583.74888970839,0.7244065090757514,6.974776511992388,2.3110531377510437,12807.856633774958,0.8789409989920403,0.7725372797091257,normal
0.702972371347168,0.3259035207168911,0.2403233254533832,0.2835629041155133,0.1476343882752926,4.757887624738782,3.24274102118654,4.047968477831791,-0.0801575737673347,-0.0434305096586914,5.49021,2.84561,6484.96875,0.8775323041242354,0.5980826418018291,1.248316918120897,0.0145649264044852,21348.77457915884,0.7531485276419304,8.074715482722729,2.169598578761497,13001.859287716276,0.8764569217094336,0.7681767356123761,normal
0.7063795308994141,0.3720503454242719,0.2342619076987391,0.2620721653451924,0.130097462263675,5.846553459129029,3.9209007986068087,4.945330162033574,0.0828682863962013,-0.0657752354384765,6.50967,3.49328,8201.578125,0.8909381235152002,0.5974938952359121,1.2612739816806309,0.0143455405152743,20281.92679505827,0.7211170833883764,5.978557143956023,2.215140265804225,12782.02741347664,0.8885068138938491,0.7894443583357991,normal
0.7271278587709961,0.3206323418307244,0.2585744084887438,0.2851523933590909,0.1354318246783773,5.663088418692703,3.83844498772478,4.804216972107769,-0.0795875231590366,-0.0630372582602539,6.50967,3.49328,27942.5859375,0.9100768699750532,0.616850690246932,1.251605008661449,0.0267353326657757,21080.563566818764,0.7237469325733397,4.088126410449286,1.85344427814361,12698.832450005695,0.9078910801052184,0.8242662133346201,normal
0.7124065910205077,0.3499345176319698,0.2390923326940439,0.274774199707429,0.1361676651343814,5.269005181214352,3.595695684829495,4.482243763952037,-0.1131505172625639,-0.0542793022226562,5.7412600000000005,3.19318,10108.921875,0.8880562427661111,0.6060309090954556,1.2465581508643664,0.0320764588980486,20864.68426670517,0.7319860700473126,6.58930151527267,2.1518450024967426,12763.931030509346,0.8863958752533111,0.7856976476660835,normal
0.6940170716352538,0.3248492305444204,0.2409035431670833,0.2917365895606179,0.1418184362241022,5.4261588958229,3.6768983621952303,4.6010107395142015,0.0191553876734098,-0.0622324886918945,5.77591,3.19318,27847.21875,0.8684439126279154,0.5884788966386767,1.2513293233287106,-0.0364937059383382,21403.719395284304,0.7395787996469404,10.258889012316269,2.599569289164488,12985.37361539572,0.8662112598735344,0.7503219467316957,normal
0.6993865494477539,0.3474772364633768,0.2293206431792828,0.2839416159401738,0.1387216046047769,5.695256529173668,3.852958033983663,4.826129416794205,0.0494874604496287,-0.0693516764838867,6.4461200000000005,3.37533,3433.21875,0.8760360144670892,0.5926563593246486,1.2525777270935798,0.0174048241261872,20883.947536727763,0.7521831426579862,4.837220056416663,1.833059605935882,13012.1697201804,0.8732865758800237,0.7626294436122564,normal
0.6931279308623047,0.3567454250749306,0.2089042005257227,0.2876927545165607,0.1458446584656382,5.75999345393816,3.86952963921958,4.869707091158235,0.0921161854176864,-0.0456174041826172,6.7424800000000005,3.37533,10108.921875,0.8722843122299351,0.5859954576323791,1.2584752011720923,-0.0282891308266645,21361.46349062371,0.7267418837719434,5.70976728014303,2.127292145146865,13090.89873603541,0.871090680582734,0.7587989737980907,normal
0.6972906837294922,0.3173588016913128,0.2291724493353425,0.302297885915756,0.1507660963934252,5.746739496816293,3.829668159160511,4.828904327232136,0.0151278057778951,-0.0311985963466796,6.01116,3.36715,10108.921875,0.8792276145247274,0.5859235487993512,1.2609197785665756,-0.096196166704032,21878.94156836759,0.7497781243705353,5.20351596273073,2.001336162482438,12908.55700228916,0.8786739131946729,0.7720678457288397,normal
0.729222956833496,0.3097604881646484,0.2398707642070109,0.3063751790730237,0.1437722863544326,5.042190609611895,3.4159703496960137,4.267377995767809,-0.1095247918732145,-0.0281665980805664,6.05224,3.11187,10585.7578125,0.9109768766807138,0.6171662757191017,1.2492432775792572,-0.0326024424429616,21790.31310006307,0.7446136408069913,11.024194252578592,2.807695844786584,12701.07185648944,0.910541329429651,0.8290855125995162,normal
0.7233885493117187,0.3418460318516761,0.2105682993576563,0.31234665586982,0.1350698826130958,5.355475137371036,3.6350546867822966,4.543533351650685,-0.0150212745003841,-0.0545964408908203,6.28224,3.28674,10395.0234375,0.9041789692879092,0.6137158544654242,1.249921594899735,0.0281478204871072,21527.00705672527,0.7128484025032816,11.46614579495611,2.7736406334760826,12724.560249931556,0.9025291336819,0.8145588371446009,normal
0.7018273779674804,0.3133546321815141,0.2078548099477345,0.3234044947010316,0.1550931451460443,5.530703599236208,3.740899695853389,4.683117392083688,0.0407391269917809,-0.0636900267077148,6.28224,3.28674,10299.65625,0.8785961312042653,0.5942715860697905,1.2518692755314194,0.0656594116683976,22420.975783225254,0.751893310066204,22.186266414519597,3.744982096947242,12875.494189963736,0.8762846240035672,0.7678747422650731,normal
0.7088260935595703,0.3347592611503419,0.2081060120685324,0.3148624191215869,0.1418661684100531,5.052091565090646,3.4229399910602227,4.27777705639045,-0.0793159294507557,-0.0611744919091796,5.91644,3.0322,27847.21875,0.8858466721354368,0.6001870633050562,1.24973767216569,-0.0230954771968605,21636.35779348209,0.715198105503059,8.343027457408116,2.381163912379242,12730.875117461275,0.8837318643531428,0.7809820080730816,normal
0.7083698245410156,0.3500574036234915,0.2142336183982079,0.2977435594535833,0.1373912492501643,5.699580355620902,3.85480007263162,4.831939308281214,0.0027446301491051,-0.0698133360058593,6.455,3.4228,10395.0234375,0.8879319122932621,0.6005354405828228,1.2534863591466403,-0.0120099274137516,21029.74502615348,0.7180982422684462,11.060945348518448,2.6799735582856736,12884.58163754005,0.8851831330207903,0.7835491789845022,normal
0.6859889780957031,0.3476881401536463,0.2290589760650461,0.277598984264861,0.1447271684456946,5.905635128534378,3.945789640079172,4.989584540412952,0.2171565180743631,-0.0492608061132812,6.80924,3.4228,3433.21875,0.8674562792788219,0.5795820306374817,1.2645338438044147,0.0057099398192681,21029.36077427554,0.7348349030214818,4.732266310738392,1.9213339752715315,13015.85372817671,0.8660564470294803,0.750053769441327,normal
0.671692017449707,0.3359567277169749,0.2160784011517814,0.3155902757829006,0.1317903036347812,5.985925972571709,3.977833608631919,5.041655866118076,0.2521148146051408,-0.0414030621889648,6.43403,3.38644,28037.953125,0.8513277158329117,0.5657336919161894,1.2674375959762765,0.0087237300174578,21503.555548148164,0.7453715181372098,7.32716447759524,2.283724487543018,12603.90103991563,0.8503203315143415,0.7230446661866596,normal
0.6894015018295898,0.2980203623661964,0.2336296430937222,0.3403023474684772,0.1278351323030522,5.37232582239146,3.592609836515434,4.529740639833874,0.1091540770895465,-0.0640196742348632,6.06605,3.12281,10299.65625,0.8692316010103938,0.581277104784739,1.260849590120643,0.0422074948180453,22311.495691373395,0.7267769957352976,5.0233731512487285,1.8349861665504272,12334.648508030165,0.866870842459218,0.7514650575059543,normal
0.7042026638330078,0.3045259437794254,0.2205574057955387,0.3351475079285998,0.1394118844283375,5.243015357560631,3.5326183407952896,4.434533068935582,-0.009424207115404,-0.0639245072509765,5.97872,3.12281,10108.921875,0.8839930325722561,0.5956133612114615,1.2553105490408698,-0.0004266792611211,22240.6530559023,0.7393321521444186,3.874990969843016,1.805796034453141,12692.4761737615,0.8816787050899062,0.7773573390090138,normal
0.7196644327529297,0.3336168509556017,0.2067337215273017,0.3348230821356458,0.124306072999077,6.4736794507228925,4.403232110939512,5.510679449350424,0.1712846664937677,-0.0634035215615234,7.19034,3.96584,11157.9609375,0.9006656701442464,0.6126098813182894,1.2515078266393316,0.0202806593464388,21491.79673094053,0.6934872781347533,3.879258253473761,1.9763183793762664,12512.97401072271,0.8984312120746817,0.8071786428299816,normal
0.7368178510976563,0.3290339923143425,0.2358380909635588,0.3228866707600564,0.1119565785532217,6.347870464113681,4.299701228874424,5.382388597252343,0.0915928124556915,-0.0704307441640625,7.19034,3.96584,9632.0859375,0.9223524586702916,0.6247512488510947,1.2518052559343396,0.0177208510820314,21199.509102543667,0.6958741634294375,4.170694659136512,2.0084996731056184,12239.837797024837,0.9196594849680116,0.8457735682916285,normal
0.7259801381679687,0.3116114871441099,0.2192317487660477,0.3520135497489605,0.1166734394392043,6.106011706823643,4.1302517775110985,5.168736447073177,-0.0134596758962133,-0.0676303339414062,6.59227,3.7524,28037.953125,0.9085160426372862,0.614541894147793,1.251433744358285,0.0524650573203676,21636.917654337754,0.7010816300081789,12.44172649018332,2.9240927664598915,12406.448488913247,0.90599532982256,0.8208275376602893,normal
0.7098914844565429,0.2813235781670793,0.2287061395945732,0.3615139639032687,0.1271929918449606,6.25273192748921,4.209853645653481,5.285878309799205,0.0795458220574758,-0.0549766344858398,6.48015,3.7524,29277.7265625,0.8913373993117826,0.600121681772911,1.2555966916466754,0.0731923465564641,22302.38000222268,0.714549809302188,13.058819239741734,3.166555986496938,12345.364204651096,0.8896403369185226,0.7914599290725025,normal
0.703436577034668,0.2764255138639971,0.2324838775499097,0.3555245096728034,0.1349321902705792,5.147824100578156,3.4562222630157957,4.345722272342603,-0.0169596872952908,-0.0452565647788086,5.784689999999999,3.05694,29277.7265625,0.8844743674941224,0.5938314791402202,1.2573619234055442,-0.0170953729237735,22631.008891788548,0.7493822830916596,9.225797314526892,2.4652054968831463,12436.348741410584,0.8833157703214346,0.7802467500985495,normal
0.6910087871914062,0.3184936940092824,0.1978626477149491,0.3273425253794597,0.1559994818729083,5.501501332866754,3.6914169908159815,4.659115860285314,0.1408875434836738,-0.0711048745078125,6.12398,3.21949,28896.2578125,0.87215559987124,0.5852020757981657,1.262148348961092,0.0357080067440925,22409.40241786508,0.753869584240102,7.564223311133041,2.2346832494993025,13054.781763712825,0.8692522575225161,0.7555994872079906,normal
0.6940482809423828,0.3407514232901261,0.185804746991932,0.3016609006890857,0.1707339689632428,5.474240961682566,3.6872190391595407,4.638711871209533,0.1040163961973474,-0.0653606082373046,6.12398,3.21949,28419.421875,0.8731485615060844,0.5881162379469784,1.2580516161217463,0.0819816700570088,22187.35029925715,0.726275188052662,7.645874785556854,2.411740670360804,13211.7332595017,0.8706988005912228,0.7581164013509941,normal
0.703165519404297,0.3256521999098173,0.2279133823403321,0.3257652296949974,0.1200738410262836,4.790297526430714,3.241404284295978,4.059954479022987,-0.0746592841856661,-0.0504933409765624,5.52658,2.85482,28705.5234375,0.8807355545962257,0.5959588072031817,1.2525294973825811,0.0883960220937079,21225.33610868538,0.6890683073261662,5.473425097314005,2.158119771913272,12271.174398625708,0.8792869495488636,0.7731455396469457,normal
0.7070269890625,0.2871190472967034,0.2535105903704582,0.3402013054805091,0.119086897305055,5.266165857726097,3.547547777363834,4.456633266826339,-0.0057535310818193,-0.048594484375,5.82375,3.15096,28705.5234375,0.8882079108576414,0.598340440678898,1.2562574337301928,-0.0166380035898535,21742.93195956281,0.7217940687726664,6.309285058197517,2.0310122515352025,12148.742480240178,0.8868775952736792,0.7865518689984239,normal
0.7102491221142577,0.333052079389498,0.2051759651696501,0.3304834359566758,0.131181585615437,5.826683383085651,3.8750672959543926,4.90213911090184,0.1317710299279326,-0.0626315774560546,6.36743,3.48174,28705.5234375,0.8984979444447249,0.5975509172348689,1.2650461879771018,-0.1277125340333423,21409.37096444112,0.7264102828646454,6.926705952226149,2.3271708643649016,12713.597374582569,0.8963123572040954,0.803375841676762,normal
0.7088049368437499,0.3457030284028104,0.1999526240523992,0.3038132944472043,0.1499377620954685,5.856464902826418,3.8717132532727554,4.912127186224043,0.1866867756508683,-0.0655976242460937,6.70417,3.48174,10681.125,0.8992763079902388,0.5945122284126828,1.2687218460901843,-0.0390376112195099,21495.002468483148,0.7264738988927215,9.183774023255506,2.421858962418217,12965.151747966473,0.8968806106755922,0.8043948298058232,normal
0.691849290102539,0.5292417090784449,0.257225142711083,0.1357638300578478,0.0773974397232919,6.316133814610645,4.061382541180644,5.279690320212117,1.1899502043336154,-0.1651458119287109,7.15376,3.65275,10490.390625,0.8993858527146142,0.5783205529227965,1.2999736583979384,0.2042321112782506,15578.055898433866,0.5644471435941366,18.25983458691823,3.858432617638359,11764.250203364614,0.8840937579609985,0.7816217728656006,outer_race
0.6938780736430664,0.5256226427100754,0.23887931780325,0.1498564195091694,0.0853703926623932,7.1341293917894975,4.420896897227577,5.872083518373207,1.3420786605410582,-0.1714654960063476,7.62814,4.07451,2098.078125,0.9216478227653756,0.5711292543543236,1.328256155907118,-0.1154180527893545,15072.60747997823,0.5747951901361681,39.04424302115804,5.506638880228219,12805.167680591998,0.905557448695252,0.8200342928874542,outer_race
0.6580500804980469,0.4541343468186636,0.3134683948785521,0.1576105780059763,0.0747563813591161,11.134048816440968,6.836744157328421,9.219845388375433,4.360775385293999,-0.1662204852148437,10.64028,6.06712,2384.1796875,0.8874282641535668,0.5449158792119768,1.34857253338821,-0.1867777566114019,16324.271885735914,0.5833326227092904,24.43232648239095,4.1141982424273404,11756.939073553976,0.8717222460816029,0.7598996743135547,outer_race
0.7303758584379882,0.5006478080784618,0.339437877405321,0.1148594023593791,0.0450173852261565,13.546034390910568,7.690040208004094,10.870991843816713,5.820531326296978,-0.1686394603413086,14.69732,7.93991,2098.078125,1.0324926509143388,0.5861427611115254,1.413645644206354,0.3367083451293007,15271.22038449614,0.4742280900438476,10.427397361099969,2.963962970715182,10495.420662088489,1.0186274130455704,1.0376018066079111,outer_race
0.7600761226855468,0.4131237466884707,0.2060711179612082,0.3322792399974212,0.0485217739659245,8.979796103908564,5.759310237115376,7.516786581603587,1.883865689966834,-0.1898931170410156,10.6901,5.71333,2384.1796875,0.9920163639008264,0.636242731336985,1.3051539632580145,0.0548574209835897,17104.208880200673,0.4283544146779667,27.346720680585992,4.522456149086273,12160.79341798908,0.9736719521211772,0.9480370703474637,outer_race
0.700935511663086,0.5077166269469764,0.2792096530285714,0.146559913094805,0.0664112150833239,6.926319296441431,4.315969014538263,5.696872156649064,1.1894014493895932,-0.1763536483564453,7.305569999999999,3.99314,3337.8515625,0.9252012668647944,0.5765168813472944,1.3199520518936196,-0.0642178960834136,15366.434281765674,0.5728904586634597,13.291922290786708,3.0083575064066506,11724.67933261117,0.9082382809150868,0.824896774919592,outer_race
0.6551003222456055,0.457315055604147,0.2504116362355764,0.201776963327952,0.0903409965020028,7.807775536494733,5.001388195639006,6.498775615628325,0.9270531220470616,-0.1742809872456054,7.41399,4.25735,2574.9140625,0.8512336642279087,0.545270542179459,1.2993943604087714,-0.1636953326705442,16555.842466487225,0.6015076116227,27.14427772967705,4.670574200060839,12989.782296031584,0.8332015894125318,0.6942248885995691,outer_race
0.654395213519043,0.4767899390438126,0.244589264195508,0.2021822733768232,0.0763133260408675,6.855341736023678,4.322272363270344,5.672245033760449,1.3573320129075164,-0.1843036075825195,7.36304,3.71189,2384.1796875,0.858782068326552,0.5414595133156728,1.312329385339493,0.0684486407040491,15777.766191155446,0.56898018690122,58.45217307702546,6.601528870928805,12719.420160257454,0.8387722105025294,0.7035388211112994,outer_race
0.669582758067871,0.4947955836744701,0.2275947559289756,0.2035555312006476,0.0737767896073979,7.485385596970739,4.65854569596937,6.165809902144344,1.316253227296199,-0.1752336716713867,8.09698,4.12852,2384.1796875,0.8862250731107016,0.551544064967177,1.3235482282548128,-0.1108705952045087,15592.476295389044,0.5739483310420729,64.68674299883794,6.944536648100942,12722.295514690311,0.8687278287948609,0.754688040522633,outer_race
0.7295508312524415,0.468575860588616,0.1921413856235258,0.2776889256750909,0.061472112038013,9.071230350008578,5.537606632766793,7.437466681636162,2.532741558041888,-0.1888326043725586,10.19175,5.42601,2384.1796875,0.9798474972731972,0.5981559050581124,1.3430832442354486,0.0208786281022783,16099.76621692756,0.499555979050046,25.15953282916267,4.5007072345226105,12554.808270207714,0.9614797790065192,0.9244433654384252,outer_race
0.7806526014990235,0.479910255381006,0.2845648982683034,0.1602831017378743,0.0751739296392676,9.241590157249211,5.608242064382347,7.593813161727375,2.743942303795212,-0.1581361091904296,11.64061,5.92813,2098.078125,1.0570388959580124,0.6414621184374754,1.3540451846676318,-0.0173759819010279,15898.49378444827,0.5674123681730343,18.028825080793084,3.595912569818991,12049.552972607702,1.045143147390943,1.092324198538246,outer_race
0.9964411670991212,0.3581972122543617,0.5073769813589004,0.0913605999543727,0.0430548762130979,25.63461538252702,11.58342079504844,19.502706874882527,24.59435232243024,-0.1672621174711914,35.652100000000004,19.4333,22697.390625,1.6776822964341538,0.7580882221172727,1.6836742116128027,-0.2660634597091728,16831.935505820235,0.4260855835003792,14.226021134202064,3.5542180770204244,9955.162619937912,1.669323597097827,2.7866412718276288,outer_race
0.7148568711972656,0.441339070284284,0.1737692653476526,0.3283280066048669,0.0563866494013164,9.642121207829613,6.082032885956365,8.038909929445442,2.438161492723512,-0.1844589845517578,10.05639,5.74667,2384.1796875,0.944860066980116,0.59599644892802,1.3217471987051528,-0.0541488623362765,16876.931656875277,0.4655976865920441,18.56478268655615,3.803996061796213,12522.361068209682,0.9266797878403326,0.8587354291918038,outer_race
0.7562368518896485,0.4084846298919014,0.1961225973154175,0.3225896041596439,0.0727708548222043,9.367985081326175,5.877714671299031,7.749503327371792,2.02954266727456,-0.1954653514697265,10.52657,5.86046,2574.9140625,0.9970643911343152,0.6255838314347919,1.318455175310352,0.1293726421636583,17763.743974936475,0.5257511176642764,18.23966044732648,3.7223132049963046,12677.510930114648,0.9777170840498078,0.955930696442859,outer_race
0.6590143209326171,0.4288545120714995,0.2394967738499289,0.2424666810973412,0.0890012038176337,7.629419496129079,4.956766589048892,6.405490542339247,1.4002226590074969,-0.2059161332958984,7.80882,4.22131,2384.1796875,0.851625737093662,0.5532937338341084,1.292271973526261,0.0075230522866733,17738.730245854877,0.643585265084531,17.545406824138066,3.417604766400983,12528.464880305297,0.8263564255990201,0.6828649421287888,outer_race
0.6819234834448242,0.4790760408360896,0.2752039777071114,0.1809283838997095,0.0646701150020405,9.012278579871378,5.631277691356872,7.503759768106044,3.463428387180297,-0.1847207081088867,10.02985,5.11699,2384.1796875,0.908673001129704,0.5677798300008864,1.3325146049222787,0.2384169285578877,15975.43374759403,0.5418990915770954,33.488942868000414,4.876262317269285,11925.356672246053,0.8896993216687391,0.7915648829778146,outer_race
0.950355474328125,0.2886882837830612,0.5892726651270169,0.0927427935859406,0.0292632373079498,18.538194667640838,8.101413128121669,13.851764266740984,14.9840901953602,-0.1426112631621093,25.1221,13.1641,23269.59375,1.624914047933774,0.7101069028570763,1.7097960624497306,0.556920904456286,17244.637348262906,0.325964123732955,13.898108870185048,3.40264478568468,8884.193070536741,1.6186437813156511,2.62000769079183,outer_race
0.6864214648325195,0.5131019830178196,0.2264652298353906,0.1781492632412652,0.0822310600034512,7.579147795437743,4.922966691213351,6.354914907948463,1.1549396607125644,-0.1815028588129882,7.89136,4.36215,2384.1796875,0.8860815588668692,0.5755462378799091,1.2908709943723349,-0.0176286016451719,15582.051325184042,0.588568723300819,44.40514420087906,5.533667568302158,12776.480394601236,0.8672930538212869,0.7521972412066535,outer_race
0.7834126691914062,0.4187213916521781,0.2103042495964775,0.2992509516002121,0.0714145728907642,9.223902741661838,5.627322983882933,7.571488480167495,2.597105581504904,-0.1828204093037109,10.98796,5.9316,3528.5859375,1.0540713616383028,0.6430683590372859,1.345486744203735,0.182808594143012,17339.308060522133,0.5123633792752841,16.371465529458327,3.6795633786185418,12580.47217846072,1.038095917229256,1.0776431333680498,outer_race
0.6580666823579102,0.5832984405862781,0.2624416059849634,0.1046010550402541,0.0496215176839634,7.772438707167018,4.862062978154524,6.428573446146827,1.7044651760510767,-0.1633605018852539,7.73097,4.23043,2098.078125,0.8700895111822944,0.544286054787295,1.3221904930130908,0.0515227651657483,13256.356937336135,0.4867515842691938,23.09440670835225,4.393869164385152,11016.204809348625,0.8546163489503592,0.730369103893242,outer_race
0.6317098572373048,0.5147845768291376,0.18613372520242,0.2402326195030999,0.0588382774744442,6.605613614619603,4.302637029355233,5.537589701858813,0.7807161714605986,-0.1673977046542968,6.392849999999999,3.49815,2384.1796875,0.8130246581650907,0.5295723007863892,1.2870222758921968,-0.0374873535998596,15193.282467800162,0.4612469030420211,50.86327300526871,6.309335625227249,12694.514377709334,0.7956048662878674,0.6329871032609354,outer_race
0.6371841660546875,0.5262974683314092,0.1997653061548739,0.20492645232286,0.068567756844363,6.766174717066541,4.319868133210746,5.622471792076078,1.0084597279125471,-0.1671881496777343,7.05988,3.58255,2384.1796875,0.8293192962205691,0.5294793808625158,1.3015378290950677,-0.0414749648188923,14855.19760378868,0.5227426028765031,55.67691410828219,6.8003408144633415,12825.508196974675,0.812292199698554,0.6598186176911156,outer_race
0.6483673538154296,0.560873744269174,0.2054219967707421,0.1680637068269963,0.0655704582167909,6.946466652435794,4.362525024012744,5.727169910928405,1.0795934825028557,-0.1789006141669921,6.950609999999999,3.71331,2384.1796875,0.8511836561534304,0.5345609769389621,1.3128107871941628,-0.011817053939667,14081.387212411904,0.5257559712537538,51.33280728934259,6.4877907646989685,12410.895971683329,0.8321707677835086,0.6925081867533942,outer_race
0.6601004608452148,0.5559943606176136,0.2079509227932454,0.1766919373923542,0.0592919192719653,7.023613851254721,4.635670065944666,5.912554575409055,0.6681179350013924,-0.1742792014311523,7.371869999999999,3.90288,2384.1796875,0.8419235934567452,0.5556797515715898,1.2754476680393738,-0.0320836682940913,14031.197212406309,0.4961165947909303,48.38934064363522,6.466795447287714,12244.366772279487,0.8236881067295062,0.6784620971676385,outer_race
0.7211412858203124,0.4422557755322,0.3583832320832343,0.1449041588295389,0.0543653143075136,12.088707805286068,6.536305862897722,9.619585144274376,7.976880718499117,-0.1762529941503906,13.05401,6.93708,10108.921875,1.0613150830926086,0.5738479340998383,1.4717158814244586,0.0869057523684966,16291.796820343909,0.5025445316389792,22.622506078038484,4.134889417073569,10380.365901253916,1.0465775593107722,1.0953245876528932,outer_race
0.6833149240180665,0.5994789868389174,0.2485558713385496,0.0960588857026998,0.055697020109927,6.764978739785093,4.192659397006704,5.553149604412378,1.388528795988039,-0.1660436989887695,7.28878,3.79455,2098.078125,0.905046091439975,0.5609108536711446,1.3244933772528669,0.1495114545106754,13523.15749606245,0.4818571447844917,23.68891945623919,4.209127791605314,11104.22427548364,0.8896841673632855,0.7915379176569025,outer_race
0.6763414489121582,0.4275358717843829,0.2719909099812524,0.2134774497247493,0.086975151844694,7.373189124252819,4.639861178724988,6.099493098693394,1.382809736002006,-0.177153599154248,7.78632,4.12534,2384.1796875,0.8891084972360367,0.559505517962426,1.3145852567014744,-0.0610233729617426,17164.770934272536,0.6020964815670601,21.16271436210186,3.9195953340768654,12701.411441446791,0.871280966258313,0.7591305221640194,outer_race
0.672946245622754,0.4570059212737412,0.3664777256104035,0.1194073625531001,0.0570494843759059,12.94051274107415,7.477674875547785,10.496677923305972,6.4463526799537725,-0.1646333344938476,12.44293,7.0637,9727.453125,0.9446385564446652,0.5458593597747708,1.4037355325022778,-0.0890408891390906,16243.27164960947,0.4865771839288347,5.932105215417334,2.390546826470266,10666.304172765664,0.9301816314544692,0.8652378674952977,outer_race
0.6784314199511718,0.4720753119766312,0.212204311498151,0.2347497881455705,0.08091375890682,8.323220983882125,5.314534849417929,6.933243157191242,1.744246070743415,-0.1827788503222656,8.46405,4.70373,2384.1796875,0.8850689916004922,0.565133379145976,1.304581370456269,0.0907444668313372,16844.85374313621,0.5847036376916975,27.21197785318828,4.220522426564097,12713.516072560507,0.8659901914961756,0.7499390117675829,outer_race
0.7198401020682617,0.408056897518866,0.3735044587051744,0.1535025883625195,0.0648795124139578,19.33378035016333,10.430280810442706,15.401475922424604,11.643568662019328,-0.1622987102127929,17.72318,11.0866,9918.1875,1.062924402658478,0.5734315689536806,1.4766118192143762,0.519866523492661,16869.550821568413,0.5118164650172999,21.98513726030631,3.925941952609957,10721.87371911615,1.0504605725252836,1.1034674144301464,outer_race
0.9565690654921876,0.3402491880741351,0.535322549497815,0.0845647471508645,0.0398624048034358,20.304194669666,9.179352209431546,15.286193676434984,17.065029609957133,-0.1571309927314453,27.3462,14.6223,23364.9609375,1.592955544834195,0.7201615349879097,1.6652802210518534,0.3456976927865209,16835.94335542888,0.3955454341549798,14.834560577986949,3.6296249236424942,9577.004065355884,1.5851868088465904,2.5128172189412368,outer_race
0.6914445641157226,0.5349567068182574,0.2199775915720639,0.1742868229778727,0.0707085893186335,7.314422142580165,4.571781577656297,6.033990599572825,1.1517345616068884,-0.169086836309082,7.52777,4.17217,3719.3203125,0.9125917170651108,0.5704032278520181,1.3198335259634435,-0.0924037712685943,14747.37807609055,0.5468746812513791,47.86857835535068,6.180455487901791,12572.236695736869,0.8967905462496986,0.8042332838428327,outer_race
0.6254121529176269,0.5459697122116427,0.2264492295980263,0.1718974706210026,0.0556619204661667,7.022448391516102,4.401869859712065,5.791700693857608,1.265745704673101,-0.194171542269873,7.04273,3.6222,2288.8125,0.8228775759937926,0.5158030074490857,1.3157364661926771,0.021175761780108,14028.879449241564,0.4884829994863681,53.37178722363554,6.530133812429099,12146.94045883937,0.7996404925001979,0.639424917245959,outer_race
0.9262730589035644,0.5318013684360002,0.3252468744230937,0.0990074193098064,0.0439014446724616,19.11962252458526,9.301033124018437,14.748350789961025,15.766829153226492,-0.1522869528581543,26.9318,13.661,5626.6640625,1.4687615685103457,0.7145015537013764,1.585668021316445,0.5974849976990779,14254.927814961438,0.4413798583430424,36.8005856603757,5.389552784758964,10525.78896415379,1.4608453816616422,2.134069229122149,outer_race
0.9342968527487792,0.2985060100273844,0.5308948929341314,0.1259144049621156,0.044684299202841,21.023988954146432,9.677675730007486,15.976613809715635,17.72692418877959,-0.1560262303762207,27.8789,14.9269,22697.390625,1.5424054717721414,0.7099937139691114,1.650873025242733,-0.2924056646648595,18359.451671975723,0.4433089827280749,18.57584341433675,3.889704709603502,9976.5716369405,1.5344935499334067,2.3546704547872284,outer_race
0.9193499162597656,0.3482543862151144,0.5189703366993041,0.0971201628044467,0.0356410915427146,20.376461503758936,9.409352523756866,15.493447867977329,16.162622551803175,-0.1513491215820312,25.4335,14.2439,22792.7578125,1.5138023539916057,0.699036974470389,1.646600850468643,0.2975472963391743,16354.021079607835,0.3719615129904001,9.298884973458671,2.990723659709856,9520.04025846348,1.5062174512157511,2.268691010346874,outer_race
0.7191936775463867,0.5013695426883369,0.3067355219448362,0.1261311185729693,0.0655096915215569,8.56069139453417,5.26089257459881,7.021335361606127,1.7495843361303818,-0.1586156736303711,9.04167,5.0497,9632.0859375,0.959856132471035,0.5898705802225428,1.3346281571129717,0.0803116652112031,15621.475957990808,0.5484636324634231,13.37182199345737,3.061855768680853,11225.391352088784,0.9466598455205738,0.8961648631210366,outer_race
0.905335196423828,0.3055979203600456,0.5617319692510461,0.0918843292475102,0.040770146979568,16.433689368200817,8.109745704522016,12.625379025526152,10.09838028008722,-0.1567746812871093,22.3605,11.4302,14209.7109375,1.4094400017532596,0.6955346266990681,1.55681564940886,0.4430232982420471,16809.60062647822,0.4175944974128,19.468556730114734,3.880481307175844,9353.925995185322,1.4006936916576564,1.961942817849554,outer_race
0.6551174529697266,0.4325001080878201,0.2789473076880929,0.1996486343297715,0.0886800723745315,6.08564967998405,3.954294362367845,5.096109079167331,0.8654218567568122,-0.1841923674814453,6.56174,3.33855,3719.3203125,0.8442846419761388,0.5485938520221806,1.2887530902266373,0.0196236948356235,17175.83918666904,0.5899912478665724,19.032688643294883,3.852757106583156,12533.929326064625,0.8239476490884341,0.6788897284383573,outer_race
0.7775053934620606,0.4022205314017258,0.2202541845154562,0.3122175598601053,0.0652969101003939,8.13136018963918,5.096275001769981,6.725098043008169,1.754200370812721,-0.1793928424891113,9.52154,5.2288,2384.1796875,1.0260042870889017,0.6430412474732621,1.3196105078066789,0.2420703492348762,17487.95193608896,0.5047216905452345,12.736140482647391,3.230849780177853,12343.590024712954,1.0101994878183624,1.020503005188482,outer_race
0.91415518751416,0.2730457137130478,0.5765385166043318,0.1059075484737664,0.0444888111499977,24.939397442494293,10.482446844771902,18.57901178265416,25.97351052828148,-0.1509420406176758,28.8735,16.9841,23078.859375,1.620241938881931,0.6810148496635591,1.7723926539079378,-0.5903989762769474,18866.58740358043,0.3849825023021944,32.3579576441893,5.272004448828247,9668.07516403024,1.6131957230559626,2.60240044088605,outer_race
0.7839440700781249,0.3820346688789982,0.2402765244783145,0.3011902531439741,0.0764686936359343,8.507842199084019,5.378183954547668,7.0714355929084896,1.9574481437745588,-0.1901923962109375,10.26058,5.54361,3528.5859375,1.0307587183425462,0.6515882488507888,1.3148370625978771,-0.0208574014086661,18161.585767711047,0.5663116340277802,21.86599389727426,3.922489529783457,12272.556348130716,1.013059913264122,1.0262903878627103,outer_race
0.6647808942573242,0.4729183113171462,0.2379106999745486,0.2193866651484308,0.0697158652279966,9.435892682953716,5.945068004092281,7.829045697551887,1.6879345022185923,-0.1875004705083008,9.06907,5.2046,2384.1796875,0.8754483542353795,0.5515747343547368,1.316897585050797,-0.1082096574113158,15910.965367061635,0.5524836671997445,49.44012226325587,6.06120704607233,12596.852059468816,0.8551335536000212,0.7312533944926003,outer_race
0.643770507844873,0.5268237990299411,0.2442149856581989,0.169408014781555,0.0595166730165099,7.172276209808479,4.627080334187683,5.9822249591589,0.8074126367402803,-0.1845383069891113,7.30879,3.85118,2384.1796875,0.8323131914406456,0.5369536653835641,1.2928725086008523,0.0831274991975202,14305.820432518838,0.5177545895428745,55.50643178931188,6.701512563895817,12064.227744687048,0.8115977217191441,0.6586908618997053,outer_race
0.7471570867265626,0.4804497929642243,0.1826792400567426,0.2739439777478858,0.062738531568412,7.403667477038514,4.691576475852082,6.1552517960430935,1.808088393786626,-0.1928862306953125,9.10696,4.59894,2384.1796875,0.9802547232622362,0.6211705231580157,1.3119794226364347,0.1115715059671773,16086.04797463953,0.4856903367013635,31.886348053209357,4.912300276653337,12436.788899696146,0.9610901229781096,0.923694224486078,outer_race
0.6448464138618164,0.4997429040448685,0.2516963331689862,0.1716869057603082,0.0767976748752896,5.981140117381369,3.850096975831281,4.980798421076844,0.544671816958926,-0.1915012632758789,5.90753,3.21185,2384.1796875,0.8342257403286638,0.5369962811381511,1.2936812896774972,-0.142797556765014,15361.320716193331,0.5512831367810833,61.80048680064469,6.745125691340238,12423.211721116695,0.811948183069985,0.6592598519906498,outer_race
0.7273318697441407,0.3774834153200778,0.2111536451022563,0.3539747439297236,0.0573687816026446,9.034855866783154,5.675286451083161,7.50339731699068,2.2439820004621245,-0.2056143731503906,10.13285,5.45746,2384.1796875,0.9616184217377104,0.6040450540073884,1.322117814081193,0.0529449138081454,18086.983549708,0.4722710011518528,21.49522553793149,4.161740441471627,12171.459199922168,0.9393789004333112,0.8824327185792968,outer_race
0.678355040302246,0.5107327678194515,0.2160503264180266,0.1957045419387733,0.077480602642132,6.929279928685636,4.45824628758941,5.764238146233545,0.8740550318485156,-0.1871088078002929,7.607200000000001,3.9102,2384.1796875,0.8770713297928319,0.5643010587308885,1.2929384727532154,0.1239106156531765,15384.210314567315,0.5775003613963635,54.80325117120383,6.4863427596707615,12873.1354495037,0.8568806285522619,0.7342444115881195,outer_race
0.7293677963232422,0.4363074868075673,0.1945005092597382,0.3157202721422151,0.0534611155196375,8.48624280467916,5.2669048329295975,7.014389757527288,2.401608482275682,-0.1855797063720703,10.00236,5.11607,3528.5859375,0.9713617698222772,0.6028663235017376,1.3317859312118407,0.0266214708503433,16851.286967765347,0.456086498299212,23.602621177992443,4.284319806664135,12258.874375966288,0.9534693809740944,0.9091038604551228,outer_race
0.7263127341787109,0.5068614951230948,0.2557788982355693,0.1607407102042979,0.0765463843952639,6.833980192105253,4.328035289982222,5.671523857636836,1.1792655949864257,-0.1642625427646484,7.97276,4.1193,2288.8125,0.9517713521270572,0.6027673309265215,1.3104153449867393,-0.0006812856747465,15569.983590270118,0.5687635494805424,30.84057567298501,5.005105824690333,12493.324138596032,0.9374894792872394,0.8788865237742591,outer_race
0.6815070455209472,0.4567035333003436,0.2778370175744142,0.1834098664464157,0.0820446406510993,6.609407349540216,4.200417336570935,5.476568473546736,1.0643287652709814,-0.1897991385160644,7.13956,3.73232,2384.1796875,0.8885593265946587,0.564698134434041,1.3038153199361862,-0.0006662926802405,16398.695004194167,0.5862828640532587,21.740482370223827,4.046538969148331,12384.579622762309,0.8680518209743663,0.7535139638969133,outer_race
0.789468458637207,0.4624861057743634,0.2993004320847529,0.1633228582516751,0.0744503205941522,14.334277592084486,7.41431509499984,11.276270638306718,10.24208339169357,-0.1716032711752929,16.41867,8.90226,4672.9921875,1.2006854154342077,0.6210469933215125,1.5208782596670802,0.3081692859536272,16276.726925924211,0.5962564100918644,8.261767068599777,2.545125885560345,11717.914928015734,1.188359282438756,1.412197784158355,outer_race
0.7670168216206054,0.4179061032870058,0.227637284219549,0.285092139933918,0.0692996953420384,8.620771716381286,5.328828819796375,7.0964936446887625,1.9977741149002688,-0.1778981717807617,10.2214,5.44313,2384.1796875,1.0214495875301906,0.6313970696680095,1.3317173218861125,0.0269619748384909,17430.433303579277,0.5541930413053696,25.189273851764884,4.020301761348256,12274.74784196473,1.0058387049336783,1.011711500342659,outer_race
0.6580966097329102,0.5547360903438849,0.2887861357645834,0.0970069198108942,0.0591529244066074,7.511268465793727,4.658042372704787,6.1913554024441,1.6561874758630424,-0.1670256191665039,7.62814,4.07451,3433.21875,0.8747258341563889,0.5424529849459242,1.3291754147030148,-0.0297886426295221,14103.254533875188,0.4988680848525549,12.031557318479944,3.137737286857639,11149.056104507288,0.858631310565039,0.7372477274826365,outer_race
0.6485166826623046,0.455757809318327,0.2716816173559777,0.1844868411797309,0.0878773313302099,7.294398846521154,4.535043197415027,5.993754831476037,1.4895416667537713,-0.1648132840115234,7.45085,3.88705,10204.2890625,0.8571142171734145,0.5328814727280525,1.3216533052854875,0.1410299473612217,16619.640714736062,0.6140404155725848,19.739264657750333,3.90217542088268,12485.734473214005,0.8411191132616902,0.7074813626941321,outer_race
0.9666647908442384,0.6523424123433794,0.2013744010571484,0.0993872911022494,0.046775854803063,18.74461656126551,8.641522741431066,14.138096400577576,13.97840403232614,-0.1508430765170898,25.084200000000003,13.6668,5626.6640625,1.5815268221740202,0.7291053383423977,1.6360654046298626,0.4811461890603499,12676.538886153156,0.422476362992721,39.25335279931524,5.881410397339141,10717.575035872109,1.5743168218381949,2.4784734555227144,outer_race
1.0230100082309082,0.4738782378284536,0.4152503270339386,0.0750028542768518,0.0357442204356048,16.096135897327958,7.59245211108612,12.236928181815395,11.627810121786004,-0.1737977809525878,23.1776,12.5185,5626.6640625,1.6488085557656809,0.7777332447893992,1.611722800852131,0.5560405072190348,14779.62949304098,0.3814562286832402,17.10750504341853,3.8925348589657047,9716.551258162364,1.6396231228248968,2.6883639849020664,outer_race
0.6545314053291016,0.4877355199439505,0.2462008215476691,0.1934905056706743,0.0724462431638886,7.19812325384648,4.584154515806314,5.995968975738784,1.416082748425488,-0.1733679004951172,7.6653,3.92455,2384.1796875,0.8561120674418857,0.5452185051017052,1.307977066450201,0.0707543354969641,16104.34261465005,0.595500856017991,14.83333746648055,3.162829715367478,12044.820169522696,0.8383742858041001,0.702871443097535,outer_race
0.7331678333231445,0.4138528899288253,0.1876622910510591,0.336905077544566,0.0615049140755681,7.020842069577856,4.459506362898365,5.855057743794893,1.8490201934612829,-0.1747218080831054,8.46898,4.29274,2384.1796875,0.962604299819862,0.611428081910709,1.312938533400705,0.1981307063452777,17558.856073204726,0.4786087675123946,14.386629401423988,3.5613289986320487,12438.33618748918,0.94661466701708,0.8960793278118573,outer_race
0.7024235543436523,0.4579142931051885,0.3664151471149036,0.1202110712012354,0.0552618343842126,9.599742394704526,5.629493691023802,7.748102930696066,3.21016395592411,-0.1718203675467773,10.16765,5.44245,9918.1875,0.966774331531441,0.5669370881245939,1.3763409919173328,0.2168037184493466,15857.2800180638,0.5108379600079986,5.467837670232264,2.249752405760805,10646.508205516377,0.951383397692095,0.9051303694041548,outer_race
0.648198247607422,0.4720697509211635,0.2665087585124234,0.1766782120954863,0.0846043319633444,10.997320385364558,6.685434542190957,9.05224600908473,4.551038581935285,-0.1677902896191406,10.49371,5.86765,2384.1796875,0.8776766809950769,0.5335527014206825,1.3540250752523435,0.2919935594507529,16517.912629432867,0.6268732830048864,14.944114009380485,3.310313787512397,12277.47231928745,0.8614886970077199,0.742162775072059,outer_race
0.6877129465673828,0.4113627512490591,0.3692841786067372,0.1440363698735319,0.0752389173482882,10.793098958567674,6.422529377303608,8.822169235410108,4.049590817856236,-0.1514684216455078,10.64028,6.06712,10299.65625,0.9446620861619444,0.5621295629077743,1.373628475190245,-0.0039090233965272,17453.453389773556,0.5552617159428707,17.969602491685926,3.582198838585912,11053.234466667674,0.9324396893504991,0.8694437742760556,outer_race
0.989896449986328,0.4008643679658282,0.4733017790328009,0.092340975517288,0.033460768702118,11.812026552994762,6.29785816824819,9.282405245646562,5.616088372282222,-0.1707897885947265,18.20738,9.18862,5626.6640625,1.4590071345725308,0.7779037711077921,1.4738987442501503,0.1249568434334782,15436.918067925664,0.4189366904042396,12.311358571182918,3.1401826170098923,9841.740996115412,1.4489764203896889,2.099532666845316,outer_race
0.7210131109863281,0.5142006089364702,0.2509210596546752,0.1637576356141577,0.0711128069434262,7.903544745112577,4.937489640565307,6.515415501354285,1.1482069589183723,-0.1417535180957031,8.74592,4.6977,10490.390625,0.9514349076106916,0.5943788706839398,1.3195805916887589,-0.0918974680607498,15863.5569804882,0.5683117708907217,12.783707942009352,3.121212759148366,11999.308608206444,0.9408157755520772,0.8851343235276566,outer_race
0.6251178161351074,0.4918640143547959,0.2304678461426968,0.2043401335957116,0.0729154091951129,7.506611721211305,4.851420471219811,6.277728611644356,1.252007637538159,-0.1909834741722167,7.51183,3.92432,2384.1796875,0.8089012327998223,0.5227818016630746,1.293998046321869,-0.0026749452194684,15827.403385268894,0.5761280952805834,36.26695007977146,5.049021505718047,12510.366593088556,0.7860321348508486,0.6178465170181825,outer_race
0.6751632778921386,0.4408652590497298,0.3395891536226,0.1466828227879757,0.072753328876015,10.752532667702658,6.599064841759295,8.870654249292274,3.771234027553028,-0.1810315724877441,10.97714,5.98914,2384.1796875,0.9075740492956438,0.5569980752524991,1.3442289872889597,-0.0980197610314602,16111.658152755395,0.5977567081569932,9.75663871286623,2.7195129852266797,11602.025904562764,0.8893358334833396,0.7909182247175063,outer_race
0.5862384715314453,0.5201455156067442,0.2691171000078581,0.1404837435553046,0.0700222091548267,6.839424123452596,4.415939661019914,5.688180087002587,0.6963398010057196,-0.1567926130392578,5.878030000000001,3.33463,2384.1796875,0.7551348650515364,0.4875600547369845,1.2881018590930733,0.1450676374680227,14916.006061284756,0.5871932239149258,7.76061128976043,2.587737608379202,11781.66724924829,0.7386776975871978,0.5456447409127236,outer_race
0.6938834814990235,0.4926809704265699,0.2258977533071138,0.2091171762732863,0.0721220193691732,6.890268152665141,4.390984590256346,5.716319966907271,0.9577130531561582,-0.1873413051708984,7.46173,3.96646,2384.1796875,0.9033190434786832,0.5756611951983004,1.301831024320118,-0.0496752215571527,15681.44496354234,0.543189846335671,47.189423605128894,6.039046045792777,12699.780955892367,0.883678974338593,0.7808885296881076,outer_race
0.6870954175209961,0.5334755311228403,0.2603970625290453,0.1218640931189967,0.0841815939146775,6.982594388646434,4.44379991291907,5.804695968414203,1.1476219138862165,-0.1640651772983398,7.66902,3.98838,3337.8515625,0.8975156573555285,0.5711888415694072,1.3062460241602505,-0.0680441860385002,15019.78346634505,0.5696185168716593,28.282997684064668,4.5940413501466,12297.340321048716,0.8823927542746433,0.778616972796391,outer_race
0.7092905325439454,0.4658407492027967,0.3534418162637803,0.1298114899937235,0.0508110809003866,12.52248566835632,7.472178082787035,10.196738385975708,3.773094456972247,-0.1789672948466796,12.74543,7.23245,2098.078125,0.9679172417826504,0.577557059480294,1.3646273245902678,0.1081431909983391,15282.181782552096,0.5169563089925676,20.559415168586888,3.640613820684065,10924.09684164537,0.9512278876880113,0.9048344943153956,outer_race
0.6525134916708983,0.5578055557078593,0.2754924473566132,0.1068555367440266,0.059486923849298,6.222655326146524,4.032470420710209,5.210466976389775,0.7324361267107156,-0.1583341015439453,6.08473,3.3999,2098.078125,0.8431307970762997,0.5463744690653534,1.2921277610939286,-0.1194952718163299,13860.498946073829,0.5081316107761399,22.60873380712633,4.17951123098109,11579.722534661498,0.8281303359174739,0.685799853266788,outer_race
0.6476450031791993,0.544096336616711,0.2120328404963612,0.1849244243590828,0.0589047158852266,7.888701575473615,4.962289474784888,6.538165166432027,1.7144936072407662,-0.186176694934082,7.93999,4.23441,2384.1796875,0.8533178125775418,0.536768942200197,1.3175702867909478,-0.0230946530811944,14298.964569125194,0.5061482718185494,43.15571109012563,5.759126439084173,12189.909082244649,0.83276018608333,0.6934895275255424,outer_race
0.6101352841845703,0.5457934275432755,0.2482447447256311,0.1363797976458577,0.0694747131860313,7.094191666921738,4.567063268923032,5.93414295788331,1.1795177035320572,-0.1867153009912109,6.76825,3.62063,2384.1796875,0.7927698362833907,0.5103654045438327,1.299334519463018,0.1154724878235127,14251.13375334012,0.5300787377461279,55.92033749696953,6.570660708574928,12197.961452361007,0.7704683054458216,0.5936214096965557,outer_race
0.6877280089750977,0.4125135785607922,0.335176950272485,0.1825815159589998,0.0696848344910919,19.257023066098032,10.902784639505317,15.719150389280484,16.72125283473693,-0.1787805292592773,16.85414,10.8105,10108.921875,0.9915356817036513,0.5613796048794205,1.441755561448355,0.9366406956927554,17391.14886459142,0.542166333801783,25.031183101084974,4.144075155116781,10955.530521257482,0.9752848458011112,0.9511805304492972,outer_race
0.6389597549746093,0.5254528245329325,0.2397032289229473,0.1761662339427745,0.0585761705086034,7.924865791315851,5.029493178909753,6.568269702943612,0.9459870673916572,-0.1746266537929687,7.50144,4.19686,2288.8125,0.8344498840556647,0.5295812081258161,1.3059506135700576,-0.143125397575558,14500.898181407989,0.5161266750425512,29.676580732068608,4.988447994309767,12165.476577119518,0.8159731250387986,0.6658121407855828,outer_race
0.6387352998183593,0.5312090267041045,0.2182428840167865,0.1845083114299392,0.0658504552161163,7.9107340205272765,5.002758576560806,6.556737980805147,1.432484378509626,-0.1778156716884765,7.472939999999999,4.18802,3623.953125,0.8371421358651877,0.5294097853792908,1.3106245045533735,0.0710090326975905,14953.609897479124,0.5343938833583881,25.740191470097905,4.576479356260621,12303.161652832552,0.8180394504807847,0.6691885425429043,outer_race
0.750728305326709,0.3826179253395434,0.2161492916855284,0.3229974876927424,0.078095459401189,10.439157412825429,6.147275454582903,8.457294010297009,2.9744187883254085,-0.1969323032007324,11.047,6.34913,2384.1796875,1.0328364243490358,0.6082033011782668,1.375779249324503,-0.2430309709447038,18266.036115998224,0.5298127614266466,12.02454008562979,3.1608014082659204,12492.519665038097,1.013887936321444,1.0279687474181562,outer_race
0.6167956930812988,0.5039746704377894,0.2856659398137279,0.1377021791032058,0.0726392141994019,9.922007175061678,6.286219138669885,8.25315425691377,2.461232562726906,-0.1645062503273925,9.19077,5.09051,2288.8125,0.8097888234098553,0.5130524409208922,1.3128963650255554,0.2256288353211001,15318.6274104841,0.5687405821616249,16.6572939332441,3.5570724252843524,11848.049215488743,0.7929032930457149,0.6286956321227388,outer_race
0.6704094606352539,0.5392191681137511,0.2828413202506264,0.1142917189452195,0.0636154938461465,6.760190622640923,4.288589063000322,5.625666434400066,1.3504354204490978,-0.1609784305668945,7.31386,3.7715,5912.765625,0.879426763580243,0.5578984692189985,1.311775586739084,-0.033706010824101,15052.430020140278,0.5291162499115606,13.90835621866643,3.396616013157633,11260.51374927992,0.8645677401993669,0.74747737739344,outer_race
0.6714070711303711,0.4509871514819868,0.2557928997499025,0.2029134028361442,0.0902932974723726,6.12420370325483,4.029638544703282,5.148575504544804,0.5601185450791579,-0.1732566744907226,6.37453,3.45679,2384.1796875,0.8578412087465618,0.5644472600026057,1.2776767562222913,-0.1098706751292852,16880.52311239084,0.602377538817577,41.16585177842023,5.262484189687534,12745.003205848629,0.8401628795466852,0.705873664168178,outer_race
0.6723410418613281,0.3658090534528541,0.3970887586924411,0.177887264703261,0.0591607127069492,14.985141517911677,8.439709864107927,12.130227804362002,10.720948532068787,-0.177253033524414,14.14346,8.15565,2384.1796875,0.966342460975351,0.5442491143811745,1.4372801908687605,0.4262690042378758,17444.713258988446,0.531508597082855,14.124576794856331,3.155696860706964,11078.504380620569,0.9499469006161824,0.9023991139902908,outer_race
0.6323618817885742,0.5444397252063011,0.2025637924923503,0.1877170237799997,0.0652619804084998,7.067090175325403,4.417156837647461,5.820607006844582,1.3037909195885575,-0.1854218283579101,7.28335,3.68073,2479.546875,0.8332803509780569,0.520826805472384,1.3177270404427357,-0.0607222157859345,14317.783954433591,0.4897334892655556,65.46832465187167,7.580632870744804,12650.684828828513,0.812388385499524,0.6599748888945232,outer_race
0.6998906692578124,0.4616611577920981,0.337084925898638,0.1507956901998288,0.0503154941237799,17.97935763531404,9.72189048672229,14.400677766840364,12.995328499435256,-0.1669190127832031,17.1112,10.0789,10204.2890625,1.036722231521256,0.5605817629548451,1.4812631130239684,0.3102373427302198,15980.98479865363,0.5122522574590489,20.960244373006077,3.81651906428031,10413.304614868664,1.0231964760015024,1.0469310285018931,outer_race
0.6652091354042968,0.4679183687842196,0.2232308528503141,0.2266139949443674,0.0821861370646024,7.542356802210123,4.784781730956372,6.2546344879513285,1.4021253577647783,-0.1748515331728515,8.06033,4.16064,2384.1796875,0.8695569064481402,0.5516365917322839,1.3071932722626338,0.0268532265569562,16597.358771944593,0.5807692014385735,38.46346749896765,5.020057464861645,12713.775867168117,0.8517958410903183,0.7255561548987628,outer_race
0.7283163237438477,0.382392691456287,0.4036382957376153,0.1483968982426835,0.0655545114339578,12.495553038929945,6.700785871800465,9.895919897759786,7.0825747362229645,-0.154074634046582,13.31206,7.20736,2479.546875,1.075599211479268,0.5767939984365191,1.4768297461057065,0.2554724280095939,17020.877125105806,0.53345202043696,6.690991689960136,2.326162245117463,10858.54146342736,1.0645067735238865,1.133174670878235,outer_race
0.7896900422861328,0.3900752030693343,0.2197233861238263,0.3158247240037141,0.0742681945041844,8.070958576956436,5.060935035862145,6.6940568032192695,2.052201722968901,-0.19917709884375,10.400659999999998,5.28623,28991.625,1.0445164702849177,0.6549692889135655,1.3226917073198348,-0.0106162793150774,18240.25822512964,0.5533800217105155,19.63391789148791,3.796279337420108,12417.391225473631,1.0253502523492397,1.0513431399926496,outer_race
0.6372787244365234,0.5410328305770221,0.2185086176423105,0.1775091580269364,0.0628842634268894,6.5264401641836765,4.1771546884523145,5.41665658625613,0.9293323706423142,-0.1862723306572265,6.6752400000000005,3.45192,2384.1796875,0.8263806963009497,0.5289131460890003,1.2967335399932405,0.070648264792408,14350.20009224878,0.5427006372806786,65.14772149425171,7.344341676542932,12406.06168375753,0.8051134541481512,0.6482076740503672,outer_race
0.6253880412226562,0.5696548534119996,0.2124268940905237,0.1617048089671074,0.0560141474100844,7.051271909070442,4.482574943415478,5.84971211289524,1.1285024414066642,-0.1737890427753906,6.698919999999999,3.65834,2479.546875,0.8161246707930206,0.5188198735172975,1.3049892498703164,0.120134253022842,14066.208089750711,0.5054018415688786,23.1763947414542,4.128342769380418,11641.672080122446,0.7974063248358579,0.6358568468882297,outer_race
0.7450663055745606,0.3706560791957833,0.3994494148342385,0.1725184023513497,0.0572723180678882,11.581221533314787,6.2877718312817885,9.247754123958948,7.757407761273861,-0.184567742613623,13.74259,6.89019,19168.8046875,1.0958078926657562,0.5949450133718219,1.4707521793254628,0.3376181232853673,17254.940458019955,0.5178466235835759,12.447472761666344,3.1065608101368025,10508.213169831955,1.0801526216304236,1.1667296860150769,outer_race
0.7851773041923829,0.4256193079867998,0.3593697490259548,0.1534163447440745,0.0615238465258707,14.013532450677175,7.283883729426204,10.99589857462892,9.22105268643388,-0.1619297098564453,15.3713,8.63373,10108.921875,1.185319579597426,0.6160994760163268,1.509620277189012,0.3316416063854079,16973.606266762392,0.5252280160040906,48.06597637107047,5.628715294649204,10495.869917571816,1.174206657638606,1.3787612748428262,outer_race
0.7165124108701172,0.4693160725098449,0.3210415276451541,0.1467421246173174,0.0627376501383542,13.834898313597057,8.12726477880286,11.214627797224,4.738649066307614,-0.1428987642568359,13.52214,8.03542,2098.078125,0.988699177238275,0.580808027486745,1.3798772529810337,0.154242593065865,16144.045459328832,0.5732032369503164,12.133162027425708,3.070689879158597,11456.654946668034,0.9783179474207304,0.9571060062455112,outer_race
0.7014838870673828,0.4475596373232994,0.4058281644866518,0.1024258122891523,0.0440657231603987,12.37643384890412,7.134603116846532,10.014029016927692,5.782981747722765,-0.1630348841787109,13.07477,7.02468,9822.8203125,0.9845929598260376,0.5675851449423782,1.40358599531376,0.0544972000848552,15850.20225344434,0.4652993267140053,8.054292313932564,2.6696728382686734,10077.422148323643,0.9710009902568748,0.9428429230798316,outer_race
0.6503482906591798,0.5614812437755082,0.2062556410653316,0.179818796877655,0.0523386928652032,7.854100773679053,5.002833061942228,6.548814014230981,2.0099346292923173,-0.1763142367919921,8.42088,4.25901,2479.546875,0.8513196317501235,0.5422657695293328,1.309021095276876,0.0047049381844528,13808.829434534671,0.4723690103805008,66.01148860683752,7.300350526548103,12075.698160689908,0.8328615763184318,0.6936584053076231,outer_race
0.7571308383901367,0.4630901547386299,0.1705580499924344,0.3074527841270956,0.0588378891525118,8.638761440029919,5.447915032980627,7.189153742005219,1.977787973007384,-0.1944707144057617,10.2214,5.44313,2384.1796875,0.999121676283191,0.6300822215992514,1.3196156141355857,-0.019473226064318,16251.797117801443,0.4867077741134521,47.749411612427714,6.021005744736007,12714.531063445167,0.9800128903526965,0.9604252652574464,outer_race
0.7593925534868164,0.4202639975151107,0.2176640020208608,0.3007840801730368,0.0612512666106563,9.00416579712557,5.633607383209305,7.447228675120503,1.8739838647535096,-0.2049426517670898,10.15529,5.65537,2384.1796875,1.0038629984857583,0.628083725624575,1.3219289468621134,-0.0227980839614462,17339.100159710564,0.5105803500475694,11.798305155004265,3.1854057669945397,12112.748523100268,0.9827204227121216,0.965739429215491,outer_race
0.726762572404297,0.473010442801767,0.169603934872005,0.3068139500171871,0.0504332157182571,9.068998059058693,5.5972828616593295,7.484837836384759,2.4660718245759696,-0.1965628026396484,10.22992,5.4397,2288.8125,0.9718465431256385,0.5998126766127689,1.337227011994505,-0.0604877183835956,16225.330017973762,0.4567490714351706,19.15532698904034,3.8725586684311946,12265.980105507071,0.9517608775336902,0.9058487680037,outer_race
0.6581084088129883,0.544172918500584,0.2146725646480995,0.1866097643019888,0.0542573073903668,6.222101064112041,4.032237685075411,5.205965999096627,0.901683947338508,-0.1783881731196289,6.54564,3.42609,2479.546875,0.8496746143415713,0.55063232896699,1.2910860930558623,-0.0151745709385174,14154.732576309374,0.4923713200141336,61.285630396114726,7.172405788588293,12337.391733120505,0.830737389279873,0.6901246099475392,outer_race
0.6736494459135742,0.480743744028681,0.3573404954184979,0.1111323805487611,0.0506583002014536,8.985884174615116,5.492099416786438,7.387818738944674,2.959212082295463,-0.1534749593315429,9.55843,4.9768,3433.21875,0.9061744193465544,0.5538464444110384,1.3451720696031149,0.1611586122865687,15299.481555252229,0.4867465565164707,11.188190090588934,2.999830037560928,10757.698559011737,0.893083151300172,0.797597515136246,outer_race
0.7397476342353515,0.4579137684301371,0.3300343793404703,0.1447828974319733,0.0671163510868262,9.169084604202842,5.602460062154155,7.515238633708529,2.0705181199100133,-0.1659363392705078,10.07585,5.55938,5912.765625,0.992310509726759,0.6063178866788667,1.341417618391537,0.1498630202313935,16257.249273390002,0.5580733643457306,16.036308283809,3.355677408176659,11317.22826548214,0.9783380187970224,0.9571452790236832,outer_race
0.6331508989848633,0.5165089311290808,0.1997357776140034,0.2093835201160821,0.0741019074496996,7.997971739353127,5.113757228042699,6.656106793430852,1.4495151946788178,-0.1818548888686523,7.68369,4.21432,2384.1796875,0.8241142103675969,0.5269235922982709,1.3016078974047212,-0.0793192334371343,15291.474047071728,0.5274776696722697,54.11064622343116,6.37788630589437,12666.452119347963,0.8037991236150845,0.646093031124378,outer_race
0.6980397029086914,0.5440503410681398,0.1949541738802854,0.1920159736349406,0.0688148596435651,6.448174228739672,4.12352965523576,5.362216481960792,0.8721266397039407,-0.1981544268793945,6.79488,3.74304,2384.1796875,0.9077271931941506,0.5804805929897456,1.3003947904563358,-0.0539064583888393,14591.949744271573,0.529994103658456,51.589177932832186,6.388771973086149,12641.288085199909,0.8858349058217505,0.7847034803722296,outer_race
0.6333791471435546,0.5203064649471916,0.1985911856042623,0.2057163588858053,0.0752568203126656,7.973675268198553,5.144962410291201,6.664744204221876,1.1170331127195468,-0.1828098260791015,7.44109,4.22131,2384.1796875,0.8204744103778744,0.5294058082395041,1.2953922055661156,-0.1050037528508614,15644.961978900696,0.5636174263779887,17.798529741938093,3.554173692827523,12454.870363753627,0.7998492517805147,0.6397588255738491,outer_race
0.7609036595361329,0.4318338945610056,0.2239044102573996,0.2819512162639415,0.0622571243715043,7.890552447392104,4.86146739776723,6.489573204326944,1.9308464959884333,-0.1817346458740234,9.34588,4.93794,2384.1796875,1.015730353816194,0.6258040907683253,1.3349000771469677,0.0272512614227855,16825.36109136634,0.4752653084048294,20.2747898160922,3.987190659556602,12433.19073699312,0.9993401173537536,0.998680670152614,outer_race
0.6306862016113282,0.5494593830300768,0.2021127682108467,0.1803555757248688,0.0679313245355849,6.400118248684073,4.071190732116548,5.307425454129162,0.9850104245491952,-0.1623258376074219,6.30124,3.34732,3719.3203125,0.8221968019316505,0.5230090866974593,1.303654336865204,-0.0868245736604272,14374.52213324119,0.5284045476792589,41.2235758625831,5.828656460226119,12625.856934929856,0.8060135876966855,0.6496579035516826,outer_race
1.0022811136972658,0.3010002136889654,0.5659352320608275,0.0961728582015691,0.0368655587487858,18.91075818273255,8.698914326393377,14.300977843556767,14.047664615888994,-0.1823804428720703,26.5214,14.3336,23174.2265625,1.6477458522048465,0.7579600913668305,1.643995711070078,0.3700833283963102,16976.683267582463,0.3610468335864548,18.06752418150706,3.84634700473573,9264.519695366129,1.637621374895938,2.681803767516062,outer_race
0.6580734944634278,0.4496610701656744,0.3479651958181207,0.1404675053765663,0.0618625013174008,10.538526781912529,6.482894623794426,8.69547253937913,3.50717849922186,-0.1696250689370605,10.74884,5.72226,10204.2890625,0.8826705248296589,0.5429848135719713,1.3412947524187406,0.0822645232373913,16421.836263474972,0.5477769027340501,20.781056484562527,3.944929682467151,10747.540399710664,0.8662185586739428,0.750334591391163,outer_race
0.7269444028029786,0.4737767585901009,0.1730594833616762,0.2962922706696378,0.0567970548686903,8.247682166383528,5.087636011524721,6.7927340536086565,2.0654329279342027,-0.1741862546872558,9.34588,4.93794,2384.1796875,0.9705765091713278,0.5987063880960879,1.3351454463765642,-0.016392535652479,16027.513354137756,0.4523721859343418,15.566944831334473,3.682377938610085,12580.581045081162,0.9548182595830618,0.9116779088332272,outer_race
0.635794472365625,0.5185891443731991,0.238027168432587,0.1753830339014533,0.067929457005042,6.255464132633981,4.0595207338936605,5.225572326286914,0.7164943521564475,-0.1721096284886719,6.58554,3.32239,2288.8125,0.8184192710880315,0.5311180640725767,1.28723873304986,-0.0540698038992589,14850.618645214276,0.5276324189012864,51.38325075156271,6.407166800699111,12432.810797737406,0.8001177282561336,0.6401883790697561,outer_race
0.6351945503686524,0.4959018742608564,0.2250441994325704,0.2050232836253949,0.0739927448030553,8.95991118746844,5.745758541455036,7.452063304467551,1.0555689332789102,-0.1812750171801758,7.876799999999999,4.73351,2384.1796875,0.823826822141625,0.5282987633427,1.2969677111736786,-0.0745855843712841,15552.850413710528,0.5584667281319129,43.847117848206594,5.827717131277685,12795.418943105871,0.8036354901485472,0.6458300010262956,outer_race
0.6536919291220703,0.5189266676590171,0.2416076601925192,0.1771404523942881,0.0622682208001232,7.931263584566585,5.033426299871023,6.563030395314623,1.1194673092453111,-0.1814442903623047,8.42429,4.2902,2288.8125,0.8523418729921469,0.5409226353727902,1.3038892405125302,-0.0020524929852468,14397.757325498256,0.5080057970881746,70.56262174150265,7.75647355696336,12329.10038330726,0.8328052821342338,0.6935646379506808,outer_race
0.6428767336533203,0.4975718460175934,0.2158837662683266,0.2077670187068105,0.0787680627662452,6.981088544601886,4.434514518551738,5.795185616421877,1.2835757832499244,-0.1861138528066406,7.11394,3.72559,2384.1796875,0.8401348071844256,0.5336689222887462,1.3068365414472742,0.0457234934443859,16027.839598498264,0.560868069457797,22.94186915217001,4.139479695065551,12443.83243737014,0.8192607204280455,0.6711881280362801,outer_race
0.7348990448510742,0.4103352812436157,0.4074910885371657,0.1262159436647397,0.0558368026417434,11.455811996861293,6.749008997217953,9.272498103982317,4.030258627556447,-0.1623544284125976,13.48498,6.81435,2098.078125,1.0096815699621946,0.5948377995263036,1.3739051330061325,0.2855618361522953,16580.11276310865,0.5091328716563778,9.330906048180225,2.7570762354412017,10712.460228699303,0.9965429806567004,0.9930979122961408,outer_race
0.7147893789013672,0.4511098577570486,0.1636038601504747,0.3302342833894555,0.0549034507668552,9.180194069210124,5.7643851701035365,7.624189951417836,2.1357799321283206,-0.1939368536083984,10.10944,5.44969,2288.8125,0.9454069842980524,0.5936355984322779,1.3226371462753754,-0.1850806157136922,16597.05860333155,0.4372644924547491,20.8976466015957,4.3300872314639145,12341.743023554274,0.9253014983085311,0.8561828627720127,outer_race
0.6427562435791017,0.5734505106619187,0.2288306507776423,0.1347537120873392,0.062773175108429,8.0122599872593,5.071734409927128,6.6668663942315165,2.1800329465983657,-0.1732006472412109,8.4336,4.28517,10108.921875,0.8449121451652611,0.5348266290427501,1.314514100182803,0.0198247099501614,14348.38203806444,0.524403363482026,40.9739972280821,5.595800387733532,11568.595650566129,0.8269692067078368,0.6838780688429889,outer_race
1.1273160629238284,0.3567925583919294,0.4899116060096657,0.0994800720844689,0.0537501790347335,20.092395000167357,8.586219485482422,14.765335603245724,15.742387275202756,-0.1678915633828124,29.7239,16.6452,23269.59375,1.9385947480312724,0.8284328473465388,1.7196550388923726,0.2511745096414816,16938.50757870109,0.4563505412909875,15.806249038894745,3.605626523468697,10326.5421920588,1.9313109589186583,3.729962020039309,outer_race
0.6388846570117188,0.5536090331277177,0.201519837239989,0.1776911975880243,0.0671384856045127,7.392114494884387,4.769875536819376,6.149278992511379,0.786726949359982,-0.184024396258789,7.47732,3.92868,2384.1796875,0.8236441327816496,0.5314690407891801,1.2891906602267047,0.0197888507444364,14372.875084401268,0.5154880138615522,55.24507966036471,6.595856948335921,12614.248702274872,0.8028229437723015,0.6445246790472239,outer_race
0.7090195833447266,0.4841713941174791,0.3327697719841596,0.1188605943069969,0.0641134782156062,9.974425100729352,5.872117987934367,8.1020047047234,3.1949192847115158,-0.1487930287255859,10.38419,5.74448,2098.078125,0.978263722187356,0.5759209119310497,1.3797414700063684,0.1422539457249118,15634.301155422649,0.5477241163714552,16.251993519521427,3.5900205372497087,11312.348881146463,0.966881867008854,0.9348605447505274,outer_race
0.6778282096699219,0.4092167129629814,0.3704934126010418,0.1655684616909404,0.0546721689961787,18.06456503602401,9.850366935292548,14.50929580636545,16.016084982110137,-0.1777146144921875,16.51045,9.83481,10108.921875,0.9984206745398684,0.5444255081917339,1.4729700834169523,0.5968129023830954,16736.05469634356,0.5181008204267198,17.678061004494342,3.2992356127368065,10583.806930535038,0.9824771545153296,0.9652613591445388,outer_race
0.7690774372275391,0.502923059081642,0.2573059542929913,0.1643665799390327,0.0750065529601198,11.304827403098509,6.574986458260296,9.186916242752313,5.940853200834047,-0.1558302615048828,13.94923,7.06545,3337.8515625,1.0745953691088632,0.6249940620998292,1.3972524964231057,0.4242375842220124,16214.050690736543,0.5714776655092471,15.830277124959434,3.357101327859492,11925.914478821618,1.0632366326032667,1.130472136909534,outer_race
0.6604449346826172,0.5032940298140318,0.234680723133548,0.1862208000342704,0.0757868364146669,6.5681246883617606,4.235128813086594,5.491888588324219,0.94227185364975,-0.1913910333447265,7.14611,3.62709,2384.1796875,0.8564296766587719,0.5522261181227177,1.2967465290203746,-0.0710666734072785,15566.101070849125,0.569298605545737,37.48747910623294,5.469364482291937,12692.058524839167,0.834770185989585,0.6968412634170863,outer_race
0.904220311118164,0.301616286724616,0.5753365593259083,0.0884904624038473,0.0344940699575495,13.319648374102616,6.530422436696714,10.225804360185045,8.971259175414092,-0.1660703955810547,18.30331,9.24638,23555.6953125,1.4158930895559492,0.6941909981631145,1.5658718037477477,0.3409113638908663,17248.740887406184,0.3776838435733128,12.597471905564818,3.3292621255913777,9483.94304189024,1.406120145920626,1.9771738647638424,outer_race
0.7070021858955079,0.5405596595944898,0.2296581497551196,0.144364850151601,0.0853932550485586,8.289079089121083,5.114630088270348,6.823543259473042,1.728679803902704,-0.1602714946708984,8.43661,4.82426,2098.078125,0.9432275485696864,0.5820019266472618,1.334122535102164,-0.0113396417527137,14952.57345161791,0.5728387113698575,29.982891371475787,4.805894353390948,12652.42606944166,0.9295112997574244,0.8639912563767363,outer_race
0.6770330502924805,0.5329816848972059,0.2616147542088566,0.1335822010653967,0.0718129463823244,7.732381243060784,4.671328999070397,6.292056197492421,1.7571863657211964,-0.1659736873823242,8.05028,4.25993,2098.078125,0.911931058773153,0.550920843927989,1.3469520555594674,-0.0233047762083145,14964.88915458681,0.5587668031791941,13.677046036829571,3.2730006707835377,11981.56946434959,0.8967000563465123,0.8040709910518382,outer_race
0.6386131129003907,0.4899666378388775,0.2442828804383529,0.2042663447703092,0.0613915336409994,6.281813954165991,4.064235399898753,5.2513171625448285,0.8018443877075523,-0.1690953167285156,6.43546,3.35356,2384.1796875,0.8251392131675106,0.5338521682540401,1.2920799722072318,0.0175214036701333,15252.3020879069,0.5162364553949217,25.87845169140516,4.662271817699354,12237.655693369195,0.8076270766679269,0.6522614949671814,outer_race
0.7431222308227539,0.3840333073987881,0.1865767054251865,0.3753785177773278,0.0539879914634849,8.92402922452244,5.463901990440081,7.329628658759838,2.562365516791777,-0.2039223411420898,9.91099,5.44681,28610.15625,0.9968718343648942,0.6103532230746902,1.3414641535635388,0.0450666663424844,18272.51007180579,0.4717748366441194,31.29465549538527,4.753727197650891,12131.852735616128,0.9757915417409389,0.9521691329331584,outer_race
0.6323236258203125,0.5066635377438862,0.2023200655447976,0.2242484817865493,0.0662993570989367,8.104790595587971,5.157100354085748,6.732865618419596,1.3463157672523964,-0.1794129652148437,7.41399,4.25735,2384.1796875,0.8255317344420271,0.5252880934786379,1.3055525694948784,-0.1096138735454249,15331.773286148918,0.5151277676084871,50.79188669387675,6.510891008819982,12743.866375820306,0.8057999953361125,0.6493136324836788,outer_race
0.6571016173535157,0.5066498164096459,0.2285922220497996,0.1900195004641004,0.0746595697141652,7.263214250235966,4.490980192122144,5.9839907499186165,1.7040488290889284,-0.1879166703808593,7.75887,3.93209,2384.1796875,0.8755527372170286,0.5413705096021717,1.3324464802618008,-0.2255579342875688,15657.801865698675,0.5694737240265975,51.28906731258754,6.158973952313207,12694.576280206324,0.8551490634042713,0.7312799206412025,outer_race
0.647902487036621,0.5101684519773011,0.2256033416575718,0.1822547497080709,0.0818535790501925,7.790270773755378,4.937134455444976,6.469816189736387,1.4910645779847842,-0.1999636087075195,8.27017,4.19181,2574.9140625,0.849037035111939,0.5380827087707628,1.3104395369668482,-0.0737626881264801,15490.934963160222,0.5746584915708062,56.72150749870347,6.406651063982404,12768.737018084412,0.8251535870274926,0.6808784421843379,outer_race
0.7571158329833985,0.3736234298843464,0.3699343526017665,0.1838518689239064,0.072575874301779,11.170239675406716,6.397289336001236,9.04519454178442,5.66130159269799,-0.1787574931005859,13.12516,6.84826,10204.2890625,1.0704940233765716,0.613080846875441,1.413910496572649,0.226265303508555,18137.61366329091,0.5803259159227419,18.786008201059047,3.316032867118912,10986.849938091887,1.0554635061172668,1.1140032127453536,outer_race
0.7599592947705078,0.4238273700429339,0.2093575234424645,0.3021722561895325,0.0645645652471881,8.119978309604438,5.136192142233255,6.767454566830554,1.8497544637224204,-0.1791499130029296,9.91,5.14299,2384.1796875,1.00132352092338,0.6333748445998668,1.3176015186783907,-0.0398033210277591,17161.50161292069,0.5160042725524827,15.05559259948886,3.539481804147113,12456.93272182423,0.9851670428031164,0.9705541022254374,outer_race
0.6442530765893555,0.4880303467484897,0.224971021245899,0.2088042599390457,0.0780515989769615,6.885350879292997,4.424044598529008,5.740399439888532,1.205288486309608,-0.1687855440551757,7.2895,3.69827,2384.1796875,0.8359477210581631,0.5371215011165482,1.297545563125022,0.1318405498729968,16071.922330522808,0.5559817080842854,60.677793411326526,6.5379628962197085,12553.386705579249,0.8187307447875247,0.6703200324603349,outer_race
0.759517468105957,0.4159258926191435,0.3547083208531417,0.1716646551539472,0.0575744870172848,14.284476673549811,7.665647637523713,11.360476042134,10.0144983700371,-0.1829586359936523,15.47189,8.62848,10108.921875,1.1256035247124034,0.60404593022138,1.4819982054124072,0.4002241128505572,17068.880340460775,0.5271261176870593,29.730942435169037,4.518892962627844,10562.491346545792,1.110634697981442,1.2335094323603286,outer_race
0.6403454698222656,0.5483150295556152,0.1960975095539922,0.1880669217336776,0.0674040900863209,8.071082970420523,5.170904854778336,6.7196696202041,1.360762941638516,-0.1777165065351562,8.075949999999999,4.30291,2479.546875,0.832138691552942,0.533126721131428,1.2995152316513,0.0480223312349815,14712.75652215557,0.537710979342466,45.95950138527046,6.064272677548595,12490.406182840428,0.8129401240462806,0.660871645284382,outer_race
0.7377767311542969,0.4006276432110051,0.3927460075750809,0.1465927755927819,0.0599955378190925,13.04553380268171,7.478675354063597,10.616558735520622,7.13028023492004,-0.1505246943535156,14.07005,7.83265,10299.65625,1.0473311955898803,0.6004085473597008,1.4195774295446628,0.2900934974622873,16989.92828504495,0.5249566229548394,7.310150964433728,2.601265760541145,10997.453426318763,1.0364578860935496,1.0742449496455095,outer_race
0.7185173058901856,0.520606071559087,0.2836327258155696,0.1187195242094618,0.0768972295264606,8.41599056703249,5.0985049082474685,6.876675007679158,2.3085118919396823,-0.1583888552992675,9.52563,4.94101,9345.984375,0.9691095897558712,0.5870978538587193,1.3487630455264008,0.2017470713725987,15280.720045451935,0.5756266524254442,6.976613323515508,2.411890218328854,11510.642661818489,0.9560786408417358,0.9140863674737808,outer_race
0.7139347742549316,0.4991766667744293,0.3129352412097219,0.1258234911584355,0.0620597978074,10.11604493043209,6.134526606710265,8.2899169692029,3.057488802935051,-0.1733089833516113,10.017309999999998,5.91846,10013.5546875,0.9647786014206996,0.5850567134390142,1.3513539838811617,0.249926219352965,15707.797099005262,0.5184840125879085,18.779678180524645,3.648595513133777,10837.67094513422,0.9490846885546684,0.900761746048912,outer_race
0.6685493911513671,0.4820810748866839,0.3320849092053046,0.1373428584063255,0.0483227559909475,12.910850596821144,7.253565293697091,10.376316382628142,8.391998197930572,-0.1686075153505859,13.05401,6.93708,10013.5546875,0.9563683125631892,0.5373061943500469,1.4305125772624576,-0.0758514911317911,15457.96952100823,0.4923909196277962,23.608703646871405,4.013157437868679,10355.912178811504,0.941388259456354,0.8862118550422637,outer_race
0.7390128423999023,0.462139055854426,0.1946920133946565,0.292083079827717,0.0510381643605422,8.904861740086202,5.639068029663929,7.408071532588463,1.690601352303716,-0.1846542940737304,10.51725,5.47466,2288.8125,0.9708448224424548,0.6147944976343903,1.313704940890731,0.0113754500926101,16070.584512674282,0.4643887966742752,16.890002022292336,3.7694072487698302,12230.04706602138,0.9531224795079872,0.9084424609434536,outer_race
0.6638512640074707,0.4573935920264855,0.2683702395933081,0.1817603194428371,0.0924406375383119,8.595987556455542,5.4717894137479375,7.1303773249224855,1.0760935594014622,-0.1774681242942871,8.58469,4.73351,2384.1796875,0.8650753240077182,0.5506650595887796,1.303116181154071,0.0012627746339283,16302.774711495198,0.595258513840717,34.36930849265909,5.04980948704097,12902.375279802212,0.8466760780053527,0.7168603810665262,outer_race
0.7353342414257813,0.4344388636207701,0.194857601760323,0.3195780774962514,0.0510869009766568,9.89888782156141,5.943991019338575,8.079115136105928,3.384599325003421,-0.1982169855566406,11.66462,5.94085,2384.1796875,0.9994715639158344,0.6001532805594432,1.3592071572485218,0.0762297025950713,16686.328654691646,0.4210541779912768,35.41510120233718,5.186810342894154,12250.107035251109,0.979619024781166,0.9596534337132026,outer_race
0.7740739782832031,0.4077206127722703,0.2178914140733221,0.3059258083994371,0.068404055707337,6.86771505833675,4.361818083366515,5.6978791740062125,1.117342693639462,-0.18805549184375,8.49907,4.41058,2574.9140625,1.0111792641741375,0.6422194226951768,1.306308301974966,0.0175908782198352,17647.40935154616,0.5438299573515932,12.99323252334019,3.310217042282493,12469.267422455923,0.9935384422774772,0.987118636283156,outer_race
0.6495429904747558,0.5601864780547284,0.2051695166605198,0.1679835578248131,0.0666595185500909,7.142504686410974,4.645418262667252,5.995030440023414,1.2285760975052566,-0.1949598796466308,7.24942,3.89403,2384.1796875,0.8382517525481487,0.5451911018565541,1.290525438409341,-0.0728471140626179,14405.409750360282,0.5269568462805714,31.390032129529367,5.054536253881649,12350.064107377922,0.8152647704753432,0.664656645978214,outer_race
0.6644171319189454,0.4987671295856987,0.2253321942017311,0.1918569831644767,0.0840050885178566,6.771063191601777,4.263929340869444,5.607983029032661,1.0880195368283143,-0.170770549243164,7.20337,3.72604,2384.1796875,0.8738512536514582,0.5502887647868133,1.3152148126097123,-0.1291624671066986,15664.691604514665,0.5949433425940464,71.62539522566948,7.320165716224404,12911.985847920316,0.8570025863551481,0.7344534330194132,outer_race
0.6420354693740233,0.4652173213635487,0.2526447425853289,0.193423437545519,0.0884158380896782,7.225203002799319,4.624785391144923,6.000603056644576,0.9795002671150504,-0.1736341893935546,7.32714,3.8526,2384.1796875,0.8330332489322799,0.5332168519704368,1.2974878938456111,0.0111013395121597,16301.555164972937,0.6095963918309554,37.64698143935682,5.2641803609594815,12861.415751489129,0.8147364985689011,0.663795562100313,outer_race
0.6595874447836914,0.4931271075040197,0.2120483268756409,0.2061052311356168,0.0885794876864963,7.705304091497165,4.796505788297436,6.369056951012283,1.6231776157097952,-0.1781745453041992,8.05029,4.20095,2574.9140625,0.8758354905459556,0.5452023632183142,1.327853490045102,-0.0227761340798039,16326.055165269538,0.6095311514571694,47.3611159666133,5.773278793228093,12859.10754947659,0.8575206340989798,0.7353416379055164,outer_race
0.7577700258071289,0.4255116154171329,0.2030463178035495,0.301593025402647,0.0698140486800022,7.198703306754628,4.504465149232563,5.94874413935626,1.779280235532366,-0.2002970383139648,8.90316,4.50778,3337.8515625,1.0007359032998628,0.6261933306475206,1.3206327371341218,0.1087463555594108,17375.30057101488,0.5262825040723748,19.126841707970677,3.8196015061620616,12410.268512769204,0.9804863306523178,0.9613534445960464,outer_race
0.941195442859375,0.4550900496991419,0.4242561878294297,0.0787539765280544,0.0418228288416522,13.315029065804367,6.971780954734284,10.422883020127117,6.5154626777697935,-0.1558468536933593,17.825319999999998,9.80997,5626.6640625,1.4070967036533764,0.7367591877958378,1.4950101111609528,0.3315923896813135,14602.5816787087,0.414435054022486,16.676856424844853,3.673023683211174,10162.352149756676,1.398439448680592,1.9556328916260783,outer_race
0.7111332117822265,0.4231415140373744,0.2070942359861053,0.3029504471557652,0.0667787201048854,9.465913506000597,5.98349395794033,7.897254560682524,2.797125212085856,-0.1917055584716797,10.95523,5.616,2384.1796875,0.9385820457873696,0.5932866380450155,1.3198399824909255,-0.0614965359529458,17247.464299756568,0.5078087659995234,12.010389225153029,3.1648916312696747,12435.695553244874,0.918795535211978,0.8441852355254651,outer_race
0.6594821541982423,0.3917860760350118,0.3763453707377933,0.1720982726752808,0.0597315541128457,11.149080754062473,6.384449445720682,9.005095834958423,5.639408514405584,-0.1661227172050781,11.29296,5.9387,2288.8125,0.9301820071549858,0.532662748705634,1.4104733558497025,0.0332444163964925,17080.147203503027,0.5581287481564825,5.536623798282253,2.10905854757506,10935.884096468008,0.9152277362838604,0.8376418092632796,outer_race
0.6190693668305663,0.5120390782267228,0.2210365224602943,0.1965692486554708,0.0702549543226619,9.231535443170184,5.956235029574867,7.706002357092329,1.36347083302305,-0.1743772043051757,8.5031,4.77055,2384.1796875,0.8009338073988835,0.5167666884201177,1.29377069891118,-0.0190322272543733,15393.022736980658,0.5687303452237288,19.52495283440233,3.992114107941379,12486.387368258927,0.7817208929363362,0.6110875544531827,outer_race
0.6666708191606445,0.5505020294321188,0.1981788476315444,0.1896888716466664,0.061553636527568,6.971969615984586,4.5628539882038925,5.854283535184313,0.8130491026284412,-0.183349017949707,7.371869999999999,3.90288,2384.1796875,0.8553593891213507,0.5597958991461889,1.2830310920137016,-0.0118290490345075,14003.53500963748,0.4839328576631646,56.86587580234854,6.982544718544733,12535.70562202086,0.8354776012407084,0.6980228221749282,outer_race
0.630797165913086,0.5369881674515096,0.2212138861450474,0.1794382052095409,0.0623411581115311,7.394988711279494,4.836977386365684,6.20508494887453,0.7807901776834458,-0.1864755246923828,6.68066,3.91415,2384.1796875,0.8092140374757756,0.5292976301680881,1.282843489482755,0.039990971735511,14751.385472112572,0.5450439761025277,30.508980847141544,4.785790534562611,12149.597727902754,0.7874352272654218,0.6200542371385466,outer_race
0.662322189671875,0.4859558110185227,0.2366121775946215,0.1948093773018473,0.0824555289139419,8.328059022880032,5.237392933850487,6.915501354815167,1.825327483192112,-0.1720100809423828,8.75879,4.58029,2574.9140625,0.8745362545545363,0.549982893663022,1.3204091123502832,-0.0231100599012146,15986.77719013063,0.6131406796942653,34.06365914383465,4.87110403980373,12604.896985810212,0.8574533180205622,0.7352261925844714,outer_race
0.6583733533774414,0.5277813064477689,0.2274052975345779,0.1837544562376079,0.0610127182572974,7.661073814736694,4.795753237064806,6.336708462756183,1.2663339757458827,-0.1770736584291992,7.35341,4.17192,2384.1796875,0.8699196546971175,0.5445607366391608,1.3213166210850549,-0.1854836490796338,14305.679515942184,0.5180635758078795,46.55962771813724,6.003448807737879,12317.467802922887,0.8517071827329222,0.7254051251188515,outer_race
0.9711575732788088,0.4895997845892508,0.3957231623077115,0.0740072961276837,0.0406468738479989,20.076217643042806,9.051059388798071,15.056567958001288,16.13166060991082,-0.1543688301469726,27.3462,14.6223,5626.6640625,1.6155346431708426,0.72833938443914,1.6635144364024237,0.3572582051600212,14624.328649312634,0.4275526734814815,17.991078787404454,3.64910955342224,9984.719853804365,1.6081425457851044,2.586122447564197,outer_race
0.758044244015625,0.4590901702428455,0.205285076352996,0.283150471161762,0.0524354822670714,7.638420013939899,4.871907605828377,6.35081664164812,1.2480289941973606,-0.182659730046875,8.64537,4.8142,2384.1796875,0.988155028687461,0.6302612308846884,1.3035585145437671,-0.0590071449052833,16156.798166321503,0.4441108701763906,21.849729330888938,4.171539561558783,12241.388130642148,0.971126039059565,0.9430857837395196,outer_race
0.6241542541894531,0.5384870421601811,0.2481897719694796,0.1478694786573365,0.0653055315246088,6.690354656291855,4.396972891983758,5.623930264736334,0.7706985169193805,-0.1508683316113281,6.787750000000001,3.5102,2384.1796875,0.7983219560892774,0.5246657584435945,1.2790459261164595,0.1361918451637842,14972.512089049462,0.5576437439015973,20.668593443392844,4.10034717434307,11641.456512462855,0.7839366633160006,0.6145566920910245,outer_race
0.7677951438779298,0.425409249274494,0.2199296202039843,0.2914327608982494,0.0631640335993833,7.60643311884002,4.744547569629432,6.279044662421678,1.9263579181380357,-0.1891456777041015,9.5805,4.82102,2384.1796875,1.0161179605111517,0.6338082416131471,1.3234232706643716,0.0889534041460425,17151.102801522804,0.516163620473517,29.560463653000376,4.5300243534112825,12285.320769967888,0.9983584638190826,0.9967196222791984,outer_race
0.7394831163378908,0.4364058988058242,0.1943697746668009,0.3163428139786473,0.0528308381309774,9.116078267468602,5.534959905527834,7.462766732700357,2.984507418287765,-0.1870036132324218,10.63055,5.51859,2384.1796875,0.9970424527354778,0.6053688700428884,1.3482964393738786,0.2510849767958332,16572.410806681397,0.4561630386725914,25.360199826761548,4.406045632863815,12440.167060627784,0.9793484064390956,0.9591233011947964,outer_race
0.7167576863476562,0.4347769190372482,0.3377493731240084,0.1671981968729563,0.060121655319059,17.569007887015154,9.440785564672376,14.06179548817748,12.370155262968396,-0.1634913729296875,17.1112,10.0789,10108.921875,1.067591243435871,0.573674965872665,1.4894730308033926,0.4399267576052751,17024.018742657245,0.5338545736359854,50.2219732949526,5.723867796037286,10470.620715026142,1.0549984047563838,1.1130216340385148,outer_race
0.6727167421337891,0.5429344574950956,0.2623471953316418,0.1303891622963954,0.0642625469418494,7.231584111472892,4.4631489625544,5.935841565848601,1.4280806598040223,-0.1851735273974609,7.43047,3.99314,3337.8515625,0.8946911773508454,0.5521805372718949,1.3299671634646344,-0.1358926393514346,14746.51038651528,0.5426688249924934,15.45929453233438,3.42347028184944,11636.243601336168,0.8753188376703791,0.7661830675806235,outer_race
0.7019895116618164,0.5212852906083466,0.2609767885571321,0.1374850666868032,0.0801183502240734,8.346185689707387,5.071067833357063,6.834717499755736,2.36040653363224,-0.1679989551448242,9.06777,4.7979,2098.078125,0.9461320884804209,0.5748614011687789,1.3477866446190154,0.072587183523338,15252.53375346794,0.5825402549444756,33.86103876696652,4.890230869733731,12395.667581905447,0.9310973525483628,0.8669422799225701,outer_race
0.7468771952978516,0.4608423214404387,0.1656369791991036,0.3216952230209752,0.0518023555992194,7.316399802928858,4.592543966147469,6.070248266439528,1.73104040866013,-0.2020956860888672,8.40987,4.53373,2288.8125,0.98719359758317,0.6196667927011157,1.3217616012355031,-0.0239045415522989,16325.379171673749,0.4407733719823238,29.490366057122493,4.8427898461054335,12621.64596818902,0.966285947726382,0.933708532773472,outer_race
0.6736086620341308,0.4812351649774447,0.3116334780642655,0.1336535632098967,0.073399483012398,6.621612128313595,4.08475763568218,5.421931465327483,1.2034598688361076,-0.1472592398759277,7.15292,3.65226,2098.078125,0.894119143837539,0.5515665866901456,1.3273569569867485,-0.1022548663498251,15969.883876689284,0.5619951196410018,11.109862327404638,2.9221510062896145,11786.21360194636,0.8819091561197999,0.7777637596479376,outer_race
0.7381640389467774,0.4149680728066314,0.3940111010664566,0.1434087277233332,0.0475877464564188,20.83407453586779,11.18126522346526,16.639119967866083,13.784727265297306,-0.1664094548647461,19.15292,12.2824,9918.1875,1.0984803378265169,0.5895342257154121,1.488124969341291,0.6556509374147684,16284.877748251274,0.4722270753466201,16.992576129350233,3.5840689402959804,10147.385617763692,1.085802443321563,1.178966945923076,outer_race
0.6604839609081055,0.4981460845925072,0.2323783691164017,0.1926023872523941,0.0767738640284576,7.920467391287471,4.959974172122908,6.540052833472205,1.580931219549913,-0.184320816630957,8.01538,4.3196,2384.1796875,0.8708916317100857,0.5453718558012837,1.318565905086762,0.0427457791261071,15701.523357434146,0.6038225948317829,37.92601782037516,5.34357949446931,12626.80950626803,0.8511627757010716,0.7244780707391526,outer_race
0.6482687253374024,0.4952320993018235,0.2277943258247644,0.2095613725504827,0.0673563301956626,6.019114509324313,3.880163121276071,5.018489821958863,0.8431467910818622,-0.1861429051118164,6.43307,3.25333,2384.1796875,0.8384518635727037,0.5404997686886022,1.2933708365096854,-0.0551733553054653,15565.428714327869,0.5337460156262855,43.58961915595077,5.672027588608973,12254.200938306572,0.8175281930337773,0.6683523464050731,outer_race
0.7060184994101563,0.4899756101201203,0.3272900974830657,0.1217860226512802,0.0607494533910657,7.961680915245282,4.998320889319644,6.594543916185979,1.7580779720271795,-0.1532939479804687,8.55264,4.65587,2098.078125,0.9314868138915632,0.5847848023003271,1.319351850793959,0.0417182733040284,15048.662846638344,0.5156970651848619,20.20589323346845,3.7828951078098463,11403.652272553896,0.9187865094603954,0.8441686499664173,outer_race
0.9377277109438478,0.2860426964581044,0.5903694000178077,0.0944942509440199,0.0290567357866905,17.321880447106594,7.509826116446859,12.873566451234884,12.973997059421832,-0.1685390604848632,22.732,12.0719,22888.125,1.607480627755414,0.6969162520698762,1.7142296308354183,-0.152573567715393,17903.985126025847,0.3441658334256877,11.453698064538552,3.205533129494368,9056.166402931836,1.5986208286206645,2.5555885536998195,outer_race
0.6655642524145509,0.4072129238629484,0.3758221408728465,0.1647758559072894,0.0520083738388198,14.07329684911234,7.902209971857793,11.363305605075274,9.46815619962164,-0.1743459984575195,13.92728,7.56301,10108.921875,0.9570753025968952,0.5374014405499469,1.4379908463004032,0.3155753202022966,16628.96142634503,0.5276643611043093,13.886104512597864,3.08181551213429,10438.005836631017,0.941061426083754,0.8855966076627889,outer_race
0.6893726826342773,0.433306861561949,0.4014937189803159,0.1110464797417889,0.0540917121831092,11.328784093442351,6.700620176231178,9.254109077287644,5.047108121217731,-0.1843502128334961,11.83124,6.37953,2288.8125,0.952080528699393,0.5631257465390994,1.3810824720545043,0.2174103211416111,16065.250960435344,0.4709433273423877,7.76054913655687,2.6798230281689635,10678.883353072912,0.9340622742391218,0.8724723321567605,outer_race
