F1,F2,F3,F4,F5,F6,F7,F8,F9,F10,F11,F12,F13,F14,F15,F16,F17,F18,F19,F20,F21,F22,F23,F24,F25,F26,F27,F28,F29,F30,F31,F32,F33,F34,F35,F36,F37,F38,F39,F40,F41,Class
0.0,1,21,1,0.0,0.0,0,0,0,0.0,0,0,0.0,0,0,0.0,0.0,0,0,0,0,0,28.0,1.0,0.0,0.0,1.0,1.0,0.04,0.54,0.0,198.0,1.0,0.01,0.09,0.14,0.0,0.01,0.0,0.39,1.0,0
1.0,1,21,4,0.0,0.0,0,0,0,0.0,0,0,0.0,0,0,0.0,0.0,0,0,0,0,0,48.0,2.0,0.0,0.0,1.0,1.0,0.04,0.54,0.0,218.0,2.0,0.01,0.12,0.22,0.0,0.01,0.0,0.44,1.0,0
0.0,1,21,1,0.0,0.0,0,0,0,0.0,0,0,0.0,0,0,0.0,0.0,0,0,0,0,0,68.0,1.0,0.0,0.0,1.0,1.0,0.01,0.54,0.0,238.0,1.0,0.0,0.16,0.29,0.0,0.01,0.0,0.49,1.0,0
1.0,1,21,4,0.0,0.0,0,0,0,0.0,0,0,0.0,0,0,0.0,0.0,0,0,0,0,0,88.0,2.0,0.0,0.0,1.0,1.0,0.02,0.53,0.0,255.0,2.0,0.01,0.19,0.35,0.0,0.0,0.0,0.53,1.0,0
1.0,1,21,4,0.0,0.0,0,0,0,0.0,0,0,0.0,0,0,0.0,0.0,0,0,0,0,0,98.0,2.0,0.0,0.0,1.0,1.0,0.02,0.55,0.0,255.0,2.0,0.01,0.22,0.38,0.0,0.0,0.0,0.53,1.0,0
0.0,1,21,1,0.0,0.0,0,0,0,0.0,0,0,0.0,0,0,0.0,0.0,0,0,0,0,0,108.0,1.0,0.0,0.0,1.0,1.0,0.01,0.56,0.0,255.0,1.0,0.0,0.24,0.42,0.0,0.0,0.0,0.53,1.0,0
1.0,1,21,4,0.0,0.0,0,0,0,0.0,0,0,0.0,0,0,0.0,0.0,0,0,0,0,0,118.0,2.0,0.0,0.0,1.0,1.0,0.02,0.56,0.0,255.0,2.0,0.01,0.26,0.46,0.0,0.0,0.0,0.53,1.0,0
1.0,1,23,4,0.0,0.0,0,0,0,0.0,0,0,0.0,0,0,0.0,0.0,0,0,0,0,0,128.0,2.0,0.0,0.0,1.0,1.0,0.02,0.56,0.0,255.0,2.0,0.01,0.28,0.5,0.0,0.0,0.0,0.53,1.0,0
0.0,1,21,5,0.0,0.0,0,0,0,0.0,0,0,0.0,0,0,0.0,0.0,0,0,0,0,0,158.0,2.0,0.12,1.0,0.88,0.0,0.01,0.58,0.0,255.0,2.0,0.01,0.36,0.62,0.0,0.07,1.0,0.55,0.0,0
0.0,1,21,1,0.0,0.0,0,0,0,0.0,0,0,0.0,0,0,0.0,0.0,0,0,0,0,0,168.0,1.0,0.12,0.0,0.88,1.0,0.01,0.58,0.0,255.0,1.0,0.0,0.38,0.66,0.0,0.08,0.0,0.58,1.0,0
0.0,1,21,5,0.0,0.0,0,0,0,0.0,0,0,0.0,0,0,0.0,0.0,0,0,0,0,0,7.0,1.0,0.71,1.0,0.29,0.0,0.14,0.57,0.0,255.0,1.0,0.0,0.02,0.03,0.0,0.02,1.0,0.01,0.0,0
1.0,1,21,3,0.0,0.0,0,0,0,0.0,0,0,0.0,0,0,0.0,0.0,0,0,0,0,0,27.0,3.0,0.78,0.67,0.22,0.33,0.11,0.41,0.0,255.0,3.0,0.01,0.05,0.11,0.0,0.08,0.67,0.02,0.33,0
0.0,1,21,5,0.0,0.0,0,0,0,0.0,0,0,0.0,0,0,0.0,0.0,0,0,0,0,0,37.0,2.0,0.81,1.0,0.19,0.0,0.05,0.41,0.0,255.0,2.0,0.01,0.06,0.15,0.0,0.12,1.0,0.03,0.0,0
0.0,1,21,5,0.0,0.0,0,0,0,0.0,0,0,0.0,0,0,0.0,0.0,0,0,0,0,0,47.0,2.0,0.81,1.0,0.19,0.0,0.04,0.4,0.0,255.0,2.0,0.01,0.08,0.18,0.0,0.15,1.0,0.04,0.0,0
0.0,1,21,5,0.0,0.0,0,0,0,0.0,0,0,0.0,0,0,0.0,0.0,0,0,0,0,0,67.0,1.0,0.79,1.0,0.21,0.0,0.01,0.39,0.0,255.0,1.0,0.0,0.1,0.26,0.0,0.21,1.0,0.05,0.0,0
1.0,1,21,3,0.0,0.0,0,0,0,0.0,0,0,0.0,0,0,0.0,0.0,0,0,0,0,0,87.0,3.0,0.77,0.67,0.23,0.33,0.03,0.37,0.0,255.0,3.0,0.01,0.13,0.34,0.0,0.26,0.67,0.08,0.33,0
1.0,1,21,3,0.0,0.0,0,0,0,0.0,0,0,0.0,0,0,0.0,0.0,0,0,0,0,0,97.0,2.0,0.75,0.5,0.25,0.5,0.02,0.37,0.0,255.0,2.0,0.01,0.14,0.38,0.0,0.29,0.5,0.09,0.5,0
0.0,1,21,5,0.0,0.0,0,0,0,0.0,0,0,0.0,0,0,0.0,0.0,0,0,0,0,0,107.0,1.0,0.75,1.0,0.25,0.0,0.01,0.37,0.0,255.0,1.0,0.0,0.16,0.42,0.0,0.31,1.0,0.11,0.0,0
0.0,1,21,5,0.0,0.0,0,0,0,0.0,0,0,0.0,0,0,0.0,0.0,0,0,0,0,0,117.0,2.0,0.74,1.0,0.26,0.0,0.02,0.37,0.0,255.0,2.0,0.01,0.17,0.46,0.0,0.34,1.0,0.12,0.0,0
1.0,1,21,3,0.0,0.0,0,0,0,0.0,0,0,0.0,0,0,0.0,0.0,0,0,0,0,0,127.0,3.0,0.73,0.67,0.27,0.33,0.02,0.36,0.0,255.0,3.0,0.01,0.18,0.5,0.0,0.36,0.67,0.13,0.33,0
1.0,1,21,3,0.0,0.0,0,0,0,0.0,0,0,0.0,0,0,0.0,0.0,0,0,0,0,0,137.0,2.0,0.72,0.5,0.28,0.5,0.01,0.36,0.0,255.0,2.0,0.01,0.2,0.54,0.0,0.39,0.5,0.15,0.5,0
1.0,1,21,3,0.0,0.0,0,0,0,0.0,0,0,0.0,0,0,0.0,0.0,0,0,0,0,0,147.0,2.0,0.71,0.5,0.29,0.5,0.01,0.37,0.0,255.0,2.0,0.01,0.22,0.58,0.0,0.41,0.5,0.17,0.5,0
1.0,1,21,3,0.0,0.0,0,0,0,0.0,0,0,0.0,0,0,0.0,0.0,0,0,0,0,0,157.0,2.0,0.69,0.5,0.31,0.5,0.01,0.38,0.0,255.0,2.0,0.01,0.24,0.62,0.0,0.43,0.5,0.19,0.5,0
1.0,1,21,3,0.0,0.0,0,0,0,0.0,0,0,0.0,0,0,0.0,0.0,0,0,0,0,0,167.0,2.0,0.68,0.5,0.32,0.5,0.01,0.39,0.0,255.0,2.0,0.01,0.25,0.65,0.0,0.45,0.5,0.21,0.5,0
0.0,1,21,5,0.0,0.0,0,0,0,0.0,0,0,0.0,0,0,0.0,0.0,0,0,0,0,0,187.0,1.0,0.66,1.0,0.34,0.0,0.01,0.41,0.0,255.0,1.0,0.0,0.3,0.73,0.0,0.49,1.0,0.25,0.0,0
0.0,1,21,5,0.0,0.0,0,0,0,0.0,0,0,0.0,0,0,0.0,0.0,0,0,0,0,0,227.0,1.0,0.63,1.0,0.37,0.0,0.0,0.42,0.0,255.0,1.0,0.0,0.38,0.89,0.0,0.56,1.0,0.33,0.0,0
0.0,1,29,4,0.0,0.0,0,0,0,0.0,0,0,0.0,0,0,0.0,0.0,0,0,0,0,0,1.0,1.0,0.0,0.0,1.0,1.0,1.0,0.0,0.0,255.0,1.0,0.0,0.06,0.04,0.0,0.0,0.0,0.04,1.0,0
0.0,1,8,4,0.0,0.0,0,0,0,0.0,0,0,0.0,0,0,0.0,0.0,0,0,0,0,0,1.0,1.0,0.0,0.0,1.0,1.0,1.0,0.0,0.0,255.0,1.0,0.0,0.1,0.08,0.0,0.0,0.0,0.08,1.0,0
0.0,1,21,4,0.0,0.0,0,0,0,0.0,0,0,0.0,0,0,0.0,0.0,0,0,0,0,0,1.0,1.0,0.0,0.0,1.0,1.0,1.0,0.0,0.0,255.0,1.0,0.0,0.13,0.12,0.0,0.0,0.0,0.12,1.0,0
0.0,1,21,4,0.0,0.0,0,0,0,0.0,0,0,0.0,0,0,0.0,0.0,0,0,0,0,0,1.0,1.0,0.0,0.0,1.0,1.0,1.0,0.0,0.0,255.0,1.0,0.0,0.17,0.16,0.0,0.0,0.0,0.16,1.0,0
0.0,1,21,4,0.0,0.0,0,0,0,0.0,0,0,0.0,0,0,0.0,0.0,0,0,0,0,0,1.0,1.0,0.0,0.0,1.0,1.0,1.0,0.0,0.0,255.0,1.0,0.0,0.21,0.2,0.0,0.0,0.0,0.2,1.0,0
0.0,1,21,4,0.0,0.0,0,0,0,0.0,0,0,0.0,0,0,0.0,0.0,0,0,0,0,0,1.0,1.0,0.0,0.0,1.0,1.0,1.0,0.0,0.0,255.0,1.0,0.0,0.25,0.24,0.0,0.0,0.0,0.24,1.0,0
0.0,1,22,4,0.0,0.0,0,0,0,0.0,0,0,0.0,0,0,0.0,0.0,0,0,0,0,0,1.0,1.0,0.0,0.0,1.0,1.0,1.0,0.0,0.0,255.0,1.0,0.0,0.29,0.28,0.0,0.0,0.0,0.28,1.0,0
0.0,1,21,4,0.0,0.0,0,0,0,0.0,0,0,0.0,0,0,0.0,0.0,0,0,0,0,0,1.0,1.0,0.0,0.0,1.0,1.0,1.0,0.0,0.0,255.0,1.0,0.0,0.32,0.32,0.0,0.0,0.0,0.32,1.0,0
0.0,1,11,4,0.0,0.0,0,0,0,0.0,0,0,0.0,0,0,0.0,0.0,0,0,0,0,0,1.0,1.0,0.0,0.0,1.0,1.0,1.0,0.0,0.0,255.0,1.0,0.0,0.4,0.4,0.0,0.0,0.0,0.4,1.0,0
0.0,1,21,4,0.0,0.0,0,0,0,0.0,0,0,0.0,0,0,0.0,0.0,0,0,0,0,0,1.0,1.0,0.0,0.0,1.0,1.0,1.0,0.0,0.0,255.0,1.0,0.0,0.48,0.47,0.0,0.0,0.0,0.47,1.0,0
0.0,1,21,4,0.0,0.0,0,0,0,0.0,0,0,0.0,0,0,0.0,0.0,0,0,0,0,0,1.0,1.0,0.0,0.0,1.0,1.0,1.0,0.0,0.0,255.0,1.0,0.0,0.56,0.55,0.0,0.0,0.0,0.55,1.0,0
0.0,1,21,4,0.0,0.0,0,0,0,0.0,0,0,0.0,0,0,0.0,0.0,0,0,0,0,0,1.0,1.0,0.0,0.0,1.0,1.0,1.0,0.0,0.0,255.0,1.0,0.0,0.6,0.59,0.0,0.0,0.0,0.59,1.0,0
0.0,1,21,4,0.0,0.0,0,0,0,0.0,0,0,0.0,0,0,0.0,0.0,0,0,0,0,0,1.0,1.0,0.0,0.0,1.0,1.0,1.0,0.0,0.0,255.0,1.0,0.0,0.64,0.63,0.0,0.0,0.0,0.63,1.0,0
0.0,1,21,4,0.0,0.0,0,0,0,0.0,0,0,0.0,0,0,0.0,0.0,0,0,0,0,0,2.0,1.0,0.0,0.0,0.5,1.0,0.5,1.0,0.0,255.0,1.0,0.0,0.71,0.71,0.0,0.0,0.0,0.71,1.0,0
0.0,1,21,4,0.0,0.0,0,0,0,0.0,0,0,0.0,0,0,0.0,0.0,0,0,0,0,0,1.0,1.0,0.0,0.0,1.0,1.0,1.0,0.0,0.0,255.0,1.0,0.0,0.75,0.75,0.0,0.0,0.0,0.75,1.0,0
0.0,1,21,4,0.0,0.0,0,0,0,0.0,0,0,0.0,0,0,0.0,0.0,0,0,0,0,0,1.0,1.0,0.0,0.0,1.0,1.0,1.0,0.0,0.0,255.0,1.0,0.0,0.79,0.79,0.0,0.0,0.0,0.79,1.0,0
0.0,1,21,4,0.0,0.0,0,0,0,0.0,0,0,0.0,0,0,0.0,0.0,0,0,0,0,0,1.0,1.0,0.0,0.0,1.0,1.0,1.0,0.0,0.0,255.0,1.0,0.0,0.83,0.83,0.0,0.0,0.0,0.83,1.0,0
0.0,1,21,4,0.0,0.0,0,0,0,0.0,0,0,0.0,0,0,0.0,0.0,0,0,0,0,0,1.0,1.0,0.0,0.0,1.0,1.0,1.0,0.0,0.0,255.0,1.0,0.0,0.87,0.87,0.0,0.0,0.0,0.87,1.0,0
0.0,1,21,4,0.0,0.0,0,0,0,0.0,0,0,0.0,0,0,0.0,0.0,0,0,0,0,0,1.0,1.0,0.0,0.0,1.0,1.0,1.0,0.0,0.0,255.0,1.0,0.0,0.91,0.91,0.0,0.0,0.0,0.91,1.0,0
0.0,1,21,4,0.0,0.0,0,0,0,0.0,0,0,0.0,0,0,0.0,0.0,0,0,0,0,0,1.0,1.0,0.0,0.0,1.0,1.0,1.0,0.0,0.0,255.0,1.0,0.0,0.99,0.98,0.0,0.0,0.0,0.98,1.0,0
0.0,1,21,4,0.0,0.0,0,0,0,0.0,0,0,0.0,0,0,0.0,0.0,0,0,0,0,0,1.0,1.0,0.0,0.0,1.0,1.0,1.0,0.0,0.0,255.0,1.0,0.0,1.0,1.0,0.0,0.0,0.0,1.0,1.0,0
0.0,1,21,4,0.0,0.0,0,0,0,0.0,0,0,0.0,0,0,0.0,0.0,0,0,0,0,0,1.0,1.0,0.0,0.0,1.0,1.0,1.0,0.0,0.0,255.0,1.0,0.0,1.0,1.0,0.0,0.0,0.0,1.0,1.0,0
0.0,1,21,4,0.0,0.0,0,0,0,0.0,0,0,0.0,0,0,0.0,0.0,0,0,0,0,0,1.0,1.0,0.0,0.0,1.0,1.0,1.0,0.0,0.0,255.0,1.0,0.0,1.0,1.0,0.0,0.0,0.0,1.0,1.0,0
0.0,1,21,4,0.0,0.0,0,0,0,0.0,0,0,0.0,0,0,0.0,0.0,0,0,0,0,0,1.0,1.0,0.0,0.0,1.0,1.0,1.0,0.0,0.0,255.0,1.0,0.0,1.0,1.0,0.0,0.0,0.0,1.0,1.0,0
0.0,1,21,4,0.0,0.0,0,0,0,0.0,0,0,0.0,0,0,0.0,0.0,0,0,0,0,0,1.0,1.0,0.0,0.0,1.0,1.0,1.0,0.0,0.0,255.0,1.0,0.0,1.0,1.0,0.0,0.0,0.0,1.0,1.0,0
0.0,1,21,4,0.0,0.0,0,0,0,0.0,0,0,0.0,0,0,0.0,0.0,0,0,0,0,0,1.0,1.0,0.0,0.0,1.0,1.0,1.0,0.0,0.0,255.0,1.0,0.0,1.0,1.0,0.0,0.0,0.0,1.0,1.0,0
0.0,1,21,0,0.0,0.0,0,0,0,0.0,0,0,0.0,0,0,0.0,0.0,0,0,0,0,0,1.0,1.0,0.0,0.0,0.0,0.0,1.0,0.0,0.0,255.0,1.0,0.0,1.0,1.0,0.0,0.0,0.0,1.0,0.0,0
0.0,1,21,4,0.0,0.0,0,0,0,0.0,0,0,0.0,0,0,0.0,0.0,0,0,0,0,0,1.0,1.0,0.0,0.0,1.0,1.0,1.0,0.0,0.0,255.0,1.0,0.0,1.0,1.0,0.0,0.0,0.0,1.0,1.0,0
0.0,1,21,4,0.0,0.0,0,0,0,0.0,0,0,0.0,0,0,0.0,0.0,0,0,0,0,0,1.0,1.0,0.0,0.0,1.0,1.0,1.0,0.0,0.0,255.0,1.0,0.0,1.0,1.0,0.0,0.0,0.0,1.0,1.0,0
0.0,1,21,4,0.0,0.0,0,0,0,0.0,0,0,0.0,0,0,0.0,0.0,0,0,0,0,0,1.0,1.0,0.0,0.0,1.0,1.0,1.0,0.0,0.0,255.0,1.0,0.0,1.0,1.0,0.0,0.0,0.0,1.0,1.0,0
0.0,1,21,4,0.0,0.0,0,0,0,0.0,0,0,0.0,0,0,0.0,0.0,0,0,0,0,0,1.0,1.0,0.0,0.0,1.0,1.0,1.0,0.0,0.0,255.0,1.0,0.0,1.0,1.0,0.0,0.0,0.0,1.0,1.0,0
14.0,1,21,4,0.0,0.0,0,0,0,0.0,0,0,0.0,0,0,0.0,0.0,0,0,0,0,0,1.0,1.0,0.0,0.0,1.0,1.0,1.0,0.0,0.0,255.0,1.0,0.0,1.0,1.0,0.0,0.0,0.0,1.0,1.0,0
0.0,1,21,4,0.0,0.0,0,0,0,0.0,0,0,0.0,0,0,0.0,0.0,0,0,0,0,0,1.0,1.0,0.0,0.0,1.0,1.0,1.0,0.0,0.0,255.0,1.0,0.0,1.0,1.0,0.0,0.0,0.0,1.0,1.0,0
0.0,1,21,4,0.0,0.0,0,0,0,0.0,0,0,0.0,0,0,0.0,0.0,0,0,0,0,0,1.0,1.0,0.0,0.0,1.0,1.0,1.0,0.0,0.0,255.0,1.0,0.0,1.0,1.0,0.0,0.0,0.0,1.0,1.0,0
0.0,1,21,4,0.0,0.0,0,0,0,0.0,0,0,0.0,0,0,0.0,0.0,0,0,0,0,0,1.0,1.0,0.0,0.0,1.0,1.0,1.0,0.0,0.0,255.0,1.0,0.0,1.0,1.0,0.0,0.0,0.0,1.0,1.0,0
0.0,1,21,4,0.0,0.0,0,0,0,0.0,0,0,0.0,0,0,0.0,0.0,0,0,0,0,0,1.0,1.0,0.0,0.0,1.0,1.0,1.0,0.0,0.0,255.0,1.0,0.0,1.0,1.0,0.0,0.0,0.0,1.0,1.0,0
0.0,1,21,4,0.0,0.0,0,0,0,0.0,0,0,0.0,0,0,0.0,0.0,0,0,0,0,0,1.0,1.0,0.0,0.0,1.0,1.0,1.0,0.0,0.0,255.0,1.0,0.0,1.0,1.0,0.0,0.0,0.0,1.0,1.0,0
0.0,1,21,4,0.0,0.0,0,0,0,0.0,0,0,0.0,0,0,0.0,0.0,0,0,0,0,0,1.0,1.0,0.0,0.0,1.0,1.0,1.0,0.0,0.0,255.0,1.0,0.0,1.0,1.0,0.0,0.0,0.0,1.0,1.0,0
27.0,1,21,4,0.0,0.0,0,0,0,0.0,0,0,0.0,0,0,0.0,0.0,0,0,0,0,0,1.0,1.0,0.0,0.0,1.0,1.0,1.0,0.0,0.0,255.0,1.0,0.0,1.0,1.0,0.0,0.0,0.0,1.0,1.0,0
0.0,1,21,4,0.0,0.0,0,0,0,0.0,0,0,0.0,0,0,0.0,0.0,0,0,0,0,0,1.0,1.0,0.0,0.0,1.0,1.0,1.0,0.0,0.0,255.0,1.0,0.0,1.0,1.0,0.0,0.0,0.0,1.0,1.0,0
0.0,1,21,4,0.0,0.0,0,0,0,0.0,0,0,0.0,0,0,0.0,0.0,0,0,0,0,0,1.0,1.0,0.0,0.0,1.0,1.0,1.0,0.0,0.0,255.0,1.0,0.0,1.0,1.0,0.0,0.0,0.0,1.0,1.0,0
0.0,1,21,4,0.0,0.0,0,0,0,0.0,0,0,0.0,0,0,0.0,0.0,0,0,0,0,0,1.0,1.0,0.0,0.0,1.0,1.0,1.0,0.0,0.0,255.0,1.0,0.0,1.0,1.0,0.0,0.0,0.0,1.0,1.0,0
0.0,1,21,4,0.0,0.0,0,0,0,0.0,0,0,0.0,0,0,0.0,0.0,0,0,0,0,0,1.0,1.0,0.0,0.0,1.0,1.0,1.0,0.0,0.0,255.0,1.0,0.0,1.0,1.0,0.0,0.0,0.0,1.0,1.0,0
0.0,1,21,4,0.0,0.0,0,0,0,0.0,0,0,0.0,0,0,0.0,0.0,0,0,0,0,0,1.0,1.0,0.0,0.0,1.0,1.0,1.0,0.0,0.0,255.0,1.0,0.0,1.0,1.0,0.0,0.0,0.0,1.0,1.0,0
0.0,1,21,4,0.0,0.0,0,0,0,0.0,0,0,0.0,0,0,0.0,0.0,0,0,0,0,0,1.0,1.0,0.0,0.0,1.0,1.0,1.0,0.0,0.0,255.0,1.0,0.0,1.0,1.0,0.0,0.0,0.0,1.0,1.0,0
0.0,1,21,4,0.0,0.0,0,0,0,0.0,0,0,0.0,0,0,0.0,0.0,0,0,0,0,0,1.0,1.0,0.0,0.0,1.0,1.0,1.0,0.0,0.0,255.0,1.0,0.0,1.0,1.0,0.0,0.0,0.0,1.0,1.0,0
14.0,1,21,4,0.0,0.0,0,0,0,0.0,0,0,0.0,0,0,0.0,0.0,0,0,0,0,0,1.0,1.0,0.0,0.0,1.0,1.0,1.0,0.0,0.0,255.0,1.0,0.0,1.0,1.0,0.0,0.0,0.0,1.0,1.0,0
0.0,1,21,4,0.0,0.0,0,0,0,0.0,0,0,0.0,0,0,0.0,0.0,0,0,0,0,0,1.0,1.0,0.0,0.0,1.0,1.0,1.0,0.0,0.0,255.0,1.0,0.0,1.0,1.0,0.0,0.0,0.0,1.0,1.0,0
0.0,1,21,4,0.0,0.0,0,0,0,0.0,0,0,0.0,0,0,0.0,0.0,0,0,0,0,0,1.0,1.0,0.0,0.0,1.0,1.0,1.0,0.0,0.0,255.0,1.0,0.0,1.0,1.0,0.0,0.0,0.0,1.0,1.0,0
0.0,1,21,4,0.0,0.0,0,0,0,0.0,0,0,0.0,0,0,0.0,0.0,0,0,0,0,0,1.0,1.0,0.0,0.0,1.0,1.0,1.0,0.0,0.0,255.0,1.0,0.0,1.0,1.0,0.0,0.0,0.0,1.0,1.0,0
0.0,1,21,4,0.0,0.0,0,0,0,0.0,0,0,0.0,0,0,0.0,0.0,0,0,0,0,0,1.0,1.0,0.0,0.0,1.0,1.0,1.0,0.0,0.0,255.0,1.0,0.0,1.0,1.0,0.0,0.0,0.0,1.0,1.0,0
0.0,1,21,4,0.0,0.0,0,0,0,0.0,0,0,0.0,0,0,0.0,0.0,0,0,0,0,0,1.0,1.0,0.0,0.0,1.0,1.0,1.0,0.0,0.0,255.0,1.0,0.0,1.0,1.0,0.0,0.0,0.0,1.0,1.0,0
0.0,1,21,4,0.0,0.0,0,0,0,0.0,0,0,0.0,0,0,0.0,0.0,0,0,0,0,0,1.0,1.0,0.0,0.0,1.0,1.0,1.0,0.0,0.0,255.0,1.0,0.0,1.0,1.0,0.0,0.0,0.0,1.0,1.0,0
28.0,1,21,4,0.0,0.0,0,0,0,0.0,0,0,0.0,0,0,0.0,0.0,0,0,0,0,0,1.0,1.0,0.0,0.0,1.0,1.0,1.0,0.0,0.0,255.0,1.0,0.0,1.0,1.0,0.0,0.0,0.0,1.0,1.0,0
0.0,1,21,4,0.0,0.0,0,0,0,0.0,0,0,0.0,0,0,0.0,0.0,0,0,0,0,0,1.0,1.0,0.0,0.0,1.0,1.0,1.0,0.0,0.0,255.0,1.0,0.0,1.0,1.0,0.0,0.0,0.0,1.0,1.0,0
0.0,1,21,4,0.0,0.0,0,0,0,0.0,0,0,0.0,0,0,0.0,0.0,0,0,0,0,0,1.0,1.0,0.0,0.0,1.0,1.0,1.0,0.0,0.0,255.0,1.0,0.0,1.0,1.0,0.0,0.0,0.0,1.0,1.0,0
0.0,1,21,4,0.0,0.0,0,0,0,0.0,0,0,0.0,0,0,0.0,0.0,0,0,0,0,0,1.0,1.0,0.0,0.0,1.0,1.0,1.0,0.0,0.0,255.0,1.0,0.0,1.0,1.0,0.0,0.0,0.0,1.0,1.0,0
0.0,1,21,4,0.0,0.0,0,0,0,0.0,0,0,0.0,0,0,0.0,0.0,0,0,0,0,0,1.0,1.0,0.0,0.0,1.0,1.0,1.0,0.0,0.0,255.0,1.0,0.0,1.0,1.0,0.0,0.0,0.0,1.0,1.0,0
0.0,1,21,4,0.0,0.0,0,0,0,0.0,0,0,0.0,0,0,0.0,0.0,0,0,0,0,0,1.0,1.0,0.0,0.0,1.0,1.0,1.0,0.0,0.0,255.0,1.0,0.0,1.0,1.0,0.0,0.0,0.0,1.0,1.0,0
0.0,1,21,4,0.0,0.0,0,0,0,0.0,0,0,0.0,0,0,0.0,0.0,0,0,0,0,0,1.0,1.0,0.0,0.0,1.0,1.0,1.0,0.0,0.0,255.0,1.0,0.0,1.0,1.0,0.0,0.0,0.0,1.0,1.0,0
0.0,1,21,4,0.0,0.0,0,0,0,0.0,0,0,0.0,0,0,0.0,0.0,0,0,0,0,0,1.0,1.0,0.0,0.0,1.0,1.0,1.0,0.0,0.0,255.0,1.0,0.0,1.0,1.0,0.0,0.0,0.0,1.0,1.0,0
0.0,1,21,4,0.0,0.0,0,0,0,0.0,0,0,0.0,0,0,0.0,0.0,0,0,0,0,0,1.0,1.0,0.0,0.0,1.0,1.0,1.0,0.0,0.0,255.0,1.0,0.0,1.0,1.0,0.0,0.0,0.0,1.0,1.0,0
0.0,1,21,4,0.0,0.0,0,0,0,0.0,0,0,0.0,0,0,0.0,0.0,0,0,0,0,0,1.0,1.0,0.0,0.0,1.0,1.0,1.0,0.0,0.0,255.0,1.0,0.0,1.0,1.0,0.0,0.0,0.0,1.0,1.0,0
0.0,1,21,4,0.0,0.0,0,0,0,0.0,0,0,0.0,0,0,0.0,0.0,0,0,0,0,0,1.0,1.0,0.0,0.0,1.0,1.0,1.0,0.0,0.0,255.0,1.0,0.0,1.0,1.0,0.0,0.0,0.0,1.0,1.0,0
0.0,1,21,4,0.0,0.0,0,0,0,0.0,0,0,0.0,0,0,0.0,0.0,0,0,0,0,0,1.0,1.0,0.0,0.0,1.0,1.0,1.0,0.0,0.0,255.0,1.0,0.0,1.0,1.0,0.0,0.0,0.0,1.0,1.0,0
0.0,1,21,4,0.0,0.0,0,0,0,0.0,0,0,0.0,0,0,0.0,0.0,0,0,0,0,0,1.0,1.0,0.0,0.0,1.0,1.0,1.0,0.0,0.0,255.0,1.0,0.0,1.0,1.0,0.0,0.0,0.0,1.0,1.0,0
0.0,1,21,4,0.0,0.0,0,0,0,0.0,0,0,0.0,0,0,0.0,0.0,0,0,0,0,0,1.0,1.0,0.0,0.0,1.0,1.0,1.0,0.0,0.0,255.0,1.0,0.0,1.0,1.0,0.0,0.0,0.0,1.0,1.0,0
0.0,1,21,4,0.0,0.0,0,0,0,0.0,0,0,0.0,0,0,0.0,0.0,0,0,0,0,0,1.0,1.0,0.0,0.0,1.0,1.0,1.0,0.0,0.0,255.0,1.0,0.0,1.0,1.0,0.0,0.0,0.0,1.0,1.0,0
0.0,1,21,4,0.0,0.0,0,0,0,0.0,0,0,0.0,0,0,0.0,0.0,0,0,0,0,0,1.0,1.0,0.0,0.0,1.0,1.0,1.0,0.0,0.0,255.0,1.0,0.0,1.0,1.0,0.0,0.0,0.0,1.0,1.0,0
0.0,1,21,4,0.0,0.0,0,0,0,0.0,0,0,0.0,0,0,0.0,0.0,0,0,0,0,0,1.0,1.0,0.0,0.0,1.0,1.0,1.0,0.0,0.0,255.0,1.0,0.0,1.0,1.0,0.0,0.0,0.0,1.0,1.0,0
0.0,1,21,4,0.0,0.0,0,0,0,0.0,0,0,0.0,0,0,0.0,0.0,0,0,0,0,0,1.0,1.0,0.0,0.0,1.0,1.0,1.0,0.0,0.0,255.0,1.0,0.0,1.0,1.0,0.0,0.0,0.0,1.0,1.0,0
0.0,1,21,4,0.0,0.0,0,0,0,0.0,0,0,0.0,0,0,0.0,0.0,0,0,0,0,0,1.0,1.0,0.0,0.0,1.0,1.0,1.0,0.0,0.0,255.0,1.0,0.0,1.0,1.0,0.0,0.0,0.0,1.0,1.0,0
0.0,1,21,4,0.0,0.0,0,0,0,0.0,0,0,0.0,0,0,0.0,0.0,0,0,0,0,0,1.0,1.0,0.0,0.0,1.0,1.0,1.0,0.0,0.0,255.0,1.0,0.0,1.0,1.0,0.0,0.0,0.0,1.0,1.0,0
0.0,1,21,4,0.0,0.0,0,0,0,0.0,0,0,0.0,0,0,0.0,0.0,0,0,0,0,0,1.0,1.0,0.0,0.0,1.0,1.0,1.0,0.0,0.0,255.0,1.0,0.0,1.0,1.0,0.0,0.0,0.0,0.99,1.0,0
0.0,1,21,4,0.0,0.0,0,0,0,0.0,0,0,0.0,0,0,0.0,0.0,0,0,0,0,0,1.0,1.0,0.0,0.0,1.0,1.0,1.0,0.0,0.0,255.0,1.0,0.0,1.0,1.0,0.0,0.0,0.0,0.99,1.0,0
0.0,1,21,4,0.0,0.0,0,0,0,0.0,0,0,0.0,0,0,0.0,0.0,0,0,0,0,0,1.0,1.0,0.0,0.0,1.0,1.0,1.0,0.0,0.0,255.0,1.0,0.0,1.0,1.0,0.0,0.0,0.0,0.99,1.0,0
0.0,1,21,4,0.0,0.0,0,0,0,0.0,0,0,0.0,0,0,0.0,0.0,0,0,0,0,0,1.0,1.0,0.0,0.0,1.0,1.0,1.0,0.0,0.0,255.0,1.0,0.0,1.0,1.0,0.0,0.0,0.0,1.0,1.0,0
0.0,1,21,4,0.0,0.0,0,0,0,0.0,0,0,0.0,0,0,0.0,0.0,0,0,0,0,0,1.0,1.0,0.0,0.0,1.0,1.0,1.0,0.0,0.0,255.0,1.0,0.0,1.0,1.0,0.0,0.0,0.0,1.0,1.0,0
0.0,1,21,4,0.0,0.0,0,0,0,0.0,0,0,0.0,0,0,0.0,0.0,0,0,0,0,0,1.0,1.0,0.0,0.0,1.0,1.0,1.0,0.0,0.0,255.0,1.0,0.0,1.0,1.0,0.0,0.0,0.0,1.0,1.0,0
0.0,1,21,4,0.0,0.0,0,0,0,0.0,0,0,0.0,0,0,0.0,0.0,0,0,0,0,0,1.0,1.0,0.0,0.0,1.0,1.0,1.0,0.0,0.0,255.0,1.0,0.0,1.0,1.0,0.0,0.0,0.0,1.0,1.0,0
0.0,1,21,4,0.0,0.0,0,0,0,0.0,0,0,0.0,0,0,0.0,0.0,0,0,0,0,0,1.0,1.0,0.0,0.0,1.0,1.0,1.0,0.0,0.0,255.0,1.0,0.0,1.0,1.0,0.0,0.0,0.0,1.0,1.0,0
0.0,1,21,4,0.0,0.0,0,0,0,0.0,0,0,0.0,0,0,0.0,0.0,0,0,0,0,0,1.0,1.0,0.0,0.0,1.0,1.0,1.0,0.0,0.0,255.0,1.0,0.0,1.0,1.0,0.0,0.0,0.0,1.0,1.0,0
0.0,1,21,4,0.0,0.0,0,0,0,0.0,0,0,0.0,0,0,0.0,0.0,0,0,0,0,0,1.0,1.0,0.0,0.0,1.0,1.0,1.0,0.0,0.0,255.0,1.0,0.0,1.0,1.0,0.0,0.0,0.0,1.0,1.0,0
0.0,1,21,4,0.0,0.0,0,0,0,0.0,0,0,0.0,0,0,0.0,0.0,0,0,0,0,0,1.0,1.0,0.0,0.0,1.0,1.0,1.0,0.0,0.0,255.0,1.0,0.0,1.0,1.0,0.0,0.0,0.0,1.0,1.0,0
0.0,1,18,4,0.0,0.0,0,0,0,0.0,0,0,0.0,0,0,0.0,0.0,0,0,0,0,0,1.0,1.0,0.0,0.0,1.0,1.0,1.0,0.0,0.0,255.0,1.0,0.0,1.0,1.0,0.0,0.0,0.0,1.0,1.0,0
0.0,1,18,4,0.0,0.0,0,0,0,0.0,0,0,0.0,0,0,0.0,0.0,0,0,0,0,0,1.0,1.0,0.0,0.0,1.0,1.0,1.0,0.0,0.0,255.0,1.0,0.0,1.0,1.0,0.0,0.0,0.0,0.99,1.0,0
0.0,1,18,4,0.0,0.0,0,0,0,0.0,0,0,0.0,0,0,0.0,0.0,0,0,0,0,0,1.0,1.0,0.0,0.0,1.0,1.0,1.0,0.0,0.0,255.0,1.0,0.0,1.0,1.0,0.0,0.0,0.0,0.99,1.0,0
0.0,1,18,4,0.0,0.0,0,0,0,0.0,0,0,0.0,0,0,0.0,0.0,0,0,0,0,0,1.0,1.0,0.0,0.0,1.0,1.0,1.0,0.0,0.0,255.0,1.0,0.0,1.0,1.0,0.0,0.0,0.0,0.99,1.0,0
0.0,1,18,4,0.0,0.0,0,0,0,0.0,0,0,0.0,0,0,0.0,0.0,0,0,0,0,0,1.0,1.0,0.0,0.0,1.0,1.0,1.0,0.0,0.0,255.0,1.0,0.0,1.0,1.0,0.0,0.0,0.0,0.99,1.0,0
7.0,1,18,4,0.0,0.0,0,0,0,0.0,0,0,0.0,0,0,0.0,0.0,0,0,0,0,0,1.0,1.0,0.0,0.0,1.0,1.0,1.0,0.0,0.0,255.0,1.0,0.0,1.0,1.0,0.0,0.0,0.0,0.99,1.0,0
0.0,1,18,4,0.0,0.0,0,0,0,0.0,0,0,0.0,0,0,0.0,0.0,0,0,0,0,0,1.0,1.0,0.0,0.0,1.0,1.0,1.0,0.0,0.0,255.0,1.0,0.0,1.0,1.0,0.0,0.0,0.0,0.99,1.0,0
0.0,1,18,4,0.0,0.0,0,0,0,0.0,0,0,0.0,0,0,0.0,0.0,0,0,0,0,0,1.0,1.0,0.0,0.0,1.0,1.0,1.0,0.0,0.0,255.0,1.0,0.0,1.0,1.0,0.0,0.0,0.0,0.99,1.0,0
0.0,1,18,4,0.0,0.0,0,0,0,0.0,0,0,0.0,0,0,0.0,0.0,0,0,0,0,0,1.0,1.0,0.0,0.0,1.0,1.0,1.0,0.0,0.0,255.0,1.0,0.0,1.0,1.0,0.0,0.0,0.0,0.99,1.0,0
0.0,1,18,4,0.0,0.0,0,0,0,0.0,0,0,0.0,0,0,0.0,0.0,0,0,0,0,0,1.0,1.0,0.0,0.0,1.0,1.0,1.0,0.0,0.0,255.0,1.0,0.0,1.0,1.0,0.0,0.0,0.0,0.99,1.0,0
0.0,1,18,4,0.0,0.0,0,0,0,0.0,0,0,0.0,0,0,0.0,0.0,0,0,0,0,0,1.0,1.0,0.0,0.0,1.0,1.0,1.0,0.0,0.0,255.0,1.0,0.0,1.0,1.0,0.0,0.0,0.0,0.99,1.0,0
0.0,1,18,4,0.0,0.0,0,0,0,0.0,0,0,0.0,0,0,0.0,0.0,0,0,0,0,0,1.0,1.0,0.0,0.0,1.0,1.0,1.0,0.0,0.0,255.0,1.0,0.0,1.0,1.0,0.0,0.0,0.0,0.99,1.0,0
0.0,1,18,4,0.0,0.0,0,0,0,0.0,0,0,0.0,0,0,0.0,0.0,0,0,0,0,0,1.0,1.0,0.0,0.0,1.0,1.0,1.0,0.0,0.0,255.0,1.0,0.0,1.0,1.0,0.0,0.0,0.0,1.0,1.0,0
0.0,1,18,4,0.0,0.0,0,0,0,0.0,0,0,0.0,0,0,0.0,0.0,0,0,0,0,0,1.0,1.0,0.0,0.0,1.0,1.0,1.0,0.0,0.0,255.0,1.0,0.0,1.0,1.0,0.0,0.0,0.0,1.0,1.0,0
0.0,1,18,4,0.0,0.0,0,0,0,0.0,0,0,0.0,0,0,0.0,0.0,0,0,0,0,0,1.0,1.0,0.0,0.0,1.0,1.0,1.0,0.0,0.0,255.0,1.0,0.0,1.0,1.0,0.0,0.0,0.0,1.0,1.0,0
0.0,1,18,4,0.0,0.0,0,0,0,0.0,0,0,0.0,0,0,0.0,0.0,0,0,0,0,0,1.0,1.0,0.0,0.0,1.0,1.0,1.0,0.0,0.0,255.0,1.0,0.0,1.0,1.0,0.0,0.0,0.0,1.0,1.0,0
0.0,1,18,4,0.0,0.0,0,0,0,0.0,0,0,0.0,0,0,0.0,0.0,0,0,0,0,0,1.0,1.0,0.0,0.0,1.0,1.0,1.0,0.0,0.0,255.0,1.0,0.0,1.0,1.0,0.0,0.0,0.0,1.0,1.0,0
0.0,1,18,4,0.0,0.0,0,0,0,0.0,0,0,0.0,0,0,0.0,0.0,0,0,0,0,0,1.0,1.0,0.0,0.0,1.0,1.0,1.0,0.0,0.0,255.0,1.0,0.0,1.0,1.0,0.0,0.0,0.0,1.0,1.0,0
0.0,1,18,4,0.0,0.0,0,0,0,0.0,0,0,0.0,0,0,0.0,0.0,0,0,0,0,0,1.0,1.0,0.0,0.0,1.0,1.0,1.0,0.0,0.0,255.0,1.0,0.0,1.0,1.0,0.0,0.0,0.0,1.0,1.0,0
0.0,1,18,4,0.0,0.0,0,0,0,0.0,0,0,0.0,0,0,0.0,0.0,0,0,0,0,0,1.0,1.0,0.0,0.0,1.0,1.0,1.0,0.0,0.0,255.0,1.0,0.0,1.0,1.0,0.0,0.0,0.0,1.0,1.0,0
0.0,1,18,4,0.0,0.0,0,0,0,0.0,0,0,0.0,0,0,0.0,0.0,0,0,0,0,0,1.0,1.0,0.0,0.0,1.0,1.0,1.0,0.0,0.0,255.0,1.0,0.0,1.0,1.0,0.0,0.0,0.0,1.0,1.0,0
0.0,1,18,4,0.0,0.0,0,0,0,0.0,0,0,0.0,0,0,0.0,0.0,0,0,0,0,0,1.0,1.0,0.0,0.0,1.0,1.0,1.0,0.0,0.0,255.0,1.0,0.0,1.0,1.0,0.0,0.0,0.0,1.0,1.0,0
0.0,1,18,4,0.0,0.0,0,0,0,0.0,0,0,0.0,0,0,0.0,0.0,0,0,0,0,0,1.0,1.0,0.0,0.0,1.0,1.0,1.0,0.0,0.0,255.0,1.0,0.0,1.0,1.0,0.0,0.0,0.0,1.0,1.0,0
0.0,1,18,4,0.0,0.0,0,0,0,0.0,0,0,0.0,0,0,0.0,0.0,0,0,0,0,0,1.0,1.0,0.0,0.0,1.0,1.0,1.0,0.0,0.0,255.0,1.0,0.0,1.0,1.0,0.0,0.0,0.0,1.0,1.0,0
0.0,1,18,4,0.0,0.0,0,0,0,0.0,0,0,0.0,0,0,0.0,0.0,0,0,0,0,0,1.0,1.0,0.0,0.0,1.0,1.0,1.0,0.0,0.0,255.0,1.0,0.0,1.0,1.0,0.0,0.0,0.0,1.0,1.0,0
0.0,1,18,4,0.0,0.0,0,0,0,0.0,0,0,0.0,0,0,0.0,0.0,0,0,0,0,0,1.0,1.0,0.0,0.0,1.0,1.0,1.0,0.0,0.0,255.0,1.0,0.0,1.0,1.0,0.0,0.0,0.0,1.0,1.0,0
0.0,1,18,4,0.0,0.0,0,0,0,0.0,0,0,0.0,0,0,0.0,0.0,0,0,0,0,0,1.0,1.0,0.0,0.0,1.0,1.0,1.0,0.0,0.0,255.0,1.0,0.0,1.0,1.0,0.0,0.0,0.0,1.0,1.0,0
0.0,1,18,4,0.0,0.0,0,0,0,0.0,0,0,0.0,0,0,0.0,0.0,0,0,0,0,0,1.0,1.0,0.0,0.0,1.0,1.0,1.0,0.0,0.0,255.0,1.0,0.0,1.0,1.0,0.0,0.0,0.0,1.0,1.0,0
0.0,1,18,4,0.0,0.0,0,0,0,0.0,0,0,0.0,0,0,0.0,0.0,0,0,0,0,0,1.0,1.0,0.0,0.0,1.0,1.0,1.0,0.0,0.0,255.0,1.0,0.0,1.0,1.0,0.0,0.0,0.0,1.0,1.0,0
0.0,1,18,4,0.0,0.0,0,0,0,0.0,0,0,0.0,0,0,0.0,0.0,0,0,0,0,0,1.0,1.0,0.0,0.0,1.0,1.0,1.0,0.0,0.0,255.0,1.0,0.0,1.0,1.0,0.0,0.0,0.0,1.0,1.0,0
0.0,1,18,4,0.0,0.0,0,0,0,0.0,0,0,0.0,0,0,0.0,0.0,0,0,0,0,0,1.0,1.0,0.0,0.0,1.0,1.0,1.0,0.0,0.0,255.0,1.0,0.0,1.0,1.0,0.0,0.0,0.0,1.0,1.0,0
0.0,1,18,4,0.0,0.0,0,0,0,0.0,0,0,0.0,0,0,0.0,0.0,0,0,0,0,0,1.0,1.0,0.0,0.0,1.0,1.0,1.0,0.0,0.0,255.0,1.0,0.0,1.0,1.0,0.0,0.0,0.0,1.0,1.0,0
0.0,1,18,4,0.0,0.0,0,0,0,0.0,0,0,0.0,0,0,0.0,0.0,0,0,0,0,0,1.0,1.0,0.0,0.0,1.0,1.0,1.0,0.0,0.0,255.0,1.0,0.0,1.0,1.0,0.0,0.0,0.0,1.0,1.0,0
0.0,1,18,4,0.0,0.0,0,0,0,0.0,0,0,0.0,0,0,0.0,0.0,0,0,0,0,0,1.0,1.0,0.0,0.0,1.0,1.0,1.0,0.0,0.0,255.0,1.0,0.0,1.0,1.0,0.0,0.0,0.0,1.0,1.0,0
0.0,1,18,4,0.0,0.0,0,0,0,0.0,0,0,0.0,0,0,0.0,0.0,0,0,0,0,0,1.0,1.0,0.0,0.0,1.0,1.0,1.0,0.0,0.0,255.0,1.0,0.0,1.0,1.0,0.0,0.0,0.0,1.0,1.0,0
0.0,1,18,4,0.0,0.0,0,0,0,0.0,0,0,0.0,0,0,0.0,0.0,0,0,0,0,0,1.0,1.0,0.0,0.0,1.0,1.0,1.0,0.0,0.0,255.0,1.0,0.0,1.0,1.0,0.0,0.0,0.0,0.99,1.0,0
0.0,1,18,4,0.0,0.0,0,0,0,0.0,0,0,0.0,0,0,0.0,0.0,0,0,0,0,0,1.0,1.0,0.0,0.0,1.0,1.0,1.0,0.0,0.0,255.0,1.0,0.0,1.0,1.0,0.0,0.0,0.0,0.99,1.0,0
0.0,1,18,4,0.0,0.0,0,0,0,0.0,0,0,0.0,0,0,0.0,0.0,0,0,0,0,0,1.0,1.0,0.0,0.0,1.0,1.0,1.0,0.0,0.0,255.0,1.0,0.0,1.0,1.0,0.0,0.0,0.0,0.99,1.0,0
0.0,1,18,4,0.0,0.0,0,0,0,0.0,0,0,0.0,0,0,0.0,0.0,0,0,0,0,0,1.0,1.0,0.0,0.0,1.0,1.0,1.0,0.0,0.0,255.0,1.0,0.0,1.0,1.0,0.0,0.0,0.0,0.99,1.0,0
0.0,1,18,4,0.0,0.0,0,0,0,0.0,0,0,0.0,0,0,0.0,0.0,0,0,0,0,0,1.0,1.0,0.0,0.0,1.0,1.0,1.0,0.0,0.0,255.0,1.0,0.0,1.0,1.0,0.0,0.0,0.0,0.99,1.0,0
0.0,1,21,4,0.0,0.0,0,0,0,0.0,0,0,0.0,0,0,0.0,0.0,0,0,0,0,0,1.0,1.0,0.0,0.0,1.0,1.0,1.0,0.0,0.0,103.0,1.0,0.01,0.09,0.05,0.0,0.0,0.0,0.04,1.0,0
0.0,1,17,4,0.0,0.0,0,0,0,0.0,0,0,0.0,0,0,0.0,0.0,0,0,0,0,0,1.0,1.0,0.0,0.0,1.0,1.0,1.0,0.0,0.0,113.0,1.0,0.01,0.17,0.13,0.0,0.0,0.0,0.12,1.0,0
0.0,1,24,4,0.0,0.0,0,0,0,0.0,0,0,0.0,0,0,0.0,0.0,0,0,0,0,0,1.0,1.0,0.0,0.0,1.0,1.0,1.0,0.0,0.0,123.0,89.0,0.24,0.21,0.2,0.02,0.0,0.0,0.2,0.01,0
0.0,1,21,4,0.0,0.0,0,0,0,0.0,0,0,0.0,0,0,0.0,0.0,0,0,0,0,0,1.0,1.0,0.0,0.0,1.0,1.0,1.0,0.0,0.0,133.0,1.0,0.01,0.27,0.26,0.0,0.0,0.0,0.26,1.0,0
0.0,1,21,4,0.0,0.0,0,0,0,0.0,0,0,0.0,0,0,0.0,0.0,0,0,0,0,0,1.0,1.0,0.0,0.0,1.0,1.0,1.0,0.0,0.0,143.0,1.0,0.01,0.32,0.31,0.0,0.0,0.0,0.31,1.0,0
0.0,1,21,4,0.0,0.0,0,0,0,0.0,0,0,0.0,0,0,0.0,0.0,0,0,0,0,0,1.0,1.0,0.0,0.0,1.0,1.0,1.0,0.0,0.0,163.0,1.0,0.01,0.4,0.4,0.0,0.0,0.0,0.39,1.0,0
0.0,1,21,4,0.0,0.0,0,0,0,0.0,0,0,0.0,0,0,0.0,0.0,0,0,0,0,0,1.0,1.0,0.0,0.0,1.0,1.0,1.0,0.0,0.0,173.0,1.0,0.01,0.44,0.43,0.0,0.0,0.0,0.43,1.0,0
0.0,1,21,4,0.0,0.0,0,0,0,0.0,0,0,0.0,0,0,0.0,0.0,0,0,0,0,0,1.0,1.0,0.0,0.0,1.0,1.0,1.0,0.0,0.0,183.0,1.0,0.01,0.46,0.46,0.0,0.0,0.0,0.46,1.0,0
0.0,1,2,4,0.0,0.0,0,0,0,0.0,0,0,0.0,0,0,0.0,0.0,0,0,0,0,0,1.0,1.0,0.0,0.0,1.0,1.0,1.0,0.0,0.0,203.0,1.0,0.0,0.52,0.52,0.0,0.0,0.0,0.51,1.0,0
0.0,1,21,4,0.0,0.0,0,0,0,0.0,0,0,0.0,0,0,0.0,0.0,0,0,0,0,0,1.0,1.0,0.0,0.0,1.0,1.0,1.0,0.0,0.0,213.0,1.0,0.0,0.54,0.54,0.0,0.0,0.0,0.54,1.0,0
0.0,1,21,4,0.0,0.0,0,0,0,0.0,0,0,0.0,0,0,0.0,0.0,0,0,0,0,0,1.0,1.0,0.0,0.0,1.0,1.0,1.0,0.0,0.0,233.0,1.0,0.0,0.58,0.58,0.0,0.0,0.0,0.58,1.0,0
0.0,1,21,4,0.0,0.0,0,0,0,0.0,0,0,0.0,0,0,0.0,0.0,0,0,0,0,0,1.0,1.0,0.0,0.0,1.0,1.0,1.0,0.0,0.0,253.0,1.0,0.0,0.61,0.61,0.0,0.0,0.0,0.61,1.0,0
0.0,1,21,4,0.0,0.0,0,0,0,0.0,0,0,0.0,0,0,0.0,0.0,0,0,0,0,0,1.0,1.0,0.0,0.0,1.0,1.0,1.0,0.0,0.0,255.0,1.0,0.0,0.65,0.65,0.0,0.0,0.0,0.64,1.0,0
0.0,1,21,4,0.0,0.0,0,0,0,0.0,0,0,0.0,0,0,0.0,0.0,0,0,0,0,0,1.0,1.0,0.0,0.0,1.0,1.0,1.0,0.0,0.0,255.0,1.0,0.0,0.73,0.73,0.0,0.0,0.0,0.72,1.0,0
0.0,1,21,4,0.0,0.0,0,0,0,0.0,0,0,0.0,0,0,0.0,0.0,0,0,0,0,0,1.0,1.0,0.0,0.0,1.0,1.0,1.0,0.0,0.0,255.0,1.0,0.0,0.76,0.76,0.0,0.0,0.0,0.76,1.0,0
0.0,1,21,4,0.0,0.0,0,0,0,0.0,0,0,0.0,0,0,0.0,0.0,0,0,0,0,0,1.0,1.0,0.0,0.0,1.0,1.0,1.0,0.0,0.0,255.0,1.0,0.0,0.8,0.8,0.0,0.0,0.0,0.8,1.0,0
0.0,1,21,4,0.0,0.0,0,0,0,0.0,0,0,0.0,0,0,0.0,0.0,0,0,0,0,0,1.0,1.0,0.0,0.0,1.0,1.0,1.0,0.0,0.0,255.0,1.0,0.0,0.88,0.88,0.0,0.0,0.0,0.88,1.0,0
0.0,1,21,4,0.0,0.0,0,0,0,0.0,0,0,0.0,0,0,0.0,0.0,0,0,0,0,0,1.0,1.0,0.0,0.0,1.0,1.0,1.0,0.0,0.0,255.0,1.0,0.0,0.92,0.92,0.0,0.0,0.0,0.92,1.0,0
0.0,1,21,4,0.0,0.0,0,0,0,0.0,0,0,0.0,0,0,0.0,0.0,0,0,0,0,0,1.0,1.0,0.0,0.0,1.0,1.0,1.0,0.0,0.0,255.0,1.0,0.0,0.96,0.96,0.0,0.0,0.0,0.96,1.0,0
0.0,1,21,4,0.0,0.0,0,0,0,0.0,0,0,0.0,0,0,0.0,0.0,0,0,0,0,0,1.0,1.0,0.0,0.0,1.0,1.0,1.0,0.0,0.0,255.0,1.0,0.0,1.0,1.0,0.0,0.0,0.0,1.0,1.0,0
0.0,1,21,4,0.0,0.0,0,0,0,0.0,0,0,0.0,0,0,0.0,0.0,0,0,0,0,0,1.0,1.0,0.0,0.0,1.0,1.0,1.0,0.0,0.0,255.0,1.0,0.0,1.0,1.0,0.0,0.0,0.0,1.0,1.0,0
0.0,1,21,4,0.0,0.0,0,0,0,0.0,0,0,0.0,0,0,0.0,0.0,0,0,0,0,0,1.0,1.0,0.0,0.0,1.0,1.0,1.0,0.0,0.0,255.0,1.0,0.0,1.0,1.0,0.0,0.0,0.0,1.0,1.0,0
0.0,1,21,4,0.0,0.0,0,0,0,0.0,0,0,0.0,0,0,0.0,0.0,0,0,0,0,0,1.0,1.0,0.0,0.0,1.0,1.0,1.0,0.0,0.0,255.0,1.0,0.0,1.0,1.0,0.0,0.0,0.0,1.0,1.0,0
0.0,1,21,4,0.0,0.0,0,0,0,0.0,0,0,0.0,0,0,0.0,0.0,0,0,0,0,0,1.0,1.0,0.0,0.0,1.0,1.0,1.0,0.0,0.0,255.0,1.0,0.0,1.0,1.0,0.0,0.0,0.0,1.0,1.0,0
0.0,1,21,4,0.0,0.0,0,0,0,0.0,0,0,0.0,0,0,0.0,0.0,0,0,0,0,0,1.0,1.0,0.0,0.0,1.0,1.0,1.0,0.0,0.0,255.0,1.0,0.0,1.0,1.0,0.0,0.0,0.0,1.0,1.0,0
0.0,1,21,4,0.0,0.0,0,0,0,0.0,0,0,0.0,0,0,0.0,0.0,0,0,0,0,0,1.0,1.0,0.0,0.0,1.0,1.0,1.0,0.0,0.0,255.0,1.0,0.0,1.0,1.0,0.0,0.0,0.0,1.0,1.0,0
0.0,1,21,4,0.0,0.0,0,0,0,0.0,0,0,0.0,0,0,0.0,0.0,0,0,0,0,0,1.0,1.0,0.0,0.0,1.0,1.0,1.0,0.0,0.0,255.0,1.0,0.0,1.0,1.0,0.0,0.0,0.0,1.0,1.0,0
0.0,1,21,4,0.0,0.0,0,0,0,0.0,0,0,0.0,0,0,0.0,0.0,0,0,0,0,0,1.0,1.0,0.0,0.0,1.0,1.0,1.0,0.0,0.0,255.0,1.0,0.0,1.0,1.0,0.0,0.0,0.0,1.0,1.0,0
0.0,1,21,4,0.0,0.0,0,0,0,0.0,0,0,0.0,0,0,0.0,0.0,0,0,0,0,0,1.0,1.0,0.0,0.0,1.0,1.0,1.0,0.0,0.0,255.0,1.0,0.0,1.0,1.0,0.0,0.0,0.0,1.0,1.0,0
0.0,1,21,4,0.0,0.0,0,0,0,0.0,0,0,0.0,0,0,0.0,0.0,0,0,0,0,0,1.0,1.0,0.0,0.0,1.0,1.0,1.0,0.0,0.0,255.0,1.0,0.0,1.0,1.0,0.0,0.0,0.0,1.0,1.0,0
0.0,1,21,4,0.0,0.0,0,0,0,0.0,0,0,0.0,0,0,0.0,0.0,0,0,0,0,0,1.0,1.0,0.0,0.0,1.0,1.0,1.0,0.0,0.0,255.0,1.0,0.0,1.0,1.0,0.0,0.0,0.0,1.0,1.0,0
0.0,1,21,4,0.0,0.0,0,0,0,0.0,0,0,0.0,0,0,0.0,0.0,0,0,0,0,0,1.0,1.0,0.0,0.0,1.0,1.0,1.0,0.0,0.0,255.0,1.0,0.0,1.0,1.0,0.0,0.0,0.0,1.0,1.0,0
0.0,1,21,4,0.0,0.0,0,0,0,0.0,0,0,0.0,0,0,0.0,0.0,0,0,0,0,0,1.0,1.0,0.0,0.0,1.0,1.0,1.0,0.0,0.0,255.0,1.0,0.0,1.0,1.0,0.0,0.0,0.0,1.0,1.0,0
0.0,1,21,4,0.0,0.0,0,0,0,0.0,0,0,0.0,0,0,0.0,0.0,0,0,0,0,0,1.0,1.0,0.0,0.0,1.0,1.0,1.0,0.0,0.0,255.0,1.0,0.0,1.0,1.0,0.0,0.0,0.0,1.0,1.0,0
0.0,1,21,4,0.0,0.0,0,0,0,0.0,0,0,0.0,0,0,0.0,0.0,0,0,0,0,0,1.0,1.0,0.0,0.0,1.0,1.0,1.0,0.0,0.0,255.0,1.0,0.0,1.0,1.0,0.0,0.0,0.0,1.0,1.0,0
0.0,1,21,4,0.0,0.0,0,0,0,0.0,0,0,0.0,0,0,0.0,0.0,0,0,0,0,0,1.0,1.0,0.0,0.0,1.0,1.0,1.0,0.0,0.0,255.0,1.0,0.0,1.0,1.0,0.0,0.0,0.0,1.0,1.0,0
0.0,1,21,4,0.0,0.0,0,0,0,0.0,0,0,0.0,0,0,0.0,0.0,0,0,0,0,0,1.0,1.0,0.0,0.0,1.0,1.0,1.0,0.0,0.0,255.0,1.0,0.0,1.0,1.0,0.0,0.0,0.0,1.0,1.0,0
0.0,1,21,4,0.0,0.0,0,0,0,0.0,0,0,0.0,0,0,0.0,0.0,0,0,0,0,0,1.0,1.0,0.0,0.0,1.0,1.0,1.0,0.0,0.0,255.0,1.0,0.0,1.0,1.0,0.0,0.0,0.0,1.0,1.0,0
0.0,1,21,4,0.0,0.0,0,0,0,0.0,0,0,0.0,0,0,0.0,0.0,0,0,0,0,0,1.0,1.0,0.0,0.0,1.0,1.0,1.0,0.0,0.0,255.0,1.0,0.0,1.0,1.0,0.0,0.0,0.0,1.0,1.0,0
0.0,1,20,4,0.0,0.0,0,0,0,0.0,0,0,0.0,0,0,0.0,0.0,0,0,0,0,0,1.0,1.0,0.0,0.0,1.0,1.0,1.0,0.0,0.0,255.0,1.0,0.0,1.0,1.0,0.0,0.0,0.0,1.0,1.0,0
0.0,1,21,4,0.0,0.0,0,0,0,0.0,0,0,0.0,0,0,0.0,0.0,0,0,0,0,0,1.0,1.0,0.0,0.0,1.0,1.0,1.0,0.0,0.0,255.0,1.0,0.0,1.0,1.0,0.0,0.0,0.0,1.0,1.0,0
0.0,1,21,4,0.0,0.0,0,0,0,0.0,0,0,0.0,0,0,0.0,0.0,0,0,0,0,0,1.0,1.0,0.0,0.0,1.0,1.0,1.0,0.0,0.0,255.0,1.0,0.0,1.0,1.0,0.0,0.0,0.0,1.0,1.0,0
25.0,1,21,4,0.0,0.0,0,0,0,0.0,0,0,0.0,0,0,0.0,0.0,0,0,0,0,0,1.0,1.0,0.0,0.0,1.0,1.0,1.0,0.0,0.0,255.0,1.0,0.0,1.0,1.0,0.0,0.0,0.0,1.0,1.0,0
0.0,1,21,4,0.0,0.0,0,0,0,0.0,0,0,0.0,0,0,0.0,0.0,0,0,0,0,0,1.0,1.0,0.0,0.0,1.0,1.0,1.0,0.0,0.0,255.0,1.0,0.0,1.0,1.0,0.0,0.0,0.0,1.0,1.0,0
0.0,1,21,4,0.0,0.0,0,0,0,0.0,0,0,0.0,0,0,0.0,0.0,0,0,0,0,0,1.0,1.0,0.0,0.0,1.0,1.0,1.0,0.0,0.0,255.0,1.0,0.0,1.0,1.0,0.0,0.0,0.0,1.0,1.0,0
0.0,1,21,4,0.0,0.0,0,0,0,0.0,0,0,0.0,0,0,0.0,0.0,0,0,0,0,0,1.0,1.0,0.0,0.0,1.0,1.0,1.0,0.0,0.0,255.0,1.0,0.0,1.0,1.0,0.0,0.0,0.0,1.0,1.0,0
0.0,1,21,4,0.0,0.0,0,0,0,0.0,0,0,0.0,0,0,0.0,0.0,0,0,0,0,0,1.0,1.0,0.0,0.0,1.0,1.0,1.0,0.0,0.0,255.0,1.0,0.0,1.0,1.0,0.0,0.0,0.0,1.0,1.0,0
0.0,1,21,4,0.0,0.0,0,0,0,0.0,0,0,0.0,0,0,0.0,0.0,0,0,0,0,0,1.0,1.0,0.0,0.0,1.0,1.0,1.0,0.0,0.0,255.0,1.0,0.0,1.0,1.0,0.0,0.0,0.0,1.0,1.0,0
0.0,1,21,4,0.0,0.0,0,0,0,0.0,0,0,0.0,0,0,0.0,0.0,0,0,0,0,0,1.0,1.0,0.0,0.0,1.0,1.0,1.0,0.0,0.0,255.0,1.0,0.0,1.0,1.0,0.0,0.0,0.0,1.0,1.0,0
0.0,1,21,4,0.0,0.0,0,0,0,0.0,0,0,0.0,0,0,0.0,0.0,0,0,0,0,0,1.0,1.0,0.0,0.0,1.0,1.0,1.0,0.0,0.0,255.0,1.0,0.0,1.0,1.0,0.0,0.0,0.0,1.0,1.0,0
0.0,1,21,4,0.0,0.0,0,0,0,0.0,0,0,0.0,0,0,0.0,0.0,0,0,0,0,0,1.0,1.0,0.0,0.0,1.0,1.0,1.0,0.0,0.0,255.0,1.0,0.0,1.0,1.0,0.0,0.0,0.0,1.0,1.0,0
0.0,1,21,4,0.0,0.0,0,0,0,0.0,0,0,0.0,0,0,0.0,0.0,0,0,0,0,0,1.0,1.0,0.0,0.0,1.0,1.0,1.0,0.0,0.0,255.0,1.0,0.0,1.0,1.0,0.0,0.0,0.0,1.0,1.0,0
0.0,1,21,4,0.0,0.0,0,0,0,0.0,0,0,0.0,0,0,0.0,0.0,0,0,0,0,0,1.0,1.0,0.0,0.0,1.0,1.0,1.0,0.0,0.0,255.0,1.0,0.0,1.0,1.0,0.0,0.0,0.0,1.0,1.0,0
0.0,1,21,0,0.0,0.0,0,0,0,0.0,0,0,0.0,0,0,0.0,0.0,0,0,0,0,0,1.0,1.0,0.0,0.0,0.0,0.0,1.0,0.0,0.0,255.0,1.0,0.0,1.0,1.0,0.0,0.0,0.0,1.0,0.0,0
0.0,1,21,4,0.0,0.0,0,0,0,0.0,0,0,0.0,0,0,0.0,0.0,0,0,0,0,0,1.0,1.0,0.0,0.0,1.0,1.0,1.0,0.0,0.0,255.0,1.0,0.0,1.0,1.0,0.0,0.0,0.0,1.0,1.0,0
0.0,1,21,4,0.0,0.0,0,0,0,0.0,0,0,0.0,0,0,0.0,0.0,0,0,0,0,0,1.0,1.0,0.0,0.0,1.0,1.0,1.0,0.0,0.0,255.0,1.0,0.0,1.0,1.0,0.0,0.0,0.0,1.0,1.0,0
0.0,1,21,4,0.0,0.0,0,0,0,0.0,0,0,0.0,0,0,0.0,0.0,0,0,0,0,0,1.0,1.0,0.0,0.0,1.0,1.0,1.0,0.0,0.0,255.0,1.0,0.0,1.0,1.0,0.0,0.0,0.0,1.0,1.0,0
0.0,1,21,4,0.0,0.0,0,0,0,0.0,0,0,0.0,0,0,0.0,0.0,0,0,0,0,0,1.0,1.0,0.0,0.0,1.0,1.0,1.0,0.0,0.0,255.0,1.0,0.0,1.0,1.0,0.0,0.0,0.0,1.0,1.0,0
0.0,1,21,4,0.0,0.0,0,0,0,0.0,0,0,0.0,0,0,0.0,0.0,0,0,0,0,0,1.0,1.0,0.0,0.0,1.0,1.0,1.0,0.0,0.0,255.0,1.0,0.0,1.0,1.0,0.0,0.0,0.0,1.0,1.0,0
0.0,1,21,4,0.0,0.0,0,0,0,0.0,0,0,0.0,0,0,0.0,0.0,0,0,0,0,0,1.0,1.0,0.0,0.0,1.0,1.0,1.0,0.0,0.0,255.0,1.0,0.0,1.0,1.0,0.0,0.0,0.0,1.0,1.0,0
0.0,1,21,4,0.0,0.0,0,0,0,0.0,0,0,0.0,0,0,0.0,0.0,0,0,0,0,0,1.0,1.0,0.0,0.0,1.0,1.0,1.0,0.0,0.0,255.0,1.0,0.0,1.0,1.0,0.0,0.0,0.0,1.0,1.0,0
0.0,1,21,4,0.0,0.0,0,0,0,0.0,0,0,0.0,0,0,0.0,0.0,0,0,0,0,0,1.0,1.0,0.0,0.0,1.0,1.0,1.0,0.0,0.0,255.0,1.0,0.0,1.0,1.0,0.0,0.0,0.0,1.0,1.0,0
0.0,1,21,4,0.0,0.0,0,0,0,0.0,0,0,0.0,0,0,0.0,0.0,0,0,0,0,0,1.0,1.0,0.0,0.0,1.0,1.0,1.0,0.0,0.0,255.0,1.0,0.0,1.0,1.0,0.0,0.0,0.0,1.0,1.0,0
0.0,1,21,4,0.0,0.0,0,0,0,0.0,0,0,0.0,0,0,0.0,0.0,0,0,0,0,0,1.0,1.0,0.0,0.0,1.0,1.0,1.0,0.0,0.0,255.0,1.0,0.0,1.0,1.0,0.0,0.0,0.0,1.0,1.0,0
19.0,1,21,4,0.0,0.0,0,0,0,0.0,0,0,0.0,0,0,0.0,0.0,0,0,0,0,0,1.0,1.0,0.0,0.0,1.0,1.0,1.0,0.0,0.0,255.0,1.0,0.0,1.0,1.0,0.0,0.0,0.0,0.99,1.0,0
0.0,1,21,4,0.0,0.0,0,0,0,0.0,0,0,0.0,0,0,0.0,0.0,0,0,0,0,0,1.0,1.0,0.0,0.0,1.0,1.0,1.0,0.0,0.0,255.0,1.0,0.0,1.0,1.0,0.0,0.0,0.0,0.99,1.0,0
0.0,1,21,4,0.0,0.0,0,0,0,0.0,0,0,0.0,0,0,0.0,0.0,0,0,0,0,0,1.0,1.0,0.0,0.0,1.0,1.0,1.0,0.0,0.0,255.0,1.0,0.0,1.0,1.0,0.0,0.0,0.0,0.99,1.0,0
0.0,1,21,4,0.0,0.0,0,0,0,0.0,0,0,0.0,0,0,0.0,0.0,0,0,0,0,0,1.0,1.0,0.0,0.0,1.0,1.0,1.0,0.0,0.0,255.0,1.0,0.0,1.0,1.0,0.0,0.0,0.0,0.99,1.0,0
0.0,1,21,4,0.0,0.0,0,0,0,0.0,0,0,0.0,0,0,0.0,0.0,0,0,0,0,0,1.0,1.0,0.0,0.0,1.0,1.0,1.0,0.0,0.0,255.0,1.0,0.0,1.0,1.0,0.0,0.0,0.0,0.99,1.0,0
0.0,1,21,4,0.0,0.0,0,0,0,0.0,0,0,0.0,0,0,0.0,0.0,0,0,0,0,0,1.0,1.0,0.0,0.0,1.0,1.0,1.0,0.0,0.0,255.0,1.0,0.0,1.0,1.0,0.0,0.0,0.0,0.99,1.0,0
0.0,1,21,1,0.0,0.0,0,0,0,0.0,0,0,0.0,0,0,0.0,0.0,0,0,0,0,0,5.0,1.0,0.0,0.0,1.0,1.0,0.2,0.6,0.0,255.0,1.0,0.0,0.03,0.02,0.0,0.0,0.0,0.84,1.0,0
0.0,1,8,2,0.0,0.0,0,0,0,0.0,0,0,0.0,0,0,0.0,0.0,0,0,0,0,0,15.0,1.0,0.0,0.0,1.0,1.0,0.07,0.53,0.0,255.0,1.0,0.0,0.05,0.06,0.0,0.0,0.0,0.85,1.0,0
0.0,1,21,1,0.0,0.0,0,0,0,0.0,0,0,0.0,0,0,0.0,0.0,0,0,0,0,0,35.0,1.0,0.0,0.0,1.0,1.0,0.03,0.57,0.0,255.0,1.0,0.0,0.09,0.14,0.0,0.0,0.0,0.85,1.0,0
4.0,1,21,4,0.0,0.0,0,0,0,0.0,0,0,0.0,0,0,0.0,0.0,0,0,0,0,0,45.0,2.0,0.0,0.0,1.0,1.0,0.04,0.56,0.0,255.0,2.0,0.01,0.11,0.18,0.0,0.0,0.0,0.85,1.0,0
4.0,1,34,4,0.0,0.0,0,0,0,0.0,0,0,0.0,0,0,0.0,0.0,0,0,0,0,0,55.0,2.0,0.0,0.0,1.0,1.0,0.04,0.55,0.0,255.0,2.0,0.01,0.13,0.22,0.0,0.0,0.0,0.85,1.0,0
4.0,1,21,4,0.0,0.0,0,0,0,0.0,0,0,0.0,0,0,0.0,0.0,0,0,0,0,0,65.0,2.0,0.0,0.0,1.0,1.0,0.03,0.54,0.0,255.0,2.0,0.01,0.15,0.25,0.0,0.0,0.0,0.85,1.0,0
0.0,1,21,1,0.0,0.0,0,0,0,0.0,0,0,0.0,0,0,0.0,0.0,0,0,0,0,0,75.0,1.0,0.0,0.0,1.0,1.0,0.01,0.55,0.0,255.0,1.0,0.0,0.17,0.29,0.0,0.0,0.0,0.85,1.0,0
0.0,1,21,1,0.0,0.0,0,0,0,0.0,0,0,0.0,0,0,0.0,0.0,0,0,0,0,0,85.0,1.0,0.0,0.0,1.0,1.0,0.01,0.54,0.0,255.0,1.0,0.0,0.19,0.33,0.0,0.0,0.0,0.85,1.0,0
0.0,1,29,1,0.0,0.0,0,0,0,0.0,0,0,0.0,0,0,0.0,0.0,0,0,0,0,0,115.0,1.0,0.0,0.0,1.0,1.0,0.01,0.53,0.0,255.0,1.0,0.0,0.25,0.45,0.0,0.0,0.0,0.87,1.0,0
0.0,1,21,1,0.0,0.0,0,0,0,0.0,0,0,0.0,0,0,0.0,0.0,0,0,0,0,0,125.0,1.0,0.0,0.0,1.0,1.0,0.01,0.53,0.0,255.0,1.0,0.0,0.27,0.49,0.0,0.0,0.0,0.9,1.0,0
3.0,1,21,4,0.0,0.0,0,0,0,0.0,0,0,0.0,0,0,0.0,0.0,0,0,0,0,0,135.0,2.0,0.0,0.0,1.0,1.0,0.01,0.53,0.0,255.0,2.0,0.01,0.29,0.53,0.0,0.0,0.0,0.91,1.0,0
4.0,1,21,4,0.0,0.0,0,0,0,0.0,0,0,0.0,0,0,0.0,0.0,0,0,0,0,0,145.0,2.0,0.0,0.0,1.0,1.0,0.01,0.52,0.0,255.0,2.0,0.01,0.31,0.57,0.0,0.0,0.0,0.92,1.0,0
4.0,1,21,4,0.0,0.0,0,0,0,0.0,0,0,0.0,0,0,0.0,0.0,0,0,0,0,0,155.0,2.0,0.0,0.0,1.0,1.0,0.01,0.52,0.0,255.0,2.0,0.01,0.33,0.61,0.0,0.0,0.0,0.92,1.0,0
0.0,1,21,1,0.0,0.0,0,0,0,0.0,0,0,0.0,0,0,0.0,0.0,0,0,0,0,0,165.0,1.0,0.0,0.0,1.0,1.0,0.01,0.53,0.0,255.0,1.0,0.0,0.35,0.65,0.0,0.0,0.0,0.93,1.0,0
4.0,1,12,4,0.0,0.0,0,0,0,0.0,0,0,0.0,0,0,0.0,0.0,0,0,0,0,0,175.0,2.0,0.0,0.0,1.0,1.0,0.01,0.53,0.0,255.0,63.0,0.25,0.36,0.69,0.0,0.0,0.0,0.93,1.0,0
4.0,1,21,4,0.0,0.0,0,0,0,0.0,0,0,0.0,0,0,0.0,0.0,0,0,0,0,0,185.0,2.0,0.0,0.0,1.0,1.0,0.01,0.52,0.0,255.0,2.0,0.01,0.38,0.73,0.0,0.0,0.0,0.95,1.0,0
4.0,1,28,4,0.0,0.0,0,0,0,0.0,0,0,0.0,0,0,0.0,0.0,0,0,0,0,0,205.0,2.0,0.0,0.0,1.0,1.0,0.01,0.52,0.0,255.0,2.0,0.01,0.42,0.8,0.0,0.0,0.0,0.95,1.0,0
4.0,1,21,4,0.0,0.0,0,0,0,0.0,0,0,0.0,0,0,0.0,0.0,0,0,0,0,0,215.0,2.0,0.0,0.0,1.0,1.0,0.01,0.52,0.0,255.0,2.0,0.01,0.44,0.84,0.0,0.0,0.0,0.96,1.0,0
4.0,1,2,4,0.0,0.0,0,0,0,0.0,0,0,0.0,0,0,0.0,0.0,0,0,0,0,0,225.0,2.0,0.0,0.0,1.0,1.0,0.01,0.52,0.0,255.0,2.0,0.01,0.46,0.88,0.0,0.0,0.0,0.96,1.0,0
0.0,1,21,1,0.0,0.0,0,0,0,0.0,0,0,0.0,0,0,0.0,0.0,0,0,0,0,0,235.0,1.0,0.0,0.0,1.0,1.0,0.0,0.53,0.0,255.0,1.0,0.0,0.49,0.92,0.0,0.0,0.0,0.98,1.0,0
4.0,1,32,4,0.0,0.0,0,0,0,0.0,0,0,0.0,0,0,0.0,0.0,0,0,0,0,0,245.0,2.0,0.0,0.0,1.0,1.0,0.01,0.53,0.0,255.0,2.0,0.01,0.51,0.96,0.0,0.0,0.0,0.99,1.0,0
0.0,1,21,1,0.0,0.0,0,0,0,0.0,0,0,0.0,0,0,0.0,0.0,0,0,0,0,0,255.0,1.0,0.0,0.0,1.0,1.0,0.0,0.53,0.0,255.0,1.0,0.0,0.53,1.0,0.0,0.0,0.0,1.0,1.0,0
0.0,1,21,1,0.0,0.0,0,0,0,0.0,0,0,0.0,0,0,0.0,0.0,0,0,0,0,0,265.0,1.0,0.0,0.0,1.0,1.0,0.0,0.53,0.0,255.0,1.0,0.0,0.53,1.0,0.0,0.0,0.0,1.0,1.0,0
0.0,1,21,1,0.0,0.0,0,0,0,0.0,0,0,0.0,0,0,0.0,0.0,0,0,0,0,0,275.0,1.0,0.0,0.0,1.0,1.0,0.0,0.53,0.0,255.0,1.0,0.0,0.52,1.0,0.0,0.0,0.0,1.0,1.0,0
0.0,1,33,1,0.0,0.0,0,0,0,0.0,0,0,0.0,0,0,0.0,0.0,0,0,0,0,0,285.0,1.0,0.0,0.0,1.0,1.0,0.0,0.53,0.0,255.0,1.0,0.0,0.52,1.0,0.0,0.0,0.0,1.0,1.0,0
0.0,1,21,1,0.0,0.0,0,0,0,0.0,0,0,0.0,0,0,0.0,0.0,0,0,0,0,0,295.0,1.0,0.0,0.0,1.0,1.0,0.0,0.53,0.0,255.0,1.0,0.0,0.52,1.0,0.0,0.0,0.0,1.0,1.0,0
0.0,1,21,1,0.0,0.0,0,0,0,0.0,0,0,0.0,0,0,0.0,0.0,0,0,0,0,0,315.0,1.0,0.0,0.0,1.0,1.0,0.0,0.52,0.0,255.0,1.0,0.0,0.52,1.0,0.0,0.0,0.0,1.0,1.0,0
3.0,1,21,4,0.0,0.0,0,0,0,0.0,0,0,0.0,0,0,0.0,0.0,0,0,0,0,0,325.0,2.0,0.0,0.0,1.0,1.0,0.01,0.52,0.0,255.0,2.0,0.01,0.52,1.0,0.0,0.0,0.0,1.0,1.0,0
2.0,1,21,4,0.0,0.0,0,0,0,0.0,0,0,0.0,0,0,0.0,0.0,0,0,0,0,0,365.0,2.0,0.0,0.0,1.0,1.0,0.01,0.52,0.0,255.0,2.0,0.01,0.52,1.0,0.0,0.0,0.0,1.0,1.0,0
1.0,1,21,4,0.0,0.0,0,0,0,0.0,0,0,0.0,0,0,0.0,0.0,0,0,0,0,0,375.0,2.0,0.0,0.0,1.0,1.0,0.01,0.52,0.0,255.0,2.0,0.01,0.52,1.0,0.0,0.0,0.0,1.0,1.0,0
2.0,1,21,4,0.0,0.0,0,0,0,0.0,0,0,0.0,0,0,0.0,0.0,0,0,0,0,0,385.0,2.0,0.0,0.0,1.0,1.0,0.01,0.52,0.0,255.0,2.0,0.01,0.52,1.0,0.0,0.0,0.0,1.0,1.0,0
2.0,1,21,4,0.0,0.0,0,0,0,0.0,0,0,0.0,0,0,0.0,0.0,0,0,0,0,0,395.0,2.0,0.0,0.0,1.0,1.0,0.01,0.52,0.0,255.0,2.0,0.01,0.52,1.0,0.0,0.0,0.0,1.0,1.0,0
2.0,1,21,4,0.0,0.0,0,0,0,0.0,0,0,0.0,0,0,0.0,0.0,0,0,0,0,0,405.0,2.0,0.0,0.0,1.0,1.0,0.0,0.52,0.0,255.0,2.0,0.01,0.52,1.0,0.0,0.0,0.0,1.0,1.0,0
2.0,1,21,4,0.0,0.0,0,0,0,0.0,0,0,0.0,0,0,0.0,0.0,0,0,0,0,0,415.0,2.0,0.0,0.0,1.0,1.0,0.0,0.52,0.0,255.0,2.0,0.01,0.51,1.0,0.0,0.0,0.0,1.0,1.0,0
2.0,1,21,4,0.0,0.0,0,0,0,0.0,0,0,0.0,0,0,0.0,0.0,0,0,0,0,0,425.0,2.0,0.0,0.0,1.0,1.0,0.0,0.52,0.0,255.0,2.0,0.01,0.51,1.0,0.0,0.0,0.0,1.0,1.0,0
2.0,1,21,4,0.0,0.0,0,0,0,0.0,0,0,0.0,0,0,0.0,0.0,0,0,0,0,0,435.0,2.0,0.0,0.0,1.0,1.0,0.0,0.52,0.0,255.0,2.0,0.01,0.51,1.0,0.0,0.0,0.0,1.0,1.0,0
2.0,1,21,4,0.0,0.0,0,0,0,0.0,0,0,0.0,0,0,0.0,0.0,0,0,0,0,0,445.0,2.0,0.0,0.0,1.0,1.0,0.0,0.52,0.0,255.0,2.0,0.01,0.51,1.0,0.0,0.0,0.0,1.0,1.0,0
1.0,1,21,4,0.0,0.0,0,0,0,0.0,0,0,0.0,0,0,0.0,0.0,0,0,0,0,0,210.0,2.0,0.0,0.0,1.0,1.0,0.01,0.5,0.0,255.0,2.0,0.01,0.51,1.0,0.0,0.0,0.0,1.0,1.0,0
1.0,1,21,4,0.0,0.0,0,0,0,0.0,0,0,0.0,0,0,0.0,0.0,0,0,0,0,0,220.0,2.0,0.0,0.0,1.0,1.0,0.01,0.5,0.0,255.0,2.0,0.01,0.51,1.0,0.0,0.0,0.0,1.0,1.0,0
1.0,1,21,4,0.0,0.0,0,0,0,0.0,0,0,0.0,0,0,0.0,0.0,0,0,0,0,0,230.0,2.0,0.0,0.0,1.0,1.0,0.01,0.5,0.0,255.0,2.0,0.01,0.51,1.0,0.0,0.0,0.0,1.0,1.0,0
1.0,1,21,4,0.0,0.0,0,0,0,0.0,0,0,0.0,0,0,0.0,0.0,0,0,0,0,0,240.0,2.0,0.0,0.0,1.0,1.0,0.01,0.5,0.0,255.0,2.0,0.01,0.51,1.0,0.0,0.0,0.0,1.0,1.0,0
1.0,1,21,4,0.0,0.0,0,0,0,0.0,0,0,0.0,0,0,0.0,0.0,0,0,0,0,0,250.0,2.0,0.0,0.0,1.0,1.0,0.01,0.5,0.0,255.0,2.0,0.01,0.51,1.0,0.0,0.0,0.0,1.0,1.0,0
1.0,1,21,4,0.0,0.0,0,0,0,0.0,0,0,0.0,0,0,0.0,0.0,0,0,0,0,0,260.0,2.0,0.0,0.0,1.0,1.0,0.01,0.5,0.0,255.0,2.0,0.01,0.5,1.0,0.0,0.0,0.0,1.0,1.0,0
1.0,1,21,4,0.0,0.0,0,0,0,0.0,0,0,0.0,0,0,0.0,0.0,0,0,0,0,0,270.0,2.0,0.0,0.0,1.0,1.0,0.01,0.5,0.0,255.0,2.0,0.01,0.5,1.0,0.0,0.0,0.0,1.0,1.0,0
1.0,1,21,4,0.0,0.0,0,0,0,0.0,0,0,0.0,0,0,0.0,0.0,0,0,0,0,0,290.0,2.0,0.0,0.0,1.0,1.0,0.01,0.5,0.0,255.0,2.0,0.01,0.5,1.0,0.0,0.0,0.0,1.0,1.0,0
1.0,1,21,4,0.0,0.0,0,0,0,0.0,0,0,0.0,0,0,0.0,0.0,0,0,0,0,0,300.0,2.0,0.0,0.0,1.0,1.0,0.01,0.5,0.0,255.0,2.0,0.01,0.5,1.0,0.0,0.0,0.0,1.0,1.0,0
1.0,1,21,4,0.0,0.0,0,0,0,0.0,0,0,0.0,0,0,0.0,0.0,0,0,0,0,0,310.0,2.0,0.0,0.0,1.0,1.0,0.01,0.5,0.0,255.0,2.0,0.01,0.5,1.0,0.0,0.0,0.0,1.0,1.0,0
0.0,1,21,1,0.0,0.0,0,0,0,0.0,0,0,0.0,0,0,0.0,0.0,0,0,0,0,0,330.0,1.0,0.0,0.0,1.0,1.0,0.0,0.51,0.0,255.0,1.0,0.0,0.51,1.0,0.0,0.0,0.0,1.0,1.0,0
0.0,1,21,4,0.0,0.0,0,0,0,0.0,0,0,0.0,0,0,0.0,0.0,0,0,0,0,0,1.0,1.0,0.0,0.0,1.0,1.0,1.0,0.0,0.0,139.0,1.0,0.01,0.09,0.14,0.0,0.0,0.0,0.14,1.0,0
0.0,1,17,4,0.0,0.0,0,0,0,0.0,0,0,0.0,0,0,0.0,0.0,0,0,0,0,0,1.0,1.0,0.0,0.0,1.0,1.0,1.0,0.0,0.0,149.0,1.0,0.01,0.12,0.19,0.0,0.0,0.0,0.19,1.0,0
42448.0,1,9,4,1.0,0.0,0,0,0,0.0,0,0,0.0,0,0,0.0,0.0,0,0,0,0,0,1.0,1.0,0.0,0.0,1.0,1.0,1.0,0.0,0.0,159.0,86.0,0.52,0.14,0.25,0.02,0.0,0.0,0.25,0.01,0
0.0,1,24,4,0.0,0.0,0,0,0,0.0,0,0,0.0,0,0,0.0,0.0,0,0,0,0,0,1.0,1.0,0.0,0.0,1.0,1.0,1.0,0.0,0.0,169.0,115.0,0.23,0.15,0.29,0.02,0.0,0.0,0.29,0.01,0
0.0,1,21,4,0.0,0.0,0,0,0,0.0,0,0,0.0,0,0,0.0,0.0,0,0,0,0,0,1.0,1.0,0.0,0.0,1.0,1.0,1.0,0.0,0.0,179.0,1.0,0.01,0.17,0.33,0.0,0.0,0.0,0.33,1.0,0
42088.0,1,21,4,1.0,0.0,0,0,0,0.0,0,0,0.0,0,0,0.0,0.0,0,0,0,0,0,1.0,1.0,0.0,0.0,1.0,1.0,1.0,0.0,0.0,189.0,1.0,0.01,0.19,0.37,0.0,0.0,0.0,0.37,1.0,0
0.0,1,21,4,0.0,0.0,0,0,0,0.0,0,0,0.0,0,0,0.0,0.0,0,0,0,0,0,1.0,1.0,0.0,0.0,1.0,1.0,1.0,0.0,0.0,199.0,1.0,0.01,0.21,0.4,0.0,0.0,0.0,0.4,1.0,0
0.0,1,21,4,0.0,0.0,0,0,0,0.0,0,0,0.0,0,0,0.0,0.0,0,0,0,0,0,1.0,1.0,0.0,0.0,1.0,1.0,1.0,0.0,0.0,209.0,1.0,0.0,0.22,0.43,0.0,0.0,0.0,0.43,1.0,0
0.0,1,21,4,0.0,0.0,0,0,0,0.0,0,0,0.0,0,0,0.0,0.0,0,0,0,0,0,1.0,1.0,0.0,0.0,1.0,1.0,1.0,0.0,0.0,219.0,1.0,0.0,0.23,0.45,0.0,0.0,0.0,0.45,1.0,0
0.0,1,21,4,0.0,0.0,0,0,0,0.0,0,0,0.0,0,0,0.0,0.0,0,0,0,0,0,1.0,1.0,0.0,0.0,1.0,1.0,1.0,0.0,0.0,229.0,1.0,0.0,0.24,0.48,0.0,0.0,0.0,0.48,1.0,0
0.0,1,21,4,0.0,0.0,0,0,0,0.0,0,0,0.0,0,0,0.0,0.0,0,0,0,0,0,1.0,1.0,0.0,0.0,1.0,1.0,1.0,0.0,0.0,239.0,1.0,0.0,0.26,0.5,0.0,0.0,0.0,0.5,1.0,0
0.0,1,21,4,0.0,0.0,0,0,0,0.0,0,0,0.0,0,0,0.0,0.0,0,0,0,0,0,1.0,1.0,0.0,0.0,1.0,1.0,1.0,0.0,0.0,249.0,1.0,0.0,0.27,0.52,0.0,0.0,0.0,0.52,1.0,0
0.0,1,10,4,0.0,0.0,0,0,0,0.0,0,0,0.0,0,0,0.0,0.0,0,0,0,0,0,1.0,1.0,0.0,0.0,1.0,1.0,1.0,0.0,0.0,255.0,1.0,0.0,0.28,0.55,0.0,0.0,0.0,0.55,1.0,0
0.0,1,21,4,0.0,0.0,0,0,0,0.0,0,0,0.0,0,0,0.0,0.0,0,0,0,0,0,1.0,1.0,0.0,0.0,1.0,1.0,1.0,0.0,0.0,255.0,1.0,0.0,0.3,0.58,0.0,0.0,0.0,0.58,1.0,0
41065.0,1,12,4,1.0,0.0,0,0,0,0.0,0,0,0.0,0,0,0.0,0.0,0,0,0,0,0,2.0,3.0,0.0,0.0,1.0,1.0,1.0,0.0,0.67,255.0,2.0,0.01,0.32,0.62,0.0,0.0,0.0,0.62,1.0,0
40806.0,1,21,4,1.0,0.0,0,0,0,0.0,0,0,0.0,0,0,0.0,0.0,0,0,0,0,0,2.0,2.0,0.0,0.0,1.0,1.0,1.0,0.0,0.0,255.0,2.0,0.01,0.36,0.7,0.0,0.0,0.0,0.7,1.0,0
40571.0,1,21,4,1.0,0.0,0,0,0,0.0,0,0,0.0,0,0,0.0,0.0,0,0,0,0,0,2.0,2.0,0.0,0.0,1.0,1.0,1.0,0.0,0.0,255.0,2.0,0.01,0.4,0.78,0.0,0.0,0.0,0.78,1.0,0
40448.0,1,2,4,1.0,0.0,0,0,0,0.0,0,0,0.0,0,0,0.0,0.0,0,0,0,0,0,2.0,2.0,0.0,0.0,1.0,1.0,1.0,0.0,0.0,255.0,2.0,0.01,0.42,0.82,0.0,0.0,0.0,0.82,1.0,0
40339.0,1,19,4,1.0,0.0,0,0,0,0.0,0,0,0.0,0,0,0.0,0.0,0,0,0,0,0,2.0,2.0,0.0,0.0,1.0,1.0,1.0,0.0,0.0,255.0,2.0,0.01,0.44,0.86,0.0,0.0,0.0,0.86,1.0,0
0.0,1,21,4,0.0,0.0,0,0,0,0.0,0,0,0.0,0,0,0.0,0.0,0,0,0,0,0,1.0,1.0,0.0,0.0,1.0,1.0,1.0,0.0,0.0,255.0,1.0,0.0,0.49,0.97,0.0,0.0,0.0,0.97,1.0,0
0.0,1,21,4,0.0,0.0,0,0,0,0.0,0,0,0.0,0,0,0.0,0.0,0,0,0,0,0,1.0,1.0,0.0,0.0,1.0,1.0,1.0,0.0,0.0,255.0,1.0,0.0,0.5,1.0,0.0,0.0,0.0,1.0,1.0,0
0.0,1,21,4,0.0,0.0,0,0,0,0.0,0,0,0.0,0,0,0.0,0.0,0,0,0,0,0,1.0,1.0,0.0,0.0,1.0,1.0,1.0,0.0,0.0,255.0,1.0,0.0,0.5,1.0,0.0,0.0,0.0,1.0,1.0,0
0.0,1,21,4,0.0,0.0,0,0,0,0.0,0,0,0.0,0,0,0.0,0.0,0,0,0,0,0,1.0,1.0,0.0,0.0,1.0,1.0,1.0,0.0,0.0,255.0,1.0,0.0,0.5,1.0,0.0,0.0,0.0,1.0,1.0,0
0.0,1,25,4,0.0,0.0,0,0,0,0.0,0,0,0.0,0,0,0.0,0.0,0,0,0,0,0,1.0,1.0,0.0,0.0,1.0,1.0,1.0,0.0,0.0,255.0,1.0,0.0,0.5,1.0,0.0,0.0,0.0,1.0,1.0,0
0.0,1,21,4,0.0,0.0,0,0,0,0.0,0,0,0.0,0,0,0.0,0.0,0,0,0,0,0,1.0,1.0,0.0,0.0,1.0,1.0,1.0,0.0,0.0,255.0,1.0,0.0,0.51,1.0,0.0,0.0,0.0,1.0,1.0,0
0.0,1,21,4,0.0,0.0,0,0,0,0.0,0,0,0.0,0,0,0.0,0.0,0,0,0,0,0,1.0,1.0,0.0,0.0,1.0,1.0,1.0,0.0,0.0,255.0,1.0,0.0,0.51,1.0,0.0,0.0,0.0,1.0,1.0,0
0.0,1,21,4,0.0,0.0,0,0,0,0.0,0,0,0.0,0,0,0.0,0.0,0,0,0,0,0,1.0,1.0,0.0,0.0,1.0,1.0,1.0,0.0,0.0,255.0,1.0,0.0,0.51,1.0,0.0,0.0,0.0,1.0,1.0,0
0.0,1,21,4,0.0,0.0,0,0,0,0.0,0,0,0.0,0,0,0.0,0.0,0,0,0,0,0,1.0,1.0,0.0,0.0,1.0,1.0,1.0,0.0,0.0,255.0,1.0,0.0,0.51,1.0,0.0,0.0,0.0,1.0,1.0,0
0.0,1,21,4,0.0,0.0,0,0,0,0.0,0,0,0.0,0,0,0.0,0.0,0,0,0,0,0,1.0,1.0,0.0,0.0,1.0,1.0,1.0,0.0,0.0,255.0,1.0,0.0,0.51,1.0,0.0,0.0,0.0,1.0,1.0,0
0.0,1,21,4,0.0,0.0,0,0,0,0.0,0,0,0.0,0,0,0.0,0.0,0,0,0,0,0,1.0,1.0,0.0,0.0,1.0,1.0,1.0,0.0,0.0,255.0,1.0,0.0,0.51,1.0,0.0,0.0,0.0,1.0,1.0,0
0.0,1,21,4,0.0,0.0,0,0,0,0.0,0,0,0.0,0,0,0.0,0.0,0,0,0,0,0,1.0,1.0,0.0,0.0,1.0,1.0,1.0,0.0,0.0,255.0,1.0,0.0,0.51,1.0,0.0,0.0,0.0,1.0,1.0,0
0.0,1,21,4,0.0,0.0,0,0,0,0.0,0,0,0.0,0,0,0.0,0.0,0,0,0,0,0,1.0,1.0,0.0,0.0,1.0,1.0,1.0,0.0,0.0,255.0,1.0,0.0,0.51,1.0,0.0,0.0,0.0,1.0,1.0,0
0.0,1,21,4,0.0,0.0,0,0,0,0.0,0,0,0.0,0,0,0.0,0.0,0,0,0,0,0,1.0,1.0,0.0,0.0,1.0,1.0,1.0,0.0,0.0,255.0,1.0,0.0,0.51,1.0,0.0,0.0,0.0,1.0,1.0,0
0.0,1,21,4,0.0,0.0,0,0,0,0.0,0,0,0.0,0,0,0.0,0.0,0,0,0,0,0,1.0,1.0,0.0,0.0,1.0,1.0,1.0,0.0,0.0,255.0,1.0,0.0,0.51,1.0,0.0,0.0,0.0,1.0,1.0,0
0.0,1,21,4,0.0,0.0,0,0,0,0.0,0,0,0.0,0,0,0.0,0.0,0,0,0,0,0,1.0,1.0,0.0,0.0,1.0,1.0,1.0,0.0,0.0,255.0,1.0,0.0,0.51,1.0,0.0,0.0,0.0,1.0,1.0,0
0.0,1,21,4,0.0,0.0,0,0,0,0.0,0,0,0.0,0,0,0.0,0.0,0,0,0,0,0,1.0,1.0,0.0,0.0,1.0,1.0,1.0,0.0,0.0,255.0,1.0,0.0,0.51,1.0,0.0,0.0,0.0,1.0,1.0,0
0.0,1,21,4,0.0,0.0,0,0,0,0.0,0,0,0.0,0,0,0.0,0.0,0,0,0,0,0,1.0,1.0,0.0,0.0,1.0,1.0,1.0,0.0,0.0,255.0,1.0,0.0,0.51,1.0,0.0,0.0,0.0,1.0,1.0,0
0.0,1,21,4,0.0,0.0,0,0,0,0.0,0,0,0.0,0,0,0.0,0.0,0,0,0,0,0,1.0,1.0,0.0,0.0,1.0,1.0,1.0,0.0,0.0,255.0,1.0,0.0,0.51,1.0,0.0,0.0,0.0,1.0,1.0,0
0.0,1,21,4,0.0,0.0,0,0,0,0.0,0,0,0.0,0,0,0.0,0.0,0,0,0,0,0,1.0,1.0,0.0,0.0,1.0,1.0,1.0,0.0,0.0,255.0,1.0,0.0,0.5,1.0,0.0,0.0,0.0,1.0,1.0,0
0.0,1,21,4,0.0,0.0,0,0,0,0.0,0,0,0.0,0,0,0.0,0.0,0,0,0,0,0,1.0,1.0,0.0,0.0,1.0,1.0,1.0,0.0,0.0,255.0,1.0,0.0,0.5,1.0,0.0,0.0,0.0,1.0,1.0,0
36674.0,1,21,4,1.0,0.0,0,0,0,0.0,0,0,0.0,0,0,0.0,0.0,0,0,0,0,0,2.0,2.0,0.0,0.0,1.0,1.0,1.0,0.0,0.0,255.0,2.0,0.01,0.5,1.0,0.0,0.0,0.0,1.0,1.0,0
36570.0,1,21,4,1.0,0.0,0,0,0,0.0,0,0,0.0,0,0,0.0,0.0,0,0,0,0,0,2.0,2.0,0.0,0.0,1.0,1.0,1.0,0.0,0.0,255.0,2.0,0.01,0.5,1.0,0.0,0.0,0.0,1.0,1.0,0
36467.0,1,21,4,1.0,0.0,0,0,0,0.0,0,0,0.0,0,0,0.0,0.0,0,0,0,0,0,2.0,2.0,0.0,0.0,1.0,1.0,1.0,0.0,0.0,255.0,2.0,0.01,0.5,1.0,0.0,0.0,0.0,1.0,1.0,0
36204.0,1,21,4,1.0,0.0,0,0,0,0.0,0,0,0.0,0,0,0.0,0.0,0,0,0,0,0,2.0,2.0,0.0,0.0,1.0,1.0,1.0,0.0,0.0,255.0,2.0,0.01,0.5,1.0,0.0,0.0,0.0,1.0,1.0,0
0.0,1,21,4,0.0,0.0,0,0,0,0.0,0,0,0.0,0,0,0.0,0.0,0,0,0,0,0,1.0,1.0,0.0,0.0,1.0,1.0,1.0,0.0,0.0,255.0,1.0,0.0,0.51,1.0,0.0,0.0,0.0,1.0,1.0,0
0.0,1,21,4,0.0,0.0,0,0,0,0.0,0,0,0.0,0,0,0.0,0.0,0,0,0,0,0,1.0,1.0,0.0,0.0,1.0,1.0,1.0,0.0,0.0,255.0,1.0,0.0,0.53,1.0,0.0,0.0,0.0,1.0,1.0,0
0.0,1,21,4,0.0,0.0,0,0,0,0.0,0,0,0.0,0,0,0.0,0.0,0,0,0,0,0,1.0,1.0,0.0,0.0,1.0,1.0,1.0,0.0,0.0,255.0,1.0,0.0,0.55,1.0,0.0,0.0,0.0,1.0,1.0,0
0.0,1,21,4,0.0,0.0,0,0,0,0.0,0,0,0.0,0,0,0.0,0.0,0,0,0,0,0,1.0,1.0,0.0,0.0,1.0,1.0,1.0,0.0,0.0,255.0,1.0,0.0,0.57,1.0,0.0,0.0,0.0,1.0,1.0,0
0.0,1,21,4,0.0,0.0,0,0,0,0.0,0,0,0.0,0,0,0.0,0.0,0,0,0,0,0,1.0,1.0,0.0,0.0,1.0,1.0,1.0,0.0,0.0,255.0,1.0,0.0,0.59,1.0,0.0,0.0,0.0,1.0,1.0,0
0.0,1,21,4,0.0,0.0,0,0,0,0.0,0,0,0.0,0,0,0.0,0.0,0,0,0,0,0,1.0,1.0,0.0,0.0,1.0,1.0,1.0,0.0,0.0,255.0,1.0,0.0,0.61,1.0,0.0,0.0,0.0,1.0,1.0,0
0.0,1,21,4,0.0,0.0,0,0,0,0.0,0,0,0.0,0,0,0.0,0.0,0,0,0,0,0,1.0,1.0,0.0,0.0,1.0,1.0,1.0,0.0,0.0,255.0,1.0,0.0,0.63,1.0,0.0,0.0,0.0,1.0,1.0,0
0.0,1,21,4,0.0,0.0,0,0,0,0.0,0,0,0.0,0,0,0.0,0.0,0,0,0,0,0,1.0,1.0,0.0,0.0,1.0,1.0,1.0,0.0,0.0,255.0,1.0,0.0,0.65,1.0,0.0,0.0,0.0,1.0,1.0,0
0.0,1,21,4,0.0,0.0,0,0,0,0.0,0,0,0.0,0,0,0.0,0.0,0,0,0,0,0,1.0,1.0,0.0,0.0,1.0,1.0,1.0,0.0,0.0,255.0,1.0,0.0,0.67,1.0,0.0,0.0,0.0,1.0,1.0,0
0.0,1,21,4,0.0,0.0,0,0,0,0.0,0,0,0.0,0,0,0.0,0.0,0,0,0,0,0,1.0,1.0,0.0,0.0,1.0,1.0,1.0,0.0,0.0,255.0,1.0,0.0,0.69,1.0,0.0,0.0,0.0,1.0,1.0,0
0.0,1,21,4,0.0,0.0,0,0,0,0.0,0,0,0.0,0,0,0.0,0.0,0,0,0,0,0,1.0,1.0,0.0,0.0,1.0,1.0,1.0,0.0,0.0,255.0,1.0,0.0,0.71,1.0,0.0,0.0,0.0,1.0,1.0,0
0.0,1,21,4,0.0,0.0,0,0,0,0.0,0,0,0.0,0,0,0.0,0.0,0,0,0,0,0,1.0,1.0,0.0,0.0,1.0,1.0,1.0,0.0,0.0,255.0,1.0,0.0,0.73,1.0,0.0,0.0,0.0,1.0,1.0,0
0.0,1,21,4,0.0,0.0,0,0,0,0.0,0,0,0.0,0,0,0.0,0.0,0,0,0,0,0,1.0,1.0,0.0,0.0,1.0,1.0,1.0,0.0,0.0,255.0,1.0,0.0,0.75,1.0,0.0,0.0,0.0,1.0,1.0,0
0.0,1,21,4,0.0,0.0,0,0,0,0.0,0,0,0.0,0,0,0.0,0.0,0,0,0,0,0,1.0,1.0,0.0,0.0,1.0,1.0,1.0,0.0,0.0,255.0,1.0,0.0,0.77,1.0,0.0,0.0,0.0,1.0,1.0,0
0.0,1,21,4,0.0,0.0,0,0,0,0.0,0,0,0.0,0,0,0.0,0.0,0,0,0,0,0,1.0,1.0,0.0,0.0,1.0,1.0,1.0,0.0,0.0,255.0,1.0,0.0,0.79,1.0,0.0,0.0,0.0,1.0,1.0,0
0.0,1,21,4,0.0,0.0,0,0,0,0.0,0,0,0.0,0,0,0.0,0.0,0,0,0,0,0,1.0,1.0,0.0,0.0,1.0,1.0,1.0,0.0,0.0,255.0,1.0,0.0,0.81,1.0,0.0,0.0,0.0,1.0,1.0,0
4.0,1,21,4,0.0,0.0,0,0,0,0.0,0,0,0.0,0,0,0.0,0.0,0,0,0,0,0,1.0,1.0,0.0,0.0,1.0,1.0,1.0,0.0,0.0,255.0,1.0,0.0,0.81,1.0,0.0,0.0,0.0,1.0,1.0,0
31925.0,1,21,4,1.0,0.0,0,0,0,0.0,0,0,0.0,0,0,0.0,0.0,0,0,0,0,0,2.0,2.0,0.0,0.0,1.0,1.0,1.0,0.0,0.0,255.0,2.0,0.01,0.82,1.0,0.0,0.0,0.0,1.0,1.0,0
31809.0,1,21,4,1.0,0.0,0,0,0,0.0,0,0,0.0,0,0,0.0,0.0,0,0,0,0,0,2.0,2.0,0.0,0.0,1.0,1.0,1.0,0.0,0.0,255.0,2.0,0.01,0.82,1.0,0.0,0.0,0.0,1.0,1.0,0
31709.0,1,21,4,1.0,0.0,0,0,0,0.0,0,0,0.0,0,0,0.0,0.0,0,0,0,0,0,2.0,2.0,0.0,0.0,1.0,1.0,1.0,0.0,0.0,255.0,2.0,0.01,0.82,1.0,0.0,0.0,0.0,1.0,1.0,0
31601.0,1,21,4,1.0,0.0,0,0,0,0.0,0,0,0.0,0,0,0.0,0.0,0,0,0,0,0,2.0,2.0,0.0,0.0,1.0,1.0,1.0,0.0,0.0,255.0,2.0,0.01,0.82,1.0,0.0,0.0,0.0,1.0,1.0,0
31501.0,1,21,4,1.0,0.0,0,0,0,0.0,0,0,0.0,0,0,0.0,0.0,0,0,0,0,0,2.0,2.0,0.0,0.0,1.0,1.0,1.0,0.0,0.0,255.0,2.0,0.01,0.82,1.0,0.0,0.0,0.0,1.0,1.0,0
31301.0,1,21,4,1.0,0.0,0,0,0,0.0,0,0,0.0,0,0,0.0,0.0,0,0,0,0,0,2.0,2.0,0.0,0.0,1.0,1.0,1.0,0.0,0.0,255.0,2.0,0.01,0.82,1.0,0.0,0.0,0.0,1.0,1.0,0
31194.0,1,21,4,1.0,0.0,0,0,0,0.0,0,0,0.0,0,0,0.0,0.0,0,0,0,0,0,2.0,2.0,0.0,0.0,1.0,1.0,1.0,0.0,0.0,255.0,2.0,0.01,0.8,1.0,0.0,0.0,0.0,1.0,1.0,0
31061.0,1,21,4,1.0,0.0,0,0,0,0.0,0,0,0.0,0,0,0.0,0.0,0,0,0,0,0,2.0,2.0,0.0,0.0,1.0,1.0,1.0,0.0,0.0,255.0,2.0,0.01,0.78,1.0,0.0,0.0,0.0,1.0,1.0,0
30935.0,1,20,4,1.0,0.0,0,0,0,0.0,0,0,0.0,0,0,0.0,0.0,0,0,0,0,0,2.0,2.0,0.0,0.0,1.0,1.0,1.0,0.0,0.0,255.0,2.0,0.01,0.76,1.0,0.0,0.0,0.0,1.0,1.0,0
30835.0,1,6,4,1.0,0.0,0,0,0,0.0,0,0,0.0,0,0,0.0,0.0,0,0,0,0,0,2.0,2.0,0.0,0.0,1.0,1.0,1.0,0.0,0.0,255.0,2.0,0.01,0.75,1.0,0.0,0.0,0.0,1.0,1.0,0
30735.0,1,21,4,1.0,0.0,0,0,0,0.0,0,0,0.0,0,0,0.0,0.0,0,0,0,0,0,2.0,2.0,0.0,0.0,1.0,1.0,1.0,0.0,0.0,255.0,2.0,0.01,0.74,1.0,0.0,0.0,0.0,1.0,1.0,0
30619.0,1,1,4,1.0,0.0,0,0,0,0.0,0,0,0.0,0,0,0.0,0.0,0,0,0,0,0,2.0,2.0,0.0,0.0,1.0,1.0,1.0,0.0,0.0,255.0,2.0,0.01,0.72,1.0,0.0,0.0,0.0,1.0,1.0,0
30518.0,1,21,4,1.0,0.0,0,0,0,0.0,0,0,0.0,0,0,0.0,0.0,0,0,0,0,0,2.0,2.0,0.0,0.0,1.0,1.0,1.0,0.0,0.0,255.0,2.0,0.01,0.7,1.0,0.0,0.0,0.0,1.0,1.0,0
30418.0,1,31,4,1.0,0.0,0,0,0,0.0,0,0,0.0,0,0,0.0,0.0,0,0,0,0,0,2.0,2.0,0.0,0.0,1.0,1.0,1.0,0.0,0.0,255.0,2.0,0.01,0.68,1.0,0.0,0.0,0.0,1.0,1.0,0
30317.0,1,21,4,1.0,0.0,0,0,0,0.0,0,0,0.0,0,0,0.0,0.0,0,0,0,0,0,2.0,2.0,0.0,0.0,1.0,1.0,1.0,0.0,0.0,255.0,2.0,0.01,0.66,1.0,0.0,0.0,0.0,1.0,1.0,0
30217.0,1,21,4,1.0,0.0,0,0,0,0.0,0,0,0.0,0,0,0.0,0.0,0,0,0,0,0,2.0,2.0,0.0,0.0,1.0,1.0,1.0,0.0,0.0,255.0,2.0,0.01,0.64,1.0,0.0,0.0,0.0,1.0,1.0,0
30077.0,1,21,4,1.0,0.0,0,0,0,0.0,0,0,0.0,0,0,0.0,0.0,0,0,0,0,0,2.0,2.0,0.0,0.0,1.0,1.0,1.0,0.0,0.0,255.0,2.0,0.01,0.63,1.0,0.0,0.0,0.0,1.0,1.0,0
0.0,1,21,4,0.0,0.0,0,0,0,0.0,0,0,0.0,0,0,0.0,0.0,0,0,0,0,0,1.0,1.0,0.0,0.0,1.0,1.0,1.0,0.0,0.0,255.0,1.0,0.0,0.62,1.0,0.0,0.0,0.0,1.0,1.0,0
0.0,1,21,4,0.0,0.0,0,0,0,0.0,0,0,0.0,0,0,0.0,0.0,0,0,0,0,0,1.0,1.0,0.0,0.0,1.0,1.0,1.0,0.0,0.0,255.0,1.0,0.0,0.62,1.0,0.0,0.0,0.0,1.0,1.0,0
0.0,1,21,4,0.0,0.0,0,0,0,0.0,0,0,0.0,0,0,0.0,0.0,0,0,0,0,0,1.0,1.0,0.0,0.0,1.0,1.0,1.0,0.0,0.0,255.0,1.0,0.0,0.62,1.0,0.0,0.0,0.0,1.0,1.0,0
0.0,1,21,4,0.0,0.0,0,0,0,0.0,0,0,0.0,0,0,0.0,0.0,0,0,0,0,0,1.0,1.0,0.0,0.0,1.0,1.0,1.0,0.0,0.0,255.0,1.0,0.0,0.62,1.0,0.0,0.0,0.0,1.0,1.0,0
0.0,1,21,4,0.0,0.0,0,0,0,0.0,0,0,0.0,0,0,0.0,0.0,0,0,0,0,0,1.0,1.0,0.0,0.0,1.0,1.0,1.0,0.0,0.0,255.0,1.0,0.0,0.62,1.0,0.0,0.0,0.0,1.0,1.0,0
0.0,1,21,4,0.0,0.0,0,0,0,0.0,0,0,0.0,0,0,0.0,0.0,0,0,0,0,0,1.0,1.0,0.0,0.0,1.0,1.0,1.0,0.0,0.0,255.0,1.0,0.0,0.63,1.0,0.0,0.0,0.0,1.0,1.0,0
0.0,1,21,4,0.0,0.0,0,0,0,0.0,0,0,0.0,0,0,0.0,0.0,0,0,0,0,0,1.0,1.0,0.0,0.0,1.0,1.0,1.0,0.0,0.0,255.0,1.0,0.0,0.66,1.0,0.0,0.0,0.0,1.0,1.0,0
0.0,1,21,4,0.0,0.0,0,0,0,0.0,0,0,0.0,0,0,0.0,0.0,0,0,0,0,0,1.0,1.0,0.0,0.0,1.0,1.0,1.0,0.0,0.0,255.0,1.0,0.0,0.68,1.0,0.0,0.0,0.0,1.0,1.0,0
0.0,1,21,4,0.0,0.0,0,0,0,0.0,0,0,0.0,0,0,0.0,0.0,0,0,0,0,0,1.0,1.0,0.0,0.0,1.0,1.0,1.0,0.0,0.0,255.0,1.0,0.0,0.7,1.0,0.0,0.0,0.0,1.0,1.0,0
0.0,1,21,4,0.0,0.0,0,0,0,0.0,0,0,0.0,0,0,0.0,0.0,0,0,0,0,0,1.0,1.0,0.0,0.0,1.0,1.0,1.0,0.0,0.0,255.0,1.0,0.0,0.72,1.0,0.0,0.0,0.0,1.0,1.0,0
0.0,1,21,4,0.0,0.0,0,0,0,0.0,0,0,0.0,0,0,0.0,0.0,0,0,0,0,0,1.0,1.0,0.0,0.0,1.0,1.0,1.0,0.0,0.0,255.0,1.0,0.0,0.73,1.0,0.0,0.0,0.0,1.0,1.0,0
0.0,1,21,4,0.0,0.0,0,0,0,0.0,0,0,0.0,0,0,0.0,0.0,0,0,0,0,0,1.0,1.0,0.0,0.0,1.0,1.0,1.0,0.0,0.0,255.0,1.0,0.0,0.74,1.0,0.0,0.0,0.0,1.0,1.0,0
0.0,1,21,4,0.0,0.0,0,0,0,0.0,0,0,0.0,0,0,0.0,0.0,0,0,0,0,0,1.0,1.0,0.0,0.0,1.0,1.0,1.0,0.0,0.0,255.0,1.0,0.0,0.74,1.0,0.0,0.0,0.0,1.0,1.0,0
0.0,1,21,4,0.0,0.0,0,0,0,0.0,0,0,0.0,0,0,0.0,0.0,0,0,0,0,0,1.0,1.0,0.0,0.0,1.0,1.0,1.0,0.0,0.0,255.0,1.0,0.0,0.74,1.0,0.0,0.0,0.0,1.0,1.0,0
0.0,1,21,4,0.0,0.0,0,0,0,0.0,0,0,0.0,0,0,0.0,0.0,0,0,0,0,0,1.0,1.0,0.0,0.0,1.0,1.0,1.0,0.0,0.0,255.0,1.0,0.0,0.74,1.0,0.0,0.0,0.0,1.0,1.0,0
0.0,1,21,4,0.0,0.0,0,0,0,0.0,0,0,0.0,0,0,0.0,0.0,0,0,0,0,0,1.0,1.0,0.0,0.0,1.0,1.0,1.0,0.0,0.0,255.0,1.0,0.0,0.74,1.0,0.0,0.0,0.0,1.0,1.0,0
0.0,1,21,4,0.0,0.0,0,0,0,0.0,0,0,0.0,0,0,0.0,0.0,0,0,0,0,0,1.0,1.0,0.0,0.0,1.0,1.0,1.0,0.0,0.0,255.0,1.0,0.0,0.74,1.0,0.0,0.0,0.0,1.0,1.0,0
0.0,1,21,4,0.0,0.0,0,0,0,0.0,0,0,0.0,0,0,0.0,0.0,0,0,0,0,0,1.0,1.0,0.0,0.0,1.0,1.0,1.0,0.0,0.0,255.0,1.0,0.0,0.74,1.0,0.0,0.0,0.0,1.0,1.0,0
0.0,1,21,4,0.0,0.0,0,0,0,0.0,0,0,0.0,0,0,0.0,0.0,0,0,0,0,0,1.0,1.0,0.0,0.0,1.0,1.0,1.0,0.0,0.0,255.0,1.0,0.0,0.74,1.0,0.0,0.0,0.0,1.0,1.0,0
0.0,1,21,4,0.0,0.0,0,0,0,0.0,0,0,0.0,0,0,0.0,0.0,0,0,0,0,0,1.0,1.0,0.0,0.0,1.0,1.0,1.0,0.0,0.0,255.0,1.0,0.0,0.74,1.0,0.0,0.0,0.0,1.0,1.0,0
0.0,1,21,4,0.0,0.0,0,0,0,0.0,0,0,0.0,0,0,0.0,0.0,0,0,0,0,0,1.0,1.0,0.0,0.0,1.0,1.0,1.0,0.0,0.0,255.0,1.0,0.0,0.74,1.0,0.0,0.0,0.0,1.0,1.0,0
0.0,1,21,4,0.0,0.0,0,0,0,0.0,0,0,0.0,0,0,0.0,0.0,0,0,0,0,0,1.0,1.0,0.0,0.0,1.0,1.0,1.0,0.0,0.0,255.0,1.0,0.0,0.74,1.0,0.0,0.0,0.0,1.0,1.0,0
0.0,1,21,4,0.0,0.0,0,0,0,0.0,0,0,0.0,0,0,0.0,0.0,0,0,0,0,0,1.0,1.0,0.0,0.0,1.0,1.0,1.0,0.0,0.0,255.0,1.0,0.0,0.74,1.0,0.0,0.0,0.0,1.0,1.0,0
0.0,1,21,4,0.0,0.0,0,0,0,0.0,0,0,0.0,0,0,0.0,0.0,0,0,0,0,0,1.0,1.0,0.0,0.0,1.0,1.0,1.0,0.0,0.0,255.0,1.0,0.0,0.73,1.0,0.0,0.0,0.0,1.0,1.0,0
0.0,1,21,4,0.0,0.0,0,0,0,0.0,0,0,0.0,0,0,0.0,0.0,0,0,0,0,0,1.0,1.0,0.0,0.0,1.0,1.0,1.0,0.0,0.0,255.0,1.0,0.0,0.73,1.0,0.0,0.0,0.0,1.0,1.0,0
0.0,1,21,4,0.0,0.0,0,0,0,0.0,0,0,0.0,0,0,0.0,0.0,0,0,0,0,0,1.0,1.0,0.0,0.0,1.0,1.0,1.0,0.0,0.0,255.0,1.0,0.0,0.71,1.0,0.0,0.0,0.0,1.0,1.0,0
0.0,1,21,4,0.0,0.0,0,0,0,0.0,0,0,0.0,0,0,0.0,0.0,0,0,0,0,0,1.0,1.0,0.0,0.0,1.0,1.0,1.0,0.0,0.0,255.0,1.0,0.0,0.69,1.0,0.0,0.0,0.0,1.0,1.0,0
0.0,1,21,4,0.0,0.0,0,0,0,0.0,0,0,0.0,0,0,0.0,0.0,0,0,0,0,0,1.0,1.0,0.0,0.0,1.0,1.0,1.0,0.0,0.0,255.0,1.0,0.0,0.67,1.0,0.0,0.0,0.0,1.0,1.0,0
0.0,1,21,4,0.0,0.0,0,0,0,0.0,0,0,0.0,0,0,0.0,0.0,0,0,0,0,0,1.0,1.0,0.0,0.0,1.0,1.0,1.0,0.0,0.0,255.0,1.0,0.0,0.65,1.0,0.0,0.0,0.0,1.0,1.0,0
0.0,1,21,4,0.0,0.0,0,0,0,0.0,0,0,0.0,0,0,0.0,0.0,0,0,0,0,0,1.0,1.0,0.0,0.0,1.0,1.0,1.0,0.0,0.0,255.0,1.0,0.0,0.64,1.0,0.0,0.0,0.0,1.0,1.0,0
0.0,1,21,4,0.0,0.0,0,0,0,0.0,0,0,0.0,0,0,0.0,0.0,0,0,0,0,0,1.0,1.0,0.0,0.0,1.0,1.0,1.0,0.0,0.0,255.0,1.0,0.0,0.62,1.0,0.0,0.0,0.0,1.0,1.0,0
0.0,1,21,4,0.0,0.0,0,0,0,0.0,0,0,0.0,0,0,0.0,0.0,0,0,0,0,0,1.0,1.0,0.0,0.0,1.0,1.0,1.0,0.0,0.0,255.0,1.0,0.0,0.62,1.0,0.0,0.0,0.0,1.0,1.0,0
0.0,1,21,4,0.0,0.0,0,0,0,0.0,0,0,0.0,0,0,0.0,0.0,0,0,0,0,0,1.0,1.0,0.0,0.0,1.0,1.0,1.0,0.0,0.0,255.0,1.0,0.0,0.62,1.0,0.0,0.0,0.0,1.0,1.0,0
0.0,1,21,4,0.0,0.0,0,0,0,0.0,0,0,0.0,0,0,0.0,0.0,0,0,0,0,0,1.0,1.0,0.0,0.0,1.0,1.0,1.0,0.0,0.0,255.0,1.0,0.0,0.62,1.0,0.0,0.0,0.0,1.0,1.0,0
0.0,1,21,4,0.0,0.0,0,0,0,0.0,0,0,0.0,0,0,0.0,0.0,0,0,0,0,0,1.0,1.0,0.0,0.0,1.0,1.0,1.0,0.0,0.0,255.0,1.0,0.0,0.62,1.0,0.0,0.0,0.0,1.0,1.0,0
0.0,1,21,4,0.0,0.0,0,0,0,0.0,0,0,0.0,0,0,0.0,0.0,0,0,0,0,0,1.0,1.0,0.0,0.0,1.0,1.0,1.0,0.0,0.0,255.0,1.0,0.0,0.64,1.0,0.0,0.0,0.0,1.0,1.0,0
0.0,1,21,4,0.0,0.0,0,0,0,0.0,0,0,0.0,0,0,0.0,0.0,0,0,0,0,0,1.0,1.0,0.0,0.0,1.0,1.0,1.0,0.0,0.0,255.0,1.0,0.0,0.65,1.0,0.0,0.0,0.0,1.0,1.0,0
0.0,1,21,4,0.0,0.0,0,0,0,0.0,0,0,0.0,0,0,0.0,0.0,0,0,0,0,0,1.0,1.0,0.0,0.0,1.0,1.0,1.0,0.0,0.0,255.0,1.0,0.0,0.67,1.0,0.0,0.0,0.0,1.0,1.0,0
0.0,1,21,4,0.0,0.0,0,0,0,0.0,0,0,0.0,0,0,0.0,0.0,0,0,0,0,0,1.0,1.0,0.0,0.0,1.0,1.0,1.0,0.0,0.0,255.0,1.0,0.0,0.69,1.0,0.0,0.0,0.0,1.0,1.0,0
0.0,1,21,4,0.0,0.0,0,0,0,0.0,0,0,0.0,0,0,0.0,0.0,0,0,0,0,0,1.0,1.0,0.0,0.0,1.0,1.0,1.0,0.0,0.0,255.0,1.0,0.0,0.71,1.0,0.0,0.0,0.0,1.0,1.0,0
0.0,1,21,4,0.0,0.0,0,0,0,0.0,0,0,0.0,0,0,0.0,0.0,0,0,0,0,0,1.0,1.0,0.0,0.0,1.0,1.0,1.0,0.0,0.0,255.0,1.0,0.0,0.73,1.0,0.0,0.0,0.0,1.0,1.0,0
22921.0,1,21,4,1.0,0.0,0,0,0,0.0,0,0,0.0,0,0,0.0,0.0,0,0,0,0,0,2.0,2.0,0.0,0.0,1.0,1.0,1.0,0.0,0.0,255.0,2.0,0.01,0.73,1.0,0.0,0.0,0.0,1.0,1.0,0
22821.0,1,21,4,1.0,0.0,0,0,0,0.0,0,0,0.0,0,0,0.0,0.0,0,0,0,0,0,2.0,2.0,0.0,0.0,1.0,1.0,1.0,0.0,0.0,255.0,2.0,0.01,0.73,1.0,0.0,0.0,0.0,1.0,1.0,0
22721.0,1,21,4,1.0,0.0,0,0,0,0.0,0,0,0.0,0,0,0.0,0.0,0,0,0,0,0,2.0,2.0,0.0,0.0,1.0,1.0,1.0,0.0,0.0,255.0,2.0,0.01,0.73,1.0,0.0,0.0,0.0,1.0,1.0,0
22616.0,1,21,4,1.0,0.0,0,0,0,0.0,0,0,0.0,0,0,0.0,0.0,0,0,0,0,0,2.0,2.0,0.0,0.0,1.0,1.0,1.0,0.0,0.0,255.0,2.0,0.01,0.73,1.0,0.0,0.0,0.0,1.0,1.0,0
22516.0,1,21,4,1.0,0.0,0,0,0,0.0,0,0,0.0,0,0,0.0,0.0,0,0,0,0,0,2.0,2.0,0.0,0.0,1.0,1.0,1.0,0.0,0.0,255.0,2.0,0.01,0.73,1.0,0.0,0.0,0.0,1.0,1.0,0
22216.0,1,21,4,1.0,0.0,0,0,0,0.0,0,0,0.0,0,0,0.0,0.0,0,0,0,0,0,2.0,2.0,0.0,0.0,1.0,1.0,1.0,0.0,0.0,255.0,2.0,0.01,0.73,1.0,0.0,0.0,0.0,1.0,1.0,0
3.0,1,21,4,0.0,0.0,0,0,0,0.0,0,0,0.0,0,0,0.0,0.0,0,0,0,0,0,2.0,2.0,0.0,0.0,1.0,1.0,1.0,0.0,0.0,255.0,2.0,0.01,0.73,1.0,0.0,0.0,0.0,1.0,1.0,0
21987.0,1,21,4,1.0,0.0,0,0,0,0.0,0,0,0.0,0,0,0.0,0.0,0,0,0,0,0,2.0,2.0,0.0,0.0,1.0,1.0,1.0,0.0,0.0,255.0,2.0,0.01,0.73,1.0,0.0,0.0,0.0,1.0,1.0,0
21887.0,1,21,4,1.0,0.0,0,0,0,0.0,0,0,0.0,0,0,0.0,0.0,0,0,0,0,0,2.0,2.0,0.0,0.0,1.0,1.0,1.0,0.0,0.0,255.0,2.0,0.01,0.73,1.0,0.0,0.0,0.0,1.0,1.0,0
21767.0,1,21,4,1.0,0.0,0,0,0,0.0,0,0,0.0,0,0,0.0,0.0,0,0,0,0,0,2.0,2.0,0.0,0.0,1.0,1.0,1.0,0.0,0.0,255.0,2.0,0.01,0.73,1.0,0.0,0.0,0.0,1.0,1.0,0
21661.0,1,21,4,1.0,0.0,0,0,0,0.0,0,0,0.0,0,0,0.0,0.0,0,0,0,0,0,2.0,2.0,0.0,0.0,1.0,1.0,1.0,0.0,0.0,255.0,2.0,0.01,0.73,1.0,0.0,0.0,0.0,1.0,1.0,0
21455.0,1,21,4,1.0,0.0,0,0,0,0.0,0,0,0.0,0,0,0.0,0.0,0,0,0,0,0,2.0,2.0,0.0,0.0,1.0,1.0,1.0,0.0,0.0,255.0,2.0,0.01,0.69,1.0,0.0,0.0,0.0,1.0,1.0,0
21334.0,1,21,4,1.0,0.0,0,0,0,0.0,0,0,0.0,0,0,0.0,0.0,0,0,0,0,0,2.0,2.0,0.0,0.0,1.0,1.0,1.0,0.0,0.0,255.0,2.0,0.01,0.67,1.0,0.0,0.0,0.0,1.0,1.0,0
21223.0,1,21,4,1.0,0.0,0,0,0,0.0,0,0,0.0,0,0,0.0,0.0,0,0,0,0,0,2.0,2.0,0.0,0.0,1.0,1.0,1.0,0.0,0.0,255.0,2.0,0.01,0.65,1.0,0.0,0.0,0.0,1.0,1.0,0
21123.0,1,21,4,1.0,0.0,0,0,0,0.0,0,0,0.0,0,0,0.0,0.0,0,0,0,0,0,2.0,2.0,0.0,0.0,1.0,1.0,1.0,0.0,0.0,255.0,2.0,0.01,0.64,1.0,0.0,0.0,0.0,1.0,1.0,0
20983.0,1,21,4,1.0,0.0,0,0,0,0.0,0,0,0.0,0,0,0.0,0.0,0,0,0,0,0,2.0,2.0,0.0,0.0,1.0,1.0,1.0,0.0,0.0,255.0,2.0,0.01,0.62,1.0,0.0,0.0,0.0,1.0,1.0,0
0.0,1,21,4,0.0,0.0,0,0,0,0.0,0,0,0.0,0,0,0.0,0.0,0,0,0,0,0,1.0,1.0,0.0,0.0,1.0,1.0,1.0,0.0,0.0,255.0,1.0,0.0,0.62,1.0,0.0,0.0,0.0,1.0,1.0,0
0.0,1,21,4,0.0,0.0,0,0,0,0.0,0,0,0.0,0,0,0.0,0.0,0,0,0,0,0,1.0,1.0,0.0,0.0,1.0,1.0,1.0,0.0,0.0,255.0,1.0,0.0,0.62,1.0,0.0,0.0,0.0,1.0,1.0,0
0.0,1,18,4,0.0,0.0,0,0,0,0.0,0,0,0.0,0,0,0.0,0.0,0,0,0,0,0,1.0,1.0,0.0,0.0,1.0,1.0,1.0,0.0,0.0,255.0,1.0,0.0,0.62,1.0,0.0,0.0,0.0,1.0,1.0,0
0.0,1,18,4,0.0,0.0,0,0,0,0.0,0,0,0.0,0,0,0.0,0.0,0,0,0,0,0,1.0,1.0,0.0,0.0,1.0,1.0,1.0,0.0,0.0,255.0,1.0,0.0,0.62,1.0,0.0,0.0,0.0,1.0,1.0,0
0.0,1,18,4,0.0,0.0,0,0,0,0.0,0,0,0.0,0,0,0.0,0.0,0,0,0,0,0,1.0,1.0,0.0,0.0,1.0,1.0,1.0,0.0,0.0,255.0,1.0,0.0,0.63,1.0,0.0,0.0,0.0,1.0,1.0,0
0.0,1,18,4,0.0,0.0,0,0,0,0.0,0,0,0.0,0,0,0.0,0.0,0,0,0,0,0,1.0,1.0,0.0,0.0,1.0,1.0,1.0,0.0,0.0,255.0,1.0,0.0,0.64,1.0,0.0,0.0,0.0,1.0,1.0,0
0.0,1,18,4,0.0,0.0,0,0,0,0.0,0,0,0.0,0,0,0.0,0.0,0,0,0,0,0,1.0,1.0,0.0,0.0,1.0,1.0,1.0,0.0,0.0,255.0,1.0,0.0,0.66,1.0,0.0,0.0,0.0,1.0,1.0,0
0.0,1,18,4,0.0,0.0,0,0,0,0.0,0,0,0.0,0,0,0.0,0.0,0,0,0,0,0,1.0,1.0,0.0,0.0,1.0,1.0,1.0,0.0,0.0,255.0,1.0,0.0,0.7,1.0,0.0,0.0,0.0,1.0,1.0,0
0.0,1,18,4,0.0,0.0,0,0,0,0.0,0,0,0.0,0,0,0.0,0.0,0,0,0,0,0,1.0,1.0,0.0,0.0,1.0,1.0,1.0,0.0,0.0,255.0,1.0,0.0,0.72,1.0,0.0,0.0,0.0,1.0,1.0,0
0.0,1,18,4,0.0,0.0,0,0,0,0.0,0,0,0.0,0,0,0.0,0.0,0,0,0,0,0,1.0,1.0,0.0,0.0,1.0,1.0,1.0,0.0,0.0,255.0,1.0,0.0,0.73,1.0,0.0,0.0,0.0,1.0,1.0,0
0.0,1,18,4,0.0,0.0,0,0,0,0.0,0,0,0.0,0,0,0.0,0.0,0,0,0,0,0,1.0,1.0,0.0,0.0,1.0,1.0,1.0,0.0,0.0,255.0,1.0,0.0,0.73,1.0,0.0,0.0,0.0,1.0,1.0,0
0.0,1,18,4,0.0,0.0,0,0,0,0.0,0,0,0.0,0,0,0.0,0.0,0,0,0,0,0,1.0,1.0,0.0,0.0,1.0,1.0,1.0,0.0,0.0,255.0,1.0,0.0,0.73,1.0,0.0,0.0,0.0,1.0,1.0,0
0.0,1,18,4,0.0,0.0,0,0,0,0.0,0,0,0.0,0,0,0.0,0.0,0,0,0,0,0,1.0,1.0,0.0,0.0,1.0,1.0,1.0,0.0,0.0,255.0,1.0,0.0,0.73,1.0,0.0,0.0,0.0,1.0,1.0,0
0.0,1,18,4,0.0,0.0,0,0,0,0.0,0,0,0.0,0,0,0.0,0.0,0,0,0,0,0,1.0,1.0,0.0,0.0,1.0,1.0,1.0,0.0,0.0,255.0,1.0,0.0,0.73,1.0,0.0,0.0,0.0,1.0,1.0,0
0.0,1,18,4,0.0,0.0,0,0,0,0.0,0,0,0.0,0,0,0.0,0.0,0,0,0,0,0,1.0,1.0,0.0,0.0,1.0,1.0,1.0,0.0,0.0,255.0,1.0,0.0,0.73,1.0,0.0,0.0,0.0,1.0,1.0,0
0.0,1,18,4,0.0,0.0,0,0,0,0.0,0,0,0.0,0,0,0.0,0.0,0,0,0,0,0,1.0,1.0,0.0,0.0,1.0,1.0,1.0,0.0,0.0,255.0,1.0,0.0,0.73,1.0,0.0,0.0,0.0,1.0,1.0,0
0.0,1,18,4,0.0,0.0,0,0,0,0.0,0,0,0.0,0,0,0.0,0.0,0,0,0,0,0,1.0,1.0,0.0,0.0,1.0,1.0,1.0,0.0,0.0,255.0,1.0,0.0,0.73,1.0,0.0,0.0,0.0,1.0,1.0,0
0.0,1,18,4,0.0,0.0,0,0,0,0.0,0,0,0.0,0,0,0.0,0.0,0,0,0,0,0,1.0,1.0,0.0,0.0,1.0,1.0,1.0,0.0,0.0,255.0,1.0,0.0,0.73,1.0,0.0,0.0,0.0,1.0,1.0,0
0.0,1,18,4,0.0,0.0,0,0,0,0.0,0,0,0.0,0,0,0.0,0.0,0,0,0,0,0,1.0,1.0,0.0,0.0,1.0,1.0,1.0,0.0,0.0,255.0,1.0,0.0,0.73,1.0,0.0,0.0,0.0,1.0,1.0,0
0.0,1,18,4,0.0,0.0,0,0,0,0.0,0,0,0.0,0,0,0.0,0.0,0,0,0,0,0,1.0,1.0,0.0,0.0,1.0,1.0,1.0,0.0,0.0,255.0,1.0,0.0,0.7,1.0,0.0,0.0,0.0,1.0,1.0,0
0.0,1,18,4,0.0,0.0,0,0,0,0.0,0,0,0.0,0,0,0.0,0.0,0,0,0,0,0,1.0,1.0,0.0,0.0,1.0,1.0,1.0,0.0,0.0,255.0,1.0,0.0,0.68,1.0,0.0,0.0,0.0,1.0,1.0,0
0.0,1,18,4,0.0,0.0,0,0,0,0.0,0,0,0.0,0,0,0.0,0.0,0,0,0,0,0,1.0,1.0,0.0,0.0,1.0,1.0,1.0,0.0,0.0,255.0,1.0,0.0,0.66,1.0,0.0,0.0,0.0,1.0,1.0,0
0.0,1,18,4,0.0,0.0,0,0,0,0.0,0,0,0.0,0,0,0.0,0.0,0,0,0,0,0,1.0,1.0,0.0,0.0,1.0,1.0,1.0,0.0,0.0,255.0,1.0,0.0,0.63,1.0,0.0,0.0,0.0,1.0,1.0,0
0.0,1,18,4,0.0,0.0,0,0,0,0.0,0,0,0.0,0,0,0.0,0.0,0,0,0,0,0,1.0,1.0,0.0,0.0,1.0,1.0,1.0,0.0,0.0,255.0,1.0,0.0,0.62,1.0,0.0,0.0,0.0,1.0,1.0,0
0.0,1,18,4,0.0,0.0,0,0,0,0.0,0,0,0.0,0,0,0.0,0.0,0,0,0,0,0,1.0,1.0,0.0,0.0,1.0,1.0,1.0,0.0,0.0,255.0,1.0,0.0,0.62,1.0,0.0,0.0,0.0,1.0,1.0,0
0.0,1,18,4,0.0,0.0,0,0,0,0.0,0,0,0.0,0,0,0.0,0.0,0,0,0,0,0,1.0,1.0,0.0,0.0,1.0,1.0,1.0,0.0,0.0,255.0,1.0,0.0,0.62,1.0,0.0,0.0,0.0,1.0,1.0,0
0.0,1,18,4,0.0,0.0,0,0,0,0.0,0,0,0.0,0,0,0.0,0.0,0,0,0,0,0,1.0,1.0,0.0,0.0,1.0,1.0,1.0,0.0,0.0,255.0,1.0,0.0,0.62,1.0,0.0,0.0,0.0,1.0,1.0,0
0.0,1,18,4,0.0,0.0,0,0,0,0.0,0,0,0.0,0,0,0.0,0.0,0,0,0,0,0,1.0,1.0,0.0,0.0,1.0,1.0,1.0,0.0,0.0,255.0,1.0,0.0,0.63,1.0,0.0,0.0,0.0,1.0,1.0,0
0.0,1,18,4,0.0,0.0,0,0,0,0.0,0,0,0.0,0,0,0.0,0.0,0,0,0,0,0,1.0,1.0,0.0,0.0,1.0,1.0,1.0,0.0,0.0,255.0,1.0,0.0,0.68,1.0,0.0,0.0,0.0,1.0,1.0,0
14420.0,1,18,4,1.0,0.0,0,0,0,0.0,0,0,0.0,0,0,0.0,0.0,0,0,0,0,0,2.0,2.0,0.0,0.0,1.0,1.0,1.0,0.0,0.0,255.0,2.0,0.01,0.68,1.0,0.0,0.0,0.0,1.0,1.0,0
14319.0,1,18,4,1.0,0.0,0,0,0,0.0,0,0,0.0,0,0,0.0,0.0,0,0,0,0,0,2.0,2.0,0.0,0.0,1.0,1.0,1.0,0.0,0.0,255.0,2.0,0.01,0.68,1.0,0.0,0.0,0.0,1.0,1.0,0
14198.0,1,18,4,1.0,0.0,0,0,0,0.0,0,0,0.0,0,0,0.0,0.0,0,0,0,0,0,2.0,2.0,0.0,0.0,1.0,1.0,1.0,0.0,0.0,255.0,2.0,0.01,0.68,1.0,0.0,0.0,0.0,1.0,1.0,0
14098.0,1,18,4,1.0,0.0,0,0,0,0.0,0,0,0.0,0,0,0.0,0.0,0,0,0,0,0,2.0,2.0,0.0,0.0,1.0,1.0,1.0,0.0,0.0,255.0,2.0,0.01,0.68,1.0,0.0,0.0,0.0,1.0,1.0,0
13898.0,1,18,4,1.0,0.0,0,0,0,0.0,0,0,0.0,0,0,0.0,0.0,0,0,0,0,0,2.0,2.0,0.0,0.0,1.0,1.0,1.0,0.0,0.0,255.0,2.0,0.01,0.68,1.0,0.0,0.0,0.0,1.0,1.0,0
13796.0,1,18,4,1.0,0.0,0,0,0,0.0,0,0,0.0,0,0,0.0,0.0,0,0,0,0,0,2.0,2.0,0.0,0.0,1.0,1.0,1.0,0.0,0.0,255.0,2.0,0.01,0.68,1.0,0.0,0.0,0.0,1.0,1.0,0
13578.0,1,18,4,1.0,0.0,0,0,0,0.0,0,0,0.0,0,0,0.0,0.0,0,0,0,0,0,2.0,2.0,0.0,0.0,1.0,1.0,1.0,0.0,0.0,255.0,2.0,0.01,0.68,1.0,0.0,0.0,0.0,1.0,1.0,0
13448.0,1,18,4,1.0,0.0,0,0,0,0.0,0,0,0.0,0,0,0.0,0.0,0,0,0,0,0,2.0,2.0,0.0,0.0,1.0,1.0,1.0,0.0,0.0,255.0,2.0,0.01,0.68,1.0,0.0,0.0,0.0,1.0,1.0,0
13241.0,1,18,4,1.0,0.0,0,0,0,0.0,0,0,0.0,0,0,0.0,0.0,0,0,0,0,0,2.0,2.0,0.0,0.0,1.0,1.0,1.0,0.0,0.0,255.0,2.0,0.01,0.68,1.0,0.0,0.0,0.0,1.0,1.0,0
13033.0,1,18,4,1.0,0.0,0,0,0,0.0,0,0,0.0,0,0,0.0,0.0,0,0,0,0,0,2.0,2.0,0.0,0.0,1.0,1.0,1.0,0.0,0.0,255.0,2.0,0.01,0.68,1.0,0.0,0.0,0.0,1.0,1.0,0
12933.0,1,18,4,1.0,0.0,0,0,0,0.0,0,0,0.0,0,0,0.0,0.0,0,0,0,0,0,2.0,2.0,0.0,0.0,1.0,1.0,1.0,0.0,0.0,255.0,2.0,0.01,0.67,1.0,0.0,0.0,0.0,1.0,1.0,0
12833.0,1,18,4,1.0,0.0,0,0,0,0.0,0,0,0.0,0,0,0.0,0.0,0,0,0,0,0,2.0,2.0,0.0,0.0,1.0,1.0,1.0,0.0,0.0,255.0,2.0,0.01,0.67,1.0,0.0,0.0,0.0,1.0,1.0,0
0.0,1,18,4,0.0,0.0,0,0,0,0.0,0,0,0.0,0,0,0.0,0.0,0,0,0,0,0,1.0,1.0,0.0,0.0,1.0,1.0,1.0,0.0,0.0,255.0,1.0,0.0,0.64,1.0,0.0,0.0,0.0,1.0,1.0,0
0.0,1,18,4,0.0,0.0,0,0,0,0.0,0,0,0.0,0,0,0.0,0.0,0,0,0,0,0,1.0,1.0,0.0,0.0,1.0,1.0,1.0,0.0,0.0,255.0,1.0,0.0,0.64,1.0,0.0,0.0,0.0,1.0,1.0,0
0.0,1,18,4,0.0,0.0,0,0,0,0.0,0,0,0.0,0,0,0.0,0.0,0,0,0,0,0,1.0,1.0,0.0,0.0,1.0,1.0,1.0,0.0,0.0,255.0,1.0,0.0,0.64,1.0,0.0,0.0,0.0,1.0,1.0,0
12001.0,1,18,4,1.0,0.0,0,0,0,0.0,0,0,0.0,0,0,0.0,0.0,0,0,0,0,0,2.0,2.0,0.0,0.0,1.0,1.0,1.0,0.0,0.0,255.0,2.0,0.01,0.63,1.0,0.0,0.0,0.0,1.0,1.0,0
0.0,1,18,4,0.0,0.0,0,0,0,0.0,0,0,0.0,0,0,0.0,0.0,0,0,0,0,0,1.0,1.0,0.0,0.0,1.0,1.0,1.0,0.0,0.0,255.0,1.0,0.0,0.62,1.0,0.0,0.0,0.0,1.0,1.0,0
0.0,1,18,4,0.0,0.0,0,0,0,0.0,0,0,0.0,0,0,0.0,0.0,0,0,0,0,0,1.0,1.0,0.0,0.0,1.0,1.0,1.0,0.0,0.0,255.0,1.0,0.0,0.62,1.0,0.0,0.0,0.0,1.0,1.0,0
0.0,1,18,4,0.0,0.0,0,0,0,0.0,0,0,0.0,0,0,0.0,0.0,0,0,0,0,0,1.0,1.0,0.0,0.0,1.0,1.0,1.0,0.0,0.0,255.0,1.0,0.0,0.62,1.0,0.0,0.0,0.0,1.0,1.0,0
0.0,1,18,4,0.0,0.0,0,0,0,0.0,0,0,0.0,0,0,0.0,0.0,0,0,0,0,0,1.0,1.0,0.0,0.0,1.0,1.0,1.0,0.0,0.0,255.0,1.0,0.0,0.64,1.0,0.0,0.0,0.0,1.0,1.0,0
0.0,1,18,4,0.0,0.0,0,0,0,0.0,0,0,0.0,0,0,0.0,0.0,0,0,0,0,0,1.0,1.0,0.0,0.0,1.0,1.0,1.0,0.0,0.0,255.0,1.0,0.0,0.65,1.0,0.0,0.0,0.0,1.0,1.0,0
0.0,1,18,4,0.0,0.0,0,0,0,0.0,0,0,0.0,0,0,0.0,0.0,0,0,0,0,0,1.0,1.0,0.0,0.0,1.0,1.0,1.0,0.0,0.0,255.0,1.0,0.0,0.67,1.0,0.0,0.0,0.0,1.0,1.0,0
0.0,1,18,4,0.0,0.0,0,0,0,0.0,0,0,0.0,0,0,0.0,0.0,0,0,0,0,0,1.0,1.0,0.0,0.0,1.0,1.0,1.0,0.0,0.0,255.0,1.0,0.0,0.69,1.0,0.0,0.0,0.0,1.0,1.0,0
0.0,1,18,4,0.0,0.0,0,0,0,0.0,0,0,0.0,0,0,0.0,0.0,0,0,0,0,0,1.0,1.0,0.0,0.0,1.0,1.0,1.0,0.0,0.0,255.0,1.0,0.0,0.71,1.0,0.0,0.0,0.0,1.0,1.0,0
0.0,1,18,4,0.0,0.0,0,0,0,0.0,0,0,0.0,0,0,0.0,0.0,0,0,0,0,0,1.0,1.0,0.0,0.0,1.0,1.0,1.0,0.0,0.0,255.0,1.0,0.0,0.73,1.0,0.0,0.0,0.0,1.0,1.0,0
0.0,1,18,4,0.0,0.0,0,0,0,0.0,0,0,0.0,0,0,0.0,0.0,0,0,0,0,0,1.0,1.0,0.0,0.0,1.0,1.0,1.0,0.0,0.0,255.0,1.0,0.0,0.73,1.0,0.0,0.0,0.0,1.0,1.0,0
0.0,1,18,4,0.0,0.0,0,0,0,0.0,0,0,0.0,0,0,0.0,0.0,0,0,0,0,0,1.0,1.0,0.0,0.0,1.0,1.0,1.0,0.0,0.0,255.0,1.0,0.0,0.74,1.0,0.0,0.0,0.0,1.0,1.0,0
0.0,1,18,4,0.0,0.0,0,0,0,0.0,0,0,0.0,0,0,0.0,0.0,0,0,0,0,0,1.0,1.0,0.0,0.0,1.0,1.0,1.0,0.0,0.0,255.0,1.0,0.0,0.74,1.0,0.0,0.0,0.0,1.0,1.0,0
0.0,1,18,4,0.0,0.0,0,0,0,0.0,0,0,0.0,0,0,0.0,0.0,0,0,0,0,0,1.0,1.0,0.0,0.0,1.0,1.0,1.0,0.0,0.0,255.0,1.0,0.0,0.74,1.0,0.0,0.0,0.0,1.0,1.0,0
0.0,1,18,4,0.0,0.0,0,0,0,0.0,0,0,0.0,0,0,0.0,0.0,0,0,0,0,0,1.0,1.0,0.0,0.0,1.0,1.0,1.0,0.0,0.0,255.0,1.0,0.0,0.74,1.0,0.0,0.0,0.0,1.0,1.0,0
0.0,1,18,4,0.0,0.0,0,0,0,0.0,0,0,0.0,0,0,0.0,0.0,0,0,0,0,0,1.0,1.0,0.0,0.0,1.0,1.0,1.0,0.0,0.0,255.0,1.0,0.0,0.74,1.0,0.0,0.0,0.0,1.0,1.0,0
0.0,1,18,4,0.0,0.0,0,0,0,0.0,0,0,0.0,0,0,0.0,0.0,0,0,0,0,0,1.0,1.0,0.0,0.0,1.0,1.0,1.0,0.0,0.0,255.0,1.0,0.0,0.74,1.0,0.0,0.0,0.0,1.0,1.0,0
0.0,1,18,4,0.0,0.0,0,0,0,0.0,0,0,0.0,0,0,0.0,0.0,0,0,0,0,0,1.0,1.0,0.0,0.0,1.0,1.0,1.0,0.0,0.0,255.0,1.0,0.0,0.74,1.0,0.0,0.0,0.0,1.0,1.0,0
0.0,1,18,4,0.0,0.0,0,0,0,0.0,0,0,0.0,0,0,0.0,0.0,0,0,0,0,0,1.0,1.0,0.0,0.0,1.0,1.0,1.0,0.0,0.0,255.0,1.0,0.0,0.74,1.0,0.0,0.0,0.0,1.0,1.0,0
0.0,1,18,4,0.0,0.0,0,0,0,0.0,0,0,0.0,0,0,0.0,0.0,0,0,0,0,0,1.0,1.0,0.0,0.0,1.0,1.0,1.0,0.0,0.0,255.0,1.0,0.0,0.74,1.0,0.0,0.0,0.0,1.0,1.0,0
0.0,1,18,4,0.0,0.0,0,0,0,0.0,0,0,0.0,0,0,0.0,0.0,0,0,0,0,0,1.0,1.0,0.0,0.0,1.0,1.0,1.0,0.0,0.0,255.0,1.0,0.0,0.71,1.0,0.0,0.0,0.0,1.0,1.0,0
0.0,1,18,4,0.0,0.0,0,0,0,0.0,0,0,0.0,0,0,0.0,0.0,0,0,0,0,0,1.0,1.0,0.0,0.0,1.0,1.0,1.0,0.0,0.0,255.0,1.0,0.0,0.69,1.0,0.0,0.0,0.0,1.0,1.0,0
0.0,1,18,4,0.0,0.0,0,0,0,0.0,0,0,0.0,0,0,0.0,0.0,0,0,0,0,0,1.0,1.0,0.0,0.0,1.0,1.0,1.0,0.0,0.0,255.0,1.0,0.0,0.68,1.0,0.0,0.0,0.0,1.0,1.0,0
0.0,1,18,4,0.0,0.0,0,0,0,0.0,0,0,0.0,0,0,0.0,0.0,0,0,0,0,0,1.0,1.0,0.0,0.0,1.0,1.0,1.0,0.0,0.0,255.0,1.0,0.0,0.66,1.0,0.0,0.0,0.0,1.0,1.0,0
0.0,1,18,4,0.0,0.0,0,0,0,0.0,0,0,0.0,0,0,0.0,0.0,0,0,0,0,0,1.0,1.0,0.0,0.0,1.0,1.0,1.0,0.0,0.0,255.0,1.0,0.0,0.64,1.0,0.0,0.0,0.0,1.0,1.0,0
0.0,1,18,4,0.0,0.0,0,0,0,0.0,0,0,0.0,0,0,0.0,0.0,0,0,0,0,0,1.0,1.0,0.0,0.0,1.0,1.0,1.0,0.0,0.0,255.0,1.0,0.0,0.63,1.0,0.0,0.0,0.0,1.0,1.0,0
0.0,1,18,4,0.0,0.0,0,0,0,0.0,0,0,0.0,0,0,0.0,0.0,0,0,0,0,0,1.0,1.0,0.0,0.0,1.0,1.0,1.0,0.0,0.0,255.0,1.0,0.0,0.62,1.0,0.0,0.0,0.0,1.0,1.0,0
0.0,1,18,4,0.0,0.0,0,0,0,0.0,0,0,0.0,0,0,0.0,0.0,0,0,0,0,0,1.0,1.0,0.0,0.0,1.0,1.0,1.0,0.0,0.0,255.0,1.0,0.0,0.62,1.0,0.0,0.0,0.0,1.0,1.0,0
0.0,1,18,4,0.0,0.0,0,0,0,0.0,0,0,0.0,0,0,0.0,0.0,0,0,0,0,0,1.0,1.0,0.0,0.0,1.0,1.0,1.0,0.0,0.0,255.0,1.0,0.0,0.62,1.0,0.0,0.0,0.0,1.0,1.0,0
0.0,1,18,4,0.0,0.0,0,0,0,0.0,0,0,0.0,0,0,0.0,0.0,0,0,0,0,0,1.0,1.0,0.0,0.0,1.0,1.0,1.0,0.0,0.0,255.0,1.0,0.0,0.63,1.0,0.0,0.0,0.0,1.0,1.0,0
0.0,1,18,4,0.0,0.0,0,0,0,0.0,0,0,0.0,0,0,0.0,0.0,0,0,0,0,0,1.0,1.0,0.0,0.0,1.0,1.0,1.0,0.0,0.0,255.0,1.0,0.0,0.64,1.0,0.0,0.0,0.0,1.0,1.0,0
0.0,1,18,4,0.0,0.0,0,0,0,0.0,0,0,0.0,0,0,0.0,0.0,0,0,0,0,0,1.0,1.0,0.0,0.0,1.0,1.0,1.0,0.0,0.0,255.0,1.0,0.0,0.65,1.0,0.0,0.0,0.0,1.0,1.0,0
0.0,1,18,4,0.0,0.0,0,0,0,0.0,0,0,0.0,0,0,0.0,0.0,0,0,0,0,0,1.0,1.0,0.0,0.0,1.0,1.0,1.0,0.0,0.0,255.0,1.0,0.0,0.67,1.0,0.0,0.0,0.0,1.0,1.0,0
0.0,1,18,4,0.0,0.0,0,0,0,0.0,0,0,0.0,0,0,0.0,0.0,0,0,0,0,0,1.0,1.0,0.0,0.0,1.0,1.0,1.0,0.0,0.0,255.0,1.0,0.0,0.69,1.0,0.0,0.0,0.0,1.0,1.0,0
0.0,1,18,4,0.0,0.0,0,0,0,0.0,0,0,0.0,0,0,0.0,0.0,0,0,0,0,0,1.0,1.0,0.0,0.0,1.0,1.0,1.0,0.0,0.0,255.0,1.0,0.0,0.71,1.0,0.0,0.0,0.0,1.0,1.0,0
5678.0,1,18,4,1.0,0.0,0,0,0,0.0,0,0,0.0,0,0,0.0,0.0,0,0,0,0,0,2.0,2.0,0.0,0.0,1.0,1.0,1.0,0.0,0.0,255.0,2.0,0.01,0.73,1.0,0.0,0.0,0.0,1.0,1.0,0
0.0,1,18,4,0.0,0.0,0,0,0,0.0,0,0,0.0,0,0,0.0,0.0,0,0,0,0,0,1.0,1.0,0.0,0.0,1.0,1.0,1.0,0.0,0.0,255.0,1.0,0.0,0.74,1.0,0.0,0.0,0.0,1.0,1.0,0
0.0,1,18,4,0.0,0.0,0,0,0,0.0,0,0,0.0,0,0,0.0,0.0,0,0,0,0,0,1.0,1.0,0.0,0.0,1.0,1.0,1.0,0.0,0.0,255.0,1.0,0.0,0.74,1.0,0.0,0.0,0.0,1.0,1.0,0
0.0,1,18,4,0.0,0.0,0,0,0,0.0,0,0,0.0,0,0,0.0,0.0,0,0,0,0,0,1.0,1.0,0.0,0.0,1.0,1.0,1.0,0.0,0.0,255.0,1.0,0.0,0.74,1.0,0.0,0.0,0.0,1.0,1.0,0
0.0,1,18,4,0.0,0.0,0,0,0,0.0,0,0,0.0,0,0,0.0,0.0,0,0,0,0,0,1.0,1.0,0.0,0.0,1.0,1.0,1.0,0.0,0.0,255.0,1.0,0.0,0.74,1.0,0.0,0.0,0.0,1.0,1.0,0
0.0,1,18,4,0.0,0.0,0,0,0,0.0,0,0,0.0,0,0,0.0,0.0,0,0,0,0,0,1.0,1.0,0.0,0.0,1.0,1.0,1.0,0.0,0.0,255.0,1.0,0.0,0.74,1.0,0.0,0.0,0.0,1.0,1.0,0
0.0,1,18,4,0.0,0.0,0,0,0,0.0,0,0,0.0,0,0,0.0,0.0,0,0,0,0,0,1.0,1.0,0.0,0.0,1.0,1.0,1.0,0.0,0.0,255.0,1.0,0.0,0.74,1.0,0.0,0.0,0.0,1.0,1.0,0
0.0,1,18,4,0.0,0.0,0,0,0,0.0,0,0,0.0,0,0,0.0,0.0,0,0,0,0,0,1.0,1.0,0.0,0.0,1.0,1.0,1.0,0.0,0.0,255.0,1.0,0.0,0.74,1.0,0.0,0.0,0.0,1.0,1.0,0
0.0,1,18,4,0.0,0.0,0,0,0,0.0,0,0,0.0,0,0,0.0,0.0,0,0,0,0,0,1.0,1.0,0.0,0.0,1.0,1.0,1.0,0.0,0.0,255.0,1.0,0.0,0.74,1.0,0.0,0.0,0.0,1.0,1.0,0
0.0,1,18,4,0.0,0.0,0,0,0,0.0,0,0,0.0,0,0,0.0,0.0,0,0,0,0,0,1.0,1.0,0.0,0.0,1.0,1.0,1.0,0.0,0.0,255.0,1.0,0.0,0.74,1.0,0.0,0.0,0.0,1.0,1.0,0
0.0,1,18,4,0.0,0.0,0,0,0,0.0,0,0,0.0,0,0,0.0,0.0,0,0,0,0,0,1.0,1.0,0.0,0.0,1.0,1.0,1.0,0.0,0.0,255.0,1.0,0.0,0.73,1.0,0.0,0.0,0.0,1.0,1.0,0
0.0,1,18,4,0.0,0.0,0,0,0,0.0,0,0,0.0,0,0,0.0,0.0,0,0,0,0,0,1.0,1.0,0.0,0.0,1.0,1.0,1.0,0.0,0.0,255.0,1.0,0.0,0.69,1.0,0.0,0.0,0.0,1.0,1.0,0
0.0,1,18,4,0.0,0.0,0,0,0,0.0,0,0,0.0,0,0,0.0,0.0,0,0,0,0,0,1.0,1.0,0.0,0.0,1.0,1.0,1.0,0.0,0.0,255.0,1.0,0.0,0.67,1.0,0.0,0.0,0.0,1.0,1.0,0
0.0,1,18,4,0.0,0.0,0,0,0,0.0,0,0,0.0,0,0,0.0,0.0,0,0,0,0,0,1.0,1.0,0.0,0.0,1.0,1.0,1.0,0.0,0.0,255.0,1.0,0.0,0.65,1.0,0.0,0.0,0.0,1.0,1.0,0
0.0,1,18,4,0.0,0.0,0,0,0,0.0,0,0,0.0,0,0,0.0,0.0,0,0,0,0,0,1.0,1.0,0.0,0.0,1.0,1.0,1.0,0.0,0.0,255.0,1.0,0.0,0.64,1.0,0.0,0.0,0.0,1.0,1.0,0
0.0,1,18,4,0.0,0.0,0,0,0,0.0,0,0,0.0,0,0,0.0,0.0,0,0,0,0,0,1.0,1.0,0.0,0.0,1.0,1.0,1.0,0.0,0.0,255.0,1.0,0.0,0.62,1.0,0.0,0.0,0.0,1.0,1.0,0
0.0,1,18,4,0.0,0.0,0,0,0,0.0,0,0,0.0,0,0,0.0,0.0,0,0,0,0,0,1.0,1.0,0.0,0.0,1.0,1.0,1.0,0.0,0.0,255.0,1.0,0.0,0.62,1.0,0.0,0.0,0.0,1.0,1.0,0
0.0,1,18,4,0.0,0.0,0,0,0,0.0,0,0,0.0,0,0,0.0,0.0,0,0,0,0,0,1.0,1.0,0.0,0.0,1.0,1.0,1.0,0.0,0.0,255.0,1.0,0.0,0.62,1.0,0.0,0.0,0.0,1.0,1.0,0
0.0,1,18,4,0.0,0.0,0,0,0,0.0,0,0,0.0,0,0,0.0,0.0,0,0,0,0,0,1.0,1.0,0.0,0.0,1.0,1.0,1.0,0.0,0.0,255.0,1.0,0.0,0.62,1.0,0.0,0.0,0.0,1.0,1.0,0
0.0,1,18,4,0.0,0.0,0,0,0,0.0,0,0,0.0,0,0,0.0,0.0,0,0,0,0,0,1.0,1.0,0.0,0.0,1.0,1.0,1.0,0.0,0.0,255.0,1.0,0.0,0.64,1.0,0.0,0.0,0.0,1.0,1.0,0
0.0,1,18,4,0.0,0.0,0,0,0,0.0,0,0,0.0,0,0,0.0,0.0,0,0,0,0,0,1.0,1.0,0.0,0.0,1.0,1.0,1.0,0.0,0.0,255.0,1.0,0.0,0.67,1.0,0.0,0.0,0.0,1.0,1.0,0
0.0,1,18,4,0.0,0.0,0,0,0,0.0,0,0,0.0,0,0,0.0,0.0,0,0,0,0,0,1.0,1.0,0.0,0.0,1.0,1.0,1.0,0.0,0.0,255.0,1.0,0.0,0.69,1.0,0.0,0.0,0.0,1.0,1.0,0
1298.0,1,18,4,1.0,0.0,0,0,0,0.0,0,0,0.0,0,0,0.0,0.0,0,0,0,0,0,2.0,2.0,0.0,0.0,1.0,1.0,1.0,0.0,0.0,255.0,2.0,0.01,0.72,1.0,0.0,0.0,0.0,1.0,1.0,0
0.0,1,18,4,0.0,0.0,0,0,0,0.0,0,0,0.0,0,0,0.0,0.0,0,0,0,0,0,1.0,1.0,0.0,0.0,1.0,1.0,1.0,0.0,0.0,255.0,1.0,0.0,0.73,1.0,0.0,0.0,0.0,1.0,1.0,0
1031.0,1,18,4,1.0,0.0,0,0,0,0.0,0,0,0.0,0,0,0.0,0.0,0,0,0,0,0,2.0,2.0,0.0,0.0,1.0,1.0,1.0,0.0,0.0,255.0,2.0,0.01,0.73,1.0,0.0,0.0,0.0,1.0,1.0,0
931.0,1,18,4,1.0,0.0,0,0,0,0.0,0,0,0.0,0,0,0.0,0.0,0,0,0,0,0,2.0,2.0,0.0,0.0,1.0,1.0,1.0,0.0,0.0,255.0,2.0,0.01,0.73,1.0,0.0,0.0,0.0,1.0,1.0,0
831.0,1,18,4,1.0,0.0,0,0,0,0.0,0,0,0.0,0,0,0.0,0.0,0,0,0,0,0,2.0,2.0,0.0,0.0,1.0,1.0,1.0,0.0,0.0,255.0,2.0,0.01,0.73,1.0,0.0,0.0,0.0,1.0,1.0,0
731.0,1,18,4,1.0,0.0,0,0,0,0.0,0,0,0.0,0,0,0.0,0.0,0,0,0,0,0,2.0,2.0,0.0,0.0,1.0,1.0,1.0,0.0,0.0,255.0,2.0,0.01,0.73,1.0,0.0,0.0,0.0,1.0,1.0,0
630.0,1,18,4,1.0,0.0,0,0,0,0.0,0,0,0.0,0,0,0.0,0.0,0,0,0,0,0,2.0,2.0,0.0,0.0,1.0,1.0,1.0,0.0,0.0,255.0,2.0,0.01,0.73,1.0,0.0,0.0,0.0,1.0,1.0,0
519.0,1,18,4,1.0,0.0,0,0,0,0.0,0,0,0.0,0,0,0.0,0.0,0,0,0,0,0,2.0,2.0,0.0,0.0,1.0,1.0,1.0,0.0,0.0,255.0,2.0,0.01,0.73,1.0,0.0,0.0,0.0,1.0,1.0,0
419.0,1,18,4,1.0,0.0,0,0,0,0.0,0,0,0.0,0,0,0.0,0.0,0,0,0,0,0,2.0,2.0,0.0,0.0,1.0,1.0,1.0,0.0,0.0,255.0,2.0,0.01,0.73,1.0,0.0,0.0,0.0,1.0,1.0,0
219.0,1,18,4,1.0,0.0,0,0,0,0.0,0,0,0.0,0,0,0.0,0.0,0,0,0,0,0,2.0,2.0,0.0,0.0,1.0,1.0,1.0,0.0,0.0,255.0,2.0,0.01,0.73,1.0,0.0,0.0,0.0,1.0,1.0,0
101.0,1,18,4,1.0,0.0,0,0,0,0.0,0,0,0.0,0,0,0.0,0.0,0,0,0,0,0,2.0,2.0,0.0,0.0,1.0,1.0,1.0,0.0,0.0,255.0,2.0,0.01,0.73,1.0,0.0,0.0,0.0,1.0,1.0,0
0.0,1,21,1,0.0,0.0,0,0,0,0.0,0,0,0.0,0,0,0.0,0.0,0,0,0,0,0,2.0,1.0,0.0,0.0,1.0,1.0,0.5,1.0,0.0,235.0,1.0,0.0,0.06,0.03,0.0,0.0,0.0,0.04,1.0,0
0.0,1,21,1,0.0,0.0,0,0,0,0.0,0,0,0.0,0,0,0.0,0.0,0,0,0,0,0,2.0,1.0,0.0,0.0,1.0,1.0,0.5,1.0,0.0,245.0,1.0,0.0,0.1,0.07,0.0,0.0,0.0,0.08,1.0,0
0.0,1,21,1,0.0,0.0,0,0,0,0.0,0,0,0.0,0,0,0.0,0.0,0,0,0,0,0,2.0,1.0,0.0,0.0,1.0,1.0,0.5,1.0,0.0,255.0,1.0,0.0,0.13,0.11,0.0,0.0,0.0,0.11,1.0,0
0.0,1,21,1,0.0,0.0,0,0,0,0.0,0,0,0.0,0,0,0.0,0.0,0,0,0,0,0,2.0,1.0,0.0,0.0,1.0,1.0,0.5,1.0,0.0,255.0,1.0,0.0,0.17,0.15,0.0,0.0,0.0,0.15,1.0,0
0.0,1,21,1,0.0,0.0,0,0,0,0.0,0,0,0.0,0,0,0.0,0.0,0,0,0,0,0,2.0,1.0,0.0,0.0,1.0,1.0,0.5,1.0,0.0,255.0,1.0,0.0,0.33,0.3,0.0,0.0,0.0,0.31,1.0,0
0.0,1,21,1,0.0,0.0,0,0,0,0.0,0,0,0.0,0,0,0.0,0.0,0,0,0,0,0,2.0,1.0,0.0,0.0,1.0,1.0,0.5,1.0,0.0,255.0,1.0,0.0,0.37,0.34,0.0,0.0,0.0,0.35,1.0,0
0.0,1,21,1,0.0,0.0,0,0,0,0.0,0,0,0.0,0,0,0.0,0.0,0,0,0,0,0,2.0,1.0,0.0,0.0,1.0,1.0,0.5,1.0,0.0,255.0,1.0,0.0,0.41,0.38,0.0,0.0,0.0,0.39,1.0,0
0.0,1,21,1,0.0,0.0,0,0,0,0.0,0,0,0.0,0,0,0.0,0.0,0,0,0,0,0,2.0,1.0,0.0,0.0,1.0,1.0,0.5,1.0,0.0,255.0,1.0,0.0,0.44,0.42,0.0,0.0,0.0,0.43,1.0,0
0.0,1,21,1,0.0,0.0,0,0,0,0.0,0,0,0.0,0,0,0.0,0.0,0,0,0,0,0,2.0,1.0,0.0,0.0,1.0,1.0,0.5,1.0,0.0,255.0,1.0,0.0,0.48,0.46,0.0,0.0,0.0,0.47,1.0,0
0.0,1,21,1,0.0,0.0,0,0,0,0.0,0,0,0.0,0,0,0.0,0.0,0,0,0,0,0,2.0,1.0,0.0,0.0,1.0,1.0,0.5,1.0,0.0,255.0,1.0,0.0,0.52,0.5,0.0,0.0,0.0,0.51,1.0,0
0.0,1,21,1,0.0,0.0,0,0,0,0.0,0,0,0.0,0,0,0.0,0.0,0,0,0,0,0,2.0,1.0,0.0,0.0,1.0,1.0,0.5,1.0,0.0,255.0,1.0,0.0,0.56,0.54,0.0,0.0,0.0,0.54,1.0,0
0.0,1,21,1,0.0,0.0,0,0,0,0.0,0,0,0.0,0,0,0.0,0.0,0,0,0,0,0,1.0,1.0,0.0,0.0,1.0,1.0,1.0,0.0,0.0,255.0,1.0,0.0,0.6,0.58,0.0,0.0,0.0,0.58,1.0,0
0.0,1,21,1,0.0,0.0,0,0,0,0.0,0,0,0.0,0,0,0.0,0.0,0,0,0,0,0,1.0,1.0,0.0,0.0,1.0,1.0,1.0,0.0,0.0,255.0,1.0,0.0,0.67,0.65,0.0,0.0,0.0,0.65,1.0,0
0.0,1,21,1,0.0,0.0,0,0,0,0.0,0,0,0.0,0,0,0.0,0.0,0,0,0,0,0,2.0,1.0,0.0,0.0,1.0,1.0,0.5,1.0,0.0,255.0,1.0,0.0,0.71,0.69,0.0,0.0,0.0,0.69,1.0,0
0.0,1,21,1,0.0,0.0,0,0,0,0.0,0,0,0.0,0,0,0.0,0.0,0,0,0,0,0,2.0,1.0,0.0,0.0,1.0,1.0,0.5,1.0,0.0,255.0,1.0,0.0,0.75,0.73,0.0,0.0,0.0,0.73,1.0,0
0.0,1,21,1,0.0,0.0,0,0,0,0.0,0,0,0.0,0,0,0.0,0.0,0,0,0,0,0,2.0,1.0,0.0,0.0,1.0,1.0,0.5,1.0,0.0,255.0,1.0,0.0,0.79,0.77,0.0,0.0,0.0,0.77,1.0,0
0.0,1,21,1,0.0,0.0,0,0,0,0.0,0,0,0.0,0,0,0.0,0.0,0,0,0,0,0,2.0,1.0,0.0,0.0,1.0,1.0,0.5,1.0,0.0,255.0,1.0,0.0,0.83,0.81,0.0,0.0,0.0,0.81,1.0,0
0.0,1,21,1,0.0,0.0,0,0,0,0.0,0,0,0.0,0,0,0.0,0.0,0,0,0,0,0,2.0,1.0,0.0,0.0,1.0,1.0,0.5,1.0,0.0,255.0,1.0,0.0,0.87,0.85,0.0,0.0,0.0,0.85,1.0,0
0.0,1,21,1,0.0,0.0,0,0,0,0.0,0,0,0.0,0,0,0.0,0.0,0,0,0,0,0,2.0,1.0,0.0,0.0,1.0,1.0,0.5,1.0,0.0,255.0,1.0,0.0,0.9,0.89,0.0,0.0,0.0,0.89,1.0,0
0.0,1,21,1,0.0,0.0,0,0,0,0.0,0,0,0.0,0,0,0.0,0.0,0,0,0,0,0,2.0,1.0,0.0,0.0,1.0,1.0,0.5,1.0,0.0,255.0,1.0,0.0,0.94,0.93,0.0,0.0,0.0,0.93,1.0,0
0.0,1,21,1,0.0,0.0,0,0,0,0.0,0,0,0.0,0,0,0.0,0.0,0,0,0,0,0,2.0,1.0,0.0,0.0,1.0,1.0,0.5,1.0,0.0,255.0,1.0,0.0,0.98,0.97,0.0,0.0,0.0,0.97,1.0,0
0.0,1,21,1,0.0,0.0,0,0,0,0.0,0,0,0.0,0,0,0.0,0.0,0,0,0,0,0,2.0,1.0,0.0,0.0,1.0,1.0,0.5,1.0,0.0,255.0,1.0,0.0,1.0,1.0,0.0,0.0,0.0,1.0,1.0,0
0.0,1,21,1,0.0,0.0,0,0,0,0.0,0,0,0.0,0,0,0.0,0.0,0,0,0,0,0,2.0,1.0,0.0,0.0,1.0,1.0,0.5,1.0,0.0,255.0,1.0,0.0,1.0,1.0,0.0,0.0,0.0,1.0,1.0,0
0.0,1,21,1,0.0,0.0,0,0,0,0.0,0,0,0.0,0,0,0.0,0.0,0,0,0,0,0,2.0,1.0,0.0,0.0,1.0,1.0,0.5,1.0,0.0,255.0,1.0,0.0,1.0,1.0,0.0,0.0,0.0,1.0,1.0,0
0.0,1,21,1,0.0,0.0,0,0,0,0.0,0,0,0.0,0,0,0.0,0.0,0,0,0,0,0,2.0,1.0,0.0,0.0,1.0,1.0,0.5,1.0,0.0,255.0,1.0,0.0,1.0,1.0,0.0,0.0,0.0,1.0,1.0,0
0.0,1,21,1,0.0,0.0,0,0,0,0.0,0,0,0.0,0,0,0.0,0.0,0,0,0,0,0,2.0,1.0,0.0,0.0,1.0,1.0,0.5,1.0,0.0,255.0,1.0,0.0,1.0,1.0,0.0,0.0,0.0,1.0,1.0,0
0.0,1,21,1,0.0,0.0,0,0,0,0.0,0,0,0.0,0,0,0.0,0.0,0,0,0,0,0,2.0,1.0,0.0,0.0,1.0,1.0,0.5,1.0,0.0,255.0,1.0,0.0,1.0,1.0,0.0,0.0,0.0,1.0,1.0,0
0.0,1,21,1,0.0,0.0,0,0,0,0.0,0,0,0.0,0,0,0.0,0.0,0,0,0,0,0,2.0,1.0,0.0,0.0,1.0,1.0,0.5,1.0,0.0,255.0,1.0,0.0,1.0,1.0,0.0,0.0,0.0,1.0,1.0,0
0.0,1,21,1,0.0,0.0,0,0,0,0.0,0,0,0.0,0,0,0.0,0.0,0,0,0,0,0,2.0,1.0,0.0,0.0,1.0,1.0,0.5,1.0,0.0,255.0,1.0,0.0,1.0,1.0,0.0,0.0,0.0,1.0,1.0,0
0.0,1,21,1,0.0,0.0,0,0,0,0.0,0,0,0.0,0,0,0.0,0.0,0,0,0,0,0,2.0,1.0,0.0,0.0,1.0,1.0,0.5,1.0,0.0,255.0,1.0,0.0,1.0,1.0,0.0,0.0,0.0,1.0,1.0,0
0.0,1,21,1,0.0,0.0,0,0,0,0.0,0,0,0.0,0,0,0.0,0.0,0,0,0,0,0,2.0,1.0,0.0,0.0,1.0,1.0,0.5,1.0,0.0,255.0,1.0,0.0,1.0,1.0,0.0,0.0,0.0,1.0,1.0,0
0.0,1,21,1,0.0,0.0,0,0,0,0.0,0,0,0.0,0,0,0.0,0.0,0,0,0,0,0,2.0,1.0,0.0,0.0,1.0,1.0,0.5,1.0,0.0,255.0,1.0,0.0,1.0,1.0,0.0,0.0,0.0,1.0,1.0,0
0.0,1,21,1,0.0,0.0,0,0,0,0.0,0,0,0.0,0,0,0.0,0.0,0,0,0,0,0,2.0,1.0,0.0,0.0,1.0,1.0,0.5,1.0,0.0,255.0,1.0,0.0,1.0,1.0,0.0,0.0,0.0,1.0,1.0,0
0.0,1,21,1,0.0,0.0,0,0,0,0.0,0,0,0.0,0,0,0.0,0.0,0,0,0,0,0,2.0,1.0,0.0,0.0,1.0,1.0,0.5,1.0,0.0,255.0,1.0,0.0,1.0,1.0,0.0,0.0,0.0,1.0,1.0,0
0.0,1,21,1,0.0,0.0,0,0,0,0.0,0,0,0.0,0,0,0.0,0.0,0,0,0,0,0,1.0,1.0,0.0,0.0,1.0,1.0,1.0,0.0,0.0,255.0,1.0,0.0,1.0,1.0,0.0,0.0,0.0,1.0,1.0,0
0.0,1,21,1,0.0,0.0,0,0,0,0.0,0,0,0.0,0,0,0.0,0.0,0,0,0,0,0,2.0,1.0,0.0,0.0,1.0,1.0,0.5,1.0,0.0,255.0,1.0,0.0,1.0,1.0,0.0,0.0,0.0,1.0,1.0,0
0.0,1,21,1,0.0,0.0,0,0,0,0.0,0,0,0.0,0,0,0.0,0.0,0,0,0,0,0,1.0,1.0,0.0,0.0,1.0,1.0,1.0,0.0,0.0,255.0,1.0,0.0,1.0,1.0,0.0,0.0,0.0,1.0,1.0,0
0.0,1,21,1,0.0,0.0,0,0,0,0.0,0,0,0.0,0,0,0.0,0.0,0,0,0,0,0,2.0,1.0,0.0,0.0,1.0,1.0,0.5,1.0,0.0,255.0,1.0,0.0,1.0,1.0,0.0,0.0,0.0,1.0,1.0,0
0.0,1,21,1,0.0,0.0,0,0,0,0.0,0,0,0.0,0,0,0.0,0.0,0,0,0,0,0,2.0,1.0,0.0,0.0,1.0,1.0,0.5,1.0,0.0,255.0,1.0,0.0,1.0,1.0,0.0,0.0,0.0,1.0,1.0,0
0.0,1,21,1,0.0,0.0,0,0,0,0.0,0,0,0.0,0,0,0.0,0.0,0,0,0,0,0,2.0,1.0,0.0,0.0,1.0,1.0,0.5,1.0,0.0,255.0,1.0,0.0,1.0,1.0,0.0,0.0,0.0,1.0,1.0,0
0.0,1,21,1,0.0,0.0,0,0,0,0.0,0,0,0.0,0,0,0.0,0.0,0,0,0,0,0,2.0,1.0,0.0,0.0,1.0,1.0,0.5,1.0,0.0,255.0,1.0,0.0,1.0,1.0,0.0,0.0,0.0,1.0,1.0,0
0.0,1,21,1,0.0,0.0,0,0,0,0.0,0,0,0.0,0,0,0.0,0.0,0,0,0,0,0,2.0,1.0,0.0,0.0,1.0,1.0,0.5,1.0,0.0,255.0,1.0,0.0,1.0,1.0,0.0,0.0,0.0,1.0,1.0,0
0.0,1,21,1,0.0,0.0,0,0,0,0.0,0,0,0.0,0,0,0.0,0.0,0,0,0,0,0,2.0,1.0,0.0,0.0,1.0,1.0,0.5,1.0,0.0,255.0,1.0,0.0,1.0,1.0,0.0,0.0,0.0,1.0,1.0,0
0.0,1,21,1,0.0,0.0,0,0,0,0.0,0,0,0.0,0,0,0.0,0.0,0,0,0,0,0,2.0,1.0,0.0,0.0,1.0,1.0,0.5,1.0,0.0,255.0,1.0,0.0,1.0,1.0,0.0,0.0,0.0,1.0,1.0,0
0.0,1,21,1,0.0,0.0,0,0,0,0.0,0,0,0.0,0,0,0.0,0.0,0,0,0,0,0,2.0,1.0,0.0,0.0,1.0,1.0,0.5,1.0,0.0,255.0,1.0,0.0,1.0,1.0,0.0,0.0,0.0,1.0,1.0,0
0.0,1,21,1,0.0,0.0,0,0,0,0.0,0,0,0.0,0,0,0.0,0.0,0,0,0,0,0,2.0,1.0,0.0,0.0,1.0,1.0,0.5,1.0,0.0,255.0,1.0,0.0,1.0,1.0,0.0,0.0,0.0,1.0,1.0,0
0.0,1,21,1,0.0,0.0,0,0,0,0.0,0,0,0.0,0,0,0.0,0.0,0,0,0,0,0,2.0,1.0,0.0,0.0,1.0,1.0,0.5,1.0,0.0,255.0,1.0,0.0,1.0,1.0,0.0,0.0,0.0,1.0,1.0,0
0.0,1,21,1,0.0,0.0,0,0,0,0.0,0,0,0.0,0,0,0.0,0.0,0,0,0,0,0,2.0,1.0,0.0,0.0,1.0,1.0,0.5,1.0,0.0,255.0,1.0,0.0,1.0,1.0,0.0,0.0,0.0,1.0,1.0,0
0.0,1,21,1,0.0,0.0,0,0,0,0.0,0,0,0.0,0,0,0.0,0.0,0,0,0,0,0,2.0,1.0,0.0,0.0,1.0,1.0,0.5,1.0,0.0,255.0,1.0,0.0,1.0,1.0,0.0,0.0,0.0,1.0,1.0,0
0.0,1,21,1,0.0,0.0,0,0,0,0.0,0,0,0.0,0,0,0.0,0.0,0,0,0,0,0,2.0,1.0,0.0,0.0,1.0,1.0,0.5,1.0,0.0,255.0,1.0,0.0,1.0,1.0,0.0,0.0,0.0,1.0,1.0,0
0.0,1,21,1,0.0,0.0,0,0,0,0.0,0,0,0.0,0,0,0.0,0.0,0,0,0,0,0,2.0,1.0,0.0,0.0,1.0,1.0,0.5,1.0,0.0,255.0,1.0,0.0,1.0,1.0,0.0,0.0,0.0,1.0,1.0,0
0.0,1,21,1,0.0,0.0,0,0,0,0.0,0,0,0.0,0,0,0.0,0.0,0,0,0,0,0,2.0,1.0,0.0,0.0,1.0,1.0,0.5,1.0,0.0,255.0,1.0,0.0,1.0,1.0,0.0,0.0,0.0,1.0,1.0,0
0.0,1,21,1,0.0,0.0,0,0,0,0.0,0,0,0.0,0,0,0.0,0.0,0,0,0,0,0,1.0,1.0,0.0,0.0,1.0,1.0,1.0,0.0,0.0,255.0,1.0,0.0,1.0,1.0,0.0,0.0,0.0,1.0,1.0,0
0.0,1,4,2,0.0,0.0,0,0,0,0.0,0,0,0.0,0,0,0.0,0.0,0,0,0,0,0,2.0,1.0,0.0,0.0,1.0,1.0,0.5,1.0,0.0,255.0,1.0,0.0,1.0,1.0,0.0,0.0,0.0,1.0,1.0,0
0.0,1,21,1,0.0,0.0,0,0,0,0.0,0,0,0.0,0,0,0.0,0.0,0,0,0,0,0,2.0,1.0,0.0,0.0,1.0,1.0,0.5,1.0,0.0,255.0,1.0,0.0,1.0,1.0,0.0,0.0,0.0,1.0,1.0,0
0.0,1,21,1,0.0,0.0,0,0,0,0.0,0,0,0.0,0,0,0.0,0.0,0,0,0,0,0,2.0,1.0,0.0,0.0,1.0,1.0,0.5,1.0,0.0,255.0,1.0,0.0,1.0,1.0,0.0,0.0,0.0,1.0,1.0,0
0.0,1,21,1,0.0,0.0,0,0,0,0.0,0,0,0.0,0,0,0.0,0.0,0,0,0,0,0,2.0,1.0,0.0,0.0,1.0,1.0,0.5,1.0,0.0,255.0,1.0,0.0,1.0,1.0,0.0,0.0,0.0,1.0,1.0,0
0.0,1,21,1,0.0,0.0,0,0,0,0.0,0,0,0.0,0,0,0.0,0.0,0,0,0,0,0,2.0,1.0,0.0,0.0,1.0,1.0,0.5,1.0,0.0,255.0,1.0,0.0,1.0,1.0,0.0,0.0,0.0,1.0,1.0,0
0.0,1,21,1,0.0,0.0,0,0,0,0.0,0,0,0.0,0,0,0.0,0.0,0,0,0,0,0,2.0,1.0,0.0,0.0,1.0,1.0,0.5,1.0,0.0,255.0,1.0,0.0,1.0,1.0,0.0,0.0,0.0,1.0,1.0,0
0.0,1,21,1,0.0,0.0,0,0,0,0.0,0,0,0.0,0,0,0.0,0.0,0,0,0,0,0,2.0,1.0,0.0,0.0,1.0,1.0,0.5,1.0,0.0,255.0,1.0,0.0,1.0,1.0,0.0,0.0,0.0,1.0,1.0,0
0.0,1,21,1,0.0,0.0,0,0,0,0.0,0,0,0.0,0,0,0.0,0.0,0,0,0,0,0,2.0,1.0,0.0,0.0,1.0,1.0,0.5,1.0,0.0,255.0,1.0,0.0,1.0,1.0,0.0,0.0,0.0,1.0,1.0,0
0.0,1,21,1,0.0,0.0,0,0,0,0.0,0,0,0.0,0,0,0.0,0.0,0,0,0,0,0,1.0,1.0,0.0,0.0,1.0,1.0,1.0,0.0,0.0,255.0,1.0,0.0,1.0,1.0,0.0,0.0,0.0,1.0,1.0,0
0.0,1,21,1,0.0,0.0,0,0,0,0.0,0,0,0.0,0,0,0.0,0.0,0,0,0,0,0,2.0,1.0,0.0,0.0,1.0,1.0,0.5,1.0,0.0,255.0,1.0,0.0,1.0,1.0,0.0,0.0,0.0,1.0,1.0,0
0.0,1,21,1,0.0,0.0,0,0,0,0.0,0,0,0.0,0,0,0.0,0.0,0,0,0,0,0,1.0,1.0,0.0,0.0,1.0,1.0,1.0,0.0,0.0,255.0,1.0,0.0,1.0,1.0,0.0,0.0,0.0,1.0,1.0,0
0.0,1,21,1,0.0,0.0,0,0,0,0.0,0,0,0.0,0,0,0.0,0.0,0,0,0,0,0,2.0,1.0,0.0,0.0,1.0,1.0,0.5,1.0,0.0,255.0,1.0,0.0,1.0,1.0,0.0,0.0,0.0,1.0,1.0,0
0.0,1,21,1,0.0,0.0,0,0,0,0.0,0,0,0.0,0,0,0.0,0.0,0,0,0,0,0,2.0,1.0,0.0,0.0,1.0,1.0,0.5,1.0,0.0,255.0,1.0,0.0,1.0,1.0,0.0,0.0,0.0,1.0,1.0,0
0.0,1,21,1,0.0,0.0,0,0,0,0.0,0,0,0.0,0,0,0.0,0.0,0,0,0,0,0,2.0,1.0,0.0,0.0,1.0,1.0,0.5,1.0,0.0,255.0,1.0,0.0,1.0,1.0,0.0,0.0,0.0,1.0,1.0,0
0.0,1,21,1,0.0,0.0,0,0,0,0.0,0,0,0.0,0,0,0.0,0.0,0,0,0,0,0,2.0,1.0,0.0,0.0,1.0,1.0,0.5,1.0,0.0,255.0,1.0,0.0,1.0,1.0,0.0,0.0,0.0,1.0,1.0,0
0.0,1,21,1,0.0,0.0,0,0,0,0.0,0,0,0.0,0,0,0.0,0.0,0,0,0,0,0,2.0,1.0,0.0,0.0,1.0,1.0,0.5,1.0,0.0,255.0,1.0,0.0,1.0,1.0,0.0,0.0,0.0,1.0,1.0,0
0.0,1,27,2,0.0,0.0,0,0,0,0.0,0,0,0.0,0,0,0.0,0.0,0,0,0,0,0,1.0,1.0,0.0,0.0,1.0,1.0,1.0,0.0,0.0,255.0,1.0,0.0,1.0,1.0,0.0,0.0,0.0,1.0,1.0,0
0.0,1,21,1,0.0,0.0,0,0,0,0.0,0,0,0.0,0,0,0.0,0.0,0,0,0,0,0,1.0,1.0,0.0,0.0,1.0,1.0,1.0,0.0,0.0,255.0,1.0,0.0,1.0,1.0,0.0,0.0,0.0,1.0,1.0,0
0.0,1,21,1,0.0,0.0,0,0,0,0.0,0,0,0.0,0,0,0.0,0.0,0,0,0,0,0,2.0,1.0,0.0,0.0,1.0,1.0,0.5,1.0,0.0,255.0,1.0,0.0,1.0,1.0,0.0,0.0,0.0,1.0,1.0,0
0.0,1,21,1,0.0,0.0,0,0,0,0.0,0,0,0.0,0,0,0.0,0.0,0,0,0,0,0,2.0,1.0,0.0,0.0,1.0,1.0,0.5,1.0,0.0,255.0,1.0,0.0,1.0,1.0,0.0,0.0,0.0,1.0,1.0,0
0.0,1,21,1,0.0,0.0,0,0,0,0.0,0,0,0.0,0,0,0.0,0.0,0,0,0,0,0,2.0,1.0,0.0,0.0,1.0,1.0,0.5,1.0,0.0,255.0,1.0,0.0,1.0,1.0,0.0,0.0,0.0,1.0,1.0,0
0.0,1,21,1,0.0,0.0,0,0,0,0.0,0,0,0.0,0,0,0.0,0.0,0,0,0,0,0,1.0,1.0,0.0,0.0,1.0,1.0,1.0,0.0,0.0,255.0,1.0,0.0,1.0,1.0,0.0,0.0,0.0,1.0,1.0,0
0.0,1,21,1,0.0,0.0,0,0,0,0.0,0,0,0.0,0,0,0.0,0.0,0,0,0,0,0,2.0,1.0,0.0,0.0,1.0,1.0,0.5,1.0,0.0,255.0,1.0,0.0,1.0,1.0,0.0,0.0,0.0,1.0,1.0,0
0.0,1,21,1,0.0,0.0,0,0,0,0.0,0,0,0.0,0,0,0.0,0.0,0,0,0,0,0,2.0,1.0,0.0,0.0,1.0,1.0,0.5,1.0,0.0,255.0,1.0,0.0,1.0,1.0,0.0,0.0,0.0,1.0,1.0,0
0.0,1,21,1,0.0,0.0,0,0,0,0.0,0,0,0.0,0,0,0.0,0.0,0,0,0,0,0,1.0,1.0,0.0,0.0,1.0,1.0,1.0,0.0,0.0,255.0,1.0,0.0,1.0,1.0,0.0,0.0,0.0,1.0,1.0,0
0.0,1,21,1,0.0,0.0,0,0,0,0.0,0,0,0.0,0,0,0.0,0.0,0,0,0,0,0,2.0,1.0,0.0,0.0,1.0,1.0,0.5,1.0,0.0,255.0,1.0,0.0,1.0,1.0,0.0,0.0,0.0,1.0,1.0,0
0.0,1,21,1,0.0,0.0,0,0,0,0.0,0,0,0.0,0,0,0.0,0.0,0,0,0,0,0,1.0,1.0,0.0,0.0,1.0,1.0,1.0,0.0,0.0,255.0,1.0,0.0,1.0,1.0,0.0,0.0,0.0,1.0,1.0,0
0.0,1,21,1,0.0,0.0,0,0,0,0.0,0,0,0.0,0,0,0.0,0.0,0,0,0,0,0,2.0,1.0,0.0,0.0,1.0,1.0,0.5,1.0,0.0,255.0,1.0,0.0,1.0,1.0,0.0,0.0,0.0,1.0,1.0,0
0.0,1,21,1,0.0,0.0,0,0,0,0.0,0,0,0.0,0,0,0.0,0.0,0,0,0,0,0,2.0,1.0,0.0,0.0,1.0,1.0,0.5,1.0,0.0,255.0,1.0,0.0,1.0,1.0,0.0,0.0,0.0,1.0,1.0,0
0.0,1,21,1,0.0,0.0,0,0,0,0.0,0,0,0.0,0,0,0.0,0.0,0,0,0,0,0,2.0,1.0,0.0,0.0,1.0,1.0,0.5,1.0,0.0,255.0,1.0,0.0,1.0,1.0,0.0,0.0,0.0,1.0,1.0,0
0.0,1,21,1,0.0,0.0,0,0,0,0.0,0,0,0.0,0,0,0.0,0.0,0,0,0,0,0,2.0,1.0,0.0,0.0,1.0,1.0,0.5,1.0,0.0,255.0,1.0,0.0,1.0,1.0,0.0,0.0,0.0,1.0,1.0,0
0.0,1,21,1,0.0,0.0,0,0,0,0.0,0,0,0.0,0,0,0.0,0.0,0,0,0,0,0,2.0,1.0,0.0,0.0,1.0,1.0,0.5,1.0,0.0,255.0,1.0,0.0,1.0,1.0,0.0,0.0,0.0,1.0,1.0,0
0.0,1,21,1,0.0,0.0,0,0,0,0.0,0,0,0.0,0,0,0.0,0.0,0,0,0,0,0,2.0,1.0,0.0,0.0,1.0,1.0,0.5,1.0,0.0,255.0,1.0,0.0,1.0,1.0,0.0,0.0,0.0,1.0,1.0,0
0.0,1,21,1,0.0,0.0,0,0,0,0.0,0,0,0.0,0,0,0.0,0.0,0,0,0,0,0,2.0,1.0,0.0,0.0,1.0,1.0,0.5,1.0,0.0,255.0,1.0,0.0,1.0,1.0,0.0,0.0,0.0,1.0,1.0,0
0.0,0,5,6,8.0,0.0,0,0,0,0.0,0,0,0.0,0,0,0.0,0.0,0,0,0,0,0,1.0,1.0,0.0,0.0,0.0,0.0,1.0,0.0,0.0,1.0,1.0,1.0,0.0,1.0,0.0,0.0,0.0,0.0,0.0,0
0.0,1,21,1,0.0,0.0,0,0,0,0.0,0,0,0.0,0,0,0.0,0.0,0,0,0,0,0,2.0,1.0,0.0,0.0,1.0,1.0,0.5,1.0,0.0,255.0,1.0,0.0,0.11,0.03,0.0,0.5,0.0,0.04,1.0,0
0.0,1,21,1,0.0,0.0,0,0,0,0.0,0,0,0.0,0,0,0.0,0.0,0,0,0,0,0,1.0,1.0,0.0,0.0,1.0,1.0,1.0,0.0,0.0,255.0,1.0,0.0,0.21,0.15,0.0,0.38,0.0,0.15,1.0,0
0.0,1,21,1,0.0,0.0,0,0,0,0.0,0,0,0.0,0,0,0.0,0.0,0,0,0,0,0,2.0,1.0,0.0,0.0,1.0,1.0,0.5,1.0,0.0,255.0,1.0,0.0,0.25,0.18,0.0,0.34,0.0,0.19,1.0,0
0.0,1,21,1,0.0,0.0,0,0,0,0.0,0,0,0.0,0,0,0.0,0.0,0,0,0,0,0,2.0,1.0,0.0,0.0,1.0,1.0,0.5,1.0,0.0,255.0,1.0,0.0,0.29,0.22,0.0,0.3,0.0,0.23,1.0,0
0.0,1,21,1,0.0,0.0,0,0,0,0.0,0,0,0.0,0,0,0.0,0.0,0,0,0,0,0,2.0,1.0,0.0,0.0,1.0,1.0,0.5,1.0,0.0,255.0,1.0,0.0,0.33,0.26,0.0,0.26,0.0,0.27,1.0,0
0.0,1,21,1,0.0,0.0,0,0,0,0.0,0,0,0.0,0,0,0.0,0.0,0,0,0,0,0,2.0,1.0,0.0,0.0,1.0,1.0,0.5,1.0,0.0,255.0,1.0,0.0,0.4,0.34,0.0,0.18,0.0,0.35,1.0,0
0.0,1,21,1,0.0,0.0,0,0,0,0.0,0,0,0.0,0,0,0.0,0.0,0,0,0,0,0,2.0,1.0,0.0,0.0,1.0,1.0,0.5,1.0,0.0,255.0,1.0,0.0,0.44,0.38,0.0,0.15,0.0,0.39,1.0,0
0.0,1,21,1,0.0,0.0,0,0,0,0.0,0,0,0.0,0,0,0.0,0.0,0,0,0,0,0,2.0,1.0,0.0,0.0,1.0,1.0,0.5,1.0,0.0,255.0,1.0,0.0,0.48,0.42,0.0,0.11,0.0,0.43,1.0,0
0.0,1,21,1,0.0,0.0,0,0,0,0.0,0,0,0.0,0,0,0.0,0.0,0,0,0,0,0,2.0,1.0,0.0,0.0,1.0,1.0,0.5,1.0,0.0,255.0,1.0,0.0,0.55,0.5,0.0,0.03,0.0,0.51,1.0,0
0.0,1,21,1,0.0,0.0,0,0,0,0.0,0,0,0.0,0,0,0.0,0.0,0,0,0,0,0,2.0,1.0,0.0,0.0,1.0,1.0,0.5,1.0,0.0,255.0,1.0,0.0,0.58,0.54,0.0,0.01,0.0,0.55,1.0,0
0.0,1,21,1,0.0,0.0,0,0,0,0.0,0,0,0.0,0,0,0.0,0.0,0,0,0,0,0,2.0,1.0,0.0,0.0,1.0,1.0,0.5,1.0,0.0,255.0,1.0,0.0,0.62,0.58,0.0,0.01,0.0,0.58,1.0,0
0.0,1,21,1,0.0,0.0,0,0,0,0.0,0,0,0.0,0,0,0.0,0.0,0,0,0,0,0,2.0,1.0,0.0,0.0,1.0,1.0,0.5,1.0,0.0,255.0,1.0,0.0,0.64,0.62,0.0,0.0,0.0,0.62,1.0,0
0.0,1,21,1,0.0,0.0,0,0,0,0.0,0,0,0.0,0,0,0.0,0.0,0,0,0,0,0,2.0,1.0,0.0,0.0,1.0,1.0,0.5,1.0,0.0,255.0,1.0,0.0,0.67,0.65,0.0,0.0,0.0,0.65,1.0,0
0.0,1,21,1,0.0,0.0,0,0,0,0.0,0,0,0.0,0,0,0.0,0.0,0,0,0,0,0,2.0,1.0,0.0,0.0,1.0,1.0,0.5,1.0,0.0,255.0,1.0,0.0,0.75,0.73,0.0,0.0,0.0,0.73,1.0,0
0.0,1,21,1,0.0,0.0,0,0,0,0.0,0,0,0.0,0,0,0.0,0.0,0,0,0,0,0,2.0,1.0,0.0,0.0,1.0,1.0,0.5,1.0,0.0,255.0,1.0,0.0,0.78,0.77,0.0,0.0,0.0,0.77,1.0,0
0.0,1,21,1,0.0,0.0,0,0,0,0.0,0,0,0.0,0,0,0.0,0.0,0,0,0,0,0,2.0,1.0,0.0,0.0,1.0,1.0,0.5,1.0,0.0,255.0,1.0,0.0,0.9,0.89,0.0,0.0,0.0,0.89,1.0,0
0.0,1,21,1,0.0,0.0,0,0,0,0.0,0,0,0.0,0,0,0.0,0.0,0,0,0,0,0,2.0,1.0,0.0,0.0,1.0,1.0,0.5,1.0,0.0,255.0,1.0,0.0,0.94,0.93,0.0,0.0,0.0,0.93,1.0,0
0.0,1,21,1,0.0,0.0,0,0,0,0.0,0,0,0.0,0,0,0.0,0.0,0,0,0,0,0,2.0,1.0,0.0,0.0,1.0,1.0,0.5,1.0,0.0,255.0,1.0,0.0,0.98,0.97,0.0,0.0,0.0,0.97,1.0,0
0.0,1,21,1,0.0,0.0,0,0,0,0.0,0,0,0.0,0,0,0.0,0.0,0,0,0,0,0,1.0,1.0,0.0,0.0,1.0,1.0,1.0,0.0,0.0,255.0,1.0,0.0,1.0,1.0,0.0,0.0,0.0,1.0,1.0,0
0.0,1,21,1,0.0,0.0,0,0,0,0.0,0,0,0.0,0,0,0.0,0.0,0,0,0,0,0,2.0,1.0,0.0,0.0,1.0,1.0,0.5,1.0,0.0,255.0,1.0,0.0,1.0,1.0,0.0,0.0,0.0,1.0,1.0,0
0.0,1,21,1,0.0,0.0,0,0,0,0.0,0,0,0.0,0,0,0.0,0.0,0,0,0,0,0,2.0,1.0,0.0,0.0,1.0,1.0,0.5,1.0,0.0,255.0,1.0,0.0,1.0,1.0,0.0,0.0,0.0,1.0,1.0,0
0.0,1,21,1,0.0,0.0,0,0,0,0.0,0,0,0.0,0,0,0.0,0.0,0,0,0,0,0,2.0,1.0,0.0,0.0,1.0,1.0,0.5,1.0,0.0,255.0,1.0,0.0,1.0,1.0,0.0,0.0,0.0,1.0,1.0,0
0.0,1,21,1,0.0,0.0,0,0,0,0.0,0,0,0.0,0,0,0.0,0.0,0,0,0,0,0,2.0,1.0,0.0,0.0,1.0,1.0,0.5,1.0,0.0,255.0,1.0,0.0,1.0,1.0,0.0,0.0,0.0,1.0,1.0,0
0.0,1,21,1,0.0,0.0,0,0,0,0.0,0,0,0.0,0,0,0.0,0.0,0,0,0,0,0,2.0,1.0,0.0,0.0,1.0,1.0,0.5,1.0,0.0,255.0,1.0,0.0,1.0,1.0,0.0,0.0,0.0,1.0,1.0,0
0.0,1,30,2,0.0,0.0,0,0,0,0.0,0,0,0.0,0,0,0.0,0.0,0,0,0,0,0,1.0,1.0,0.0,0.0,1.0,1.0,1.0,0.0,0.0,255.0,1.0,0.0,1.0,1.0,0.0,0.0,0.0,1.0,1.0,0
0.0,1,21,1,0.0,0.0,0,0,0,0.0,0,0,0.0,0,0,0.0,0.0,0,0,0,0,0,2.0,1.0,0.0,0.0,1.0,1.0,0.5,1.0,0.0,255.0,1.0,0.0,1.0,1.0,0.0,0.0,0.0,1.0,1.0,0
0.0,1,21,1,0.0,0.0,0,0,0,0.0,0,0,0.0,0,0,0.0,0.0,0,0,0,0,0,1.0,1.0,0.0,0.0,1.0,1.0,1.0,0.0,0.0,255.0,1.0,0.0,1.0,1.0,0.0,0.0,0.0,1.0,1.0,0
0.0,1,21,1,0.0,0.0,0,0,0,0.0,0,0,0.0,0,0,0.0,0.0,0,0,0,0,0,2.0,1.0,0.0,0.0,1.0,1.0,0.5,1.0,0.0,255.0,1.0,0.0,1.0,1.0,0.0,0.0,0.0,1.0,1.0,0
0.0,1,21,1,0.0,0.0,0,0,0,0.0,0,0,0.0,0,0,0.0,0.0,0,0,0,0,0,2.0,1.0,0.0,0.0,1.0,1.0,0.5,1.0,0.0,255.0,1.0,0.0,1.0,1.0,0.0,0.0,0.0,1.0,1.0,0
0.0,1,21,1,0.0,0.0,0,0,0,0.0,0,0,0.0,0,0,0.0,0.0,0,0,0,0,0,2.0,1.0,0.0,0.0,1.0,1.0,0.5,1.0,0.0,255.0,1.0,0.0,1.0,1.0,0.0,0.0,0.0,1.0,1.0,0
0.0,1,21,1,0.0,0.0,0,0,0,0.0,0,0,0.0,0,0,0.0,0.0,0,0,0,0,0,2.0,1.0,0.0,0.0,1.0,1.0,0.5,1.0,0.0,255.0,1.0,0.0,1.0,1.0,0.0,0.0,0.0,1.0,1.0,0
0.0,1,21,1,0.0,0.0,0,0,0,0.0,0,0,0.0,0,0,0.0,0.0,0,0,0,0,0,2.0,1.0,0.0,0.0,1.0,1.0,0.5,1.0,0.0,255.0,1.0,0.0,1.0,1.0,0.0,0.0,0.0,1.0,1.0,0
0.0,1,21,1,0.0,0.0,0,0,0,0.0,0,0,0.0,0,0,0.0,0.0,0,0,0,0,0,2.0,1.0,0.0,0.0,1.0,1.0,0.5,1.0,0.0,255.0,1.0,0.0,1.0,1.0,0.0,0.0,0.0,1.0,1.0,0
0.0,1,21,1,0.0,0.0,0,0,0,0.0,0,0,0.0,0,0,0.0,0.0,0,0,0,0,0,2.0,1.0,0.0,0.0,1.0,1.0,0.5,1.0,0.0,255.0,1.0,0.0,1.0,1.0,0.0,0.0,0.0,1.0,1.0,0
0.0,1,21,1,0.0,0.0,0,0,0,0.0,0,0,0.0,0,0,0.0,0.0,0,0,0,0,0,2.0,1.0,0.0,0.0,1.0,1.0,0.5,1.0,0.0,255.0,1.0,0.0,1.0,1.0,0.0,0.0,0.0,1.0,1.0,0
0.0,1,21,1,0.0,0.0,0,0,0,0.0,0,0,0.0,0,0,0.0,0.0,0,0,0,0,0,2.0,1.0,0.0,0.0,1.0,1.0,0.5,1.0,0.0,255.0,1.0,0.0,1.0,1.0,0.0,0.0,0.0,1.0,1.0,0
0.0,1,21,1,0.0,0.0,0,0,0,0.0,0,0,0.0,0,0,0.0,0.0,0,0,0,0,0,1.0,1.0,0.0,0.0,1.0,1.0,1.0,0.0,0.0,255.0,1.0,0.0,1.0,1.0,0.0,0.0,0.0,1.0,1.0,0
0.0,1,21,1,0.0,0.0,0,0,0,0.0,0,0,0.0,0,0,0.0,0.0,0,0,0,0,0,1.0,1.0,0.0,0.0,1.0,1.0,1.0,0.0,0.0,255.0,1.0,0.0,1.0,1.0,0.0,0.0,0.0,1.0,1.0,0
0.0,1,21,1,0.0,0.0,0,0,0,0.0,0,0,0.0,0,0,0.0,0.0,0,0,0,0,0,1.0,1.0,0.0,0.0,1.0,1.0,1.0,0.0,0.0,255.0,1.0,0.0,1.0,1.0,0.0,0.0,0.0,1.0,1.0,0
0.0,1,21,1,0.0,0.0,0,0,0,0.0,0,0,0.0,0,0,0.0,0.0,0,0,0,0,0,1.0,1.0,0.0,0.0,1.0,1.0,1.0,0.0,0.0,255.0,1.0,0.0,1.0,1.0,0.0,0.0,0.0,1.0,1.0,0
0.0,1,21,1,0.0,0.0,0,0,0,0.0,0,0,0.0,0,0,0.0,0.0,0,0,0,0,0,2.0,1.0,0.0,0.0,1.0,1.0,0.5,1.0,0.0,255.0,1.0,0.0,1.0,1.0,0.0,0.0,0.0,1.0,1.0,0
0.0,1,21,1,0.0,0.0,0,0,0,0.0,0,0,0.0,0,0,0.0,0.0,0,0,0,0,0,2.0,1.0,0.0,0.0,1.0,1.0,0.5,1.0,0.0,255.0,1.0,0.0,1.0,1.0,0.0,0.0,0.0,1.0,1.0,0
0.0,1,21,1,0.0,0.0,0,0,0,0.0,0,0,0.0,0,0,0.0,0.0,0,0,0,0,0,2.0,1.0,0.0,0.0,1.0,1.0,0.5,1.0,0.0,255.0,1.0,0.0,1.0,1.0,0.0,0.0,0.0,1.0,1.0,0
0.0,1,21,1,0.0,0.0,0,0,0,0.0,0,0,0.0,0,0,0.0,0.0,0,0,0,0,0,2.0,1.0,0.0,0.0,1.0,1.0,0.5,1.0,0.0,255.0,1.0,0.0,1.0,1.0,0.0,0.0,0.0,1.0,1.0,0
0.0,1,21,1,0.0,0.0,0,0,0,0.0,0,0,0.0,0,0,0.0,0.0,0,0,0,0,0,2.0,1.0,0.0,0.0,1.0,1.0,0.5,1.0,0.0,255.0,1.0,0.0,1.0,1.0,0.0,0.0,0.0,1.0,1.0,0
0.0,1,21,1,0.0,0.0,0,0,0,0.0,0,0,0.0,0,0,0.0,0.0,0,0,0,0,0,2.0,1.0,0.0,0.0,1.0,1.0,0.5,1.0,0.0,255.0,1.0,0.0,1.0,1.0,0.0,0.0,0.0,1.0,1.0,0
0.0,1,21,1,0.0,0.0,0,0,0,0.0,0,0,0.0,0,0,0.0,0.0,0,0,0,0,0,2.0,1.0,0.0,0.0,1.0,1.0,0.5,1.0,0.0,255.0,1.0,0.0,1.0,1.0,0.0,0.0,0.0,1.0,1.0,0
0.0,1,21,1,0.0,0.0,0,0,0,0.0,0,0,0.0,0,0,0.0,0.0,0,0,0,0,0,2.0,1.0,0.0,0.0,1.0,1.0,0.5,1.0,0.0,255.0,1.0,0.0,1.0,1.0,0.0,0.0,0.0,1.0,1.0,0
0.0,1,21,1,0.0,0.0,0,0,0,0.0,0,0,0.0,0,0,0.0,0.0,0,0,0,0,0,2.0,1.0,0.0,0.0,1.0,1.0,0.5,1.0,0.0,255.0,1.0,0.0,1.0,1.0,0.0,0.0,0.0,1.0,1.0,0
0.0,1,21,1,0.0,0.0,0,0,0,0.0,0,0,0.0,0,0,0.0,0.0,0,0,0,0,0,1.0,1.0,0.0,0.0,1.0,1.0,1.0,0.0,0.0,255.0,1.0,0.0,1.0,1.0,0.0,0.0,0.0,1.0,1.0,0
0.0,1,21,1,0.0,0.0,0,0,0,0.0,0,0,0.0,0,0,0.0,0.0,0,0,0,0,0,2.0,1.0,0.0,0.0,1.0,1.0,0.5,1.0,0.0,255.0,1.0,0.0,1.0,1.0,0.0,0.0,0.0,1.0,1.0,0
0.0,1,26,2,0.0,0.0,0,0,0,0.0,0,0,0.0,0,0,0.0,0.0,0,0,0,0,0,2.0,1.0,0.0,0.0,1.0,1.0,0.5,1.0,0.0,255.0,1.0,0.0,1.0,1.0,0.0,0.0,0.0,1.0,1.0,0
0.0,1,21,1,0.0,0.0,0,0,0,0.0,0,0,0.0,0,0,0.0,0.0,0,0,0,0,0,2.0,1.0,0.0,0.0,1.0,1.0,0.5,1.0,0.0,255.0,1.0,0.0,1.0,1.0,0.0,0.0,0.0,1.0,1.0,0
0.0,1,21,1,0.0,0.0,0,0,0,0.0,0,0,0.0,0,0,0.0,0.0,0,0,0,0,0,2.0,1.0,0.0,0.0,1.0,1.0,0.5,1.0,0.0,255.0,1.0,0.0,1.0,1.0,0.0,0.0,0.0,1.0,1.0,0
0.0,1,21,1,0.0,0.0,0,0,0,0.0,0,0,0.0,0,0,0.0,0.0,0,0,0,0,0,2.0,1.0,0.0,0.0,1.0,1.0,0.5,1.0,0.0,255.0,1.0,0.0,1.0,1.0,0.0,0.0,0.0,1.0,1.0,0
0.0,1,21,1,0.0,0.0,0,0,0,0.0,0,0,0.0,0,0,0.0,0.0,0,0,0,0,0,1.0,1.0,0.0,0.0,1.0,1.0,1.0,0.0,0.0,255.0,1.0,0.0,1.0,1.0,0.0,0.0,0.0,1.0,1.0,0
0.0,1,21,1,0.0,0.0,0,0,0,0.0,0,0,0.0,0,0,0.0,0.0,0,0,0,0,0,2.0,1.0,0.0,0.0,1.0,1.0,0.5,1.0,0.0,255.0,1.0,0.0,1.0,1.0,0.0,0.0,0.0,1.0,1.0,0
0.0,1,21,1,0.0,0.0,0,0,0,0.0,0,0,0.0,0,0,0.0,0.0,0,0,0,0,0,2.0,1.0,0.0,0.0,1.0,1.0,0.5,1.0,0.0,255.0,1.0,0.0,1.0,1.0,0.0,0.0,0.0,1.0,1.0,0
0.0,1,21,1,0.0,0.0,0,0,0,0.0,0,0,0.0,0,0,0.0,0.0,0,0,0,0,0,2.0,1.0,0.0,0.0,1.0,1.0,0.5,1.0,0.0,255.0,1.0,0.0,1.0,1.0,0.0,0.0,0.0,1.0,1.0,0
0.0,1,21,1,0.0,0.0,0,0,0,0.0,0,0,0.0,0,0,0.0,0.0,0,0,0,0,0,2.0,1.0,0.0,0.0,1.0,1.0,0.5,1.0,0.0,255.0,1.0,0.0,1.0,1.0,0.0,0.0,0.0,1.0,1.0,0
0.0,1,34,1,0.0,0.0,0,0,0,0.0,0,0,0.0,0,0,0.0,0.0,0,0,0,0,0,2.0,1.0,0.0,0.0,1.0,1.0,0.5,1.0,0.0,255.0,1.0,0.0,1.0,1.0,0.0,0.0,0.0,1.0,1.0,0
0.0,1,21,1,0.0,0.0,0,0,0,0.0,0,0,0.0,0,0,0.0,0.0,0,0,0,0,0,2.0,1.0,0.0,0.0,1.0,1.0,0.5,1.0,0.0,255.0,1.0,0.0,1.0,1.0,0.0,0.0,0.0,1.0,1.0,0
0.0,1,21,1,0.0,0.0,0,0,0,0.0,0,0,0.0,0,0,0.0,0.0,0,0,0,0,0,2.0,1.0,0.0,0.0,1.0,1.0,0.5,1.0,0.0,255.0,1.0,0.0,1.0,1.0,0.0,0.0,0.0,1.0,1.0,0
0.0,1,21,1,0.0,0.0,0,0,0,0.0,0,0,0.0,0,0,0.0,0.0,0,0,0,0,0,2.0,1.0,0.0,0.0,1.0,1.0,0.5,1.0,0.0,255.0,1.0,0.0,1.0,1.0,0.0,0.0,0.0,1.0,1.0,0
0.0,1,21,1,0.0,0.0,0,0,0,0.0,0,0,0.0,0,0,0.0,0.0,0,0,0,0,0,2.0,1.0,0.0,0.0,1.0,1.0,0.5,1.0,0.0,255.0,1.0,0.0,1.0,1.0,0.0,0.0,0.0,1.0,1.0,0
0.0,1,12,1,0.0,0.0,0,0,0,0.0,0,0,0.0,0,0,0.0,0.0,0,0,0,0,0,2.0,1.0,0.0,0.0,1.0,1.0,0.5,1.0,0.0,255.0,1.0,0.0,1.0,1.0,0.0,0.0,0.0,1.0,1.0,0
0.0,1,21,1,0.0,0.0,0,0,0,0.0,0,0,0.0,0,0,0.0,0.0,0,0,0,0,0,2.0,1.0,0.0,0.0,1.0,1.0,0.5,1.0,0.0,255.0,1.0,0.0,1.0,1.0,0.0,0.0,0.0,1.0,1.0,0
0.0,1,21,1,0.0,0.0,0,0,0,0.0,0,0,0.0,0,0,0.0,0.0,0,0,0,0,0,2.0,1.0,0.0,0.0,1.0,1.0,0.5,1.0,0.0,255.0,1.0,0.0,1.0,1.0,0.0,0.0,0.0,1.0,1.0,0
0.0,1,21,1,0.0,0.0,0,0,0,0.0,0,0,0.0,0,0,0.0,0.0,0,0,0,0,0,2.0,1.0,0.0,0.0,1.0,1.0,0.5,1.0,0.0,255.0,1.0,0.0,1.0,1.0,0.0,0.0,0.0,1.0,1.0,0
0.0,1,21,1,0.0,0.0,0,0,0,0.0,0,0,0.0,0,0,0.0,0.0,0,0,0,0,0,2.0,1.0,0.0,0.0,1.0,1.0,0.5,1.0,0.0,255.0,1.0,0.0,1.0,1.0,0.0,0.0,0.0,1.0,1.0,0
0.0,1,21,1,0.0,0.0,0,0,0,0.0,0,0,0.0,0,0,0.0,0.0,0,0,0,0,0,2.0,1.0,0.0,0.0,1.0,1.0,0.5,1.0,0.0,255.0,1.0,0.0,1.0,1.0,0.0,0.0,0.0,1.0,1.0,0
0.0,1,21,1,0.0,0.0,0,0,0,0.0,0,0,0.0,0,0,0.0,0.0,0,0,0,0,0,2.0,1.0,0.0,0.0,1.0,1.0,0.5,1.0,0.0,255.0,1.0,0.0,1.0,1.0,0.0,0.0,0.0,1.0,1.0,0
0.0,1,33,1,0.0,0.0,0,0,0,0.0,0,0,0.0,0,0,0.0,0.0,0,0,0,0,0,2.0,1.0,0.0,0.0,1.0,1.0,0.5,1.0,0.0,255.0,1.0,0.0,1.0,1.0,0.0,0.0,0.0,1.0,1.0,0
0.0,1,21,5,0.0,0.0,0,0,0,0.0,0,0,0.0,0,0,0.0,0.0,0,0,0,0,0,1.0,1.0,1.0,1.0,0.0,0.0,1.0,0.0,0.0,255.0,1.0,0.0,1.0,1.0,0.0,0.01,1.0,0.99,0.0,0
0.0,1,21,1,0.0,0.0,0,0,0,0.0,0,0,0.0,0,0,0.0,0.0,0,0,0,0,0,1.0,1.0,0.0,0.0,1.0,1.0,1.0,0.0,0.0,255.0,1.0,0.0,1.0,1.0,0.0,0.02,0.0,0.98,1.0,0
0.0,1,21,5,0.0,0.0,0,0,0,0.0,0,0,0.0,0,0,0.0,0.0,0,0,0,0,0,2.0,1.0,0.5,1.0,0.5,0.0,0.5,1.0,0.0,255.0,1.0,0.0,1.0,1.0,0.0,0.04,1.0,0.96,0.0,0
0.0,1,21,4,0.0,0.0,0,0,0,0.0,0,0,0.0,0,0,0.0,0.0,0,0,0,0,0,1.0,1.0,0.0,0.0,1.0,1.0,1.0,0.0,0.0,54.0,1.0,0.02,0.17,0.11,0.0,0.11,0.0,0.11,1.0,0
0.0,1,21,4,0.0,0.0,0,0,0,0.0,0,0,0.0,0,0,0.0,0.0,0,0,0,0,0,1.0,1.0,0.0,0.0,1.0,1.0,1.0,0.0,0.0,64.0,1.0,0.02,0.3,0.25,0.0,0.09,0.0,0.25,1.0,0
0.0,1,21,4,0.0,0.0,0,0,0,0.0,0,0,0.0,0,0,0.0,0.0,0,0,0,0,0,1.0,1.0,0.0,0.0,1.0,1.0,1.0,0.0,0.0,74.0,1.0,0.01,0.36,0.35,0.0,0.08,0.0,0.32,1.0,0
0.0,1,21,4,0.0,0.0,0,0,0,0.0,0,0,0.0,0,0,0.0,0.0,0,0,0,0,0,1.0,1.0,0.0,0.0,1.0,1.0,1.0,0.0,0.0,84.0,1.0,0.01,0.44,0.43,0.0,0.07,0.0,0.4,1.0,0
0.0,1,21,4,0.0,0.0,0,0,0,0.0,0,0,0.0,0,0,0.0,0.0,0,0,0,0,0,1.0,1.0,0.0,0.0,1.0,1.0,1.0,0.0,0.0,114.0,1.0,0.01,0.59,0.58,0.0,0.05,0.0,0.56,1.0,0
0.0,1,21,4,0.0,0.0,0,0,0,0.0,0,0,0.0,0,0,0.0,0.0,0,0,0,0,0,1.0,1.0,0.0,0.0,1.0,1.0,1.0,0.0,0.0,124.0,1.0,0.01,0.62,0.61,0.0,0.05,0.0,0.6,1.0,0
0.0,1,21,4,0.0,0.0,0,0,0,0.0,0,0,0.0,0,0,0.0,0.0,0,0,0,0,0,1.0,1.0,0.0,0.0,1.0,1.0,1.0,0.0,0.0,134.0,1.0,0.01,0.64,0.64,0.0,0.04,0.0,0.63,1.0,0
0.0,1,21,0,0.0,0.0,0,0,0,0.0,0,0,0.0,0,0,0.0,0.0,0,0,0,0,0,1.0,1.0,0.0,0.0,0.0,0.0,1.0,0.0,0.0,144.0,1.0,0.01,0.67,0.67,0.0,0.04,0.0,0.65,0.0,0
0.0,1,21,0,0.0,0.0,0,0,0,0.0,0,0,0.0,0,0,0.0,0.0,0,0,0,0,0,1.0,1.0,0.0,0.0,0.0,0.0,1.0,0.0,0.0,164.0,1.0,0.01,0.71,0.71,0.0,0.04,0.0,0.62,0.0,0
0.0,1,21,0,0.0,0.0,0,0,0,0.0,0,0,0.0,0,0,0.0,0.0,0,0,0,0,0,1.0,1.0,0.0,0.0,0.0,0.0,1.0,0.0,0.0,174.0,1.0,0.01,0.72,0.72,0.0,0.03,0.0,0.63,0.0,0
0.0,1,21,0,0.0,0.0,0,0,0,0.0,0,0,0.0,0,0,0.0,0.0,0,0,0,0,0,1.0,1.0,0.0,0.0,0.0,0.0,1.0,0.0,0.0,184.0,1.0,0.01,0.74,0.74,0.0,0.03,0.0,0.63,0.0,0
0.0,1,21,4,0.0,0.0,0,0,0,0.0,0,0,0.0,0,0,0.0,0.0,0,0,0,0,0,1.0,1.0,0.0,0.0,1.0,1.0,1.0,0.0,0.0,194.0,1.0,0.01,0.75,0.75,0.0,0.03,0.0,0.63,1.0,0
0.0,1,21,0,0.0,0.0,0,0,0,0.0,0,0,0.0,0,0,0.0,0.0,0,0,0,0,0,1.0,1.0,0.0,0.0,0.0,0.0,1.0,0.0,0.0,204.0,1.0,0.0,0.76,0.76,0.0,0.03,0.0,0.63,0.0,0
36438.0,1,21,3,0.0,0.0,0,0,0,0.0,0,0,0.0,0,0,0.0,0.0,0,0,0,0,0,1.0,1.0,0.0,0.0,1.0,1.0,1.0,0.0,0.0,76.0,1.0,0.01,0.11,0.05,0.0,0.0,0.0,0.05,1.0,0
0.0,1,21,4,0.0,0.0,0,0,0,0.0,0,0,0.0,0,0,0.0,0.0,0,0,0,0,0,1.0,1.0,0.0,0.0,1.0,1.0,1.0,0.0,0.0,177.0,1.0,0.01,0.08,0.05,0.0,0.0,0.0,0.06,1.0,0
0.0,1,21,4,0.0,0.0,0,0,0,0.0,0,0,0.0,0,0,0.0,0.0,0,0,0,0,0,1.0,1.0,0.0,0.0,1.0,1.0,1.0,0.0,0.0,187.0,1.0,0.01,0.13,0.1,0.0,0.0,0.0,0.11,1.0,0
0.0,1,21,4,0.0,0.0,0,0,0,0.0,0,0,0.0,0,0,0.0,0.0,0,0,0,0,0,1.0,1.0,0.0,0.0,1.0,1.0,1.0,0.0,0.0,197.0,1.0,0.01,0.17,0.15,0.0,0.0,0.0,0.16,1.0,0
0.0,1,21,4,0.0,0.0,0,0,0,0.0,0,0,0.0,0,0,0.0,0.0,0,0,0,0,0,1.0,1.0,0.0,0.0,1.0,1.0,1.0,0.0,0.0,217.0,1.0,0.0,0.25,0.23,0.0,0.0,0.0,0.24,1.0,0
0.0,1,21,4,0.0,0.0,0,0,0,0.0,0,0,0.0,0,0,0.0,0.0,0,0,0,0,0,1.0,1.0,0.0,0.0,1.0,1.0,1.0,0.0,0.0,227.0,1.0,0.0,0.28,0.26,0.0,0.0,0.0,0.26,1.0,0
0.0,1,21,4,0.0,0.0,0,0,0,0.0,0,0,0.0,0,0,0.0,0.0,0,0,0,0,0,1.0,1.0,0.0,0.0,1.0,1.0,1.0,0.0,0.0,237.0,1.0,0.0,0.31,0.29,0.0,0.0,0.0,0.3,1.0,0
0.0,1,9,4,0.0,0.0,0,0,0,0.0,0,0,0.0,0,0,0.0,0.0,0,0,0,0,0,1.0,1.0,0.0,0.0,1.0,1.0,1.0,0.0,0.0,247.0,59.0,0.24,0.34,0.32,0.0,0.0,0.0,0.32,0.02,0
0.0,1,21,4,0.0,0.0,0,0,0,0.0,0,0,0.0,0,0,0.0,0.0,0,0,0,0,0,1.0,1.0,0.0,0.0,1.0,1.0,1.0,0.0,0.0,255.0,1.0,0.0,0.4,0.39,0.0,0.0,0.0,0.39,1.0,0
0.0,1,21,4,0.0,0.0,0,0,0,0.0,0,0,0.0,0,0,0.0,0.0,0,0,0,0,0,1.0,1.0,0.0,0.0,1.0,1.0,1.0,0.0,0.0,255.0,1.0,0.0,0.48,0.47,0.0,0.0,0.0,0.47,1.0,0
11.0,1,21,4,0.0,0.0,0,0,0,0.0,0,0,0.0,0,0,0.0,0.0,0,0,0,0,0,1.0,1.0,0.0,0.0,1.0,1.0,1.0,0.0,0.0,255.0,1.0,0.0,0.51,0.51,0.0,0.0,0.0,0.51,1.0,0
0.0,1,21,4,0.0,0.0,0,0,0,0.0,0,0,0.0,0,0,0.0,0.0,0,0,0,0,0,1.0,1.0,0.0,0.0,1.0,1.0,1.0,0.0,0.0,255.0,1.0,0.0,0.55,0.55,0.0,0.0,0.0,0.55,1.0,0
0.0,1,21,4,0.0,0.0,0,0,0,0.0,0,0,0.0,0,0,0.0,0.0,0,0,0,0,0,1.0,1.0,0.0,0.0,1.0,1.0,1.0,0.0,0.0,255.0,1.0,0.0,0.63,0.62,0.0,0.0,0.0,0.63,1.0,0
0.0,1,21,4,0.0,0.0,0,0,0,0.0,0,0,0.0,0,0,0.0,0.0,0,0,0,0,0,1.0,1.0,0.0,0.0,1.0,1.0,1.0,0.0,0.0,255.0,1.0,0.0,0.67,0.66,0.0,0.0,0.0,0.67,1.0,0
0.0,1,13,4,0.0,0.0,0,0,0,0.0,0,0,0.0,0,0,0.0,0.0,0,0,0,0,0,1.0,1.0,0.0,0.0,1.0,1.0,1.0,0.0,0.0,255.0,1.0,0.0,0.71,0.7,0.0,0.0,0.0,0.7,1.0,0
16.0,1,21,4,0.0,0.0,0,0,0,0.0,0,0,0.0,0,0,0.0,0.0,0,0,0,0,0,1.0,1.0,0.0,0.0,1.0,1.0,1.0,0.0,0.0,255.0,1.0,0.0,0.75,0.74,0.0,0.0,0.0,0.74,1.0,0
0.0,1,21,4,0.0,0.0,0,0,0,0.0,0,0,0.0,0,0,0.0,0.0,0,0,0,0,0,1.0,1.0,0.0,0.0,1.0,1.0,1.0,0.0,0.0,255.0,1.0,0.0,0.78,0.78,0.0,0.0,0.0,0.78,1.0,0
0.0,1,21,4,0.0,0.0,0,0,0,0.0,0,0,0.0,0,0,0.0,0.0,0,0,0,0,0,1.0,1.0,0.0,0.0,1.0,1.0,1.0,0.0,0.0,255.0,1.0,0.0,0.82,0.82,0.0,0.0,0.0,0.82,1.0,0
0.0,1,21,4,0.0,0.0,0,0,0,0.0,0,0,0.0,0,0,0.0,0.0,0,0,0,0,0,1.0,1.0,0.0,0.0,1.0,1.0,1.0,0.0,0.0,255.0,1.0,0.0,0.86,0.86,0.0,0.0,0.0,0.85,1.0,0
0.0,1,21,4,0.0,0.0,0,0,0,0.0,0,0,0.0,0,0,0.0,0.0,0,0,0,0,0,1.0,1.0,0.0,0.0,1.0,1.0,1.0,0.0,0.0,255.0,1.0,0.0,0.9,0.9,0.0,0.0,0.0,0.89,1.0,0
9.0,1,21,4,0.0,0.0,0,0,0,0.0,0,0,0.0,0,0,0.0,0.0,0,0,0,0,0,1.0,1.0,0.0,0.0,1.0,1.0,1.0,0.0,0.0,255.0,1.0,0.0,0.94,0.94,0.0,0.0,0.0,0.93,1.0,0
0.0,1,21,4,0.0,0.0,0,0,0,0.0,0,0,0.0,0,0,0.0,0.0,0,0,0,0,0,1.0,1.0,0.0,0.0,1.0,1.0,1.0,0.0,0.0,255.0,1.0,0.0,0.98,0.98,0.0,0.0,0.0,0.97,1.0,0
0.0,1,21,4,0.0,0.0,0,0,0,0.0,0,0,0.0,0,0,0.0,0.0,0,0,0,0,0,1.0,1.0,0.0,0.0,1.0,1.0,1.0,0.0,0.0,255.0,1.0,0.0,1.0,1.0,0.0,0.0,0.0,1.0,1.0,0
0.0,1,21,4,0.0,0.0,0,0,0,0.0,0,0,0.0,0,0,0.0,0.0,0,0,0,0,0,1.0,1.0,0.0,0.0,1.0,1.0,1.0,0.0,0.0,255.0,1.0,0.0,1.0,1.0,0.0,0.0,0.0,1.0,1.0,0
0.0,1,21,4,0.0,0.0,0,0,0,0.0,0,0,0.0,0,0,0.0,0.0,0,0,0,0,0,1.0,1.0,0.0,0.0,1.0,1.0,1.0,0.0,0.0,255.0,1.0,0.0,1.0,1.0,0.0,0.0,0.0,1.0,1.0,0
0.0,1,21,4,0.0,0.0,0,0,0,0.0,0,0,0.0,0,0,0.0,0.0,0,0,0,0,0,1.0,1.0,0.0,0.0,1.0,1.0,1.0,0.0,0.0,255.0,1.0,0.0,1.0,1.0,0.0,0.0,0.0,1.0,1.0,0
0.0,1,21,4,0.0,0.0,0,0,0,0.0,0,0,0.0,0,0,0.0,0.0,0,0,0,0,0,1.0,1.0,0.0,0.0,1.0,1.0,1.0,0.0,0.0,255.0,1.0,0.0,1.0,1.0,0.0,0.0,0.0,1.0,1.0,0
0.0,1,21,4,0.0,0.0,0,0,0,0.0,0,0,0.0,0,0,0.0,0.0,0,0,0,0,0,1.0,1.0,0.0,0.0,1.0,1.0,1.0,0.0,0.0,255.0,1.0,0.0,1.0,1.0,0.0,0.0,0.0,1.0,1.0,0
0.0,1,21,4,0.0,0.0,0,0,0,0.0,0,0,0.0,0,0,0.0,0.0,0,0,0,0,0,1.0,1.0,0.0,0.0,1.0,1.0,1.0,0.0,0.0,255.0,1.0,0.0,1.0,1.0,0.0,0.0,0.0,1.0,1.0,0
0.0,1,21,4,0.0,0.0,0,0,0,0.0,0,0,0.0,0,0,0.0,0.0,0,0,0,0,0,1.0,1.0,0.0,0.0,1.0,1.0,1.0,0.0,0.0,255.0,1.0,0.0,1.0,1.0,0.0,0.0,0.0,1.0,1.0,0
0.0,1,21,4,0.0,0.0,0,0,0,0.0,0,0,0.0,0,0,0.0,0.0,0,0,0,0,0,1.0,1.0,0.0,0.0,1.0,1.0,1.0,0.0,0.0,255.0,1.0,0.0,1.0,1.0,0.0,0.0,0.0,1.0,1.0,0
0.0,1,21,4,0.0,0.0,0,0,0,0.0,0,0,0.0,0,0,0.0,0.0,0,0,0,0,0,1.0,1.0,0.0,0.0,1.0,1.0,1.0,0.0,0.0,255.0,1.0,0.0,1.0,1.0,0.0,0.0,0.0,1.0,1.0,0
0.0,1,21,4,0.0,0.0,0,0,0,0.0,0,0,0.0,0,0,0.0,0.0,0,0,0,0,0,1.0,1.0,0.0,0.0,1.0,1.0,1.0,0.0,0.0,255.0,1.0,0.0,1.0,1.0,0.0,0.0,0.0,1.0,1.0,0
0.0,1,21,4,0.0,0.0,0,0,0,0.0,0,0,0.0,0,0,0.0,0.0,0,0,0,0,0,1.0,1.0,0.0,0.0,1.0,1.0,1.0,0.0,0.0,255.0,1.0,0.0,1.0,1.0,0.0,0.0,0.0,1.0,1.0,0
0.0,1,21,4,0.0,0.0,0,0,0,0.0,0,0,0.0,0,0,0.0,0.0,0,0,0,0,0,1.0,1.0,0.0,0.0,1.0,1.0,1.0,0.0,0.0,255.0,1.0,0.0,1.0,1.0,0.0,0.0,0.0,1.0,1.0,0
0.0,1,21,4,0.0,0.0,0,0,0,0.0,0,0,0.0,0,0,0.0,0.0,0,0,0,0,0,1.0,1.0,0.0,0.0,1.0,1.0,1.0,0.0,0.0,255.0,1.0,0.0,1.0,1.0,0.0,0.0,0.0,1.0,1.0,0
0.0,1,21,4,0.0,0.0,0,0,0,0.0,0,0,0.0,0,0,0.0,0.0,0,0,0,0,0,1.0,1.0,0.0,0.0,1.0,1.0,1.0,0.0,0.0,255.0,1.0,0.0,1.0,1.0,0.0,0.0,0.0,1.0,1.0,0
12.0,1,21,4,0.0,0.0,0,0,0,0.0,0,0,0.0,0,0,0.0,0.0,0,0,0,0,0,1.0,1.0,0.0,0.0,1.0,1.0,1.0,0.0,0.0,255.0,1.0,0.0,1.0,1.0,0.0,0.0,0.0,1.0,1.0,0
0.0,1,21,4,0.0,0.0,0,0,0,0.0,0,0,0.0,0,0,0.0,0.0,0,0,0,0,0,1.0,1.0,0.0,0.0,1.0,1.0,1.0,0.0,0.0,255.0,1.0,0.0,1.0,1.0,0.0,0.0,0.0,1.0,1.0,0
0.0,1,21,4,0.0,0.0,0,0,0,0.0,0,0,0.0,0,0,0.0,0.0,0,0,0,0,0,1.0,1.0,0.0,0.0,1.0,1.0,1.0,0.0,0.0,255.0,1.0,0.0,1.0,1.0,0.0,0.0,0.0,1.0,1.0,0
0.0,1,21,4,0.0,0.0,0,0,0,0.0,0,0,0.0,0,0,0.0,0.0,0,0,0,0,0,1.0,1.0,0.0,0.0,1.0,1.0,1.0,0.0,0.0,255.0,1.0,0.0,1.0,1.0,0.0,0.0,0.0,1.0,1.0,0
0.0,1,21,4,0.0,0.0,0,0,0,0.0,0,0,0.0,0,0,0.0,0.0,0,0,0,0,0,1.0,1.0,0.0,0.0,1.0,1.0,1.0,0.0,0.0,255.0,1.0,0.0,1.0,1.0,0.0,0.0,0.0,1.0,1.0,0
22.0,1,21,4,0.0,0.0,0,0,0,0.0,0,0,0.0,0,0,0.0,0.0,0,0,0,0,0,1.0,1.0,0.0,0.0,1.0,1.0,1.0,0.0,0.0,255.0,1.0,0.0,1.0,1.0,0.0,0.0,0.0,1.0,1.0,0
0.0,1,21,4,0.0,0.0,0,0,0,0.0,0,0,0.0,0,0,0.0,0.0,0,0,0,0,0,1.0,1.0,0.0,0.0,1.0,1.0,1.0,0.0,0.0,255.0,1.0,0.0,1.0,1.0,0.0,0.0,0.0,1.0,1.0,0
0.0,1,21,4,0.0,0.0,0,0,0,0.0,0,0,0.0,0,0,0.0,0.0,0,0,0,0,0,1.0,1.0,0.0,0.0,1.0,1.0,1.0,0.0,0.0,255.0,1.0,0.0,1.0,1.0,0.0,0.0,0.0,1.0,1.0,0
0.0,1,21,4,0.0,0.0,0,0,0,0.0,0,0,0.0,0,0,0.0,0.0,0,0,0,0,0,1.0,1.0,0.0,0.0,1.0,1.0,1.0,0.0,0.0,255.0,1.0,0.0,1.0,1.0,0.0,0.0,0.0,1.0,1.0,0
0.0,1,21,4,0.0,0.0,0,0,0,0.0,0,0,0.0,0,0,0.0,0.0,0,0,0,0,0,1.0,1.0,0.0,0.0,1.0,1.0,1.0,0.0,0.0,255.0,1.0,0.0,1.0,1.0,0.0,0.0,0.0,1.0,1.0,0
0.0,1,21,4,0.0,0.0,0,0,0,0.0,0,0,0.0,0,0,0.0,0.0,0,0,0,0,0,1.0,1.0,0.0,0.0,1.0,1.0,1.0,0.0,0.0,255.0,1.0,0.0,1.0,1.0,0.0,0.0,0.0,1.0,1.0,0
0.0,1,21,4,0.0,0.0,0,0,0,0.0,0,0,0.0,0,0,0.0,0.0,0,0,0,0,0,1.0,1.0,0.0,0.0,1.0,1.0,1.0,0.0,0.0,255.0,1.0,0.0,1.0,1.0,0.0,0.0,0.0,1.0,1.0,0
0.0,1,21,4,0.0,0.0,0,0,0,0.0,0,0,0.0,0,0,0.0,0.0,0,0,0,0,0,1.0,1.0,0.0,0.0,1.0,1.0,1.0,0.0,0.0,255.0,1.0,0.0,1.0,1.0,0.0,0.0,0.0,1.0,1.0,0
0.0,1,21,4,0.0,0.0,0,0,0,0.0,0,0,0.0,0,0,0.0,0.0,0,0,0,0,0,1.0,1.0,0.0,0.0,1.0,1.0,1.0,0.0,0.0,255.0,1.0,0.0,1.0,1.0,0.0,0.0,0.0,1.0,1.0,0
0.0,1,21,4,0.0,0.0,0,0,0,0.0,0,0,0.0,0,0,0.0,0.0,0,0,0,0,0,1.0,1.0,0.0,0.0,1.0,1.0,1.0,0.0,0.0,255.0,1.0,0.0,1.0,1.0,0.0,0.0,0.0,1.0,1.0,0
13.0,1,21,4,0.0,0.0,0,0,0,0.0,0,0,0.0,0,0,0.0,0.0,0,0,0,0,0,1.0,1.0,0.0,0.0,1.0,1.0,1.0,0.0,0.0,255.0,1.0,0.0,1.0,1.0,0.0,0.0,0.0,1.0,1.0,0
0.0,1,21,4,0.0,0.0,0,0,0,0.0,0,0,0.0,0,0,0.0,0.0,0,0,0,0,0,1.0,1.0,0.0,0.0,1.0,1.0,1.0,0.0,0.0,255.0,1.0,0.0,1.0,1.0,0.0,0.0,0.0,1.0,1.0,0
0.0,1,21,4,0.0,0.0,0,0,0,0.0,0,0,0.0,0,0,0.0,0.0,0,0,0,0,0,1.0,1.0,0.0,0.0,1.0,1.0,1.0,0.0,0.0,255.0,1.0,0.0,1.0,1.0,0.0,0.0,0.0,1.0,1.0,0
0.0,1,21,4,0.0,0.0,0,0,0,0.0,0,0,0.0,0,0,0.0,0.0,0,0,0,0,0,1.0,1.0,0.0,0.0,1.0,1.0,1.0,0.0,0.0,255.0,1.0,0.0,1.0,1.0,0.0,0.0,0.0,1.0,1.0,0
0.0,1,21,4,0.0,0.0,0,0,0,0.0,0,0,0.0,0,0,0.0,0.0,0,0,0,0,0,1.0,1.0,0.0,0.0,1.0,1.0,1.0,0.0,0.0,255.0,1.0,0.0,1.0,1.0,0.0,0.0,0.0,1.0,1.0,0
0.0,1,21,4,0.0,0.0,0,0,0,0.0,0,0,0.0,0,0,0.0,0.0,0,0,0,0,0,1.0,1.0,0.0,0.0,1.0,1.0,1.0,0.0,0.0,255.0,1.0,0.0,1.0,1.0,0.0,0.0,0.0,1.0,1.0,0
9.0,1,21,4,0.0,0.0,0,0,0,0.0,0,0,0.0,0,0,0.0,0.0,0,0,0,0,0,1.0,1.0,0.0,0.0,1.0,1.0,1.0,0.0,0.0,255.0,1.0,0.0,1.0,1.0,0.0,0.0,0.0,1.0,1.0,0
17.0,1,21,4,0.0,0.0,0,0,0,0.0,0,0,0.0,0,0,0.0,0.0,0,0,0,0,0,1.0,1.0,0.0,0.0,1.0,1.0,1.0,0.0,0.0,255.0,1.0,0.0,1.0,1.0,0.0,0.0,0.0,1.0,1.0,0
0.0,1,21,4,0.0,0.0,0,0,0,0.0,0,0,0.0,0,0,0.0,0.0,0,0,0,0,0,1.0,1.0,0.0,0.0,1.0,1.0,1.0,0.0,0.0,255.0,1.0,0.0,1.0,1.0,0.0,0.0,0.0,1.0,1.0,0
0.0,1,21,4,0.0,0.0,0,0,0,0.0,0,0,0.0,0,0,0.0,0.0,0,0,0,0,0,1.0,1.0,0.0,0.0,1.0,1.0,1.0,0.0,0.0,255.0,1.0,0.0,1.0,1.0,0.0,0.0,0.0,1.0,1.0,0
0.0,1,21,4,0.0,0.0,0,0,0,0.0,0,0,0.0,0,0,0.0,0.0,0,0,0,0,0,1.0,1.0,0.0,0.0,1.0,1.0,1.0,0.0,0.0,255.0,1.0,0.0,1.0,1.0,0.0,0.0,0.0,1.0,1.0,0
0.0,1,21,4,0.0,0.0,0,0,0,0.0,0,0,0.0,0,0,0.0,0.0,0,0,0,0,0,1.0,1.0,0.0,0.0,1.0,1.0,1.0,0.0,0.0,255.0,1.0,0.0,1.0,1.0,0.0,0.0,0.0,1.0,1.0,0
0.0,1,18,4,0.0,0.0,0,0,0,0.0,0,0,0.0,0,0,0.0,0.0,0,0,0,0,0,1.0,1.0,0.0,0.0,1.0,1.0,1.0,0.0,0.0,255.0,1.0,0.0,1.0,1.0,0.0,0.0,0.0,1.0,1.0,0
0.0,1,18,4,0.0,0.0,0,0,0,0.0,0,0,0.0,0,0,0.0,0.0,0,0,0,0,0,1.0,1.0,0.0,0.0,1.0,1.0,1.0,0.0,0.0,255.0,1.0,0.0,1.0,1.0,0.0,0.0,0.0,1.0,1.0,0
0.0,1,14,4,0.0,0.0,0,0,0,0.0,0,0,0.0,0,0,0.0,0.0,0,0,0,0,0,1.0,1.0,0.0,0.0,1.0,1.0,1.0,0.0,0.0,255.0,1.0,0.0,1.0,1.0,0.0,0.0,0.0,1.0,1.0,0
0.0,1,18,4,0.0,0.0,0,0,0,0.0,0,0,0.0,0,0,0.0,0.0,0,0,0,0,0,1.0,1.0,0.0,0.0,1.0,1.0,1.0,0.0,0.0,255.0,1.0,0.0,1.0,1.0,0.0,0.0,0.0,1.0,1.0,0
0.0,1,18,4,0.0,0.0,0,0,0,0.0,0,0,0.0,0,0,0.0,0.0,0,0,0,0,0,1.0,1.0,0.0,0.0,1.0,1.0,1.0,0.0,0.0,255.0,1.0,0.0,1.0,1.0,0.0,0.0,0.0,1.0,1.0,0
0.0,1,18,4,0.0,0.0,0,0,0,0.0,0,0,0.0,0,0,0.0,0.0,0,0,0,0,0,1.0,1.0,0.0,0.0,1.0,1.0,1.0,0.0,0.0,255.0,1.0,0.0,1.0,1.0,0.0,0.0,0.0,1.0,1.0,0
0.0,1,21,4,0.0,0.0,0,0,0,0.0,0,0,0.0,0,0,0.0,0.0,0,0,0,0,0,1.0,1.0,0.0,0.0,1.0,1.0,1.0,0.0,0.0,255.0,1.0,0.0,1.0,1.0,0.0,0.0,0.0,1.0,1.0,0
0.0,1,18,4,0.0,0.0,0,0,0,0.0,0,0,0.0,0,0,0.0,0.0,0,0,0,0,0,1.0,1.0,0.0,0.0,1.0,1.0,1.0,0.0,0.0,255.0,1.0,0.0,1.0,1.0,0.0,0.0,0.0,1.0,1.0,0
0.0,1,18,4,0.0,0.0,0,0,0,0.0,0,0,0.0,0,0,0.0,0.0,0,0,0,0,0,1.0,1.0,0.0,0.0,1.0,1.0,1.0,0.0,0.0,255.0,1.0,0.0,1.0,1.0,0.0,0.0,0.0,1.0,1.0,0
0.0,1,18,4,0.0,0.0,0,0,0,0.0,0,0,0.0,0,0,0.0,0.0,0,0,0,0,0,1.0,1.0,0.0,0.0,1.0,1.0,1.0,0.0,0.0,255.0,1.0,0.0,1.0,1.0,0.0,0.0,0.0,1.0,1.0,0
0.0,1,18,4,0.0,0.0,0,0,0,0.0,0,0,0.0,0,0,0.0,0.0,0,0,0,0,0,1.0,1.0,0.0,0.0,1.0,1.0,1.0,0.0,0.0,255.0,1.0,0.0,1.0,1.0,0.0,0.0,0.0,1.0,1.0,0
0.0,1,18,4,0.0,0.0,0,0,0,0.0,0,0,0.0,0,0,0.0,0.0,0,0,0,0,0,1.0,1.0,0.0,0.0,1.0,1.0,1.0,0.0,0.0,255.0,1.0,0.0,1.0,1.0,0.0,0.0,0.0,1.0,1.0,0
0.0,1,18,4,0.0,0.0,0,0,0,0.0,0,0,0.0,0,0,0.0,0.0,0,0,0,0,0,1.0,1.0,0.0,0.0,1.0,1.0,1.0,0.0,0.0,255.0,1.0,0.0,1.0,1.0,0.0,0.0,0.0,1.0,1.0,0
0.0,1,18,4,0.0,0.0,0,0,0,0.0,0,0,0.0,0,0,0.0,0.0,0,0,0,0,0,1.0,1.0,0.0,0.0,1.0,1.0,1.0,0.0,0.0,255.0,1.0,0.0,1.0,1.0,0.0,0.0,0.0,1.0,1.0,0
0.0,1,28,4,0.0,0.0,0,0,0,0.0,0,0,0.0,0,0,0.0,0.0,0,0,0,0,0,1.0,1.0,0.0,0.0,1.0,1.0,1.0,0.0,0.0,255.0,1.0,0.0,1.0,1.0,0.0,0.0,0.0,1.0,1.0,0
0.0,1,18,4,0.0,0.0,0,0,0,0.0,0,0,0.0,0,0,0.0,0.0,0,0,0,0,0,1.0,1.0,0.0,0.0,1.0,1.0,1.0,0.0,0.0,255.0,1.0,0.0,1.0,1.0,0.0,0.0,0.0,1.0,1.0,0
0.0,1,18,4,0.0,0.0,0,0,0,0.0,0,0,0.0,0,0,0.0,0.0,0,0,0,0,0,1.0,1.0,0.0,0.0,1.0,1.0,1.0,0.0,0.0,255.0,1.0,0.0,1.0,1.0,0.0,0.0,0.0,1.0,1.0,0
0.0,1,18,4,0.0,0.0,0,0,0,0.0,0,0,0.0,0,0,0.0,0.0,0,0,0,0,0,1.0,1.0,0.0,0.0,1.0,1.0,1.0,0.0,0.0,255.0,1.0,0.0,1.0,1.0,0.0,0.0,0.0,1.0,1.0,0
0.0,1,21,4,0.0,0.0,0,0,0,0.0,0,0,0.0,0,0,0.0,0.0,0,0,0,0,0,1.0,1.0,0.0,0.0,1.0,1.0,1.0,0.0,0.0,255.0,1.0,0.0,1.0,1.0,0.0,0.0,0.0,1.0,1.0,0
0.0,1,18,4,0.0,0.0,0,0,0,0.0,0,0,0.0,0,0,0.0,0.0,0,0,0,0,0,1.0,1.0,0.0,0.0,1.0,1.0,1.0,0.0,0.0,255.0,1.0,0.0,1.0,1.0,0.0,0.0,0.0,1.0,1.0,0
0.0,1,18,4,0.0,0.0,0,0,0,0.0,0,0,0.0,0,0,0.0,0.0,0,0,0,0,0,1.0,1.0,0.0,0.0,1.0,1.0,1.0,0.0,0.0,255.0,1.0,0.0,1.0,1.0,0.0,0.0,0.0,1.0,1.0,0
0.0,1,18,4,0.0,0.0,0,0,0,0.0,0,0,0.0,0,0,0.0,0.0,0,0,0,0,0,1.0,1.0,0.0,0.0,1.0,1.0,1.0,0.0,0.0,255.0,1.0,0.0,1.0,1.0,0.0,0.0,0.0,1.0,1.0,0
0.0,1,18,4,0.0,0.0,0,0,0,0.0,0,0,0.0,0,0,0.0,0.0,0,0,0,0,0,1.0,1.0,0.0,0.0,1.0,1.0,1.0,0.0,0.0,255.0,1.0,0.0,1.0,1.0,0.0,0.0,0.0,1.0,1.0,0
0.0,1,18,4,0.0,0.0,0,0,0,0.0,0,0,0.0,0,0,0.0,0.0,0,0,0,0,0,1.0,1.0,0.0,0.0,1.0,1.0,1.0,0.0,0.0,255.0,1.0,0.0,1.0,1.0,0.0,0.0,0.0,1.0,1.0,0
0.0,1,19,4,0.0,0.0,0,0,0,0.0,0,0,0.0,0,0,0.0,0.0,0,0,0,0,0,1.0,1.0,0.0,0.0,1.0,1.0,1.0,0.0,0.0,255.0,1.0,0.0,1.0,1.0,0.0,0.0,0.0,1.0,1.0,0
0.0,1,21,4,0.0,0.0,0,0,0,0.0,0,0,0.0,0,0,0.0,0.0,0,0,0,0,0,1.0,1.0,0.0,0.0,1.0,1.0,1.0,0.0,0.0,255.0,1.0,0.0,1.0,1.0,0.0,0.0,0.0,1.0,1.0,0
0.0,1,21,4,0.0,0.0,0,0,0,0.0,0,0,0.0,0,0,0.0,0.0,0,0,0,0,0,1.0,1.0,0.0,0.0,1.0,1.0,1.0,0.0,0.0,255.0,1.0,0.0,1.0,1.0,0.0,0.0,0.0,1.0,1.0,0
0.0,1,18,4,0.0,0.0,0,0,0,0.0,0,0,0.0,0,0,0.0,0.0,0,0,0,0,0,1.0,1.0,0.0,0.0,1.0,1.0,1.0,0.0,0.0,255.0,1.0,0.0,1.0,1.0,0.0,0.0,0.0,1.0,1.0,0
0.0,1,18,4,0.0,0.0,0,0,0,0.0,0,0,0.0,0,0,0.0,0.0,0,0,0,0,0,1.0,1.0,0.0,0.0,1.0,1.0,1.0,0.0,0.0,255.0,1.0,0.0,1.0,1.0,0.0,0.0,0.0,1.0,1.0,0
0.0,1,18,4,0.0,0.0,0,0,0,0.0,0,0,0.0,0,0,0.0,0.0,0,0,0,0,0,1.0,1.0,0.0,0.0,1.0,1.0,1.0,0.0,0.0,255.0,1.0,0.0,1.0,1.0,0.0,0.0,0.0,1.0,1.0,0
0.0,1,18,4,0.0,0.0,0,0,0,0.0,0,0,0.0,0,0,0.0,0.0,0,0,0,0,0,1.0,1.0,0.0,0.0,1.0,1.0,1.0,0.0,0.0,255.0,1.0,0.0,1.0,1.0,0.0,0.0,0.0,1.0,1.0,0
0.0,1,18,4,0.0,0.0,0,0,0,0.0,0,0,0.0,0,0,0.0,0.0,0,0,0,0,0,1.0,1.0,0.0,0.0,1.0,1.0,1.0,0.0,0.0,255.0,1.0,0.0,1.0,1.0,0.0,0.0,0.0,1.0,1.0,0
0.0,1,18,4,0.0,0.0,0,0,0,0.0,0,0,0.0,0,0,0.0,0.0,0,0,0,0,0,1.0,1.0,0.0,0.0,1.0,1.0,1.0,0.0,0.0,255.0,1.0,0.0,1.0,1.0,0.0,0.0,0.0,1.0,1.0,0
0.0,1,18,4,0.0,0.0,0,0,0,0.0,0,0,0.0,0,0,0.0,0.0,0,0,0,0,0,1.0,1.0,0.0,0.0,1.0,1.0,1.0,0.0,0.0,255.0,1.0,0.0,1.0,1.0,0.0,0.0,0.0,1.0,1.0,0
0.0,1,18,4,0.0,0.0,0,0,0,0.0,0,0,0.0,0,0,0.0,0.0,0,0,0,0,0,1.0,1.0,0.0,0.0,1.0,1.0,1.0,0.0,0.0,255.0,1.0,0.0,1.0,1.0,0.0,0.0,0.0,1.0,1.0,0
0.0,1,18,4,0.0,0.0,0,0,0,0.0,0,0,0.0,0,0,0.0,0.0,0,0,0,0,0,1.0,1.0,0.0,0.0,1.0,1.0,1.0,0.0,0.0,255.0,1.0,0.0,1.0,1.0,0.0,0.0,0.0,1.0,1.0,0
0.0,1,18,4,0.0,0.0,0,0,0,0.0,0,0,0.0,0,0,0.0,0.0,0,0,0,0,0,1.0,1.0,0.0,0.0,1.0,1.0,1.0,0.0,0.0,255.0,1.0,0.0,1.0,1.0,0.0,0.0,0.0,1.0,1.0,0
0.0,1,18,4,0.0,0.0,0,0,0,0.0,0,0,0.0,0,0,0.0,0.0,0,0,0,0,0,1.0,1.0,0.0,0.0,1.0,1.0,1.0,0.0,0.0,255.0,1.0,0.0,1.0,1.0,0.0,0.0,0.0,1.0,1.0,0
0.0,1,18,4,0.0,0.0,0,0,0,0.0,0,0,0.0,0,0,0.0,0.0,0,0,0,0,0,1.0,1.0,0.0,0.0,1.0,1.0,1.0,0.0,0.0,255.0,1.0,0.0,1.0,1.0,0.0,0.0,0.0,1.0,1.0,0
0.0,1,18,4,0.0,0.0,0,0,0,0.0,0,0,0.0,0,0,0.0,0.0,0,0,0,0,0,1.0,1.0,0.0,0.0,1.0,1.0,1.0,0.0,0.0,255.0,1.0,0.0,1.0,1.0,0.0,0.0,0.0,1.0,1.0,0
0.0,1,18,4,0.0,0.0,0,0,0,0.0,0,0,0.0,0,0,0.0,0.0,0,0,0,0,0,1.0,1.0,0.0,0.0,1.0,1.0,1.0,0.0,0.0,255.0,1.0,0.0,1.0,1.0,0.0,0.0,0.0,1.0,1.0,0
0.0,1,18,4,0.0,0.0,0,0,0,0.0,0,0,0.0,0,0,0.0,0.0,0,0,0,0,0,1.0,1.0,0.0,0.0,1.0,1.0,1.0,0.0,0.0,255.0,1.0,0.0,1.0,1.0,0.0,0.0,0.0,1.0,1.0,0
0.0,1,18,4,0.0,0.0,0,0,0,0.0,0,0,0.0,0,0,0.0,0.0,0,0,0,0,0,1.0,1.0,0.0,0.0,1.0,1.0,1.0,0.0,0.0,255.0,1.0,0.0,1.0,1.0,0.0,0.0,0.0,1.0,1.0,0
0.0,1,18,4,0.0,0.0,0,0,0,0.0,0,0,0.0,0,0,0.0,0.0,0,0,0,0,0,1.0,1.0,0.0,0.0,1.0,1.0,1.0,0.0,0.0,255.0,1.0,0.0,1.0,1.0,0.0,0.0,0.0,1.0,1.0,0
0.0,1,18,4,0.0,0.0,0,0,0,0.0,0,0,0.0,0,0,0.0,0.0,0,0,0,0,0,1.0,1.0,0.0,0.0,1.0,1.0,1.0,0.0,0.0,255.0,1.0,0.0,1.0,1.0,0.0,0.0,0.0,1.0,1.0,0
0.0,1,18,4,0.0,0.0,0,0,0,0.0,0,0,0.0,0,0,0.0,0.0,0,0,0,0,0,1.0,1.0,0.0,0.0,1.0,1.0,1.0,0.0,0.0,255.0,1.0,0.0,1.0,1.0,0.0,0.0,0.0,1.0,1.0,0
0.0,1,18,4,0.0,0.0,0,0,0,0.0,0,0,0.0,0,0,0.0,0.0,0,0,0,0,0,1.0,1.0,0.0,0.0,1.0,1.0,1.0,0.0,0.0,255.0,1.0,0.0,1.0,1.0,0.0,0.0,0.0,1.0,1.0,0
0.0,1,18,4,0.0,0.0,0,0,0,0.0,0,0,0.0,0,0,0.0,0.0,0,0,0,0,0,1.0,1.0,0.0,0.0,1.0,1.0,1.0,0.0,0.0,255.0,1.0,0.0,1.0,1.0,0.0,0.0,0.0,1.0,1.0,0
0.0,1,18,4,0.0,0.0,0,0,0,0.0,0,0,0.0,0,0,0.0,0.0,0,0,0,0,0,1.0,1.0,0.0,0.0,1.0,1.0,1.0,0.0,0.0,255.0,1.0,0.0,1.0,1.0,0.0,0.0,0.0,1.0,1.0,0
0.0,1,18,4,0.0,0.0,0,0,0,0.0,0,0,0.0,0,0,0.0,0.0,0,0,0,0,0,1.0,1.0,0.0,0.0,1.0,1.0,1.0,0.0,0.0,255.0,1.0,0.0,1.0,1.0,0.0,0.0,0.0,1.0,1.0,0
0.0,1,18,4,0.0,0.0,0,0,0,0.0,0,0,0.0,0,0,0.0,0.0,0,0,0,0,0,1.0,1.0,0.0,0.0,1.0,1.0,1.0,0.0,0.0,255.0,1.0,0.0,1.0,1.0,0.0,0.0,0.0,1.0,1.0,0
0.0,1,18,4,0.0,0.0,0,0,0,0.0,0,0,0.0,0,0,0.0,0.0,0,0,0,0,0,1.0,1.0,0.0,0.0,1.0,1.0,1.0,0.0,0.0,255.0,1.0,0.0,1.0,1.0,0.0,0.0,0.0,1.0,1.0,0
0.0,1,18,4,0.0,0.0,0,0,0,0.0,0,0,0.0,0,0,0.0,0.0,0,0,0,0,0,1.0,1.0,0.0,0.0,1.0,1.0,1.0,0.0,0.0,255.0,1.0,0.0,1.0,1.0,0.0,0.0,0.0,1.0,1.0,0
0.0,1,18,4,0.0,0.0,0,0,0,0.0,0,0,0.0,0,0,0.0,0.0,0,0,0,0,0,1.0,1.0,0.0,0.0,1.0,1.0,1.0,0.0,0.0,255.0,1.0,0.0,1.0,1.0,0.0,0.0,0.0,1.0,1.0,0
0.0,1,18,4,0.0,0.0,0,0,0,0.0,0,0,0.0,0,0,0.0,0.0,0,0,0,0,0,1.0,1.0,0.0,0.0,1.0,1.0,1.0,0.0,0.0,255.0,1.0,0.0,1.0,1.0,0.0,0.0,0.0,1.0,1.0,0
0.0,1,18,4,0.0,0.0,0,0,0,0.0,0,0,0.0,0,0,0.0,0.0,0,0,0,0,0,1.0,1.0,0.0,0.0,1.0,1.0,1.0,0.0,0.0,255.0,1.0,0.0,1.0,1.0,0.0,0.0,0.0,1.0,1.0,0
0.0,1,18,4,0.0,0.0,0,0,0,0.0,0,0,0.0,0,0,0.0,0.0,0,0,0,0,0,1.0,1.0,0.0,0.0,1.0,1.0,1.0,0.0,0.0,255.0,1.0,0.0,1.0,1.0,0.0,0.0,0.0,1.0,1.0,0
0.0,1,18,4,0.0,0.0,0,0,0,0.0,0,0,0.0,0,0,0.0,0.0,0,0,0,0,0,1.0,1.0,0.0,0.0,1.0,1.0,1.0,0.0,0.0,255.0,1.0,0.0,1.0,1.0,0.0,0.0,0.0,1.0,1.0,0
0.0,1,18,4,0.0,0.0,0,0,0,0.0,0,0,0.0,0,0,0.0,0.0,0,0,0,0,0,1.0,1.0,0.0,0.0,1.0,1.0,1.0,0.0,0.0,255.0,1.0,0.0,1.0,1.0,0.0,0.0,0.0,1.0,1.0,0
0.0,1,18,4,0.0,0.0,0,0,0,0.0,0,0,0.0,0,0,0.0,0.0,0,0,0,0,0,1.0,1.0,0.0,0.0,1.0,1.0,1.0,0.0,0.0,255.0,1.0,0.0,1.0,1.0,0.0,0.0,0.0,1.0,1.0,0
0.0,1,18,4,0.0,0.0,0,0,0,0.0,0,0,0.0,0,0,0.0,0.0,0,0,0,0,0,1.0,1.0,0.0,0.0,1.0,1.0,1.0,0.0,0.0,255.0,1.0,0.0,1.0,1.0,0.0,0.0,0.0,1.0,1.0,0
0.0,1,18,4,0.0,0.0,0,0,0,0.0,0,0,0.0,0,0,0.0,0.0,0,0,0,0,0,1.0,1.0,0.0,0.0,1.0,1.0,1.0,0.0,0.0,255.0,1.0,0.0,1.0,1.0,0.0,0.0,0.0,1.0,1.0,0
0.0,1,16,4,0.0,0.0,0,0,0,0.0,0,0,0.0,0,0,0.0,0.0,0,0,0,0,0,1.0,1.0,0.0,0.0,1.0,1.0,1.0,0.0,0.0,255.0,1.0,0.0,1.0,1.0,0.0,0.0,0.0,1.0,1.0,0
0.0,1,21,4,0.0,0.0,0,0,0,0.0,0,0,0.0,0,0,0.0,0.0,0,0,0,0,0,1.0,1.0,0.0,0.0,1.0,1.0,1.0,0.0,0.0,255.0,1.0,0.0,1.0,1.0,0.0,0.0,0.0,1.0,1.0,0
0.0,1,21,4,0.0,0.0,0,0,0,0.0,0,0,0.0,0,0,0.0,0.0,0,0,0,0,0,1.0,1.0,0.0,0.0,1.0,1.0,1.0,0.0,0.0,255.0,1.0,0.0,1.0,1.0,0.0,0.0,0.0,0.99,1.0,0
0.0,1,21,4,0.0,0.0,0,0,0,0.0,0,0,0.0,0,0,0.0,0.0,0,0,0,0,0,1.0,1.0,0.0,0.0,1.0,1.0,1.0,0.0,0.0,255.0,1.0,0.0,1.0,1.0,0.0,0.0,0.0,0.99,1.0,0
0.0,1,21,4,0.0,0.0,0,0,0,0.0,0,0,0.0,0,0,0.0,0.0,0,0,0,0,0,1.0,1.0,0.0,0.0,1.0,1.0,1.0,0.0,0.0,255.0,1.0,0.0,1.0,1.0,0.0,0.0,0.0,0.99,1.0,0
0.0,1,21,4,0.0,0.0,0,0,0,0.0,0,0,0.0,0,0,0.0,0.0,0,0,0,0,0,1.0,1.0,0.0,0.0,1.0,1.0,1.0,0.0,0.0,255.0,1.0,0.0,1.0,1.0,0.0,0.0,0.0,0.99,1.0,0
0.0,1,21,4,0.0,0.0,0,0,0,0.0,0,0,0.0,0,0,0.0,0.0,0,0,0,0,0,1.0,1.0,0.0,0.0,1.0,1.0,1.0,0.0,0.0,255.0,1.0,0.0,1.0,1.0,0.0,0.0,0.0,0.99,1.0,0
0.0,1,21,4,0.0,0.0,0,0,0,0.0,0,0,0.0,0,0,0.0,0.0,0,0,0,0,0,1.0,1.0,0.0,0.0,1.0,1.0,1.0,0.0,0.0,255.0,1.0,0.0,1.0,1.0,0.0,0.0,0.0,0.99,1.0,0
0.0,1,21,4,0.0,0.0,0,0,0,0.0,0,0,0.0,0,0,0.0,0.0,0,0,0,0,0,1.0,1.0,0.0,0.0,1.0,1.0,1.0,0.0,0.0,255.0,1.0,0.0,1.0,1.0,0.0,0.0,0.0,0.99,1.0,0
0.0,1,21,4,0.0,0.0,0,0,0,0.0,0,0,0.0,0,0,0.0,0.0,0,0,0,0,0,1.0,1.0,0.0,0.0,1.0,1.0,1.0,0.0,0.0,255.0,1.0,0.0,1.0,1.0,0.0,0.0,0.0,0.99,1.0,0
0.0,1,21,4,0.0,0.0,0,0,0,0.0,0,0,0.0,0,0,0.0,0.0,0,0,0,0,0,1.0,1.0,0.0,0.0,1.0,1.0,1.0,0.0,0.0,255.0,1.0,0.0,1.0,1.0,0.0,0.0,0.0,0.99,1.0,0
0.0,1,21,4,0.0,0.0,0,0,0,0.0,0,0,0.0,0,0,0.0,0.0,0,0,0,0,0,1.0,1.0,0.0,0.0,1.0,1.0,1.0,0.0,0.0,255.0,1.0,0.0,1.0,1.0,0.0,0.0,0.0,0.99,1.0,0
0.0,1,21,4,0.0,0.0,0,0,0,0.0,0,0,0.0,0,0,0.0,0.0,0,0,0,0,0,1.0,1.0,0.0,0.0,1.0,1.0,1.0,0.0,0.0,255.0,1.0,0.0,1.0,1.0,0.0,0.0,0.0,0.99,1.0,0
0.0,1,21,4,0.0,0.0,0,0,0,0.0,0,0,0.0,0,0,0.0,0.0,0,0,0,0,0,1.0,1.0,0.0,0.0,1.0,1.0,1.0,0.0,0.0,255.0,1.0,0.0,1.0,1.0,0.0,0.0,0.0,0.99,1.0,0
0.0,1,7,5,0.0,0.0,1,0,0,0.0,0,0,0.0,0,0,0.0,0.0,0,0,0,0,0,1.0,1.0,1.0,1.0,0.0,0.0,1.0,0.0,0.0,1.0,8.0,1.0,0.0,1.0,0.38,1.0,0.12,0.0,0.0,1
0.0,1,7,5,0.0,0.0,1,0,0,0.0,0,0,0.0,0,0,0.0,0.0,0,0,0,0,0,1.0,2.0,1.0,1.0,0.0,0.0,1.0,0.0,1.0,1.0,1.0,1.0,0.0,1.0,0.0,1.0,1.0,0.0,0.0,1
0.0,1,7,5,0.0,0.0,1,0,0,0.0,0,0,0.0,0,0,0.0,0.0,0,0,0,0,0,1.0,1.0,1.0,1.0,0.0,0.0,1.0,0.0,0.0,1.0,6.0,1.0,0.0,1.0,0.33,1.0,0.17,0.0,0.0,1
0.0,1,7,5,0.0,0.0,1,0,0,0.0,0,0,0.0,0,0,0.0,0.0,0,0,0,0,0,1.0,2.0,1.0,1.0,0.0,0.0,1.0,0.0,1.0,12.0,9.0,0.08,0.17,0.08,0.33,0.58,0.11,0.0,0.0,1
0.0,1,7,5,0.0,0.0,1,0,0,0.0,0,0,0.0,0,0,0.0,0.0,0,0,0,0,0,1.0,2.0,1.0,1.0,0.0,0.0,1.0,0.0,1.0,1.0,1.0,1.0,0.0,1.0,0.0,1.0,1.0,0.0,0.0,1
0.0,1,7,5,0.0,0.0,1,0,0,0.0,0,0,0.0,0,0,0.0,0.0,0,0,0,0,0,1.0,2.0,1.0,1.0,0.0,0.0,1.0,0.0,1.0,1.0,2.0,1.0,0.0,1.0,1.0,1.0,1.0,0.0,0.0,1
0.0,1,7,5,0.0,0.0,1,0,0,0.0,0,0,0.0,0,0,0.0,0.0,0,0,0,0,0,1.0,2.0,1.0,1.0,0.0,0.0,1.0,0.0,1.0,1.0,4.0,1.0,0.0,1.0,1.0,1.0,1.0,0.0,0.0,1
0.0,1,7,5,0.0,0.0,1,0,0,0.0,0,0,0.0,0,0,0.0,0.0,0,0,0,0,0,1.0,2.0,1.0,1.0,0.0,0.0,1.0,0.0,1.0,1.0,5.0,1.0,0.0,1.0,1.0,1.0,1.0,0.0,0.0,1
0.0,1,7,5,0.0,0.0,1,0,0,0.0,0,0,0.0,0,0,0.0,0.0,0,0,0,0,0,1.0,2.0,1.0,1.0,0.0,0.0,1.0,0.0,1.0,1.0,6.0,1.0,0.0,1.0,0.33,1.0,0.17,0.0,0.0,1
0.0,1,7,5,0.0,0.0,1,0,0,0.0,0,0,0.0,0,0,0.0,0.0,0,0,0,0,0,1.0,1.0,1.0,1.0,0.0,0.0,1.0,0.0,0.0,1.0,8.0,1.0,0.0,1.0,0.25,1.0,0.12,0.0,0.0,1
0.0,1,7,5,0.0,0.0,1,0,0,0.0,0,0,0.0,0,0,0.0,0.0,0,0,0,0,0,1.0,2.0,1.0,1.0,0.0,0.0,1.0,0.0,1.0,1.0,3.0,1.0,0.0,1.0,1.0,1.0,0.67,0.0,0.0,1
0.0,1,7,5,0.0,0.0,1,0,0,0.0,0,0,0.0,0,0,0.0,0.0,0,0,0,0,0,1.0,2.0,1.0,1.0,0.0,0.0,1.0,0.0,1.0,1.0,4.0,1.0,0.0,1.0,1.0,1.0,0.75,0.0,0.0,1
0.0,1,7,5,0.0,0.0,1,0,0,0.0,0,0,0.0,0,0,0.0,0.0,0,0,0,0,0,1.0,2.0,1.0,1.0,0.0,0.0,1.0,0.0,1.0,1.0,5.0,1.0,0.0,1.0,1.0,1.0,0.8,0.0,0.0,1
0.0,1,7,5,0.0,0.0,1,0,0,0.0,0,0,0.0,0,0,0.0,0.0,0,0,0,0,0,78.0,2.0,1.0,1.0,0.0,0.0,0.01,0.08,1.0,1.0,6.0,1.0,0.0,1.0,0.5,1.0,0.17,0.0,0.0,1
0.0,1,30,5,0.0,0.0,1,0,0,0.0,0,0,0.0,0,0,0.0,0.0,0,0,0,0,0,1.0,1.0,1.0,1.0,0.0,0.0,1.0,0.0,0.0,1.0,1.0,1.0,0.0,1.0,0.0,1.0,1.0,0.0,0.0,1
0.0,1,7,5,0.0,0.0,1,0,0,0.0,0,0,0.0,0,0,0.0,0.0,0,0,0,0,0,1.0,2.0,1.0,1.0,0.0,0.0,1.0,0.0,1.0,15.0,1.0,0.07,0.2,0.07,0.0,0.07,1.0,0.07,0.0,1
0.0,1,7,5,0.0,0.0,1,0,0,0.0,0,0,0.0,0,0,0.0,0.0,0,0,0,0,0,3.0,2.0,0.33,1.0,0.67,0.0,0.33,1.0,1.0,16.0,2.0,0.12,0.19,0.12,0.0,0.12,1.0,0.06,0.0,1
