feat_abs_mean,feat_band_energy_1,feat_band_energy_2,feat_band_energy_3,feat_band_energy_4,feat_clearance_factor,feat_crest_factor,feat_impulse_factor,feat_kurtosis,feat_mean,feat_p2p,feat_peak,feat_peak_freq,feat_rms,feat_root_amplitude,feat_shape_factor,feat_skewness,feat_spec_centroid,feat_spec_flatness,feat_spec_kurtosis,feat_spec_skewness,feat_spec_spread,feat_std,feat_variance,label
0.5282696824558644,0.0728436640502036,0.5430024447371643,0.2409041276724127,0.142435774393929,7.485677426002364,5.028499432019883,6.343247550856685,0.4397760660982266,0.0060451059453662,5.85100939661,3.35094536943,3992.6953125,0.6663907224672727,0.4476475779987667,1.2614593352571355,-0.0771534958690696,6012.405208259766,0.5689404089450972,90.67880535783776,7.983071091717751,2616.347749755449,0.6663633030746539,0.444040051684563,ball
0.5200328882989844,0.1043756091280267,0.4884448406103787,0.2272765455333677,0.1796514601354511,6.838266659137185,4.457360828279453,5.710500190658422,0.588458445008329,0.0063157663175585,5.707482557700001,2.96964790778,3992.6953125,0.6662345774071623,0.4342691000228842,1.281139313296896,0.0265295353568105,6097.139704428901,0.6227389642665906,124.76519900674856,9.431423310527206,2867.0720649567565,0.6662046406538475,0.4438286232287222,ball
0.5155012255404591,0.1225502667627013,0.4876837783600491,0.2520780365000983,0.1376475901677535,10.166072749223538,6.551580946721422,8.492591004861536,2.0526658838007954,-0.0119553343862988,8.25603955435,4.37794107102,3992.6953125,0.6682266626364182,0.4306423118361392,1.296265904966258,0.0118725287348919,5898.3602490973735,0.642263030427972,38.65947682864019,4.887948602235558,2748.5391678867154,0.6681197068175112,0.4463839426379171,ball
0.5122204432108546,0.0839105759791149,0.5091619839322404,0.2388401661326905,0.1672403890236041,8.141279850350053,5.377638335529102,6.8492685136266624,0.6377770750544189,-0.0059598015609814,5.72352820354,3.50833535372,3992.6953125,0.6523933248803756,0.4309316739147779,1.2736573354840095,-0.0878805362977483,6065.979482483678,0.6101100403929858,114.92823436029023,9.091601512593076,2785.1659633103886,0.6523661020575985,0.4255815311138251,ball
0.5112282821580567,0.0789284805328748,0.5358565178250113,0.2219787035658427,0.1632336813704274,7.757275134534979,5.151930590348703,6.528734204317925,0.718649133417756,-0.006302624140957,5.93476132767,3.3376735719400004,3992.6953125,0.6478490952872278,0.4302636575414031,1.2672403266745167,-0.1175050474219054,6026.379802140692,0.5913181438028314,116.4073838735156,8.834456552204605,2727.859086439463,0.6478184369045215,0.4196687271934174,ball
0.5135378837131641,0.0751134930985731,0.5096378483460762,0.2403565341448425,0.1745047870770783,6.154623168996223,4.071127166043413,5.1788303263045625,0.3956751973470624,-0.0046859370680957,4.93172557157,2.65952556588,3992.6953125,0.6532651664783786,0.4321183430493845,1.2720875853499038,-0.0379503079358616,6178.59686052405,0.5832320517192473,44.1307013360551,5.190919186055737,2754.3112546662383,0.6532483599120763,0.4267334197278175,ball
0.5139519855912011,0.086561286143768,0.504150248492383,0.240427011737425,0.1682122222192484,6.921234726424291,4.690948939543563,5.887015034584583,0.2252131536191255,0.0033925628560449,5.53262037699,3.02564306623,3992.6953125,0.6449959496946476,0.4371536562224259,1.2549731643758628,0.0112555329953134,6112.213710489225,0.595006945827474,120.52808691058377,8.676697574283711,2700.828451286762,0.6449870274972731,0.4160082656397681,ball
0.504849470447168,0.0658757331147518,0.5324925029494426,0.2323296130420836,0.1687783748175167,6.057082960689093,4.054666357590482,5.12399199002569,0.290187364266834,0.001554382277832,5.03908874364,2.58684464274,3992.6953125,0.6379919861710283,0.4270776311846493,1.2637271573364828,0.0444284246858562,6186.641438790346,0.5517360830741269,61.69238770424319,6.298229705868461,2679.3929508113606,0.6379900926457932,0.4070313583141878,ball
0.5523364515147656,0.0796513756814625,0.6034891238013101,0.2148190777644918,0.1020192118696979,18.717565856938897,11.382498183272729,15.587140981242744,14.999015656034487,0.0125920328139355,15.57690204707,8.60934613884,3992.6953125,0.7563670119000728,0.4599607771994764,1.369395428865431,0.7302722851579014,5529.915330276236,0.5160150912542866,30.642381333334427,4.717253845364962,2391.9330909227456,0.7562621882655893,0.5719324974002576,ball
0.5428347635858984,0.0882861406670056,0.5225676998331591,0.2345536398558401,0.1538499292110167,9.736203482855382,6.392374215917136,8.193245887127516,1.208116600795404,0.0081315141592871,7.635996050759999,4.44757869414,3992.6953125,0.6957631928158152,0.4568083136277712,1.281721878347825,-0.1684829227329009,5943.911653749322,0.5840045532906678,52.044332563156615,5.957235404593349,2725.8083388093737,0.6957156739320558,0.4840202989547345,ball
0.5348700110292871,0.1401706053104551,0.4854516080761307,0.2197179549803328,0.1545284324294286,8.697873307799771,5.537606353343143,7.2367661367689875,1.659082486608927,-0.0086574482627246,7.21431623423,3.87072918339,3992.6953125,0.6989895879928658,0.4450201844074855,1.3068401173731017,0.0925071760324534,5761.400454706342,0.6734542306272843,136.27842179308234,10.076659749933157,2887.6662318938884,0.6989359718257563,0.4885114927120144,ball
0.4919860695630615,0.0654815196842377,0.5012711228287401,0.271855735979035,0.1609380530408339,6.130604679369503,4.03900215240928,5.146988748398745,0.3612358293035935,0.0091416749287548,5.012965798190001,2.53224676441,3992.6953125,0.6269486048427841,0.4130500818184262,1.2743218632177622,-0.0158936986938866,6205.368153222807,0.5666913766522825,112.79790328314594,8.776336427222242,2702.308364871292,0.626881952917621,0.3929809828938104,ball
0.5096016337965625,0.0989275700546132,0.503695099555937,0.2397997125373412,0.1574128778861681,6.590392333910787,4.3312887657692025,5.530636416062079,0.5072219699189953,-0.0062352366292089,5.22001071613,2.81842135356,3992.6953125,0.6507119487932528,0.427656080360777,1.2769031840526297,0.0145493890888568,5994.148677375677,0.5999604980081114,146.46427848806238,10.058788970965466,2801.1681967361133,0.6506820745390876,0.4233871621264906,ball
0.5187042768058154,0.0876628564593091,0.4626573971464826,0.282800105543797,0.165896810516357,5.988906672236859,4.029040478646214,5.065814872534207,0.06829079924842,-0.0066435594657665,4.78136470189,2.62765983989,3992.6953125,0.6521800547342508,0.4387545145879804,1.2573253853821682,-0.0471507939755272,6200.992560865985,0.5864509993222206,140.51350453312972,9.847365363724371,2795.656053547482,0.6521462158985477,0.4252946869107952,ball
0.5407454392889306,0.1100863268035511,0.5607303870361048,0.2075202772033213,0.1214989104066618,18.24210696608914,10.90222667639103,15.08043946697588,15.469995676280671,0.0135070509183935,14.72947613522,8.15467886424,3968.349609375,0.7479828760026707,0.4470250546934629,1.3832439844268556,0.574717995014838,5603.525937664897,0.588412793750533,41.48084090842362,5.50722265879724,2589.503088495046,0.7478609111116281,0.5592959423687145,ball
0.5195529788913281,0.1061668816485081,0.506022596354759,0.2337292792569495,0.1538828444030229,6.706178632150067,4.396383405145511,5.607776370596862,0.363557598602652,0.0054657632605468,5.43639527291,2.9135369183,3992.6953125,0.6627121999619067,0.4344556084939675,1.275543066610965,0.0345843899003215,5866.022488041945,0.5623172485110306,144.28310722425442,9.865082279064556,2824.9671423254117,0.6626896599542881,0.4391575854103299,ball
0.5308578285543115,0.0877456702398601,0.5067575654434179,0.2685275144376495,0.1367663982178439,8.424259082068994,5.500847222853762,7.094577120538184,1.7617660988814672,-0.0056917696530029,7.42252555884,3.76621180472,3992.6953125,0.6846603172458482,0.4470674237377585,1.28972444300273,0.0034258806621417,5991.9306322920265,0.6116600231500737,98.22995081366568,8.062215035370045,2683.2632011901537,0.6846366582132472,0.4687273537694025,ball
0.5000083953669532,0.056256563570375,0.5093232804643055,0.2682958019026332,0.1659787908599953,9.442565412938809,6.308087755181493,7.98381110307221,0.9617927499860892,0.0131713368010937,7.0788061218700005,3.99197257856,3992.6953125,0.6328340272820356,0.4227635609587563,1.2656468034253756,-0.0196933817811803,6211.694208440375,0.5523910384485311,99.97040276204822,8.053816324789345,2606.7714195612525,0.6326969432302265,0.4003054219728724,ball
0.5297011685722706,0.0768368833843934,0.5244704586710481,0.2432492157045885,0.1551044646413158,12.236432922639995,7.676193211465385,10.19253499363081,4.850187228077263,-0.0134589379631005,9.76252573779,5.39899769684,3992.6953125,0.7033431217932218,0.4412231678114878,1.3278111575418587,0.1458065390279003,6040.2817454574015,0.6014369802511161,77.07871020516961,7.137344804964733,2699.1985035216217,0.7032143371424819,0.4945104039627402,ball
0.4982041884547119,0.0874696094891303,0.5051896429068222,0.2545916702698974,0.1525961020975551,7.192784387080983,4.709863188677328,6.029450141230722,0.7273905544322607,-0.0076774716689404,5.9083579492,3.00389731444,3992.6953125,0.6377886562950432,0.4176264924380778,1.2801752194683125,-0.0222888440050027,5990.136328052896,0.5928939321052661,45.91929078172619,5.3121509195063945,2665.1733938055977,0.6377424452923055,0.4067154265274093,ball
0.5586928077812305,0.1131787826231091,0.5726025419526388,0.1940087677027283,0.119982288897514,16.928644375573313,10.059419317139882,13.994918520325148,14.517620130581502,0.0052015773047363,14.87280179392,7.818860322790001,3992.6953125,0.777267561505039,0.4618716153120916,1.391225286382059,0.4400003137071226,5546.565078278876,0.5837535542819104,38.10651906930367,5.28202660489181,2591.035605002165,0.7772501564885866,0.6041178057615324,ball
0.5128280178808448,0.0879690241302055,0.5400681569426115,0.2240245024178388,0.1477016444850994,12.177244545786047,7.836812715224327,10.206934139129292,3.461508364515768,0.0006642973741162,10.02824821698,5.234401803210001,3992.6953125,0.667924830338397,0.429851086880026,1.3024343582054223,0.0972219972415953,5863.935645945032,0.5918460853812071,65.2422845484114,6.268343398471028,2704.6480807961693,0.6679244999935061,0.4461231376915751,ball
0.4837273391943067,0.1014989998719706,0.4801596882588428,0.256803235652722,0.1613865889746354,5.659983129029936,3.7804207773589735,4.793595817991532,0.3609689744991136,-0.0055568249551464,4.46726143038,2.31879335021,3992.6953125,0.6133691159717739,0.4096820250783005,1.2680058914871293,-0.0514333093516683,6073.28448675383,0.5982953020817736,44.98076719647211,5.432194476464768,2821.615844662378,0.6133439443936928,0.3761907941244133,ball
0.5282315404551856,0.1047240131214543,0.5256152467452176,0.207484335925448,0.1621018742194136,10.776474038828772,6.825371958806798,8.995401229346175,2.976305470026949,-0.0066169444051367,8.282003994180002,4.751654648390001,3992.6953125,0.6961751941238786,0.4409285106862678,1.3179356793499557,0.2092685721191512,5889.353213216881,0.6244276721495006,114.72167920145118,8.928303467242353,2796.4243050360583,0.6961437473396995,0.4846161169601594,ball
0.4886748089516992,0.0771479001548335,0.4658136232590774,0.2748984288121003,0.1820113277226323,6.503572494087824,4.390938060489358,5.518907731494233,0.2456132710259453,-0.0055269146398339,5.25417477361,2.69695118131,3992.6953125,0.6142084320381948,0.4146876480214077,1.25688580787659,-0.0064929291658157,6279.827789730821,0.6171922301432747,123.20877555072106,9.017785821599036,2769.272054552244,0.6141835647437839,0.3772214512013818,ball
0.5111459203682032,0.0815861142268402,0.5259994375995697,0.2294934270148311,0.1628797917797323,6.683101651029339,4.384562741493023,5.60745999190469,0.7376294595592539,0.0128796338314746,5.71125621073,2.86623029849,3992.6953125,0.6537094956734492,0.4288772561238149,1.278909739126061,0.0397270536156185,6051.345307210184,0.5917522361838008,114.28284210046888,8.999643847524508,2712.211204427808,0.653582603628648,0.4271702197660024,ball
0.5299389090840674,0.0767772317400092,0.5339142795138041,0.2509863024012377,0.1383063951515651,7.09406482475709,4.59373524868516,5.929039766735757,0.8759639914963966,0.0015478185591552,5.98796434866,3.1420288659000004,3992.6953125,0.683981269229507,0.4429095227513075,1.2906794679629816,-0.0250126656104203,5944.888363329514,0.5443595698588122,130.0484657057919,9.419500796995376,2594.28475125253,0.683979517905701,0.4678279809145151,ball
0.5236296334250001,0.0788479985351422,0.513843829426593,0.2501928060651779,0.1570385189394569,5.396289481974521,3.625759568511509,4.560103778660585,0.1701940788858178,0.0121511950117968,4.73496522982,2.38780547,3992.6953125,0.6585669636611539,0.4424902477852788,1.257696130284958,0.030845991348791,6032.711922177447,0.5700107717235049,171.7970200581207,11.49876339987238,2717.109372799735,0.6584548534908501,0.4335627940856569,ball
0.5196917446021534,0.1095558328267339,0.5280791389990258,0.2107131901105182,0.1511720652229355,6.194683224361938,4.09624534412463,5.234719472025894,0.69259551134276,-0.0070555883475634,5.337335356780001,2.72044049492,3992.6953125,0.664130262319861,0.4391573219145858,1.27793113748282,-0.0302613376548661,5827.791129280759,0.610949342917894,212.7651494321941,12.968829606661831,2801.4229536057387,0.6640927826758224,0.4410192240021171,ball
0.5730466319496436,0.1176292111160685,0.5468681670702421,0.2090993702431031,0.1263246334590295,9.929172149016518,6.376798620411788,8.325523291164277,2.8177362161060646,0.0102284898114404,8.760063040470001,4.770913081220001,3992.6953125,0.7481674371758528,0.4804945477446031,1.3055960814749157,0.1158520111422903,5649.314371551844,0.6026287711431053,81.57570166876441,7.645877940258333,2688.871962829824,0.748097515065022,0.5596498920464608,ball
0.5091420710776757,0.0742722167622535,0.4864857491950464,0.2676412924585425,0.1711761282491973,5.878442976074909,3.9149649232995576,4.963328305773557,0.3605630682281879,-0.0050433308058593,4.76513616495,2.5270392530400003,3992.6953125,0.645481965368465,0.4298824133065467,1.267783595258992,0.0721603884496002,6264.513319882202,0.6002203724575094,31.23264389011652,4.3076964316236,2690.08879022965,0.6454622625919496,0.4166215324303188,ball
0.5200521238978223,0.0812655534136491,0.5784777468246045,0.1979320770888972,0.1419652871144387,10.85161320425655,6.934585343266209,9.083248249896783,3.290634570653787,0.014351008210039,9.03601522852,4.72376254425,3992.6953125,0.6811888974496483,0.4353050975312225,1.3098473521155842,-0.0252248631206005,5750.191511970989,0.5688034975672732,95.28333675310414,8.068843476023295,2663.0157397337343,0.6810377100954269,0.4638123625720228,ball
0.5302544791043653,0.1062765225683868,0.5786158915998616,0.1923685265390182,0.1220387696847524,9.201455209180162,5.850268961244908,7.660363068127,2.1615586076493125,-0.0116716269488183,7.5776050189,4.06194182844,3992.6953125,0.6943171083839604,0.4414455905178409,1.3094035708226506,0.0733040015297654,5612.4146158509175,0.592572729410457,24.95019638995841,4.317977426621368,2615.9983300122126,0.69421900011382,0.481940020119032,ball
0.5431763869951416,0.101380248416038,0.6401017740274899,0.159702821806439,0.0986002213618125,20.969954713641727,12.02803223642992,17.12489557023619,18.743134891898887,0.0142344895523681,17.27435092439,9.30183890351,3992.6953125,0.7733466888571383,0.4435793510540493,1.4237487257781982,0.357988381126172,5248.11418442356,0.507290792996261,34.76770919856877,4.809022766199825,2466.027586129213,0.7732156752636892,0.5978624804734829,ball
0.5425497423371729,0.1056675199530444,0.4990537398191679,0.2398627520296476,0.1553853118769627,9.229422764890872,6.101463619924597,7.812083578589145,1.7562415402054574,-0.0060973687695654,7.6872787152,4.23844393268,3992.6953125,0.6946601990445662,0.4592317461936218,1.2803622319534027,0.0536859572667375,5859.508688602311,0.6318155699650954,99.05185571400006,7.998277331235151,2806.8188642296177,0.6946334387507733,0.4825156142307244,ball
0.5228805307227686,0.0894570062513205,0.5082442521542452,0.2416111785063648,0.1605349072961931,5.348199538556352,3.660931962750974,4.56491123113845,-0.0206169202897621,-0.0073556440585009,4.55351896951,2.38690320724,3992.6953125,0.6519933261601462,0.446300327807945,1.246925995234336,-0.0818361150249907,6012.44321605192,0.6071111177226213,110.1891711601426,8.55466704618186,2770.917836913771,0.6519518324675952,0.4250411918578554,ball
0.5305581418632861,0.0862724795245243,0.4739947629933969,0.2622046733176936,0.1774450335024424,10.62883578591223,7.050999328990782,8.9902881995148,1.8003981775822782,0.0114300998175048,8.7590205612,4.76987060195,3992.6953125,0.6764814999114058,0.4487669861521547,1.2750374493088472,-0.0097064384351719,6215.01383109443,0.6378590496037483,44.95857868757624,5.356355433848907,2802.9337621547147,0.676384929267756,0.4574965725405472,ball
0.5667557311153808,0.0930978163695338,0.6128421034299174,0.2030261964843623,0.0909226705105618,18.233136079381215,11.070000557826098,15.190576232721495,13.856582447132215,0.0171877551430957,15.57690204707,8.60934613884,4406.572265625,0.7777186725391352,0.4721813132616173,1.3722290394992165,0.6683757105840312,5407.364140432029,0.5387644099552101,17.086221803300695,3.7096897369632136,2391.666467109684,0.7775287227422377,0.6045509146891757,ball
0.5362061257282227,0.130148012436101,0.483639157181613,0.2313915753829164,0.1547716478691373,7.420020972933322,5.050827235665095,6.325845041780111,0.4043806705979671,0.0089024251504296,5.615220094120001,3.39195686181,3992.6953125,0.6715646177439181,0.4571357512577317,1.2524374219557166,0.1560332966576496,5849.204735204002,0.6402988848561868,85.22012403947812,7.398315200029585,2868.458146670512,0.6715056087866845,0.4509197826319757,ball
0.5551803009955079,0.1069886260004029,0.536783019998593,0.2313965642913169,0.1244264200139194,15.11595084834982,9.2680328761685,12.536221995269091,8.069178905927734,0.007980664722705,13.59184472226,6.959863500680001,3992.6953125,0.7509536914328772,0.4604317366803158,1.3526302898109372,-0.0451864145874255,5774.750560628636,0.5824145327762109,25.06121065182132,4.351825582619609,2619.2936190517685,0.7509112834864374,0.5638677556672488,ball
0.546398883034585,0.1033627178755363,0.5752401536359262,0.1956732777816948,0.1254806982793251,18.13643004154076,10.750490730854304,14.924406175485975,14.389969983939096,0.011591457157456,14.72947613522,8.15467886424,3968.349609375,0.7585401511798685,0.4496297697817067,1.388253480620413,0.5582659064790948,5621.692773078713,0.5665192198266622,17.487520506394336,3.759234629062579,2584.380705147231,0.7584515799132762,0.5752487990729447,ball
0.5419890774557178,0.0910622166122048,0.582312634161804,0.177778527790082,0.1488178156457358,8.089205101947387,5.155364120539882,6.742131691405823,1.4658560468648467,-0.0068163772668994,6.77643836261,3.65416173551,3992.6953125,0.7088076904114637,0.4517331047311806,1.30778962140501,0.0437217255517138,5725.704199394827,0.5831105902634357,38.37986508178709,5.076328418200496,2683.628931922633,0.7087749141916556,0.5023618789873887,ball
0.5476618686949561,0.1195295194156703,0.5343264378806664,0.221400127273208,0.1239298733259625,13.32155225535046,8.52949536921977,11.184925091949196,4.738027559408323,0.0074448658368896,11.2734683677,6.1255569770700005,3992.6953125,0.7181617096804088,0.4598230641335161,1.3113231917930366,0.110739801765425,5591.808467687185,0.604662574245837,129.34383910111424,9.73670410840558,2698.041654704148,0.7181231198226099,0.5157008152237585,ball
0.5206765947737402,0.0997440541812124,0.511933071902017,0.2202646503139424,0.1679878176313277,9.499088909431537,6.2507606570334255,8.024101501481034,2.430713664604819,-0.0082252608762207,8.34590614452,4.1779618459100005,3992.6953125,0.6683925485466975,0.4398276388129971,1.2837000073666596,-0.119727463141985,6011.116092109144,0.624445828835239,79.78216972565629,7.272348240234182,2819.3777759288323,0.668341936463864,0.4466809440362675,ball
0.5238957649493458,0.0786158485987207,0.5168028589025127,0.2528614184809789,0.1515416478742365,8.72339181518491,5.741219368723476,7.335664583987586,1.0076270776663323,0.0006956514098632,6.74313998967,3.843123608640001,3992.6953125,0.6693915284924037,0.4405538224191914,1.2777189152447637,-0.0772430700681265,6096.468835860561,0.5897701769987957,153.74152536894076,10.509881972013286,2668.083995734687,0.6693911670215799,0.4480845344865126,ball
0.5186714039433155,0.1078885704831568,0.5204553448954107,0.2389854073707451,0.1324798058437162,6.593824955396781,4.294289273186704,5.514005807948029,0.619937886139736,0.0039842590249951,5.2754328158,2.85995713376,3992.6953125,0.6659907965719516,0.4337326442703396,1.2840322244654467,0.0326086386908734,5763.330789737013,0.6043835412868772,131.00214624952827,9.842371626000382,2690.9547612405377,0.6659788786429824,0.4435278667985644,ball
0.5016468490928174,0.053238620747537,0.5068405971095233,0.2709047269981821,0.1680600631142375,8.537698070251022,5.606162383943321,7.169560864847653,0.7661745672584424,0.0118930845887841,5.95138612866,3.59658761723,3992.6953125,0.6415418196823964,0.4212596402023215,1.278871422879594,0.1107826066360914,6307.250956658487,0.5428117609525441,58.47853825736548,5.9301731950266605,2603.607914973886,0.6414315715182443,0.4114344609403644,ball
0.509183392336294,0.0988748733336704,0.4573895619145144,0.2827216332455464,0.1606855848311482,8.348712562152846,5.486566641180299,6.998499457355528,0.951955481847306,0.0127457190867529,5.64007499461,3.56351969496,3992.6953125,0.6494990269895632,0.4268346368893422,1.2755699356364647,-0.2634734599917364,6106.212139264019,0.6238595849636529,68.73910250172527,6.7867662037999805,2822.430895327037,0.6493739544402369,0.4216865327053509,ball
0.5077875706952246,0.1102883974810395,0.4637036038422972,0.2644463995305263,0.1615422523401662,9.04678890367972,6.038543709807943,7.637245783744566,0.6173734886839086,-0.0094241501390332,5.73964700582,3.87809848333,3992.6953125,0.6422241304689246,0.4286712693995335,1.2647496069855344,-0.2132030734234475,6062.7253458925015,0.621172183223573,48.966456341340376,5.573383029857684,2840.241732340154,0.6421549806321859,0.4123630191507231,ball
0.4971479475663282,0.0890303707941965,0.4990305027294178,0.2348134862716517,0.176276675126477,7.01407013116402,4.653017339958561,5.901288458057203,0.4401152182671999,0.0102364287854589,5.18560280385,2.93381344492,3992.6953125,0.6305184852257886,0.4182754648951762,1.2682713230786624,-0.0861374965233559,6178.500661043008,0.6132764955244335,89.17574365377976,7.651296052853663,2826.4649421738536,0.6304353858542072,0.3974487757371431,ball
0.5106025486477783,0.1045133776354544,0.4654075166147114,0.2491552109222102,0.1808013804382879,5.72319907804396,3.889192975339878,4.862691641875736,0.067162770573784,-0.0065373909440771,4.86015418777,2.48290274563,3992.6953125,0.6384107863439248,0.4338312736936265,1.2503086559881442,-0.1037719639643513,6130.132558402576,0.6198484002796307,73.11355237907759,7.1488837373530885,2925.278155697579,0.6383773136945835,0.4075255946399127,ball
0.5350763028987989,0.0765615912964824,0.5173702048699271,0.25439812574809,0.1516105014784856,15.001821560252557,9.522915782695868,12.617841280978835,7.625960344857399,0.0047581914104492,12.3026575511,6.7515078631900005,3992.6953125,0.7089748578327444,0.450045871834536,1.324997676017126,0.3663493871124255,6016.841727560172,0.5972573219025764,155.29088597659631,10.92997513555204,2720.804080754994,0.7089588906653627,0.5026227086534617,ball
0.5017927963094189,0.0860427186161271,0.469259972045344,0.2689254322451139,0.1753301735215101,6.312971152484179,4.228138109698032,5.334553400841148,0.1394425339508633,-0.0078576658396337,5.02406119159,2.67684046807,3992.6953125,0.6331014736557828,0.4240222873530244,1.261679080114565,-0.022551943621934,6177.94766366689,0.5960900548267911,125.2993433942614,9.242021998532485,2790.1146584512194,0.6330527095216294,0.4007557330326765,ball
0.540760050938125,0.0981118651359061,0.5502359466552137,0.2090092755953219,0.1425275838216833,11.77748884116198,7.481235223741903,9.840552188310385,4.045764819716092,0.011797028063623,10.36205495633,5.32137750261,3992.6953125,0.7112966433300297,0.4518261553355874,1.3153646281674347,0.232016585902181,5772.744066269869,0.5953424042047887,101.1522748520876,8.484628200697633,2717.5354292829948,0.7111988083099082,0.5058037449414337,ball
0.5390029324960011,0.1534508837924175,0.4841547462063157,0.2030355709959045,0.1592242771527899,10.609872373749251,6.793092354409057,8.851367578144664,2.308487975024126,0.0092050200232861,8.4919385915,4.770913081220001,3992.6953125,0.7023183010493651,0.4496673393568904,1.3029953247138886,0.073998498320897,5692.33037024343,0.6602125414214716,145.03187847816264,10.579319522378183,2939.5998292148,0.702257975102624,0.4931662635952376,ball
0.5187814744415381,0.1458912946761893,0.5239063300850123,0.1907497328141444,0.1392370599845127,9.107453018383534,5.847038145794704,7.60440499043797,2.0716802630047804,-0.0071162186523291,7.56922860652,3.94502443319,3992.6953125,0.6747047538978916,0.4331644012027191,1.3005567606750088,-0.1485936878938675,5587.694983810421,0.6337855938835961,132.93851077240146,9.76925307532476,2804.671174343316,0.6746672249075887,0.4551758643645068,ball
0.509670392365415,0.1023135990401642,0.4948163175767859,0.2400422670500638,0.1627417164461859,7.0468216046508285,4.579014053655782,5.873866565302858,0.5290629370818705,-0.0059817699255322,5.53298006282,2.99373587704,3992.6953125,0.6537948654361235,0.4248349177825313,1.2827797636072542,0.0304915717023625,6091.534987204462,0.6037983939637773,45.100400288048384,5.473695035617991,2789.564979976218,0.6537675003387649,0.4274119444991969,ball
0.5372129376616309,0.0864054735999177,0.575526531470132,0.1949128116991987,0.1431051273378653,15.252395911331345,9.60714599860616,12.755355172227848,7.145694160849622,-0.0047328862612792,12.55980853407,6.852341822990001,3992.6953125,0.7132546777142935,0.4492633067503345,1.3276945280188772,0.2668250747043079,5716.99329386313,0.5835399547222387,15.335145343402846,3.507115034192179,2649.4290781074315,0.7132389747265347,0.5087098350689585,ball
0.5310669745675145,0.0925176725046192,0.5260297666960408,0.2232942013026921,0.1579393778153774,7.808532786955994,5.172914417395167,6.587802012823578,0.7696879285580649,0.0076980140290478,6.5068203029900005,3.498564084,3992.6953125,0.6763235966625,0.4480437208183699,1.273518461985474,0.0823091677172039,5930.794804286335,0.6003870344447745,44.63838990148115,5.392461293257019,2712.159965869568,0.6762797852830651,0.4573543479825086,ball
0.5333869380115919,0.0610669962157612,0.5396906441221534,0.2373573628699075,0.1616720066984676,6.999547692209463,4.5221709212220045,5.8536803295924456,1.0159311498342287,-0.0093102837595214,6.23878729957,3.1222766271,3992.6953125,0.6904375534430889,0.4460683410408235,1.2944403101001396,-0.028950019810348,6101.732345184499,0.5574742504307852,128.24687910218196,9.54580220591216,2665.116275168944,0.6903747777988384,0.4766173338207954,ball
0.5279545603032716,0.1029435648656493,0.5241561164095159,0.2378353158023965,0.134771298633556,14.312247380132783,9.087139410192382,12.005335299062716,7.39035241299449,-0.0037979924427148,12.35608004141,6.338271519110001,3992.6953125,0.697499095480017,0.4428564816388184,1.3211347110617897,0.1779701264049127,5815.5330456088,0.5948089830715401,86.47324641747709,7.280072548428361,2649.8537024811385,0.6974887550698197,0.4864905634488469,ball
0.5290706889696387,0.0862828758858362,0.4959809445371113,0.2541914283990098,0.1632670616357855,10.762141533589036,6.878106040845413,8.985454848005784,2.835052976402671,-0.0068462667450097,9.11056773725,4.75394078714,3992.6953125,0.691170034150226,0.4417281423314103,1.3063850418481406,0.0718381687641425,6051.319624786708,0.6075240909694805,126.48704153097182,9.383803791287324,2713.005040477147,0.6911361260554109,0.4776691447388807,ball
0.5243506870988721,0.1103304713662005,0.558244297303268,0.2096082333504479,0.1217527983802117,9.814457051531551,6.28280589185522,8.1931756922823,2.0125595835653787,0.0043150287718994,8.244572282380002,4.296097303770001,3992.6953125,0.6837864129049874,0.4377315302530761,1.3040631579758986,0.0883594922477717,5534.956198984935,0.552116794434229,154.65605425834843,10.830157748429317,2647.4278444178426,0.6837727977919038,0.4675452390001677,ball
0.5019982464291064,0.0710501103768338,0.5249112575875641,0.241244359117678,0.1626178661816616,7.14938577607386,4.678661562673383,5.990513244302117,0.5837316111852111,-0.0077982262321337,5.59959509781,3.00722714385,3992.6953125,0.6427537242363974,0.4206273431088288,1.2803903774734977,0.0330070891155342,6126.618862793292,0.5723617750206623,81.53953776942333,7.171601411059592,2698.976820168224,0.6427064164044041,0.4130715376873912,ball
0.4906981322884863,0.0747860909308564,0.5044910156062077,0.2529347368686538,0.1675753900189796,7.911452385646849,5.225411237270392,6.663846038337011,0.7251535823213251,-0.0067115274424316,5.40326759833,3.2699368048700004,3992.6953125,0.6257759736778389,0.4133168785547392,1.2752768606625526,-0.1472081091891447,6143.290057712175,0.5745181889234077,136.04031655536966,9.93784560789038,2716.384572667994,0.6257399816471988,0.3915505246318367,ball
0.5071490206081202,0.1090023178431074,0.4664474967137419,0.2577740924075775,0.1667407087217965,6.52520760351128,4.337235360209199,5.490679234854889,0.1792757929717843,-0.0074869065250634,4.99992566276,2.78459259643,3992.6953125,0.6420201730292289,0.426743908489836,1.26593988539973,-0.0504701299670431,5993.918919678367,0.5873695348847129,53.11088155740361,5.669103992407775,2907.278752929612,0.6419765173331232,0.4121338488071658,ball
0.5038923809063183,0.0732886786484409,0.4984876138742047,0.2717901217338945,0.1562503216094243,6.338843564606189,4.196404920777347,5.328910461238393,0.395611531376125,-0.0109715624449804,5.33074518081,2.6851973799500004,3992.6953125,0.6398804287581932,0.4236099775270006,1.2698751816951113,0.0108485619132755,6124.9299000473575,0.5872910816248067,63.53701267719468,6.343845414937645,2668.455693770368,0.6397863611591645,0.4093265879252849,ball
0.5376995571628858,0.1616394506600496,0.4692159871251551,0.2075478325111084,0.1608040009468397,8.070899283705916,5.3135807599540295,6.820271077811349,1.399469842387023,-0.0063874642978759,6.9935727729,3.66725673827,3992.6953125,0.6901667451652184,0.4543801885464868,1.2835546095793893,-0.0474443529948992,5763.0476319861655,0.6656228531361678,74.34107823817462,6.777064612567929,2922.6711999783447,0.6901371866750804,0.4762893364317948,ball
0.5350151509184962,0.0926250844248518,0.5158779689218946,0.2367651161099363,0.1543320344842439,14.136407672918253,8.96136795531947,11.846900986315374,7.245824210343688,-0.0033378772518457,12.35608004141,6.338271519110001,3992.6953125,0.707288390646609,0.4483650773069109,1.321996936782743,0.0411530982929792,5973.006302406162,0.6105887048657128,41.83933165600211,4.950127209353626,2687.812911467915,0.7072805144487736,0.5002457261189218,ball
0.5032378265494775,0.1036993400485298,0.4558765779240984,0.2681240515355687,0.1718288209939249,7.250712545230424,4.806870033836804,6.116426108118435,0.6761196323518921,0.000661409933247,5.18994951566,3.0780169809,3992.6953125,0.6403370507696362,0.4245123443660367,1.272434258688778,-0.0996044034440003,6126.371183171494,0.6081220945985115,92.9069072663353,7.766973198430629,2868.487614372836,0.6403367091813931,0.4100311011252559,ball
0.507178919054956,0.1087162825266828,0.4550274160374828,0.281341728723941,0.15478775558229,7.525913477177271,4.912788358460433,6.294109752349743,0.6398605120326661,-0.0075008257760986,5.99551165472,3.19223978061,3992.6953125,0.6497816611848475,0.4241664205003997,1.2811685122788778,0.0541087697467219,6062.789327040331,0.6296056690646219,64.05092987859791,6.333175005459727,2827.860053871921,0.6497383664405363,0.4221599448248165,ball
0.5394009640821973,0.0922784325509678,0.544323108086023,0.2320458418370993,0.1312386265325602,7.316005731059718,4.723188904882924,6.105317150338203,0.9240317397560308,0.0050155189500097,5.94685652575,3.29321395692,3992.6953125,0.6972437527356595,0.450138241819417,1.2926260781198922,0.1301216511865897,5795.908817713442,0.5850343714654322,19.05549045115636,3.9220174416143534,2615.407592990219,0.697225713308515,0.4861236952985676,ball
0.4947960735317724,0.0969812509145743,0.4893065667423101,0.2433279547772854,0.1698664280144158,5.877839261437754,3.965797760991299,4.979467783451984,0.0574811962231316,-0.0076510203291845,4.72183974521,2.46382110753,3992.6953125,0.6212674614335699,0.4191712290763348,1.2556030548081467,0.029010511764477,6101.398088105906,0.6187499605458071,43.69880698588743,5.411129439318009,2803.0163761780827,0.6212203478026413,0.3859147205240347,ball
0.5051771467664259,0.0613374704737465,0.5336736409556446,0.2551588551654053,0.149778944779857,8.14040409063571,5.301215848732326,6.807783549302403,0.8643906878045944,0.0023807023662304,6.58116553514,3.43913666924,3992.6953125,0.648744885583634,0.4224773894451014,1.284192861328282,0.0939854803464827,6093.391505421334,0.5410096573252721,104.38106994033744,8.432585271409275,2579.4200460388083,0.6487405173312097,0.4208642588271657,ball
0.5092006825013331,0.1046708506664875,0.4993153317688783,0.2370147702226989,0.1589090648096773,9.952597811011731,6.466658584477961,8.320521036396899,1.5200484034265616,0.0057427224212744,7.42813421924,4.2368149905,3992.6953125,0.6551783947075395,0.4256994074263014,1.2866801189054262,-0.2532239799527767,5961.9920581518,0.6150595456602314,24.29065218963245,3.97418344471618,2849.843690570165,0.6551532263758918,0.4292257500307405,ball
0.5093775009875342,0.0874664802134906,0.5172605236471105,0.2314172603746348,0.1630585163698809,8.264092316831938,5.516170304661971,6.971407665818566,0.5256917239067858,-0.0065044086298193,6.1871327565600005,3.55107821518,3992.6953125,0.6437579006904155,0.4296997273308916,1.263812986326167,0.0547211691178562,6098.9475711701625,0.608621631947858,90.45752811190158,7.681495670426045,2745.319009451313,0.6437250401916235,0.4143819273697072,ball
0.5005483748409131,0.0791616924313974,0.4969983058003136,0.2379628636995743,0.1856489547521187,8.598335065094192,5.670207257034453,7.24046736637965,1.3091205418685623,-0.0084334929907763,6.95514735279,3.62420417333,3992.6953125,0.6391660849493317,0.4215006912260051,1.2769316954679453,-0.0078618273295746,6231.89770773984,0.6002108374788164,72.53984488244211,6.798304409205747,2781.207600198068,0.6391104445598045,0.4084621603454308,ball
0.511641405966831,0.0850616928881876,0.4921347793317605,0.2593754989497626,0.1628501467474047,6.281368170135246,4.210717920113467,5.323020511648267,0.3797375011449935,-0.007205848388999,5.34387676179,2.72347769857,3992.6953125,0.6467965202704934,0.4335803323102075,1.2641598446245068,0.0208245199975331,6099.692260500747,0.5918687088430088,133.76027270582767,9.75212488528378,2754.591907835784,0.646756379468354,0.4182938143830135,ball
0.5197102230407178,0.0986215882231768,0.4771803919574148,0.2613710283646679,0.1625462431827994,7.303770494940177,4.8829198282803095,6.16741093364807,0.4559654958584822,-0.0032985872188232,5.581129193080001,3.20526651191,3992.6953125,0.656424152890269,0.4388509351615728,1.2630579961457484,-0.0904824524249566,6063.544345536187,0.6298920232170784,61.96372205748322,6.292864505062336,2798.4810122152435,0.6564158649972341,0.4308817878200671,ball
0.5151032700126026,0.0805215373076146,0.5170466720322306,0.2522806091713603,0.1498468559699196,6.529885464871618,4.24043517583203,5.449069204144885,0.5346148266306856,0.0074437049070556,5.32667280565,2.80683336558,3992.6953125,0.6619210645117956,0.4298441956876168,1.2850259414885892,-0.0055781793341595,6029.019302687493,0.5990814388233383,28.18551928207645,4.620379570858041,2663.155882287363,0.6618792086942189,0.4380840869016854,ball
0.5139823327615234,0.0858913569942783,0.5112770854715594,0.2317311859496054,0.1707156486626021,6.03006304608066,4.030485237233398,5.0958912619769965,0.2102301305084175,0.0062491706194921,4.7104822079,2.61919807833,3992.6953125,0.6498468358434846,0.4343566656458744,1.264336912811747,-0.0526381348768753,6088.544915742239,0.5709246053890583,51.85286126267089,5.586888584915718,2750.7718127181047,0.6498167879659292,0.4222618579223574,ball
0.5245280628467919,0.1109873301209733,0.4999762042390804,0.2378347347528643,0.1510050881751971,10.218528801056452,6.623988638241519,8.595080099168758,2.887843495271346,-0.0103339708499267,8.76463531797,4.50836071443,3992.6953125,0.6806111786488273,0.4411946966342062,1.2975686657352885,0.015298509514927,5893.262619247926,0.6241214653513525,37.42385375243858,4.978032160173334,2744.956432215225,0.680532721879131,0.4631247855482187,ball
0.5089991658616113,0.072965933058402,0.5156430017157605,0.2274980074100182,0.1835414326049727,5.164318701574813,3.4764064318402443,4.37733976070164,0.2072858937093125,0.0130137837389062,4.35297278199,2.22806228689,3992.6953125,0.6409096089810679,0.4314339249067979,1.259156501555684,0.0230132431388689,6218.772513649591,0.5970977290065383,96.40362129713796,8.158509250709178,2791.236699296475,0.6407774717615019,0.4105957683170623,ball
0.5163360364833594,0.1031163779750437,0.4843700449955374,0.2673110844179291,0.1447160291705229,8.828679497605203,5.73839915641878,7.427377663622741,1.9127862916569176,0.0049632354330761,7.501717405140001,3.8350227443,3992.6953125,0.6683088157104361,0.4343823722834494,1.2943292129329709,0.0755880807557172,5941.191108761569,0.613694361404699,172.95071800614096,11.115034991793271,2805.0951027607016,0.6682903855737575,0.4466120394503214,ball
0.5266057540507227,0.0910732780632579,0.536057408450629,0.2331560753843896,0.1391376486866871,9.580305059440116,6.264145782823175,8.048609230106804,1.6938612566099236,-0.0074461876553222,7.59216315046,4.23844393268,3992.6953125,0.6766196189594081,0.4424122098808928,1.2848693994601434,0.1099036519660502,5902.424745111738,0.5907534828205258,66.9060855945674,6.7748969759845785,2657.221499614813,0.676578645133126,0.4577586630501764,ball
0.5246558126024365,0.0795240520493652,0.4975886948873798,0.2347755428742034,0.1879935112428605,6.191976112679481,4.203068908494977,5.267818854957188,0.2265643336939491,0.0104870259087255,5.08664652601,2.76379178199,3992.6953125,0.6575651844308331,0.4463505239192553,1.2533267880310517,-0.1119223660641668,6243.937803970611,0.6076324812302643,170.03796895191576,11.203087490804084,2779.582069934652,0.6574815541618984,0.4322819940631452,ball
0.5070863185478565,0.0778699346819505,0.4842843676487531,0.2535866185952309,0.1842316693829613,6.522671748553103,4.3176864917074,5.482680417491126,0.3146950542571844,-0.0073145114214599,5.0114965730200005,2.78019222868,3992.6953125,0.643907850655593,0.4262351894830087,1.2698190172031312,0.0705998015782074,6303.171765391531,0.60403482758962,88.42885834169284,7.570397289182065,2770.321059629139,0.6438663044907467,0.4145638180585708,ball
0.5295256973677246,0.0809988779424184,0.6088589456791806,0.1914800238290086,0.1185825633352632,13.9414587436843,8.393586253847236,11.515611853234436,8.514067259616072,-0.0070542577433691,11.98812753369,6.0978123972,3992.6953125,0.7264847483285279,0.4373869699942558,1.371953716202798,0.3935199561926596,5559.628991445966,0.5356119719756901,118.91230857421328,9.563862964113026,2569.6592199867096,0.7264504986588244,0.5277303270016547,ball
0.5097718236287403,0.0732903132061076,0.5186329853757042,0.2469043746591669,0.1607246240091785,5.943017547351514,3.9876180436165063,5.024217509077728,0.2543120229448883,-0.0084084794179687,4.7577961354700005,2.56120452191,3992.6953125,0.6422893300952055,0.430960282634769,1.259954552849072,0.0133301065648162,6089.464700062958,0.5896405561999751,94.62313631224396,7.710912195992868,2680.6584628435176,0.642234288268717,0.4124648810280254,ball
0.5011547708360986,0.0696551664210888,0.5189382047836125,0.2411887937174291,0.1695626190995534,6.122833336765286,4.07386397566003,5.168886701923043,0.3403154296846775,0.0046156143431201,4.76709309972,2.59041223058,3992.6953125,0.6358612477139255,0.4230741044387995,1.2687921670447038,0.0536021441946183,6179.264944706146,0.5757922566902965,54.04425953757961,6.016820001895559,2739.1890103155542,0.635844495492841,0.4042982224485456,ball
0.4981829182878222,0.0746430282129213,0.5212339325764427,0.2417817865390868,0.1620485933083808,7.142347786273456,4.739275882126045,6.031937175802312,0.6513168980150503,0.0091640749210644,5.54621528209,3.00500806517,3992.6953125,0.6340648107241965,0.4207311314278457,1.2727550211945833,-0.0303250760886503,6142.423618250355,0.5936750500099066,62.377476207814425,6.329543316735287,2667.8816231587284,0.633998583539074,0.4019542039295523,ball
0.5167281533386328,0.0689282692179962,0.5462652299407469,0.2298663542852396,0.1547647034929823,10.302377563387973,6.5494602836612055,8.57712170270604,2.0832934283848994,0.0102670892400488,7.5504091123300014,4.432040258400001,3992.6953125,0.6767031276541235,0.4301958680052984,1.3095921390810166,0.1706851132427557,6011.177068645777,0.5563745694124704,112.12593753863868,8.564585973257667,2661.610926678929,0.676625235899024,0.4578217098554099,ball
0.5172173488479785,0.1242558301887168,0.5389664918823855,0.2025385882607001,0.1340987193163717,9.845638890733522,6.297740861534085,8.222107767676478,2.095918818468946,-0.0078839713189746,7.559809714869999,4.25261678154,3992.6953125,0.6752606807807097,0.4319289818299613,1.3055646379317092,-0.1765047116735258,5705.855077945987,0.6380330259156889,46.879893329637625,5.2699811684207365,2778.9907269655405,0.6752146547614833,0.4559148300046692,ball
0.4909191191175048,0.0634377355976109,0.4919059289156968,0.2766803705610539,0.1678591296692043,6.365248490812033,4.241186629950407,5.377618462743358,0.3772176452039115,0.0029699754662451,5.1356613408100005,2.63997571868,3992.6953125,0.622461577153201,0.4147482572739608,1.2679513852957327,0.0261277318775476,6241.892595931622,0.5709776365670887,81.59504790288898,6.911425683796095,2652.4088579526897,0.6224544917323518,0.3874495942777804,ball
0.5342637210523535,0.0906860694999189,0.5147508878423575,0.2323054972360495,0.1620719019647334,8.673819462672817,5.629574759766455,7.258283499339464,1.4997634028340014,-0.009441802225996,6.98312359472,3.87783755081,3992.6953125,0.6888331208467464,0.4470738141943126,1.2893129248789967,0.0760236554613244,5965.735263964291,0.5952426428694719,91.85755410533582,8.142739471288694,2788.028646720696,0.6887684086441491,0.4744019207461935,ball
0.5067866927286768,0.114836798570319,0.4906493871055803,0.2305669977213295,0.1638149665693125,14.658127169520368,9.372277971411732,12.210700165765887,3.926531684028596,-0.0128191346478759,8.5488177236,6.18822035291,3992.6953125,0.6602685464287268,0.4221699185266712,1.3028529673375244,-0.3406791781578397,5904.579054783943,0.6093508508833446,193.96146007975088,12.397387439919406,2918.995171753328,0.6601440927479268,0.4357902231899834,ball
0.5533803543364892,0.1220686917602271,0.5119325984089401,0.2266676933583921,0.1391363675812628,13.942354409647937,8.69886449840014,11.6333709317326,6.7290616387583295,0.0029496562174072,12.25491078126,6.43767892833,3992.6953125,0.740059685895095,0.4617354242462239,1.3373436192588313,-0.0477004009933393,5777.6908822924215,0.6348271272262701,145.9930491077851,10.105194314498018,2737.53778937618,0.7400538076487045,0.5476796382153457,ball
0.5478056443222704,0.0814961887922601,0.5267574052483942,0.2488683631300842,0.1424848954162931,11.288982418156772,7.184761488184687,9.440313068256131,3.721034444388859,0.0114297961897021,9.52879091199,5.171456782960001,3992.6953125,0.7197812747805813,0.4580976913067404,1.3139354846755444,0.0688996048207515,5928.939296779416,0.5881950684705417,120.48479766406678,9.104128545517083,2714.940974179703,0.7196905191009678,0.5179544432838206,ball
0.5234266993795215,0.0882167602123003,0.5243307923124926,0.2415878121701526,0.1456455296928027,9.209858379066477,5.941932853890656,7.707352016189175,2.051133177205619,0.0060389827846777,7.70421443106,4.03423382679,3992.6953125,0.6789430183729638,0.4380342955066065,1.2971119340641084,0.1120650623465349,5920.893073950052,0.584627909150826,45.72184899653101,5.357231886657713,2691.18571943431,0.6789161604235953,0.4609271528843169,ball
0.5211106813223828,0.0829946496977237,0.4835934812258474,0.2588291372571261,0.1741976350428953,8.808165006192807,5.83572176026698,7.436897191486413,0.8344659254502189,-0.0004873360909667,6.46973608428,3.87544656238,3992.6953125,0.6640903596134955,0.4399834198899848,1.2743748754646211,-0.0276124118355757,6277.857439351021,0.6145716251730493,55.51785100516837,5.774211194105626,2744.2897410249475,0.664090180800105,0.4410157682351161,ball
0.5319300806564355,0.0903121658519101,0.5365200865403047,0.23167407795804,0.140772837186914,9.352747783800282,6.005858006336965,7.79200618429973,1.5702111315228615,0.0018396257147851,7.71969311449,4.14480247809,3992.6953125,0.690126618664093,0.4431641453294757,1.2974010001698586,0.0318912974997884,5877.28910413639,0.6061991376630158,67.75167981538094,6.578522511809836,2664.2932911164544,0.6901241667743304,0.4762713655659639,ball
0.5127231889705713,0.0823339070080674,0.5173788350040572,0.2369735299716576,0.1629578892918082,5.806213043860911,3.8125636176826254,4.8649685912356295,0.3294704829067285,-0.0047305971457861,4.93582233221,2.49438221034,3992.6953125,0.6542532690526355,0.4296056984986776,1.2760360426963009,-0.0624111446138468,6108.886394607294,0.5813383746756072,80.6987326759597,7.384620194820442,2731.972970420452,0.6542361664694978,0.4280249615167044,ball
0.5369962925831543,0.0683687868458632,0.5549903383003452,0.2183697439032404,0.1581107989850811,6.278716416284229,4.113775278793822,5.268303633161337,0.5692577539665771,0.0126727442280859,5.333262981620001,2.8290595192100003,3992.6953125,0.6877039525696925,0.4505792795280042,1.2806493491073796,-0.0498639472321746,5991.833198966677,0.5845381886169099,62.047014667265984,6.309845842357325,2650.5138558355707,0.687587178424458,0.4727761279337075,ball
0.5137348616945898,0.0959267492674026,0.4989206347221781,0.2630551076371335,0.1418761539979666,8.844194237930544,5.940770345513832,7.480753001583721,0.5266831788699666,0.0008438932194335,5.827818805130001,3.843123608640001,3992.6953125,0.6469066106118935,0.4345363189964554,1.259222721382052,-0.1502942109971435,5999.200468832941,0.5486854041128055,92.05112279235972,7.65646678581624,2765.6857918713617,0.6469060601799941,0.4184874506976022,ball
0.5352670244923291,0.1074494286761545,0.5250538646362569,0.2279102127311611,0.1395098261896876,11.275883769393335,7.243156638468559,9.46209217218944,3.960337442805159,0.0126104439704052,9.41884287904,5.06474592248,3992.6953125,0.6992456708144384,0.4491662051561297,1.3063492403210042,0.2262328305169092,5792.300834384654,0.6036197907857734,99.15139057283264,8.526608729958353,2716.4832846912477,0.6991319509617646,0.4887854848556033,ball
0.5454329436748047,0.1355432780784678,0.6065730457898298,0.1583967531011804,0.0990647258564562,17.677048603453276,10.743940929032368,14.688440373170074,11.979653206278767,-0.0018779752414355,14.29271999568,8.01155927073,3992.6953125,0.7456816194029043,0.4532181502948921,1.367137111995734,0.0713934535287823,5271.594877765977,0.5807312404538297,29.196022921371583,4.6870452027058285,2532.417544081248,0.7456792545889489,0.5560375507243305,ball
0.4810845926052344,0.0555398249509417,0.4823279106873815,0.2896711194779969,0.172197693319566,7.7321861965669,5.179610188453131,6.529706491884482,0.3083035302628421,0.0019323453108593,4.96891952494,3.14134118748,3992.6953125,0.6064821623995895,0.4062681766347995,1.26065596720794,0.0758635835138677,6364.961888915636,0.5694092829681179,106.15977844605632,8.417819363462804,2712.599323804524,0.6064790840173152,0.3678168793504816,ball
0.5276191355985498,0.1096254481407751,0.5603428331516035,0.1974619723361029,0.1322379060618511,9.241099502981832,5.900233616390909,7.713437781522318,2.680794462379775,-0.0062084310570165,8.024554289080001,4.069757374780001,3992.6953125,0.6897620737379234,0.4403975277472999,1.3073105715838622,0.1869560362058368,5592.171014869715,0.6154461369113886,85.79390894839862,7.445892724788685,2694.560793210189,0.6897341326562364,0.4757331737510507,ball
0.4930986445703418,0.0737678275669878,0.4696781195913573,0.303252073829366,0.1530355203250469,6.330738906524066,4.142447683151243,5.30100548986019,0.6685655104597292,0.0138780394421875,4.932774147210001,2.6139186219100004,3992.6953125,0.6310082400175396,0.412893133093241,1.2796795265323928,-0.0384961653914113,6248.856289646308,0.586719097367336,83.12445393560051,7.444847623937092,2667.284827326227,0.6308556086706957,0.397978798991274,ball
0.5047798693637597,0.0938252216076586,0.5066752241808133,0.2378968345314322,0.1610318567262568,6.664282461573627,4.460046922819556,5.636062801981169,0.3842171489376595,0.0044192653872753,5.48313004533,2.8449710449100003,5331.708984375,0.6378791735023864,0.4268983287119288,1.2636779162893108,-0.1030709925374133,6054.7418419443975,0.5984295375810035,28.796937038315587,4.355599614537383,2730.2786840756767,0.6378638648501139,0.4068703100815244,ball
0.5114310597731299,0.091725136546956,0.5612673395791494,0.211746355963802,0.1347064337001967,13.47836514627687,8.320226433805818,11.16795261141096,6.226347690296651,-0.0138606315926318,10.00812409961,5.711637839550001,3992.6953125,0.6864762497740579,0.4237633999051974,1.3422654660015718,0.2434606366497803,5777.329719980463,0.6001340693686822,23.556890902927517,3.873476823720148,2661.4753769394333,0.6863363056080511,0.4710575243957081,ball
0.4971707656011671,0.081091245124996,0.5160547831194533,0.2443755841734108,0.1583325381982666,9.51987661912204,6.230253807910504,8.007981740631642,1.4265443786722471,0.0047771979155517,6.85562411254,3.98133441291,3992.6953125,0.6390324592964305,0.4182128164258892,1.285337963352949,-0.0993939575496411,6064.497855246425,0.6374427332616541,114.51511063990075,8.730578441304802,2748.9032109607806,0.63901460266141,0.4083396624145196,ball
0.5375743498871778,0.0807558540660029,0.5393978132792963,0.2233915556620071,0.1562473341878203,6.484270178603595,4.263255832565753,5.449122020246655,0.6209606589540275,0.0027413764749609,5.775243710250001,2.9293082274900004,3992.6953125,0.6871058980589153,0.4517560414363911,1.2781597526056072,-0.0782773656888914,5969.852084566827,0.56499480715005,148.07957341048538,10.462787498922566,2689.6439135177643,0.6871004293422986,0.4721070000023711,ball
0.508192073875044,0.0631800198861497,0.4825547145518007,0.2837852938054789,0.1700749951086042,5.345391686305988,3.602259853345981,4.515769961918518,-0.0334827893805846,0.0037718862606982,4.33068445327,2.29487850209,3992.6953125,0.6370663404413726,0.4293190540122813,1.2535936178296567,0.0433950427208568,6300.177342351533,0.5816970510937052,140.36008319799438,9.885606985737764,2682.753649410177,0.6370551742175863,0.4058392949973992,ball
0.4883368901737207,0.1144384168086991,0.4627160566275746,0.2646776189045957,0.1581060806914238,5.7155596478821415,3.8306815683356983,4.820107888066059,0.0081344360431212,0.0125118750740136,4.39649476742,2.35383649636,3992.6953125,0.6144693716691941,0.4118295742451392,1.258289889691936,-0.0462281348405203,6035.212548464017,0.6024977007981528,98.17851591965564,8.002365778948317,2875.53039548504,0.6143419745562454,0.3774160617016665,ball
0.4928397864510401,0.0651215817911635,0.5124910752649469,0.247079785012623,0.1750439113574366,5.900919941390699,3.932384004481023,4.975742966205533,0.1829692497236825,0.0046787034377392,4.797794419040001,2.4522441009,3992.6953125,0.6236023994873398,0.4155697967869849,1.2653247903906597,0.0129567134458527,6227.308436661784,0.554219876581558,75.2237292350614,6.993172196686338,2684.20447597909,0.6235848477797623,0.3888580623805093,ball
0.5119945809525439,0.0726284636623618,0.4880998118698502,0.270369102569921,0.1687409237332312,6.294685450736969,4.103102103020659,5.260346640425938,0.5485506633159489,0.0134870352973584,5.07297846447,2.6932689738300004,3992.6953125,0.6563982338746202,0.4278639488673224,1.282041369761023,-0.0193728083704351,6203.2433090498325,0.554550408145148,181.7314396513613,11.716580651145476,2714.5196904070203,0.6562596599766044,0.4306767413126083,ball
0.5263896031308594,0.0889098033630563,0.6165455420870608,0.1871657476761818,0.1072000361509188,17.341757708561744,10.65361692225756,14.39768438335954,9.986869064526434,-0.0076979546386523,13.23187845924,7.578791368560001,3992.6953125,0.7113820051785767,0.437025559688122,1.3514362763766985,0.4178605868164661,5482.461735146356,0.5183499253324575,21.36735807083,4.140500070487678,2462.5615245087506,0.7113403536889172,0.5060050987862739,ball
0.5334629656525146,0.1202960150859467,0.5611681428222212,0.1994781377566487,0.1188603035832084,15.54914564986947,8.993979987783353,12.702089853813378,12.178774893440862,0.0127899177692529,13.26559138534,6.7760945234,3992.6953125,0.7534033356316183,0.4357856486769023,1.4122879827469932,0.0552969728297028,5541.627522959625,0.6185897487026913,30.892537893670884,4.741459207513938,2671.28517981237,0.7532947657751942,0.5674530041443047,ball
0.5360627991323633,0.0945835619154087,0.5072153378815226,0.2387962685811827,0.159235671863071,9.610698533652132,6.1643508306489245,8.014167949582376,1.92433280595315,0.0051901704249316,8.244572282380002,4.296097303770001,3992.6953125,0.696926151965583,0.447011971994241,1.3000830370874137,-0.0319165248729762,5997.102242589897,0.6124821546526824,109.3104330426218,8.890166057922382,2760.419109794556,0.6969068254971501,0.4856791234245152,ball
0.552476781790249,0.1023530151606426,0.5572957016663005,0.2096129832180888,0.1302200919217717,13.503431717907535,8.13293309492245,11.12596654909506,8.089543421803011,-0.0031095937953369,12.25971472082,6.14683819335,3992.6953125,0.7557959867132795,0.4552056337796257,1.368014026334634,-0.0619539909795548,5739.721297570282,0.6178754714644369,18.654621735206835,3.5451181813476915,2674.7963336972466,0.7557895897393188,0.5712179039583278,ball
0.5329590561979493,0.0787883954451363,0.5381575349111246,0.2318021092991905,0.150843280169369,11.311945640631306,7.001443800439076,9.370090163146036,4.544270221154516,-0.0060491127861328,9.85499547795,4.99387440984,3992.6953125,0.7132635142378524,0.4414690954580381,1.3383082732962046,0.0888533542383004,5945.674093630718,0.5744523959282601,94.53705011367096,8.08718043131408,2696.6852130211023,0.7132378628321913,0.5087082489774317,ball
0.5356410647886134,0.074423204941008,0.5129510968590323,0.2633986446528316,0.1490319659655883,14.892730265860886,9.32514164186652,12.400274638056834,7.028629928709977,0.0130745033459667,12.59707564388,6.6420963108,3992.6953125,0.7122783294764536,0.4459958780040423,1.329767966460056,0.1715532685542652,6001.2051446831365,0.5740500722741505,155.78949382334272,10.37741463517209,2610.1685016120387,0.7121583222879754,0.5071694760040237,ball
0.5015667918166797,0.0880154111223577,0.501433173653089,0.2623844991609083,0.1478176203113297,8.08456523525122,5.301506786829875,6.790143063886835,0.9979263515890442,-0.0072146506185351,6.71535883158,3.40571027253,3992.6953125,0.6424042087412853,0.4212607819255441,1.280794939422706,-0.0628099419384758,6020.565061806228,0.610789494081713,70.61308457232138,6.928253032036866,2742.684415633079,0.642363694666012,0.4126311162249694,ball
0.5156291737281299,0.0802649906013993,0.5063634898436263,0.2508885570835644,0.1619259170656842,6.986584432779603,4.530069296063449,5.805986219504473,0.4925807601296137,-0.007896643314624,5.53298006282,2.99373587704,3992.6953125,0.6608587377772575,0.4284977739614816,1.2816550564799911,-0.0054706860382117,6129.992207698064,0.5802143012141602,56.08685686213902,6.012261369587751,2777.9263161843423,0.6608115573451417,0.4366719143209116,ball
0.5174301776839747,0.0693241189648053,0.4814114074453584,0.2618971822080413,0.1869589571989401,11.07632875799508,7.201774890674841,9.321913589829236,2.702887984133122,0.0053243858207128,9.19303943061,4.82343940514,3992.6953125,0.6697570360586514,0.4354727555064994,1.294391137093113,0.0505901830355661,6391.182694220142,0.6092608541642176,93.48244454373864,7.99188057159328,2768.316886434686,0.6697358720165003,0.448546138265702,ball
0.5096264133704101,0.0912118498163668,0.5200486104018142,0.236556347767741,0.1520828066400658,7.177771401436512,4.802825982213292,6.055159278444046,0.2452060971950098,-0.0117334062764453,5.78043781749,3.08586910546,3992.6953125,0.6425111209292524,0.4299202263313114,1.2607492548904802,-0.0525694876325789,5977.571392110345,0.5899770115296427,159.75511091401006,10.722191434358404,2775.1166685526305,0.6424039754663076,0.4126828676949163,ball
0.5106661672229102,0.101330300378129,0.4863630056019219,0.2569213673384726,0.155052864446769,7.011074757395956,4.579631637195446,5.872512413282623,0.683002848538413,-0.0144540661795898,5.7088237591,2.99889340606,3992.6953125,0.6548328869298568,0.4277366181121487,1.2823110849323536,0.0653832221967279,5949.155446123651,0.5899839575371253,152.3616000293671,10.415034480425971,2799.8612515581617,0.6546733458571279,0.4285971897757665,ball
0.4992116325829248,0.0743362866523885,0.4684067251024397,0.2805659965084727,0.1765523882816217,9.265319327608376,6.142591616870858,7.803201083666497,0.832733895982321,0.0029921938772216,6.54021621785,3.89544875235,3992.6953125,0.6341702322601106,0.4204332969660872,1.2703434593038407,-0.1347222546360385,6254.008999315912,0.5940061651852998,112.90332720345444,8.650699923400929,2737.517979183633,0.6341631732138375,0.4021629302606437,ball
0.5043962065553125,0.1233842974465578,0.4903348880785189,0.2233063614412065,0.1625871754217816,10.481220559744964,6.495768745297973,8.66931846915165,3.4251928551329645,-0.00580724049708,8.08698111788,4.372771349260001,3992.6953125,0.6731722634715521,0.4172005850210256,1.3346100837452106,-0.0564737497627236,5903.202490383384,0.6601953687560259,21.823202453153318,4.027535625788269,2839.856476254526,0.6731472144079792,0.4531271722652218,ball
0.5548766970837109,0.0789598228851117,0.6244698459229523,0.1856319094169664,0.1107795076487012,13.075129920592994,8.239444524485233,10.93244693107888,4.722313404437909,0.0013304895174902,11.634848988560002,6.066160044160001,3992.6953125,0.7362341024486708,0.4639464449684706,1.3268427135580352,0.1552117114791375,5484.383192413828,0.5318844605986344,133.11823415644452,9.842414850412824,2507.4068128110107,0.7362329002469558,0.5420388834060439,ball
0.5051449569150928,0.07135071504835,0.518195879043419,0.2323603996457844,0.1780302810160342,6.0507606401833565,4.064187116343996,5.124699737950911,0.2046136285175381,-0.0094367745067919,5.15680355197,2.58871622833,3992.6953125,0.6369579338312358,0.4278331902832557,1.260940894512976,-0.0189121721317156,6200.846771011061,0.5737731673129883,162.39097221081195,11.221155760354364,2732.4861695172062,0.6368880252897403,0.4056263567574648,ball
0.5136433311367725,0.0652699421384272,0.5299936677300013,0.2432460479776177,0.1613669335744494,7.347090913874764,4.916594723677701,6.213412188759005,0.3043787114631464,-0.0053438181445556,5.08233639242,3.19147773436,3992.6953125,0.6491236137463691,0.4343865853535293,1.2637633439331484,0.0799859249321149,6087.488999468932,0.5422052137881855,74.31390634528405,7.113530407340302,2635.1976425807534,0.649101617260952,0.4213329095307833,ball
0.515369663052832,0.1212195473399434,0.4917522327535091,0.2209400943961286,0.1659124572979,8.934703693782692,5.822625681041925,7.492061200707849,1.3967170282286825,-0.005598475545498,7.515342792090001,3.86118105658,3992.6953125,0.6631339996922256,0.4321554680393983,1.2867152400164574,-0.0633841868694926,5810.391742467209,0.6218340546613199,65.92620543410506,6.590414280362518,2870.995583870307,0.6631103668465568,0.4397153586193751,ball
0.5144849899259326,0.0728644197964614,0.5067267433515256,0.2403290902076422,0.1796189236149699,6.586142120007776,4.41421301040015,5.562665633009065,0.3087786664335858,-0.0048666283548974,5.667447695910001,2.86190797216,3992.6953125,0.6483393450694774,0.4345348035333044,1.260171545845905,0.0361379905545149,6194.47651991222,0.5791918350100579,68.47122896536688,6.783055507589151,2737.38196610462,0.6483210796307445,0.4203202222935741,ball
0.5342273606106153,0.1088164289578082,0.5503060369851611,0.2030663319665138,0.1377244555821647,11.288946012870182,7.258378007742399,9.48050642088241,4.036892508233644,0.0135128406838476,9.41884287904,5.06474592248,3992.6953125,0.697779299600753,0.4486464827368151,1.3061466915569429,0.1848801294642872,5764.622121595593,0.5884102160964569,55.03650426875642,6.454235262098559,2703.25591603231,0.6976484459152549,0.4867133540879703,ball
0.4974406275761963,0.0998078695619932,0.4744230419596383,0.2807713686770049,0.14487567332952,11.849320110083085,7.707311624964896,9.938139248412616,2.5266867630167766,0.0133320124668603,8.858123151920001,4.94363422467,3992.6953125,0.6414213496515416,0.4172082599459233,1.2894430291649044,-0.0874163696962836,6050.231279966831,0.6285504621377711,62.62332315932882,6.242219540949252,2733.628661378198,0.641282781019722,0.4112436052323888,ball
0.5281350039096435,0.126256177358617,0.5613284560833811,0.1881428596298034,0.1240960970037812,12.901631198836602,8.02766590473601,10.683472927398164,4.358383454870478,-0.0102389174872119,9.51806739716,5.642316016280001,3992.6953125,0.7028588487908115,0.4373335378544066,1.3308317827595857,0.05041014587401,5492.955053224653,0.5894624281719049,107.14854312978106,8.781647955953732,2651.869670408236,0.7027842669640768,0.4939057258922348,ball
0.5210883897143213,0.1146715839006479,0.5006050599544493,0.2226647276072205,0.1620015275298287,10.169152969354414,6.495612431372315,8.48113227687318,2.564757431616157,-0.0034465611215087,8.2305872096,4.41941956111,3992.6953125,0.6803699586147134,0.4345907249530307,1.3056709227156564,0.1251626323568752,5893.391797634939,0.6285463469059178,96.66785902796232,7.593442495560907,2875.935690049076,0.6803612289084545,0.4628914018018224,ball
0.5216267794726954,0.1303643491557718,0.5176865113043811,0.2261751574493675,0.1254164976411963,10.982897827001494,7.054974235936625,9.211784950491646,3.214957024727971,-0.0016618458272656,8.17978615839,4.80511371692,3992.6953125,0.6810958560902624,0.4375087333605718,1.305714895962151,0.3490298533882522,5651.285650637948,0.6210025191144206,65.58758549706769,6.448584271413062,2735.7304253588154,0.6810938286695701,0.4638888034517737,ball
0.5138509273727929,0.1012177810316426,0.5290945815140291,0.2142549974990015,0.155189404159882,9.95916130647897,6.295783898206648,8.275973740638547,2.2215684301009766,-0.0083040076398828,7.559809714869999,4.25261678154,3992.6953125,0.6754705768651551,0.4270055128812346,1.3145263361081938,-0.1200344735471019,5893.910507065967,0.639794316077386,16.224667771603944,3.553436370051912,2745.754587412129,0.6754195316006654,0.4561915436676622,ball
0.4927852995141699,0.0874849618571142,0.5215876677270229,0.2326161027931733,0.158054202696402,6.8419693692235,4.496061990115588,5.732730736783612,0.6078152027064494,-0.0079809178903417,5.361726933150001,2.8250054331600003,3992.6953125,0.6283288440796995,0.4128936101157396,1.2750559821876992,-0.137863074361948,6066.64590541371,0.5713271069803341,89.01232996167901,7.6837296203592995,2777.7423510306958,0.6282781559565468,0.394733441252159,ball
0.5103247829436377,0.0814832947319444,0.4935585912736355,0.264377346618164,0.1600619726817625,8.757214774576388,5.8142841790549,7.373602230240096,0.5914767670352679,-0.012005578834165,6.11556137276,3.76293195766,3992.6953125,0.6471874854716264,0.4296950633875511,1.268187450624173,-0.1366764963895086,6139.908680017581,0.5866087251980292,78.45312662426038,7.467042943518688,2730.430534449279,0.647076121818711,0.4187075074279432,ball
0.5127021932940479,0.0836702299529365,0.4800960065245598,0.2564318638319394,0.1796756215856795,7.317581062371167,4.850821556808837,6.155495214450916,0.4360144270472612,0.0095318128413232,5.53421762593,3.15593589726,3992.6953125,0.6505982255377304,0.4312813032558822,1.268959317996511,-0.0055643849110603,6187.52145749507,0.5859480941151733,88.81902350538256,7.57174752333896,2786.3515911769728,0.6505283972408903,0.4231871956168015,ball
0.548600726371665,0.0751042927760022,0.6064729801540923,0.1997184644502712,0.118568939356303,18.23075022345696,11.02659294705964,15.056487086683203,11.3831118326178,0.0127833093994287,14.58235853438,8.25999975236,3992.6953125,0.7490980933111001,0.4530806275724247,1.3654704729712708,0.3534035554520025,5598.418604923012,0.547787778953264,39.95448880302592,5.092915397653635,2504.06455675317,0.7489890122045343,0.5609845404031241,ball
0.5358067230271777,0.0773012114641477,0.5044966348338565,0.2410745275761237,0.1768080981317804,6.157102611912356,4.158409577595262,5.219050744102288,0.1378868991781598,-0.0083440448354394,5.38104023331,2.79640247651,3992.6953125,0.6724692275567314,0.4541750645993304,1.2550593313899532,0.0497928779849555,6195.919122523498,0.6038007965512918,99.87562903178517,8.258885469657569,2786.690626697988,0.6724174588204348,0.4521452389265312,ball
0.5383285037427881,0.1317134932106207,0.5223135162175162,0.220233517827535,0.1246211356648312,8.639932623916447,5.483520847804555,7.190273516037754,1.7343003332440636,-0.0054541719671337,6.920629705850001,3.87072918339,3992.6953125,0.705883918530141,0.4480045565025961,1.3112512408731944,0.142604720190019,5591.490242654797,0.6283247901075666,57.43245809152398,6.021318900538197,2742.9979647028085,0.7058628467681378,0.4982423584476196,ball
0.5094558149981836,0.061906084024584,0.5178992219159887,0.2714524648614239,0.1482843867430306,6.078905074839522,4.140928758724015,5.174494806363922,0.0901825659582558,0.0059405299812695,5.120475283139999,2.63617646878,3992.6953125,0.6366147843587415,0.4336597522621445,1.2495976404960876,0.0302572571049451,6138.401572011464,0.5577834534233409,47.16243477101239,5.591512428578863,2578.0828795090647,0.6365870669183192,0.4052430937676686,ball
0.5149094025160548,0.1120951897772331,0.4611158349807351,0.249471660832233,0.1772600753021591,9.913960867416044,6.561643739609832,8.350233413607045,0.9485841590396348,0.0056456776173828,6.63540493903,4.29961369787,3992.6953125,0.6552647276344911,0.43369282523612,1.2725825639085315,-0.1377693060789152,6022.902733735794,0.6239004961165556,81.12946777944981,7.083548763097047,2924.3532738419776,0.6552404059626851,0.4293399896061443,ball
1.7432350415038087,0.1970964217179933,0.6896480541582575,0.0600623617445664,0.052995627055303,40.0633677104291,13.89083035503918,29.342155250886314,84.63498902605127,-0.5577312511949903,102.28011020955,51.15027322659,4485.888671875,3.682304939246069,1.2767342375282849,2.112339903441543,1.6588450434927882,4483.411201772296,0.3789889238902397,10.518914938779709,2.934627453728277,2093.5200258462214,3.639822182062809,13.248305517036467,combination
1.8073549345565327,0.2203110502226607,0.6467664307819945,0.0755286413302867,0.0573493831792434,29.19556460818876,12.00185622988288,22.01355941042775,40.32639009669608,-0.5509820992795704,74.19510903875,39.78631522759,5140.5859375,3.315013483375001,1.3627520399598902,1.8341795626260864,-0.1167493613234203,4543.058063169597,0.4362616666885971,13.179160579536596,3.0621145862813366,2168.4495276700704,3.2689039632928245,10.685733121231536,combination
1.6900846242975098,0.1903076342067029,0.7001328071247767,0.0515605209532922,0.0579240469248139,30.948498296156256,13.065756275650733,23.54101957712759,45.308890235326125,-0.5503915491567384,72.29713835939,39.78631522759,4437.392578125,3.045083222755008,1.2855652913062792,1.801734172938653,-0.6582240492081004,4539.029577118585,0.3967225435104681,12.698112538390998,3.2428318663410467,2118.787653553283,2.994929210535848,8.969600976120873,combination
1.7738000574903274,0.1885360779540508,0.7426550625814846,0.0407089052048215,0.0280483380183652,39.37379093989376,13.84035168160566,28.836549537020705,87.36649764022877,-0.5483978248179737,102.28011020955,51.15027322659,5237.578125,3.6957350798080233,1.29909444850443,2.0835127748484563,0.3165076768228172,4319.356296068188,0.3015923038575411,10.614124217489987,3.059017263325336,1766.6854527032174,3.654821145536199,13.357717605858532,combination
1.8779354034531155,0.1730896630382574,0.7665481056769061,0.0402554496277949,0.0200976410074838,37.18260982920508,13.192727227448415,27.23750408695409,74.50216619017064,-0.5405169062213477,102.28011020955,51.15027322659,5237.578125,3.8771568868768975,1.3756504307132853,2.0645847986824517,0.4418085074245369,4302.4374630112925,0.2594318851333898,10.467544128712598,3.0848655283839794,1626.2346936546778,3.8392951175373145,14.740186999545864,combination
1.6644583835738525,0.2291268938635163,0.6246274901771093,0.083246100222388,0.0629295537465718,41.13690100230979,15.448209643261327,30.718603413307484,81.05196006475948,-0.5337117587902687,96.68735523888,51.12983698296,5189.08203125,3.309758099072883,1.2429190273737225,1.9884895481533849,0.8395223963935844,4540.951125953065,0.46508707573317,9.600709110862027,2.784635793969585,2253.7086420634887,3.2664430858209585,10.669650432907543,combination
1.6815760123683494,0.2215798643343184,0.6554474306245897,0.0569909606194196,0.0658339589612461,41.2248060237428,15.20741438902312,30.40590291898146,76.22221706590817,-0.5293210298791016,96.68735523888,51.12983698296,5189.08203125,3.3621650383819413,1.2402687099003584,1.9994130587332968,0.7005761743711096,4461.428082403582,0.4353691066620245,8.325442773520978,2.625829962591296,2261.28753394669,3.3202368880315705,11.023972992645568,combination
1.8277579281483545,0.1995472944795,0.7364800878877787,0.0362634283110458,0.027625606495301,38.42880182721951,14.004889313793672,27.974074791598945,56.99095482129511,-0.5228194030880029,95.15330736667,51.12983698296,5237.578125,3.650856200098725,1.3305082269503448,1.997450616339164,0.1617767968245232,4302.985116778521,0.293019076084188,7.651259456726894,2.6444296586401386,1744.7752765954544,3.613227209234704,13.055410865554004,combination
1.7416647833433203,0.1911494446665752,0.7504727492309361,0.0383741079458869,0.0199404381591718,39.49277965849342,14.893710409298752,29.35687594533005,68.0643431089173,-0.5168123502666406,95.15330736667,51.12983698296,4364.6484375,3.432981814325969,1.2946629086404124,1.971092168342508,0.1388957703696637,4239.507745117184,0.2664559578462548,8.65598522569138,2.791559058864029,1645.122768835783,3.3938575591949487,11.518269132104695,combination
1.753136987146748,0.2130050945510257,0.6987553185891272,0.064590337652425,0.0235733578638324,39.5088203406722,14.213685073527992,29.176426943018125,89.39345211872835,-0.5183874700979589,102.28011020955,51.15027322659,5189.08203125,3.5986637498993037,1.2946545299388137,2.052699689917656,0.8587946167870851,4249.178213814377,0.3367670120964031,8.934043375156246,2.7023736071156628,1814.3399549785856,3.5611311708058087,12.681655215684753,combination
1.821037053422256,0.1885595978698394,0.737330051069837,0.0480435893197416,0.0259697195952195,38.748313553288654,13.483419693976602,28.088540609573997,77.20208520125676,-0.5135666762181641,102.28011020955,51.15027322659,5189.08203125,3.793568277744864,1.3200645018071702,2.083191152324798,0.9723647290744608,4315.521034202726,0.286663343142191,8.484368551808016,2.713888157682612,1732.7010295450978,3.75864464228668,14.127409546990362,combination
1.6072113527324707,0.2237691804196851,0.6127079248369701,0.0812267730160646,0.0822635462132186,30.136344764549094,12.32585829326793,22.700251423325398,47.94364691978642,-0.4957186957411328,72.85542563487999,36.48410179745,5213.330078125,2.95996440405101,1.2106346035823194,1.841677137869068,0.3224702650351461,4685.916429066108,0.4807176336753024,13.448064527703377,3.1894484790029103,2370.297436351449,2.918159051172804,8.515652247941759,combination
1.6885728786211671,0.1959386830840303,0.6999570383560579,0.0515765635361982,0.0524794318213004,28.80870186866716,11.679602322855672,21.539682591094092,41.78816694866271,-0.4977851002409912,69.95020660775,36.37132383743,5140.5859375,3.114089232837611,1.262511723132797,1.8442136980077957,-0.2507653065029214,4469.081259988873,0.3806934990818987,9.556818625186104,2.918892717563262,2080.651604708344,3.074046477210975,9.449761744053204,combination
1.9539264142136867,0.1844957520542924,0.7382925133293416,0.0397573746618963,0.0372544363906291,36.50318096474359,12.699186670632162,26.178198346929182,58.205775928739854,-0.5041213778795557,102.28011020955,51.15027322659,5261.826171875,4.027838518578431,1.401255229674182,2.061407476391245,0.8148390149980135,4398.777331731663,0.3063944988815003,12.0584775431311,3.082171555435393,1888.40129290044,3.9961662588171807,15.969344768108902,combination
1.8131196172657476,0.1742863286347081,0.7534861237704166,0.039961438520801,0.032082341614722,39.23928743926522,13.362698220220365,28.211196183364084,68.28377732578056,-0.5015047730104542,102.28011020955,51.15027322659,5261.826171875,3.82784018494032,1.3035474537034004,2.111190099367436,0.9947165751902002,4377.825727070895,0.2894004966999814,8.596961080168283,2.7935823023597885,1792.206322598778,3.7948456416686662,14.400853444091675,combination
1.6077215385178565,0.2409685699005992,0.6414069188857691,0.0590651370644344,0.0585559892246509,42.62492636325122,15.48900872144942,31.80266965266642,87.89304958749841,-0.4824358813246826,98.83923972874,51.12983698296,4655.625,3.301039976312661,1.1995290395865934,2.053241122437073,1.0068544135074948,4353.820882673328,0.4417366819558375,4.170060899340033,2.0675753158523498,2161.8588032064117,3.2655965068613075,10.664120545624773,combination
1.6635360890298634,0.2349807481263457,0.6740287139517308,0.0446498591830164,0.0463195145241843,41.476767411093725,15.072968935091982,30.73563436353086,78.89678830588751,-0.4701416552199902,98.83923972874,51.12983698296,4704.12109375,3.3921543395423965,1.2327343757576532,2.0391227830353977,0.6661126382649437,4236.224962232448,0.3820747436095799,4.322439781692506,2.098601051834669,2021.616886089872,3.359416301577302,11.285677887303322,combination
1.7568526298627296,0.20045642919117,0.716879115552428,0.0480025811798505,0.0346009040774248,39.4395536696989,14.41728167939125,28.80841482013465,56.962791874112135,-0.4813107021760986,91.95504193001,50.61213933893,5237.578125,3.510518866484894,1.2832837755416815,1.998186305905001,-0.6217643644749511,4392.63624062397,0.3437575896500992,11.379488499801983,2.9852695697866647,1860.9949239829664,3.4773672109682545,12.092082719917135,combination
1.7199808975670214,0.2157702324734811,0.7103263420361463,0.0515683310632887,0.0223148397638998,39.617311199926135,15.162070317622064,29.425989213323707,64.67415648213147,-0.4751393093181347,91.95504193001,50.61213933893,5237.578125,3.338075756059924,1.277525854380152,1.9407632728838788,-0.474641664970279,4197.972220961187,0.3095995966119041,9.070650717503488,2.7719916061690397,1775.5881596167849,3.3040872249285003,10.916992389935718,combination
1.7990545641289208,0.2039371440364474,0.7264893476199681,0.0447650966147421,0.0247347802263908,38.87499881473232,13.761377911929188,28.431752013789705,83.20844789495798,-0.4686892397186377,102.28011020955,51.15027322659,5261.826171875,3.716944157332521,1.3157626954629198,2.066054155023485,0.5072779099514743,4257.421779898176,0.3105010133638932,9.087791204249603,2.838295634561193,1799.9755708059383,3.687275995270808,13.596004265300328,combination
1.8037836254698776,0.1723627454921575,0.7572879641105754,0.0416945035724032,0.0285656713828362,39.43249870264133,13.226645824521327,28.35721120002161,75.71258504693698,-0.4637353616054639,102.28011020955,51.15027322659,5261.826171875,3.8672142510810086,1.2971603349894685,2.1439457573929444,0.6230082460043902,4372.9136664220005,0.2886197398857126,9.830717229471247,2.9722789085765453,1722.1575638477743,3.83930925794741,14.740295578160696,combination
1.554848283405327,0.2254188794085935,0.6033316646267513,0.0793342528362713,0.0918518982790359,36.39632311838692,14.027682783908542,27.16396791706764,58.37615057209523,-0.4634964005712256,78.63782648351,42.23584888633,5286.07421875,3.0108927851419374,1.1604427389258185,1.936454390615962,-0.1897104718825193,4674.216722816428,0.5021923645536002,6.692767611070506,2.505794074466243,2442.667599313671,2.975003605086436,8.850646450277289,combination
1.6047431330326225,0.2350580481154253,0.6420402766831157,0.0609924374060636,0.0617774264857967,35.238581827408765,14.01147931246661,26.319382845099483,53.02328507398256,-0.460788296570747,78.63782648351,42.23584888633,4316.15234375,3.014374709796057,1.1985683502585998,1.878415708873938,-0.942840449810308,4390.099761843482,0.4474017005980292,4.5560172564053945,2.224266289866656,2241.436942575903,2.9789476391506944,8.874129036801495,combination
1.8713452385483644,0.2006862078511536,0.7435395234096164,0.033080910507048,0.0226632863545945,37.5269465921602,13.251569079842085,27.333424198235157,73.47441180896384,-0.4544887995707178,102.28011020955,51.15027322659,5261.826171875,3.8599408808424327,1.363027847229006,2.062655677493618,0.0356658748582376,4222.700067348702,0.2700203954720627,6.059795752621149,2.4459026200861045,1696.6847426561994,3.8330905982853354,14.692583534663424,combination
1.7268045692515628,0.1991774224424815,0.7457989641373426,0.04044110290384,0.0145448345552647,40.56056742949241,14.06269824562554,29.621344613860803,89.54402202605448,-0.4524907291869336,102.28011020955,51.15027322659,4316.15234375,3.637301486043138,1.2610837685026468,2.10637703351667,0.2581850482702917,4168.849680860752,0.2435891587308472,7.553256117912225,2.651778754277592,1572.4910318848824,3.609046167669721,13.025214240371495,combination
1.6568829423472315,0.2201373360025291,0.6860475599966137,0.0524041538057271,0.0413603095083778,42.61678852457499,14.737767306285528,30.87138621520704,84.81136419918722,-0.4425947757472314,102.28011020955,51.15027322659,4461.640625,3.4706935021816268,1.200237629287673,2.0947125554113386,0.9226818112158924,4299.191778253849,0.3767427016350381,6.614615401923357,2.457267112849977,1966.7115374832667,3.442357222974836,11.849823250567024,combination
1.753693130581123,0.2065277474601505,0.7186283579986342,0.0405781802677935,0.0342472405716053,40.33896323575426,13.878193470532873,29.16717431038821,71.65306181093561,-0.4383692025002929,102.28011020955,51.15027322659,4461.640625,3.685657887332076,1.268011597810555,2.101654972047907,0.950683448778042,4250.812732107354,0.3206048915535152,6.797431423315702,2.470930329076843,1826.796809822214,3.659495389360724,13.391906504752397,combination
1.5730807579091357,0.218842374204417,0.6502182440777146,0.0717665878365882,0.0591051455309489,40.36073973189416,15.3297667740027,30.034879235837103,63.47244874779824,-0.4375077360053564,84.15223090694,47.24729059202,5237.578125,3.082061931440815,1.1706249911639726,1.9592521972853736,0.0356732994856664,4512.338840022158,0.4196660423757515,5.210654938724476,2.2997926207304955,2155.300649045037,3.0508511484784298,9.307692730172151,combination
1.7137783714283157,0.2351504846738195,0.6741248645995125,0.0566946002392057,0.0340249545277467,36.93248095437364,14.582299499123062,27.569078580821778,53.99079208961561,-0.425022888198667,84.15223090694,47.24729059202,4388.896484375,3.2400439035600197,1.2792882950481792,1.8905851290792448,-0.426967579083472,4215.050731969341,0.349143493864521,15.100806740000865,3.3702432383247167,1951.430410292347,3.2120460833406037,10.31724004150371,combination
1.9355076895066063,0.2106419483104256,0.7236377357315975,0.0387988110087282,0.0268667484474014,36.376718618376096,12.87981235999834,26.42731594604466,66.26100764354818,-0.4306368233875537,102.28011020955,51.15027322659,5261.826171875,3.9713523611144126,1.406126642790449,2.0518401361282,0.1919526180934536,4213.91125388212,0.302181384495072,7.589177938912801,2.6292313022170117,1812.263704776586,3.947935093497827,15.586191502471696,combination
1.6527937812940334,0.1849270806931953,0.7405060159839856,0.0449250536890605,0.0295796077999855,42.99118067698671,14.168818190744853,30.947764812221497,90.74250163820352,-0.4326777826868457,102.28011020955,51.15027322659,4388.896484375,3.610059253918696,1.1897852634219668,2.184216382452896,0.3683777990297133,4326.312158813035,0.2995791277786116,6.06488647162408,2.4923675053797854,1751.257170124873,3.584036516718713,12.845317753173203,combination
1.5637814450087792,0.2527503760534535,0.5746563990763918,0.0806790393233552,0.0919044173506551,37.88660211247684,14.566241178506184,28.17977121492358,62.63662203151337,-0.4206208000355859,82.34918680485,44.06700335049,4704.12109375,3.025283105672785,1.1631289398733868,1.9345945786278345,0.0979618996419551,4568.338649386482,0.4936095592186431,3.856038818915129,1.959555978146738,2457.293620308542,2.995899866825758,8.975416012046594,combination
1.761518731080293,0.2459964533576107,0.6439298953326353,0.0600597630931674,0.0499672993739446,33.82762112077426,13.078610006964874,25.01648297742759,48.3401178404935,-0.4147797333897949,82.34918680485,44.06700335049,4000.927734375,3.3693950142272446,1.3026929441227395,1.9127784194272424,-0.1279755607119195,4274.926308248236,0.421007232285203,4.019758475303351,2.080700807993542,2106.508143510234,3.3437674163536717,11.180780534668504,combination
1.6782041390047122,0.2487088299333791,0.6714571793933001,0.0447223977160732,0.035058951727595,41.71465291779172,14.327393272719045,30.479172371083266,90.504821800772,-0.4133240434709619,102.28011020955,51.15027322659,5140.5859375,3.5701032457862265,1.2261943861163926,2.1273355027616234,1.1893640695222871,4198.813114629131,0.3543018092193714,9.158793576046897,2.711895384983106,1970.1169069205248,3.5460965047023416,12.574800420662164,combination
1.7030212491679932,0.2576439124681758,0.6724748328517134,0.0530396528523166,0.0168108401407896,41.1327590891034,14.194228785327962,30.03501762034933,88.55401024783419,-0.4126785069484033,102.28011020955,51.15027322659,4364.6484375,3.603596503915881,1.24354102081473,2.116002079055918,1.0176749489776045,4027.206059402457,0.290509089785089,11.415294885099884,3.0402201842459684,1757.0040141931706,3.5798888548302163,12.8156042129376,combination
1.8075923515360983,0.2398374096349692,0.6759799008020744,0.0433930839733641,0.0407497070230715,39.19891057068504,13.516653607216568,28.297460532582093,67.87246876595235,-0.4054448841295459,102.28011020955,51.15027322659,5140.5859375,3.784240886315291,1.3048901737805645,2.093525613283011,0.8575260389669245,4216.22281005045,0.3716633831075466,6.895323824639897,2.409462978777446,2004.7723828642916,3.762458442507176,14.15609353159352,combination
1.639916887958418,0.2137666353987697,0.7103975152479344,0.0375330578953151,0.0382484382629326,42.58528105343319,14.62750856968974,31.190771680062717,85.94148122970557,-0.4001645555237988,102.28011020955,51.15027322659,5140.5859375,3.496854777619517,1.201125646262849,2.132336585650299,1.4908991722789613,4272.716788903249,0.3298742257020647,6.1095359896225006,2.368237299794906,1889.1670645696595,3.473882793685315,12.067861664262889,combination
1.5647397300173829,0.2318915380926035,0.5842045184877046,0.0922924071522483,0.0914787488724575,37.443627186933696,14.951374032695654,28.208568935467405,52.70838692278575,-0.4004735414642285,74.03942603806,44.13906854026,4000.927734375,2.952174726131305,1.1788139092374774,1.886687395672192,-0.5014518371483804,4731.069443351725,0.5116573276673044,4.897491964770055,2.200844819445604,2449.21452470076,2.92488573386988,8.554956556195545,combination
1.7560806625075345,0.2452428234497989,0.6453999798539395,0.0666328222362455,0.0427181270203523,33.83935420142413,13.401499191319685,25.134989230638844,40.319529984484205,-0.3990920498455029,74.03942603806,44.13906854026,4388.896484375,3.2935918519361937,1.3043708895130868,1.8755356301419688,-0.5961656906875727,4277.462981854304,0.3869178128409368,20.156340336660232,3.741962351816628,2050.406811777291,3.269322991521425,10.6884728228906,combination
1.867816344579795,0.2111461186878883,0.7247334153711695,0.0431370363972902,0.0209489392539547,38.28759714516216,12.984561298463776,27.3850656543523,69.33861412289268,-0.4023129603675976,102.28011020955,51.15027322659,5164.833984375,3.9393147023489865,1.3359488983510972,2.109048201543187,0.2680688437607176,4205.403946716208,0.2929348675041894,7.027878607306201,2.54037490867009,1724.050392613331,3.9187172143525673,15.356344606063145,combination
1.7264622412677149,0.1899226850684961,0.7190651092091704,0.0699015388835354,0.0210746121572063,41.16782659110684,13.89365709713983,29.62721802072609,86.40440458356656,-0.3895538533062305,102.28011020955,51.15027322659,5261.826171875,3.681555753748945,1.242481749999394,2.132427611649146,0.4364633458098843,4317.381867615233,0.3134938874426571,6.409141402787943,2.500999286515597,1701.3169328413858,3.660887947388752,13.40210056333623,combination
1.6658085601572703,0.2665563775375289,0.6127075332343543,0.0626199370443214,0.058059896203594,35.44804346687097,13.744855917352307,26.47905580307237,61.8806499078772,-0.3796526131706689,85.98517770388,44.10903782164,5189.08203125,3.209130607615477,1.244329263556208,1.926470234558346,0.2182729781884633,4266.514703858343,0.4283237148966162,3.92302710484973,2.0057380693098805,2198.32515432493,3.186594287016652,10.154383150047169,combination
1.7257011636229933,0.2433083800212165,0.6720131460096087,0.0479573091236325,0.0366966505523549,34.93158332495205,12.813719786086194,25.56006726508549,52.01618468403595,-0.382421091476001,85.98517770388,44.10903782164,5189.08203125,3.442328891063772,1.2627265535408003,1.9947421741530464,-0.0534950894146007,4175.648131771279,0.3656660090918935,5.153773907956259,2.207801571797253,1924.7654984217688,3.4210206522391298,11.703382303046642,combination
1.7313972623236915,0.2009077139458695,0.6694055319773582,0.0584609269457139,0.0712054602856835,40.68124869444904,14.548356671795553,29.54277122856352,70.1695778274159,-0.3793548049008203,102.28011020955,51.15027322659,5140.5859375,3.515879791822361,1.2573427529418355,2.030660362200026,0.5486069517360435,4590.505865757383,0.4208231780592146,16.69098238427085,3.363442022711826,2228.102804576144,3.4953541512332493,12.217500642543508,combination
1.7863294746199414,0.2176907748194207,0.7001005616206112,0.0548575410881453,0.0273240354046944,38.87828791540291,14.366274582189217,28.6342883288497,69.69901123273806,-0.3748006617201758,102.28011020955,51.15027322659,5140.5859375,3.560441013010029,1.315651382023053,1.993160312023372,0.4575637786994688,4213.813964835052,0.3097360743005042,13.388493264505712,3.2221680991435195,1806.5226797703103,3.54065879054986,12.536264671097996,combination
1.817877193189995,0.2356865529157511,0.6761011324059009,0.0464374706082725,0.041634104272285,38.64214529055039,13.31276546244533,28.13736451406376,69.25703372279956,-0.3734223373561767,102.28011020955,51.15027322659,4679.873046875,3.842197428541985,1.3236913437903348,2.113562699909189,1.0757567772059844,4240.016340119331,0.3739508282786691,3.4316834784627783,1.99936654423254,2023.1177270299083,3.824007954732586,14.623036837858091,combination
1.7123729292946142,0.2110518951833091,0.6843769850261334,0.0579775007964988,0.0464642954384857,40.622272168432765,14.214151397052584,29.870989170367565,83.3385534738591,-0.3686338232792529,102.28011020955,51.15027322659,5189.08203125,3.598545688573179,1.259168197547021,2.1014964830444645,1.5962846816961491,4367.943257742237,0.3807129069158644,6.382013971806483,2.425523163064275,2036.7183759558127,3.5796145291194605,12.81364017708314,combination
1.6652133614291258,0.2590856060949519,0.5473099663093243,0.1002665713250907,0.0933197708866826,32.11848152473033,13.297253187603935,24.166964871920296,41.06234646583312,-0.3651071684900342,67.97136758034,40.24315280991,5189.08203125,3.0264260025841856,1.2529593834915236,1.817440378923476,-0.4676648617275723,4676.537357348616,0.5233451312828062,31.752858186190775,4.166389452479165,2530.4295435612594,3.004322070723258,9.025951104634885,combination
1.849522700408457,0.2357323505999373,0.6360911153824416,0.0829331108898465,0.0452410002326831,30.07828582652593,11.32074721731006,21.75866930480092,31.52041734388605,-0.3630551892875489,69.63259182712,40.24315280991,4461.640625,3.554814186503162,1.3379470173935148,1.9220170618712065,-0.1457291664316853,4372.5341428045485,0.4167022680892587,12.621810605083358,3.1460291626100294,2082.02669660447,3.536226071689354,12.50489483009552,combination
1.902031128148555,0.2115635000533222,0.7129978757689633,0.0500822341709309,0.0252985557021223,38.07921154813086,12.670435761705235,26.892448009712595,63.549678972330256,-0.3628852232063672,102.28011020955,51.15027322659,4461.640625,4.03697822147405,1.343259777370594,2.1224564423420675,0.6560069760389078,4254.248059536182,0.2969808149100188,7.265106437247079,2.5334224868363413,1770.978344285846,4.020635207953371,16.165507475434246,combination
1.7637268868103857,0.1920021628493552,0.7139233871798806,0.0722589165056546,0.0217965528208074,40.232469437203015,13.694909719367873,29.00124367843186,82.2648418705111,-0.3598418694605225,102.28011020955,51.15027322659,5189.08203125,3.734984331751476,1.2713679757199114,2.117665926443982,0.3731879668647682,4340.8503537882425,0.3041771037534692,8.544714555840333,2.833950747576997,1730.268379873164,3.71760968734107,13.820621787412168,combination
1.799216494470088,0.2755675978070617,0.627396368929556,0.0556032138754192,0.0413806772547875,38.09023546177318,14.256236479533325,28.045712897347443,60.388482828428536,-0.3531069493541699,94.5995679832,50.46030924408,5189.08203125,3.5395252678729285,1.3247570836027318,1.96725923686877,-0.299177505599331,4130.603360076828,0.3851305724703362,3.782087422773847,1.9938157720303424,2051.8512597145686,3.5218680560504705,12.403554604228718,combination
1.7182070684483155,0.2423099727585318,0.6708541511046832,0.0481413645701632,0.0386351531257175,39.66482560150777,14.668846460081005,29.36800236170014,66.4839616545055,-0.351725433921499,94.5995679832,50.46030924408,4461.640625,3.439964374935679,1.272167682042244,2.002066245741996,0.1109533292985886,4192.225166435012,0.3731005591260897,4.589753248970292,2.15325318227863,1948.8228456920397,3.4219357270351165,11.70964411995935,combination
1.7138660606504688,0.2179439877777961,0.6251125121409713,0.0799631791245028,0.0768981209539707,38.84095188551803,14.365573149363732,28.70726323312968,74.82102350123186,-0.348167621561582,97.48681491157,49.20040414942,5140.5859375,3.4248827831557245,1.2667146854288225,1.9983374791002444,0.0397462866915947,4597.979899610376,0.4526327660378932,10.10374322631954,2.8729575612642453,2373.0945823703987,3.4071397660871874,11.608601385652657,combination
1.9592907926099512,0.2161220445684386,0.7122181630910542,0.0501585456239009,0.0214950872877191,34.17609745490444,12.962682511750389,25.111333312540427,53.67995429216343,-0.3407866856770215,97.48681491157,49.20040414942,5213.330078125,3.795541864488381,1.439614461959568,1.937201909387008,-0.0793060824531532,4217.771278323123,0.2900627287971183,19.907171086654035,3.844161277539704,1731.4632254304508,3.78021196230439,14.290002479949203,combination
1.8586668189524655,0.230280776013646,0.6684982396815933,0.0590563573921951,0.0420836945873949,38.607212000570726,12.934245503250354,27.51987214976916,64.02644724269496,-0.3446212875233057,102.28011020955,51.15027322659,5140.5859375,3.9546391178160354,1.3248890706180454,2.1276751042690094,1.1231626939233337,4305.264542284775,0.374088471872691,8.63825149211017,2.68267085913388,2040.178462268139,3.939594740623276,15.520406720346577,combination
1.7079817426334911,0.1996835537958573,0.669981147429601,0.0802016101992021,0.0500477576480103,41.75780744953284,14.038453524279964,29.94778688191524,81.85192738384414,-0.3464446736879931,102.28011020955,51.15027322659,4437.392578125,3.643583186575639,1.2249271777118231,2.133268228592242,1.4268012041826843,4469.896671836548,0.4141269672115331,13.584511039679626,3.2651174959094065,2077.745006752898,3.627075202635025,13.15567452556991,combination
1.7557788199282227,0.2670736595604094,0.5263238824109943,0.1117658503306619,0.0948037052257139,28.034983965578316,11.344649285808876,20.73269408628482,33.805493078286624,-0.3311217483440527,71.27969078461001,36.40202515675,4025.17578125,3.208739577545656,1.2984500080843575,1.827530632632208,-0.5834039543022808,4626.928936689781,0.547038703495943,6.180460910520129,2.268134642424076,2583.71575764604,3.191609008679079,10.186368064281451,combination
1.6997112194565822,0.222745249982786,0.6454462482818728,0.0757061057019754,0.0560728594772154,29.06594094721787,11.27233596476992,21.41659403083081,38.22710976529562,-0.3277744661444141,71.27969078461001,36.40202515675,4413.14453125,3.229324007953573,1.25239451985587,1.89992509962135,-0.6621465960890626,4429.55737037741,0.4364022579200403,7.448476707566224,2.590692608041032,2156.452809299374,3.2126464865728805,10.321097447689072,combination
1.915613821253369,0.2217624443704746,0.6823550060092345,0.0613148338001143,0.0344841319966862,37.04134224160971,12.848546769218265,26.701766639542637,65.74095558239587,-0.3342496386190137,102.28011020955,51.15027322659,5164.833984375,3.981016230499514,1.380896860943967,2.078193520181834,0.4808562961603108,4312.127327829745,0.3654288231379277,14.982246673987198,3.313207912574132,1959.7846979435776,3.966959466213843,15.73676740658362,combination
1.9620038456935691,0.1905152174361615,0.723668776205032,0.0656518766553012,0.0201178774502448,36.22596257217059,12.62510313336232,26.070424550319043,62.67724641986912,-0.3278663016477686,102.28011020955,51.15027322659,5189.08203125,4.051473693820642,1.4119783049156167,2.064967254123013,0.2851575460316999,4344.01662290961,0.2972902910113845,14.837944151942388,3.530252668863075,1728.2287590813128,4.038185580178863,16.306942779964494,combination
1.6847588694606346,0.2182507248454478,0.6929589002177368,0.0440471497452822,0.0446460139830943,42.660231849311415,13.71028907583846,30.360589965592798,71.03094918343064,-0.3199260029785059,102.28011020955,51.15027322659,5213.330078125,3.730794656746644,1.1990153594867448,2.214438353389429,0.635793804057421,4295.207867403598,0.3794791130814667,5.243541222825385,2.295071968900002,2005.73860115945,3.717052074349713,13.816476123427506,combination
1.75254700092167,0.1793442860569457,0.7193227927667668,0.0497343295782384,0.0514671029551736,40.92703166311123,13.766823323454568,29.186249041931493,67.76894630079165,-0.3202645717925,102.28011020955,51.15027322659,5213.330078125,3.71547393503955,1.2497919137559466,2.1200423914939632,0.8477306608220815,4482.835796646596,0.3883111933832202,6.850159858829786,2.4946316200517598,1995.2068916545643,3.7016451972079714,13.702177166012842,combination
1.9107595920413525,0.2206445739987242,0.6048468003830764,0.0846290290293903,0.0897784392434137,35.645415591535745,14.475112979882224,26.50197790999972,44.62419832175332,-0.3188132160117138,89.08866287615001,50.6389084996,5237.578125,3.498342884782929,1.4206289268689174,1.830865012717528,-0.1416231610726604,4732.557855357117,0.4895690968573277,12.187638517813916,3.0726717200350557,2486.429736223777,3.48378545160399,12.136761072807616,combination
1.8121287050118555,0.2183662412447984,0.7101622686487736,0.041474149562274,0.0299013733711546,38.13711851326676,14.426456626676249,27.944432622002257,48.8297968452592,-0.3123898597053711,89.08866287615001,50.6389084996,5261.826171875,3.510141804742447,1.3278116038573875,1.9370267658331048,-0.1631272135202143,4234.814281120071,0.3108082997437683,10.041633105743736,2.93721611371248,1817.8784312233736,3.4962133895049687,12.22350806495382,combination
1.7974891404443654,0.2213547749127357,0.6523792007831304,0.0840816355168434,0.0421089525321411,40.14823255872511,13.243781431520809,28.4565130746464,68.61146708933971,-0.313832466837998,102.28011020955,51.15027322659,5140.5859375,3.862210614926792,1.2740354921420796,2.1486697905568413,0.7765632632150611,4431.274017767717,0.3961492510321149,10.419063348328445,2.923764296872548,2110.5885831141786,3.849438922338106,14.81818001681156,combination
1.8075397891765772,0.2106081388661103,0.651774271047436,0.0845971987523404,0.0528423020788642,39.13641501549533,13.648970346976991,28.29828340868305,73.34028696868252,-0.3162996005026025,102.28011020955,51.15027322659,4485.888671875,3.7475554511640423,1.3069739066886432,2.0732907090644117,0.862794920767101,4496.273461132784,0.4124624755346944,10.438161075691784,2.907062447183961,2160.6246947480618,3.7341835014191824,13.944126422271228,combination
1.630915583779468,0.2762987960902646,0.5552682261303945,0.0867818076753768,0.0815901819504366,30.30718535527101,11.89363925488414,22.497537461510596,43.6457424374307,-0.3044860380468408,68.69769519850999,36.69158444264,5261.826171875,3.0849753936813364,1.2106562853834468,1.8915604365814227,-0.8389463391887936,4463.450173772694,0.4915167698313922,5.745879467074419,2.224034620048021,2472.6688016025214,3.069912284130257,9.424361432253855,combination
1.705147982441338,0.2121856949672435,0.6587069305521479,0.0663235703007153,0.0627038836325812,29.36753551889061,11.241457554417009,21.518123248227987,41.25577688051943,-0.3051360902887793,68.69769519850999,36.69158444264,5213.330078125,3.263952584887277,1.2493926982411654,1.914175554554583,-0.7132253093037962,4485.145311749462,0.4386179680456157,8.998483970629394,2.807241026923494,2158.2556777902814,3.249658203995555,10.560278442795614,combination
1.9013829939197315,0.2091339558799891,0.6416652036126319,0.0829374293250939,0.0661418803752212,37.52052701861171,13.330365205841188,26.901614977181897,63.24712681338896,-0.3079580517385401,102.28011020955,51.15027322659,5189.08203125,3.837124672636624,1.3632610544414097,2.0180703650485112,0.9688363359990574,4599.721042179192,0.41840681524981,38.30385988301298,4.892287699993466,2323.8826483212474,3.8247467356318015,14.62868759172612,combination
1.804384598656304,0.176705583399084,0.745540650510489,0.0552732626427486,0.0223947206292006,39.88978867483368,13.545406706381844,28.347766471006672,68.23416125162451,-0.3033274062585791,102.28011020955,51.15027322659,5189.08203125,3.776208004333368,1.2822899023995211,2.092795519949266,0.8116975505978276,4364.016612861456,0.2757262078839013,17.997559368262888,3.768436126148953,1701.9087274788958,3.764005762031169,14.16773937660384,combination
1.6550661873898536,0.2456809486615557,0.6209210004406698,0.0863268820077626,0.0468915703944355,43.50115481626386,14.122462696533685,30.9052735270106,76.47776237408938,-0.2938502389076562,102.28011020955,51.15027322659,5164.833984375,3.6219088926426894,1.1758371344998488,2.188377069290911,0.7991333120081969,4339.807114479504,0.4384845683559125,4.950459665562793,2.213912235633304,2180.6320203349,3.609968983758463,13.031876063698109,combination
1.684894026098755,0.2097020934832137,0.6555722251690045,0.0706399118191771,0.06393300255074,41.740960725334965,14.443213772864954,30.358154539264763,78.51034252556795,-0.288283940539624,102.28011020955,51.15027322659,5189.08203125,3.541474496672484,1.2254215604468344,2.10189747355951,1.2597617674380477,4546.7104782986935,0.4689877297449305,6.638718775903074,2.430554441037765,2222.6256344904164,3.5297215159568287,12.458933980208572,combination
1.7426009678802297,0.2497817631354897,0.5555732683872013,0.0936857601673668,0.1009485484981155,34.148927043065854,13.598724587240833,25.37779793315799,42.04491834996484,-0.2915973652625147,75.94420636271,44.22337524099,654.697265625,3.2520237436445414,1.2950150728079706,1.8661895658192105,-0.5944780083446461,4679.006685187769,0.5125023544316328,12.812761515239083,3.0289609301635814,2631.130286128206,3.2389241123866763,10.49062940579982,combination
1.7269738752745507,0.2163700542432469,0.7004139213152797,0.0470708456486834,0.0361378617131489,34.74612725224888,13.31032081444438,25.60743730646155,45.73255607034292,-0.2863278481879395,76.34768241842,44.22337524099,5213.330078125,3.32248755364324,1.2727569584932008,1.9238782944038677,-0.6621213447461067,4275.600254725903,0.3451386340813062,11.052996159220152,2.9202242062431,1901.7233684775297,3.3101268718081345,10.956939907466303,combination
1.7688571290355664,0.2284708388033727,0.6102824051233322,0.1170280362648494,0.0442065075445411,39.98569389968649,13.507986778033128,28.91713094684965,79.72303527230852,-0.2914282713670801,102.28011020955,51.15027322659,5286.07421875,3.786668884646176,1.2792143448832596,2.1407432078535256,0.4865893421112749,4515.331016076056,0.4380343295068029,15.473062165611204,3.484224116004336,2213.0591264848435,3.775437829523288,14.253930804595512,combination
1.7143717057195311,0.2016742978104574,0.6852654750484383,0.0781517691568474,0.034820537550766,41.50525623938906,13.85786371346748,29.836162750435708,84.34850964994776,-0.2882592722690234,102.28011020955,51.15027322659,4485.888671875,3.69106481952775,1.2323806153989645,2.1530131459901747,0.449550602078351,4401.647675358633,0.3723244706090597,13.126405195736062,3.197606803041475,1947.5899329456904,3.6797915829441146,13.540866093906352,combination
1.487085280119116,0.2652958321025305,0.5357498123181237,0.1080829428941501,0.0908492632865417,40.01429053513888,15.11490162786551,29.76238840875677,66.49975561154082,-0.2804530163444385,81.76107608731999,44.25920970385,4704.12109375,2.9281837747626924,1.106085078904083,1.9690758922233051,-0.2044850748419806,4612.979845841908,0.5043510207083991,8.185047371144805,2.487753279826232,2535.515714758837,2.9147223408768794,8.495606324406797,combination
1.578051806102666,0.2089565124897734,0.6398035943608987,0.0667483363950386,0.0844865932546398,38.31794050679275,14.111721209237102,28.04674062834319,56.90150475302094,-0.2813697073785547,81.76107608731999,44.25920970385,4461.640625,3.1363438270647856,1.1550518926246576,1.9874783672727785,-0.2091537871334688,4641.721497627264,0.4547029292123711,7.596950072640576,2.565320926658828,2343.861234268338,3.123697118693983,9.757483689337093,combination
1.8012889976866946,0.249023071417437,0.5748330071784189,0.0912677373486795,0.0848207421470426,39.74592698930559,13.709620642908318,28.39648345838993,64.01050831387538,-0.2771918513245361,102.28011020955,51.15027322659,654.697265625,3.730976557184965,1.2869311927321,2.0712814889651088,0.9356047119208694,4517.320594548562,0.4872617178495905,21.10223631446271,3.6178113599469466,2593.711810469355,3.7206653635906375,13.84335074782305,combination
1.6485624136984427,0.1869373610752752,0.7464254357570362,0.039097944099453,0.0273507170473206,43.32085618998651,14.404239951645344,31.027198486126885,76.79255263526827,-0.2705945311709423,102.28011020955,51.15027322659,4413.14453125,3.5510567304002243,1.1807308932738323,2.154032325918228,0.9416912931171776,4297.173465514118,0.2856617708764197,9.77280043124303,2.8991809137749147,1732.236750736018,3.540731916175116,12.536782502221108,combination
1.6004532438686718,0.2406108471433776,0.5861988368982889,0.1210388387197108,0.0521469625427366,45.13346084865058,14.168909656875323,31.959867257944857,91.88375510829904,-0.2718443257186035,102.28011020955,51.15027322659,4510.13671875,3.610035949503696,1.133311566735732,2.2556334984066075,0.1904706079532205,4516.729768342241,0.4793128107361934,7.613110575283329,2.482149352169254,2275.9997941206498,3.599786135214653,12.958460219283648,combination
1.6801288919156447,0.1990787528223858,0.6695799975142512,0.0757367418473499,0.0555938676473226,42.782427169730255,14.109773985553892,30.444255481059923,87.33665223327534,-0.2761865307394531,102.28011020955,51.15027322659,5189.08203125,3.625166021720797,1.1955907275588196,2.1576713781687697,0.4037844883189575,4535.866622964866,0.4330202753616498,11.256904203063105,2.966763275634682,2120.730201082236,3.614629951361148,13.065549685277094,combination
1.408438527910083,0.2286862913028282,0.5469613072742013,0.0924242684297051,0.131865992832438,35.60950451121574,15.40738388923836,27.213533472187837,49.00068033967524,-0.2686209802206005,63.42483505085001,38.3285890228,5189.08203125,2.4876766424682573,1.0763583922019428,1.7662656858440289,1.213532377898243,4973.976032788672,0.5424557298271637,6.4085068008517325,2.429013072432989,2742.312314805326,2.4731311826240563,6.116377846467464,combination
1.5558319079567675,0.1939784540569352,0.6900052309573478,0.0504195162740686,0.0655616817711791,38.01834759477233,14.303820007208817,28.25274286520253,56.51423836734714,-0.2566365794979102,82.28510785978,43.95651883698,4388.896484375,3.073061518868866,1.1561922497395494,1.975188645478184,-0.0936101486843798,4535.447023098797,0.393692892636184,10.09633001806833,2.89632072954172,2106.607884952341,3.0623266913927125,9.377844764816237,combination
1.8561499134351709,0.2298657980479107,0.5815188319120823,0.1224937231546143,0.0661105673326119,38.97640711076297,12.64620281848168,27.55718859578877,63.659322956148216,-0.2651294152797998,102.28011020955,51.15027322659,4413.14453125,4.044713971520123,1.312339361635653,2.179087983273174,0.3857234424748231,4609.219742369059,0.4741596708898165,10.497228798979028,2.889445336717953,2389.310342023977,4.036015052568991,16.289417504563474,combination
1.603521020056177,0.187970354469194,0.7177735090887019,0.0644904734441408,0.0296613832757192,44.44684513936855,14.348743388414048,31.89872323893704,89.244491175869,-0.2675209307378076,102.28011020955,51.15027322659,4461.640625,3.5647911348035883,1.150818985379098,2.2231022170689734,0.8676200548968983,4377.677390995556,0.3244129479176053,9.074906719628643,2.8142298012537386,1803.076771023084,3.554738863319137,12.636168386391432,combination
1.5024560785911232,0.2248145537698958,0.5292465763632269,0.1242799110782202,0.1215706100734791,40.410215615758176,14.237488515035338,29.62855239157006,67.41275279055263,-0.2564169018058887,83.20982355049,44.51559864057,4461.640625,3.126646851624133,1.1015927027919867,2.081023795754509,-0.3448124226519715,4989.595492337819,0.5586848867886935,8.62180970501695,2.551968194419852,2680.789648096817,3.116114713427504,9.710170907239377,combination
1.6592125726081544,0.2021146447317084,0.6243890591568304,0.0718765948381801,0.1015297652739133,36.69694973402633,13.43748918582948,26.82935229365753,54.48635259470988,-0.2540974235324512,83.20982355049,44.51559864057,4461.640625,3.3127914020957108,1.2130599126960684,1.996604568206868,-0.1363552923408576,4792.166828745056,0.4893751992690183,8.111584911619982,2.6395610004977312,2460.2760058538142,3.3030321483681373,10.910021373153434,combination
1.4391801469512888,0.2237996873150235,0.6146860790190206,0.0721634973037872,0.0892704274744057,26.21119772251797,11.727411842990207,20.01243489847476,32.465036349590406,-0.2625855768973437,53.52077598714,28.801498998040003,654.697265625,2.455912641565108,1.0988242240184514,1.7064664536733851,-0.2086513473353831,4640.519011142862,0.4684710018525279,6.756855758864761,2.558710764153625,2508.1317787434527,2.4418344984467706,5.9625557178047925,combination
1.596381590874263,0.1936873090795455,0.7444635853752778,0.0366167698068197,0.0251235626393298,44.3929096977337,14.891554230010208,32.0285809328073,80.2453032328198,-0.2475007076577197,99.46238628466,51.12983698296,4461.640625,3.4334788829443057,1.1517568307889092,2.150788321897368,0.600427529960962,4237.235330170468,0.2814528506382416,7.587757802377217,2.6443413170256824,1690.2892126644597,3.424546778675013,11.727520639333406,combination
1.8810799903137887,0.2376019300297256,0.5548003784092163,0.1512003517812318,0.0563000776308656,39.79912244703434,11.542056993751046,27.19197136218405,64.18829718993358,-0.2403267834230175,102.28011020955,51.15027322659,4364.6484375,4.4316427526118725,1.2852110820951406,2.3559034041251032,0.6862809917566618,4642.542523466528,0.5221682962328681,10.986098027135428,2.952877719438918,2374.358296447017,4.4251215264608135,19.58170052394688,combination
1.5965247061983496,0.1902342225311147,0.7045595775584587,0.0625381226614599,0.0425130084724389,45.00273372616404,14.42692375814255,32.03851028925773,92.81985239597438,-0.2537440543514453,102.28011020955,51.15027322659,5189.08203125,3.545473316702101,1.1366036902965266,2.2207444099907447,0.8544046981215528,4461.46156857383,0.3895706344270208,8.12698466071047,2.763045973774048,1963.1441379506468,3.5363816245320425,12.505994994327889,combination
1.4529417782914062,0.2118936352432609,0.5700852825264241,0.0955036159399712,0.1222687556042631,29.46773427011895,12.187509524898433,22.18560626249332,44.96267511270776,-0.2446177527405273,62.84163800754,32.2343942155,5140.5859375,2.644871304481596,1.0938877729797676,1.82035601425946,-0.1533649035566063,4986.374571215711,0.5417709958268545,8.904920549087539,2.76570356052704,2661.6616236772543,2.633534957488575,6.935506372314352,combination
1.6470593120659816,0.1926420806683881,0.6607683176946086,0.0599262641062036,0.0865261493344221,28.14296276272291,10.823752202217449,20.79863073700753,42.68448795788661,-0.2387500531736474,64.86382222565001,34.25657843361,4461.640625,3.1649448170655554,1.217234259322013,1.9215730689720096,-0.8921251641933119,4711.418020435532,0.4547932627081094,9.011470281897177,2.736248268287242,2322.007153392837,3.155926822215576,9.9598741071797,combination
1.7210481530299169,0.2398255846827259,0.5784521189815856,0.1037297054439185,0.0778639777606106,42.11494386489471,13.14575970906442,29.720419580672164,73.01853451817281,-0.2465053978598974,102.28011020955,51.15027322659,654.697265625,3.891009295668188,1.2145397460502558,2.260836972410121,0.0017880217791698,4571.249420810451,0.5053224630855118,12.906064316502317,3.138144701330855,2505.9248294709923,3.8831930711467577,15.079188427802189,combination
1.5912779908224268,0.1756675934718399,0.7370708294839045,0.0510936866802284,0.0360069766919933,45.49580230141928,14.091379400202172,32.14414673086366,88.44103290881891,-0.2422954435843408,102.28011020955,51.15027322659,4461.640625,3.6298982359282825,1.124285552493583,2.281121373426542,0.2184790017495372,4408.6721385151295,0.3149024225465109,6.0267895835175285,2.48350778372318,1823.1732124056305,3.621802606605381,13.11745412121353,combination
1.620757569566846,0.2206709890807663,0.5269544375157287,0.1416916106542153,0.1106102088280041,43.77023474113999,14.981626135792636,31.54687532733514,68.94914618948057,-0.2334219657005762,95.87311186894,51.12983698296,4413.14453125,3.4128362648701795,1.168141712863666,2.1057043502084487,0.0796958575944919,4989.596201614198,0.593442301088181,7.50262007434222,2.5487577253225053,2639.618398522333,3.4048444247485845,11.59296555674152,combination
1.689721546023374,0.2160764173999015,0.6410095202960217,0.0639872115139476,0.0788431406351255,41.51208432445213,14.831954900624517,30.259327108238647,65.6226093801034,-0.2256560744132959,95.87311186894,51.12983698296,4461.640625,3.447275650818431,1.2316856119133162,2.040144223130327,0.186352805281717,4599.1113169875625,0.472276840744714,6.31847008012876,2.47282664699884,2311.436587314993,3.439882083561298,11.832788748806015,combination
1.5449753104946535,0.2112662048816866,0.6302435366586492,0.0630383861453835,0.0952491983648049,25.620337290568592,11.874816916080798,19.750567281389312,32.88564431616166,-0.2309521827345556,59.337578651680005,30.51413881801,5164.833984375,2.569651307776203,1.191012377079162,1.6632313088249158,-0.3382358425150891,4762.198951947886,0.4638813180645357,18.014559127669887,3.748814200000111,2544.7843798622,2.559251635311795,6.549768932846096,combination
1.6823166147854005,0.1929032363701785,0.7313503591615116,0.0385705413789692,0.0370289887728756,41.27211157370664,15.006333252902156,30.392517397494892,68.7636460259656,-0.2360706479540136,93.93367368084,51.12983698296,4413.14453125,3.4072172143099464,1.2388471302624957,2.025312705328407,0.1442541006081234,4327.511014038229,0.3235534260840937,6.624769013717412,2.525408279563347,1839.2524620143363,3.3990292429846205,11.553399794664603,combination
1.880241791284165,0.2538765555397458,0.5709451830272918,0.123882525293247,0.0512144698177884,39.50093279914838,11.721564538195164,27.204093358469315,60.25373160781387,-0.2279023069444384,102.28011020955,51.15027322659,4364.6484375,4.363775250301689,1.2949130464000784,2.320858556878115,0.6875262010270321,4442.16428561008,0.4856756696803396,8.586259007005378,2.688199241224591,2310.947687142182,4.357819979489168,18.99059497363497,combination
1.631061397081123,0.1739312646020726,0.7353569559120744,0.0546824801988961,0.0358578509458534,43.33923608330387,14.389348563898068,31.36011514840969,85.77080079989054,-0.2281611913206738,102.28011020955,51.15027322659,5189.08203125,3.5547316822196304,1.1802301528405408,2.179397837862526,1.2356928169407284,4458.167068385383,0.347350574288484,7.036600420660312,2.607352479477693,1853.2659036576583,3.547401838437695,12.584059803351138,combination
1.4634907065048388,0.1965898275354559,0.5409977687691379,0.11781130095446,0.1445476867561649,33.30991056230114,13.458580056043193,25.065672481261306,54.4460600943824,-0.2242803130251611,70.53918910619001,36.68337872862,4704.12109375,2.725649999915732,1.1012752093707756,1.8624306856209751,0.117943553705558,5233.738790437974,0.5834321023942526,7.322292961199599,2.6007208207483563,2759.322246845589,2.716406866290462,7.378866263229968,combination
1.6029630598320117,0.206376087066806,0.6188857706419633,0.0680780970924495,0.1066276122011913,31.72013263550232,11.507798336002033,22.88473118804395,45.99167569308986,-0.2176742025490039,70.53918910619001,36.68337872862,4461.640625,3.187697390721248,1.1564699035199697,1.988628104165616,-0.5277255294921402,4794.151183155634,0.5001838573375534,12.053061223918707,3.0099178407952736,2500.7252587271755,3.180256687180409,10.11403259635571,combination
1.5394485021929345,0.2235171603937982,0.6202374561815828,0.0824696052129489,0.0737554914092786,27.607975879473564,11.506771488797018,20.627338740006955,37.141773138111006,-0.2168327397681299,61.24345022656,31.75472572753,4388.896484375,2.759655543559405,1.1502011544113069,1.792626086308372,-1.1292835881315342,4585.366451149173,0.4711713359122594,13.67772497647774,3.3058739308248364,2429.49897378178,2.7511238216523086,7.568682282062804,combination
1.6836889164524953,0.1841335968342949,0.7443561894685745,0.0510077217888339,0.0204452921506633,42.32406277029355,14.022531077394834,30.3798835561398,84.0616592369408,-0.2255979088518701,102.28011020955,51.15027322659,4437.392578125,3.6477204396464007,1.2085388282358234,2.166504990323324,0.5656503682863335,4284.007050367149,0.2825498278597679,5.995053678834463,2.4481524517473794,1641.5287320725386,3.640737561172982,13.254969989335793,combination
1.8854399401958988,0.2317990546960535,0.5217392147980587,0.152405103813421,0.0938872535536923,39.53158136953332,11.503916814680196,27.129091802985485,64.55192675776985,-0.2213335307810449,102.28011020955,51.15027322659,4413.14453125,4.446335456921674,1.2939091089842187,2.3582482592681773,0.6786829092723878,4846.877132829635,0.5712434466393748,7.718054182751915,2.5114045943161742,2577.302334734784,4.440823174100818,19.72091046363087,combination
1.6024452427446632,0.2295884942739413,0.662141198445242,0.0534017353216316,0.0548439934855179,43.31292062181365,14.750833546102438,31.526851790298565,83.09076096189953,-0.2086022890124365,98.1642984133,50.52005367008,5261.826171875,3.4248948381245032,1.1663968382828616,2.1372928988564714,0.4970106199223557,4368.414380231434,0.4162750475646487,5.939892778068634,2.3829524055705016,2080.6480694293327,3.418536198028425,11.68638973723064,combination
1.5264086543432716,0.1845672091379677,0.6296225408549768,0.0812275511421108,0.1043551325052272,27.44303981106633,12.552613150379772,21.10177415623874,31.576705245175415,-0.2131385628038672,61.26929273899,32.20993069408,5213.330078125,2.565994053047473,1.1737012705528136,1.6810662372400378,0.2036977253746787,4984.907724061118,0.4754987544256122,15.235931491628,3.545176487265188,2517.030419527584,2.557126792578127,6.5388974333209,combination
1.7442745963468411,0.189882566026946,0.7051679686710475,0.047753756841639,0.0571229349871958,37.41904061419056,14.027950476994713,27.45955552452241,54.54424778168004,-0.2140582365346338,85.15530933763,47.8970051284,4413.14453125,3.4143979341065687,1.2800169203225336,1.9574887699778385,-0.1898548743419955,4495.356561099372,0.3817856238949082,7.8924258852149425,2.7445100460956,2054.2200361036894,3.40768137063941,11.612292323802889,combination
1.5623133581902198,0.255774543199893,0.5977371065827196,0.0958811031146752,0.0505876345055786,41.72931420621819,15.165054856447894,30.657745373107343,68.56072919173617,-0.2039459601924561,85.15530933763,47.8970051284,4364.6484375,3.1583799453277352,1.1478023552388683,2.0216046472177616,-0.7840294370463119,4340.8546530425165,0.4494502817266269,15.709891751034494,3.376142314728346,2311.3282403801627,3.1517883692230364,9.933769924369606,combination
1.6465216655939308,0.18692714259696,0.7171031936135113,0.0548926671537796,0.0408666494732484,42.97399937716293,14.25588682568923,31.065654522158475,86.98922815359306,-0.2064252657598584,102.28011020955,51.15027322659,5286.07421875,3.588010612880061,1.1902609477341797,2.179145703245757,0.7629806200574762,4426.027485289445,0.3569060799607161,5.506349691088243,2.3744211616711297,1948.1089743046537,3.5820676665573927,12.831208767795925,combination
1.8262871334647848,0.2042678348341855,0.5119788445096164,0.1353376119016849,0.1483669589214394,39.96662886755682,12.565799091863914,28.00779367565768,62.85706021883563,-0.2103784670072851,102.28011020955,51.15027322659,4704.12109375,4.070594544178946,1.2798245605375933,2.2288907749442,0.5208707150504286,5256.150972533304,0.6140452588199788,9.249640434713998,2.772108355085817,2789.7977952945994,4.065154467387318,16.52548084371907,combination
1.5530347193626368,0.225723136373061,0.6012533122234381,0.0742119891404741,0.0987657868279646,33.46827371035888,12.000425838032182,24.26447201089959,51.46141459600672,-0.1995838139691504,72.99068579607001,37.68356747993,4000.927734375,3.140185855780374,1.1259489451428273,2.0219675816836222,-1.0905832385620342,4704.282977583686,0.5089830284958688,5.3648892170916,2.214071348267914,2455.765783938487,3.1338368671717176,9.820933510044648,combination
1.4979822626900243,0.2062761487749054,0.6560981425975958,0.0654994259553269,0.0720525951525054,33.2370240756504,14.372006787475229,25.156217412253707,41.78008441818835,-0.1985867330091455,65.30891210298,37.68356747993,5237.578125,2.6220115281861744,1.1337828379026618,1.7503621995347645,-1.6454735712046211,4645.145044461165,0.4282877814605471,13.025828171454917,3.300648893373117,2332.6936498437544,2.614480400273437,6.835507763413951,combination
1.77825802306542,0.1902230982004213,0.7371334313484597,0.0472700596642869,0.0252735205962241,39.82425740873506,13.78555042051056,28.7642583714682,74.48863226911037,-0.2014275193826757,102.28011020955,51.15027322659,4437.392578125,3.7104266181847247,1.2843999249404885,2.086551315983137,0.9469828959329136,4296.146437385608,0.2894418069377873,5.384681737294352,2.3506408987124265,1723.767433916938,3.7049551472816873,13.72669264336907,combination
1.7072419262972314,0.2422939262733651,0.5699725065845432,0.1292948803252794,0.0584077402356978,41.95304608386627,13.780723751748154,29.96076445798621,76.80540847291654,-0.2129778752311279,102.28011020955,51.15027322659,4364.6484375,3.7117261871025695,1.2192266831909655,2.174106744878733,0.9307751829490032,4548.723568084105,0.4886506630239822,8.453245759994083,2.747757159120536,2355.890601262952,3.705610842045481,13.731551712685018,combination
1.6998665080730029,0.2290160258541716,0.6728756378587266,0.055526573962898,0.0425740704692511,41.62164012343022,14.409960474378382,30.09075888234001,77.22161892549589,-0.193820705250083,102.28011020955,51.15027322659,5213.330078125,3.5496470179455177,1.22893458967264,2.088191632159079,0.7785795438229243,4297.262889890315,0.3916307365394409,5.00941708309578,2.2277283805166235,1980.246275735355,3.54435149022016,12.562427486225866,combination
1.846862287016748,0.1855974750633696,0.5985176548901014,0.0946180116740061,0.1211879936520624,38.22763429271481,13.73446749280264,27.69577005614937,64.29840614302127,-0.1794185163342187,102.28011020955,51.15027322659,5189.08203125,3.724226895101292,1.338044432331977,2.0165157528432003,0.6792584680660783,5060.192533381223,0.5074572492687596,19.03434916013726,3.6501680958311487,2614.5601990171112,3.719902547405273,13.837674962192237,combination
1.6891883827190086,0.1963925242936563,0.6742117747693895,0.0603400874445169,0.068999180200115,37.09013504999969,13.99615736356752,27.2256452562107,47.8595393535683,-0.1965705015153174,78.49781115372001,45.98924367882,4485.888671875,3.2858478569647684,1.2399319554060344,1.945222860031568,-0.6034465104376329,4613.622460438265,0.4243937106001534,8.808895891097954,2.826798165157333,2186.3648296022006,3.279962831657393,10.75815617705398,combination
1.5863279947428612,0.2375552359896376,0.6497710713800063,0.0817808411771058,0.0308715847800536,39.079138143446144,15.059745728290157,28.99100553683081,57.47247883897666,-0.1869744906703125,78.49781115372001,45.98924367882,5116.337890625,3.0537861998843656,1.1768233861762567,1.9250660708281675,-0.8776001788231528,4307.650178878669,0.3493528206934713,10.014917182330477,2.94143916163957,2020.122361503396,3.0480568719173813,9.290650694442771,combination
1.7577178593741014,0.1949535369302997,0.7321108338880272,0.0516525984270658,0.0212410664420897,40.04520284972158,14.021487835814591,29.100388867189352,85.51890216452072,-0.1837523805207226,102.28011020955,51.15027322659,4461.640625,3.647991841203803,1.2773133755506905,2.0754137654963585,0.4028544879583969,4272.609650410642,0.2886589865213151,4.236240555698799,2.184043545757779,1693.5206379837396,3.643361021933248,13.274079536142478,combination
1.845169800651216,0.1976341723952769,0.5224538481238548,0.1463060459659649,0.1335457524941188,39.74166790809589,12.303027532225055,27.72117406676477,65.7374269505807,-0.1968571499750439,102.28011020955,51.15027322659,5213.330078125,4.157535459675531,1.2870691120683948,2.253199384798197,0.3944650411929803,5241.5890059463245,0.5848391398091891,10.477548685720096,2.9218236983983563,2707.0758808805567,4.152872302511014,17.24634836096313,combination
1.6344582870853612,0.2573889968134222,0.5945559358540564,0.0700743592638565,0.0779320589487619,32.155019360389566,11.4692693658248,23.13333104407045,49.77662095739269,-0.1857660162945117,75.2329855494,37.81046463287,4461.640625,3.2966759631205944,1.175880636521934,2.016983846678261,0.0329648154161015,4433.33549982317,0.4896319388130242,7.117454802529988,2.43669295930326,2360.549562200207,3.291437891409644,10.833563393007164,combination
1.5805059549633642,0.2215173896174684,0.6317819726297775,0.069883890059153,0.0768055971569665,26.019854522100687,11.417217140468772,19.46494215032117,24.2678015323826,-0.1752540020430615,56.02801178793,30.7644569816,5189.08203125,2.694567038806171,1.1823454645170808,1.7048762330469236,-0.0622960397586565,4626.040476108919,0.4625651124563499,14.072518016870504,3.253928436062284,2403.053629321335,2.6888617594418176,7.229977561388547,combination
1.810749019415259,0.1820238498020561,0.7349184464818382,0.0577227345596243,0.0253114439758377,39.46954979034994,13.61997111168596,28.24812973976252,71.66909364846539,-0.1837485673127294,102.28011020955,51.15027322659,5261.826171875,3.75553463418898,1.2959426570174843,2.0740227352997525,0.4981170430987014,4384.780134616921,0.2857714290762509,9.123800933983777,2.842126024906957,1716.8051925811142,3.751036770361426,14.070276852603476,combination
1.7706343695929885,0.2123373125586379,0.6474778900194064,0.1035421173852913,0.0366273112287905,39.984565930533705,13.636911394921,28.888105926887544,72.81538539382035,-0.1837707172586132,102.28011020955,51.15027322659,4364.6484375,3.750869368091713,1.2792504316654278,2.118376008342093,0.3653615348768514,4457.552502916855,0.3935325431712049,12.146705649266714,3.23685410645457,2054.794781182341,3.746364816721268,14.035249339966978,combination
1.738156533443926,0.2143931522388819,0.6985982311179992,0.0556173013461387,0.0313872909478932,40.36450186276546,13.978228743075606,29.427886523685263,83.99090894774929,-0.1789138095307519,102.28011020955,51.15027322659,4485.888671875,3.659281455951872,1.2672093266626925,2.1052657718355734,0.5242416541524866,4284.828582597812,0.3413009956384096,5.010093777312763,2.273433732935727,1831.358887825072,3.6549050087016544,13.35833062263244,combination
1.9743698784943704,0.1922971217998557,0.6658133928964708,0.0634790642040523,0.0783201599472394,37.30244300185974,12.249987826575628,25.90713816278263,56.886974532634994,-0.1774415570129541,102.28011020955,51.15027322659,5286.07421875,4.1755366577281405,1.3712311878350667,2.1148705231019598,0.8416062048778395,4759.225342796215,0.4177877627091339,14.968241854607918,3.6019758341327544,2294.928043296694,4.171764719381512,17.403620873876307,combination
1.8601198937998344,0.2038375651646646,0.6684773184736988,0.060367650950082,0.0672637304233516,29.78519512041073,10.74800197897908,21.133908857624576,34.61097471278393,-0.1755562575671972,77.12937117256001,39.31160429982,4679.873046875,3.6575732286526894,1.319837058004739,1.9663104732356984,-0.0004492165500534,4591.794190140001,0.4230094503409651,9.731050040121024,2.952951776237172,2183.566713016025,3.65335762325369,13.347021923385856,combination
1.6826348128464552,0.2016549694780339,0.6896841347797567,0.0577441638319559,0.050906408557166,29.924359337921533,12.348912109907875,22.475326543829787,41.82604792898484,-0.1736953465781835,69.01868736812,37.81776687274,5189.08203125,3.062437122894231,1.2637786642541609,1.8200248203076288,-1.0278451755724112,4451.491821615367,0.3760300377203013,10.447552472682542,3.006222713761205,2093.7621111589388,3.0575073275885667,9.34835105825778,combination
1.852472107067344,0.1859257348571146,0.7174513397368034,0.0630794835754263,0.0333801369032634,38.0570178392749,13.319682336426574,27.61189927311036,71.14234770490769,-0.1732508414284668,102.28011020955,51.15027322659,5286.07421875,3.840202186106541,1.3440431260959929,2.07301484943057,0.2873405916410856,4435.488181922974,0.3334831122315491,6.188575976694558,2.471908415927986,1877.2183746493893,3.836292086914367,14.717136976121786,combination
1.7681329027064845,0.2146838770900032,0.5610474545617306,0.125988001668048,0.0981918980477034,40.75754120123904,13.160655244846698,28.928975388837674,72.01054354290163,-0.1714762381307519,102.28011020955,51.15027322659,5286.07421875,3.886605360824937,1.2549891803835072,2.198140962636747,0.1676136347054082,4890.876202639664,0.5389658399986359,12.692274970802274,3.0666521123518717,2560.040100747252,3.882820769820527,15.076297130549666,combination
1.7896474955060793,0.2433077072642001,0.6482220444297097,0.0591475096017565,0.0493217478186992,35.738484452221044,12.659737024765253,25.561454160286395,45.03142297276202,-0.1692968364603857,89.81042431319,45.74599241945,4413.14453125,3.6135025814486266,1.2800204910929571,2.01911414986603,0.3059034264987109,4304.872018789448,0.4080048792973526,10.69796617956044,2.849389921270202,2069.300626649867,3.6095345250184816,13.028739487300395,combination
1.9837538223763964,0.1617144924014611,0.6789416212535293,0.1018426604545738,0.0573203808376503,31.854771179817067,12.002961806849608,23.060317214486595,38.21326056940004,-0.1647867758692578,89.81042431319,45.74599241945,4413.14453125,3.811225358839733,1.4360797684346356,1.9212189112629685,0.2388569598229046,4778.5682317024,0.4307876966115403,10.259889563506784,2.921576437139572,2134.1780618440207,3.807661231564812,14.498284054361664,combination
1.8467927893931155,0.1707853077005126,0.7268044653705049,0.070036918018217,0.0322117936443015,38.04958268152171,13.433117795761849,27.69681229013179,64.35587597783115,-0.1623662073979687,102.28011020955,51.15027322659,5261.826171875,3.807773742796176,1.344305761635343,2.06183052298329,0.1988494114079661,4488.167144029454,0.3315774019001115,6.926245696044566,2.652526883695245,1826.8845148274936,3.8043104619659,14.472778091023198,combination
1.6707333888972071,0.2301333318340405,0.6846566487619989,0.0555401896075095,0.0295591989437289,41.88360907927907,14.57785885406918,30.615461189982277,80.76858506291985,-0.1630428389796191,102.28011020955,51.15027322659,4364.6484375,3.508764472109854,1.2212479858116,2.100134285594105,0.3375570721346735,4237.78403591016,0.3179323750749966,8.881155703831205,2.879896755386327,1909.3505835864885,3.5049743441853907,12.28484515339781,combination
1.801772426422056,0.1999588237792844,0.6691684677517883,0.0800285420415939,0.0507349078941175,39.660861382147104,13.612715348297826,28.38886447394679,69.59005240843231,-0.1603963743998388,102.28011020955,51.15027322659,4704.12109375,3.75753638549314,1.289691434932241,2.08546669401242,1.2534156503670886,4517.421044664703,0.4121131790276984,9.00215089275131,2.756107239830486,2096.514060747649,3.754111438327882,14.093352691384238,combination
1.8788933917727293,0.2268305058650169,0.5896003410711494,0.0907761417261714,0.092720390530765,39.23399784187787,12.662116297576237,27.223616545018498,56.97139164744157,-0.1635804715392236,102.28011020955,51.15027322659,4704.12109375,4.039630660822561,1.3037232002901538,2.1500052522996973,1.1554983711487627,4713.124976772175,0.4808083688996951,10.37479666853014,2.931720410493327,2500.9612863243688,4.036317294909894,16.291857305188724,combination
1.797765875411392,0.2355292876823244,0.6406151822267268,0.0627029201000654,0.0611009352004231,32.14539452788405,11.78244424854364,22.982053588532693,35.97637492402019,-0.1674313055659814,75.4120359363,41.31635168834,4364.6484375,3.506602774160962,1.285296145688949,1.9505336162633125,-0.4335873786576602,4441.972567827564,0.4302815011632702,9.916032862817913,2.8882013035325067,2180.343871938233,3.502603285225123,12.268229773669823,combination
1.7660910544862405,0.2024678479303443,0.6993891399955361,0.0512556191106893,0.0468373514351587,31.423517494868843,12.965817105283833,23.3942364315746,38.20675017240678,-0.1576566782241601,71.22239100298,41.31635168834,4413.14453125,3.186559809755665,1.3148226227406452,1.8043009739849696,-0.8580444452001891,4412.138332599683,0.360674483291992,11.995508327348793,3.2118673300181544,2036.2348959902952,3.182657347714545,10.129307792961384,combination
1.7354450573656934,0.1937706406842867,0.7180635016414181,0.065427604444248,0.0226443466296379,40.59742203931656,14.061318049899528,29.473864937120624,86.85337658491389,-0.1592023818795312,102.28011020955,51.15027322659,5261.826171875,3.637658507194885,1.2599389482675412,2.096095460790123,0.1087134890260236,4363.170076007266,0.3029990948097033,18.221446919658543,3.5725587005301924,1764.65051258168,3.634173085664908,13.207214016571198,combination
1.7510267599231153,0.1873856252380655,0.6745758455590948,0.0845888469071199,0.053403342535665,41.396455623458735,13.421562514002533,29.21158853610891,75.30873312245843,-0.1574954161399902,102.28011020955,51.15027322659,5261.826171875,3.8110520420573706,1.23561963110687,2.176467047382364,0.0217004685227624,4618.2412682726745,0.4034893941949781,18.95188880968419,3.841620236401688,2092.0179007032843,3.8077963261136416,14.499312861164546,combination
1.8796402531605907,0.2385721741071799,0.6555399379884732,0.0615271961052414,0.0443463416780967,37.10624680466819,13.289044306219388,26.52624858533509,47.57427912551709,-0.1510307069176123,94.86980177619,49.85980460634,5189.08203125,3.751948105328024,1.3437037938331002,1.9960990402387755,0.3262985930383402,4310.4958661492565,0.3977411675131815,6.088161478996122,2.36645837366,2032.0319501695967,3.748907082156414,14.054304310642518,combination
1.830662904833052,0.1810899557492666,0.6669260740114406,0.0783430769150269,0.0736303925033085,37.77478467677685,13.709609571675347,27.23592884015257,51.67804593343438,-0.1507734686803467,94.86980177619,49.85980460634,5213.330078125,3.636850804953085,1.319922933591009,1.986630523485016,0.5413747629711846,4750.881146734812,0.4385586520088174,13.590296273176602,3.3653128188940173,2285.7761137816638,3.633724141790347,13.203951138629993,combination
1.7560145086222558,0.2054207618919187,0.7211619255579396,0.0425453468038962,0.0308634618726176,40.29271285480343,14.31147424939581,29.116978664985943,66.27426678008568,-0.1495437433350976,101.67678904887,51.12983698296,4364.6484375,3.572646401898013,1.2689599026803835,2.034519865499893,-0.1882505123508366,4305.664318166878,0.3081488597798916,7.628817820699789,2.69115478964402,1812.6035357499643,3.5695152306474536,12.741438981824144,combination
1.753787337379839,0.2178124099156393,0.7196426277754501,0.0414671885512997,0.0210655759031152,39.628947631355175,14.63600546587357,29.153954925543054,71.05236513542505,-0.1523366279576318,101.67678904887,51.12983698296,4364.6484375,3.493428388106184,1.2902143518569014,1.9919338642992888,-0.3417396133131544,4182.608436882288,0.2790587314829204,9.366226635560622,2.8935476972547787,1730.6486524561542,3.4901053643992856,12.180835454608667,combination
1.7130859429147465,0.1845019182980501,0.6904800804141977,0.0832281727323081,0.0417074684650322,41.85650841481905,13.808064046268884,29.858556389506,79.91132043835087,-0.1453464342645019,102.28011020955,51.15027322659,5237.578125,3.704376881161082,1.222038702312794,2.162399905551869,0.4937342075742014,4571.880679675203,0.3901643779348545,10.058488194568524,2.985665665661262,1997.8732764126923,3.7015243470396495,13.701282491727303,combination
1.7782558524858985,0.2019359986690216,0.642734936216525,0.0840737623000786,0.0712034324615304,40.70945798198471,13.184133114248183,28.764293481775915,72.02603263684216,-0.1518685083043945,102.28011020955,51.15027322659,5261.826171875,3.879684222189136,1.256471487515891,2.181735669119583,0.9027130260587996,4700.604540447086,0.45244246187473,12.619135286781686,3.2792065011694955,2296.4911983242923,3.876710670154367,15.028885620088722,combination
1.7279620686314892,0.239886191031379,0.6275852019107493,0.0717918882726682,0.0607156702784932,30.95005126164767,12.185934668469487,22.862170173907305,39.64627693499198,-0.1508027122051904,72.57680323677,39.50496286711,5189.08203125,3.2418492255113733,1.2764102564205866,1.8761113362163395,0.401947680197289,4465.786678085217,0.4547479631804348,4.495398280486871,2.1259177650181917,2207.534754492782,3.238339843645236,10.48684494294025,combination
1.6724110794544873,0.1728411283220051,0.7125120193509991,0.0562997518339432,0.0583121921505948,26.37308609945145,10.90753619139598,19.77494694692377,35.586008850964824,-0.1409370888015869,63.72594086152,33.07184036966,4534.384765625,3.032017477581009,1.2539996360284844,1.812961845822023,-0.484085461700604,4602.997756904651,0.3966735554504679,6.99384516396986,2.613479964283831,2100.1827492810125,3.028740121132356,9.17326672135684,combination
1.7344665976701807,0.1882562953794794,0.7197195424191878,0.0577637201647661,0.034138217134141,40.49710202507659,13.877542046903011,29.49049194449609,78.94797576862716,-0.1437084188268701,102.28011020955,51.15027322659,5261.826171875,3.685830895248844,1.2630600874827231,2.1250515289252787,0.2567496167672466,4409.590887061224,0.3323154577622547,10.46616654490979,3.011828618667334,1893.025612082228,3.683028275581002,13.564697278729172,combination
1.7193813950738184,0.1825617465527431,0.7313078259372552,0.052785369421153,0.0332432523637084,41.64686029216386,13.579872703996667,29.74923037619234,75.21429421428881,-0.1466538793970215,102.28011020955,51.15027322659,5261.826171875,3.766623910365232,1.228190381405877,2.1906855111710213,0.2186798030331173,4419.80651685219,0.3218944093697881,11.514486454700885,3.1580229886744227,1868.02544753758,3.763767835798706,14.165948321792875,combination
1.766835373009204,0.2242085522329183,0.6590996052623401,0.0676524423599857,0.0489475613661536,39.83450618262497,13.755717377174774,28.76026286616308,72.07889899716633,-0.1459357371319482,98.51844264297,50.81464976898,5140.5859375,3.694074861795147,1.2756440242039289,2.0907861129718865,0.9060332545803216,4411.422429269366,0.4238544132193787,11.937452032543312,2.9975883259559044,2110.271954289404,3.691191114691109,13.624891845174588,combination
1.7525061345465622,0.1992968870365501,0.6543236482576494,0.0712653480826054,0.0750572069837282,39.96029014875941,13.944602528649057,28.995419055767027,75.03688754816616,-0.1366559814341797,98.51844264297,50.81464976898,4388.896484375,3.6440371580747306,1.2716286488364643,2.079329188207137,1.1518502893520206,4630.191561310742,0.4380208118026064,19.196461954717947,3.8506955260987024,2335.618156132709,3.64147387086158,13.26033195216762,combination
1.6541044425254738,0.2063774869388254,0.710393933768833,0.0468055587434157,0.0363975833396619,37.54725585111407,13.474900065547637,27.37760482232825,62.65583202477804,-0.1317370354020361,88.10328220757,45.28541776232,5213.330078125,3.360723830383342,1.2060912771332748,2.031748264488193,-0.4806446368326286,4341.851847014167,0.3329440377615141,8.469895949440406,2.6952677373943628,1878.993610253318,3.3581408573212004,11.277110017609967,combination
1.6367999873765138,0.1884414490520052,0.7517285753043226,0.0371275228889632,0.0226857773690958,38.13560567234472,13.653993870899326,27.667044300815345,63.08947265135848,-0.1372509907182714,88.10328220757,45.28541776232,5189.08203125,3.316642602193966,1.1874839002533584,2.026296815599277,-0.7467924820039753,4287.215980225787,0.2759375698377763,9.236181581660375,2.860415606125352,1665.4767593676968,3.3138014901672697,10.981280316234816,combination
1.6183342254531934,0.1811911504183679,0.7128551408967986,0.0817378894569512,0.0241955621818429,44.56536781802789,14.22519836295428,31.6067425517532,93.9651225381598,-0.1400867493725976,102.28011020955,51.15027322659,5237.578125,3.5957511397378603,1.147758354322352,2.221884134428979,0.5721398198174348,4437.707352391078,0.3218039203448845,9.822600624421693,2.983038652008922,1773.3601833035782,3.5930212859898765,12.909801961576346,combination
1.7329834186919777,0.1886570640940622,0.7155591331427075,0.0572975944390388,0.0384641311822174,41.35537377476335,13.503069644639243,29.515731469143105,81.08642884415862,-0.1351943916103954,102.28011020955,51.15027322659,5213.330078125,3.7880477974796496,1.2368470783306975,2.1858534574663127,0.6205242918803563,4390.500545081995,0.333233753695923,9.297381320800318,2.9447496608917296,1920.5179384893636,3.7856345032857455,14.33102859246752,combination
1.752265360579497,0.2435803476294874,0.6010484636670688,0.0840815597004395,0.0712890100685981,26.441134572669817,10.52818794106661,19.767396809091093,39.92838873899972,-0.1299815189814892,68.74584432877,34.6377246974,654.697265625,3.2899987055028634,1.3099938885830706,1.8775687629953592,0.099179158420741,4494.861994808126,0.4554515679280808,8.128897729057,2.609796655444203,2332.0052511265308,3.2874300428957848,10.80719628693378,combination
1.628309588171797,0.1734872371230659,0.7096996853098971,0.0559721979078923,0.0608069195284304,28.197251332107747,11.43274717653965,21.272198449859832,43.388535476343286,-0.1329070949073047,68.74584432877,34.6377246974,5213.330078125,3.029693927674504,1.2284078433545256,1.860637528442074,-0.0521999656595763,4613.706893932626,0.3919100786606888,9.473367072226734,2.851777347234929,2124.6815963026056,3.0267773290268747,9.161380999511062,combination
1.6953381898368116,0.1798624563367515,0.7476835172607813,0.0427334785408144,0.0296219623371221,41.75364636607653,13.872563037106277,30.171132540530795,81.51088783233237,-0.134332725673667,102.28011020955,51.15027322659,5237.578125,3.68715377899336,1.2250492514624527,2.174878027933928,-0.2275213542765041,4380.630784051633,0.2983547195782298,11.954103208429393,3.199254011637184,1768.606961432195,3.684705918897477,13.577057708758096,combination
1.73159982188584,0.173500323405163,0.7579915502496226,0.0427591710592875,0.025621171310339,41.18716262499419,13.58339470547108,29.539315366112465,76.31816813279696,-0.1301833391912695,102.28011020955,51.15027322659,5189.08203125,3.7656472726944954,1.2418984452099586,2.1746636983326937,-0.3286410558771969,4370.376125187691,0.2781960605392023,11.78566822867782,3.1832991195659783,1701.9356180981863,3.763396295973691,14.163151680548497,combination
1.567771403017861,0.2200907268180857,0.6292904408256825,0.1055010167436872,0.045079078064015,45.07109819018488,15.34660469548516,32.62610424461688,89.51609847744592,-0.1295301643457519,100.15887217168,51.15027322659,5189.08203125,3.3330025918787087,1.1348796741262672,2.125949347885086,0.8882948645473243,4512.307114879533,0.449218046109299,7.656778201353427,2.546624526978437,2089.319550727406,3.3304846815433264,11.092128213994751,combination
1.657507388600786,0.2107428042497062,0.6640425964064597,0.0620718102189259,0.0631116901551214,42.86325925784403,14.732897096259624,30.8597557865304,78.24310127630352,-0.1267066192686279,100.15887217168,51.15027322659,4534.384765625,3.471840799022209,1.1933360671174216,2.094615579332666,1.0415715581771268,4492.83856099067,0.4116677064256779,9.99819929166448,2.9351842531122543,2204.121845863413,3.4695279169346205,12.037623966388688,combination
1.802852426375889,0.2004454870916418,0.7025426772117598,0.0562934354474749,0.040677333620584,35.103948291534714,13.488449828684764,25.907853299763943,45.04157711953626,-0.1247898735080859,81.93992529401001,46.70803618367,5213.330078125,3.4628172085675786,1.3305636105592602,1.920743571634738,-0.556490866528615,4429.932781348421,0.3577981797361975,9.05626036026744,2.7524436823381646,1937.9845885818452,3.460567945788898,11.975530507421594,combination
1.6234691675183155,0.1797472370025913,0.7435345657080598,0.0446050196282848,0.0320822974598751,38.78467480085048,14.725848364590556,28.770510163164555,57.023191877046926,-0.1203083479769287,81.93992529401001,46.70803618367,5261.826171875,3.171840088750547,1.2042910356604506,1.9537421173197385,-0.8116565443956224,4380.654976291257,0.3125683786753462,8.839152784829325,2.8426615659371133,1773.568964098588,3.1695576110889894,10.04609545001214,combination
1.6412360757267823,0.1883107217745673,0.7265468065858076,0.0608386917400357,0.0242556747317561,43.3393649311117,14.232507131885669,31.16570125595084,89.07211328653717,-0.1277130085045068,102.28011020955,51.15027322659,5286.07421875,3.5939046264024666,1.180226644019676,2.1897548314681003,0.7822257079864626,4347.344271874332,0.3153870740558698,8.041946389497548,2.740860765495876,1746.4858643533894,3.5916347045789303,12.89983985113578,combination
1.7873118604997609,0.1795617540957439,0.7469076144753468,0.0450054627378681,0.0284838986100449,39.64159413428324,13.392661344451986,28.618549653829064,73.86970500334294,-0.1317261821964599,102.28011020955,51.15027322659,5286.07421875,3.8192762372640296,1.2903182715942725,2.136882947890302,0.6549769901497409,4347.192238678456,0.2974997381489175,7.011393097095153,2.6265401488285374,1742.9254669316067,3.817003954602828,14.56951918945363,combination
1.646431420642695,0.2342619801038502,0.581071274156331,0.093115290816702,0.0915401307870811,35.95576831452864,13.49740579805808,26.403985421378973,49.900389904776304,-0.1278755892858984,83.03015133385,43.47235122795,3976.6796875,3.220793082638482,1.209050821767147,1.9562266865517084,-0.3514014422178482,4687.889929212288,0.5003832611520664,6.63133505641253,2.486452508361085,2459.587621740124,3.218253550427107,10.357155914836678,combination
1.6108892621314257,0.2144979204643599,0.6502849562647476,0.0635037674276657,0.0716555972918082,36.51591849293912,14.106614120953198,26.986554724705385,51.25408602987939,-0.1213826277941504,83.03015133385,43.47235122795,4413.14453125,3.0816998930578623,1.1905041149753912,1.913042668730906,-0.3553512203657875,4540.527964464722,0.4344461052614045,7.731186270754284,2.695459726278215,2329.890648870036,3.079308443229198,9.482140488542626,combination
1.75207829085833,0.1941537718014864,0.7418746498010594,0.032504286663381,0.0313924725972838,40.234669671982815,13.854656999964613,29.194056848642223,68.10621269309266,-0.1104218963014062,102.28011020955,51.15027322659,5237.578125,3.691919130637492,1.2712984509031078,2.10716561577214,0.5155658661011956,4332.390721899678,0.2944319195331934,15.642182505872658,3.4494016350735786,1818.8374661065784,3.6902674526359607,13.6180738719843,combination
1.7157707740494288,0.179521271232271,0.7577469782715639,0.0352283805816649,0.0274239611584081,41.36663162749167,13.887931113555696,29.811833841806912,69.04810561018179,-0.11591325218354,102.28011020955,51.15027322659,5237.578125,3.683073656425569,1.236510472672768,2.1466000657728097,0.4035691963928071,4347.075716657635,0.2782822907094322,11.546661339765,3.145136239049058,1725.9089909244626,3.6812492005600825,13.551595676624247,combination
1.6615367627773,0.2132910570580526,0.680157388475414,0.0756188513730468,0.0308884166670486,41.52925681985854,14.613028011021235,30.784918138730227,97.34418640782069,-0.119544021541665,102.28011020955,51.15027322659,4388.896484375,3.500319932871691,1.2316683982201884,2.106676187543885,0.8417785517653812,4350.560792671298,0.3867819054597067,6.543852603803712,2.4947238020572877,1894.48806815095,3.4982779848623418,12.237948859372526,combination
1.726582167661123,0.2028087234950988,0.7157554990482812,0.0466470173926176,0.0347634032088013,40.38651147518944,13.99891513298136,29.6251601485492,85.32712187004269,-0.1173817420979785,102.28011020955,51.15027322659,5140.5859375,3.6538740852911,1.2665187300966323,2.116246856783388,0.7974981744156627,4305.721958215285,0.3237084502537384,6.868987708748392,2.5233104098317485,1854.5151366865489,3.6519881376838983,13.337017357783912,combination
1.7154781440334474,0.208255693083693,0.6735246532912226,0.058771472021045,0.0593460602531617,29.850766817221132,11.116890512401966,21.66566412293816,39.22920660530675,-0.1099399377691992,69.3874811749,37.16697327887,5213.330078125,3.343288596519562,1.2450927477490492,1.948896060347812,-0.3520799771505694,4520.389906212886,0.4135651353546913,8.93920567472173,2.688600184554168,2167.6928158267683,3.3414804877031745,11.165491849701043,combination
1.6169088392172852,0.194974357451001,0.7172589642423931,0.0461635458351983,0.0415513828629721,31.18022985599292,11.994534039245652,22.986437068933228,44.81823623446115,-0.1107382824253417,69.3874811749,37.16697327887,5213.330078125,3.0986592023717723,1.192004467270674,1.916409340598184,-0.3920453566088488,4386.49112788886,0.3483102087396285,10.188711824466704,2.938133715383393,1957.345528213356,3.0966798163918643,9.589425885248753,combination
1.6951673640683549,0.1916992461478266,0.7278483662106696,0.0443971753188431,0.0359462484257588,41.93970413716661,13.86430327641054,30.174172952357203,82.54883779678279,-0.1198486912045068,102.28011020955,51.15027322659,5237.578125,3.689350427988674,1.2196145461422334,2.1763930253673216,0.3517213555477984,4369.772121004,0.3200363085192397,10.816872366892872,3.043124514788133,1885.6658054851116,3.68740326947254,13.596942871716776,combination
1.7923293522443458,0.1722572978409067,0.7483417894704476,0.0442204911404817,0.0350810367064056,40.33990787613412,13.168906381636235,28.53843416810637,70.00874429577186,-0.1170636889978711,102.28011020955,51.15027322659,5237.578125,3.884170161458357,1.2679819047591705,2.167107377109357,0.2992352153871517,4427.31115398568,0.3035235991898722,9.530835112562684,2.935715247071512,1814.6254829272607,3.882405689244962,15.073073935881649,combination
1.5918886277964015,0.2278554540964248,0.5986451141656988,0.0877028250950393,0.0857748387562535,36.65515499232282,13.489301111970596,26.885633365102397,61.27372967504631,-0.1101722338754931,82.89010552221,42.79893400501,5140.5859375,3.172805888885497,1.1676102314660504,1.993107955848336,-0.0805366896300993,4699.835927721974,0.5127019925926984,12.399117595776463,3.023369099997823,2397.3462142556546,3.170892506445051,10.054559287429376,combination
1.6287256195901514,0.2321441151240386,0.6524019124430183,0.0561429248411757,0.059259185932023,35.61129260336042,13.335413375917753,26.27755927102063,58.29975839054448,-0.1106655337991552,82.89010552221,42.79893400501,5140.5859375,3.2094193707035754,1.201836015381574,1.9705095395449024,-0.3485526955053548,4373.77724921042,0.4130789597906548,13.633536460298489,3.1188123627976228,2199.242537706551,3.207510847476012,10.288125836676285,combination
1.7696865052819823,0.2021349254300046,0.7278381684277597,0.0375577700827049,0.0323641045756247,40.134952462092976,13.788056215263667,28.90357872647037,62.19922536142816,-0.1086620933707031,102.28011020955,51.15027322659,5237.578125,3.709752297786948,1.2744570527372838,2.096276536389045,0.1372246150874722,4303.614715888372,0.3057972735122613,6.456474264041015,2.465251095205834,1833.169225482981,3.708160549436855,13.750454660399834,combination
1.5988545675969774,0.1825802565935405,0.7554333156789945,0.0408459050437961,0.0209808546420424,43.67139801535964,15.006685664725184,31.991823561205493,82.17506764664238,-0.1065148822009131,102.28011020955,51.15027322659,4461.640625,3.40849900966635,1.171253395840453,2.131838053781968,0.3942304292267732,4271.854838250102,0.2743940060169189,7.478652166454953,2.6546669295001197,1630.9849850509215,3.4068343192421637,11.606520078766213,combination
1.677387939284878,0.2152424156857321,0.6962745062676019,0.0538134459950425,0.0345184573743177,41.54909486771142,14.382275232488244,30.49400322289007,87.60443544814531,-0.1061317694022119,102.28011020955,51.15027322659,4510.13671875,3.5564799310088446,1.2310803253223177,2.1202488987282697,1.4733725076497544,4297.054805124593,0.370098954509428,6.012213769817894,2.4118775391859355,1924.0953985935723,3.5548959966772915,12.637285547192237,combination
1.811324737417422,0.1994067489734254,0.724991237627207,0.0409061524679358,0.0345444896240759,39.28485552712866,13.36402895167958,28.239151252093983,69.66323089596257,-0.1067972352202539,102.28011020955,51.15027322659,4510.13671875,3.827459025383321,1.3020354164537409,2.113071690745246,1.400999477661235,4315.893982437688,0.3116971810646036,5.768986473971797,2.3922375941456053,1855.252261672796,3.825968758567893,14.638036941537548,combination
1.5830827194624804,0.2133949015933405,0.6261189314203649,0.0773395522730838,0.0830778043388422,30.484195749442065,12.19223851841078,22.72973975553702,42.63094498263807,-0.104353989919541,71.18903166634,35.98305822487,5140.5859375,2.9513085862398527,1.1803840429521115,1.8642794529662603,-0.0235900064015114,4691.107927975925,0.4706767902735816,17.60686006856297,3.4687505860497825,2368.6830424260984,2.949463106397663,8.69933261600095,combination
1.5784564433269777,0.2151839506606729,0.6674507627359625,0.0564276634750213,0.0609288293131315,30.89649956367707,12.02510806387146,22.796358035085863,41.960919674757854,-0.099500335771958,66.98506026352,35.98305822487,5213.330078125,2.992327223484869,1.1646321988906747,1.8957299937765897,-0.6428207983477541,4452.926927327786,0.4148811042143998,8.66391234136172,2.7892993955473258,2194.8443245591097,2.9906724821668345,8.944121895589934,combination
1.783368233699092,0.1937461539205671,0.740564688945026,0.036741693478291,0.0289357266819266,41.157604572167216,13.043760521503916,28.68183488975424,70.16995302683038,-0.10527942364833,102.28011020955,51.15027322659,5286.07421875,3.921436087565681,1.2427903362767696,2.1988930908743245,0.1474901630000907,4302.272371977214,0.2989527313292277,9.377822173183471,2.9077283581830438,1784.8542538482052,3.920022606034142,15.366577231818704,combination
1.6932240116244093,0.173678447499247,0.7490226767714605,0.052047982693754,0.0252180113266951,42.4559253380617,13.84669145872622,30.2088045500362,83.66757463029207,-0.1053386340466064,102.28011020955,51.15027322659,4437.392578125,3.6940429689689496,1.2047852642310406,2.18166228662505,0.2767818181590351,4356.004750049704,0.292569376061549,8.670952239693936,2.8592017476870883,1705.8759112142363,3.6925407551936544,13.634857228766124,combination
1.6039156661281837,0.2298633653648526,0.636736274897848,0.0661854044511077,0.0671817617423002,43.87803429426796,15.397075133634925,31.87813303575136,72.76680155411017,-0.099904765028457,94.75548874232,51.12983698296,5140.5859375,3.320749982655266,1.1652718223441334,2.0704018626312704,0.6143705684362752,4488.8380713150045,0.4418026384199734,8.26595076060936,2.651892125241196,2217.2730112079435,3.3192468249935185,11.017399485229554,combination
1.7263933884861524,0.2305193518883552,0.6771780249478638,0.0475363229983787,0.0447395143947678,41.06302338168685,14.385244032750254,29.61656209063391,61.10046038591789,-0.1003025888918749,94.75548874232,51.12983698296,5140.5859375,3.5543253118650573,1.2451551973584758,2.058815409958092,0.6282892832183791,4283.122018491787,0.3677125950877017,8.769712394591746,2.638359373421352,2017.6245311937391,3.552909767110083,12.623167813226225,combination
1.6910186961640576,0.2144205818224619,0.6892704851408702,0.046939640248933,0.0493004931107534,41.14946028004586,14.698059002816636,30.23611572062686,69.22497074049022,-0.1180767729291259,98.93982373737,51.12983698296,5164.833984375,3.4786795299407784,1.242539674518011,2.0571502478546737,-0.169623144383277,4369.093640818581,0.3776645775955699,5.9911195047146215,2.365604575176633,2058.6490748407723,3.476675013245217,12.087269147723635,combination
1.6349941733834863,0.2092401742859018,0.7215593085447879,0.0424362934788562,0.0267508789731222,42.57514346717408,15.203570430219264,31.272182993258618,74.32222367539796,-0.0975334259356152,98.93982373737,51.12983698296,4461.640625,3.3630151034346616,1.2009316427173449,2.0568973016430863,0.0311359226758735,4202.465900085669,0.3055466160238415,6.917904250353017,2.542194805715943,1756.1780299539312,3.3616004844054426,11.300357816754907,combination
1.8182998843615967,0.2092216739500972,0.712170906485569,0.044666115216475,0.0337657164993983,39.822864859448536,13.282684460922605,28.13082356024502,65.55727351559861,-0.0803591449482177,102.28011020955,51.15027322659,5164.833984375,3.850898768021863,1.2844448385901066,2.1178567964183257,1.4058014859711372,4281.889166121712,0.3371409426144666,10.600198517086982,3.025448936778133,1905.647687093284,3.850060224123189,14.822963729375497,combination
1.8015083506057423,0.1931795150620647,0.7334521235454229,0.0379397201846269,0.0352364934006479,40.25101355904666,13.106397916827476,28.393025882667235,65.55382505730493,-0.0975066650145703,102.28011020955,51.15027322659,5164.833984375,3.902694970134968,1.2707822413354772,2.166348531674981,1.28848676750514,4327.496358679508,0.3112823737741366,11.809432584956427,3.184932030335603,1860.3009122280544,3.901476705068801,15.22152048019451,combination
1.594378758460957,0.2290418695345684,0.5640368761347573,0.0923068328606048,0.1144888192722871,31.26110450510528,12.783393304952655,23.539935278188835,48.11782322459007,-0.0913604941014355,74.02366082524,37.53157278309,5140.5859375,2.9359632366587034,1.200583708645377,1.8414465327503289,-0.2759696646406861,4865.392948372949,0.5352016819874305,10.454742064601955,2.826759786824883,2609.203081665765,2.9345414270595995,8.611533387128992,combination
1.6761349475225784,0.235878946836696,0.6332496207025674,0.0674947358260731,0.0632250667652348,29.744907546823924,12.47676618251874,22.391736917462268,43.0001504217705,-0.0934373499465429,66.6884962485,37.53157278309,5140.5859375,3.008117026002753,1.2617814570110342,1.794674724996886,-1.0423540670584783,4435.604743160411,0.4437010952803588,10.61554332450241,3.0297479636557547,2264.793685627612,3.0066655124510637,9.040037503762616,combination
1.7838503106517822,0.1967387512217501,0.729345544338011,0.0319742962111043,0.0417923900843844,40.93040426650227,13.107566289147108,28.67408376205106,64.89767378944849,-0.1004933534775439,102.28011020955,51.15027322659,5237.578125,3.902347094665602,1.2496889327929688,2.187597844597042,0.2607060762487393,4388.254677275451,0.3222649123637805,8.186331692118745,2.6671999279954064,1940.480546651705,3.901052926217729,15.218213933151906,combination
1.7198017873439162,0.1957435532437441,0.7227138980558759,0.0494896143393153,0.0319455046777422,42.50155034358206,13.567032372670408,29.74195840649005,69.87520657432461,-0.0937241293829687,102.28011020955,51.15027322659,5237.578125,3.770188779797395,1.2034919388373309,2.1922228523905205,0.5599468399183781,4368.877129446435,0.3211508582434635,7.919266207837794,2.695778246700362,1861.441343413399,3.76902364318421,14.205539222881576,combination
1.711704906641485,0.251810719605965,0.6535198568485904,0.0524384788268842,0.0422299551242894,41.2615429630896,14.48046569540491,29.87070772805181,73.45579823257872,-0.0903557003998925,100.95727107599,51.12983698296,5213.330078125,3.530952530013247,1.23916444493358,2.062827836920376,0.9345568636655004,4236.241454184512,0.3906534781161235,5.046434947601915,2.218905240548637,2023.5299706310896,3.5297962570964625,12.459461616612195,combination
1.7403003831252004,0.2219198190377298,0.7153805825843698,0.0382357640591174,0.0244612471980288,41.02302737685038,13.806554181143769,29.379891815654236,67.02594927433263,-0.0886617281442627,100.95727107599,51.12983698296,5164.833984375,3.703301802327356,1.2463691797600724,2.1279670097394523,0.7652844209006802,4160.014924528039,0.2941397994877707,7.59023902601889,2.5611764711231286,1721.7867674244142,3.7022403132540593,13.706583337083517,combination
1.7210867348238528,0.2019893043721038,0.66753665474077,0.0651592320952107,0.0651076807623376,40.20769186697337,15.18452107779798,29.707879299989468,58.62385809020313,-0.0882318745243994,91.36047515665,51.12983698296,5237.578125,3.367234087989736,1.2716431759406237,1.9564581028127908,0.0969706091969937,4626.641706421318,0.4256004018246646,9.624528741918278,2.79193164721061,2200.3522072613614,3.3660779164538037,11.330480539637978,combination
1.739399238437632,0.225398518292024,0.6871283171270668,0.0530082382118941,0.0343441102455659,39.63657503745647,15.244452768789822,29.395112894775085,59.171843390717264,-0.0919342047881884,91.36047515665,51.12983698296,5213.330078125,3.35399622134281,1.2899660713530985,1.928249792931636,-0.3232278094385985,4262.486956325217,0.3458470676148084,8.562119455721218,2.690468896857418,1919.7229146735149,3.3527360103014088,11.240838754771808,combination
1.837082210210215,0.2168032291542433,0.7075963769869015,0.0458099913390072,0.0297198853683535,39.90270749531758,12.82946070882204,27.8432140610283,65.6929873485639,-0.0924261800611425,102.28011020955,51.15027322659,5164.833984375,3.986938686473163,1.2818747507945991,2.170255998514592,0.208672946486827,4233.453714406533,0.3156293943098271,9.31416307429332,2.868945574331627,1841.6732028027152,3.9858672194311313,15.887137490935658,combination
1.761587814147456,0.2010497147487004,0.7170729154695744,0.0502705336654146,0.0315506603804927,41.36746152462069,13.33458232010437,29.03645950306761,71.93134040905605,-0.0892392401320361,102.28011020955,51.15027322659,5164.833984375,3.835911166821583,1.236485666304346,2.1775304847223995,0.5492479866015694,4299.681919249833,0.3172623590206161,9.316631763327091,2.9063422014833376,1825.2706487593368,3.834872988479172,14.706250837767175,combination
1.700593213148921,0.253584679091671,0.5731814510230265,0.0870964033263066,0.0860175397649346,31.8340675222567,12.7427635810769,23.59979417867728,38.04400709019274,-0.0855703684614111,72.98640004796,40.13364981197,5261.826171875,3.1495247915898537,1.2607138495233343,1.852015383360259,-0.3446045619103138,4580.426718857611,0.5007269193990405,12.186669767358064,2.816309500306288,2462.387552073629,3.148362133694358,9.91218412488049,combination
1.8157634947810548,0.2522267544774232,0.6261651138049256,0.0671739534495795,0.0544009315563826,29.74815439060693,12.038498539048916,22.102905982703064,35.91393453536632,-0.0857986459644336,72.98640004796,40.13364981197,5213.330078125,3.3337753609214382,1.3491139411540205,1.836018496078106,-0.5812408801992144,4316.802777356245,0.4152298654149128,10.895974192303576,2.9842562694844976,2176.0351031907985,3.3326711133019917,11.106696749437535,combination
1.7692972662303612,0.2149437307495853,0.6908181091398711,0.0493509693180016,0.044826572340362,39.85939017052698,13.924619770525638,28.90993741010521,75.48404741563363,-0.0871828851170996,102.28011020955,51.15027322659,5237.578125,3.6733694757583417,1.2832678324419469,2.076174278833748,0.970134954030692,4372.289018966076,0.3646810606151808,8.175666523078545,2.700229882536753,2010.96649944713,3.672334741002755,13.48604244997577,combination
1.853770231805288,0.2095479889412554,0.7014354162141088,0.0610833924931413,0.0278948323951526,38.95507481944359,13.120266324301491,27.5925637109716,61.99768554677559,-0.0822804242885986,102.28011020955,51.15027322659,4485.888671875,3.8985697364884233,1.3130580152565756,2.1030490562424307,0.8131540288404441,4283.060190675732,0.325105944508012,7.5213468211850945,2.6499890780874606,1828.348999682504,3.897701363886451,15.1920759220423,combination
1.986349945324048,0.2428773770540858,0.6855841247418276,0.0426138885769117,0.0288664252909502,36.8032110082931,12.059185807352454,25.75088712187896,54.143938909931904,-0.0834342337529345,102.28011020955,51.15027322659,4485.888671875,4.241602546284992,1.3898318061177866,2.135375267721533,0.0708439770974595,4124.438351549839,0.3291992776810816,4.576336416591987,2.1577763082538404,1823.948461792653,4.240781872401525,17.984230889289385,combination
1.807248575152378,0.2041547866959457,0.6955607182956626,0.0596396062403901,0.0405755470752576,39.51195436790833,13.20555587248801,28.302843299946865,72.59860820849387,-0.0823701909554541,102.28011020955,51.15027322659,4679.873046875,3.8733903911727543,1.2945518399397205,2.1432527016081173,0.1981335097299328,4367.140633807248,0.3761558586662492,5.27186076018455,2.288279655028325,1926.3849883253567,3.8725144640235225,14.99636827407139,combination
1.6889771587850928,0.2243801219741217,0.5930523868970782,0.0829578531510708,0.0994950099446366,37.00110369789219,14.486301195724662,27.485241876036984,49.35755976776125,-0.0841413412310986,83.59961935192001,46.42194573231,4025.17578125,3.204540973234113,1.2546097573558186,1.8973264123590563,-0.3991495647446121,4751.686362363544,0.5034757379000804,6.710228241134336,2.4907503875499315,2530.538896422257,3.203436136999154,10.262003083832065,combination
1.7408615509800098,0.2454575283031672,0.637432491601339,0.0736669664094194,0.043436117709272,36.33910238815151,13.69240528706278,26.666075602724973,48.40673039951108,-0.0838756579734765,83.59961935192001,46.42194573231,4437.392578125,3.3903426577777105,1.2774653935163252,1.9475084942103136,-0.652737929573046,4294.446573338129,0.4056403632438243,7.662806337302031,2.5713137096103176,2081.0655737914144,3.3893049746440265,11.487388211146744,combination
1.89411160885814,0.2198114867576307,0.6983768004860516,0.0528285494789593,0.0289032831474783,38.33691776700019,12.79392866522596,27.00488872322884,58.202808038938095,-0.0839029517315478,102.28011020955,51.15027322659,5164.833984375,3.998011444726671,1.334230193920789,2.110758112684216,0.7699275960001138,4254.826656166852,0.3200557477440363,16.236301774505126,3.463158274671725,1874.7222647802728,3.997130946923827,15.977055806856171,combination
1.8533046417922407,0.1924390141548577,0.7104706776539954,0.0694200187380341,0.0275908416640859,38.93473766984442,13.148165896071491,27.59949555682602,60.549784008804,-0.0836000264402002,102.28011020955,51.15027322659,5237.578125,3.890297219467931,1.313743877262764,2.099113730004913,0.8938749072610545,4366.063511196331,0.3110704226306398,16.441535414940123,3.602286031468727,1814.6364893560735,3.889398859898417,15.127423491379105,combination
1.688847629831313,0.295335218964024,0.5496924832376041,0.0841351783646152,0.070822530530175,33.383176604840386,12.85084125925616,24.489474468244985,42.16377552752584,-0.0808158011635302,80.82175959046,41.358990911510006,3976.6796875,3.2183878142390165,1.2389171767887772,1.905670918672798,-0.3247832603309004,4309.504104019879,0.4923897213362814,2.618141635064841,1.7278409255066949,2409.9157524365023,3.2173729857019207,10.351488929124493,combination
1.6867776032457713,0.2627749449697086,0.6265514778944673,0.0632716947833512,0.0473990188813965,33.10556231694764,12.935448622023758,24.51952814166208,46.060959106669806,-0.0753049535671582,80.82175959046,41.358990911510006,5213.330078125,3.1973371871380345,1.249306401007338,1.8955297847123287,0.0948405619206071,4223.615294703821,0.4193099697432784,8.310505234586557,2.563914313265775,2132.8955047833406,3.196450258055646,10.217294252224008,combination
1.722195038719199,0.2235205190400577,0.6494555641757512,0.0630991678591971,0.0637102083215933,40.551499183070725,14.461459089531605,29.700627441495005,77.05538619503393,-0.0735930583409374,102.28011020955,51.15027322659,5140.5859375,3.537006391258043,1.261365775792181,2.0537780633072336,1.5123044998592008,4494.9646119328245,0.4201737838069451,10.23462339931977,2.7850491718588164,2252.3405697177886,3.5362406979113103,12.504998273564272,combination
1.833738421504805,0.2406671676707391,0.6764448725167628,0.0541383331988585,0.0285804145915459,39.741499269361896,13.386292993340556,27.89398565615209,58.24924208172804,-0.0755846840757714,102.28011020955,51.15027322659,4364.6484375,3.8210932072110144,1.287074573606324,2.083772234032891,0.9088584533039152,4147.947234439613,0.3185930652335058,7.272961044181626,2.6059131686896686,1884.938808708104,3.820345567318135,14.595040253727324,combination
1.83458575625544,0.2323479660006605,0.686277831772459,0.0482075786736423,0.0331099872480383,40.10767482756859,12.981943691788114,27.88110234268496,57.282856857341706,-0.0780913935407421,102.28011020955,51.15027322659,5164.833984375,3.940109003780823,1.275323823844087,2.147683197880568,0.570331695287514,4217.7385664107815,0.3433173701552239,4.80347324612292,2.2246066960885167,1913.8601184417716,3.939335057586441,15.518360695929571,combination
1.767748697842061,0.1949056189714289,0.7001633589640003,0.0590750544964556,0.0457926911777563,40.30500629159068,13.750629266342544,28.935262851009615,68.65832054808284,-0.0779945065042382,102.28011020955,51.15027322659,5237.578125,3.719849632757585,1.2690798968380783,2.104286450499727,0.7229147213041596,4434.603464888634,0.3689621641711101,6.667641717605603,2.545661708743732,1986.884657800591,3.719031883068751,13.831198147281896,combination
1.7817253583651271,0.2437349790575659,0.5548533918724913,0.097828348841423,0.1033098537605294,34.20587399236314,13.57931326660152,25.24663079091776,39.093196254149504,-0.0745068351434961,75.54657672583,44.98256229346,5067.841796875,3.3125800554358764,1.3150537332711594,1.8591979060540669,-0.8567034958331768,4743.129680411807,0.5178301363494447,8.119476858224287,2.569097505817246,2606.9857023810573,3.3117420423681034,10.967635355188456,combination
1.7462766427215284,0.2341919940096342,0.644340684529172,0.0751984211613932,0.0461748078377533,35.381272128168646,13.3091248792353,25.75912727284481,43.10603664818365,-0.0704947896372021,78.85875893231,44.98256229346,5140.5859375,3.3798287041127044,1.2713664486260043,1.9354486118793448,-0.6544044082265432,4377.735887287606,0.4015971725374796,11.69898345018199,2.998422065877157,2076.819169453654,3.379093451471588,11.418272553778168,combination
1.902086535446875,0.2174269172035657,0.6730362012703774,0.07230703594063,0.0371687287413158,38.71427346866764,12.47617263206156,26.89166463952324,55.8804851944863,-0.0825500725681152,102.28011020955,51.15027322659,5189.08203125,4.099836923957179,1.3212251876039236,2.1554418516473888,1.2060104130870395,4345.325993634102,0.3368094640640664,8.014079485864375,2.700479525286616,1984.38561167573,4.099005768300608,16.80184828856166,combination
1.9366197608091065,0.1923108923089447,0.7038502911823672,0.0750742124088514,0.0287268306366718,37.5335012691468,12.584326119012292,26.4121405046594,55.4949893002385,-0.0831744890979248,102.28011020955,51.15027322659,5237.578125,4.064601691250881,1.3627898143527697,2.0988124636055137,1.1099488479261768,4380.2855643104085,0.3106041923767034,10.07633786801926,2.9582143051321554,1835.0629792745908,4.063750596786524,16.514068912882827,combination
1.7143869133614111,0.2868852966471839,0.5859846977662314,0.0685064203646618,0.0586054128812932,35.24867898619349,13.169381961267597,25.743553319037726,48.646887457939805,-0.0687717971124658,83.49107348407,44.13441091358,5261.826171875,3.3512894563604805,1.2520869485879726,1.9548034520338131,-0.187542260895902,4238.449996863992,0.4416906560229785,5.181301536553271,2.1643763586543896,2259.2651523818868,3.350583749174888,11.226411460234846,combination
1.709223007604551,0.2414492387398747,0.6503931784526235,0.0552068187880276,0.0529259514278441,34.968039225542675,13.39844436954934,25.82132976049373,51.094708478286776,-0.06752355047125,83.49107348407,44.13441091358,5213.330078125,3.2939951606534503,1.2621357070928263,1.9271886383450527,0.2976943371284563,4320.865132772977,0.4042850717436821,9.495904024633065,2.703795943761499,2116.555543170497,3.293303005880283,10.845844688540106,combination
1.8066847615258983,0.2074289244671355,0.6187160993276825,0.0802796628883126,0.0934166603901041,38.160554085308846,14.423115641981909,28.311675791956787,76.0026852615465,-0.073504780045664,100.75837090837,51.15027322659,5140.5859375,3.546409423336035,1.3403965024261,1.962937585381963,0.1854031652239355,4809.887020385083,0.4761725065215593,15.997585328542208,3.341470877726096,2491.551139520111,3.545647591799989,12.571616845237063,combination
1.9395806618037936,0.2281579324633182,0.6947264689439429,0.0529831613182299,0.0241163705205866,36.99862451041259,12.878841696781382,26.371820586734803,55.57646669485788,-0.0743663060754638,100.75837090837,51.15027322659,4364.6484375,3.97165167729123,1.3824912115907089,2.04768574749432,0.0728969562123913,4185.234829045272,0.3087826377207413,14.45380473019187,3.3994746204778266,1791.6538027385516,3.9709553885999433,15.768486698250928,combination
1.99919330080044,0.2235194065295731,0.6850366115759434,0.0606398007651947,0.0307631895010346,36.40176376975351,12.15266635412363,25.585456496933237,50.87175151022881,-0.0699154231384374,102.28011020955,51.15027322659,5164.833984375,4.208975358665528,1.4051591991564742,2.105336866115114,0.6769649653096097,4282.614104922157,0.3392833838520425,14.645905644352847,3.2046239890981028,1890.550331468627,4.208394634948223,17.71058540346099,combination
1.8581800154601955,0.1984814279714051,0.6598767143261297,0.0856223539172329,0.0559500235325124,37.84178863603962,13.5269445851515,27.527081768728507,67.52579655347125,-0.0729197130837402,102.28011020955,51.15027322659,4388.896484375,3.7813619257919897,1.3516875145239753,2.034981484210775,0.8586830646630423,4541.964116177395,0.4229059325624769,7.143986449551584,2.604238754050531,2144.203422805555,3.780658769219075,14.293380729273087,combination
1.7576939190685938,0.264042480169519,0.548880371766139,0.1012481873791944,0.0857007992378647,28.705088526465904,11.233751811564888,21.13896089361733,33.66799831067635,-0.069962789075664,65.51818219597,37.15582301814,5286.07421875,3.3075168155209678,1.2943984821326215,1.881736506930415,-0.7593733855549722,4651.544224286203,0.5257902281304117,19.728834771710936,3.6238418148447695,2519.8838925476493,3.3067767830772485,10.934772693098717,combination
1.758740104345337,0.2145881356543641,0.6684249261783832,0.0703177214671579,0.0466197626810642,28.76227002650475,10.948003067286884,21.126386398046375,36.09738078805165,-0.0663517823154052,65.51818219597,37.15582301814,5140.5859375,3.393844776054478,1.2918251231179074,1.9297022724786177,-0.8876092070382858,4440.649405607497,0.4020156622074562,7.646379152935406,2.5760142697713104,2033.8026574845287,3.393196104697729,11.51377980493584,combination
1.8768993017320703,0.2057795032645623,0.645312061785798,0.0956206707771189,0.0532040158590864,37.67219760039832,13.410558147749049,27.25253996279219,68.65513995434334,-0.0704147479902637,102.28011020955,51.15027322659,5140.5859375,3.8141792953767206,1.3577724816894987,2.0321704482797016,0.7085626797653855,4577.128891692522,0.4213485933688389,11.673382736299532,2.9518743208166804,2177.733334834266,3.8135292657256383,14.543005460545926,combination
1.8712774936682617,0.1988959750554732,0.6921743966912981,0.0812729590752956,0.0275983060538026,38.48871687435485,13.305753420804171,27.334413735891317,65.8524055690743,-0.0779204689482617,102.28011020955,51.15027322659,5237.578125,3.8442222404793807,1.3289680036247606,2.0543303991454303,0.5923593420758831,4373.525928117558,0.3297575801604283,14.250657911347837,3.262843611534387,1862.0553849067323,3.843432454813691,14.771973034715195,combination
1.6267808953436182,0.2721690245671816,0.6042791998672135,0.0672628031087951,0.0562323563199591,38.21917505791205,13.45238501742463,27.712394593026936,62.78987622500469,-0.0686777677493994,87.14389646067,45.08199408816,3976.6796875,3.351226866445326,1.179564813208265,2.060035789722906,-0.0374010012075574,4270.378915683045,0.4334743225852729,4.94368195557064,2.1998427073859594,2253.119848481429,3.3505230747753285,11.22600487460192,combination
1.6515041892478468,0.2320225996331995,0.6401726746350959,0.0608329338115279,0.0669219404635751,36.989805234816345,13.65129132500062,27.297535411455375,64.25164168930225,-0.0569315213635498,87.14389646067,45.08199408816,5213.330078125,3.3023977743115047,1.2187680849351148,1.999630273911405,0.2064048860247112,4434.3622323415575,0.4361379240876902,5.562753024284442,2.304335192171749,2255.9344236846077,3.301907003786268,10.90258986165281,combination
1.7638232701998535,0.2124751017626708,0.6043652071579902,0.0808329262124968,0.1022783698213562,36.87442789684293,13.648451686163911,26.97771758145497,64.94790992060376,-0.0637425627460937,94.96978224419,47.58392604705,5140.5859375,3.486397368815695,1.2904315744278705,1.9766137728870432,-0.2905087789146772,4861.767097298509,0.49292977483578,19.14205471902805,3.710649844965794,2542.8119223856297,3.485814610529304,12.150903498979565,combination
1.7229565207057325,0.205567998497956,0.7199349858032544,0.0475791613810431,0.0269032145500789,38.09474030456962,13.557991189537594,27.6176011844799,66.01882486636055,-0.0625912239785839,94.96978224419,47.58392604705,4364.6484375,3.5096590182009764,1.2490943806576391,2.036998018245638,-0.3463624073788023,4246.82507236735,0.3195968424730696,10.75593917905013,2.976781199412621,1752.1159726601936,3.509100848183236,12.313788762720304,combination
1.8062516061641116,0.2180821844757095,0.6451200914419734,0.0952499871337816,0.0414366890875819,39.99186180758869,13.259136336411736,28.318465186152267,67.9285077916638,-0.0650968260950976,102.28011020955,51.15027322659,4461.640625,3.857737934719252,1.2790170528365834,2.135769967790826,1.189776454564639,4433.979860367518,0.4083818446194058,7.089037762778588,2.6175786703941992,2120.899639020677,3.857188662251861,14.877904376204302,combination
1.7663608663518944,0.1967701034058518,0.6719877866817489,0.0858930782707062,0.0452118249152115,40.621410164547065,13.709970407672394,28.95799731582133,73.9604943359716,-0.0670194687838476,102.28011020955,51.15027322659,4655.625,3.730881373599845,1.259194917640554,2.1121852531217584,1.4311268394804144,4498.096230167902,0.3904165012182449,10.729963484072648,3.015304811894128,2064.1916233796646,3.730279374883093,13.914984214678196,combination
1.5412797377213767,0.2847888158835955,0.5323688291876552,0.0969618824780639,0.0858427544915533,34.36598025990178,13.051202488590636,25.41087043970473,50.81097857155773,-0.0639039974813672,71.96198432227,39.16525972658,654.697265625,3.0008928112806674,1.1396520463080757,1.9470137301079284,-1.2144037638150873,4479.652597363595,0.496131778393675,8.418078721397592,2.601633295798188,2572.05541116378,3.000212316470601,9.001273943901891,combination
1.598473017929712,0.1945079295422036,0.6728701261680451,0.0607641451946195,0.0718262374080051,33.29725468305009,12.32179911831072,24.501670836649787,49.57748247529599,-0.06273156848854,72.93141079056,39.16525972658,5140.5859375,3.1785341856757547,1.1762308964924066,1.9884816008921344,-0.8514077390425236,4619.687416633305,0.4377796457878479,8.896879001256666,2.7634624801373486,2197.6572541620403,3.17791509009042,10.099144319824402,combination
1.752119155949009,0.2091133951333895,0.6088287952908502,0.0944362682168971,0.087555172209629,40.14887051526948,14.007249529876626,29.19337594872948,81.39650503590165,-0.063352600461372,102.28011020955,51.15027322659,5140.5859375,3.651700008448449,1.274015248003962,2.0841619110491147,0.5268214943945378,4730.090373409186,0.4885868507997082,57.75126137658031,5.614240869360109,2448.591537551212,3.6511504214038046,13.33089939971718,combination
1.6620783965749757,0.2003272216850863,0.723289172715009,0.0570876636403848,0.0192807700111578,42.54883537753988,14.372474305072112,30.77488602944045,88.67296821267153,-0.0627461307160986,102.28011020955,51.15027322659,5213.330078125,3.558905178111109,1.2021544837297835,2.141237853427913,0.190000077219644,4257.985847940038,0.2751558174909551,9.52067097283532,2.9108074141409395,1651.9431849671191,3.5583520047721846,12.661868989866226,combination
1.5953582176351857,0.259977662202584,0.5866522163196569,0.0871509860471928,0.0660708356153826,44.43673468007753,14.796837157711156,32.0491262825914,77.06328058135117,-0.0592576467044726,99.77805022689,51.12983698296,3976.6796875,3.455457165473665,1.1506209299821306,2.165944379937267,0.3136918366000309,4430.668374427002,0.462412572810921,6.887142709472659,2.4697513259388257,2361.2222881601274,3.4549490233186293,11.936672753730347,combination
1.6983057317722656,0.2199455207296267,0.6335897771185525,0.0707142545502082,0.0755596563090635,41.17079817311882,14.69982237171983,30.1063795678317,71.6487732779503,-0.0596324008083691,99.77805022689,51.12983698296,4704.12109375,3.47826223270057,1.2418956943211177,2.0480777798888026,0.5791494030158398,4558.046124948576,0.4636394618970101,7.744632025449247,2.6073681492225256,2348.1790587133787,3.477751016994313,12.09475213620498,combination
1.692929567588843,0.2200399173098326,0.5937827397749733,0.0727073654046316,0.1132456978911597,37.25739207599717,14.10213621119899,27.54976137433573,60.259072521489045,-0.0630477224265088,87.95801790320999,46.63980561063,5213.330078125,3.307286563690381,1.2518268996255748,1.9535878083816491,-0.2791275531448092,4834.361795199405,0.4951094376240954,17.87644824572476,3.754076418644359,2671.343115584971,3.3066855609603643,10.93416939906376,combination
1.6377690034287355,0.2008821912179805,0.7174693937381912,0.0445097470485994,0.037065693234497,39.09047716010968,13.907404926438826,28.477645817565044,65.07302952002392,-0.0542600551179345,87.95801790320999,46.63980561063,4364.6484375,3.353595142826745,1.1931244896192803,2.047660650437185,-0.3803798423175201,4301.635611992108,0.348539353718771,8.21298682725408,2.7105038948172795,1853.641942908592,3.3531561592639463,11.24365622840974,combination
1.763180871203086,0.2118723416972863,0.6154482599667899,0.1227060050624633,0.0499363972653546,41.00268499852638,13.281476620909752,29.010224680856595,70.81966355338854,-0.0554490526632128,102.28011020955,51.15027322659,5189.08203125,3.851248975287984,1.247485944601636,2.1842619995418446,1.0505109655055729,4592.592321617951,0.4705958762875675,16.765479736973216,3.299375880220492,2229.411321075022,3.850849785724639,14.829044072215495,combination
1.7331212067133106,0.1818493194463472,0.6939273697876471,0.0775413154434751,0.0465352972866109,41.36886995142834,13.617354092672384,29.51338488529105,73.46821908028205,-0.0655116293015234,102.28011020955,51.15027322659,5189.08203125,3.756256382736967,1.2364435694435485,2.167336230257276,1.1356067443935955,4557.296372507854,0.3811370324475829,14.805991961975057,3.530688123995242,2029.9104746317212,3.75568505592235,14.105170239278465,combination
1.5230747296074951,0.250726265530294,0.5299059919797436,0.1101725483307018,0.1091613468786958,34.46172093497922,13.722467761504747,26.04557931778109,55.39009093172098,-0.0574056510612353,75.13693724005,39.669363676900005,654.697265625,2.890833075096256,1.1511138329901265,1.8980244494249077,0.3996906774739801,4793.338319121698,0.5240363577036448,10.609592305441767,2.9004835856305933,2687.0701499525862,2.8902630432707523,8.35362045929671,combination
1.6648005680529003,0.1827299839716239,0.649583616138378,0.0692745942036007,0.0982856112359278,31.79131807425416,12.364058334248687,23.828297778211404,48.31331044009374,-0.0519784082733691,75.13693724005,39.669363676900005,5140.5859375,3.208441969819495,1.2478049379470617,1.9272230148095095,0.0556348905143333,4848.572989363774,0.481581831170206,8.415117658639204,2.755771122815085,2417.7241721472524,3.208020903730612,10.29139811877257,combination
1.8030075574751463,0.2130556683942046,0.6028024169074627,0.0829270433142715,0.1009403074472319,39.77953972923214,13.297201413008851,28.36941698581598,64.38652193111655,-0.0553670552960156,102.28011020955,51.15027322659,5140.5859375,3.846694626776798,1.2858437672923106,2.1334877997758044,0.8801448768897516,4778.316827781444,0.5062818421179541,27.84306057060672,4.133723730022853,2601.435896748896,3.846296145756504,14.793994040861335,combination
1.6102022601680908,0.1797041657920864,0.7464296266533685,0.0423061657075051,0.0314464017314235,44.87961321535037,14.20970791322756,31.766365314411104,80.72519106745712,-0.057314526999497,102.28011020955,51.15027322659,4437.392578125,3.5996709812011787,1.139721792635567,2.2355396401104324,1.0744143665287915,4344.977822112494,0.2925208308897715,9.532133970859435,2.9266349357136545,1762.9842938288114,3.599214666826178,12.95434621789668,combination
1.639635228495796,0.2428362248899331,0.5538896959734858,0.1291734370775603,0.0739987608508194,43.702978077394185,14.11139706914837,31.19612968642748,83.16311809006017,-0.0538328329390283,102.28011020955,51.15027322659,5286.07421875,3.6247490575131938,1.1704070403624969,2.210704548497988,0.3222328948979605,4656.482588385841,0.5292833661039383,5.952782627058786,2.305510855974426,2475.1996488565264,3.624349287257031,13.135907756040544,combination
1.7103509355470656,0.2153323898258997,0.6439716103449209,0.0778083809918386,0.0628285276645509,41.87474534080465,14.12482579083669,29.90630294842344,78.98690825141942,-0.0540306256153076,102.28011020955,51.15027322659,5213.330078125,3.6213029444775966,1.2215064906137316,2.117286499053659,0.675743645446468,4515.750360399498,0.4510193992774502,8.365460050845826,2.674410864310317,2234.255794126329,3.62089984771434,13.11091570717773,combination
1.4467567692905128,0.2275638787754904,0.568761977440343,0.0931128053820886,0.1104463099461244,31.001084210465507,13.77841917156945,23.729656177807893,37.73219117459868,-0.0572457939998388,56.21938903497001,34.331040708180005,5213.330078125,2.4916530902920324,1.107414194778077,1.7222335800881965,1.1642633282305388,4821.634374675663,0.5172919980244706,8.06630662552675,2.721415801954867,2674.1033404619725,2.4909953916920764,6.205058041431162,combination
1.6482456402514307,0.1900434981867507,0.7080351511747071,0.0511714134459003,0.0505810073076674,36.5816039046535,13.657959351734322,27.00133485222569,54.65957947023728,-0.0546587481903564,78.83587315933,44.50483245115,4388.896484375,3.2585272298016226,1.2165905182054797,1.9769669946189288,-0.6051924810334599,4451.070179659029,0.3826009465656224,7.248758578384573,2.632230194945026,1980.5918476816248,3.258068772847636,10.6150121286049,combination
1.944470322006694,0.2051596721669626,0.6202204148883734,0.1203920478126805,0.0540606647606918,37.920563575866446,11.98420592173134,26.305504716473585,58.66703929249157,-0.0541509038995947,102.28011020955,51.15027322659,5189.08203125,4.268140380818856,1.3488795630438166,2.1950144121583373,0.0128305724088113,4618.837756057217,0.4490443729614512,10.527355883466956,2.915970193341244,2213.438687961519,4.267796854348082,18.214089989983385,combination
1.7035949299088915,0.1722081066223318,0.7446352485241207,0.0589495636447861,0.0241167084123382,41.57515159053508,13.95293253218072,30.024903413703825,84.13440628190486,-0.0602122197720947,102.28011020955,51.15027322659,5261.826171875,3.665915613697565,1.2303087606356384,2.15187046482559,0.5487906990159581,4398.169113634358,0.2997941691983019,11.666369414863128,3.17694293688554,1683.5583290891052,3.6654210911356016,13.435311775341711,combination
1.5900744384311083,0.2304048861202454,0.5285765962816154,0.1238440772892262,0.1171323617562519,38.3058727253288,14.850924790194922,28.76109097890602,62.34121432902056,-0.0553145128024267,85.74109733819,45.73227558695,5140.5859375,3.0794227452517964,1.1938711308021102,1.936653197374958,0.1311630164823213,4950.1961520160885,0.5296130906592131,15.695394452770277,3.3738779010911304,2690.553217387828,3.078925908275082,9.47978474864754,combination
1.7233756406080127,0.1969025444995424,0.6273303479283803,0.0671058334127644,0.1086145859564729,35.998638689416715,13.57848030034704,26.53645236091158,49.74617935754515,-0.0484753739411572,85.74109733819,45.73227558695,4437.392578125,3.3679966075276613,1.27038902724938,1.954302084912504,0.2217950741165772,4845.169490572532,0.4833684779996682,7.740023595168337,2.651329969783453,2490.2589935930555,3.367647737878637,11.341051286439102,combination
1.501528650078701,0.2219399728368008,0.5991375394872209,0.0731995846728813,0.1056851337763929,28.420458169354458,12.480282670276829,21.76048959805557,36.35590782113861,-0.0543275884900976,63.50678245639,32.673998571220004,5140.5859375,2.618049561412318,1.1496647371593784,1.743589482142146,-0.0885593155606413,4763.23470008924,0.4854391364544601,14.443136249151769,3.374448813587817,2620.216692276165,2.6174858202366797,6.851232019140081,combination
1.6224582147619335,0.1806085104390621,0.7478057020064651,0.0482627761292823,0.0233103072465097,44.090658847088925,14.370498290058276,31.52640404615621,82.77396375528969,-0.0539854833052245,102.28011020955,51.15027322659,4388.896484375,3.55939454528007,1.1601158740672162,2.193828175601026,-0.0674462558790844,4304.308187008305,0.2802963356263963,8.57007230083022,2.76882288390272,1658.8268724098637,3.5589851217112183,12.666375096561817,combination
1.923857023799336,0.2377008563369583,0.5407655006816856,0.158147666746883,0.0633674059317032,39.31984607906179,11.214084665536229,26.58735685335686,62.028993822438494,-0.0517040299489648,102.28011020955,51.15027322659,4413.14453125,4.561252634714626,1.3008767410671027,2.370889613047658,0.5640035845685083,4684.827553447293,0.5341274673378967,6.774163661126099,2.419935165332292,2421.138145715152,4.560959580064064,20.80235229097816,combination
1.6640256925736183,0.2085508976384585,0.678187751285139,0.061949424476804,0.0511589362583143,42.33543476113777,14.300537056100932,30.73887227515092,88.2166554232811,-0.0547605587600537,102.28011020955,51.15027322659,4704.12109375,3.5768078517560387,1.208214194921742,2.149490760700978,1.2576004791295727,4436.075781562945,0.42307824096136,6.3117469545016185,2.467017884599079,2101.0210123089023,3.5763886379402248,12.790555689587936,combination
1.4771601313495215,0.2199675692136789,0.539335159545353,0.1025261526179927,0.138084322238314,25.791315862094425,11.411107413420275,19.74142076846369,35.5046774703364,-0.0488342411667871,58.18025596362,29.161239695370003,4558.6328125,2.555513556999236,1.1306611826746058,1.7300179599787462,-0.1691967504241949,5024.043888727865,0.5625478170326365,6.693718336868139,2.439364780911631,2786.9283390446667,2.5550469187270424,6.528264756896553,combination
1.713682407460532,0.1919889512728981,0.6643597279690951,0.061172886366209,0.0823341165819677,33.71742434432269,12.76933357894119,24.711012391475048,45.3191182035919,-0.0449765278865771,77.77984165882,42.34682720581,4461.640625,3.3162910925631346,1.2559330384599892,1.935184184727363,-0.6278089826063665,4646.287633665073,0.4585243294105853,7.795075842158292,2.632087994547117,2274.67704280327,3.315986086001094,10.995763722552857,combination
1.801854468190176,0.2246425726033031,0.6189782844390055,0.0988951654948612,0.0573153567932175,40.34030353919875,12.682721043897004,28.387571876416036,71.52799229150904,-0.0511300543320702,102.28011020955,51.15027322659,4485.888671875,4.033067750173674,1.267969468223936,2.2382871765579275,0.0528100767552477,4494.2340048580645,0.4505291351880794,11.513212069972765,3.003105132968754,2281.485403010908,4.032743631206296,16.263021195034945,combination
1.706618026840513,0.1708138096904088,0.7511634002595047,0.057343600979269,0.020650164062059,41.66257588330184,13.9021966512122,29.97171740959825,85.88704577743658,-0.056852363809331,102.28011020955,51.15027322659,4485.888671875,3.679294323759257,1.2277270942119254,2.1558979606999635,0.2058518619512318,4370.394769254115,0.2735693299155332,8.633279182567303,2.798805742330148,1619.1099706500506,3.678855056886093,13.53397452957638,combination
1.7430490766969775,0.2181012638837262,0.5251209282419986,0.146202084588648,0.1104434577977524,31.192448477959985,11.830421306565484,23.063280309426816,48.54520932166024,-0.0495304805556591,78.93818853703999,40.20042944895,4485.888671875,3.3980556065776044,1.288787235710428,1.9494893471483956,-0.4187701868594397,5019.668625483901,0.575563046755937,11.596600284507822,3.0754858641843525,2646.2035683480094,3.3976946061836424,11.544328636889416,combination
1.6625067731194825,0.221337820873937,0.6076519381981547,0.0775152033731695,0.0934169405045769,32.844809393060906,12.081999796286167,24.18061092979429,53.338535282512304,-0.0357568130984277,78.93818853703999,40.20042944895,4364.6484375,3.327299298689529,1.2239507609212403,2.0013748830907168,-0.1079890375349873,4706.781709869664,0.515334665610508,5.687187807933833,2.293061175383968,2459.513865798743,3.327107162893446,11.069642073376876,combination
1.4560279650579395,0.2274380171853306,0.5726751142030941,0.0840884265765165,0.1157009781342002,27.194004283972543,12.19660610906467,20.87160040479079,32.53365511446311,-0.055115895568291,57.86504924914,30.38963386489,4364.6484375,2.491646741162203,1.1175122849708778,1.71126297087505,-0.1984704609203123,4835.780623233376,0.5402569138667265,9.546570075638472,2.8356225901953898,2740.5122169797414,2.4910370773635493,6.205265720799932,combination
1.7623838243107228,0.1822123360535343,0.7401603671554557,0.0453243619344291,0.0322859017611251,40.295880072593,14.008144828612402,29.02334469995214,70.19330081718621,-0.0605244176183984,102.22081081856,51.15027322659,5237.578125,3.6514666183428353,1.2693673183075496,2.071890678962026,-0.6230196709481964,4375.224017286941,0.3139110468552256,15.773576364728072,3.4422422212286707,1795.9608723942276,3.650964976515663,13.329545259744018,combination
1.9847200766409567,0.2332390109087801,0.5649313323845476,0.1403089389164071,0.0614764960476756,37.88496404217456,11.179458907589526,25.7720339651924,61.30078477843823,-0.0486878092170605,102.28011020955,51.15027322659,5092.08984375,4.57538004740686,1.3501470707388858,2.305302446050966,-0.0678865206311065,4629.989521176368,0.5211782532676043,9.906144401018697,2.739566490273331,2369.283096908065,4.575120990251781,20.93173207544244,combination
1.647232722960049,0.1996572557808618,0.711315427598853,0.0608521629191209,0.0281616688670042,42.78567029341714,14.346314629302697,31.052244478651343,94.47510393358591,-0.0515306525201171,102.28011020955,51.15027322659,4437.392578125,3.565394636063141,1.1955001026233731,2.164475356983067,0.4993786478535607,4315.730557523673,0.3423252948816991,5.663124597176813,2.395028433476376,1801.8375391816885,3.565022230326014,12.70938350271867,combination
1.5286518471769384,0.2084235433101694,0.5345328932259592,0.1273479946027519,0.1295932733869685,30.191850243986742,13.358364048102434,23.22691072117631,41.76709555178369,-0.0488101206169287,66.49596678753,35.50585997814,5164.833984375,2.6579497197625512,1.1760080846721754,1.7387541346783189,0.7998396323919628,5115.574730284844,0.5729788681508365,6.14103234419054,2.268075918145446,2743.3440147951774,2.657501511742032,7.062314284911187,combination
1.674381548080928,0.2079274879692459,0.6209164855878235,0.0705435678610009,0.1005184365428804,33.46619206913188,12.616568720074628,24.411852291294124,43.90545449953429,-0.0443423416857031,76.38061500916001,40.87475503102,4461.640625,3.2397679541809867,1.2213745426006066,1.93490423845999,-0.4597344584321364,4745.910680391904,0.5072354901992219,16.339018521398287,3.3281608691576983,2468.9572094771565,3.2394644856321366,10.494130153671884,combination
1.6418385011456056,0.2423134422894474,0.6104737220828756,0.0691337758954227,0.0779901805600117,33.4402106385369,13.686031155167734,24.8957220838099,40.22157051436636,-0.0448561870906836,68.73855307025,40.87475503102,4461.640625,2.9866039736133456,1.2223234917041894,1.8190607489892696,-1.2171180124852603,4520.800745470536,0.4650984678479681,11.21791892393035,3.001222929579507,2448.2004696413137,2.9862671042093187,8.91779121768271,combination
1.8378870869853607,0.1728743212970747,0.7344220547963625,0.0567028562054178,0.0358676684735322,38.992802540277786,13.107670835188102,27.83102051741953,63.09474129490063,-0.0531868231143066,102.28011020955,51.15027322659,4413.14453125,3.902315969765956,1.3117875580693157,2.1232620857937605,0.3453858546363344,4452.917072345077,0.311262226864991,6.164059523813078,2.490210728525082,1838.0874671765655,3.901953496613898,15.225241089737422,combination
1.9816095771295557,0.212096504192984,0.5333715321856516,0.1629028641491917,0.0916179412422623,37.928360082165206,11.271142991042618,25.812487897178677,51.85004284856292,-0.0486986892133251,102.28011020955,51.15027322659,4485.888671875,4.538162036205206,1.3486022890465557,2.290139333490164,0.4515610628475685,4968.795222726373,0.549913273901652,9.542818186502076,2.832150776755089,2524.3588194841363,4.537900737623409,20.59254310452308,combination
1.6864830188272657,0.2305057338539853,0.6134430756764441,0.0767607389639207,0.0792263747335249,40.27446620658503,14.405613207632005,29.24745117586152,61.5623646195521,-0.0432114174228124,91.72089864742,49.32532975207,4025.17578125,3.424035411830837,1.2247295718100697,2.03028158220758,0.3385496490839852,4583.423561352639,0.4820559587876171,5.316307573905199,2.2539175005279666,2330.034911462609,3.4237627363583303,11.72215127487588,combination
1.6944181106004836,0.2005015976225474,0.5982830959277466,0.0853333300285792,0.1156567662819,24.835052362551284,10.61184330266855,18.552507023003624,24.955140555646672,-0.0460242283640869,58.652767313210006,31.43570389682,5237.578125,2.9623226615978107,1.2657796503872818,1.7482831675754429,0.2512169299560491,4948.832354071553,0.5114751433387524,8.264591554551034,2.686936641437812,2629.3519248819784,2.9619651115128667,8.77323732181943,combination
1.974186192868228,0.1639577554032919,0.7536449485346142,0.0394330036639648,0.0429158666692029,36.51488389297422,12.83541634303734,25.899196928672268,41.40461349339057,-0.0434964971388916,95.92665628665,51.12983698296,5286.07421875,3.983496570463469,1.400246462040588,2.017791728487364,0.230302995125467,4500.744498040844,0.3246277818766397,20.417015240119014,3.994495225774896,1864.048552223354,3.9832590904472767,15.866352981630866,combination
1.825371169039532,0.2098726259122604,0.6605397377036267,0.0861702869966795,0.0433666738427154,39.04289603003182,13.771391851708954,28.01065221703011,50.74205101446064,-0.0427892438003124,95.92665628665,51.12983698296,5213.330078125,3.7127573983464175,1.3095810552483325,2.033973945309976,0.0212906582756175,4488.511653974897,0.4060205006249986,12.521843881097764,3.257558954475428,2106.319844721966,3.7125108187843794,13.782736579591065,combination
1.8205205053165825,0.176892511062162,0.7398128183457977,0.0530150191348965,0.0302006526112046,38.925884894908016,13.475750359493016,28.096510353611837,74.85525672382683,-0.0460854986686328,102.28011020955,51.15027322659,4388.896484375,3.795727277669336,1.314042657339335,2.0849681542088825,0.5407451356247697,4386.884786540771,0.3192643782597167,6.394293599738987,2.530882557696971,1791.9125949248485,3.795447495784329,14.405421693255532,combination
1.8600692107365189,0.2086120792138746,0.5193270038001083,0.1267359443716284,0.1451038428856985,39.10202608721031,12.666811782291774,27.4991236516067,65.6677376315449,-0.0453920395578759,102.28011020955,51.15027322659,4704.12109375,4.038133202397321,1.3081233466651614,2.1709585745996893,0.3583021014361516,5225.779649199501,0.5886776046783481,9.82987587106306,2.801253303096683,2829.5173864335397,4.03787807184026,16.30445932304842,combination
1.7806830956326465,0.222322315905742,0.5881442537653598,0.0809580297562136,0.108431967265488,33.15771073756341,11.735962678202128,23.65178333369127,41.61909679028817,-0.04532314879083,79.27725034733001,42.11633076387,4388.896484375,3.588655819611208,1.270182103258342,2.015325370591121,-0.3400894170411179,4817.514200296604,0.5324006131279369,10.86904606256799,2.8967773857459576,2559.5261539812213,3.5883696024536094,12.876396403813072,combination
1.80301927500375,0.2083411154134958,0.6791928871115833,0.0629445219352551,0.0494924602058759,31.470521460114213,12.74049661056884,23.358780101661644,38.93718531670814,-0.046373700988291,79.27725034733001,42.11633076387,5164.833984375,3.305705582067541,1.3382787704121235,1.8334277552638285,-0.3180061886187195,4460.550383202205,0.3820408181980185,14.313110010168092,3.367906376071398,2103.785795318868,3.3053802920646134,10.925538875169147,combination
1.8999014201078908,0.1455406881699951,0.775265712102501,0.057600170590107,0.0215850242609189,37.25403532172332,13.04830294221196,26.92259329101681,67.7820200406654,-0.0404247035888574,102.28011020955,51.15027322659,4364.6484375,3.920070943564325,1.3730129577872494,2.063302286147938,0.0621134650647529,4456.29179475057,0.2726972624774855,9.440922551588912,2.943793365230344,1601.610059912979,3.919862503445376,15.36532204591705,combination
1.960585655063174,0.2270574322962062,0.5764457949928647,0.1281554448222305,0.0683045456455723,38.05327526859292,11.1761291668458,26.0892826051723,60.32123197634521,-0.0396233881430371,102.28011020955,51.15027322659,4364.6484375,4.576743205360248,1.3441753138344603,2.334375544134427,0.2804194220189502,4668.999619356505,0.5021274609771832,13.486194384471611,3.331774229126514,2397.698550324865,4.576571681392444,20.945008354923267,combination
1.6746578379504542,0.2375164242969339,0.6568261993291781,0.0602148788637163,0.045389803202529,41.30188325169211,14.283272804336423,29.839500638134787,76.05509533476163,-0.039862887967788,98.89353399996,49.97095362418,4025.17578125,3.4985646713272,1.2098952805531626,2.0891220833558166,0.5190620494394659,4281.662099665051,0.4109705881188339,3.768389504987435,2.005896653706189,2017.5779665993607,3.49833756370389,12.238365709621668,combination
1.7415346412470605,0.1744147465714811,0.6133155643461023,0.0991981538436229,0.1128489158588123,29.44811476696494,11.94206868104091,21.591651413143243,29.265859687911394,-0.042620914927871,65.84230180339,37.60260889772,4025.17578125,3.1487516863319898,1.2769105661019369,1.808032761310601,0.6293820001782543,5028.241296187412,0.5101288841079705,7.1267298092988565,2.601237612691669,2569.32277046118,3.1484632187448627,9.912820639789262,combination
2.0011932376021875,0.1750326932963633,0.7233611851186927,0.0504921386951947,0.0510140721987938,31.30969010429223,11.440503602210306,22.512839678926543,37.11049481761352,-0.0380131665563281,84.82252678844,45.05254252469,5213.330078125,3.937985956840732,1.438932879074193,1.96781894064323,-0.2880890112782182,4490.555177479917,0.3637690902065755,19.387752787864315,3.801433123219476,1975.589722297608,3.9378024830409126,15.506288395443178,combination
1.8163316472390771,0.1974199481334744,0.6714402862394739,0.0890383603446679,0.0420897475185952,33.45628277399461,13.084400835188806,24.80413893199092,48.538015750746666,-0.0392040037288818,84.82252678844,45.05254252469,5213.330078125,3.443225493637202,1.3466093298239663,1.8957030776131063,-1.014160835976231,4502.15963390394,0.3766950442417672,19.16575116069721,3.887014033333346,2062.936924779033,3.4430023012081734,11.854264846124778,combination
1.7392776990240089,0.2038383157015864,0.7143736602549127,0.059452140344831,0.0223259552564242,40.72586859886026,14.03190942938648,29.40891684823697,85.00250918638896,-0.0501590496421826,102.28011020955,51.15027322659,4704.12109375,3.6452824531113337,1.2559651883771357,2.0958599395351727,0.332791967929085,4240.706706222855,0.312864202272131,5.356220580320112,2.316543572915984,1734.3381360102296,3.6449373427674137,13.285568232700376,combination
1.8442487764310744,0.1991883051907923,0.5371826722746247,0.1430753803622272,0.1205054125549266,40.11537187213855,12.428844365292118,27.73501811701034,64.0564532050603,-0.0480784639378906,102.28011020955,51.15027322659,5140.5859375,4.115448848118858,1.2750791240231667,2.23150417704651,0.1922750090117526,5109.388102538133,0.5578142433751603,19.187987806614164,3.6520625594475424,2654.717077554499,4.115168001769576,16.934607682788208,combination
1.7054165102964844,0.2391060944758497,0.5972208692139185,0.075580573374425,0.0880372275155587,33.025017942734905,12.391388222839565,24.08745053613234,44.50958146652365,-0.0380388737102929,79.37513976042001,41.07913583527,4461.640625,3.3151358908724804,1.2438792889227457,1.9438863590549784,-0.6409891314794322,4614.651611515876,0.4956923045013879,9.63992940949776,2.72244928571672,2414.053762196768,3.314917648907395,10.988679019037727,combination
1.8107630210963868,0.1941789436738475,0.7156647457842845,0.0483179061867116,0.0417784621715205,28.69585894431693,11.618405328920886,21.169338480515368,33.96010722158962,-0.0356372730464453,73.88555975563,38.33265530159,5213.330078125,3.2993043551485672,1.335825332009502,1.822051984003348,-0.0233447548264575,4522.420916471309,0.3448160826889573,25.64650795676414,4.521284505038724,1951.254859495672,3.29911188241201,10.884139212672116,combination
2.037599683416411,0.1805772319824278,0.7267626637795772,0.0603102774956213,0.0322585575954019,35.9401675567971,12.083861594626562,25.103200419047543,45.89738881265141,-0.0434873585373779,102.28011020955,51.15027322659,5140.5859375,4.232941003671827,1.4232063093683691,2.0774154207633764,0.6844781887184894,4457.556509780375,0.3113047770364943,13.582865730667232,3.273188388215465,1805.025489453999,4.232717612859815,17.91589839021369,combination
1.8184889400464648,0.2115595253890992,0.6262376069429473,0.1159746891122778,0.0461361848243865,39.276354497655504,13.376360423206764,28.127898993591376,60.6229721065596,-0.0412131595042089,102.28011020955,51.15027322659,5140.5859375,3.823930546746404,1.3023172308326956,2.102806600874184,0.5177899433968307,4562.391078966306,0.4164671575474352,39.78643193072282,5.0469111569206735,2161.6092657970407,3.8237084488522313,14.620746301823935,combination
1.6927636200339404,0.2367579373977943,0.6654712134749803,0.0616134184414671,0.0360749538619088,42.20490769011271,14.105180037665416,30.21702062900219,85.05066659273335,-0.0323173977211181,102.28011020955,51.15027322659,4025.17578125,3.626346710215832,1.2119508376172308,2.1422640865492624,0.7634387509155235,4267.949594703131,0.3876997990388892,2.8962902633860184,1.8428637131628431,1946.0961304029104,3.6262027037243407,13.14934604849772,combination
1.816018624262666,0.190442279841221,0.5873301208021436,0.0997765290135687,0.1223830764906656,39.85860157014678,13.288308651482993,28.166161152316302,69.14490584154012,-0.0392698046365234,102.28011020955,51.15027322659,5310.322265625,3.8492689000628806,1.2832932218299509,2.11961972671164,0.8707745828088534,5100.979004139349,0.5567227599098739,8.027472734871777,2.6639859374351027,2645.0265546106302,3.8490685818045782,14.815328947435107,combination
1.8059227509968163,0.2044444026731864,0.662028813098238,0.0623440021521396,0.0711273355344446,33.363677659489646,12.92936221858468,24.54884471282025,41.53310930644165,-0.0415015880563476,77.48841688371,44.33331717757,4364.6484375,3.428886624728112,1.3287898783232686,1.8986895330021547,-0.5448593278180849,4575.136117050635,0.4392947068163921,12.58474190161768,3.1542405229972346,2214.608244390712,3.4286354579377707,11.755541103428149,combination
1.7265322963544143,0.1914160565292112,0.7052349253875949,0.0593215887258387,0.0439610769006747,34.26777064783536,13.971378135128562,25.6776645714535,49.2155759528471,-0.0312947167699023,77.48841688371,44.33331717757,4364.6484375,3.173152766232968,1.293732166973356,1.8378762870136305,-0.9881600012670424,4469.7506097363175,0.3573705599769874,17.70645115421919,3.812124727395163,2025.0400643533603,3.1729984428855667,10.06791911855423,combination
1.8046110181133987,0.1886517621762402,0.7098574930013227,0.0638530405526319,0.0375841579319843,39.29008084457355,13.562967879647768,28.344209756662256,70.100396399004,-0.0375122878445703,102.28011020955,51.15027322659,4437.392578125,3.771318614073012,1.301862254469107,2.089823555447243,1.0534218923830427,4427.10867128456,0.3545358942423602,5.3009482132372,2.3537549126939235,1941.3260476999296,3.771132047159613,14.22143691711425,combination
1.7109444147274266,0.2036248172452935,0.5807431880966731,0.1281600803699714,0.0874387968122395,41.83515267087471,13.474669459864293,29.89592928110341,73.60945455388206,-0.0473952745910498,102.28011020955,51.15027322659,5067.841796875,3.796031760107098,1.222662520894788,2.2186762629058583,1.3898327286981664,4867.640921112862,0.5149910200727226,14.998621116723536,3.465484239973064,2482.935756332451,3.7957358722240175,14.407610811688231,combination
1.6504272262597803,0.2437281949457625,0.6177421416423772,0.0703574173018272,0.0681376664552646,36.0024319186309,13.316939017174183,26.46526862067461,54.9905463193152,-0.0399569113773681,85.53555822364001,43.67899988184,5140.5859375,3.279957941198754,1.2132235950215506,1.987338726004804,0.3798775989857706,4457.59305042133,0.47061342226718,5.448068651711964,2.20417645867188,2280.647035071707,3.279714551796536,10.756527541265951,combination
1.719259884283125,0.2021799134874282,0.6464930942423452,0.060438931587739,0.0908121243941978,34.405613583195496,13.454293752991692,25.40569944145048,48.43308730224661,-0.0325795446078613,85.53555822364001,43.67899988184,5140.5859375,3.2464728869270862,1.2695311995009395,1.88829677037498,0.0180092370261711,4746.495210896623,0.4436113924743356,14.030501492273116,3.3632050220532013,2479.302156934142,3.2463094089790387,10.538524778825836,combination
1.7042741749747998,0.1937460561850359,0.7126733795979324,0.0501835114452272,0.0432221983539639,41.67101271764166,14.1722268390917,30.000945700955675,73.71509229337066,-0.0307750458785497,101.05217326778,51.12983698296,4364.6484375,3.607748984226456,1.2269881063225012,2.1168829741140693,0.9768622412310796,4410.962664271393,0.3400507427906877,16.33106173344002,3.5437278776234877,1948.2198642465155,3.6076177222286456,13.0149056297382,combination
1.658880583175342,0.2107895998323894,0.6932505376627703,0.0634476427847466,0.0323883264586897,42.95052109819629,14.311875497346014,30.821891281101117,76.74680119866771,-0.0354851078893847,101.05217326778,51.12983698296,4364.6484375,3.5725462391313765,1.1904357776256922,2.1535885556590197,0.8091355741277769,4323.804428039314,0.3391672225300584,19.785178993307053,3.902749002954374,1930.498317192832,3.572370002932202,12.76182743784982,combination
1.6877141450355468,0.2091199971425208,0.6813957833380124,0.0655587476495722,0.0438451501062844,42.23376319374522,14.158399924825682,30.30742698759136,79.27384291205892,-0.035843347022207,102.28011020955,51.15027322659,4485.888671875,3.6127156668955136,1.2111227927272488,2.140596899968165,1.2250433579398294,4419.521863524994,0.3985218372559054,5.342234353788959,2.298085966223205,2014.5625661722468,3.6125378536849326,13.05042974430654,combination
1.6958643171685988,0.1714891895208406,0.5616324788947853,0.1300675879996435,0.1364944477446712,41.89553091894001,13.911777451302347,30.16177220592157,79.19065576492807,-0.0364472776055615,102.28011020955,51.15027322659,5213.330078125,3.6767604575072887,1.2209004661035607,2.168074662745412,1.6630028629747982,5299.511843255472,0.5783390312405441,10.224704965663635,2.9596228611951374,2712.728819985961,3.6765798043622486,13.51723905784435,combination
1.6564174931302,0.2141084760047232,0.6420545730028573,0.0696989664883608,0.073937707778652,33.726417384498845,12.81191708629906,25.03610136446458,49.648085865630506,-0.033953308601333,79.47175503218,41.47023625988,4364.6484375,3.236848629330256,1.2296069216927954,1.9541260840064243,-0.2520278788874297,4554.068078680054,0.4632284604603306,10.215741970383895,2.872655693622799,2279.6945416155995,3.23667054579736,10.47603622203218,combination
1.696826191537959,0.1942600677443255,0.7042588706026408,0.0541096884232695,0.0472556016947266,32.67175794961264,13.139091932575276,24.43988457196813,43.57492485913709,-0.0282321421934472,73.89010155128,41.47023625988,4364.6484375,3.156248275960712,1.2692992009746351,1.8600893195195023,-0.9004447368602301,4427.693910643236,0.3704213170428687,14.37336898155473,3.3637803266845423,2050.527988810019,3.156122007409113,9.961106125652131,combination
1.7132439070125245,0.1897306368414105,0.7104067206399478,0.0682738444856244,0.0315661170463646,41.491650458927545,13.93431008530588,29.855803378156168,77.76686703429635,-0.0392753919834423,102.28011020955,51.15027322659,4437.392578125,3.670814910350631,1.232784732851818,2.1426108070926277,1.05613329033804,4386.991756633271,0.3330154629658609,6.710645666243046,2.568802740435099,1893.2528990554129,3.6706047934416826,13.473339549637055,combination
1.664168373846206,0.2044986905308183,0.6616125880136167,0.0827804186123552,0.0510812655193508,43.30731766549227,13.65731973194851,30.736236807800942,76.17346385393073,-0.0401742612562353,102.28011020955,51.15027322659,4437.392578125,3.7452643879263054,1.1811000076633027,2.250532125706905,1.0844425251069978,4508.442598773068,0.3930164466283414,12.081066749687285,3.3003776852225166,2145.640479362059,3.745048913459146,14.02539136420153,combination
1.626972242072461,0.2703668550504732,0.6013037984563186,0.0726838816952731,0.0556244830052608,38.02805510795485,13.876283997746548,27.81164755520441,60.956235811072645,-0.0342046737243359,90.38640935079,45.24877857862,5140.5859375,3.260871468612794,1.1898788526041315,2.0042575922863,0.1541588827778729,4314.498385450678,0.4471620822474022,4.405684109925991,2.07640063005819,2207.2866907246794,3.26069206996128,10.632112775108377,combination
1.6217523723033742,0.149319918269825,0.6764553853475744,0.068898337972682,0.1051866283829315,38.12409574584353,14.073956653180076,27.9011637974996,61.0794818495758,-0.035006855402417,90.38640935079,45.24877857862,5213.330078125,3.21507161729078,1.18688135923993,1.98246765178115,0.3830928736553212,5026.58274212307,0.4756810628249378,17.388486937378858,3.720695192333894,2435.493113248163,3.214881028029433,10.335460024383586,combination
1.6458900301539796,0.185676590577653,0.7262850405126069,0.0417622881849724,0.0461030753230735,42.758851539447896,14.795338353902771,31.065159911185926,68.74644830378547,-0.028062637507456,98.4981356345,51.12983698296,5213.330078125,3.4558072117000807,1.1957719897081265,2.099658633558146,0.4536274404878624,4437.537824221322,0.3439627717455077,12.050857410056985,3.176010823025543,1929.9005603604817,3.455693269492304,11.94181597281441,combination
1.6459323397683203,0.2014779420626698,0.7264520859893785,0.0453335124340482,0.0266297454550581,42.513729902096536,14.988219646747352,31.064361363819472,69.44988989132729,-0.0283045663546289,98.4981356345,51.12983698296,5213.330078125,3.411334914220841,1.202666458593617,2.0725851432635536,0.0687125694154671,4246.502062314583,0.2990147048345776,12.692491026620631,3.29078278781918,1781.784003540551,3.411217487716898,11.636404748505589,combination
1.6794650038432812,0.2065885785647821,0.6624729428208143,0.0860598097701745,0.0448354137928321,42.25845448105718,14.108697955250632,30.456290014699867,80.65146164686071,-0.0327166593514843,102.28011020955,51.15027322659,5237.578125,3.625442502832385,1.2104151430696235,2.1586889244705527,0.7487187546982115,4482.878871263634,0.4062506880771759,6.901530849818348,2.535148717411769,2063.0404362647787,3.6252948792538833,13.142762961544427,combination
1.6525335868183983,0.1887425244592996,0.6025334151871027,0.1088899182981157,0.0997661290638984,43.09361127394063,13.929362667183131,30.952637595141997,82.13090579176766,-0.0333314758845898,102.28011020955,51.15027322659,4655.625,3.672118706988471,1.186957224388418,2.2221144164811526,1.0590658832816098,4941.712949723242,0.5091782456118711,12.928922017457229,3.2402218932572144,2493.77747013324,3.6719674305377534,13.483344810930038,combination
1.5973916885546826,0.2232950671596683,0.6242032690467423,0.0787832129729575,0.0736722570935838,32.285280692487575,12.205461147379584,23.925206808700448,48.668032663668086,-0.03389650043479,75.19315796419,38.21792650317,4364.6484375,3.131215284837893,1.1837569840940825,1.9602050688463335,-0.2664451391202185,4584.008522121205,0.469827056586568,9.815435926183971,2.76620763677719,2290.377930433185,3.1310318087270725,9.803360187260722,combination
1.6782752513689894,0.1787670871926669,0.717945474499152,0.0454030523207424,0.057818265768388,30.46110146651993,12.302910562986408,22.772144481064817,38.62087959244796,-0.030022674043833,71.07059748635001,38.21792650317,4437.392578125,3.1064134220523,1.2546468992651385,1.8509558664577583,-0.6480960141861597,4533.349012293994,0.3703671616313015,12.02123259055592,3.167345632234672,2101.2744483754477,3.1062683380142717,9.648902987749942,combination
1.7172457775154248,0.1872332765670663,0.7104921104088486,0.062002624378311,0.0401903874164355,41.200055817829934,13.82496399002003,29.786227397569217,73.53964020052504,-0.0329454190868994,102.28011020955,51.15027322659,4437.392578125,3.699848568395142,1.2415098040826915,2.1545247726555603,0.7555500049368702,4447.950889109017,0.3317243931206899,8.167127263750052,2.764864670336247,1967.1631427176203,3.699701883722088,13.687794028416768,combination
1.644879982481504,0.197830695333809,0.7048664815639871,0.0559731986348499,0.0412537815783839,44.07522918405728,13.730119801550094,31.09665979971592,73.58082128997717,-0.0360831415445312,102.28011020955,51.15027322659,4437.392578125,3.7254061847891,1.1605220023471117,2.264849851944132,0.6003502063237945,4388.104619408259,0.3414212074412078,10.05415254791598,2.9992729846330515,1983.806909614427,3.725231435570299,13.877349248561153,combination
1.5842492513923634,0.2382796664734998,0.6343124431588756,0.0685834035543227,0.0587659882365826,43.92715611500722,14.710023667650958,31.38963962940441,74.9466767250669,-0.0311884827598632,97.57748622258,49.72901308436,5164.833984375,3.380620875119314,1.1320790481897516,2.1338945700294047,0.4370736295064039,4412.08539196244,0.4354743231614434,8.162212001397213,2.7022094610446925,2199.715532179863,3.38047700477841,11.427624779835613,combination
1.6121203327913527,0.1669457173284676,0.6470387217943363,0.0789296099463779,0.1069734715334838,42.4867946567122,14.759307137383669,30.84696103190712,77.71147804636176,-0.0325718080523779,97.57748622258,49.72901308436,5213.330078125,3.369332491116876,1.170458103186272,2.0900006175611883,0.9438976321390832,5003.736434883958,0.4797680892730145,28.896151611866244,4.402993679968273,2521.377779891399,3.369175049328255,11.35134051301605,combination
1.7059324519778951,0.1950535599725356,0.7194500678978559,0.0402669701052442,0.045106298468436,40.73000291561035,14.711202552200522,29.97178283564449,65.69461368322847,-0.0298584292630127,94.14888773458,51.12983698296,5286.07421875,3.475571544986438,1.2553359519491654,2.037344175589593,0.1106223264867519,4419.029441246104,0.3512214444797807,9.48223271008591,2.880510888232548,1946.061734666513,3.4754432866213434,12.078706038521364,combination
1.7364772243364013,0.1927444185821215,0.743347197943517,0.0373476416856219,0.0264783907037695,39.58209264089257,14.855900573096116,29.444576793974008,64.17416428941921,-0.0260888841385791,94.14888773458,51.12983698296,5213.330078125,3.44171911567284,1.2917416329357323,1.9820122414724448,-0.3283692184699792,4274.85817784615,0.2910635035608448,8.917734229524672,2.874050512133186,1744.17749599254,3.441620234905681,11.844749841312238,combination
1.6606234965605908,0.2060394728831337,0.6652341635377034,0.0875614417829429,0.0411101906894572,42.58027369298669,14.265208562820106,30.80184842171038,86.01201582271553,-0.0315239527842236,102.28011020955,51.15027322659,5189.08203125,3.585665992988331,1.2012668963895097,2.159228747765404,1.257769413523933,4467.8353999406645,0.3914270430559516,9.884977273436572,2.9077699268857566,2046.9575186091445,3.5855274163885364,12.856006853673854,combination
1.6423679987421531,0.1900067529077398,0.6758484280384514,0.0718919226894371,0.0621639508180366,44.28934386883546,13.754153371031386,31.14422179789466,79.13078309478146,-0.0315069198598388,102.28011020955,51.15027322659,5237.578125,3.718896528689384,1.1549115150152922,2.264350335331417,1.1461481465526873,4589.169859127608,0.4042409934509576,12.63966097255478,3.295596146154652,2176.609719098776,3.718763061166829,13.82919870509889,combination
1.6444784198094238,0.2135026545013953,0.630023289984138,0.0866349636259547,0.0698025903346315,32.14686081935801,11.747703136826631,23.24097381693776,43.67611069056262,-0.0276591786692285,69.01471253488,38.21927989731,4388.896484375,3.2533406277096346,1.1888961759617704,1.9783419402284763,-0.9858591187574598,4595.227775565472,0.4672027278231365,6.341461960171284,2.403704493328663,2253.482158865123,3.2532230494912984,10.583460209741462,combination
1.618353261475503,0.1672050037617252,0.7114866657906871,0.0613671996714343,0.0599093789404562,31.8208748847253,12.57776822594374,23.616154029599382,45.53368788499208,-0.0256779626052392,68.85257347836,38.21927989731,4485.888671875,3.038637635131197,1.2010757100728262,1.8776108452123592,-1.0367507915771048,4618.834143977257,0.3969914527587571,11.081462954247352,3.1159316074453263,2103.498002436679,3.0385291375716905,9.232659319872162,combination
1.7073855300329834,0.1920919805226134,0.73759022431537,0.0476598884222022,0.0226340355244995,41.5522439230696,13.85627337290061,29.958244536371275,83.98968329001276,-0.0300028191669287,102.28011020955,51.15027322659,4388.896484375,3.691488457973634,1.2309870273502037,2.162070834641735,0.0827774619982692,4279.252396267342,0.2794412416576882,8.474027429993148,2.787734828567777,1707.899986953238,3.691366531001032,13.626186866194598,combination
1.7060395182352783,0.1870265854614879,0.7481256837700742,0.0444990569468609,0.020325634437839,42.29722638527724,13.550168122032092,29.981880653913382,78.56543411952069,-0.0352012486380029,102.28011020955,51.15027322659,4388.896484375,3.7748810764511087,1.2093056116888627,2.2126574654940194,0.0183302617249668,4259.541342979245,0.2698388129340542,9.064531552366557,2.854660075375154,1662.16076648258,3.7747169448109625,14.248488013443009,combination
1.616144811581592,0.2275192499586999,0.6340813156424484,0.0795503531610055,0.058827762779681,43.5960009922819,14.80370245633533,31.64956064582685,80.9959179457486,-0.0311190174813867,102.28011020955,51.15027322659,4485.888671875,3.4552351600865867,1.17327901785408,2.1379489853419904,0.99003539415592,4485.033413869514,0.4495155804012357,9.673369382022315,2.849822655619888,2212.8000282538487,3.4550950230419963,11.937681618249572,combination
1.6574091022255226,0.191522299819804,0.6649916126465837,0.0680984783767406,0.0753222277425903,42.1612214689288,14.688240084999022,30.86158580757572,78.60435778139282,-0.0243031656818896,102.28011020955,51.15027322659,5213.330078125,3.482396320497876,1.2132066255311362,2.1011084805928792,1.051808551424843,4669.800227139787,0.4504696168692777,14.379482172924137,3.3606840413433234,2288.403317947127,3.4823115152373982,12.126493489154983,combination
1.722787966552832,0.1934424418227188,0.7171174924103545,0.0533169745317238,0.0361002513488572,35.94626134416542,13.31955997370809,26.460972786805225,57.64239451874564,-0.0249542300165039,87.43746715802,45.58664550039,5140.5859375,3.422533896793509,1.2681887850289428,1.98662514670435,-0.7469817129221774,4392.823473994135,0.3479882702587399,7.305958110679457,2.5901794058478496,1848.419795622243,3.422442922987152,11.71311556110484,combination
1.7338684910244873,0.1841600940845083,0.7460862832488707,0.0408227506545857,0.0288800314840024,35.3525097380934,13.540971076716955,26.29187030987241,59.27188799254652,-0.0294809067879736,87.43746715802,45.58664550039,5189.08203125,3.3665713664195054,1.2894882382641426,1.94165323601348,-0.9568035235837352,4323.20920241921,0.2994549385119391,8.006707540172469,2.766347377789593,1757.5625156256865,3.366442282489134,11.332933641330651,combination
1.6832243856788134,0.1979673993769672,0.6893654747299544,0.0806136913635855,0.0319762664039426,41.98018341076396,14.1025556276444,30.38826769727557,83.78092274595862,-0.0312108529847412,102.28011020955,51.15027322659,5164.833984375,3.627021553903547,1.2184385362517207,2.154805731643934,0.9537716735171144,4417.771912305863,0.3510202427021022,14.170001236501736,3.283066167436169,1916.1350678738208,3.626887265291943,13.154311235136866,combination
1.7068445177061378,0.1834292499707144,0.713537680136459,0.0636219993357954,0.0393466045657059,42.53831851699689,13.51635532686833,29.96774029267286,74.85840454017948,-0.0213979060281689,102.28011020955,51.15027322659,5164.833984375,3.784324397340423,1.2024516955495566,2.2171465286283083,0.6986043379503349,4460.621349672412,0.3539949826184282,14.730217031668609,3.437071773601288,1915.1362870459309,3.784263901199752,14.320653273923565,combination
1.6754394457360156,0.2185234206392483,0.6048865369365125,0.0824298158759201,0.094076093151234,34.79582547037355,12.653391698348148,25.12766161558029,47.203157524908846,-0.0257471689070605,82.15387130279001,42.09987544985,4388.896484375,3.327161321920192,1.209911674194808,1.985843970898381,-0.64807821226611,4756.052136315594,0.5034853824619256,8.261585978366739,2.6155067615194145,2469.2459374488603,3.327061698462322,11.069339545374987,combination
1.604091437315298,0.1813860203731268,0.6736858949148355,0.0671221764321023,0.0776630093911068,35.76408504799846,13.52023938646558,26.245309008263792,51.6941120299796,-0.0365869880692236,82.15387130279001,42.09987544985,4510.13671875,3.113840979176303,1.1771551094722084,1.941186709647806,-0.322884480839994,4720.686559597965,0.4461466932961833,12.39541108492434,3.197636334514851,2308.762943511084,3.1136260269823124,9.69466703590166,combination
1.7365407896329346,0.1938425643778334,0.7359657019475407,0.0341763593705066,0.035839523439393,41.26866902318008,13.744447092683725,29.455267352172022,68.40480295560377,-0.0286691191597021,102.28011020955,51.15027322659,5164.833984375,3.72152279983803,1.2394456724024598,2.143066734772568,0.8597580624374813,4354.41980694378,0.305817150839075,11.796185676484177,3.098260027747562,1865.889964955314,3.7214123705014064,13.848910031320898,combination
1.7940446901484326,0.1856811238993941,0.7461496602268349,0.0390447951120748,0.0289890066693137,39.86969404613456,13.467227908908889,28.511147747583717,63.83384658786372,-0.0246502539348193,102.28011020955,51.15027322659,5164.833984375,3.7981293234632862,1.282936186252202,2.1170762045782947,0.6846526671761232,4326.909465745334,0.2883511372826071,9.570369207247596,2.943548679475484,1773.843777474506,3.798049331266332,14.425178722732632,combination
1.68613821434709,0.2205347053117922,0.6497327376031057,0.0793997911583969,0.0502581380265614,41.88262307822559,14.54923365409288,30.33575349361056,84.30126327783167,-0.022498393092207,102.28011020955,51.15027322659,5140.5859375,3.515667865585539,1.2212767364416242,2.0850413303436595,1.1265943584604616,4459.984887450879,0.4389745900737047,17.61333920244697,3.562860163662838,2126.232842175114,3.5155958760100754,12.359414363419049,combination
1.7031251968993557,0.207892219715769,0.6944556324784834,0.048223677177228,0.0493420111256982,42.06393005780481,14.031862587174889,30.03318447740203,76.66818355938797,-0.0258200395797167,102.28011020955,51.15027322659,5140.5859375,3.6452946220654496,1.2160127015307085,2.140356227893248,1.3123128890311897,4405.8158837410665,0.3789610389939112,14.836162675216125,3.371810589171162,2062.1706012696754,3.64520317776875,13.287506207215394,combination
1.7527673078458106,0.1996739000603813,0.6872411109363705,0.0615822551702219,0.0514785233906555,37.43670561930964,13.740518380426147,27.096015922164792,45.2473052483829,-0.0256542885668554,80.74170205962,47.49301088124,5213.330078125,3.456420607019854,1.2686215332137394,1.971979162064513,-0.4309330267973456,4495.764206052074,0.3893549328416484,13.528614851370572,3.066390135050505,2042.2686223495443,3.4563253999167416,11.946185270109623,combination
1.6614490272782958,0.1935844416730805,0.7168046819473868,0.0455778899995102,0.0439026762661962,38.80350099297274,14.992232757651747,28.585295185998405,54.83640365483917,-0.0242755355518408,80.74170205962,47.49301088124,5213.330078125,3.1678410847110468,1.2239362342547628,1.9066736521555816,-0.8267706397563034,4396.028688942869,0.3501358401535714,13.256928758510448,3.221337000912331,1957.346718408184,3.1677480702159597,10.034627836356934,combination
1.803681010274868,0.1958619508046983,0.7117187015366008,0.0557093921215557,0.0366075157867308,39.82884368298848,13.368839401743234,28.358824501232103,68.47982132559497,-0.0308945442561279,102.28011020955,51.15027322659,5164.833984375,3.826081807813493,1.284252026840465,2.1212630093779303,0.4613050208940599,4425.092936856226,0.3290142255719609,17.96580178420338,3.7103472828182102,1911.4593527819472,3.8259570733630257,14.637947527216568,combination
1.9454897670841065,0.1718658522237667,0.7506008086198906,0.0400415142807426,0.037382162591743,37.24111166066032,12.462366881083687,26.29172051788988,55.78688143190993,-0.0307265071045166,102.28011020955,51.15027322659,5164.833984375,4.104378703874439,1.373489429979144,2.1096891761225085,0.3397623047924579,4468.281290586851,0.3133704942509163,15.056708765664066,3.526451003073447,1839.1696516225293,4.104263688724102,16.844980426579173,combination
1.70156132612271,0.2371098402460324,0.6015725756452855,0.0719962239497042,0.0892634448251854,34.06004799728084,12.956804998921871,25.057249950875544,50.2199627058074,-0.0239184752093115,84.8034939213,42.6364474554,5164.833984375,3.290660580208451,1.2518023303667645,1.93390654200326,0.2076048518802329,4635.593309311385,0.4847418091002987,7.197025992863011,2.4280837767704875,2444.1122792880574,3.290573652219546,10.827874960681482,combination
1.690692279502417,0.211685074696246,0.6542176545918761,0.0610691472819276,0.0729787539029121,34.18530207528423,13.103706165216137,25.218336874376817,48.36463982060537,-0.0222746997736572,84.8034939213,42.6364474554,5116.337890625,3.253770110366081,1.247215758442161,1.9245194112577888,0.0274936186297415,4588.3238008274775,0.4503295072578724,10.109034921085875,2.8703736583882047,2298.700772514113,3.253693865264785,10.586523768861696,combination
1.8595863210944483,0.2085882156974387,0.7236840297395223,0.0367140653829424,0.0309363701857479,38.45818210428786,13.208454331274847,27.506264509671063,60.18904002117382,-0.0208204238078271,102.28011020955,51.15027322659,5164.833984375,3.872540415684891,1.3300231687468933,2.082474135110722,0.5553194311543268,4285.689113514783,0.3122305418966878,8.216589557289728,2.686235875490848,1819.4959449608752,3.872484445554994,14.99613578106537,combination
1.7913596160460643,0.1953670828265834,0.736862503181643,0.0450632710907171,0.0226749430021889,39.18049761566776,13.975635610840747,28.553883189289603,71.38024800241438,-0.023079072334707,102.28011020955,51.15027322659,5164.833984375,3.659960423332252,1.305503409587521,2.043118752118914,0.8716597600091848,4267.937889499302,0.2793041201331629,8.766374071611972,2.815345791455829,1699.6614559137038,3.659887656305664,13.394777656778569,combination
1.784760471168159,0.2134871170681354,0.6826302525042885,0.067668120004983,0.0362010022340003,39.003170271586406,13.888551390208493,28.659461060963096,82.77422387086436,-0.0303622609039892,102.28011020955,51.15027322659,5140.5859375,3.682909166657312,1.3114388617751078,2.0635313400048463,0.6017032632476802,4362.984860852321,0.3662875331103822,8.114779807850248,2.6027357520801924,1900.9028004121865,3.682784009816657,13.562898062961256,combination
1.8825379956960984,0.2235830915087033,0.6985512807569048,0.0476534096960976,0.0302066362901762,38.23773837450253,12.760012423171254,27.170911473516565,65.50099329586962,-0.027167649907749,102.28011020955,51.15027322659,5140.5859375,4.008638199576109,1.3376908625092152,2.129379703751398,0.9372763495189644,4226.038426701654,0.3256820335968008,6.53990581252029,2.474951382310857,1800.3404000633502,4.008546137179822,16.068442133899275,combination
1.8137923704293943,0.2014971058366778,0.6100293843423072,0.1127409111934772,0.0756725537337497,31.302329481700703,11.80512607927168,22.61310175962977,35.75011209499294,-0.0126036511869726,79.86016086125,41.01547144336,4655.625,3.4743780937145616,1.3103009303936175,1.9155324227612904,0.2949132795705866,4749.368477627442,0.4861484115280157,6.182710041241011,2.4449724980102507,2319.0229110677506,3.474355233141883,12.071144286060388,combination
1.7548632510825928,0.180527581713363,0.7026716898257277,0.0667075656368097,0.0500580790288557,32.250318831641046,12.207402396535684,23.37246017207161,36.853087677852805,-0.0224480176676416,73.38793136164,41.01547144336,4340.400390625,3.35988526559915,1.2717849909477297,1.9146137247596944,-0.6957109731932747,4511.694884637638,0.3951717543647545,14.767041831907662,3.4670335770128986,2069.4667673068184,3.3598102750740355,11.288325084493064,combination
1.896094700058594,0.1865555172384427,0.738885948424767,0.0514044386481931,0.0230991183949845,38.29580228379896,12.60372849842238,26.97664479786233,61.77841415809466,-0.0379315144913378,102.28011020955,51.15027322659,5164.833984375,4.058344578986491,1.3356626621249592,2.1403701929344976,0.0244052213555877,4342.100533459489,0.2945440231950834,11.077415013400964,3.066981934906487,1725.6536631119016,4.0581673107447696,16.46872192199743,combination
1.9369478095817825,0.1736623170766293,0.7565700958570211,0.0482038770298022,0.0215258368998716,37.190925812918,12.54904450636081,26.40766724511496,60.21989208044001,-0.0266405818096337,102.28011020955,51.15027322659,5164.833984375,4.07602931049158,1.3753428318480667,2.1043568083394355,0.0609358546479138,4356.715345281082,0.2818564193033253,10.976137768657866,3.0825137355950587,1646.559554501461,4.075942249270383,16.613305219387307,combination
1.7298832267811814,0.2525467558672231,0.6002101999670671,0.0732480986553238,0.0739777894971231,34.28378728728523,12.451684791590932,24.747729938423912,47.54671104832863,-0.0198418224693847,84.21526127637,42.81068292139,5213.330078125,3.4381438044674555,1.248715101475009,1.9875005152023235,0.2931691809763452,4504.860754639956,0.4610621728930297,12.73561209789061,3.061794998495084,2322.1818998434574,3.438086549561986,11.820439122279042,combination
1.787650803580166,0.2416075691077808,0.6555234948930301,0.0527211891135075,0.0501269698609155,32.806168297321314,12.273746147766976,23.948012014232397,44.34408003444331,-0.0223407804951562,84.21526127637,42.81068292139,5213.330078125,3.4879882968069014,1.3049583399499167,1.9511575134368715,0.5337362341350567,4319.267667854736,0.3899584575433191,7.570814956760531,2.615630570242728,2077.618076391781,3.487916749033551,12.165563248188777,combination
1.9105345037888184,0.2062828720425219,0.7016520715681467,0.0444746195442739,0.0474416970791091,36.885364198540586,13.243991987569643,26.76205893249424,53.71348723256971,-0.0213972243539843,100.55082608809,51.12983698296,5189.08203125,3.860606154922829,1.386182245829174,2.0206942859533736,0.4456554234833441,4432.253693102876,0.3595611248468436,14.646548416337176,3.298754614693634,2014.6384236136669,3.860546857922848,14.903822042217977,combination
1.7073994451627734,0.2088025723708884,0.719465011379112,0.0448524069843323,0.0267890109017521,41.18286243749223,14.472832249161902,29.94603115739304,70.73981307519537,-0.0218611854970214,100.55082608809,51.12983698296,5164.833984375,3.5328148701454647,1.2415318886725126,2.069120310513318,0.3760478599344021,4265.434729116743,0.3068661073286289,8.977290675134592,2.8180748970935108,1786.7432352973356,3.532747230596831,12.48030299528958,combination
1.7368818100618015,0.213780877685886,0.7010339063675839,0.0589149363465371,0.0262442347777689,41.079073090685846,13.92447001972141,29.44948408710088,82.52659935074117,-0.0364029479463623,102.28011020955,51.15027322659,5261.826171875,3.673408981034481,1.2451661972428407,2.114944701334499,0.3029910687556612,4271.977501576199,0.3345041140217217,7.060630676921445,2.538877865159328,1821.5900964222967,3.673228602649936,13.4926083673256,combination
1.903380845813076,0.20824944467485,0.7300784024143128,0.0366526838069654,0.0249954822698959,38.50187572595731,12.612634930478029,26.873378146631453,61.819152124701134,-0.0283099899806738,102.28011020955,51.15027322659,4461.640625,4.055478772559016,1.3285137999680716,2.13067121142885,0.7594994017168812,4200.494265873134,0.2923406340586176,5.953013035921558,2.4296421699983117,1709.9585609333412,4.055379959898219,16.44610661914408,combination
1.7571153294420507,0.2050286790154274,0.620184401089634,0.094865521191138,0.0799071444849346,31.256271963185217,11.123086378930957,22.16368211324877,36.28788955556058,-0.0135707295526269,76.84699341053,38.94414559807,4534.384765625,3.5011996015635494,1.245962590930225,1.9925838349354732,0.4922819169874338,4726.054892518036,0.4765008693021539,12.69474270827228,3.1741383917964097,2334.172320263738,3.501173301236054,12.258214485288168,combination
1.7764118633823047,0.1948171954274829,0.6746255506951212,0.0752051737372228,0.0552723856656295,29.689987461370748,11.116908321365498,21.33674548890516,35.48619785559844,-0.0183201351778613,72.18971422362,37.90284781246,4534.384765625,3.4094774119540787,1.2766205395598398,1.91930569832066,-0.6384827649698989,4534.700855390831,0.4254008155699167,13.386948433380269,3.3646800710701137,2148.9937838695982,3.409428191833954,11.62420059527215,combination
1.9538928285289008,0.2044743710716747,0.7273532086700589,0.0422061580122179,0.0259081020633734,36.850467700854026,12.575669860807157,26.17864832694093,59.2579201701322,-0.0272112830090478,102.28011020955,51.15027322659,5213.330078125,4.067399493843501,1.388049498905127,2.081690169724341,0.1871578705483002,4271.425172251507,0.3002616005621593,5.72443942142794,2.425776672033924,1769.0300012579266,4.067308469810886,16.54299818859537,combination
1.745080329312822,0.1896723818210181,0.7293851672677214,0.0588182139953571,0.0220606125933416,41.08297400211423,13.57802889587118,29.3111281855615,75.36886515167107,-0.0285112535394824,102.28011020955,51.15027322659,4388.896484375,3.767135393425464,1.2450479661953804,2.1587174699911302,0.5594018101458904,4304.519863730542,0.2849467812863487,6.925977771484323,2.596729833682309,1686.2952887587055,3.7670274993448656,14.190496180820432,combination
1.6704096146840284,0.2743906727448111,0.6163252810424873,0.0530459611423215,0.056180664094702,42.49325403458018,14.84859893927244,30.609161090485955,66.5759114380276,-0.017739959004956,98.58326534518,51.12983698296,4025.17578125,3.4434115428714844,1.2032459773815285,2.061417458688918,0.5702017264319362,4215.540652336427,0.4111357669724836,2.4910263114236546,1.762829293084336,2161.293920322273,3.443365845714782,11.856768347435075,combination
1.816871905762163,0.2542497791164005,0.6693534720219226,0.0403873049765793,0.0359822107093574,38.69173598933972,13.993748442373692,28.141685069158164,56.54905883410392,-0.017815401583706,98.58326534518,51.12983698296,4025.17578125,3.653762763673569,1.3214666045753851,2.011018361881073,0.4990737929472537,4096.369077799658,0.3338229737221397,3.7057512960430072,2.025167055609601,1911.0302732107148,3.653719330309039,13.34966494467393,combination
1.6917612428178517,0.2176062108234316,0.6512056171375736,0.0593348440150129,0.0716817989559115,40.57166199823308,15.542914752600613,30.222844505999262,63.01906258254995,-0.0245017531485937,90.60384857958,51.12983698296,5140.5859375,3.2895912894590795,1.260235210112584,1.9444772738615477,0.0885214163858293,4554.545850232645,0.4283497298977581,7.189231256063769,2.5446034111772184,2277.118688750574,3.2895000403978862,10.820810515777694,combination
1.669650241703374,0.204010714341774,0.7081171446458838,0.0565864141769031,0.0312638323935736,42.3167280037047,15.109964521192326,30.62308243120274,61.03215446203703,-0.0204940536873193,90.60384857958,51.12983698296,5116.337890625,3.383848910515201,1.2082653691581198,2.026681292881439,-0.4692386186380299,4296.655797055592,0.3360271596931822,7.4394823529078575,2.630241294571712,1829.635825878319,3.3837868495161416,11.450013442958374,combination
1.8444972766864112,0.200077874936303,0.7256283916662771,0.0495566953784971,0.0247003220273307,39.18293691087947,12.946522769072477,27.731281511285324,68.37800803894834,-0.0248405392648388,102.28011020955,51.15027322659,4437.392578125,3.950888909629172,1.305422136756362,2.1419868489731986,0.1775587491970969,4266.148748890373,0.3148807486259137,4.802081752339687,2.293236493851182,1757.1160628036312,3.950810818533308,15.608906123839825,combination
1.7260295482671972,0.1900839830695497,0.7387348793192589,0.0453117887753391,0.0258341405938753,41.05944897309848,13.856344516032523,29.63464517623177,82.97042371584077,-0.0285253156741894,102.28011020955,51.15027322659,4437.392578125,3.691469504630635,1.2457613169651371,2.1387058572297275,0.5813584689389576,4286.249238948627,0.3000752121354118,5.230425650089051,2.3731485944738,1720.6820474787562,3.691359290286389,13.626133409983638,combination
1.6324700284075684,0.2454853268307794,0.5670436531396229,0.1034261750158217,0.0840079043771071,32.94732104807929,13.025103084081174,24.64038011125884,50.09134995512627,-0.023029866770205,75.26608274213001,40.2246820202,5189.08203125,3.0882428922471408,1.220878685751143,1.891760852270985,0.4565802805461153,4623.80591751463,0.5193736229000623,5.8166770703690425,2.2782500637762944,2470.7280396529936,3.0881570210647533,9.53671378675153,combination
1.7941539896701757,0.2389243800856587,0.6333241950623737,0.0697803566930548,0.0578805771723441,30.070772648385816,11.95482261146994,22.419860419893286,43.44705682845451,-0.0185327341746386,75.26608274213001,40.2246820202,4461.640625,3.364724289727797,1.3376670593251032,1.8753821071659205,0.1321918838826564,4393.296455731408,0.4369272463960894,15.220839716370303,3.4330489644748687,2234.242080615229,3.364673250651278,11.321026083648238,combination
1.718463896481333,0.2076784136443216,0.7092616015997424,0.0401461584795257,0.042766072653692,41.49501925389037,13.900884381024095,29.765113675837775,73.50115516257452,-0.0217267468455029,102.28011020955,51.15027322659,5189.08203125,3.679641656211063,1.2326846485748866,2.141238849268448,1.0501569933741055,4367.301451941615,0.3368373340366219,9.296205510267018,2.7608728900067585,1980.437693563534,3.679577511969982,13.539290666595203,combination
1.6750011642300198,0.1918745810868625,0.7117269127290494,0.063328687059647,0.0329503758676514,43.32248927279899,13.833485280844828,30.53745532774196,73.76352442386691,-0.0222848951189941,102.28011020955,51.15027322659,4461.640625,3.697569498079965,1.180686384489588,2.2075026436054443,0.8416908878422235,4376.618160255916,0.3391744003631776,8.505685249027572,2.739515590741698,1856.7162096772493,3.697502343012221,13.671523576580864,combination
1.799972051987051,0.2446703692890357,0.6689610559263256,0.0479832223016689,0.0383553978490276,40.00684975425319,13.39073836312753,28.405906039772127,67.13975398642073,-0.0145010749076367,101.75539564365,51.12983698296,5261.826171875,3.818298558035463,1.27802707028999,2.1213099135735534,0.5163855626892269,4207.250892891897,0.3721760512492624,4.621183236886033,2.1609704746506,1952.154611466106,3.818271021957742,14.57919359712222,combination
1.7192289676361423,0.2307657146915268,0.696183050968208,0.0377371939453654,0.0353096484922735,40.812184597017406,14.29909137064519,29.73998108772043,80.00660091311558,-0.0066297801216601,101.75539564365,51.12983698296,5189.08203125,3.57574028010795,1.2528081377613052,2.079851111992617,0.8903410476983972,4189.8460219507415,0.3283293696335269,6.245330144191332,2.372570307689064,1869.0446693786996,3.575734133964943,12.78587459680202,combination
1.673032259975757,0.2223252644423649,0.5968991105873439,0.0823539355787064,0.098114131630899,36.50343692645266,13.993556483104769,27.108746152711483,56.687211643266544,-0.0235220266012353,84.01047201533001,45.35380684098,5189.08203125,3.241049328363256,1.2424530581150242,1.937230623640348,-0.4653558288662564,4729.260689064339,0.5004902235529499,13.05226158235195,3.094162071745024,2556.577992473983,3.240963971282076,10.503847463148483,combination
1.7510340604793702,0.2330207446093671,0.6669779323082856,0.0617791500104242,0.0381769070191538,35.46582086961974,13.04811055157186,25.901156273661385,49.68404804132543,-0.029027370199497,84.01047201533001,45.35380684098,4413.14453125,3.475890755348971,1.2788032457421667,1.985050338996488,-0.5020055550787762,4249.889860175202,0.377616389937863,9.654882163862272,3.0106327619139344,2010.325800146506,3.475769548589167,12.080973954899742,combination
1.8234207664077835,0.2004571517285784,0.7264997272883704,0.0474721077727318,0.0254568647370411,39.11788394071802,13.124408123465628,28.05182115335794,69.7285578294984,-0.0292056622313085,102.28011020955,51.15027322659,5237.578125,3.8973394263118415,1.3075930514060194,2.1373779975039806,0.3641536659406206,4274.35044168108,0.3134131188923794,8.564920128925054,2.64761108889515,1771.451707493885,3.897229994903861,15.188401633178346,combination
1.7049034298952492,0.183135266747156,0.7347400499852603,0.0535144637994561,0.028503978193224,41.372812484929455,13.996907639034225,30.001859536251107,83.9674743856934,-0.0280501351861669,102.28011020955,51.15027322659,5237.578125,3.654398138910584,1.2363257452033771,2.143463421347632,0.7249467284809674,4352.665407269828,0.3205930648419454,8.901537352678957,2.8098681569905484,1757.3048479825077,3.654290484839591,13.353838947589177,combination
1.6224228093402442,0.255093386638535,0.5772431974658355,0.0804177236106294,0.087199647784065,35.3638173652814,13.80271983367411,26.34710963594789,56.1353373603805,-0.0149028280720312,82.7231076588,42.74615163355,5189.08203125,3.096936846407865,1.20875388513674,1.9088346321186336,0.0799022620417935,4545.552006725988,0.4911691361134808,6.5190480628619,2.3736227473741427,2444.538512449583,3.0969009891105896,9.59079573635415,combination
1.7668079516309472,0.2538100169229031,0.6317061041404987,0.0633769488419134,0.0510601042774619,32.590849472186115,12.747092782006236,24.19400002931324,47.50030897947753,-0.0123383102548144,82.7231076588,42.74615163355,4388.896484375,3.3534039772496484,1.311599799509083,1.898001406521919,-0.2894002852520589,4264.854232471263,0.4204928500504134,9.860489732864222,2.8166146401375483,2142.1769690470437,3.3533812787593686,11.245166000733818,combination
1.7016931148235692,0.2257091878537703,0.6731428242304381,0.0454947925802257,0.0555840846587134,41.09088567712253,14.35117280112985,30.05845929622465,84.89432648268209,-0.0207715278246142,102.28011020955,51.15027322659,5164.833984375,3.5641876754883057,1.2448082435728094,2.0944949735298417,0.6956985309497664,4392.267052626765,0.3879407293007518,22.920941496898884,3.8951255378028025,2159.110239623195,3.5641271483681054,12.703002329734565,combination
1.6754145493429493,0.2060529252515452,0.7049144669194913,0.0630721535128608,0.0259334192202821,42.4809265988908,14.20349756445999,30.529920637641418,84.73568730596243,-0.0281080060500195,102.28011020955,51.15027322659,5140.5859375,3.601244904253603,1.2040762130627716,2.149464982064236,0.5024346350700619,4286.066252062637,0.3195227067339667,12.90849234825064,3.2471691513151466,1806.5285493384024,3.6011352099592755,12.968174800408434,combination
1.846171033191475,0.2330634744431086,0.6967479642314202,0.039553549257942,0.030586530090397,38.64647872714107,13.217041350613895,27.70614006339735,68.44522406736431,-0.0175067341547949,102.28011020955,51.15027322659,5189.08203125,3.870024453257401,1.3235429180425595,2.0962437302286623,0.5177469444961548,4192.581215692598,0.3305950203806482,27.46332641531589,4.084029780559803,1879.8782205360344,3.8699848556640983,14.976782783069474,combination
1.7239622351921828,0.2102159172970062,0.710384493125049,0.040643917256906,0.0387004388789875,40.65836204762735,14.132936284144613,29.670181969437344,81.98654561511388,-0.0181062948791845,102.28011020955,51.15027322659,5189.08203125,3.6192247809094154,1.258050512872909,2.09936430568385,0.9859343628132896,4303.963035552972,0.3418005403727732,21.579261036064963,3.6621546320619753,1903.061667224948,3.619179489447097,13.098460176834546,combination
1.6259840616515089,0.213242881713729,0.5816480683087997,0.0837690436131153,0.1212797992446859,36.38745716644268,13.891303102066235,26.910666025678506,52.84895517174204,-0.0257104150592138,79.18461600518,43.75631404618,5140.5859375,3.149907083927321,1.202510904953618,1.9372312178312288,-0.3162308827920067,4941.106487711849,0.5316004781017372,18.771327048575152,3.524327063690772,2629.216387176872,3.1498021544111308,9.921253611933,combination
1.809035955107764,0.2262931630418195,0.6602942669242731,0.0643618577649786,0.0489932336063937,33.00198945835905,12.636522536145964,24.18764199939489,43.182474514471146,-0.0161958657676367,79.18461600518,43.75631404618,4461.640625,3.462686345948252,1.3258689783350923,1.9141058728940412,-0.322744246335535,4375.103618233396,0.4062896502265664,11.74694908637342,3.187077854102332,2090.4697370749554,3.462648469646969,11.989934424348496,combination
1.8194614567678955,0.2339145707445485,0.6673208047922679,0.0556854538724968,0.0429676034921943,39.27444003211653,12.9943971968547,28.1128644062918,70.97028733611724,-0.0149420764306494,102.28011020955,51.15027322659,5237.578125,3.9363329019195255,1.3023807133790335,2.163460449946577,1.186584236333516,4339.853820627631,0.3754927194868347,13.3148991668731,3.042882505225037,2070.612083643386,3.9363045422180094,15.494493449086134,combination
1.75554735608333,0.2325402030022984,0.6580069844959651,0.0678487175168156,0.0414701673702186,40.73642555261229,13.32728045520273,29.136367668661208,75.76316793876622,-0.0214628853546972,102.28011020955,51.15027322659,4704.12109375,3.8380128187834335,1.2556397016357737,2.186220044411753,1.231215475411546,4327.151085739036,0.3806640197187713,10.443222518359027,2.8765686686217222,2052.303105926266,3.837952806080114,14.729881741698216,combination
1.7154065978575148,0.2733847683698552,0.5906602591551133,0.0705112036576076,0.065406685225251,33.89107643110491,12.76286361990576,25.01311515156245,52.100399358096304,-0.0215609243908056,84.28377228243,42.90766276396,4728.369140625,3.3619150091863808,1.2660460298799996,1.9598356525999725,0.274691888085267,4305.968511989741,0.4602757001264171,6.505806586797489,2.296259933033632,2299.027293185952,3.361845870281991,11.302007655532078,combination
1.6251524952624172,0.2401720712629584,0.6551293675784359,0.0533828730325025,0.0512653223633707,35.38223058021601,13.291286852370336,26.402237875548774,61.6783350933123,-0.016909709615581,84.28377228243,42.90766276396,4388.896484375,3.228254964364714,1.212689591931828,1.9864320263948156,0.5021576550807643,4281.061424409953,0.4065667142216307,7.526705555233162,2.499489778469212,2078.4929346942986,3.2282106772430668,10.42134417666614,combination
1.6760051316954492,0.2008402057142898,0.6279392996894805,0.0762683799079144,0.0947033949266517,41.67435156794806,14.685271555946162,30.519162656051247,75.83917766361932,-0.0151205351600781,102.28011020955,51.15027322659,5237.578125,3.4831002635343795,1.2273801823452946,2.078215751052546,1.1865331515088535,4776.756674386736,0.4859328270425515,10.684226071492072,2.776141209386783,2478.7936697785053,3.483067443396658,12.131758815249736,combination
1.803334036931924,0.2025099816491659,0.7078459066028931,0.0576437904859163,0.0319283584721382,39.38630601316155,13.766510568757564,28.36428092579774,62.42112830176528,-0.013870523310166,102.28011020955,51.15027322659,5286.07421875,3.715558345095314,1.298681658785095,2.060382751615294,0.7518217106067928,4328.040819046868,0.3292135544064196,15.557390672554082,3.551542361408133,1863.797637731714,3.715532455031248,13.805181424390527,combination
1.77603463976458,0.2336578997009825,0.6813902818500007,0.0527201221172643,0.0321845005097264,40.25950387075952,13.44471502536647,28.8002677883412,73.8128980394666,-0.0188445599280468,102.28011020955,51.15027322659,5189.08203125,3.804489208591148,1.2705142465439183,2.1421255663658942,0.6214696513661472,4191.188226461548,0.354603141508998,5.155669974756206,2.1958531418743337,1916.230571144101,3.804442537461648,14.47378302084762,combination
1.711961465358833,0.1991758847933076,0.6997986118527715,0.0607196080984412,0.0402590759300846,41.022868563207126,14.224705491114484,29.87816855788207,85.33714790387086,-0.0215326036563427,102.28011020955,51.15027322659,5189.08203125,3.595875728923964,1.2468721719881386,2.1004419793819693,0.8989448446850198,4375.508377348832,0.3810792182334691,7.468589912303015,2.55434160563804,1935.030077735198,3.5958112582342565,12.929858604844226,combination
1.655395592542456,0.2335596119666069,0.5605888190278775,0.0980019760071948,0.1077584078320246,32.643951704807456,12.918376901580002,24.321047121114297,45.61245822609552,-0.0194170441966161,78.70762992000999,40.26095421031,5140.5859375,3.1165644505530583,1.2333357975278707,1.8826705015968128,-0.1235262422242825,4809.285402090576,0.5457035314295575,14.734416481447829,3.1980140303044093,2635.3231990653453,3.1165039632328,9.71259695284575,combination
1.572294808021377,0.2352772355495386,0.6424223832256606,0.0689854437957217,0.0532160128758833,34.73249316947037,12.774098054796829,25.60649186457315,54.54051436853764,-0.0117319953001855,78.70762992000999,40.26095421031,4461.640625,3.151764925993465,1.159172594200612,2.0045635906918378,-0.4266669414012959,4373.098373411999,0.430358170696882,7.378689534779015,2.5929350004219613,2150.2618429688587,3.1517430905784294,9.93348450900887,combination
1.7246470325910792,0.2380037732951538,0.6259241225009243,0.0798122584576302,0.0561051599749598,42.00741125776987,13.517645230074011,29.658400971323815,71.71077146457739,-0.0198269238698486,102.28011020955,51.15027322659,5237.578125,3.783963283249293,1.2176487837519154,2.1940508473576377,0.9032935432079066,4414.950465772901,0.4390155456225243,7.289731097724095,2.5322448197359577,2280.2286077981994,3.783911339086663,14.317985022068624,combination
1.811411525412632,0.1992400077717841,0.6831740919162416,0.0835040252386355,0.0339458876831881,40.18990039019029,13.219659749798256,28.237798263394723,64.43942180783566,-0.0317222872277587,102.28011020955,51.15027322659,4388.896484375,3.869257923024124,1.2727146056593603,2.1360457680331493,0.9289834780942486,4391.566322837627,0.343674633280117,13.502787236608238,3.296101062539905,1959.1516407550864,3.869127882530893,14.970150571377992,combination
1.7012811068174707,0.2661875067320574,0.6136283083740904,0.067345233593272,0.052827091823621,39.46371724920617,13.99600448672033,28.568883907781306,60.72331977456486,-0.0123593736894433,94.26808396082,48.60370243517,4728.369140625,3.4726841136187185,1.2316047707378015,2.0412171155623726,0.3607756997928885,4250.951288319966,0.4172377286598558,7.793626278327407,2.448035726403959,2193.2024791787712,3.472662119881781,12.05938219886183,combination
1.6658729635532032,0.2258912063717013,0.64922981487749,0.0586076164163445,0.0661670577622854,39.54038385679305,14.556699550979138,29.176115765455087,67.13995162842336,-0.0117846777007031,94.26808396082,48.60370243517,4388.896484375,3.338923240460832,1.2292167575105588,2.004308439785899,0.6988223964373267,4444.444203832578,0.4423358776961479,8.168722588459026,2.674244692043608,2227.77184728024,3.33890244347764,11.148269527060956,combination
1.68727477823979,0.206755554517603,0.5976679162877688,0.0783382817318704,0.117045127123127,41.43628883369429,15.016060279190864,30.303207066426967,72.5743268571156,-0.0207302046760107,98.39216853116,51.12983698296,5189.08203125,3.405010104668754,1.233938618107694,2.0180531046762584,0.8987514641601222,4932.553900840381,0.5130773823333283,48.17102908611552,5.265749723445492,2642.205144717469,3.404946999809308,11.593664071510409,combination
1.783607258788457,0.2020551745014913,0.7100819692590647,0.0558545129725275,0.031903732697758,39.769178314370485,14.124604865514993,28.666533358745543,62.868945948417576,-0.0154434522585156,98.39216853116,51.12983698296,4437.392578125,3.619912731703576,1.2856649081050884,2.0295458621100577,0.5712510413381806,4329.909064654838,0.3388136664119924,11.501245885525837,2.9994016785505173,1855.691098233088,3.6198797887405023,13.103529684931983,combination
1.7791687454792675,0.245626805652667,0.6402180340417629,0.0777621647193726,0.0363302646628429,40.24583939149221,13.354882131992593,28.749534498376818,77.56084656827278,-0.0202129092257031,102.28011020955,51.15027322659,654.697265625,3.8300804695277546,1.2709456182296186,2.152735921907181,0.3163714341394946,4242.524349172141,0.3954692505938144,4.496761429584766,2.150589404602501,2092.693331305904,3.8300271332405176,14.669107841358578,combination
1.6661183543719238,0.2076684443490863,0.6596634437207819,0.0863520457054472,0.0463116400681276,42.95229603523671,14.137796220063803,30.700263935254533,89.76068467762066,-0.0216268860425781,102.28011020955,51.15027322659,4437.392578125,3.6179806548632767,1.1908623740306672,2.1715027899246366,0.4343981605661217,4451.385386978501,0.4095129472987149,7.2455261069906225,2.53334178518495,2080.265294155758,3.617916015714711,13.089316296765006,combination
1.607619809055327,0.2774114030037267,0.5248961623537703,0.1000278301124849,0.0976594087331055,32.285067018991825,12.187736339787898,23.57070603459198,41.654256394009785,-0.0178854324433837,71.68256329969,37.89273393463,4704.12109375,3.109087108401415,1.1736922804694645,1.9339691454961505,-0.8492613542152136,4566.894426200656,0.5339316917673748,3.4271441286158373,1.9480591823679891,2632.026260883451,3.109035663824747,9.666102758934189,combination
1.5678663459716065,0.2232024298583282,0.6484166090902999,0.0691192188914604,0.0591830319735274,33.06864911007064,12.01929704282062,24.168344471446563,50.497512077295134,-0.0159966650918408,71.77759961162,37.89273393463,4461.640625,3.152658079722236,1.1458809160453505,2.0107951725748245,-0.7930137338234418,4431.252474319109,0.4362772658889144,6.305279351936349,2.4006494833133147,2162.100125322936,3.152617495723805,9.938997074343837,combination
1.683368979833506,0.226798142862356,0.5872499846530478,0.1120012323284164,0.0737995641350325,42.07013595551426,13.987659950024412,30.38565747578944,89.45711262764357,-0.0221392371224902,102.28011020955,51.15027322659,4485.888671875,3.656814178307268,1.2158333236830337,2.172318857074904,0.605942041597191,4627.390752202679,0.4746303804406893,5.062693647220335,2.2210798000694965,2426.760451496222,3.656747159546131,13.371799788848698,combination
1.863642052730415,0.1937043136875207,0.7220022001369767,0.0635164104956059,0.0207566291593627,38.02336697580716,13.262981341035616,27.446404287588344,72.0691987080913,-0.0251004625244384,102.28011020955,51.15027322659,4461.640625,3.856619557197991,1.3452326107557755,2.0693992988340613,0.3239106789064695,4304.055002132123,0.2866510642061757,13.453173897714963,3.3770825097819124,1722.8881948758249,3.856537874278313,14.87288437574309,combination
1.7046183436726807,0.2566840678751331,0.6183857533960788,0.0676341656735152,0.05724485810438,39.07733523330125,13.56761325095076,28.37936058224134,66.15521911502682,-0.012647549218413,95.1542157258,48.37597863019,654.697265625,3.565548172358172,1.237954899979069,2.091698816684109,0.0291641729236182,4334.783142357638,0.4242034962764675,4.090031671047275,2.053138909937557,2249.212873123329,3.5655257408838694,12.712973808905469,combination
1.6162158562122022,0.2161395691951673,0.6327239581751394,0.0697069314006308,0.0812953008361235,40.56766530064376,14.300761696352186,29.93163224098356,76.47536520852321,-0.0109441734311279,95.1542157258,48.37597863019,5189.08203125,3.382755384458274,1.1924762805963678,2.0930096505711626,0.0456741254686109,4614.646522995139,0.4937238012225599,4.108473757909781,2.102273568204952,2364.147295095991,3.3827376806588703,11.442914216149353,combination
1.7207132141013917,0.2266844375390369,0.5460869327119191,0.0898785450307961,0.1371441909368779,40.28578413708447,15.104784507650008,29.714328084393507,58.49651382978127,-0.0138964477663818,92.78529436757,51.12983698296,5286.07421875,3.385009362898534,1.2691781500137962,1.96721297608346,-0.1287588684504789,4996.408484730088,0.5739556932888199,5.86918793552268,2.3039468365301654,2837.402939952289,3.384980838298825,11.458095275650216,combination
1.6979116728397072,0.1897511126354875,0.7249567882943228,0.0491956650059548,0.0360787571009588,41.14492912057065,14.834587587164677,30.11336679101031,59.51643479033649,-0.0123618384327832,92.78529436757,51.12983698296,5213.330078125,3.446663864602414,1.2426765114391054,2.0299429703772343,-0.1852177024470089,4389.917956784924,0.3434905398980964,9.967125715742633,2.921333447492455,1858.0282825407803,3.4466416959856168,11.87933898050661,combination
1.8178766382505864,0.2398418231569426,0.6003939818687198,0.1100545058126774,0.0496574617302162,39.50441909577661,13.03128353186088,28.137373103498327,69.46748794346739,-0.022515140249248,102.28011020955,51.15027322659,4388.896484375,3.925190722888499,1.2947987692865086,2.1592173199749483,0.4567572426566027,4415.104719349083,0.4586956427496514,7.072930817057777,2.5231115681958776,2299.52808099824,3.925126148228805,15.406615279509492,combination
1.8407339898398587,0.1971518168610206,0.672283211826328,0.0784465713606805,0.0520392878432012,39.092188835036346,13.265096900346528,27.787976703271507,69.97052242256059,-0.0214715030261572,102.28011020955,51.15027322659,5261.826171875,3.856004491399817,1.3084525259620818,2.09481897584522,0.629780913424429,4535.662858056909,0.4177321307898406,15.495932594463994,3.384291149995446,2134.768354676257,3.855944710736055,14.86830961225336,combination
1.5324227639499757,0.2578080590057998,0.5584380493290259,0.088901640436781,0.0948131445543893,33.6014973912324,13.466727884938887,25.209530146258707,53.57599712963582,-0.0141139464824072,76.56612754826,38.631657864610006,654.697265625,2.86867442445432,1.1497004855114024,1.8719863029572985,-0.0223376021209148,4573.839714146052,0.5047470833374857,7.487543747892003,2.49794690500521,2566.400875435757,2.8686397037678004,8.229093750033014,combination
1.5939492339610988,0.1941652038959758,0.6574278974896178,0.0677538550156427,0.0806185434087066,32.88022846511161,12.244254959914258,24.236441814779173,52.071897489097175,-0.0137140031778564,76.56612754826,38.631657864610006,4388.896484375,3.155084404162108,1.1749206032920694,1.9794133570499328,-0.5367750832125204,4657.833699745442,0.458047248200805,6.168402667656036,2.416792210615843,2286.011833686161,3.15505459913197,9.954369523503797,combination
1.8530801155386087,0.212413168343785,0.5694908899296496,0.1116601274819275,0.1063942514893025,38.736506444191285,13.118879834344762,27.602839616960043,62.92648130074201,-0.0120480867265478,102.28011020955,51.15027322659,4364.6484375,3.898981763113677,1.3204668650303704,2.104054611789094,0.7073674865304613,4886.528395970371,0.5282229877355439,6.831823337739948,2.482212254911555,2628.674872799343,3.898963148415136,15.20191363269927,combination
1.752477226628965,0.1918435688649789,0.7259060271004381,0.0505184068472166,0.0315426733850425,40.47290344371478,13.645908655644412,29.18741108264316,73.42516362915214,-0.0079980341635351,102.28011020955,51.15027322659,5261.826171875,3.7483962788679897,1.26381526587842,2.138912975250663,0.9655250252768068,4353.951528504049,0.3039833328321338,15.46097976794777,3.522384372910364,1833.600189321105,3.7483877460690898,14.05041069488091,combination
1.7309837764338185,0.2375554594021787,0.590391500353512,0.1029556407213844,0.0689452780100271,41.18365081599119,13.539468323736516,29.549828209233745,79.01347464046698,-0.0123153357510742,101.3595278577,51.15027322659,5286.07421875,3.777864241309732,1.24200434427559,2.182495464569233,0.6271872802150195,4578.927176092287,0.483262547033968,8.834786622704138,2.6859618611116023,2373.847265786585,3.777844168076828,14.272106558272096,combination
1.7940352283804004,0.2020872776910323,0.6379373359396181,0.0828091392891982,0.0770690984796914,39.14935941902171,13.826608549521486,28.511298115793902,78.69997245317803,-0.0178721055642382,101.3595278577,51.15027322659,5189.08203125,3.699408502337344,1.3065417668555095,2.062060122240217,0.8450543131661389,4662.182645453142,0.4820482118071449,10.463127985771484,2.892324413653334,2334.625090014656,3.699365331378956,13.68530385500853,combination
1.5535551055473782,0.2251009285843269,0.5662287061921849,0.0961876535086723,0.1124283017780557,32.087804011109114,13.765516819297993,24.49525070427536,43.03230879295244,0.0119880605561767,66.32912133337,38.05472179329,5189.08203125,2.76449640742444,1.1859559407716116,1.7794646598328416,1.4948190733762194,4833.8521474298805,0.53507867422907,39.782140589432686,4.719403626198892,2694.510788163606,2.764470414576133,7.642296673066736,combination
1.6842791982642336,0.1810663029012552,0.7293589735569627,0.0533406926907937,0.0362008591233177,37.03474357336626,13.751256419749543,27.307606192975385,51.09566670879549,-0.0126389345236962,84.04835485851001,45.99363306522,5213.330078125,3.3446858716970747,1.241904995888687,1.9858262663007449,-0.8901410641267875,4403.728749512947,0.3472902251963444,6.192617306573775,2.488660082207501,1809.713554209295,3.344661991541765,11.186763837664127,combination
1.996385476360728,0.2120166857593302,0.6254567179105223,0.1258309485416636,0.036626235012001,36.19199946286376,12.063349640028974,25.62144126585884,56.9088587161483,-0.0456542072818213,102.28011020955,51.15027322659,5213.330078125,4.240138498254383,1.413303326307649,2.12390770643346,-0.1428155926233107,4511.241266580056,0.4289807812208905,14.2588983242955,3.319784672826283,2123.5287895090246,4.2398927082812365,17.976690177736398,combination
1.803417426231924,0.1904808227879506,0.7049940526863167,0.0713559373228113,0.0330734547577397,39.36384303359184,13.554815932521338,28.36296937280008,73.5125484825164,-0.027274535824541,102.28011020955,51.15027322659,5189.08203125,3.773586707575122,1.2994227515575654,2.092464369416507,0.8873574687286462,4403.835330527142,0.3562125087784588,9.502482348719688,2.8373100808198344,1881.6846072142584,3.7734881395445257,14.239212739283206,combination
1.5858883069156051,0.2427144389456819,0.5363320959029945,0.1155956654060991,0.1052717937218431,33.482059855274244,12.973429737484883,24.95882582982333,53.1189230068131,-0.0120279252450976,78.32582645965,39.58191003786,5189.08203125,3.05099814303489,1.1821826437486904,1.9238417546370443,0.1055983616604892,4791.894079202797,0.5365764303673759,8.588575930740202,2.6001095501491345,2674.6792557505905,3.0509744341466787,9.308444997816649,combination
1.6965221797353565,0.1961453347175151,0.6157266018893957,0.0844502595083814,0.1036044426870063,31.779719937995743,11.975076677306488,23.331206930660024,44.99843277692984,-0.0028310063560986,78.32582645965,39.58191003786,4388.896484375,3.305357544212654,1.245508459957697,1.94831378197971,-0.0890196358687595,4826.025244840718,0.5216125425073767,5.877782803891517,2.3818964420521693,2504.459995584979,3.3053563318478263,10.92538048048652,combination
1.7949677270652198,0.1952763340684457,0.6257846417535501,0.0863983023818404,0.0925150951887331,39.38685864562409,13.657260131292231,28.49648629071506,72.27153652516631,-0.0075764469594384,102.28011020955,51.15027322659,5213.330078125,3.745280732362402,1.298663437132802,2.086544886512223,-0.3339460043191714,4817.583861777838,0.4750498804529263,19.60572161871185,3.73380512108812,2476.5118161104388,3.74527306903736,14.027070361656524,combination
1.7638726077893163,0.1805079418848257,0.7573753745163713,0.0424494987313037,0.0196611197990546,40.57645169355938,13.66115608175792,28.998847762989683,74.1732205758104,-0.0114165736410351,102.28011020955,51.15027322659,5261.826171875,3.7442126362125543,1.260590098239393,2.1227228200483386,-0.313721652448668,4309.931292926098,0.2610563887189151,14.768248820578552,3.4151756625758045,1612.7137458687605,3.744195230890087,14.01899792702007,combination
1.789629582302251,0.2195558926766742,0.5851088814346399,0.1294233121832126,0.0658963345439997,40.82699157628483,13.20579879059431,28.5814862094469,65.18859011815384,-0.0171850702652294,102.28011020955,51.15027322659,5164.833984375,3.873319140908102,1.2528543312092006,2.1643133189189405,0.4446998483448277,4687.812990444245,0.5109161322190301,25.486083526106498,3.925930662136648,2353.9085545458247,3.8732810175205543,15.002305840685064,combination
1.766788337220996,0.2037023148002876,0.6513282904879234,0.0788510753999934,0.0660449069312405,40.02028644128494,13.925152211240349,28.950990986868817,72.83505287253034,-0.0163447684141894,102.28011020955,51.15027322659,4461.640625,3.67322902117376,1.27810862377595,2.0790430544450103,0.6943472265685049,4588.252192062434,0.4578515534288012,6.951711784228845,2.5570368500097,2219.52307736864,3.6731926563329926,13.492344290538629,combination
1.5774368233427638,0.2245646816140197,0.5373055832173567,0.1103005695139561,0.1276851099526744,24.963267151321016,11.581985893354332,19.45541231066557,31.221261924071637,-0.0134201123020117,57.82002146032001,30.68968379216,5189.08203125,2.6497773417052373,1.2293937170213696,1.679799344413721,-0.4601195724762485,4995.318817721304,0.5335849255914858,34.991686816536415,4.738620804347352,2756.256928526026,2.6497433576103697,7.021139861200275,combination
1.714044415169448,0.1769669733434487,0.7015927249984137,0.0510037463720963,0.0702355407764481,32.45519433488642,12.738599541178916,24.39517824095374,45.22541872865652,-0.010420921517749,73.60767501829,41.81441902097,4413.14453125,3.282497333070273,1.2883737065170875,1.9150596705778888,-0.8584823592788425,4638.504328697785,0.4172791969780439,7.442950086419119,2.6567197159792486,2137.867954888151,3.282480791414959,10.774680146008176,combination
2.0293997507461423,0.2215259345773672,0.6149447300156247,0.1020736818375124,0.0613472335977364,35.129181901497645,12.005404662473588,25.20463166893746,57.30979323951939,-0.0135929241496582,102.28011020955,51.15027322659,5213.330078125,4.260603841740977,1.456062181294616,2.09944040851217,-0.0254326180594854,4586.412794168487,0.4717454038402794,9.27773193060731,2.794379981235783,2322.461229887532,4.2605821584228405,18.152560328671036,combination
1.7719319612244335,0.189250611157549,0.7178255292065593,0.0631339546724169,0.0297766415753552,39.30217516913076,13.77163925956005,28.866951071442006,84.47955811112652,-0.0165247244454297,102.28011020955,51.15027322659,5261.826171875,3.7141746354619554,1.30146163682984,2.096115831047712,0.0632007129686727,4376.769087660464,0.3372315544269554,6.684302592822133,2.546977523655174,1814.1235534662144,3.7141378752263567,13.794820156190957,combination
1.5871530530526807,0.2328288600344912,0.4826781227657035,0.1517401393994717,0.1327498900843605,35.58437447066025,13.596188614697809,26.82574099242009,70.9557305193631,-0.0132195125569287,84.21804122109,42.57655671652,5140.5859375,3.1315067717208422,1.1964958594853168,1.9730338959420453,-0.2167711929910379,5116.065382532716,0.5965418746836091,6.178823426246289,2.3102346811791112,2820.480421557469,3.1314788688128243,9.806159905821248,combination
1.7656847752390137,0.2216917481488508,0.5828674871914811,0.0835641312084153,0.1118033410821676,32.28685796713464,12.618728399363851,24.113339659258592,52.35377855909541,-0.0086884897404394,84.21804122109,42.57655671652,4437.392578125,3.374076639819461,1.318696193970297,1.910916765628636,-0.0566219233387371,4790.514678841038,0.5423202118708278,10.754656283315608,2.867735783678767,2613.0237541341644,3.3740654530582863,11.384317681521418,combination
1.5390476946949023,0.2048702078463668,0.5867971568565976,0.0865960659258796,0.1215889604001417,28.269440591558016,12.878173248147204,21.72380028436213,34.1832451027133,-0.0092694130758789,62.7819423525,33.43396474766,5164.833984375,2.596172927901104,1.1826892944476677,1.6868697031613202,-0.6615660285026873,4960.215047749487,0.5176184242135176,14.854361351621474,3.384410490785057,2712.674909577473,2.596156380025637,6.74002794954782,combination
1.7567339813760352,0.1961538556247408,0.736606757354031,0.0425518799216669,0.0246542346883577,40.267948981366345,13.961782451261447,29.11668685689362,74.03889590187723,-0.0109918519263867,102.28011020955,51.15027322659,5189.08203125,3.663591909209885,1.270247790625228,2.085456277415562,-0.220539006210842,4281.103210763867,0.2944640937190037,8.276953577789213,2.745123494494748,1699.7089118415324,3.663575419780431,13.42178485641936,combination
2.0676852967678467,0.2488168988543543,0.5717688290250381,0.1284215236141754,0.0509089602201465,36.4018982077275,10.887172847405804,24.737939234054046,54.68647495299178,-0.0098399029265283,102.28011020955,51.15027322659,5164.833984375,4.698214489979195,1.4051540096810575,2.272209652660066,0.4360363375109564,4519.447701188135,0.48640164918309,7.371944043802232,2.495459061702015,2301.4358108829088,4.698204185660822,22.073122570160876,combination
1.6552085191953028,0.1999919405395624,0.6891827223380486,0.0582488709451813,0.0523594092462631,43.93878028118469,13.890482876693076,30.902615974606785,78.53874740520504,-0.0098203308402246,102.28011020955,51.15027322659,5189.08203125,3.682397054202871,1.164125924735635,2.2247330239655287,1.24485308014291,4491.296517255603,0.407662479618224,7.324603815080806,2.6344780376280004,2082.6982529341444,3.682383959597936,13.559951625904173,combination
1.5274348355209912,0.2197765348676695,0.5367137254025436,0.1124448705852953,0.130984386221372,27.430030151022265,11.729315531767966,20.76729970006244,37.41773990937207,-0.0103524980993798,61.23256820611,31.720697001580003,5140.5859375,2.7043945501906643,1.156422243319985,1.7705465970129095,0.3523891238866429,5068.6929601725415,0.5584413466807162,12.135971496251628,2.90812016610886,2724.520216152181,2.704374735291703,7.313642708884067,combination
1.8147506637574808,0.1761808562576428,0.6691886974293593,0.0690050113687128,0.0855956440116295,34.33273194075294,13.393069066373846,25.21033223390737,40.17868331865513,-0.0101073781835351,77.47116415661,45.75046715503,5140.5859375,3.4159808277175467,1.3325612198289474,1.882341688000645,-0.6067683459954291,4803.900314915566,0.4494795935940021,10.950925302967262,3.0136328925035483,2284.035251273274,3.4159658745719508,11.668822856240112,combination
1.72078400399208,0.2167056888219858,0.6458025266708756,0.0732558498277181,0.0641363359411313,36.3593240759637,14.168554502519934,26.58699002832,40.3217646591513,-0.0157339645308691,74.64638063526,45.75046715503,4364.6484375,3.229014445114574,1.2582870643977282,1.8764786502103232,-0.5382113121942728,4512.801048291132,0.4344926718717975,6.971430105182334,2.589537166078606,2297.6983687364973,3.2289761115744917,10.426286729118722,combination
1.8197582500645653,0.1681601264252412,0.7678413803137855,0.0454347938833771,0.0185414037759075,39.96927304972029,12.972152886181467,28.1082793413769,69.1105169914627,-0.0141243829439404,102.28011020955,51.15027322659,5213.330078125,3.943082823289696,1.279739893266534,2.166816841275369,0.4773899455449156,4328.422963811598,0.2673446654476581,7.630385599474559,2.700289095646435,1590.3696904250123,3.94305752597254,15.547702653128685,combination
1.9986681167882667,0.2196773738258407,0.5327673403743386,0.1488278144678248,0.0986832543932908,36.98462234369351,11.403704097369395,25.592179510415797,58.77813169080491,-0.0069194142547802,102.28011020955,51.15027322659,4364.6484375,4.4854086698364375,1.3830146148649798,2.244198840297811,0.2706575739688551,4935.405930458802,0.564954665097033,8.648308980092517,2.6827103758092004,2590.286669418288,4.485403332717164,20.118843057150244,combination
1.6751872762623634,0.2180831343587786,0.63501015189666,0.0666669574690328,0.0802090857522489,41.8954429185756,14.68493734931624,30.30791369424675,64.58093939969687,-0.0056440554368261,96.18092978298,50.77143139066,4437.392578125,3.457381545657328,1.2118604758358806,2.063877630070921,0.0608433987282648,4564.829669484004,0.4739523587428534,5.225587730292498,2.2983835406992883,2329.372271660772,3.457376938791904,11.95345529689008,combination
1.4920204780962354,0.177526572797486,0.615940506072243,0.0810562981577245,0.1254447723199562,29.435886424634347,12.676276979340948,22.28627156138488,37.78646004899674,-0.0091405111666455,63.91914092319001,33.25157355,4485.888671875,2.623134032507452,1.1296270501360672,1.7581085990552068,0.0002748342852248,5000.902689307069,0.5201016064420635,6.915067166722773,2.597993134266494,2653.941075211978,2.623118107053973,6.880748603554421,combination
1.9177778409613624,0.1689372317164726,0.7513524274832603,0.0408167964349624,0.0388332639865273,37.069402250714695,13.143340271367569,26.6609801671966,54.29034105893257,-0.0084074703020361,101.09964570097,51.12983698296,5213.330078125,3.890170681675575,1.379300282134283,2.0284782723975328,0.3341926102237142,4424.762509954309,0.3216000963082852,16.303555937904967,3.5832924546109792,1816.2151810511784,3.8901615965164384,15.133357247011324,combination
2.10696544984501,0.2105485669596584,0.6525865833534997,0.0975398791104105,0.0392867558672279,36.05658043748239,10.557754731886044,24.276749877579935,50.38256822085072,-0.0110214824278417,102.28011020955,51.15027322659,5213.330078125,4.844805976796213,1.4186113215943534,2.2994235511325547,0.3710915891965963,4475.812005270472,0.3961598586800627,26.101449158361078,4.313585386822778,2086.666132049236,4.844793440356916,23.4720234797254,combination
1.8595378091111037,0.1755597924802005,0.7481475333251116,0.0530604047361381,0.0232193661788235,39.23345107198115,12.737028896120972,27.506982098439217,64.2192421955216,-0.0123687206629785,102.28011020955,51.15027322659,5213.330078125,4.015871648227765,1.3037413693927968,2.159607418871162,0.4373449989562489,4429.599469063927,0.2919647425617696,19.112202489426057,3.922544443108871,1683.303143429389,4.01585260060535,16.127072109788756,combination
1.7976061061805713,0.200621553488016,0.5284104134737149,0.1341497402416658,0.1367766267596706,24.081767388023,10.145802272803524,18.031758604192227,26.38673236672721,-0.0084291707597021,62.30411496827,32.41399937207,5140.5859375,3.194818753659117,1.345997527913629,1.7772629624891778,-0.1003810540451001,5206.946015860177,0.5673366637277039,10.888878775366706,2.9444319770153022,2719.489879014087,3.194807633929201,10.2067958178123,combination
1.8396913438144973,0.1835276315348692,0.6231197587068905,0.0841358524695433,0.1091656078676061,30.58578205786564,11.844065207465407,22.477612496789384,35.610883910660185,-0.0129145154523388,74.8292229643,41.35186913996,5140.5859375,3.491357774178379,1.3519964623342264,1.8977954024283463,-0.6966355642546949,4944.484073452855,0.5007795868446496,13.829464153240462,3.2981945553768,2461.231495168812,3.491333888731703,12.189412322606437,combination
1.837224806662276,0.1975973150403845,0.6821499259849608,0.0602028982373733,0.0600290595533767,30.346612389068785,12.256327617928893,22.50778946049874,37.11058709240688,-0.0085780525690527,78.17278318717001,41.35186913996,5189.08203125,3.373920021480933,1.3626519036060658,1.8364219823541377,-0.2214029518005842,4579.913545608035,0.3955638572948667,13.901120660104317,3.3084349093282435,2135.5693903993683,3.373909116790793,11.383262728364029,combination
1.973874134736372,0.1788391430683511,0.7393835177164222,0.0503304510366102,0.0313563932097849,36.50774126764389,12.41834551781572,25.91364480968872,54.62984140335824,-0.004528690610454,102.28011020955,51.15027322659,5189.08203125,4.1189281739027415,1.4010801942415294,2.086722806392546,1.083395541888373,4420.517836023331,0.2992665746463187,9.267069889585803,2.8562372457083187,1792.3071317387985,4.118925684293312,16.965548792731127,combination
2.104378110482456,0.1962497787476229,0.5984507078374689,0.132410442210668,0.0728545137921026,35.81892104650612,10.8170902233769,24.30659821626026,49.82099977399602,-0.0065260793200536,102.28011020955,51.15027322659,4437.392578125,4.728653655494963,1.4280238413708262,2.247055142771304,0.99002404012739,4824.235188353689,0.5120518898300647,12.23143766345808,3.201842715134356,2366.5292114954223,4.728649152127337,22.36012280391458,combination
1.7199278723546485,0.2159301509997035,0.6658921598026988,0.0617126368813376,0.0563844588974875,40.56980398420865,13.91258356815656,29.19266263350424,69.26672638492309,-0.0073215335585839,99.9874178618,50.20927413161,4437.392578125,3.608910874507172,1.237602088271203,2.098291988004376,0.9195321696632756,4440.746333274751,0.4432803295391291,4.578644981882064,2.1647917759752278,2117.573038881824,3.608903447763943,13.024184095282472,combination
1.5043962990393067,0.1884485814749689,0.5765397533753976,0.0943899936632492,0.1402928514576035,24.219751574167645,10.861893803091384,18.47455658333405,26.25495362328406,-0.0112531980692187,52.19115159377,27.79305455036,5213.330078125,2.558766919857923,1.1475367311365643,1.7008596215584466,-0.2794309728887226,5153.898330971319,0.5418920182597189,9.389923129284256,2.8638067933659976,2727.017966132574,2.558742174524901,6.547161515692418,combination
1.9152350117910792,0.1830405261284085,0.7037165792101826,0.0503060441510605,0.0627925950150081,36.90939282679186,13.663776790102329,26.69637755585132,47.479430165357535,-0.0050464831768701,91.8771120323,51.12983698296,4413.14453125,3.7419988461753184,1.385279818145526,1.953806620669437,-0.3282735526428472,4531.749829239911,0.384896481458562,11.544910426783211,3.1032077486625007,2104.6932533859344,3.741995443314297,14.00252989778496,combination
1.874149956080308,0.2290743207571595,0.6329967187306802,0.0944358962240052,0.0434482566088472,37.55174440439092,13.915027538758128,27.28161469528059,49.141737591572166,-0.0053701563680713,91.8771120323,51.12983698296,4413.14453125,3.674433043020997,1.3615835374343197,1.9605864680678449,-0.5078898291253127,4430.727545352524,0.4071072272385195,12.337810164746143,3.175807602288922,2145.592665893986,3.674429118797248,13.501429349065123,combination
1.8301997018215577,0.1857661633224705,0.7242589668236891,0.0633251814059393,0.0265531848346204,38.9409247149347,13.33972884184006,27.94791911269642,69.54621097094874,-0.016153069131167,102.28011020955,51.15027322659,4388.896484375,3.834431256665216,1.313535145891714,2.0950889964897765,0.7237411172849033,4359.552696958747,0.3205628901822835,7.672883617358595,2.672827293002326,1778.0362429565705,3.834397233001405,14.702602140448832,combination
1.9997112932654104,0.1942902692533149,0.5320502183814653,0.1473937611509696,0.1262423313461837,36.058984505012745,12.077677514979417,25.5788290033931,55.646293554081005,-0.011156078846748,102.28011020955,51.15027322659,4752.6171875,4.2351083776786185,1.4185167421861071,2.117859909048639,0.6759933318347435,5203.256380594405,0.5569811680995289,9.700344802746285,2.8180747659747327,2668.367112708406,4.23509368403916,17.936018512588387,combination
1.7575324026050243,0.1991160525248044,0.616943179473091,0.0825139486662794,0.1013632567885748,29.08580488270806,11.116770494717391,21.427800548667012,42.42682181189078,-0.0055577388152978,70.82232891447,37.66005378084,5140.5859375,3.387679344350572,1.2947915291568726,1.927520277480708,-0.701838100631071,4823.510482917697,0.4973124959916943,14.124931277298828,3.3658598154501487,2463.2492642535717,3.387674785406471,11.47634045167878,combination
1.8022746534059864,0.2069736941686952,0.6740267598848725,0.0504706747192783,0.0684256282150589,27.64143984292758,11.432273155269256,20.575104804914982,33.978729021935,-0.0076147189462988,70.99260662494001,37.08198988107,5189.08203125,3.2436235014187456,1.341536117213442,1.7997387330997858,-0.5396672335713072,4562.477631741497,0.4138558223854438,14.790003568533136,3.3923818663701826,2217.978622178618,3.2436145632629305,10.521035435011372,combination
2.112697522525342,0.1819223877196103,0.7315017360881225,0.0512704455479579,0.035209187323679,33.95313461241678,12.062718914691091,24.210883328650493,46.55615427517579,-0.0036546503523925,102.28011020955,51.15027322659,5164.833984375,4.240360203062883,1.5064963459333784,2.0070834361533736,0.8655029574334281,4422.556186186353,0.3160000724638281,10.208762755179873,2.917332198985867,1816.542230727094,4.240358628141055,17.980641295250294,combination
1.887716254659253,0.1974802025162811,0.6244322119547474,0.1224914629025119,0.0555683846118855,38.07186748489477,12.927803072483012,27.09637801779856,58.2281187333064,-0.0127926237732568,102.28011020955,51.15027322659,4437.392578125,3.956609869426615,1.343518892181587,2.095977009076935,0.7945138081472122,4663.673329168198,0.439644097021033,15.494963278289834,3.579858654658948,2224.920863392366,3.956589188634712,15.654598007621086,combination
1.74802434557104,0.2462164694802506,0.6567922967762719,0.0556445063036774,0.0412935962846506,40.16844332485518,14.310806273558658,29.26176248985844,73.95506583090867,-0.0077694470792236,102.28011020955,51.15027322659,4413.14453125,3.574241188709104,1.2733944607442518,2.0447319270839333,0.6825566289394261,4226.56981627111,0.3964596570492169,3.489012098186059,1.9628089895417855,2002.0344975537937,3.5742327443462254,12.77513971075675,combination
1.8864549853581931,0.1842267469199809,0.5769981579087666,0.1088661361084819,0.1298338169960051,37.34052649922192,13.5544145811488,27.114494447837444,61.75545507908831,-0.0026545479980761,102.28011020955,51.15027322659,5189.08203125,3.773698444913198,1.369832673025,2.000417966080787,0.9341909507284442,5188.363692631131,0.5388420678815389,25.472555700751546,4.335291584164377,2647.9505585223947,3.773697511263352,14.240792906515214,combination
1.8483144134275489,0.1859421067213694,0.6854936238869951,0.0563268120213344,0.072180606352591,34.0634741178297,12.421322983885512,24.304495014820095,36.19405214848091,-0.0021151561832617,80.72344343147,44.92234844697,5140.5859375,3.6165510312588176,1.3187835242987291,1.956675230677998,-0.0803233801269533,4618.565671489254,0.4099580952013185,10.636969098050956,3.0922572649984894,2199.296112170633,3.616550412729448,13.07943688781354,combination
1.739191503208208,0.2089439253911979,0.6706996394121599,0.0723418699940891,0.0479739281989631,36.062162642892886,13.321770571114625,25.829443373029235,40.96389830895452,-0.003633738731665,80.72344343147,44.92234844697,4364.6484375,3.3721004431929185,1.2456920260666418,1.9388896719956128,-0.5594369764311509,4433.763919400318,0.3902058079187219,18.270837336049777,3.9003208620331455,2123.1152887872568,3.372098485353699,11.371048194924713,combination
1.819155666132871,0.1840548670222655,0.7243697736681872,0.0653910207700776,0.0261726691240142,39.23110036519866,13.564884433020476,28.117590033031288,76.73615198407823,-0.0159973884404296,102.28011020955,51.15027322659,5164.833984375,3.770785772570009,1.3038194888860335,2.072821937545278,0.309475159669795,4371.027597035048,0.3252212778262849,9.926507867960302,2.960136895675251,1761.50362635571,3.77075183831812,14.21856942617948,combination
1.8563027102673388,0.208777279866003,0.5121432927693889,0.1632052904826271,0.1158554031881432,39.94816596608608,12.058540043846389,27.554920295959437,63.14596343148074,-0.0090843995580029,102.28011020955,51.15027322659,4704.12109375,4.241829694191925,1.2804160589002742,2.2850958901961795,0.2847151600203949,5139.661874283867,0.5645989130582468,11.054073926020465,2.889691237749387,2656.7639346619385,4.241819966501765,17.993036628213034,combination
1.663947943018916,0.2214384436087167,0.6024529178367806,0.0882978265744651,0.087770428542106,31.204172012628185,11.223888132437455,22.70597214584885,54.117666947733085,-0.0052346460890136,74.57536402113001,37.781555646330006,5140.5859375,3.366173575549091,1.2107853921276932,2.023004138844519,-0.7795597984987854,4706.873281241565,0.5045733319207819,7.39672447183659,2.4814106949046306,2393.0191018175183,3.366169505417883,11.331097139205273,combination
1.7114585184598194,0.1702425963259061,0.6747342406128445,0.0650056037701849,0.0898068469022757,27.88165663910161,12.6101453859777,21.232927838088965,30.619576930920907,-0.0091186737787939,62.2730173849,36.33927522034,5189.08203125,2.8817491082020954,1.303339887249645,1.6837972274054571,-0.9869523660426168,4847.5488699115285,0.4443497664868709,40.19058380853366,4.911266172118991,2369.695815106528,2.881734681127339,8.304394772412088,combination
1.8550362744846485,0.1673313894159419,0.7432038835034115,0.0483722488451699,0.0409969168794006,38.29570979354104,13.510506541541474,27.573732077449627,66.20191069012085,0.0013041751079199,102.28011020955,51.15027322659,5164.833984375,3.785962655753545,1.335665887963696,2.040910308778372,-0.1800591639840498,4487.316090840178,0.3317615643459713,13.493370817414124,3.3574143406573493,1865.8885773056904,3.785962431124709,14.33351152988772,combination
1.724340589876069,0.2034789634451639,0.6782120648318797,0.0825722426914985,0.0357153294194189,41.20803239004915,13.976050171301951,29.66367174031799,76.14673919882651,-0.007199335274956,102.28011020955,51.15027322659,5140.5859375,3.659851860836948,1.241269487036748,2.1224646002794536,-0.400896112378726,4421.37970116113,0.3579787995537857,15.719962475415784,3.592329797002704,2010.4352257473704,3.659844779883878,13.39446381284327,combination
1.7113084285687548,0.2185382618719622,0.678673564369848,0.0607095376142119,0.0419432812738039,40.77083513975441,14.323246333988438,29.88957009308328,78.14667828261457,-0.0142311230003173,102.28011020955,51.15027322659,5286.07421875,3.5711368801367773,1.2545799724547442,2.086787408114084,1.2289058791636391,4346.543019748711,0.3896468813325998,3.3127135796199525,1.9558432104438128,1992.79462578285,3.571108524227622,12.752816091811184,combination
1.7952041166886232,0.1664048365567466,0.5517296592196371,0.1385608688296204,0.1432827971582368,38.88482192521469,13.674755410368276,28.492733918714592,69.30899826051689,-0.011797757510166,102.28011020955,51.15027322659,5140.5859375,3.740489075790531,1.315430306585044,2.083600990560404,1.5284534474728015,5389.962706587276,0.5654850459764942,31.87521868320825,4.733460491559061,2704.091205751081,3.740470470278576,13.991119339026028,combination
1.7229554559837013,0.1957059067289848,0.6583798372870071,0.0663665781663002,0.0795065654003609,34.49669185316576,13.231556054408772,25.48549659827386,50.20105854716408,-0.0056516878062988,81.26097866348,43.91037541245,5140.5859375,3.31861008878234,1.2728865596548602,1.9261148494913456,-0.4394165896779875,4658.96091827371,0.44926626576214,16.80494105529948,3.6624085874188648,2316.433581665079,3.3186052762859384,11.013140979792867,combination
1.607008428333076,0.1870320476252873,0.7139658214694111,0.0515207126572901,0.0474277764324942,37.12291883818679,14.330321721917883,27.324296897432905,55.64081362710664,0.0011522599972851,76.17911169155,43.91037541245,5213.330078125,3.064158381405362,1.1828373626505155,1.906746926389032,-1.3479730581043,4465.576616706366,0.3648533311985875,15.81406545298456,3.692687334907633,2036.4441356200316,3.06415816475482,9.389065258633623,combination
1.7216496522581592,0.1809059350583946,0.7297900821134438,0.0656823925763492,0.023613627219392,41.58598053651588,13.734378826540878,29.71003604566121,83.09069159071635,-0.011481344595542,102.28011020955,51.15027322659,4704.12109375,3.72425093792703,1.2299883895168926,2.163187459796021,0.2957139240872388,4360.480004714866,0.3135490027488374,9.985306254554317,2.9327735004871003,1734.5376811669528,3.7242332401954417,13.86991322737664,combination
1.726099601031587,0.2232571906535311,0.5963083446682221,0.1094488151580779,0.0709304276656983,41.52386445071348,13.398898637757544,29.63344247111843,80.19484380614489,-0.0082440887767334,102.28011020955,51.15027322659,4704.12109375,3.817498333963856,1.2318283450545058,2.2116327074534774,0.4470776480322249,4627.145353043791,0.4689295911394588,11.598674812326095,3.096522106754817,2372.07762434036,3.8174894321814503,14.573225564817054,combination
1.6371235191505713,0.230714650485074,0.6458035708480049,0.0603410360360954,0.0631245516284001,39.10074357803965,14.026829907448228,28.61579327480866,60.48656566353179,-0.0053680369269384,89.19183784203,46.84758818934,5164.833984375,3.339855726379344,1.1981252503763449,2.04007558825631,-0.2490073145671898,4433.844710755971,0.4384011731627658,6.159299057560174,2.354723813816032,2171.663311524557,3.339851412444638,11.154607457208444,combination
1.7792988601252149,0.1576711807150377,0.684904180934714,0.0572736809850448,0.0998907557839565,35.60689414638469,13.679804933897486,26.329240825817863,50.41461894588187,-0.0041313340957128,89.19183784203,46.84758818934,5189.08203125,3.4245801322250835,1.315688697720821,1.9246795515757733,-0.2298941104629961,4936.1136685660495,0.4506161251615848,16.29858206241032,3.534978077830255,2432.793889623431,3.4245776402513286,11.72773201410936,combination
1.744849054306426,0.1769306055056775,0.7291418226611049,0.0448910559082951,0.0489496558029179,40.5006238690667,13.856824685301708,29.3150132960482,74.29031534535883,-0.0015789494836328,101.93762833569,51.15027322659,4388.896484375,3.691341587141997,1.2629502545924292,2.115564998606311,-0.2653901133306263,4493.500413099738,0.3521167330965471,11.438754605398293,3.194670705372994,1963.3350721024008,3.6913412494488407,13.626000219882528,combination
1.6632026540391849,0.1896978959576066,0.7236818228768486,0.0557880760033699,0.0308232205189116,42.66993744454366,14.27141655873344,30.754083456016968,81.45520565372664,-0.0069230101605224,101.93762833569,51.15027322659,5164.833984375,3.5841062459415376,1.1987426345086134,2.154942596584563,-0.5123279658878024,4394.932144333143,0.3091070701415884,17.430923540290713,3.788231064774451,1843.3491427692504,3.58409955973986,12.84576965412746,combination
1.726357493065591,0.2012308789964521,0.6967476223215616,0.0667889368088353,0.035113701356365,40.824197535838096,14.10769208422586,29.62901567725672,84.18347780741581,-0.0116690877868994,102.28011020955,51.15027322659,5140.5859375,3.625700994975806,1.2529400775529518,2.1002028893432976,1.017086918853212,4415.3524015600415,0.3747443812937452,7.861200398820969,2.545766638939944,1935.2898150225687,3.6256822168191696,13.14557153735877,combination
0.3007372220696875,0.086463724561493,0.4684000335936522,0.215671499698697,0.2292614089066977,6.88746445117484,4.548554873944306,5.79186040371943,0.489564314339288,-0.0069238049509472,3.29019259989,1.7418280084300002,5175.234375,0.382940968439843,0.2528982938173837,1.273340778385946,-0.0482322337967135,6443.722380988187,0.5524656471942411,13.127473067763413,3.1734645794736,2895.2828567519828,0.3828783700271485,0.146595846234646,combination
0.2898035325140918,0.0962898719445026,0.4201915433538091,0.2251320118695156,0.2581558708441657,7.152744404062042,4.723233373861737,6.010375350912271,0.4384842008817546,-0.0066393354672167,3.29019259989,1.7418280084300002,5321.015625,0.3687787307036819,0.243518838369342,1.27251289004129,-0.0297907414569766,6565.730037763799,0.5805243163974143,9.060889041041063,2.5826723776611957,2956.7118022773548,0.3687189599735447,0.1359536714439724,combination
0.2943968794214551,0.0559216906330571,0.4999812636466962,0.207247326852007,0.2367999904322357,7.369996825419967,4.894917793413311,6.210771774664223,0.3828284417108398,-0.0046606228442285,3.13989269391,1.82843182926,5199.53125,0.3735367796616259,0.248091264158151,1.2688204453650986,0.0257187960709884,6545.570400796004,0.5125183115628649,73.40276224298427,6.935277770348735,2725.3408390159016,0.3735077032066164,0.1395080043546819,combination
0.3056728337038086,0.0815945800349506,0.483713132515675,0.1813085774761616,0.253210897100443,7.329673854247569,4.830162543168628,6.177294526669196,0.8134431288381019,-0.0059641684432031,3.54901398824,1.88823112259,5199.53125,0.3909249648876836,0.2576146169854152,1.2788999275823207,-0.0749591573615109,6521.827239966933,0.5329981319172543,64.22230099286226,6.3575017689783,2853.589357377491,0.3908794659063299,0.1527867568672177,combination
0.3067578738175732,0.0862583545241877,0.5090629507303348,0.1699823638256273,0.2345116970637495,7.343887162969568,4.789165634167339,6.1554446804939,0.779419300896012,-0.0055265842213427,3.54901398824,1.88823112259,5053.75,0.3942714173673166,0.2571160314269421,1.285285402655343,-0.1285274449277131,6420.470942422937,0.5574654772616776,36.45294836892863,5.049364455335358,2878.0981385555287,0.3942326818259454,0.1554194074196771,combination
0.3105121941799609,0.0866668113281516,0.5176882991271178,0.1778692768095456,0.2176692409275709,5.765763556901755,3.845234918914041,4.873123115425955,0.389290441626609,-0.005633476091621,2.98781264789,1.5131641510800002,5321.015625,0.3935166987163799,0.2624395079934742,1.2673147982340196,-0.0065246820796523,6355.165208106937,0.531394273896871,40.49424001018585,5.417657765630001,2839.723552209043,0.3934763730082955,0.1548236561157633,combination
0.3165317891647754,0.0558813103114741,0.4927327565079351,0.2083830352227938,0.2429589577002268,5.990190588079969,4.020082609550618,5.073507849677653,0.3361313522854883,-0.0049311016350878,3.08057501381,1.605926517,5223.828125,0.3994759991212014,0.2680927248284342,1.2620406947917897,-0.0735098608598004,6601.859474313636,0.531087326010117,18.23216084392882,3.735992659202079,2751.342287012103,0.3994455633882376,0.1595567581105465,combination
0.3151846752458643,0.0690549278409409,0.4830578908034085,0.200644590689017,0.2471325996609012,6.467772711209254,4.27467448607938,5.4451122832391565,0.4335792977193056,-0.0051000407398779,3.06393802008,1.7162159466700002,5223.828125,0.4014845930980042,0.2653488338722289,1.2738074679069358,-0.2062985989443885,6575.236031508329,0.5128572312211002,18.92823651924542,3.73741640094898,2766.577138531625,0.4014521989969934,0.1611638680795216,combination
0.3005890516827051,0.0683069313035261,0.4624268348325888,0.1800883336461129,0.2891774931811286,6.7929130683202095,4.482961819278526,5.709509168955356,0.4107851300491241,-0.0057766157634082,3.0880918380200004,1.7162159466700002,5175.234375,0.382830819412645,0.252648006740118,1.2736020066916889,-0.0655366928078813,6774.146170090469,0.5295020336992229,7.090022873494435,2.5086707039280176,2912.521051965796,0.3827872346388776,0.1465260670024791,combination
0.295315435632793,0.1179316402928871,0.4449930761499627,0.193121436110756,0.2436199587377252,7.791160424075104,5.084521631530447,6.521507418273738,0.8099280714822381,-0.0036782023443066,3.72859475933,1.92590180421,5175.234375,0.3787773843397538,0.2471906236532955,1.282619662355681,0.0874860135413452,6428.102631022082,0.5949276463380986,28.16017969159556,4.410456879741231,2993.040380693212,0.3787595249162453,0.1434587777147798,combination
0.313866672846084,0.1047012166419018,0.4464119861391442,0.1955228547856432,0.2529378705329391,7.305907938042497,4.793312284739893,6.136050657262475,0.7703047610779903,-0.0034283761975195,3.72859475933,1.92590180421,5248.125,0.4017893451969211,0.2636088246036693,1.2801274552457922,0.0640082711171037,6494.646494891525,0.6002708821561636,10.369173753781164,2.859668961314993,2960.750843677237,0.4017747181573511,0.1614229241504189,combination
0.3184531607072022,0.080893097660149,0.4996253132562927,0.1827384698048947,0.2366442022410151,5.96074276636315,4.016199953923968,5.053636701221797,0.2803754824396245,-0.0047297815181591,3.21042159844,1.60934658057,5321.015625,0.4007137590342364,0.2699909463719261,1.2583130220606216,-0.0275432604644974,6465.537578379178,0.5475241566036949,16.562524370172547,3.6033958957274823,2830.8649473319592,0.4006858443296175,0.1605491458461385,combination
0.2978436716250879,0.0539906696384678,0.5034834932424743,0.2270504706271463,0.2153141685179068,6.352723167856353,4.316226366694503,5.403326422176841,0.1335467403805212,-0.0055822046673632,2.95458743139,1.60934658057,5393.90625,0.3728596333566458,0.2533317662436491,1.2518635407704235,-0.1334282092438523,6535.465245088907,0.5306946303730339,23.59681161178977,4.042542294848694,2694.3892285764123,0.3728178445003726,0.138993145177904,combination
0.3055981245098828,0.1082266130738672,0.4952498988711316,0.1870161948503122,0.2093831224713189,7.158090175783514,4.735951273929235,6.024100364465636,0.5198359568887172,-0.004156267296455,3.26303327154,1.84095377324,5199.53125,0.3887189007568973,0.2571850490886687,1.2719937381170887,-0.112701761747294,6214.486770581832,0.5624836602212776,21.02485505579771,4.03309085036518,2850.436867843593,0.3886966802634299,0.151085109247811,combination
0.3003931729945361,0.1163093016412415,0.50695082049758,0.1628813247199582,0.2137097028601073,7.333263367668244,4.795009126888878,6.128480733726545,0.5917012086911955,-0.0028429490496728,3.26303327154,1.84095377324,4616.40625,0.3839312344405184,0.2510415460266453,1.278095739038323,-0.0951115146298568,6154.836961880564,0.5720245023139832,13.34886069417042,3.304739662666901,2906.499095952694,0.3839207085059639,0.1473951104197213,combination
0.2871178379506591,0.1041270509132073,0.4310139715237822,0.2183102449359903,0.2462304861293254,8.456800909827127,5.561505564934119,7.1055434663052655,0.9555373128929294,-0.0053686322755712,3.72923487818,2.04012827751,5126.640625,0.3668302141731592,0.2412411382582381,1.277629480604401,-0.0069611347801419,6526.915859193118,0.6126302342453862,14.976454666074469,3.250088888253231,2941.4011342372714,0.3667909265750935,0.1345355838178156,combination
0.3003039772901172,0.0844213441394703,0.4907637348344157,0.1846375364018934,0.2400161996157337,8.091836439684808,5.279497980129977,6.793543981400806,0.9308490645017704,-0.0049534569762499,3.72923487818,2.04012827751,5321.015625,0.3864246724192844,0.2521217887579382,1.2867784033575016,0.0349381785947952,6405.186184094642,0.571445830547473,15.317406668197464,3.4576471256117998,2872.405343531055,0.3863929227073598,0.1492994907183357,combination
0.3025478076280224,0.0795836417967919,0.4393608841467536,0.2179901423873375,0.2629418587670827,5.245735737940341,3.492787832751352,4.441836702489887,0.4324419538380022,-0.0042612361906494,2.68584724905,1.34386795618,3984.6875,0.3847551069603341,0.256182930920506,1.2717167246288037,0.0200273423786306,6653.043715138241,0.5518447449694421,17.555316080568193,3.458584959277621,2880.718961814591,0.3847315092349281,0.1480183341981856,combination
0.3045777600755956,0.0686197285199857,0.4359435727746252,0.20349372852826,0.2916754379386527,5.163571005162424,3.521564225296401,4.412232711431242,0.1909888605357101,-0.0034851962710351,2.59938243334,1.34386795618,5126.640625,0.3816110881995599,0.2602594124950408,1.2529184274808665,-0.0532588008055802,6841.273569817231,0.533279899722308,9.589097602690549,2.628704026160892,2935.868712657503,0.3815951729828414,0.1456148760438047,combination
0.3108564043982617,0.1202485176866492,0.449505993787049,0.2019947749854421,0.2280457529690035,7.984415525655289,5.267257719214485,6.732920998431596,0.9447413904009938,-0.0059130934839941,3.83990228279,2.09297161267,4543.515625,0.3973550800514329,0.2621321004580642,1.278259268360935,-0.0831636677516283,6286.3869605158925,0.5566658911710196,12.364723052743576,2.983110342939538,2946.2342187775907,0.3973110808524351,0.1578560949681302,combination
0.3069229026455957,0.1255486086706796,0.4150725371940728,0.2318814074728759,0.2272621046390024,8.12047285410026,5.292726516956425,6.819209627659352,1.1655734207328292,-0.0046719820961425,3.83990228279,2.09297161267,5248.125,0.395442992560583,0.2577401156649638,1.2884114842912249,-0.0340071067408547,6368.93322114743,0.5715640973851092,18.238231832045457,3.5356376670031984,2954.2420617895395,0.3954153929079679,0.1563533329485626,combination
0.2997865567588526,0.0932506225643478,0.447988321685536,0.2179322756313114,0.2403590000365106,6.937382274342766,4.63738542164918,5.864661839871119,0.5154906712871479,-0.0028264757530029,3.34119483131,1.75814677953,5272.421875,0.3791245755253087,0.2534308634010749,1.2646483538962536,-0.1126622710270983,6499.25511741939,0.5883317486937147,11.339406266508725,2.9274017608227254,2881.619896432383,0.3791140393101568,0.1437274548020631,combination
0.3018440893618359,0.0681792136138454,0.5007662583602669,0.2130105224122712,0.2177519820595559,6.91048649732801,4.604258511266331,5.824685132139261,0.4155809715895859,-0.0048630235189257,3.08748829739,1.75814677953,5296.71875,0.3818523167689054,0.2544172223199916,1.2650647477518089,-0.1068241427163385,6459.474177168276,0.5511943470979338,23.68881373238316,3.879902694788963,2715.6423675131614,0.3818213493559978,0.1457875428240349,combination
0.3190267130158203,0.1053523403005802,0.476450177355275,0.1972790066702225,0.2206694760606811,6.307447433664142,4.220505894882754,5.323531316657425,0.1945396653670781,-0.0037115061468261,3.04787408513,1.6983486975900002,4616.40625,0.4024040576863548,0.2692608563847182,1.2613491010904778,0.0511616827969552,6280.947911875088,0.5789980540260395,13.263548019265876,3.1804525115207234,2821.602753755496,0.402386941095962,0.1619152503645652,combination
0.3215331272302149,0.0941606645942393,0.5403152571835538,0.1859519525648069,0.1795651713754849,6.237110730186089,4.199905189804659,5.282033338897604,0.1847954064865256,-0.0036588416067675,3.06518167956,1.6983486975900002,5199.53125,0.4043778658891563,0.2722973458480396,1.257655375583199,0.0261581650789763,6080.182371886463,0.5233610958525923,32.138080785766704,4.892178524935925,2682.139769944265,0.4043613128121496,0.1635080712991651,combination
0.3085495981397217,0.0998742967842663,0.4632418149849304,0.212936729104056,0.2238401937643655,7.078101202454257,4.663135175635568,5.945650910973683,0.6365562833781166,-0.0051005825071337,3.3892525160200004,1.83452819926,5248.125,0.3934108984970526,0.2591836633564799,1.2750329310715969,-0.0246496748630256,6366.292420464754,0.5620924213545471,10.829180833598878,2.82740796102825,2871.138737885244,0.3933778325151866,0.1547461191143462,combination
0.309677757638208,0.0949607586705947,0.4215923232764501,0.2526407396394767,0.2305572546459629,7.071110952480344,4.608755853764818,5.9239908389005205,0.8047737448601815,-0.0040532511457763,3.3892525160200004,1.83452819926,6803.125,0.3980528058915084,0.2594398831511051,1.285377448245888,0.0173442373868141,6472.026871389733,0.5594018257338234,11.614915376128751,2.9019027049704533,2846.4260228192934,0.3980321688422332,0.158429607433252,combination
0.3054939230431738,0.0679207100539107,0.4981351177114209,0.1815344057639441,0.2523706423476365,6.176070224147167,4.117844234593845,5.219442665524502,0.4363603806229617,-0.0022059944776562,3.14263606041,1.5945080159900002,5150.9375,0.3872191188279056,0.258175175819051,1.2675182372553515,0.0476808279924854,6570.888202551605,0.5173213700574543,24.139946684659037,4.285712290873561,2816.892825783677,0.3872128349812597,0.1499337795742242,combination
0.2954406718919531,0.0651699153136476,0.4590727952586081,0.2172311135720956,0.2584349281627555,6.191226755137968,4.167893386092958,5.240064052474713,0.1646508424051753,-0.0021590214705273,2.80365350293,1.5481280444199998,5150.9375,0.3714413736171013,0.2500519050017415,1.257245223680451,0.0286428086140726,6709.853446442256,0.5320937816696167,14.850464673453809,3.2271570166536043,2800.9886370934128,0.3714350988542263,0.1379640326608488,combination
0.3019093092900537,0.1725368444302596,0.3935108959167819,0.195028424260198,0.2384487104268519,6.371758576463175,4.1868736055727895,5.357298117946061,0.5984244950277882,-0.0041362189312451,2.99943842548,1.61741817445,5175.234375,0.386306902672484,0.2538417228211734,1.2795461775620405,-0.0213762489791884,6223.355248421719,0.6324599170153039,7.6434963501159,2.3304524599326557,3136.797926122148,0.3862847586242057,0.1492159147453608,combination
0.3177508607269922,0.1510816624820362,0.4310438732968245,0.188141957285136,0.2297283286342963,8.320803388456879,5.403646294169054,6.960099800674219,0.8809211113299038,-0.0044025868397949,3.82899587686,2.21157770241,5199.53125,0.4092750676143368,0.2657889628155419,1.2880376363983514,0.0838988438123934,6206.4443801846055,0.5906484239340782,13.154045008915888,3.01322881066703,3051.9088358784,0.4092513875356295,0.167486698199838,combination
0.3018213453080615,0.0793143708877041,0.4713254587238096,0.2101669338606089,0.2391274476280648,8.776338542202646,5.707154581889591,7.327439681751792,0.8199396249134074,-0.0017848537850341,3.74460992332,2.21157770241,3984.6875,0.3875096899298924,0.2519932078480359,1.283904190190296,0.0487621389504716,6466.891194829842,0.5637985455610037,12.209422702601056,2.941080846397709,2860.102313485106,0.3875055794263192,0.1501605740865274,combination
0.3002943623712011,0.0683313890583704,0.4415937111684457,0.2248044217520301,0.2650294139888653,6.794620301587676,4.433599125740249,5.678776791860087,0.652881513824251,-0.00218828285583,3.35919131555,1.70530465576,5199.53125,0.3846321255928334,0.2509786537095424,1.280850304866464,-0.094138791525656,6716.985691848748,0.5575454564031215,5.610591528222619,2.252157425224671,2838.324231127937,0.3846259006569943,0.147937083456204,combination
0.3121984721075146,0.123628129957498,0.4341601108916667,0.2100929475282947,0.231832796105315,7.386022348559131,4.771631764328658,6.161788690552969,0.9839272766347452,-0.0043830207069775,3.81791877257,1.92370101464,5199.53125,0.4031537028948951,0.2604515561769558,1.2913378472783092,0.0406858565901038,6296.744608033669,0.6151571330429757,13.18601745291937,3.047973653625352,2964.631315957598,0.4031298764509368,0.1625136972873476,combination
0.3180085413352392,0.1085344983687704,0.4791519679137541,0.1736109099508394,0.2385379285328259,7.93143553375127,5.047040958607198,6.587288250197287,1.236205341681349,-0.0042475253116357,4.007558554159999,2.0948139278,5199.53125,0.415057841808776,0.2641153570354031,1.305178282526786,0.0873345731625936,6337.067262632482,0.5585147846244221,25.673139643187174,4.159292830212896,2899.7808215217515,0.4150361075565425,0.1722549705756859,combination
0.324609584687544,0.1179363479938093,0.4555035697303652,0.1814546327027136,0.2449759650757443,7.712348561709357,5.014277944401766,6.453333563198335,0.7998609669659187,-0.0022330679567333,4.007558554159999,2.0948139278,5223.828125,0.4177698067453106,0.2716181602839417,1.2869915937554306,-0.0333326477677419,6323.47203895373,0.5549979359212682,15.350291293801964,3.2491758401057784,2964.0874219087677,0.4177638385924694,0.1745266248355148,combination
0.3131460158052881,0.1427752860093879,0.4304716402687937,0.1889816657363518,0.237460375081574,5.919334631421044,3.974181875508877,5.01110664446621,0.2148582417540727,-0.002012848497456,2.98926358395,1.5692080804900002,5126.640625,0.394850595580523,0.2650987278469309,1.2609152780217336,-0.1041363890002156,6226.418670003493,0.6064202873160737,23.8362806779235,3.71983697713283,3084.980416482389,0.3948454650508474,0.15590294127122,combination
0.3010521460019824,0.0752126114690892,0.4478195735076174,0.1967091560648837,0.2800466488986651,6.359568378606464,4.261438496951572,5.375410856560855,0.1674214663555382,-0.0023857897647656,2.9213195403,1.61827897401,5272.421875,0.3797494614008013,0.2544636487365836,1.2614075881668043,-0.0452062176168517,6689.788025196641,0.5607651618333046,15.688530407733186,3.229203675365407,2926.6343040720503,0.3797419669214835,0.144203961441397,combination
0.2977739682649023,0.0552362606784704,0.4923715745854222,0.1798897080652291,0.2723188548572541,7.266038949839667,4.722172273871146,6.081597240625718,0.7844723473145758,-0.0037911161660058,3.42922031774,1.81094134373,5272.421875,0.3834975173926523,0.2492336410844536,1.2878812732598894,-0.1154925426089062,6720.791890055136,0.4929730999905207,75.15282992898653,7.082351310729464,2773.8539541840514,0.3834787781410381,0.1470559732845435,combination
0.3239259005713427,0.2141397194671562,0.4070581965026613,0.1472250829497116,0.2313768499661656,8.34475940497666,5.274633489489063,6.9178687245370805,1.5329899687437578,-0.0022072357795556,4.05181820036,2.24087685663,5248.125,0.4248402966946366,0.2685370240025833,1.311535434324024,-0.0295333080104737,5919.174132417102,0.5942025538661662,16.123677697455264,3.4429607743644497,3247.095205447731,0.4248345628663,0.1804844058058002,combination
0.3244148175460694,0.2241904194958035,0.3913934314269507,0.1558374253324312,0.2281785046899924,8.309295118565172,5.312102703959175,6.90744298790168,1.3185318026643298,-0.0020272142599658,3.94619249374,2.24087685663,5175.234375,0.4218436618252593,0.2696831469643298,1.3003218071731706,0.0848598233472849,5878.84311354627,0.6043496493196646,8.8836281030871,2.6701876795590844,3264.452410294421,0.4218387908010451,0.1779479654244879,combination
0.3057849437663574,0.1124335720423912,0.4696990870585703,0.1762634897079505,0.2411035232843419,6.1861221925199885,4.027103125442682,5.162424237983942,0.4381340243033658,-0.0038185915054101,2.93389025524,1.5785916053100002,5272.421875,0.3919918502550074,0.2551827390701674,1.2819200495185874,0.0085788582130255,6344.401695252979,0.5924040488803495,13.878407943152354,3.2126000427487016,2979.560783402764,0.3919732503950479,0.1536430290252589,combination
0.3060088603598925,0.0824296336585391,0.5034970908586393,0.1837158833361898,0.2303394315270071,6.884556054196337,4.528277120347095,5.790917615639926,0.6303015168711332,-0.0039588496898144,3.48253916976,1.7720721,5248.125,0.3913347290600822,0.2573981656986975,1.2788346343953545,-0.0472273915208192,6451.3452341728735,0.5561833960245921,24.3443716662583,4.230364583498471,2833.1677457992705,0.3913147041418983,0.1531271976776614,combination
0.3052861528960595,0.1040347638347948,0.4498208299068482,0.2137538177715986,0.2323319059335711,6.840547366676492,4.59058743748741,5.80462652232817,0.503362444229595,-0.0024112141281298,3.48253916976,1.7720721,5248.125,0.3860229489430915,0.259054137777423,1.2644626861753547,0.0252861439400214,6423.040585274069,0.6011895922790219,8.657282027141793,2.598256831832997,2905.557703685864,0.386015418289411,0.1490079031571489,combination
0.3110283125182324,0.095807486075724,0.5178387396705505,0.1794656655697211,0.2067690829666261,6.472058832173384,4.235107680635997,5.419971464562992,0.5793668498398596,-0.0024130567321484,3.29369801264,1.6857645785200002,5248.125,0.3980452695991061,0.2604680554107236,1.2797718200518249,0.0425075677849702,6224.22154479305,0.5621409464419395,17.035295107509622,3.667952307962968,2825.2347912158216,0.3980379552347143,0.1584342138074324,combination
0.3056354921968164,0.1335793727948662,0.4821140614149066,0.1670978823365798,0.2171599583823729,6.598180610791583,4.291950009105781,5.515604769600642,0.7137901554238777,-0.0023873852991015,3.29369801264,1.6857645785200002,3984.6875,0.3927735819251132,0.2554893050006643,1.2851046162930042,-0.0234786831048339,6108.8268112117485,0.5919799029400102,19.68896563264417,3.870367943179746,3009.484315637393,0.3927663262675623,0.1542653870497172,combination
0.299367184881665,0.1506026703563514,0.3975896896774487,0.1767533829310396,0.2750018439573504,6.311531195489434,4.212821866521825,5.3334707730279,0.333309069490098,-0.0043606415518701,3.07256438363,1.59666613097,3984.6875,0.3790015769853174,0.252976034105807,1.266009088922457,-0.0063030992683634,6413.044405754306,0.6390569177945273,6.848082941820843,2.2742465412273205,3182.4290048609128,0.3789764902505347,0.1436231801626136,combination
0.3029533132248047,0.0765111087305663,0.4701414394508454,0.1772752640520085,0.2759651593433554,6.357956822599428,4.235934006887482,5.3710535313161,0.4210940662502502,-0.0030290461020605,3.10307671548,1.62717846282,3984.6875,0.3841368775278991,0.2559278881914039,1.2679738453391751,-0.0217455214379013,6632.461989384126,0.5745104986737829,9.65304662746254,2.736584724268657,2903.1657319086867,0.3841249348279746,0.1475519655565957,combination
0.2917332430971191,0.0771975157190981,0.4800779057451202,0.1982591221208683,0.2442929603200591,6.639098479847591,4.378531555102109,5.577624426840879,0.5123054788779231,-0.0008982992987109,2.90866347618,1.62717846282,5199.53125,0.3716265241765634,0.2450902735904821,1.273857309613658,-0.0827871588896627,6571.023328310817,0.5725626240561219,22.44507108819892,3.953372362280264,2809.6502185796385,0.3716254384860162,0.1381054665299238,combination
0.2988442991461914,0.1216756412675227,0.483958492603927,0.1800928510346206,0.214073029042845,9.285879786672355,5.936707369496854,7.732339713061076,1.8059869108922249,-0.0027302049023339,4.0409788545000005,2.31076564231,5272.421875,0.3892335428528695,0.2488472493071197,1.3024626668968535,0.1014557114340961,6212.440295284042,0.5591613975072112,15.826850236352447,3.4729682263556025,2865.3880229952297,0.3892239674827179,0.1514952968629878,combination
0.313594620026582,0.1223241775164925,0.4726438798820334,0.1718055466292378,0.233133906968757,8.787455803678291,5.706036489623909,7.36863930291319,1.4678529051246567,-0.005455609734082,4.0409788545000005,2.31076564231,5369.609375,0.404968605881156,0.2629618508400064,1.291376127073955,0.0950973704712444,6259.039158488723,0.5557837383916636,6.866925682964963,2.3634069194673413,2959.815579329375,0.4049318560841521,0.1639698080717564,combination
0.3096757899532324,0.0889777051936522,0.4765386703620279,0.1665314978812636,0.2678918055828529,5.559587899333037,3.73042770190557,4.706608102332174,0.1580033744067717,-0.0021390118029785,2.7050508145500003,1.4575225820900002,3984.6875,0.3907119232857592,0.2621637805681341,1.26168055741382,-0.0810226058880683,6517.609907992506,0.5638742346539434,10.376767580970537,2.8752870123111856,2974.1708102376783,0.3907060680692888,0.1526512316261637,combination
0.3064469254771631,0.1053333061418828,0.4935745042270754,0.1661865087043809,0.2348013630211641,5.6248145842083765,3.757617605789414,4.756199070427995,0.2379521168688927,-0.0014509882252392,2.81682166213,1.4575225820900002,5248.125,0.3878847543838348,0.2591236671484218,1.265748559166865,-0.0789744460184173,6305.6585270325095,0.5717130675968796,39.01985990327254,5.050750704002553,2956.459092073092,0.3878820404666579,0.150452477316578,combination
0.3051864266188281,0.098205315846658,0.4679433834265583,0.1866085317210405,0.2468195870709167,5.27625236553178,3.5474836704146555,4.465318217254969,0.0514930292615529,-0.0030381906570605,2.72205359048,1.3627545104399998,5272.421875,0.3841468029310791,0.2582807674899097,1.2587283359455268,-0.0174071275410953,6430.159062086831,0.6017650712689192,10.42724611076313,2.878607914327098,2960.45116728137,0.3841347883226677,0.1475595355997007,combination
0.3159935587365576,0.0768979196137002,0.5085363346877749,0.1688579536220873,0.2456829916692214,7.438593463740876,4.888797040922164,6.23938376020417,0.5590671815043704,-0.0027770796769384,3.65391422683,1.97160507871,4616.40625,0.4032904336601587,0.2650507906260114,1.2762615645478397,-0.0917383028935004,6467.138266723026,0.5511075708935039,10.189652618853549,2.828684086177209,2887.0963729706823,0.4032808719865929,0.1626354617102667,combination
0.3193952063603515,0.1263963739644945,0.4683992454207684,0.165708708190624,0.2394246396299361,7.389444757437711,4.79539741227357,6.172932590871681,0.8066262056041351,-0.0025392111074414,3.65391422683,1.97160507871,4616.40625,0.4111452939570304,0.2668136975684833,1.2872619431024384,-0.0957056948927702,6216.416416295189,0.565564447545481,25.730772003973964,4.197634607345343,3014.056003610807,0.4111374528670002,0.1690340051499648,combination
0.3159306548107617,0.1249870810814811,0.5023179414163912,0.1637668009604307,0.2086671414019728,5.967552499640644,3.910167729190513,5.003972238328512,0.5622135810095474,-0.0009174338037695,3.12923014278,1.58090822591,5248.125,0.4043070106962602,0.2649173553152988,1.2797333988955095,-0.0348561033276307,6061.963379510028,0.5676885468551035,45.183149118337184,5.395771048957226,2882.4519471206327,0.4043059697968378,0.1634633172133615,combination
0.311443858078208,0.0546324045369602,0.5128337521035634,0.1889705593775272,0.2434027385352224,6.061852759151148,3.959277281882485,5.076061655751166,0.527413037224147,-0.0022480350213623,3.12923014278,1.58090822591,5272.421875,0.3992921216061782,0.2607962101229554,1.2820677346795202,-0.0126947435659627,6510.096444856636,0.52696971409342,52.25597607308067,5.885883385890064,2752.799761838486,0.3992857932800837,0.1594291447153057,combination
0.3060587041689258,0.0573379755845563,0.5277698722746994,0.1904594982651615,0.2243084985583348,5.411843697059635,3.5780496831386044,4.543601622917637,0.241305850326384,-0.004979330827832,2.73594721771,1.3906088249700002,5272.421875,0.3886499484686254,0.2569565757646597,1.2698542572869105,0.0524586709472762,6491.044940644155,0.5084397686000506,39.44057284101659,5.500903702885348,2676.184842693732,0.3886180499014067,0.1510239887091722,combination
0.3143960527291357,0.1031504146420233,0.4474997290802798,0.1648621766312533,0.2843925882497974,8.53673357702213,5.51515797645053,7.139912301169847,1.264315251150518,-0.0013559527229833,4.2088728843,2.24476024432,5248.125,0.4070164905348175,0.2629530632608825,1.2945979664874412,0.0229029254800204,6632.594804462789,0.558527306234661,51.3403251281103,5.415951008403211,3029.4460360328253,0.4070142318881395,0.1656605849594922,combination
0.3156810555456982,0.1116411151022245,0.4324293979054183,0.1642801277147741,0.2912379955356913,8.543868712694271,5.457908732241437,7.110848766137146,1.2664700206666986,-0.0017493233786279,4.2088728843,2.24476024432,5248.125,0.4112857789393867,0.262733466513219,1.3028522672303615,-0.0011757237342788,6611.337428161202,0.5832869363679902,49.75754085107081,5.26104321488938,3080.00335475967,0.4112820587206486,0.1691529318254951,combination
0.3061917144789844,0.1379938004527097,0.405439500572116,0.2001828750031463,0.2559418162280671,6.276030614667366,4.135462232709364,5.266223552534021,0.3222796516546395,-0.0026703604577636,3.04647192003,1.61247401838,5248.125,0.3899138542787709,0.2569257732127016,1.2734304549757267,-0.0275313302815279,6329.360048774821,0.6065768394715519,12.053225508690849,3.0816590123066243,3097.9025618044284,0.3899047100684373,0.1520256829335522,combination
0.3026122802012255,0.1133237344143275,0.486154341174256,0.1720588494770644,0.2282494834694335,6.297202820146864,4.2140651415570245,5.328514815419145,0.3690240188998235,0.0003961761638427,3.04647192003,1.61247401838,5393.90625,0.382640980671746,0.2560619475715717,1.2644595269475,-0.0379959455235666,6275.362148066133,0.5856192286421767,14.873788175623272,3.3856294242840383,2953.285607901337,0.3826407755766271,0.1464139631338827,combination
0.3003881505603271,0.0725013051427427,0.4997219843115236,0.2049554221416422,0.2221203917402816,5.075294110972307,3.406392860986146,4.301548373162276,0.3520755983533741,-0.001950396425874,2.58086775765,1.2921341603599998,5223.828125,0.3793262295605941,0.2545929619263892,1.2627869270243195,-0.082254392862535,6472.547488881741,0.5987587348623593,20.066518633269137,3.715086715650248,2826.8141650841603,0.3793212153128776,0.1438845843864385,combination
0.305156471613872,0.0843932480466514,0.4533414230300236,0.2024486571727763,0.2594142175673836,5.591301791502714,3.740044171308742,4.730966464334921,0.3415693867490006,-0.0032011286476318,2.73581919394,1.44368503358,3984.6875,0.386007482118805,0.258201951426413,1.2649493555792497,-0.0778049708044878,6639.744291428163,0.6071471069162793,6.028299028929743,2.2441134347510485,2932.260387551209,0.3859942085408547,0.1489915290270808,combination
0.3042589431354932,0.1185746296163923,0.494507822191768,0.176216813375119,0.2104045451235423,6.785186059911736,4.451623564335297,5.687228086339008,0.5603143519744194,-0.0020296909102783,3.1740750405,1.73039000692,5248.125,0.3887098677397662,0.2550246952170549,1.2775626699218017,-0.0115021837463039,6138.006490236986,0.5712093384911215,16.601580583281404,3.598060847613487,2898.0921701321367,0.3887045685775706,0.1510912416330753,combination
0.3026854313177344,0.1185529452380561,0.4757826992244046,0.1909282901000197,0.2143244043658043,6.798230391698978,4.478036365622894,5.716793171665993,0.7687141037451521,-0.0026363065159667,3.43741383902,1.73039000692,5126.640625,0.3864171403796322,0.2545353580591948,1.2766294654399906,-0.0608020138887171,6211.173847242313,0.5792713291091951,27.521479508282763,4.324982055879024,2885.188053018009,0.3864081472576973,0.1493112562671263,combination
0.3025838713282178,0.0551266553766167,0.5039658120131499,0.2024756699355475,0.238392088603596,6.659912129182191,4.4735112639625765,5.641489827619935,0.4258788416349102,-0.0030915547317626,3.40792569733,1.7070238321,3984.6875,0.381584784607861,0.2563132664499006,1.261087654582718,-0.0751256022594889,6566.098989723908,0.529221838373045,16.5620591333505,3.660603274491731,2748.999868388758,0.3815722606971951,0.1455973901335682,combination
0.2965970127902246,0.0704452175436155,0.4980574136277372,0.1883711367102671,0.2431160289146958,6.398346273505092,4.232624259587461,5.376809966551897,0.316977005395981,-0.0031132045847949,3.02475055372,1.5947457744200002,5199.53125,0.3767747091671762,0.2492434304507216,1.270325367146092,-0.1455984260691732,6520.938281253191,0.5410315543950835,20.700859173612063,3.9670360516785257,2826.7508044479127,0.3767618470933906,0.1419494894252234,combination
0.3123262451433496,0.0958155308096843,0.4602408894284233,0.1915500387640748,0.2520818747621879,7.087947516752957,4.542155435100051,5.911721053293351,1.1832832928940933,-0.0016109375656738,3.5000479444000003,1.84638563891,5223.828125,0.4064998799120421,0.2604965167343456,1.3015232828911616,-0.1148039500099508,6479.948239868749,0.5603547622932727,53.61737433032642,5.800700351464908,2970.8961122491505,0.4064966878692422,0.1652395572486641,combination
0.3359764999600049,0.185205242616462,0.4668043880279522,0.1357606180318706,0.2119921712987728,8.537298586659617,5.273872005147991,7.04736317266791,2.167795756489026,-0.00094638263104,4.530364956250001,2.3677484127,5223.828125,0.4489582626178198,0.2773416425190802,1.3362787655424246,0.0253819224670921,5808.869911926452,0.594084209152455,40.16070396127531,5.13633366399528,3162.492716700427,0.4489572651519596,0.2015626259327269,combination
0.3229993184881836,0.1867633277824311,0.4660346514472022,0.1364351768100964,0.2106413119670838,8.822461199982913,5.538666873234568,7.330505908750456,2.271320296213167,-0.0022522471129394,4.530364956250001,2.3677484127,5175.234375,0.427494281005068,0.268377310937291,1.3235144984391267,0.0318138870559709,5753.249809294829,0.6021837444634796,15.817775085701951,3.3447326958404364,3158.9301958476835,0.4274883479990798,0.1827462876749823,combination
0.3105943658957666,0.0934136778323713,0.5100474193761892,0.1709319869433766,0.2254514125269152,6.994679387348255,4.675404876043695,5.927471083096982,0.6737055409551269,-0.0019693046984521,3.3855032484700005,1.84103912242,5272.421875,0.3937710575298622,0.2632056482460098,1.267798456015809,0.0003032022121934,6284.863668821008,0.5354227348051167,14.54151441772619,3.4940414807675477,2872.9049118766643,0.3937661331135408,0.1550517675871907,combination
0.3089776800059033,0.0592240410794317,0.486692376613762,0.2048637792783768,0.2491988206234061,6.197336652111379,4.131160488932606,5.23018333540832,0.3870149111651551,-0.0008879193952978,3.0668155067200003,1.61600991298,4592.109375,0.3911757767119666,0.2607587748891194,1.2660324742696394,-0.0511674472439129,6608.564788306471,0.5399647911619744,20.36062482266062,3.902715283851252,2906.822304543491,0.391174768978468,0.1530176998853578,combination
0.3027299109970898,0.0824936010903478,0.4405891147531084,0.1992747938613263,0.2776042898939788,5.762821247647726,3.8156862258952176,4.847945701751646,0.3817631009444526,-0.000168497130664,2.76959308374,1.4676181708100002,5223.828125,0.3846275830674926,0.2546700839296471,1.270530493008304,-0.0680365042019996,6728.731789010668,0.5897080030383303,12.256873403181778,2.961258615649208,2964.192189371696,0.3846275461599935,0.1479383492650579,combination
0.3129753359357421,0.0978708767419292,0.4929877705835127,0.1891634384429173,0.2199618421728688,6.274030614839281,4.180287099131588,5.308728309061157,0.490897356050834,-0.0016618458272656,3.09045113321,1.6615010259200005,5248.125,0.3974609845015573,0.2648219506596339,1.2699434711467523,-0.0221978633267544,6283.055947137813,0.5393932010492941,31.02977922225398,4.634766651123613,2836.78800059679,0.397457510269203,0.1579724724693936,combination
0.3168776199528516,0.1011098697729664,0.4905409959875827,0.1826371537752135,0.2256849222369387,6.274651247145514,4.206285207301764,5.316040695523536,0.4422462481364269,-0.0015906302238085,3.34603534909,1.6845343231699998,5248.125,0.400480290838526,0.2684666058430472,1.263832677416959,-0.0045910364625498,6322.811662654143,0.5253280244676567,52.39063280903057,5.912002033873348,2831.4811523691374,0.400477131988334,0.1603819332456015,combination
0.3038801662493359,0.0503402338470044,0.4608018789480101,0.2228031983532881,0.266026605558694,6.55325728004227,4.396303790258723,5.543416485391241,0.28122108043245,-0.001798097315371,3.32469805409,1.6845343231699998,5248.125,0.3831705913732738,0.257052981621856,1.2609266215119794,0.0502896891616763,6772.12984727206,0.5236676814247445,12.857163439817812,3.008416240819144,2807.25937217892,0.3831663724015833,0.1468164689393888,combination
0.2969174074427002,0.0730043946764232,0.4693348824379863,0.2013843890412545,0.2562236429264833,5.912054262041738,3.976078647130637,5.009435827729432,0.106042929700155,-0.0007073739689111,2.9024817570000003,1.4873886987200002,5175.234375,0.3740843254681051,0.2515857657582337,1.2598935464580223,0.0476832450076482,6610.167816672789,0.5467626588801211,14.964749589113367,3.1725270540025514,2838.7193828198347,0.3740836566638474,0.1399385821829953,combination
0.3092035772204003,0.0630184155139794,0.4885830911358493,0.1864553472623263,0.2617774119613583,6.721498649884097,4.468102230552445,5.674341684246987,0.3858472348052291,-0.0002016878169433,3.27909111012,1.75452674714,3984.6875,0.3926782908284233,0.2610320761085408,1.2699668430696134,-0.041236223851496,6616.221679389696,0.5313980360679623,21.798369885611866,3.9304597887562656,2876.8206216598683,0.3926782390328706,0.1541961994099562,combination
0.2984562764380224,0.099232246456005,0.4457911524835088,0.2163197099214661,0.2381916360958677,6.99877223934838,4.601170767431436,5.878672642035543,0.5158213573862178,-0.0024457205348876,3.27909111012,1.75452674714,5296.71875,0.3813218060844651,0.2506906478933161,1.2776471335614568,-0.0453387682939881,6520.122049504325,0.5776834812706474,11.376923013772052,2.919571841252475,2903.405344303027,0.381313962826676,0.1454003382465836,combination
0.2835095525251514,0.1094286717531813,0.4038451504206041,0.2110529499088989,0.2751622311950242,6.668701406801623,4.39758675885092,5.593513792553129,0.2659244579075803,0.0003036708932763,3.00767462135,1.5858145923700002,4519.21875,0.3606101890265765,0.2377996097939813,1.2719507537390125,0.0039511200859828,6620.398010091369,0.622880986041712,8.355474557581486,2.443141180804766,3039.556710137852,0.3606100611654808,0.1300396162137718,combination
0.2943222411163623,0.0993600655925472,0.4531846846634835,0.1926813104700022,0.2547214603236489,6.453352302414788,4.213245877394448,5.388021599574046,0.2985421354246345,0.0017613760672314,3.00767462135,1.5858145923700002,4519.21875,0.3763878583204592,0.245735009969408,1.2788291394249467,-0.0067697866356521,6516.868677608966,0.5706634547920653,14.928518992014736,3.2901768258131194,2939.8301431701266,0.3763837369565957,0.1416647174454118,combination
0.2989679662049414,0.0467767942497224,0.4702490471360702,0.2231603486852838,0.2597460190800801,6.725886411841159,4.42839050644932,5.63157769791248,0.2357142517582757,-0.000761767996748,2.9607020905000003,1.68366133087,3984.6875,0.380197123180078,0.2503255671855913,1.271698530134343,0.0087981126338997,6750.22858906758,0.5208593683432636,24.615248804074685,4.232973689288832,2778.488965848711,0.380196360035083,0.1445492721839265,combination
0.2988556816205517,0.0893202603213765,0.4470333153733434,0.1849471391546861,0.278662334534684,6.652129423837288,4.480367517796911,5.6336935665412415,0.2256183630321131,-0.0014117845177685,2.94792409898,1.68366133087,5321.015625,0.3757864336312059,0.2531011084716356,1.2574177328451492,-0.089079978144202,6695.883199516143,0.5650406721015063,21.200485144594147,3.923929998452204,2946.4480074409325,0.3757837816693745,0.1412134505657361,combination
0.2991208153636865,0.0763841400535561,0.5119152782504274,0.1852568325324139,0.2264359819936497,6.312969475635618,4.208163453965768,5.336889425963371,0.5703085663325282,-0.0005883042423486,3.09954082088,1.5963747166000002,5248.125,0.3793518797601786,0.2528722375042483,1.268222939613691,-0.1248873299899784,6406.656879835939,0.540755153560508,20.78162535023885,4.017614367232159,2780.9534317364228,0.3793514235846486,0.1439075025756994,combination
0.2966422498608301,0.1048798148049404,0.4467894522603869,0.2232433496193726,0.225057993891175,6.406894990702668,4.206095911325128,5.381481287136072,0.6713741009647229,0.0008423453129882,3.09954082088,1.5963747166000002,5248.125,0.3795383534411756,0.2491651133531252,1.279448067897396,0.0257325426060332,6428.867525945611,0.5929647206595022,65.63990145297116,6.641725110939665,2885.2041782150263,0.3795374186917707,0.1440486521872124,combination
0.3018655035761475,0.061445375657793,0.4267779926997968,0.2215497643943115,0.2901822532443533,6.130915304498114,4.070324698847136,5.160121804733047,0.2833979051817681,5.848251233886686e-05,2.9070113599100003,1.5576627671,5248.125,0.3826875943192411,0.2540669198214462,1.2677420565967576,0.1100990000023698,6885.598988105889,0.5468441222438414,20.30684490084688,3.9370717370088273,2889.0938601043617,0.3826875898505775,0.1464497914256438,combination
0.3045936540326025,0.0765452646307422,0.4532753948412557,0.1833368972469083,0.2867778293518875,5.386794854309445,3.61336127145143,4.551489342426057,0.1988109948855907,-0.0003907854264404,2.7357033629100003,1.3863547701,5272.421875,0.3836745528473335,0.2573617164928629,1.2596275325101374,0.0205242676470546,6732.948858557006,0.5243842391403605,23.038379895837807,4.102262374246682,2937.648062598888,0.3836743538332368,0.1472060097893518,combination
0.3117753267297607,0.0546366100866227,0.504121082167768,0.1968762774730404,0.2443045352403813,8.077878320092708,5.266330364522564,6.769313001536308,0.8451767524950511,-0.0001889146120263,3.56460240633,2.11050477279,5248.125,0.4007543444307514,0.261269691020275,1.2853946738964226,-0.0876108856108216,6559.842363564528,0.5274365278647666,28.432444048890925,4.440563038526203,2782.110393922645,0.4007542999038073,0.1606040088913907,combination
0.3105188660711572,0.0985992771721237,0.4734613355098384,0.1862257370503371,0.2415241838125554,8.088641292490523,5.332172000284227,6.796703850858342,0.699790907254322,0.0005741318236767,3.56460240633,2.11050477279,5248.125,0.3958058315968617,0.2609220382599223,1.2746595290804663,-0.0896004434473056,6439.33661545623,0.5685756653675511,23.760653139220885,4.152816978574231,2931.6879003376234,0.3958054151963213,0.1566619266987323,combination
0.3034097628040967,0.0802591307712427,0.4502739049307751,0.2004353170920212,0.2689591262073127,5.298426603968885,3.5873673246202618,4.4832516064365535,-0.0378590904583275,-0.0003615657155419,2.63280273368,1.3602623065,5078.046875,0.3791812165886831,0.2567294799329805,1.2497330774208142,0.0177000594297399,6642.158392736118,0.5685702468070546,13.442021284918656,3.200542625282783,2959.4708505454464,0.3791810442043578,0.1437782642839071,combination
0.3009368305015527,0.0910886464130966,0.4698679350540096,0.1780157688240242,0.2606247452758019,5.791678716409663,3.851954647934572,4.872135530624043,0.2103858068165283,-0.0006818543497656,2.7387454515400003,1.4662050243600002,5223.828125,0.3806392230360715,0.2531571753463769,1.264847584131473,0.0349387139720384,6571.28825631736,0.5466530059895996,16.58003881546512,3.445799302550141,2970.883422043052,0.3806386123190209,0.1448857531881499,combination
0.3005792599144482,0.0583457166597978,0.4757032497258691,0.1887470840793275,0.2768844734224244,6.448123125278623,4.291161359599125,5.441728436937231,0.4084353240424851,-0.0003878086832763,3.10187573059,1.63567070623,5199.53125,0.3811720345987647,0.2536661714503664,1.2681248689854885,-0.0719396291963441,6714.69070947764,0.5318222866558887,8.20745173021518,2.6210626487915474,2907.313595069313,0.3811718373182718,0.145291969564587,combination
0.3065961698961768,0.0953274987693954,0.4964773643258053,0.1671986570405134,0.2404401047826389,6.975589901675259,4.5765421972213565,5.832553167430483,0.3535662766794969,-0.0003639352031005,3.0824526957700003,1.7882384618500002,5248.125,0.3907400794721673,0.256356593070435,1.27444540355636,-0.1222399027311516,6385.474497107916,0.5761018494011751,33.830905335344426,4.649583038441599,2888.11539249452,0.3907399099875562,0.1526776772570835,combination
0.3151981289227197,0.0702231431261672,0.4937959960230293,0.1883870750721026,0.247419709599156,7.799902837995588,5.022123811363311,6.4630144913057626,0.6050753471878054,0.0002896087585693,3.82536853671,2.03713007486,4616.40625,0.4056311933709571,0.2611737757727633,1.286908633491317,-0.1123946280430847,6519.243612288634,0.5767279008178826,10.447566179088776,2.911717754199101,2847.6549564226075,0.4056310899848701,0.1645365811623138,combination
0.3322382528662012,0.1818921313755122,0.4028451712786681,0.1863905308768168,0.2288651639367862,7.391748133752778,4.6899702398582015,6.131533793251651,1.1442069906380636,-0.0019936812482226,3.91359520335,2.03713007486,5150.9375,0.4343588489213081,0.2755951688285883,1.307371577998976,-0.1369442950305444,5984.867024299239,0.6355302764374074,9.879585591084654,2.661712708306841,3238.799043629544,0.4343542734581119,0.1886636348713243,combination
0.3224424752304443,0.0851814894460334,0.4546409471554854,0.1877668558934915,0.2723578543651265,6.954617141812513,4.498156638466823,5.8195345608512685,0.991761974232544,-0.0005322402615966,3.58134303835,1.87646512849,5175.234375,0.4171631357705642,0.2698157339544008,1.293759872896474,-0.0883035150587529,6582.608625537366,0.58251399118482,7.417565100843479,2.467499874593203,3034.0104044027185,0.4171627962393508,0.1740247985662341,combination
0.3113855121954395,0.0723359224944807,0.4654366396174324,0.1812223044788039,0.280661292697745,5.46878602731649,3.67172796024774,4.620719201595125,0.0845157186864957,0.0012532430323828,2.77068433397,1.4388250153,5199.53125,0.3918659091516462,0.2630976981204044,1.258459028452466,-0.0061159857380775,6707.539322583631,0.5468213545719602,10.4541342678987,2.7838717450259582,2921.764044547129,0.391863905121597,0.153557320137148,combination
0.3178225822805469,0.0391301944715877,0.546710461711822,0.1817553838951506,0.2321740209919034,6.982137169734188,4.664446743900041,5.9046072946556105,0.4758311896606448,7.984064454101764e-05,3.70698312768,1.87661753774,5248.125,0.4023237139954826,0.2687740862317437,1.2658751656619078,-0.0995614564150076,6603.655047560596,0.475611732665145,33.69517320650815,5.11389661227995,2716.00436512056,0.4023237060733438,0.1618643644685903,combination
0.308899260015498,0.1197028053021509,0.4641362634594834,0.1945058734163746,0.2214887116023851,7.204837108800936,4.763499849413944,6.075176540228185,0.6919686666648137,-9.306859736326885e-06,3.70698312768,1.87661753774,5248.125,0.3939577195475048,0.2604663380172263,1.2753598682228608,-0.1046320112237396,6283.235600249391,0.5730965495535808,37.08551828317648,4.802307493545297,2906.621153669369,0.3939577194375722,0.1552026847044528,combination
0.2983237620418262,0.063791411097244,0.482066542600491,0.2003609796836933,0.2537217091410329,5.917605485555954,3.910081764936972,4.983286408916927,0.444674226386478,-0.0002711709558789,2.82723426209,1.48663274884,5175.234375,0.3802050284909997,0.251222010738746,1.274471151371755,0.0280945882610624,6593.054396014685,0.5534597315187622,24.954919655856525,4.181992044125067,2832.1082749513307,0.3802049317883115,0.1445557901561546,combination
0.303454798047666,0.0778294503235384,0.476619612252192,0.1816932558987677,0.2637759230604251,5.219874542443883,3.5000409913888646,4.4177963962837765,0.1710950562144795,-0.0011251152208398,2.66095577034,1.3406015132500002,5248.125,0.383024517869441,0.2568263858353857,1.2622127589799266,0.0900429886326296,6625.510142501516,0.5145491544146737,37.24219906016439,5.201242113860013,2885.595567555645,0.3830228653812427,0.1467065154048576,combination
0.3069882248505908,0.0429599394085201,0.5074777552973886,0.178465839691798,0.2710134256467308,6.826838883012028,4.592682388665628,5.77692733684859,0.2001959154342625,0.0009061994306005,3.40219510953,1.77344866823,5248.125,0.3861465954202993,0.2597759663909846,1.2578547454327746,0.0433902392968082,6778.22189421126,0.4942848112293884,68.104015944548,6.800207150604359,2799.978781026615,0.3861455320954526,0.1491083719572802,combination
0.3176058307463037,0.1027467004088474,0.4818986206212769,0.1704782742708065,0.24469488143669,9.188573271757663,6.026516753114954,7.71966321109026,1.343744964134622,0.0008227553662255,4.69916124881,2.4518100472400004,5223.828125,0.4068370084547963,0.2668325075859137,1.2809494318754129,0.0192962523078699,6422.407929284804,0.5658028191702288,38.46641894098909,5.31604169193572,2907.185829524481,0.4068361765158739,0.1655156745220553,combination
0.3240720438154785,0.0529962852413767,0.521161069157949,0.1845850783670502,0.2411127403879351,9.053135076572913,5.844100606040077,7.565632685786442,1.5192227908192557,-0.0005505918832031,4.69916124881,2.4518100472400004,5248.125,0.4195359068093337,0.2708244189998476,1.294576051269053,-0.0823209942996432,6534.047322650498,0.502504667856069,29.3645493420319,4.68788576257643,2724.475387201852,0.4195355455154046,0.1760100739509081,combination
0.3221177232174756,0.1055741124926967,0.5060573899968079,0.1661517716163456,0.2220989393590142,8.212817028244125,5.437766491783318,6.925924240790006,0.7110827105694089,-0.0005843511274267,3.74687167659,2.23096294762,5248.125,0.4102719289235891,0.2716440582990771,1.2736707711254895,-0.148203609818262,6262.455963746676,0.5396572001854211,52.73897341456855,6.236930212153539,2893.80101412603,0.4102715127771394,0.1683227141964424,combination
0.3155856371495801,0.0571980412769966,0.4628068560642444,0.1986159754151802,0.2808562829030754,6.101621104285834,4.116551845607913,5.175493491377902,0.3215829358093405,0.001083455555791,3.0183310761100004,1.6333114110400002,5248.125,0.3967668748743283,0.2676848304941038,1.2572399633202265,-0.083399181687681,6787.088989755821,0.5386924233167143,19.639509306151563,3.733034113037048,2914.927657028838,0.3967653955697239,0.1574227791215995,combination
0.3220822862731055,0.0740882864861154,0.4789406212797265,0.1819878415152621,0.2648547224629106,6.030673127560719,4.056411805849556,5.108236494523988,0.264863258877293,0.0009613674116601,3.19824714755,1.64527248898,5175.234375,0.4055979934304085,0.2728173877408405,1.259299286911069,0.0304523419042119,6639.789437639746,0.5122361961860838,30.473752010076844,4.464489579074324,2896.316910548762,0.4055968540897149,0.1645088080474735,combination
0.3315019417823486,0.0543662938554639,0.5236638995177675,0.1904879584654321,0.231441225239883,6.602118468515138,4.407783626124925,5.586386489391621,0.4830660198608578,0.0007891122149853,3.49717045776,1.85189796878,4519.21875,0.4201426671227245,0.280500566236659,1.2673912703611674,0.1239397791566849,6482.71587896982,0.5186034483926637,8.988439310806562,2.803056992281596,2795.410099057027,0.420141926066548,0.1765192380389086,combination
0.3073406081573584,0.130878099774904,0.448790427187228,0.1904660985064701,0.2298194382688889,7.174857238659964,4.716170563239134,6.025555750289359,0.6192122719203241,-0.0004876248350537,3.30981071855,1.85189796878,5248.125,0.3926698460006691,0.2581093821353685,1.277637369024864,0.0794410355634094,6290.219493229524,0.5638540367424785,53.33573702977591,5.690734654123743,3006.422519469607,0.392669543229685,0.1541893701802094,combination
0.297731921786958,0.0545147146166041,0.4544431831188587,0.2004552240502934,0.2904926536503028,6.961112567748119,4.604830490098632,5.862748217099177,0.5146363982731468,-0.0003129614531591,3.19295549839,1.74552729363,3984.6875,0.37906439713324,0.2507540679226034,1.273173514140279,-0.0401172486609768,6776.498316745854,0.5372216933783581,10.952251260007518,2.9174830363188646,2939.2440618245128,0.3790642679403,0.1436897192291155,combination
0.3094296721984326,0.0839380438156413,0.4434545797385389,0.1838152454395623,0.2885502408772132,6.631590121921962,4.480123974966224,5.641111536681005,0.3732831299629247,0.0007605354806103,3.19295549839,1.74552729363,5272.421875,0.3896158462095146,0.2632139896372414,1.259141838083517,-0.0239071953824523,6725.495296394054,0.5346085221653673,33.90234658481069,4.764714817771149,2994.924732260584,0.389615103920958,0.1517999292033389,combination
0.3013944589096338,0.0544695407064414,0.476258950057245,0.182843541316663,0.2862744149911066,5.892763276977482,3.98000674693132,5.004932639728048,0.2034647095372914,0.0003590502231005,2.77848768757,1.50845896483,5272.421875,0.3790091476586208,0.2559849927661983,1.257518631994021,0.0882391399354225,6773.398960863852,0.5094687431453455,18.403322680565548,3.650559863572584,2918.700632924513,0.379008977587407,0.1436478050918516,combination
0.3083662057061279,0.1021932631276096,0.4449056177169402,0.1902955228466889,0.2625865784924446,7.7350562664629665,5.047282977335119,6.495393736234556,0.9535484838607976,-0.000522303892915,3.71938924063,2.00295992101,4519.21875,0.3968392360809398,0.2589457467419173,1.2869089697174092,0.0383661978716753,6516.589179030265,0.5476662658954509,6.422983608095658,2.397529263586174,2985.880186053423,0.3968388923630688,0.1574811064919473,combination
0.3173340915908398,0.0435273608914277,0.5316231751427949,0.1859312045502399,0.2387232262001714,7.541253365912615,4.871411351528997,6.311833408660519,1.087995198548643,-0.0001870243801171,3.94363201834,2.00295992101,5393.90625,0.4111662465912118,0.2656004013952937,1.295688857538055,-0.0535824072873125,6545.441850337935,0.4871469318496944,10.479365924953964,2.9418292510044672,2766.684834180597,0.4111662040559589,0.1690576473577864,combination
0.3040823371810547,0.1271088542302036,0.4372134078549561,0.1966136632054186,0.2388569876789661,7.576996320386728,5.019615257164702,6.382061238152409,0.5149074582649336,0.0001770908437109,3.5603349473300003,1.94067209733,4543.515625,0.386617698350486,0.2561268364494796,1.2714243843774742,-0.0306204494767128,6350.467120756167,0.5630943763916366,10.5999897596881,2.833641081082693,3001.404602405792,0.3866176577921144,0.1494732133166605,combination
0.2987895586331495,0.052866266276218,0.4975344061533292,0.1799592303808994,0.269572951960205,6.717523962490411,4.45597973339353,5.648692316997013,0.1726882490737438,-0.0013191958983935,2.97398608073,1.68777028425,4543.515625,0.3787652514668528,0.2512488669447614,1.2676656212471489,-0.027103698918784,6660.425531354953,0.526753027289688,14.168528310753494,3.4034305087929715,2883.504312153517,0.3787629541559336,0.1434613754409298,combination
0.3045039053224463,0.0647124235586175,0.459339060126825,0.1993183876824509,0.276597164295413,6.619039512515744,4.33795722606844,5.542688467206292,0.3780270903070697,-0.0033732260769189,3.34563908504,1.68777028425,5223.828125,0.3890702919124109,0.2549871897665282,1.2777185616073303,-0.0067469529214537,6761.909059060077,0.502255170731865,17.597691227719018,3.510007361170703,2859.294358194873,0.3890556687604521,0.1513643133946426,combination
0.30345031915521,0.0575363037981439,0.4881848887613748,0.2058435603824153,0.248301736288831,6.508215410226927,4.3000048584606985,5.463394487128638,0.2379910323282197,-0.0012837309803369,3.01519144556,1.6578688007900002,5321.015625,0.385550448281,0.2547347769382135,1.2705554219035011,-0.0124666933820086,6623.343032102023,0.5296464009437297,36.461134841914685,4.912027372168271,2770.6819053299228,0.3855483111160652,0.1486475002044502,combination
0.3045708813174023,0.1376710461163629,0.4372788765955869,0.1918380543461956,0.2327607164722754,6.504299875621298,4.222348524865887,5.431640394854374,0.4841267548384178,0.0019351910773242,3.26147260082,1.65431950206,5223.828125,0.3918007934014744,0.2543424401849211,1.2864026649782296,-0.0026132119634481,6295.887990265318,0.566970313278848,21.198842465707656,3.731121346498008,3018.6480107933426,0.3917960142032063,0.153504116745519,combination
0.3198731118668554,0.0475929726285299,0.5192279618508276,0.1800235790557425,0.2530688219930802,6.187003515448269,4.034750056600731,5.18780851311669,0.652827268393255,0.0007453213462988,3.26659355162,1.6594404528600002,5126.640625,0.4112870511384479,0.268213917887158,1.2857818800026015,0.0070143073381572,6628.16443940027,0.5195706939534495,22.7395637750707,4.056026481184185,2813.50725781175,0.411286375814044,0.169156482930251,combination
0.3176580720935742,0.0949182477922252,0.479421522285254,0.1938699329380874,0.231597487530342,6.167542868259808,4.128247202446628,5.2239832657901735,0.4014553897727451,-0.0032230285470898,3.2176701823700005,1.6594404528600002,5175.234375,0.4019721619084544,0.2690602219240377,1.2654240430888322,0.0038310636928387,6399.408285539054,0.5360858108527884,37.58763938641156,4.948565357500771,2898.066894685613,0.4019592405161764,0.1615712310363413,combination
0.2986005961793408,0.0468531452222866,0.4730678518977758,0.2300649283855041,0.249831583972187,5.85301705750236,3.9447763204496855,4.96062227638808,0.118266545106942,-0.0016937178163232,2.68190289766,1.48124476915,5175.234375,0.3754952496219469,0.2530737147350954,1.25751674452928,0.0540291109800241,6703.798288695974,0.5292218970060322,10.663819521039116,2.901009249174891,2807.232907970461,0.375491429740556,0.1409938138086069,combination
0.312710776646294,0.0870713208886415,0.4942468486250379,0.1913954812429437,0.2270281795487397,5.617601526363654,3.7459759907363903,4.73678836730795,0.1572973854372601,0.0009257209122705,2.91475374981,1.48124476915,5248.125,0.3954229212394963,0.2636792165123233,1.2645004610338637,0.0381639582325645,6394.215240679518,0.5289702375924572,21.180579780801708,3.906423156327478,2811.2406090445056,0.3954218376397155,0.1563584296823695,combination
0.3270673582693945,0.0493089906330327,0.5399798756376049,0.1791413170656456,0.2312950804841538,7.93585433597178,5.171638360469944,6.632573108329634,0.7215756408895713,-0.0006337501802343,3.81747983393,2.1692981650700003,5223.828125,0.4194605295009215,0.2733540805098913,1.2824897345929145,-0.0137243687622317,6467.087002456226,0.4899142533993285,24.757163690102274,4.408445860488132,2715.9230873093,0.4194600507436941,0.1759467341699024,combination
0.3273313579118799,0.1562494542996721,0.4546759552012575,0.1611449121519156,0.2278050698381708,9.422752221337577,6.014024647734426,7.856959687077571,2.2817365964414265,-0.0024184833349365,4.89998177298,2.57182928343,5248.125,0.4276386337057742,0.2729382268596811,1.306439555421078,-0.1075188953878381,6067.732883221102,0.5740552660584238,47.36043141189444,5.724206060005193,3069.82010564341,0.4276317948610697,0.1828689519761,combination
0.3339337563700635,0.0518474307326912,0.4960804346827397,0.1630530508244388,0.2888832136544158,9.136421363612442,5.976151883989615,7.701615168787888,1.7859406833568352,-0.0013200055725341,4.89998177298,2.57182928343,5272.421875,0.4303487149180476,0.2814919738348327,1.288724804572131,-0.111770139164613,6769.932082644006,0.5230913484007974,27.075755878186893,4.41584359718137,2918.8296242709152,0.4303466904914031,0.1851982740169035,combination
0.3243534550009814,0.0629916706984372,0.4865928247407639,0.1803838172453283,0.269941396925882,5.758331844443577,3.8232423943659097,4.85511728646527,0.3467129225995142,-0.0008653199611962,2.9985178736100004,1.5747740663000005,5321.015625,0.4118949059104004,0.2734774773043962,1.269895231759298,0.007997710085982,6682.474698217651,0.503614742315529,27.66237969581584,4.237939941228476,2856.258122646794,0.4118939969656056,0.1696566647363023,combination
0.3074569357504638,0.0546889236429374,0.4753467166327137,0.2043445808990966,0.26546082796357,5.926324768475389,3.895501529181025,4.965131030834769,0.2952353034332402,-0.0008772447943115,2.86776292985,1.52656397234,5199.53125,0.3918786736199636,0.2575903332973641,1.274580690994779,0.0673599687587249,6722.30763843796,0.5405876174348655,16.375663016268856,3.221154536505867,2878.2420514674272,0.3918776917352056,0.1535681252797128,combination
0.3046376980399463,0.128264381202672,0.3963854622750263,0.2055296181555839,0.2690520122771516,5.733104376709784,3.78945920631104,4.824013332641775,0.4005452392346504,-9.29197602050685e-06,2.90029316017,1.46957631697,4519.21875,0.3878063430588034,0.2563316870594612,1.2730083819368654,0.0692126677363972,6537.279472927596,0.5890442377698399,10.788045065574536,2.661821962518345,3076.7962227609933,0.3878063429474839,0.1503937596303015,combination
0.3046876286890381,0.0441222260968209,0.4551433106146886,0.203741309163433,0.2964181104890195,6.384640060799955,4.249961053111954,5.393103497474294,0.437813069611741,-0.0008126970955419,3.1127882328900003,1.6432119159200005,5175.234375,0.386641641037343,0.25736954632868,1.2689771576907265,-0.0207924648205201,6918.770181475407,0.5401272596629377,27.27975617382312,4.254921109778037,2877.525647985231,0.3866407869165906,0.1494910981074804,combination
0.3204652194371093,0.1318734099055633,0.4385801475159904,0.1747229687906065,0.2545581419714957,8.13250780602631,5.360460134052493,6.841736968371014,0.7213933989707795,-0.0001461775104199,3.98943404615,2.1925387389,5272.421875,0.4090206221238039,0.2696017994935457,1.276333896209518,0.0336775817225266,6356.185400178961,0.6180357687816181,10.760176253614684,2.8630923152848307,3080.435729254699,0.4090205960030363,0.167297847954679,combination
0.3176480279898877,0.0703553450863281,0.4997722901549758,0.1942653075314005,0.2353463702555797,8.210068977727191,5.3905678071215934,6.902415710793581,0.8496128706144064,-0.0010381139483837,3.98943404615,2.1925387389,5272.421875,0.4067361393735537,0.2670548499468228,1.280461717163571,0.1242108035992468,6472.328544565512,0.5882175739799371,23.07339444243143,3.999448391768058,2871.2025412346297,0.4067348145806221,0.165433209391933,combination
0.3144488482458936,0.0746423112814751,0.4937649384575288,0.2091906293530207,0.2222922876171193,6.394573060353656,4.213651616187107,5.375127768184067,0.3916864250113581,-0.0030038836920947,3.22596734194,1.6902027358800005,5150.9375,0.40112541088754,0.2643183086544518,1.2756459854286597,0.0458920381074862,6448.617208789916,0.5149439189813243,30.190667303626988,4.573118412083562,2739.3950139070093,0.4011141632284531,0.1608925719424621,combination
0.3241451395953613,0.0364770663810912,0.535472573911696,0.1876730449316019,0.239747618875603,5.073338486940219,3.395938132504686,4.281241214359579,0.0387461222576099,-0.0025705085850683,2.69427243239,1.38774353107,5150.9375,0.4086480603951594,0.2735365548035731,1.2606947027041198,0.0126665161447474,6643.403082503968,0.4637577071334297,29.654633015209008,4.652537961995639,2672.4900640765227,0.4086399757125336,0.16698662975034,combination
0.311174002056665,0.1422517368237547,0.4189324849060953,0.1813634037139578,0.2570553409373808,7.013959280911099,4.673936821709965,5.922953721867727,0.4939855621198687,-0.0018842293788232,3.48313661402,1.84306921363,5248.125,0.3943290814435337,0.2627715873181672,1.2672301633081997,-0.0271845611114618,6394.105243314147,0.5742013576140796,13.963326648361246,3.065278733474427,3084.9102306432046,0.3943245796951403,0.155491874151749,combination
0.3085087345348193,0.0527457056296614,0.4373516889414475,0.191732281445527,0.3180009779765202,7.10237057681107,4.649933608461351,5.974123281822301,0.8497568891141887,-0.0014424330653857,3.48313661402,1.84306921363,4519.21875,0.3963646298683103,0.2595005700839577,1.284776038726953,-0.0319042051839859,7038.767135473237,0.5537777116836107,6.598850396645352,2.3341835009925487,2968.859294397105,0.3963620052395215,0.1571028391974945,combination
0.2986141748216651,0.0703129312487959,0.4178121565722884,0.2240864198826036,0.2876799562268712,6.38025554580424,4.201964351889044,5.359904375757976,0.4382897640492502,-0.0011834266426806,2.95245979826,1.60054342229,5078.046875,0.3809036175117612,0.2508588270171315,1.2755711202900537,-0.0603707012935511,6898.531430317704,0.5415602438027111,9.620521621621098,2.7106872636625394,2920.421062315208,0.3809017791175665,0.1450861653349274,combination
0.3130431645584814,0.0588592019330802,0.5208463644436607,0.1893199819842138,0.2308045387724664,7.680177938944402,5.073591347046633,6.473323693165741,0.9228771878108089,-0.0026255277289697,3.87410291849,2.02642973412,5078.046875,0.39940736167086,0.2638519250764288,1.2758859061311474,-0.1288711306523402,6582.696488606838,0.5405416633090218,31.866273508510467,4.877979338076043,2797.4886729956297,0.3993987320473383,0.1595193471610215,combination
0.3224821040014404,0.1191251159728351,0.5249859306574151,0.159055204630686,0.1966042926961669,7.473810324397495,4.895771314061288,6.283851751695805,1.053974025980252,-0.0017345230116162,3.87410291849,2.02642973412,5248.125,0.4139142954450981,0.271137431398938,1.2835264044396375,-0.1210032786532068,6084.176229629388,0.546484800157257,35.878155007728466,5.217759524694177,2842.01805669066,0.4139106611380457,0.1713220354037341,combination
0.3178788320601172,0.0451240891621492,0.4976807937909055,0.1953943943852571,0.2614847180901817,7.564015035312237,4.988017785201576,6.362153541565565,0.5466099678872531,-0.0020515431818457,3.3232349252900004,2.0223939371800004,5102.34375,0.4054504262555012,0.2673704279722544,1.2754873409715513,-0.1272289070581282,6740.700623261738,0.4945848332755058,29.100442873412995,4.49038027467901,2769.54516653032,0.4054452359090444,0.1643858393213407,combination
0.3166061356527978,0.1099286835025624,0.4638415598797554,0.1719868713802976,0.2540987230887484,5.79085981952004,3.866296299063421,4.886097736357401,0.2116890031999432,-0.0037328106976513,3.05857931085,1.54696852273,5248.125,0.4001163912617718,0.2671396944397484,1.263767015875379,-0.0404348661809824,6430.634421071133,0.547472925487011,17.874285716198766,3.445925306983169,2975.192606323274,0.4000989786048431,0.1600791926806387,combination
0.3043463099943554,0.0538154968395146,0.4954190649464207,0.2014829953225049,0.2490739617066297,5.901961663706561,3.931519467316847,4.966745902547776,0.1143239756538032,-0.0028220314754589,2.8678970499900003,1.51161078812,5248.125,0.3844851337215004,0.2561200621507723,1.2633145896483229,0.0459630797363568,6686.95368872906,0.5356466993506379,17.16900240481578,3.458303488950212,2830.260020079253,0.3844747770546093,0.1478208541911915,combination
0.3123004730540381,0.0798069089657109,0.4596729494324721,0.2230355263700661,0.2373834712443376,5.93432327046989,3.9523930439919375,5.001053816910975,0.1751678622901105,-0.0032959676848388,2.84204844119,1.5618314727900002,5175.234375,0.3951609709373798,0.2631861126544816,1.2653229983068397,-0.1219784464599076,6624.851111801263,0.5690124091430656,29.720220560522684,4.776745875394174,2832.159115201978,0.3951472251568942,0.1561413295491932,combination
0.3244385505085693,0.0660760678365118,0.5315862464285251,0.1782570982498473,0.2236339633609111,5.716843342917856,3.818569733805941,4.8139515798655,0.045749359172222,-0.0021601853771044,2.8851680662000003,1.5618314727900002,5053.75,0.4090095458943823,0.2731982283063309,1.260668762245562,-0.0866566547901355,6341.0657383687785,0.5258509627953131,31.893197226486897,4.713217210973276,2808.2535837727924,0.4090038413412096,0.1672841422318653,combination
0.3287922024246191,0.1299684043796079,0.4699849868534692,0.1766412166470932,0.223105212352059,9.224424384935377,6.1084111534655685,7.769840945317726,0.9349351483634192,-0.0009264592890429,4.5047906841,2.5546631169,5053.75,0.4182205573131121,0.2769455318070665,1.27199049803803,0.0899343203742157,6131.361675590853,0.5826499763050129,23.051426839063108,4.100916833974857,2973.634967812353,0.4182195311465927,0.1749075762324758,combination
0.3251544370708155,0.0534937756255946,0.4682877462461672,0.1947658770454019,0.2833701091341482,9.321749765997884,6.137340350926353,7.856768432606747,1.1583641734753185,-0.0020690077339892,4.5047906841,2.5546631169,5005.15625,0.4162492172223113,0.2740540328832272,1.280158502440046,0.0040733952016755,6808.163882282208,0.536588345969835,24.4672906772986,3.947508438896012,2876.5500749950907,0.416244075087182,0.1732591300451836,combination
0.3130018062227148,0.0678261807462421,0.4534983341191806,0.2036957887354395,0.2747909448180147,6.6292204064023945,4.387661933270906,5.585341216612857,0.4224224528725235,-0.001614825192246,3.08188573336,1.74822188917,5223.828125,0.3984404258481096,0.2637145519375997,1.2729652606688198,-0.1211549519085341,6717.159211061715,0.5100807086574549,15.79718105740506,3.3424148123745234,2879.841163246878,0.3984371535005507,0.1587521652896214,combination
0.3065676985693066,0.0609866244279632,0.4696051969167285,0.1927491535562668,0.2763842142240498,7.062643562777455,4.705627120081954,5.960881541004461,0.3767539074909716,-0.0014185387480078,3.17549549471,1.82741373547,5223.828125,0.3883464815287305,0.2587435878969023,1.2667560324883214,-0.0786486733863462,6720.625871308309,0.5479277067695414,18.549836845266725,3.488396006176549,2871.434476870358,0.3883438907251729,0.1508109774635651,combination
0.3081340543542432,0.097025510131996,0.473511018306541,0.1958805508365256,0.2333410730258267,7.042949334002349,4.64353773299594,5.930580244691592,0.6861985570294289,-0.0013923285244482,3.591371567,1.82741373547,5175.234375,0.3935391161968615,0.2594671136774346,1.277168526606388,0.0080047533504734,6385.774026434139,0.5933259083788722,14.936295857247964,3.2159676737260305,2883.722906025684,0.3935366531827586,0.1548710973982869,combination
0.3074030561076953,0.0573220838548634,0.4716627981612247,0.1927851100479655,0.2780691095082327,6.802434908250165,4.508450790995637,5.738257302529927,0.5451845080249731,-0.0014857357481933,3.49482945168,1.76395783153,5175.234375,0.3912558688791746,0.2593127101283435,1.2727780713478083,0.0073798158797793,6775.1342778049175,0.546250399288014,18.411790531585577,3.490567994414073,2871.0374440899814,0.3912530479391622,0.1530789475216844,combination
0.317558206462417,0.1270824467084173,0.4374146227189244,0.1777401494583439,0.2575966716039118,7.257154726527189,4.888893181415966,6.15801736886128,0.3340643200584545,-0.0014822202145166,3.3591608337000003,1.95552895102,5175.234375,0.3999942069615074,0.2694622100135092,1.259593355868278,-0.07214254345703,6392.72098230966,0.6146366076390892,9.923223539130644,2.633818305115365,3071.617592476968,0.3999914606913514,0.1599931686260009,combination
0.3154873553767627,0.0469248631260956,0.5170331663713946,0.1851861753136583,0.2507076408097861,7.388643410701192,4.853508126357073,6.19843844037635,0.5397141577400042,-0.0016472865764501,3.4659265615100003,1.95552895102,5272.421875,0.402910410389644,0.2646668464454177,1.2771047825624533,0.0110597170435226,6634.6562310990585,0.5329043319393265,64.06860769240105,6.481570426190916,2784.035633036324,0.4029070429358196,0.1623340852472863,combination
0.3110158375983789,0.0877779120114454,0.4832037218064933,0.1947027060736672,0.2342389708321338,6.597349956563092,4.312732621059816,5.514001533113369,0.4284273790622053,1.1738714433592434e-05,3.25819275376,1.71494180534,5248.125,0.3976462155260087,0.2599440406574102,1.278540085278543,0.0855009049334484,6461.337798525407,0.5773386027185099,28.06286677397136,4.478450077364899,2902.253807708209,0.3976462153527423,0.1581225125843595,combination
0.3132081713085596,0.0677170023225366,0.4482057384667974,0.2142985619033581,0.2696227854217059,6.48345448012995,4.315770967318841,5.475405696393889,0.4101538138547878,0.0001820709350244,3.25819275376,1.71494180534,5369.609375,0.3973662685824596,0.2645105029418864,1.2686970040477998,-0.1021999188147523,6753.477728640117,0.5883764572425817,11.745479686590436,2.978573568509072,2889.688703719677,0.3973662268705307,0.157899918257322,combination
0.316016103901543,0.1083172766634675,0.4378326758900623,0.1902699049170103,0.2632353299563993,7.08081939639966,4.687822484641084,5.963786434083677,0.5579789708389815,-0.00352872220958,3.55767083364,1.8846525534,5248.125,0.4020315529384418,0.2661630593711058,1.2721869169797042,-0.1530149632886386,6529.681475319861,0.5673923433154971,20.008421783926515,3.6540628748849584,2986.3166879051955,0.4020160664422042,0.1616169176776627,combination
0.3362775694803711,0.0631896245626257,0.50494449959191,0.170506017609511,0.2612603052955597,6.714281035713466,4.3339108333649055,5.604455141959771,0.935318512301909,-0.0021816328116015,3.74118376338,1.8846525534,5248.125,0.4348618663058028,0.2806931290745019,1.2931634630813107,0.0503741703754991,6690.492322504198,0.5069645566436134,91.96329341616229,7.989492218334127,2835.8265110938723,0.4348563938189724,0.1891000832452412,combination
0.3290377253260449,0.094782008904859,0.4977029535271443,0.1664971294246236,0.2407662837184646,6.730911266731479,4.378166087975472,5.642305021834061,0.8488264320852172,0.0019685603681933,3.46097630907,1.85653120998,5272.421875,0.4240431204926004,0.2758216735312169,1.28873708956143,0.0808893054141333,6402.3959795158125,0.5726899665118844,28.14094533169694,4.520068130586379,2908.1953622185965,0.4240385510860761,0.1798086928071788,combination
0.3103536901804736,0.0702913134833593,0.5085610644122176,0.1859627699550223,0.2348519312502244,7.119143003563043,4.697217494768743,5.982963553648204,0.5514802528818734,0.001091567180913,3.3302945217500004,1.85683481709,5272.421875,0.3953052672476724,0.2608228007445106,1.2737250426047737,-0.0090351586862539,6468.236979176332,0.5412990316742056,17.95856304121383,3.710415347564875,2826.909406570553,0.395303760157734,0.1562650627948433,combination
0.3199761457432568,0.1172725381992346,0.5164943107389178,0.1574503860102655,0.2085501309663409,8.410332806393841,5.431041738679454,7.031056155277199,1.1657248094192134,-0.0035384115085791,3.81757737585,2.24977024907,5248.125,0.4142428575069332,0.2675007399659194,1.2946054354917893,-0.2115323122281017,6109.157310382652,0.5385378017588749,38.84873132057342,5.02549026853584,2876.5865800841484,0.4142277448934406,0.1715846246395053,combination
0.3149358724109863,0.0995181528550606,0.4676394820327738,0.174840007891375,0.2574714667202394,8.509028975163822,5.552739447628497,7.143582062744779,0.9806497883528444,-0.0023973335747558,3.81757737585,2.24977024907,5199.53125,0.4051640222432637,0.2643980007162551,1.2864968958332288,-0.202134153309733,6497.080880088148,0.591821409895284,17.397831287266534,3.5060472849025808,2975.7971520008464,0.4051569297347279,0.1641521377120712,combination
0.3056452676866308,0.1170094868604034,0.4499829403733789,0.165873593765752,0.2669086237812835,7.164267389867402,4.744876363962384,6.03079053221221,0.4760338646071465,0.0009314035149707,3.40414594793,1.84328258658,5272.421875,0.3884785282457178,0.2572883571022208,1.271011101156696,-0.0425048088317522,6492.009018424576,0.5938854253208419,19.31119071500165,3.553894507206031,3044.2219664233667,0.3884774116926893,0.1509146993954512,combination
0.3122758309633789,0.059925407536772,0.5208173630820337,0.1792308172837163,0.2396768588645375,8.269497865450472,5.386040349407669,6.922923872752499,0.8188033332662146,-0.0001174162179687,4.00514439164,2.16186180506,5248.125,0.4013824005788874,0.261426006782364,1.2853457129250525,0.0282104013968487,6500.103147857422,0.5712250314055368,22.25834741548626,3.821321259778693,2855.919576491357,0.4013823834050297,0.1611078177079022,combination
0.3204227377824121,0.0832749968419706,0.4749459769015604,0.1945331956884476,0.2472294192371348,8.022671293742562,5.273961627192015,6.746905104244021,0.6126747819193601,-0.0028564604868945,3.60113795174,2.16186180506,4519.21875,0.4099123122006915,0.2694690740659144,1.279285967773762,0.1232605253276999,6483.887323300692,0.5816827614223753,9.684774303503527,2.771818321451068,2869.6620822682225,0.4099023595043141,0.168019944327204,combination
0.3162278428120263,0.0789559698367878,0.4860521275747985,0.1653270464996701,0.269650169849658,7.1740216327068405,4.728957475021576,6.030737768190828,0.4970136215433043,-0.0020873206579345,3.45948879479,1.907087195,4519.21875,0.4032785672261302,0.2658323730591309,1.2752784942654432,-0.0423805179440003,6552.631398746525,0.553235910225183,14.601110084635444,3.3538662627051523,2938.9570552942337,0.4032731653314306,0.1626292458764314,combination
0.3143608026125977,0.0990690066989705,0.4679241892670732,0.1908495545996399,0.2420884754083145,7.24665710866276,4.724222041710703,6.06655530572047,0.712211707384105,0.0007941399341894,3.50623575995,1.907087195,5321.015625,0.4036828028323196,0.2631678533154604,1.284138478707849,-0.124382668321936,6430.471333345391,0.5504291457250172,19.0692156007379,3.801798516503806,2890.7986177746725,0.4036820217006479,0.1629591746443223,combination
0.3217162737001319,0.0599897775417354,0.4864713351850637,0.2158563868487491,0.2375495300110904,6.909523411455984,4.60297274309448,5.839227375426455,0.4795813033400691,0.0004985046868505,3.47772303746,1.87857447251,5199.53125,0.4081220066593474,0.2718819172673075,1.2685774392617557,-0.0001421308826456,6577.254611587651,0.5354740649927243,25.367440845922808,3.8530984414188407,2737.530820222805,0.4081217022074783,0.1665633238127296,combination
0.3270019229866553,0.0763673772180745,0.4891248551149451,0.1962551721759274,0.2381826581685936,5.531750409317463,3.7605458402929024,4.711209732099556,0.1593681849079731,-0.0013068959956396,2.97432747745,1.5405746419900002,5223.828125,0.4096678268041023,0.2784967737147208,1.2527994424693965,-0.0003755976511936,6458.709008180156,0.5322458144167939,7.771952725114449,2.618453546033673,2828.983723244592,0.4096657422109548,0.1678260203412525,combination
0.3144477247344824,0.0608439007994488,0.4946584838121599,0.1825362512923475,0.2619316387502526,5.054023630704225,3.441413763424621,4.299878701528826,0.0398520184556203,-0.0011430352146874,2.67697093433,1.35208707433,5199.53125,0.392887100266755,0.2675268604040146,1.2494512421691275,-0.0393373764226096,6716.100988285652,0.4954077018616384,28.116190493696887,4.674889507493518,2840.9769467181086,0.3928854375342985,0.1543589670265172,combination
0.3053718116573486,0.1100063104546926,0.4809425073108325,0.173923566060773,0.2349515924139612,6.676658478142559,4.417814006310653,5.612120797066235,0.4385877119491028,-0.0009150018046044,3.28062129899,1.71378349504,5102.34375,0.3879256783087598,0.2566828153110466,1.270338857418979,-0.0226212918702492,6350.752701800473,0.5608827346907446,21.424767783495746,3.96969447899636,2912.907903220596,0.3879245991981032,0.1504854946630089,combination
0.3194913981566895,0.0918796518747523,0.4727815882872161,0.1959514297887195,0.2391056460247876,6.376439891255036,4.224673001129237,5.364099017775439,0.3498493048555922,-0.0004749766533496,3.28062129899,1.71378349504,5078.046875,0.4056606261790943,0.2687680781544521,1.269707505490162,-0.0373122449126083,6461.280498599878,0.5465369153841523,29.12766164836343,4.613009363182876,2861.851016839541,0.405660348110576,0.1645603180291937,combination
0.3277402838250537,0.0882324966147927,0.4592356376234631,0.1817166961634815,0.2706241878697341,6.459792474224363,4.315299415232102,5.444827146279498,0.1806387967648066,1.1676202827150437e-05,3.33119068814,1.7844891943,5175.234375,0.4135261595061347,0.2762455916997962,1.2617495618172867,-0.0656313398567334,6602.674454849504,0.5293281582972243,14.074883956806548,3.3594732436524475,2889.0003935259742,0.4135261593412918,0.1710038844595594,combination
0.3315340876125293,0.0415965938576249,0.5438663870916127,0.1758120456570531,0.238563142279056,6.382305043988456,4.261293698698413,5.382521016618867,0.1973392612248599,-0.0018951034216015,3.33119068814,1.7844891943,5248.125,0.4187670037493687,0.2795994835722909,1.2631189955911573,-0.0540271432302262,6585.449689659784,0.4808188937627013,49.99497638718457,5.798203884547168,2733.773549892573,0.4187627156424569,0.1753622120122452,combination
0.3338305056674219,0.0802787666321906,0.5286214993006225,0.1796646002674897,0.2113908507025958,5.681844117697457,3.792538529628359,4.790187679651757,0.2269900084296452,-0.0006655537041992,3.00899753364,1.5991107753400002,5175.234375,0.4216465469888585,0.2814422117564241,1.263055771808114,-0.0065581820695894,6277.468086459208,0.5587208845207148,11.112938917561522,3.1610803854894254,2798.239656211791,0.4216460217124009,0.1777853676258945,combination
0.3245183064459082,0.0740634091810193,0.5133411351287258,0.1648104115089814,0.2477344276649415,6.291150926032159,4.1872934676301,5.302798794578445,0.3748119808429102,0.0006531435174804,3.13074204254,1.7208552842400002,5248.125,0.410970785196472,0.2735358449467921,1.26640247108825,-0.0569103064841566,6477.67107132035,0.5159319151459141,18.868226662599405,3.773272791091908,2861.1381944044438,0.410970266185463,0.1688965596885503,combination
0.3144240424343603,0.0938578560878349,0.4719336450142118,0.1800604387493941,0.2540896211419863,6.473625354174001,4.323546078843542,5.473039755219255,0.3879537546269245,-0.0007926100326708,3.30828662605,1.7208552842400002,5223.828125,0.3980194157431746,0.2658255907766494,1.265868260778009,-0.0545521684647513,6512.57534093562,0.5405775551341048,11.890691169067818,3.0915021315476268,2897.6822726460955,0.3980186265463894,0.1584188270778742,combination
0.3187484442228369,0.0876454823495957,0.4530779344226718,0.1949994153349799,0.2640703496570194,6.331896115644385,4.236926291792475,5.360497854871046,0.3931716110119199,-0.0017657133264892,3.29608169331,1.7086503515000002,5248.125,0.4032759207564921,0.2698481340018185,1.2651855344415803,-0.0456100230221568,6599.781006555387,0.5742415529799433,22.390683392955868,3.840659596692019,2923.923547525028,0.4032720552163826,0.1626283505184451,combination
0.3150260089587255,0.0796469781311717,0.4811827580154344,0.1725742989328414,0.2663083155449296,5.497774411036294,3.69820770046559,4.649064015447333,0.13835898341366,0.0005593969450146,2.8903194988500003,1.4645760821800002,5272.421875,0.3960232092955774,0.2663943575494829,1.2571127400070132,-0.0919645013700404,6588.4107312126725,0.5287315381326991,20.451964612018077,3.876224059510057,2925.590186025789,0.3960228142112858,0.1568340693758266,combination
0.3115459639177295,0.0644159012994074,0.4857563906288549,0.1770330227931237,0.2726450046652554,5.4766059111477015,3.591122833446631,4.576350143462294,0.2497206722313012,0.0015924637531298,2.72054778709,1.42574341667,4616.40625,0.3970188386181217,0.2603333962313923,1.2743507687455171,-0.0392337509233078,6670.42376166973,0.5058520445052482,8.101081440731287,2.6209941354770083,2891.4149583392714,0.3970156448767191,0.1576214222768771,combination
0.3122074969435449,0.1146655492126312,0.4769631220764768,0.1764745846833879,0.2317986696810691,8.32221757205753,5.4236497574068006,6.966671406911488,0.82391200117006,-0.0036823578777636,3.68822459719,2.17504704198,5248.125,0.401030143771664,0.2613542632294166,1.2844987634751786,-0.0658679063866168,6333.571955046825,0.5687396449543254,14.256681313550608,3.2988736980146407,2913.9268883914465,0.4010132372553076,0.1608116164539816,combination
0.3061684768580957,0.1165847501862107,0.4291069918594269,0.2159469650324565,0.2381433691151951,8.38455147049854,5.627531614207504,7.104085516250259,0.6441724991890196,-0.0022871524032812,3.68822459719,2.17504704198,5272.421875,0.3865010791745327,0.2594112576722811,1.2623803833131717,-0.0949244953573853,6427.895300795305,0.5663472147426677,21.09679216321462,3.943102581725279,2930.9901720956323,0.3864943119076431,0.1493778531369625,combination
0.3107848904712451,0.0957702303974994,0.4184740578215797,0.2313198980249585,0.254005347375298,6.07519408627251,4.075992796771558,5.141784855875583,0.3421022779435065,0.0007050906624365,2.84857765346,1.59798904326,3984.6875,0.3920490351518058,0.2630350603729371,1.2614803588338523,-0.1552480467287868,6581.286436497593,0.5976407079214329,7.450323967536555,2.416177482393816,2924.004932453836,0.3920484011070823,0.1537019488106196,combination
0.3109288427554199,0.0612699608093954,0.4814256131996253,0.1979548295872898,0.2591383684880179,6.782400864705947,4.450144289346899,5.698869391264001,0.7887420233970168,-0.0003254369837597,3.32052204064,1.7719428648400002,5272.421875,0.3981764971265796,0.2612559918215367,1.280603284011801,-0.1215782722738371,6699.587401075371,0.5464623178184436,36.06267418515695,4.763724490321157,2872.652022482975,0.3981763641337374,0.1585444169547626,combination
0.3105058166013769,0.0890505540825798,0.4683246573073465,0.1824000895938805,0.2602078467343259,6.798912149199569,4.437301013566139,5.706633402989664,0.7553629719958574,-0.0029638018453906,3.32052204064,1.7719428648400002,5248.125,0.3993289748481448,0.260621526790666,1.2860595631314622,-0.0540793034331286,6613.534810516905,0.556889003761787,44.435358788395725,5.544479022630526,2923.261528685585,0.3993179760941041,0.1594548460318915,combination
0.3113786644454199,0.0853563959015149,0.4932352022584866,0.1796606083125008,0.2417286019016997,6.476658474514339,4.286633710759059,5.462604338930708,0.4946831908132783,-0.0016309710471679,3.1960463579800003,1.70093844345,5272.421875,0.3968005101954011,0.2626259281917049,1.2743342929488168,-0.0533817840303696,6463.179851954929,0.5295056712754276,24.998820580798,4.229874834177654,2855.818008741641,0.3967971582871706,0.1574479848247739,combination
0.311104490944043,0.1142200650225113,0.4542300898020662,0.179581061005069,0.2518714460432121,6.672280094696513,4.432941069589086,5.6274777271694765,0.5206090039940601,-0.0008514275008496,3.34229217791,1.75073359361,4519.21875,0.3949372586115351,0.2623891036890938,1.2694682015457333,0.0189995361224974,6405.883338438323,0.567252408476007,13.529223546105095,3.2197315979690786,2968.996745953332,0.3949363408333112,0.1559747133108054,combination
0.3159965991935742,0.1079197820252732,0.4189820081863638,0.196445905451799,0.276437026337588,6.590663664051768,4.374754562195755,5.540355807872254,0.3261155692165416,-0.001198003753955,3.34229217791,1.75073359361,5223.828125,0.4001901292335085,0.2656384368632301,1.2664380890642393,-0.0173382299246547,6606.144152974933,0.5819593272241272,10.713492531257382,2.672818504095275,3014.171785979213,0.4001883360655801,0.1601507043229377,combination
0.3141549745042725,0.0753501899884408,0.4731349280242792,0.1885998342424922,0.2626950407154674,5.98864439387322,4.017951300673579,5.049814130345482,0.0546323591664239,-0.0005846785691748,3.13342444534,1.58642422937,5223.828125,0.3948341108823414,0.2649053984559539,1.256813174788584,-0.0851585735978641,6593.798004921188,0.5419057681316224,45.54529759120828,5.257542737854164,2904.864911019229,0.3948336779800068,0.1558936332672197,combination
0.3148794489128027,0.0637147090933192,0.4940282074380079,0.1812940438316643,0.2606617942975155,5.812136092518326,3.90443652293761,4.912992007929993,0.1050682676120899,-0.0014854202134179,2.9443150479400004,1.5470002159700005,5223.828125,0.3962159986163822,0.2661672389195044,1.2583101246664827,-0.1436536341267599,6612.452657239375,0.5085428465356558,41.80508505497088,5.616626385401334,2850.0308977390146,0.3962132141743464,0.1569849110863665,combination
0.3153599821765331,0.1302456903625499,0.5155609858170109,0.1602140431788641,0.1938947739741321,9.170387532590077,5.999594116054878,7.685250410127493,0.8629829795435091,-0.0021847822058691,4.068784398070001,2.4236204323600004,5175.234375,0.4039640658147868,0.2642876785465003,1.2809617219874607,-0.1566941568832058,6031.847720372054,0.5344642552147338,22.575360122153707,4.171809074223903,2841.698323520325,0.403958157729642,0.1631821931963263,combination
0.3158933794606103,0.1119367965852075,0.474588771406992,0.1726615486273208,0.2408031873879176,9.157971965418923,6.00326489071113,7.672273589583756,0.770768932914049,-0.0009576109062548,4.068784398070001,2.4236204323600004,5223.828125,0.4037170567152676,0.2646459763702862,1.2780168340489335,-0.0518242862233605,6343.152391000765,0.5729157755034502,10.175384067264822,2.753650758207739,2920.037931346209,0.4037159209941947,0.1629865448641908,combination
0.3068647757048388,0.0845720200337966,0.4524781482216469,0.174947894100061,0.2879635533983206,8.397382093308192,5.537093177418101,7.038239637994213,0.4591399536765737,-0.0002406861291357,3.63622865746,2.15978782787,5126.640625,0.3900580609114999,0.257197755666152,1.2711073143392693,-0.0699569706485969,6673.365689194599,0.5443916590788269,20.05610026351429,3.614188366408333,2971.001019523864,0.3900579866535572,0.1521452329522266,combination
0.3046418314377148,0.0768749149108625,0.4761946739009962,0.2045302374944516,0.2423748530656361,8.434210879590905,5.583745114404858,7.089597044756399,0.5125138514306502,-0.0018986516994531,3.63622865746,2.15978782787,5248.125,0.3867991435171733,0.2560746771338446,1.2696849335881697,-0.1021671039440437,6530.474773366907,0.5469685854457957,21.435592955528318,3.95757020785,2833.965766030064,0.3867944836051091,0.149609972547343,combination
0.3110751771218653,0.0967075549876428,0.4585785646634486,0.1874360727025597,0.2571509315040471,4.861626014302826,3.268101340829169,4.10716861342324,-0.0186375120051849,-0.0028625211359765,2.52991429719,1.27763820389,5175.234375,0.3909420396265444,0.2628005939023711,1.2567445697327075,-0.0069062979539613,6502.058243732316,0.5949272357196019,13.98976919514958,3.04139852997037,2975.085628538721,0.3909315596368611,0.1528274843201086,combination
0.3080203343304052,0.0910408248902074,0.5070796273941414,0.1760662862940614,0.2257348369985747,5.331897159380998,3.5462566191484823,4.483216005988494,0.0687099618002111,-0.0015380281953564,2.65855989693,1.38092169304,5199.53125,0.3894026409661191,0.2589925596390004,1.2642108249529305,0.0225613870771465,6332.070698302295,0.5669716486895965,53.27513470153208,6.071729902524896,2886.841441811765,0.389399603570238,0.1516320512606585,combination
0.3105941872141846,0.1475036812030984,0.4566600556061867,0.1693034296209687,0.2263131804764145,8.043966295114922,5.252163072576251,6.7458479889552585,1.0021460976054095,0.0009380208150244,4.036815033790001,2.0952211732,5393.90625,0.3989253845030117,0.260471152703912,1.2843942382859672,0.0434651022816532,6098.673513107237,0.5839156439236198,13.891733328489464,3.222741704820104,3022.903349485254,0.3989242816849161,0.1591405825178263,combination
0.3128372102246972,0.1621783867613845,0.4144797732310096,0.1970883775175433,0.2261240999462716,7.964308238761479,5.233464230281808,6.697480685545989,0.9869307405170646,-0.0002379266882226,4.036815033790001,2.0952211732,5345.3125,0.4003507200979146,0.2630763539515926,1.2797413703132063,0.0040827089013304,6128.24886549845,0.6028883954988089,6.605717650260159,2.357633215854732,3038.9573221998203,0.4003506493985114,0.1602806424738098,combination
0.3127057227279003,0.1246226478081995,0.43899426676638,0.1953012716175017,0.2408359370140886,5.66650332339642,3.792010859924989,4.795640131648284,0.3416071866447914,-0.0034580424198925,2.98718472178,1.49962411331,5296.71875,0.3954693614299577,0.2646471779374422,1.264669408605847,-0.0401505698292873,6331.712609297952,0.5948719415225272,65.2695956723492,6.65404080160559,2985.905413901483,0.3954542423244954,0.1563840577724407,combination
0.3350615020435059,0.0892444835572275,0.5120305234628492,0.1607080346743503,0.2377666654650852,7.865682311097085,5.169409350053002,6.634078460560887,1.1977016314248503,-0.0035152316095605,4.38126603516,2.22282429367,5296.71875,0.4299957970337964,0.2825977716559933,1.283333938430097,-0.0737092675070463,6378.619821253946,0.5553004565828206,33.23467546189108,4.788094419018252,2899.329522311889,0.4299814282192441,0.1848840286134609,combination
0.3361488748371533,0.1378764447760101,0.5140207234636345,0.1455888949232797,0.2024236383528891,7.907297859173651,5.126460706504912,6.612618574870563,1.2268853551921888,-0.0008093095618212,4.38126603516,2.22282429367,5175.234375,0.4335982310075022,0.2811104796174069,1.2898993971571615,-0.0481694686444698,5967.275373831904,0.5528353885032419,9.437096514767797,2.885092050875561,2902.554081119345,0.4335974757201296,0.1880067709508684,combination
0.3124904762427002,0.1327303813394119,0.4465202523165206,0.1816238687369088,0.2390259273557586,7.425984485833102,4.949377795619732,6.266159042137342,0.3601578643027916,0.0004588127935009,3.32311299789,1.95811502329,5029.453125,0.3956285222403023,0.2636842329829247,1.2660498553339328,-0.0421926111659134,6303.168599869835,0.5807015000797654,16.59549006202071,3.3080874335615227,2984.9214223747545,0.3956282561962251,0.1565217171008659,combination
0.31032840454104,0.1064940532231219,0.4359060827829148,0.1858788917179064,0.2714798214180648,6.2014341628743415,4.1980854039874815,5.262070730312553,0.0664560901390496,-0.0016792865654638,2.90180505993,1.63297001432,5078.046875,0.3889797031687232,0.2633213497767949,1.25344537424476,-0.0778368220988311,6527.43877227518,0.5780559760755313,9.530588197636137,2.6593946749448776,3020.7198671198253,0.3889760782797048,0.151302389473859,combination
0.3176356827674951,0.0908160894740441,0.4608043936291774,0.1858777186711034,0.2623297974269424,6.095876344406604,4.062419873198557,5.141015644376805,0.217699768088071,-0.0033343914856005,3.0678275041400003,1.63297001432,5272.421875,0.4019697779378665,0.2678810924073886,1.2655057342285527,0.0345104521872402,6568.636532943153,0.5746422892155294,11.80993924378009,2.959300943786786,2944.9430738876954,0.4019559480948608,0.1615685842088384,combination
0.3183490039301367,0.0856823728761558,0.4880386149022055,0.1940431459810758,0.2319428172047995,5.326703430800223,3.5738086053481317,4.507183852018229,0.0659326742142831,-0.0017426703576562,2.72503471541,1.4348574898200002,5321.015625,0.4014925387086385,0.2693706357901069,1.2611710222179555,0.068626770348122,6428.213589711815,0.5574347227004006,13.098375624010178,3.176722993156352,2828.9014424312686,0.4014887566778579,0.1611932217387321,combination
0.3245057535969775,0.0852210862051446,0.5027506298753392,0.1897907421907262,0.2220059914869766,6.145565480241797,4.129461919452661,5.197332853686909,0.1789190737203987,-0.0010936242549072,2.8689822038500004,1.6865644143800005,5248.125,0.4084223192457835,0.2744360010160761,1.2585980825259169,0.1445031285005455,6359.351883950515,0.5523772444880064,19.22818026093828,3.867580966323367,2814.0141085703776,0.4084208550552894,0.1668075948440937,combination
0.3261646007977783,0.145236063626432,0.4423822951361537,0.1840307567448521,0.2282597860155975,6.930171832963307,4.693895283956808,5.917253313600996,0.7028523111032392,-0.0005830770813525,3.79325895592,1.92999856485,5248.125,0.4111720539327991,0.2784921660484632,1.260627465172793,0.066687998120814,6189.296890182814,0.5530102797833746,21.304727143504454,3.8836502517754488,3002.788518915934,0.4111716405060469,0.1690621179564338,combination
0.320008640578623,0.154826532021457,0.419280579575232,0.1726133707445751,0.2531651025933518,8.590533083599201,5.642897588528533,7.275032425782311,1.7043502742829482,-0.0030618795791601,4.59815049428,2.32807323674,5272.421875,0.4125669835782149,0.27100451323384,1.2892370119514045,-0.0303809624928709,6268.701600006979,0.6005550949592958,11.58607575429657,2.9282179032368854,3082.721398402953,0.4125556215012344,0.1702021408322698,combination
0.3174153894618896,0.0808568764227903,0.4654578759930835,0.1818139397058204,0.2718148886167789,8.690175108233477,5.715791769563059,7.334468693174434,1.5154525725830537,-0.0043936953079638,4.59815049428,2.32807323674,5005.15625,0.4073054671335531,0.2678971606146664,1.2831938231604114,0.0052748986214637,6620.682140370397,0.561748511703504,26.530598016505728,4.166321429863798,2913.7964871896806,0.4072817685563923,0.1658784389984227,combination
0.3139819120379492,0.0742754602529141,0.4613593976920006,0.191711952969544,0.2726232114413515,6.640586152361766,4.462267858360966,5.626524211963132,0.4089461053249414,-0.0011044149488769,3.44101069732,1.7666268302,5150.9375,0.3959033581746701,0.2660347730857596,1.2609113550681847,-0.0851018262738779,6709.501629668352,0.5579854601386978,19.692583962811984,3.701860459714508,2872.0243532328955,0.3959018177296006,0.1567382492816018,combination
0.3146990791142627,0.1343166583562466,0.4409186799515535,0.1856898657906072,0.2390703625506497,7.012757106232751,4.639998445065857,5.904635410691242,0.6093722158304109,-0.0018397389754931,3.5604934529500003,1.8581833262500005,5223.828125,0.4004706786542094,0.2649718645749895,1.2725511615138991,-0.1320748695619492,6299.326260539708,0.5805190999272963,12.478045765627057,3.056109189441392,2996.4523695409857,0.4004664528050572,0.1603733798222651,combination
0.3074957940787353,0.1363722508040775,0.4000954730690482,0.2063551952711667,0.2571622862036723,7.144619244134423,4.76519080300079,6.042955259980584,0.6313351267667446,-0.0046260598793505,3.5604934529500003,1.8581833262500005,5223.828125,0.3899494066596125,0.2600815050816778,1.2681454971698396,-0.0575609092144904,6471.182039661599,0.5901528771635883,9.436339803624644,2.5511544580173906,3036.293404173896,0.3899219656856695,0.1520391393241764,combination
0.311472636601123,0.1146869346767057,0.4670420197194153,0.1491785944396272,0.2690571426618519,5.901545871549772,3.9454432275755194,4.983792657227608,0.2433458000687016,-0.0026921085433203,2.9655669937600004,1.5523150392200002,5126.640625,0.3934450325810164,0.2630353254904643,1.2631768776686103,-0.0770792708561003,6467.428051969513,0.5491810542322587,31.11841102339005,4.713581539102893,3005.7039594115213,0.3934358222305996,0.154791746214268,combination
0.3209794374494922,0.1173052596120728,0.4653904438558531,0.1747538238376189,0.242522804062745,5.890422164623625,3.932960990927376,4.978139823182396,0.4070705257000191,-0.0019382423835351,3.19019384278,1.59788051999,5248.125,0.4062792699129279,0.2712675722270745,1.265748588573865,-0.1000741597490727,6345.703289140629,0.5697501935449152,38.852662485392095,5.402148197013094,2975.593993453041,0.4062746464861478,0.1650590883774444,combination
0.3008728709956836,0.0950092791116046,0.3987936457413332,0.2376549140236327,0.2684505928586507,6.283617013341114,4.19458313737805,5.310816208527234,0.4387949893071146,-0.0025686927717382,3.19019384278,1.59788051999,5126.640625,0.3809390510707109,0.2542931112124508,1.2661129925408796,-0.0196164517369401,6743.139058070077,0.6155812811605169,12.212232557580686,2.9411200072723918,2995.6678830823994,0.3809303905546237,0.1451079624480981,combination
0.3055854691916943,0.0847451972887174,0.4603682025644489,0.1832505868444767,0.2714263317035583,6.150925663604403,4.097663038701584,5.1881937371683495,0.3586162134685611,-0.0049208408014013,3.15136606225,1.58543661743,5369.609375,0.3869123943222948,0.2577557759820079,1.2661347915060186,0.0042263566321507,6703.051999181322,0.5521267444958601,15.06466644003903,3.476128908553327,2937.0568989303188,0.3868811008643588,0.1496769862060181,combination
0.3280495977794824,0.1329435971580034,0.4253792256979168,0.1734568626343961,0.2680122310346948,6.202792860863289,4.128930317203927,5.236930403965426,0.4083495267833319,-0.0045676472482421,3.30340953005,1.71797291262,5369.609375,0.4160818373373265,0.2769676420213228,1.2683503962623972,-0.0599907438698896,6475.043314549182,0.5494135760584524,27.122745569550787,4.325473186422782,3049.574303555188,0.4160567653104814,0.173103231960621,combination
0.3286148926025635,0.146430904098792,0.4464053063100541,0.1659082545692497,0.2412492885495499,6.186954691570903,4.147318944155685,5.227921653258019,0.1992777595880035,-0.0017513713779248,3.13035187486,1.71797291262,5272.421875,0.414236989185732,0.2776766597241392,1.260554522970821,-0.0985335104850402,6197.919920068018,0.5974719529408362,47.77366554401284,5.470931258405926,3069.230344216981,0.4142332868178955,0.1715892159079569,combination
0.326817124919541,0.0870560239193849,0.4782065265612734,0.1717674885211962,0.2628558393696277,5.064629944730667,3.414003010943196,4.283956636466594,0.0604982152564232,-0.0021938434120605,2.71307973384,1.40007039121,5272.421875,0.4100964137179242,0.2764408074210157,1.2548192320671252,-0.045969014304846,6482.066767009427,0.5518718937439304,42.5328360648609,5.421941707874743,2960.420909942221,0.4100905456059506,0.1681742555953863,combination
0.3103745178993896,0.0718696600368155,0.4790419705389517,0.1801374884836346,0.2688651551217377,5.2717617621111685,3.551767599610051,4.4629995856458295,0.1553262388413481,-0.0040843819257861,2.73452066713,1.38520134478,5272.421875,0.3900033732308616,0.2627587146929933,1.2565573226513531,-0.0151363747201356,6669.762235406199,0.531906989142971,36.94694887788605,5.121484363370408,2882.242308782081,0.3899819854246283,0.152085948955735,combination
0.3053574197341455,0.1094595664723586,0.4478508965264494,0.190323485199913,0.2522557562974911,6.100835520039487,4.103715754230713,5.169871643382478,0.269708069308836,-0.0007502628844189,2.95835498805,1.57865866538,5029.453125,0.3846900613797354,0.2587610598900037,1.25980256747866,-0.0056770404152231,6495.148541133898,0.598838880433802,33.188821039206,4.509974429833775,2934.371955075708,0.3846893297583764,0.1479858804299488,combination
0.3134653954075928,0.1026961089597357,0.4198711977956125,0.2037877042561032,0.2734281367230873,5.993511145413588,4.017356123332047,5.074618469996098,0.3216886203402489,-0.00064613640854,2.95358762671,1.5907172852400002,5296.71875,0.3959612333099906,0.2654065783221683,1.2631736680060972,0.0492607912176763,6600.854473495814,0.5649034586797637,29.870742409419822,4.152110986962913,2916.66096105126,0.3959607061213403,0.1567848807921104,combination
0.3113743315481152,0.1323888471830263,0.4346774382633044,0.1726383928915904,0.2601988533744451,6.0446636940455845,4.03220672044397,5.10869755169332,0.3425012020522984,-0.0046363028525781,2.9509113202800004,1.5907172852400002,5321.015625,0.3945029100752188,0.2631605935011682,1.2669731256067205,0.0342306337229629,6414.2411104296725,0.5865491604801876,26.63505116023047,4.151665860394727,3044.410049217891,0.3944756656039449,0.1556110507536753,combination
0.3099290994617725,0.1261568688833233,0.4449307797581787,0.1795434253227717,0.2492396212749122,5.700680702357318,3.7838252620620874,4.805774205670264,0.3065035600765209,-0.0062144024038037,2.83925630373,1.48944927178,5175.234375,0.3936358496027083,0.2612756878602392,1.2700835458377486,-0.0367682190797321,6363.187826838604,0.5982140649361161,13.443427847943369,3.2094898995340206,3036.030743701363,0.3935867925822837,0.1549105632952095,combination
0.309922180861416,0.0602811784850409,0.4754828435148062,0.2077087742576527,0.2564579595359644,6.4522192264174185,4.314262233342085,5.458022467731648,0.3275462057566978,-0.0019558051682031,3.17589785513,1.69156222639,5272.421875,0.392086093728154,0.2621675065633559,1.2651114309997653,-0.0482538149511899,6623.789620424034,0.5762141977647668,16.47005953705635,3.545173933067878,2829.763313910031,0.3920812157208591,0.1537276797211468,combination
0.3194688366940137,0.0697488722597142,0.4771879340222323,0.1868702693073714,0.2658552189087851,6.231230224566454,4.201548628900654,5.294920919032153,0.3293231020240941,-0.0029145903274023,3.17589785513,1.69156222639,5248.125,0.4026044622581463,0.2714652107895263,1.2602307831475896,-0.137420026193007,6676.427979445436,0.5540642748303085,29.278700062762816,4.586413381268121,2845.680343687753,0.4025939122656906,0.1620818581933946,combination
0.3235400354874609,0.1302148868318947,0.4323107521135071,0.2085244065068334,0.2286421930917014,6.21156491713454,4.134051674763862,5.244969177564943,0.5235602481940727,-0.0039725724758007,3.29576468207,1.6969575138400002,5223.828125,0.4104828984598821,0.2731932349541996,1.268723661482663,-0.0975375502207691,6261.691069541869,0.5547346169099318,9.186815874838368,2.693284286379345,2942.277678017202,0.4104636751235733,0.1684804285959503,combination
0.3165268423321435,0.1315126243447917,0.4076335831042403,0.2127793662550126,0.2479718440950538,6.374984232209743,4.215267851359258,5.361180433662301,0.5579505283939983,-0.0023491728471044,3.29576468207,1.6969575138400002,5150.9375,0.4025740649654797,0.2661900723245849,1.2718481061490627,0.0102039769987533,6415.821809528214,0.5715419808362451,7.604546498272056,2.5227707638984773,3008.5966750751245,0.4025672107484224,0.1620603591697647,combination
0.3143866205937988,0.0735497312485237,0.4679067247743519,0.1873756275085805,0.2711484045473943,6.337712542553615,4.228530301463965,5.356334979584736,0.4692657209347035,-0.0041968819801855,3.25831468116,1.6839600529999998,5223.828125,0.3982376695791901,0.2657047068154802,1.2667131598253685,-0.0037009675692478,6667.827501333719,0.5371859728481482,16.110217952981962,3.477354208347834,2904.4860439208965,0.3982155542586309,0.1585756276535086,combination
0.3107139517241504,0.0814569665926497,0.4590282934347925,0.1880047843447214,0.2712981274697086,5.945177979977973,3.952600252341255,5.019133655042713,0.4795254363461736,-0.003245223144121,3.05595787175,1.55951485219,3984.6875,0.3945541548924023,0.2623159235000359,1.269830828976372,-0.0899734815705678,6672.973744330269,0.5571140545801194,12.774476995466513,3.0306843443339653,2969.0023866962392,0.3945408086239022,0.1556624496696026,combination
0.315040537715874,0.1105803089858489,0.445636878956862,0.1851745484294191,0.258573833019893,7.256984552532578,4.761830083223177,6.092303623862469,0.7069826978532507,-0.0032027420424267,3.41576562915,1.91932260959,5223.828125,0.4030640690754873,0.2644793571897828,1.2794038252912048,-0.1572953412282235,6526.209768981033,0.6169080898777716,36.49974282730934,4.888775167142033,2982.9845803903117,0.4030513444005601,0.1624503862230989,combination
0.3076368762679932,0.1179874125393265,0.4304427586961593,0.2004747954899309,0.250854861770439,7.436948074275797,4.877815816380166,6.238922436327209,0.7210198482809891,-0.0060582484109033,3.33840879022,1.91932260959,5223.828125,0.3934799266394466,0.258079334482499,1.279040183390344,-0.1046833223434883,6473.418834488607,0.577103648947747,33.43836624070059,4.466989915616443,2951.644261248125,0.3934332856970493,0.154789750294376,combination
0.3120118439348535,0.1401138919190107,0.4429211775840457,0.1666578993037847,0.2501833111221713,7.9941380963994275,5.312054021854919,6.751559463908814,0.6392589963645023,-0.0048434663163378,3.75773540793,2.10656651777,5223.828125,0.3965634590881677,0.2635139013571458,1.2709884794340311,-0.0451449436237946,6301.186308669397,0.5588377167292324,35.341053526633395,4.797888522168957,3064.5851679989373,0.3965338799119381,0.1572391179180154,combination
0.3237997278788281,0.1363253329479383,0.4525878056091502,0.1696046921692765,0.2413877752302372,7.692349299146634,5.11402013219645,6.505769883038062,0.5789913304652563,-0.0054165786777148,3.75773540793,2.10656651777,5248.125,0.4119198719042271,0.2738521660741142,1.2721439718392076,-0.0444817105752469,6229.073659357904,0.5678423323560577,56.00960471307016,5.935608962671983,3046.008395194571,0.4118842574619998,0.1696486415450229,combination
0.3085565965591406,0.0677488468934515,0.4399947122044261,0.199234539802542,0.2926828528938826,5.379015235892888,3.5798857243107736,4.533946629502245,0.1763922629318801,-0.0043114865920019,2.64230087814,1.39897914098,5248.125,0.3907887705687426,0.26008090321904,1.266505966576672,0.0039652371511375,6819.448456578302,0.5640624245971446,26.01194849597031,4.05911245380799,2942.4232097928307,0.3907649860030915,0.1526972742859963,combination
0.3097363090124951,0.0725663184003949,0.4405820912919406,0.200321318205496,0.2863094753654229,5.0723486456810205,3.372633646700789,4.267439009278948,0.1715817497855947,-0.0034822284581005,2.6186347698000003,1.3217808076700002,5223.828125,0.3919135447643433,0.2605855590773445,1.265313537227349,0.0420322015988294,6789.155684151135,0.5685159078060549,15.23864535386543,3.2897968516783656,2885.3138756354106,0.3918980743187169,0.1535841006547185,combination
0.3174137921530566,0.1083349470164139,0.443419708824269,0.177582039167719,0.2705589183480161,8.011613778320898,5.294749243995747,6.74807337643086,0.6724605324925381,-0.0050363890408007,3.64448314244,2.14193156014,5248.125,0.4045388103259004,0.2673533222402682,1.2744840341746466,-0.0986898591475861,6505.474825366019,0.5500895975470332,26.120284091936487,3.941210249950996,2946.924818087661,0.4045074583308997,0.1636262838453245,combination
0.3173172141063428,0.1119658468477553,0.4678110949748345,0.1814370430811035,0.2386535061571394,8.024112637524063,5.285421811224069,6.750127206846625,0.7197643866697057,-0.0052979405789111,3.64448314244,2.14193156014,5248.125,0.4052527190150493,0.2669368760008981,1.2771217601804503,-0.0961895109088417,6364.380963518062,0.5523208186233477,41.22632002132772,5.255993249335955,2887.994177563566,0.4052180870774561,0.1642016980947128,combination
0.32440831342,0.0770535280419357,0.4634067682796547,0.1986639258850813,0.2607430791311317,5.700109917763675,3.782705032227937,4.794273747560855,0.2565037817076741,-0.0033347754854687,3.10690523584,1.55530226052,5248.125,0.4111613903989649,0.2728547840232161,1.2674194013846023,-0.0282448985369944,6640.323455865479,0.54567665898266,38.81709934938092,5.224268787374017,2873.922169554965,0.4111478666213306,0.1690425682272714,combination
0.3230481084338965,0.0751510696589171,0.521649207024937,0.1566086778983347,0.2464984279360672,5.702814218864024,3.806293350876,4.814460199318122,0.2715292490710213,-0.0036902522006347,3.10690523584,1.55530226052,5296.71875,0.4086133456219433,0.2727253950120454,1.2648684049037098,-0.1197929725750452,6486.2316690279495,0.5199080850427622,18.10924371289043,3.8669645336813545,2870.946149919157,0.4085966816544812,0.1669512482590534,combination
0.3182972989688867,0.0623518025336592,0.5311937249051504,0.1605830329654848,0.2458005072350091,6.284941837794984,4.12155461856532,5.269246680267757,0.4475813671099886,-0.0038770964155566,3.1009186005,1.6771869859300002,5029.453125,0.4069306708626891,0.2668579963372304,1.2784609614373956,-0.1623565519864277,6467.2791297765,0.5404286855037165,15.02834245753527,3.4892032020159878,2823.75828397205,0.4069122006184413,0.1655775390121426,combination
0.3163641120643506,0.0695057276156067,0.4851258260226652,0.1849810334609202,0.2603087871469695,6.626080956773803,4.313582795390321,5.532859848856552,0.5107913635697501,-0.0032326285437939,3.33526915967,1.75039829326,5369.609375,0.405787572949927,0.2641679606209124,1.282659939846107,-0.0994898640560122,6604.269178438404,0.5261547546641471,15.69039882285151,3.3939787819846106,2829.830293507624,0.405774696689296,0.1646531044732901,combination
0.3125636678121191,0.121512682520778,0.4865104937282655,0.1539213465645087,0.2379933326820376,6.681899577436727,4.372886860160674,5.600133584022817,0.5653906795613381,-0.0052027651697265,3.33526915967,1.75039829326,5321.015625,0.4002843771713053,0.2619611792985787,1.2806490913458142,0.0154671806208332,6264.388289228122,0.5667874337400541,15.143470981527614,3.312706893002209,2996.0687562063545,0.4002505638247227,0.1602005138420084,combination
0.315056482431499,0.1151009699770973,0.4536857033705165,0.1968874292040303,0.234128182585977,7.543959669821579,4.972081737018237,6.345191172108804,0.5253654241957744,-0.0037753781248974,3.46750552134,1.99909361104,5272.421875,0.4020637062653879,0.2649926164156284,1.2761638902408758,-0.037123863949346,6347.907040806055,0.5682335943661238,18.289413273020084,3.840516406784688,2922.81279524569,0.4020459804747142,0.1616409704158742,combination
0.3253794032909375,0.0456519069200517,0.4833788084279409,0.1863985514484679,0.2845080651276586,7.296245093075672,4.836285752025847,6.143884925784665,0.3248778808283346,-0.0030930639405468,3.21201275101,1.99909361104,5248.125,0.4133530799338335,0.2739893720041275,1.2703726042678691,-0.0981899714251589,6830.072862644128,0.5058973564973807,18.209966567439118,3.8185152916206575,2800.5034237902046,0.4133415072869477,0.1708512016462458,combination
0.338297528010625,0.0694338876954221,0.510903082217342,0.1837927757584442,0.2358147402225631,6.708050633633744,4.474635910050487,5.660593879272616,0.2815487507265444,-0.0043996934454394,3.46496333505,1.91496491643,5223.828125,0.4279599401883837,0.2854726389256048,1.2650401045051167,-0.035539902331596,6469.800305055824,0.5249098118090026,21.009637599256447,3.96494834929269,2789.99683601609,0.4279373238029503,0.1831303531036311,combination
0.332875098577959,0.0885205419954338,0.4353119571577777,0.1912524453138392,0.2848958307359623,8.720132824101247,5.713408428183614,7.310081627929623,0.917830455644712,-0.0037684750574999,4.34830905894,2.43334414251,5223.828125,0.4259006113595138,0.2790489768440879,1.2794607141806624,-0.0592214674188964,6681.208736650333,0.5467876507361265,16.240905098428236,3.431203593456482,3011.139645477926,0.4258839388285836,0.1813771293521487,combination
0.3161856063755224,0.10719452124351,0.3951102361222021,0.2032932946201979,0.2943302687989579,9.274834328730806,5.917023371556013,7.6959358473136925,1.3173610827303053,-0.0021108547893896,4.313992592210001,2.43334414251,5272.421875,0.4112446393582687,0.2623598499190643,1.3006431382896289,-0.1078288743728621,6751.836457056632,0.6176552687524818,8.344588633817713,2.546245428079538,3052.038965322137,0.4112392219778783,0.1691176976929707,combination
0.3073655377706104,0.086855837850618,0.3992298258314687,0.2214158502443391,0.292483743161023,7.262313764584929,4.817638734485399,6.118605434235587,0.5544103865119148,-0.0040149761821728,3.5851532696,1.8806484497,4543.515625,0.3903672635803987,0.2589599555545349,1.2700423945111674,-0.0566953636960235,6840.326689468841,0.5897482853974724,8.392625504413601,2.495234760050093,3006.474863114704,0.3903466157679672,0.152370480441505,combination
0.3037469236955664,0.1043755137083695,0.439227970112915,0.2286324066104982,0.2277514518300604,5.263828924192662,3.596049671388173,4.486178981867627,0.0270239592802119,-0.005072610051621,2.59282273922,1.36266306489,5321.015625,0.3789333266812121,0.2588729771644313,1.2475297595474646,-0.0486929530625697,6440.717928857994,0.5885797168733189,11.039427167527672,2.8708481786542195,2924.202962450663,0.3788993727851161,0.1435647346969544,combination
0.3051968833838085,0.0773585608972152,0.4703050250936346,0.2081350106934106,0.2441392981421269,7.386994760747743,4.838955992532268,6.208840730843878,0.7642411832326412,-0.0048107161880468,3.4748699363,1.89491884048,5321.015625,0.3915966260913177,0.2565209400917712,1.2830951015933372,-0.071788213212636,6548.728187582377,0.5851126803974699,15.511171770915652,3.318496751095548,2891.344378002833,0.3915670754492279,0.1533247745758613,combination
0.3018231265449755,0.1229948659725828,0.4143220346951703,0.1906937165609783,0.2719325387582133,7.426170993127647,4.922966899188845,6.2782426985350055,0.8254627456615684,-0.0012842846545654,3.4748699363,1.89491884048,5199.53125,0.3849139917622085,0.2551676822730856,1.275296549235273,-0.0525071471178336,6527.094113107647,0.5997096402005557,12.36376443091124,2.9498545280153365,3041.6870929613247,0.3849118492164713,0.1481571316672435,combination
0.2970980189681835,0.1134606200674926,0.4242987073530427,0.2089000591537471,0.2532230718427559,7.486914665217688,5.04237366254823,6.3552957369675465,0.4723897226686078,-0.0027458506644042,3.26920889435,1.88814577341,5199.53125,0.37445574242822,0.2521927733705645,1.2603777828229838,-0.0891510973595349,6477.827637991218,0.6091625710218843,7.253942015347148,2.4186280375940847,2999.2087745395324,0.3744456747534924,0.1402095633415982,combination
0.3108167845767431,0.1114608511304579,0.4313656459751017,0.2079024456130737,0.2488996925521647,7.222686001368786,4.779250322705192,6.074787035652517,0.5264216244897497,-0.0055213034789697,3.3399267863500004,1.88814577341,5248.125,0.3950715375672676,0.2614187814688571,1.2710752995699992,-0.1012004147510971,6510.454713642627,0.5530005486631066,59.94410715275129,5.793842093362628,3003.803085045556,0.3950329543261652,0.1560510350036581,combination
0.3303955798680468,0.0503854314168797,0.4873768640231252,0.1895715846850097,0.2722679919965052,5.817544346454122,3.947338462511142,4.941325304751424,0.115781041025412,-0.0035302760695117,3.08437305232,1.63259203938,5248.125,0.413593122273434,0.2806325043959636,1.2518119111599937,-0.0320650520374089,6803.2538403910685,0.4941287203807002,58.92748217313522,6.415924283163887,2844.565041308541,0.4135780554414858,0.1710468079427607,combination
0.3395138961370459,0.0685449449575947,0.5300325962455205,0.1635191746797613,0.2377739408787163,6.069862984731133,4.034306065275437,5.113960962967927,0.2311935155905158,-0.0011678404154736,3.23010677717,1.7362608112300002,5199.53125,0.4303740923809803,0.2860461291461769,1.2676184900757592,0.0689028624490877,6482.408644343647,0.4928862052414279,34.82373414172635,5.16134015692842,2782.435003286281,0.4303725078830158,0.1852204955415165,combination
0.3278236172739209,0.0662042750103367,0.483790935232398,0.171509210826773,0.2783591522089532,9.590941490431998,6.158672898581619,7.990177152188895,1.269751089847862,-0.0030259473124267,4.44510112543,2.61936877669,5248.125,0.4253138330001674,0.2731086180958463,1.2973861875387285,0.0023242317086398,6701.340974501696,0.5010810124292581,19.471802523130584,3.7297872962585146,2858.6238706694567,0.4253030686277219,0.1808827001841567,combination
0.3166107145330273,0.1021969280340394,0.4045128282651268,0.2164983026232866,0.2767033760902918,9.78839240641659,6.491228667292245,8.273152664947983,1.2880993896669892,-0.0057729365088574,4.44510112543,2.61936877669,5248.125,0.4035243419921986,0.2675994859965896,1.274512590603136,-0.0876669043397933,6713.738217157879,0.5769529277331664,31.52780906609321,4.519809023214841,2964.6798911427927,0.4034830452253249,0.1627985677843016,combination
0.3137633942082519,0.0786956746332027,0.4453906120793724,0.2101815048322902,0.2655440588924692,5.588974749037056,3.7899478153772304,4.752198786549158,0.1707885014578702,-0.0038806923212988,2.92779388524,1.49106602122,5248.125,0.393426530879974,0.2667870384415139,1.2538955727220615,0.0105335019218478,6687.867197725169,0.5617328085061704,41.20793331261046,5.241161569792847,2914.397436326817,0.3934073911702201,0.1547693754273585,combination
0.3198256817012695,0.0863171532294707,0.4981744626147288,0.179374614366568,0.2358898259115573,5.889078654518414,3.9373127037341007,4.9692595747031625,0.139646289881457,-0.0013365354273242,2.92059407227,1.58929683103,5175.234375,0.4036501417636272,0.269871897501421,1.2620942121235064,0.0379497054396669,6413.77678021991,0.5385961069018661,25.881633672754607,4.417121926591292,2863.1298434174414,0.4036479290407023,0.1629316506188478,combination
0.3333064852397998,0.0569397386218911,0.5159595434734707,0.1801415856295907,0.2469088140381846,7.474134542219728,4.937305145057464,6.284487100972492,0.545879614068153,-0.0036584337929541,3.68395713819,2.0946603071600003,5175.234375,0.4242517417131651,0.2802545626289878,1.272857746550998,-0.0194800950639258,6569.523949189483,0.5345355397496585,16.604156420427202,3.48520645812254,2809.698790116848,0.4242359676039229,0.1799761562088367,combination
0.3326215865931397,0.1051033201887051,0.477601065858365,0.1814021669671736,0.2354389931445604,7.468607026867635,4.9572809660935055,6.297427441840008,0.5265898562719387,-0.0044267490640576,3.3942149612000003,2.0946603071600003,5175.234375,0.4225421801763758,0.2804619790042039,1.2703390194973314,-0.0759259462733673,6393.700029146778,0.5522010325644537,19.35655039182265,3.749773433898229,2890.71630388166,0.4225189911955777,0.1785222979209286,combination
0.3204831215897461,0.1072614564722612,0.4528634440882643,0.1734192000336099,0.2660456494839935,6.829294860313175,4.543693648423104,5.757832996497624,0.3893428810956996,-0.0019347774544921,3.4187467540800003,1.84528829231,5345.3125,0.4061207544109868,0.2702018773612272,1.267214174638708,-0.0137658400073168,6504.235372715974,0.5773807657878444,11.10708743864949,2.9126453044942417,3027.6861356036734,0.4061161457016338,0.1649303237995506,combination
0.3175909036585742,0.1092572914105882,0.4519639486659188,0.1794019935595229,0.2593211704749626,7.189467507410216,4.761369921713373,6.055377590119716,0.5974259935801243,-0.0015973219424414,3.58013595709,1.92313284084,5272.421875,0.4039032615529194,0.2674930846906003,1.2717721348440607,0.0152944208017038,6516.553104965455,0.569215223073665,45.00318505551381,5.601588351719578,3010.6848829608894,0.4039001030647283,0.1631352932556982,combination
0.3139837296835205,0.0441395924687217,0.4712856519772877,0.2065487473316858,0.2779145464670509,7.259812871050453,4.848252806974422,6.124944253571417,0.2677148640885498,-0.002844604118872,3.58013595709,1.92313284084,5272.421875,0.3966651322458866,0.2649011586109566,1.2633302134658528,-0.0391732821200911,6861.36785312097,0.5198083381666487,52.95625341570649,5.962840831831688,2807.275630671122,0.396654932361938,0.1573351353670536,combination
0.314124790405581,0.0778140548790864,0.4550338931801097,0.1896853670692306,0.2772102427510189,5.394131279932006,3.6158037124138738,4.56234099830071,0.17841562828947,-0.0033939858837451,2.80389126136,1.43314440985,5248.125,0.3963556995446657,0.2656858603315389,1.2617778400517594,-0.0237974145553961,6746.021675612842,0.5394877713254054,22.66025792236811,4.019262298707705,2884.8105591349185,0.3963411679618485,0.1570863214213622,combination
0.3318759230967724,0.0496460620881344,0.4683899959240547,0.1868151154605014,0.2946858975252294,6.720747662510894,4.467774009683772,5.6758107785684055,0.4069972874024161,-0.0011067457387744,3.35687469495,1.88366494146,5248.125,0.4216115088581496,0.2802760996320841,1.270388960199475,-0.0270667096726913,6911.041501876572,0.504404419497104,60.02264431264744,6.386437223813665,2806.664293942471,0.4216100562314842,0.1777550395155152,combination
0.3252509650081543,0.1010779209586545,0.4207599606806359,0.2147271141618067,0.2630545030744677,7.120111571013085,4.749013167057194,6.020601564674547,0.5934665618689428,-0.000128543283916,3.841871410300001,1.9582064688400005,5248.125,0.4123396587787176,0.2750246887720295,1.2677584485210671,-0.0595580242148241,6674.36869478111,0.5492379043552038,55.769776381093465,5.918008933086123,2919.5825890556293,0.4123396387425946,0.1700239776783734,combination
0.3025977888047558,0.0776604378735911,0.4046498913596899,0.2014542902487924,0.3160345887067007,7.638886780028042,5.139230221707393,6.471317839349736,0.4074145722060156,-0.0015813427851367,3.697235032050001,1.9582064688400005,5223.828125,0.3810310852720333,0.2563470994176473,1.2591998334722951,-0.0612074140964997,6969.672803696637,0.6054690966196625,12.109449645921234,2.6840752206402203,3018.611198169903,0.3810278038392728,0.1451821872985794,combination
0.3027125773639013,0.087678568469129,0.441632713893412,0.2045710780263887,0.2658539291196042,5.662489628417284,3.737907952230284,4.749404557715769,0.2547753396746683,-0.0014821785401123,2.80411682705,1.4377044946100002,5248.125,0.3846281163109354,0.253899713545586,1.2706050064400218,-0.1545141800906758,6644.191000201558,0.552561594968533,14.722370733264675,3.316723405680242,2957.445047059009,0.3846252604856755,0.1479365910036737,combination
0.3260209586286475,0.0700088277293621,0.5136569511942257,0.163939068390475,0.2521916519748655,7.779440235288026,5.002554354269421,6.46853583358764,0.9764993129966776,-0.0010118769341357,3.70210603168,2.10887825339,3984.6875,0.4215602878138009,0.2710835470943007,1.2930465869035646,-0.0451451894454642,6456.338573197474,0.5576421561247182,9.208045102481153,2.7145760955337463,2938.8200533834,0.4215590734010179,0.1777120523667248,combination
0.3118503144968018,0.1376460318624574,0.4493636127456041,0.1543424603022334,0.25830424461857,8.094671657758825,5.216437597238177,6.762469541814837,1.176366320637822,-0.0014525480386572,3.70210603168,2.10887825339,3984.6875,0.4042755643250745,0.2605267196191483,1.2963769652674846,0.0452963850753551,6259.868319130584,0.5910120752099222,5.457406695498566,2.1081979942255757,3137.8940119798503,0.404272954839367,0.1634366220145529,combination
0.2904229646966064,0.076905774405131,0.4156016806247891,0.2020296892643791,0.3052261311350334,8.05160067365742,5.253239740406169,6.742576858981019,0.6479569227142274,-0.0002140264173583,3.42882405369,1.95819916108,3984.6875,0.3727602884784002,0.2432061946994811,1.283508309571209,-0.0156764952125187,6853.82373192792,0.5901246840836247,13.20043763387153,3.0719118708361246,3014.904522996051,0.3727602270350108,0.1389501868591928,combination
0.2964920178315771,0.1208303677535448,0.362928210029615,0.2148092104052483,0.3013921143597886,7.911517660220841,5.152704595895406,6.604559459649126,0.6332494864683045,-0.0005816184772021,3.42882405369,1.95819916108,5199.53125,0.3800332669254671,0.247512455280968,1.2817655925608955,-0.0267018626145561,6766.938803192827,0.6092108653511648,9.878088824462797,2.6584416077393764,3158.208536084121,0.3800328218588367,0.1444249456899903,combination
0.3170913316985693,0.0595272368531656,0.4798651304985764,0.1791292120415747,0.2814615785278849,6.191689216741475,4.108796475332655,5.212329266008305,0.3209862045529044,-0.0001080543607177,3.16278456326,1.65278442821,5078.046875,0.4022551221829959,0.2669359475829469,1.268578109745946,0.0257213090339089,6725.803412327922,0.5110368312485185,18.082252761446146,3.672427545019743,2931.686787921324,0.4022551076701352,0.1618091716467121,combination
0.329527541296455,0.0733623808361319,0.5034384890363693,0.1730705485462521,0.2500193733747323,5.913665841917791,3.994433487624239,5.015618487327268,0.1018271292692682,-0.0004162455107226,3.16278456326,1.65278442821,5393.90625,0.4137719236859851,0.2794855969869959,1.255652022462489,0.0614377756974365,6527.143038350508,0.5201012653148951,14.465972594281126,3.470883841927935,2826.815428878915,0.4137717143189895,0.1712070315704755,combination
0.322490949107627,0.0419687202836674,0.4593975246581337,0.2182996346990612,0.2802673919071354,6.618000195387961,4.441154050175107,5.596518877860549,0.2537363409921558,0.0014266323682031,3.53099311852,1.80482668462,5126.640625,0.4063868679693376,0.2727148128339088,1.2601496851116634,0.0224069494417372,6891.766991012366,0.4917810250815647,16.207674657365903,3.276384278777461,2773.55729263014,0.4063843638453795,0.1651482511780138,combination
0.3254830064322705,0.1137528993454001,0.4373494577381872,0.2114127002315465,0.2374407745412263,6.892891634423397,4.5151839485052125,5.77886260661476,0.6606814967816685,0.0009997167938427,3.60708800886,1.88092157496,5345.3125,0.4165769537656807,0.2728784485115937,1.2798731286524658,-0.0361592033073021,6452.977704697457,0.550073663671221,21.655377488354027,3.822855085121572,2895.540758812995,0.4165757541852697,0.1735353589750262,combination
0.3293910065032422,0.0612659341445476,0.4851237662574151,0.178301638570002,0.2753046107068589,7.216510470565315,4.797386855604291,6.086308940739908,0.5636580099184023,0.0004853742727539,3.58557391913,2.0047754278800003,5223.828125,0.417889048396843,0.2778039935031028,1.268671700642591,-0.0760202683629764,6723.582514876419,0.5456393843545674,21.983218273963114,4.009967401068439,2876.292174781276,0.4178887665178789,0.1746310211818343,combination
0.3248386302672949,0.0745531230843963,0.508852478713386,0.1629445908208815,0.2535859976606786,7.266399300268878,4.916880948886562,6.171604116882164,0.2761698182678525,0.0013224165900293,3.58557391913,2.0047754278800003,5345.3125,0.407733164321171,0.2758966779882049,1.2551868107117248,-0.0753870361541306,6541.8152095266105,0.5099346333825602,32.2781979911482,4.8459277606854725,2855.5500806441846,0.4077310197933406,0.1662445845017175,combination
0.3094239413570947,0.0594706417494864,0.5060230535097104,0.1749681865216787,0.2592793877392966,6.694207437816464,4.4441153349438425,5.654258952609276,0.4887250304950346,0.0024496169472216,3.28049327522,1.74956309057,5345.3125,0.3936808473023367,0.2613547767711061,1.2723024778745362,-0.1148723225940856,6665.381822716938,0.5610340022203635,32.41335665787746,4.556867906453735,2850.9666398659137,0.3936732260511218,0.1549786089094976,combination
0.3017245373643847,0.1192485770040775,0.4415197484283199,0.2101481072821869,0.2290406487060853,6.907347334337169,4.52706772516396,5.7985442809946175,0.5493937737060763,0.002502332091914,3.28049327522,1.74956309057,5150.9375,0.3864671784883967,0.2532901569713648,1.280860953054244,-0.0590875413099761,6364.749523651757,0.5802774011774019,31.0769555720138,4.379674640259704,2908.625968203446,0.3864590772421888,0.149350618382884,combination
0.3105597129216064,0.0583187379223198,0.484561109012358,0.1938324132218573,0.2629480082005023,6.336501237677954,4.1288554749375965,5.297572956880262,0.6262781581020778,0.002304762671372,3.08984759258,1.64521273667,5296.71875,0.3984670198936584,0.2596405610855522,1.2830608843145157,0.0379752029789342,6724.877842247,0.5647668657175906,17.6819534207669,3.557190011814233,2870.3961037880345,0.398460354379155,0.1587706540119618,combination
0.3124455565968554,0.1239788625922342,0.4446574312217561,0.1629704144384796,0.267902334347927,7.062058287040946,4.568697831055339,5.902575925186197,1.0297328304537323,0.0003382338581542,3.4894463569700003,1.8442336203000005,5272.421875,0.4036672348440243,0.2611467571266319,1.2919602353790904,-0.0436470969206802,6519.204449803784,0.5773958858056455,20.564310285147908,3.924459974219473,3102.904240484002,0.4036670931404713,0.1629471220844779,combination
0.3225899495932812,0.0613410237351097,0.5370260939673727,0.1531181895109037,0.2484155140934206,8.925046522521683,5.724373370177659,7.45117172047837,1.6220657066838768,0.0002932493154589,4.26116754616,2.40367310972,5248.125,0.419901525334187,0.2693177120874958,1.301657183875677,-0.1661642617134074,6473.59196369408,0.5141411572344601,29.30350051281198,4.742611427243713,2876.0513060565786,0.419901422934974,0.1763172049828159,combination
0.3463814359701074,0.1050602577835573,0.5205683053971368,0.1450240605906675,0.2292781585326063,8.288846445561276,5.348727176065808,6.939382022561498,1.5059405558089178,0.0029266430160058,4.45561126731,2.40367310972,5248.125,0.4493916086196777,0.2899888573767922,1.2973894151142096,-0.1567270119073026,6206.926405053629,0.53518115430436,31.951358893874144,4.7497647698309535,2930.892441233864,0.4493820787018976,0.2019442526584385,combination
0.3386291102736768,0.0486155324784636,0.5223782336989037,0.1546460015478029,0.2742263112023031,7.378969355081416,4.784032000276394,6.179621511005894,1.1646003740580264,0.0029310932470361,4.14453789169,2.0925997341,5248.125,0.4374134065113071,0.2835897038465084,1.2917182641439002,-0.1172427158633884,6705.045169996665,0.4688574159838053,55.92706979849316,6.216765938904817,2829.252885514575,0.4374035858200104,0.1913218968882032,combination
0.311821816283003,0.1358706216942769,0.3819712935817592,0.2059046558583586,0.2761562254927771,7.386099464215336,4.845272197274832,6.196989908160349,0.7045006301708039,0.0022557654788916,3.6861701205,1.93235664865,5248.125,0.3988128158696289,0.2616207184877497,1.2789766303832788,-0.0354905708538036,6607.542411493319,0.5603866177650064,12.616490283590744,3.032457179120784,3092.750887341936,0.3988064362870374,0.1590465736239668,combination
0.3078987355166553,0.0670442355460182,0.4383236687082095,0.1958134753291145,0.2985569415013553,6.489506220118494,4.314483139718365,5.478293034849952,0.4026227303467413,0.0036922167066552,3.17051476042,1.6867594982200005,3984.6875,0.3909528542809664,0.2599210850574084,1.26974491670109,-0.0077901719159307,6857.573201137663,0.5691092416353127,23.203758942612843,4.126724189379653,2970.5535674617745,0.3909354189712485,0.1528305018062256,combination
0.3170148108125586,0.0884232129094628,0.4379304687286518,0.2036225042982827,0.2696923615502303,6.275968854787655,4.215930356053261,5.320759285336138,0.2890292221896846,0.0053186764273242,3.17051476042,1.6867594982200005,5321.015625,0.4000918790791076,0.2687647974755718,1.2620605266158051,-0.066866556119408,6648.330191009687,0.5443013427714899,22.79593495528308,3.844267228615226,2969.244007661614,0.4000565252387625,0.1600452233861126,combination
0.3188332490963525,0.0704612329516289,0.4966500817492746,0.1787739675072759,0.2539547828348065,6.044927642710638,4.01956812202481,5.093028017975861,0.3875925067606194,0.0036054029690185,3.2369895789000003,1.6238266707100002,5029.453125,0.403980383318399,0.268626320559538,1.2670585155825913,-0.1047752069887614,6533.682953260078,0.5578843981792466,11.695426900006256,3.112067813742603,2908.579222976532,0.4039642944314653,0.1631871511755116,combination
0.3111256918811084,0.1159187641432409,0.4278175491866046,0.1876184073786584,0.2682746215738816,6.204403822012287,4.097455077085186,5.219198263223209,0.5872153932645165,0.0027322051292724,3.2369895789000003,1.6238266707100002,5029.453125,0.3963012748550118,0.2617216282648961,1.2737658290413765,-0.1761969579122059,6502.304047569754,0.5887757644417528,13.910188576656225,3.217815989227435,2994.213797994033,0.3962918564730281,0.1570472355068391,combination
0.3017715985485547,0.0482461891387379,0.4200295382639952,0.2163276949391948,0.315126758022021,6.479581087209875,4.246022085179251,5.432469835912103,0.5405169230132647,0.003165729073457,2.9227826691,1.63936510645,3984.6875,0.38609434279021,0.2530047983635798,1.2794257135105702,-0.1395349107710738,7029.731087273416,0.5391409410760485,12.580000075597004,2.911435258849702,2864.39194044392,0.3860813640853928,0.1490588196940376,combination
0.300299984828291,0.1318328104916049,0.390516744197421,0.2071154002381653,0.2703570925956647,6.5241886180088615,4.257079644660831,5.459091539373121,0.4920938136059805,0.0063183441771386,2.9227826691,1.63936510645,5248.125,0.3850914813177312,0.2512749404462073,1.2823559799309456,-0.0668307765756888,6531.084505084232,0.5722107913176168,20.54850752761701,3.4605507140934395,3107.5565802246297,0.3850396440762221,0.1482555275103438,combination
0.3065850862983789,0.0653750674381041,0.4045370464278152,0.2168058758010165,0.313278594060847,7.162978416755887,4.823485041632058,6.057382241883108,0.1807043267828247,0.0060348808325976,3.17335566884,1.8571030573700005,3984.6875,0.3850127120414242,0.2592640867136777,1.255810309268328,-0.0717664361074938,7016.55034057998,0.5362152093818904,8.183514323629637,2.5827507044262856,3013.499169724786,0.3849654122734001,0.1481983686468289,combination
0.3204629047331738,0.0683766412609868,0.4632079493816347,0.1940937279006843,0.2742202072519474,6.85582226214418,4.604894710522044,5.795064046231107,0.328636064139705,0.0024413922058593,3.54210070466,1.8571030573700005,5296.71875,0.4032889293052838,0.2708796970458778,1.258457448112671,0.0028602936783557,6793.145570048069,0.538489193425921,19.2558864548429,3.8238344913126063,2898.1528235158394,0.4032815395034831,0.1626360001042994,combination
0.3203888195108105,0.0458382351222222,0.4733316063245644,0.1958322841584789,0.284945596317566,7.865090153657522,5.150295309647748,6.594706293359615,0.8659823470456112,0.004922626702832,4.19788112919,2.1128701643500003,4616.40625,0.410242527334711,0.2686390267716699,1.2804520705844062,0.0437409959751725,6849.121158393707,0.5197387396228825,15.333918449828673,3.343691099832232,2816.4818353629994,0.410212992212967,0.1682746989803157,combination
0.3224576243331689,0.1486186488681866,0.390829468702391,0.2274807915059165,0.2330078475146544,7.834711156089041,5.12714085250112,6.552396361287291,0.7337647463512504,0.0059392172375341,4.19788112919,2.1128701643500003,5345.3125,0.4120952057167106,0.2696806713426702,1.2779825149704835,-0.0999601896293372,6354.142024616858,0.5809617662958672,13.13859945621061,3.0740515339086003,3037.8775521154894,0.41205240476583,0.1697871842733034,combination
0.3221279029913574,0.0616222381616002,0.4876270340893904,0.1932671415109255,0.2574157873184576,7.240782400030181,4.778179191954881,6.087011390480532,0.6110081282907185,0.0058281460198535,3.68470089533,1.9607962147,5175.234375,0.4103647301468796,0.2707989422098677,1.2739186091491417,-0.1610930907873897,6627.978907645077,0.5383742786649572,63.1929216919194,6.271001809444974,2882.4019105974344,0.4103233413571455,0.1683652444624926,combination
0.311571209715,0.0774412892646889,0.4695298731403396,0.1785204441203287,0.274335126577329,7.426462063776404,4.978652096601142,6.293252243984856,0.5574696991620156,0.0035526937778124,3.68470089533,1.9607962147,5175.234375,0.3938407779162977,0.2640283082120698,1.2640474011592766,-0.0314952717820694,6694.564563680656,0.5105178377749943,66.15786236318897,6.494847955489821,2942.5168948773685,0.393824753813972,0.1550979367166356,combination
0.3063016730054688,0.0503799910708272,0.4739385962453187,0.194795794060837,0.2808082431528845,7.852205323450836,5.318382963444537,6.678332862463594,0.3800638848718223,0.0046938163627832,3.44092534814,2.04558452866,5175.234375,0.3846252785329968,0.2605108303205983,1.2557074036162044,-0.0380315530755487,6820.404315301237,0.5359571758563857,35.19318088569485,4.819051735900509,2865.752921326933,0.3845966367176627,0.1479145729745378,combination
0.3059142301707178,0.1066484730761077,0.4204671018405058,0.1929136195917936,0.2799092326890507,7.978654714008885,5.212423639011664,6.686791024786412,0.8030412506493656,0.0088541929809423,3.67475161949,2.04558452866,4519.21875,0.3924440280237595,0.2563821348313735,1.282856399994054,-0.0909436045038602,6628.275042113219,0.5615466070723631,10.241976170718631,2.85104256971952,2978.2039133530266,0.3923441326159594,0.1539339183981695,combination
0.3117844802534863,0.050519094650451,0.4474022027263832,0.2096914969891822,0.2919646162003041,6.386336277179756,4.135388797630615,5.334049623085445,0.6836689501176605,0.0071658586768652,3.2922409802100003,1.66307388938,5296.71875,0.402156597786613,0.2604112619817169,1.289854445159209,-0.008968163890066,6857.514705729231,0.5457765618150316,17.436898107504422,3.1901342981342644,2821.387300396181,0.4020927500126393,0.1616785796127268,combination
0.3207218289900683,0.1418702312609288,0.4092059910124111,0.1754361823730381,0.2732552906663,6.880095212299883,4.537915903356579,5.80361535337727,0.6886092391358978,0.0029378891516796,3.53279154767,1.86134613089,5296.71875,0.4101764269173015,0.2705407517562228,1.2789164623091596,0.0715412072741193,6470.824520928991,0.5819322728550634,29.876932145727608,4.428220357541937,3115.452649649864,0.4101659054650652,0.1682360700059768,combination
0.3316137756185303,0.0472128021948431,0.505736819485168,0.1929363714603137,0.2540332714329656,6.6662114023394405,4.388641029915639,5.6129939940468185,0.6469078381032585,0.0056576768690771,3.53714435585,1.86134613089,5078.046875,0.4241281340173269,0.2792209875367557,1.2789822534550557,-0.0069805512913932,6642.930500770731,0.5112182970552239,13.165337705452076,3.2551058503463253,2804.279537077913,0.4240903969172902,0.1798526647574647,combination
0.340579138388789,0.0582503400093759,0.5345910252032768,0.1772354926798451,0.2297549813348401,7.384845712116483,4.841084636036195,6.195043106666841,0.5413562872042195,0.0097608345301367,3.78780270477,2.10990244355,5272.421875,0.4358325875660697,0.2857070446425488,1.2796808096582353,-0.0697964809696783,6442.385520893438,0.5206261011886445,28.313910781188422,4.55786163092897,2750.207467382733,0.435723272839323,0.1898547704938111,combination
0.3326869950851904,0.0410175075897974,0.5479934066580855,0.1540306230322445,0.2567621520353231,7.511114774468816,5.002885070042625,6.3420045710224455,0.4068282648368475,0.0080209311274853,3.61586678166,2.10990244355,5248.125,0.4217371404720323,0.2809040344745912,1.2676694511729831,-0.1166347472978363,6589.811643932333,0.4871977517890096,19.994298886932096,3.915404719944647,2762.170388624199,0.4216608593613768,0.1777978803173748,combination
0.3196137106433154,0.1438297205897896,0.4203548398005722,0.1573893708087361,0.2784104344378879,7.194075518832575,4.822406936958103,6.106244513202387,0.5965695061303355,0.0045344385570361,3.86719573128,1.95163946696,4616.40625,0.4047023597289081,0.271284261869509,1.266223401099806,-0.1356447976041023,6457.824317313667,0.547816816589179,18.56183578426829,3.5994424032439407,3144.579940843844,0.4046769561478872,0.163763438837119,combination
0.3141549429815918,0.0610358477396157,0.4072890062719751,0.1980643435263927,0.3335235540073684,7.355735030604245,4.860597778960209,6.212346838911135,0.8012615784109811,0.0055959779135156,3.86719573128,1.95163946696,5321.015625,0.4015225195978877,0.2653221545963817,1.2781034599904904,-0.0598969540665827,7114.510330387173,0.5706637401418375,9.716438502927115,2.620320035116825,3018.3109834317565,0.4014835224208182,0.1611890187754276,combination
0.3079029875273877,0.0934872876321427,0.4099648903676079,0.1967202997178461,0.2996010417442416,5.65645253406573,3.753182181167488,4.759609048319628,0.2854058996366202,0.0082416506796142,2.92689162248,1.4654978454399998,3984.6875,0.3904680814039603,0.2590842646719132,1.2681529482374008,-0.0403151754013377,6789.845632817451,0.5677440106898443,7.978446390320711,2.502597086633444,3059.735280070944,0.3903810930224016,0.1523973977893649,combination
0.3062625382391015,0.0684224173782129,0.4689737604652869,0.199484880505778,0.2630319841393095,6.340607790744825,4.24569204888223,5.343394372844863,0.1429433027029727,0.0079748422130761,3.0864214326400004,1.63648152344,5126.640625,0.3854451770402988,0.2580953715239599,1.2585449701307536,-0.0079788032118772,6679.205419809187,0.5568165294046856,16.003634161162747,3.409053409352034,2924.5918550342003,0.3853626686581146,0.1485043863953038,combination
0.3111259483377832,0.0947413850434511,0.447352920913899,0.1861527186744888,0.2716692193665317,6.2179218630848005,4.182342921054064,5.259868333654077,0.2367508028703047,0.0076474659533789,3.1544691145800003,1.63648152344,5102.34375,0.391283439529048,0.2631878559226728,1.2576367918507378,-0.0211070008620868,6624.382178028915,0.5828884989519781,11.390318766925208,2.937132105221532,2973.679503990196,0.3912086991800848,0.1530442463141741,combination
0.3041908470433838,0.0507120701983547,0.4390819784571118,0.2124844954317559,0.2975340125660415,5.895226124166737,3.962641588364864,4.99024742491185,0.2639306517771032,0.0080489006062548,3.03017022665,1.5179875911400005,5418.203125,0.3830746630220422,0.2574943792091708,1.259323437063864,-0.103198404485008,6977.843232720647,0.561554168147113,11.791464842533989,2.965726862236572,2888.7002623041303,0.382990094713273,0.1466814126484818,combination
0.3139262147303613,0.1396919473553797,0.4331419985088303,0.184538301207942,0.2424096680146353,7.323374141282946,4.812977016321522,6.156924404768633,0.7548353013824372,0.0088164032264746,3.65073801806,1.93281997277,5248.125,0.4015851241789685,0.2639247886946547,1.279234117239618,-0.0691042691374001,6329.437061812334,0.5888758979950874,34.210718885344804,4.511152399814554,3074.257342942426,0.4014883348193142,0.1611928829959857,combination
0.3207825222632031,0.0515371825801359,0.4745192399681597,0.2030885591963921,0.2705390663372305,7.20798658660533,4.673021667897213,6.025328185380732,0.910383731684446,0.0088685914876269,3.65073801806,1.93281997277,5248.125,0.4136124568067194,0.2681497738025453,1.289385886389873,-0.0510945240959548,6718.983746770112,0.5537976215207121,27.615824147854383,4.263655894129596,2910.3588968609565,0.4135173666373831,0.1709966125107159,combination
0.309409707085791,0.0681001171553853,0.4581354113530061,0.2104136020125,0.2631558148453419,6.743779226768274,4.379780543337634,5.619151780321899,0.5254905490195445,0.0076858123588183,3.17633679377,1.73862010642,5272.421875,0.3969651194201332,0.2578109466452943,1.282975647916778,-0.0787879052368794,6691.037646906049,0.5931985505535344,15.59887364408793,3.3384511000668646,2870.3126482094767,0.396890708287087,0.1575222343246256,combination
0.3041388790804736,0.0489532508896324,0.4846234094205076,0.1920121965755293,0.2742488475143654,7.459855921777871,4.890248661135913,6.249305388993347,0.5687435990346805,0.0082802471314794,3.5054676173300003,1.90065673604,4543.515625,0.3886625952469487,0.25478464409632,1.2779115791510185,-0.0257761225675034,6779.5977864345705,0.5361669880928279,12.601821597607737,3.0507686322158807,2831.4665777557634,0.3885743821349204,0.1509900504515351,combination
0.3249375043927539,0.115791207200017,0.4311814930507379,0.1940759202992995,0.258781788426056,6.969360615210993,4.561921471709898,5.849299358631945,0.8289791415279266,0.0103947141264648,3.6049664721,1.90065673604,5248.125,0.4166351279448037,0.2727160841543652,1.282200799576568,-0.0627948760175314,6535.937505713791,0.5633590059045467,15.62672894877496,3.3920023744868866,2994.175863105056,0.4165054378466288,0.173476779755812,combination
0.3377051528747608,0.0521380396030811,0.4801834497850199,0.1876885059936176,0.2799646823860361,5.982681670618743,3.959235736976224,5.046738912781854,0.6104702545174723,0.008445021772583,3.36772013718,1.70430973606,5248.125,0.4304643242490096,0.2848738792889403,1.274675025194682,-0.0973593911543502,6786.209578553214,0.5138152884522436,25.342925882999783,4.0621166511593465,2868.0749650875487,0.4303814773644622,0.185228216058417,combination
0.3091944379118994,0.1118518911103786,0.438160461630677,0.1878450591417234,0.2617978236671844,6.288106339230569,4.161018554071212,5.3070802045525705,0.5284776458068037,0.008122985790122,3.1221949318,1.6409196808000002,5223.828125,0.3943552905320491,0.2609560958857429,1.2754281519268955,-0.0752678375648759,6514.050866966084,0.5692053373933781,20.605516967189665,3.461672557356596,3047.308027189199,0.3942716224539503,0.1554501122724703,combination
0.3022246075465039,0.0540084276537072,0.5009848495789176,0.1842546247697674,0.2606177109868442,5.774599717331852,3.8089050327133833,4.8501247509915295,0.221955794628978,0.0084221097804492,2.88244908518,1.46582704942,5029.453125,0.3848421099582459,0.2538404601483415,1.273364578359257,-0.0344338364967412,6702.088715424476,0.5436849166822942,21.59526710319589,3.93600635828552,2859.8803176478887,0.3847499417335377,0.1480325176639607,combination
0.3227492242612793,0.0889797671635618,0.4607524431287639,0.1934429565956908,0.2566090857536571,7.944417354664743,5.240540159430658,6.67675292844547,0.5996982103124417,0.0082252160806054,3.83746983116,2.15491682824,5029.453125,0.4112012812958033,0.2712491970194255,1.2740581553277983,-0.1313324354477116,6577.51344741799,0.5702751719717649,38.19541127531897,5.0165289809419535,2881.7980348770006,0.411119008998292,0.1690188395597377,combination
0.3207798717017969,0.057531825159871,0.4876759327725762,0.2044960508502705,0.2501459255696027,7.99149582025377,5.270094362497915,6.717743282356731,0.6811342093433175,0.0082214475237597,3.83746983116,2.15491682824,5345.3125,0.4088953024398247,0.2696512488661441,1.274691271215239,-0.1280523656762121,6594.63546942388,0.5376195215529121,12.799517709831427,3.130941672737201,2767.4664571821813,0.40881264187641,0.1671277761579698,combination
0.3202169512137549,0.1418548259889006,0.4391781459171961,0.2006766858509441,0.2181406929982779,7.169848422888833,4.709568592421468,6.013352753223288,0.4434364611659434,0.0087885379337158,3.3657449133000004,1.9255774852100005,5321.015625,0.4088649411134166,0.268565996327459,1.2768372803614836,-0.0383712578202351,6185.75631229624,0.5704635530005808,27.05188290550591,4.034887653877864,2948.00510051418,0.4087704755393487,0.1670933016726653,combination
0.3286290595340283,0.0459392901536569,0.525237598353694,0.187155766485894,0.2413547885823856,6.955448214962589,4.585344781377136,5.859425480936855,0.6392097367408787,0.0088921762237158,3.49261646937,1.9255774852100005,5005.15625,0.4199417005740805,0.2768444858905987,1.277859301820499,-0.1284883428466017,6527.064864164614,0.4972624572212966,8.585171268074038,2.8091674264030995,2744.628261756605,0.4198475450482676,0.1762719610830571,combination
0.3236757303245947,0.0622488274783055,0.5056645928210316,0.1723049214555993,0.2597413313930092,6.629466339272762,4.427185849681516,5.618261042730457,0.481840585970418,0.0072524253448193,3.38553373032,1.81849474616,5272.421875,0.4107563603391123,0.2743048464379841,1.2690366371528372,-0.1082503111985225,6595.595842781803,0.5381051482452601,15.501296745337491,3.523920080950757,2809.956981249387,0.4106923299571743,0.1686681898856525,combination
0.3296394881718847,0.0510835806112154,0.5210169092093134,0.1892086042155784,0.2385411938083157,5.560041566551098,3.709623316043861,4.704931353434495,0.369387316433623,0.0075099940005761,3.06698620508,1.55093116323,5223.828125,0.4180831936553589,0.2789423684456454,1.2683043405205043,-0.0587820006695921,6609.953089980386,0.5161758052210723,24.91879334769961,4.152511336728187,2741.706821998749,0.4180157375113713,0.1747371568071756,combination
0.3296343657691504,0.0951972397326185,0.4558297140609755,0.1852793214643477,0.2636453155810865,6.5171087954931375,4.290471727217638,5.49306678347995,0.6720706605800109,0.0092206151807226,3.38100412741,1.8107035853,5005.15625,0.4220290216139561,0.2778384774782615,1.2802943668486058,-0.006777651377017,6583.647019234078,0.5636030087093525,10.554222303283456,2.904821924436607,2971.472838879256,0.4219282822235576,0.1780234753401221,combination
0.3174842634937305,0.0611160541577752,0.4366861735185215,0.2115068818848194,0.2906116081470541,6.750236744367193,4.469707845757144,5.703286094794922,0.6798284400322299,0.0096014656546191,3.4261538436300003,1.8107035853,5248.125,0.4051055791082195,0.2682429748572835,1.2759863265355806,0.020439403181388,6871.480754272616,0.5570587452996769,16.70775165522836,3.473634671327769,2912.42529636416,0.4049917802645988,0.1640183420818891,combination
0.3160313312220654,0.1146789326614382,0.4172524721351615,0.1971576107694711,0.2708507010034096,6.401029715639372,4.287901243563405,5.420050003068823,0.3586490690376838,0.0067977159195361,3.3283558760900003,1.7129056177600002,5272.421875,0.3994741297578281,0.2675984480395285,1.264033310283182,-0.0928897551738508,6563.736196898491,0.6139032248548778,10.320310061999797,2.7712203327074785,3084.558144715153,0.39941628835596,0.1595333714040514,combination
0.3192221182285937,0.0593642066540215,0.5007891141047736,0.1745032114952474,0.2652581229456603,5.7423889632476754,3.810142160934858,4.828204376071156,0.2134634403374615,0.0079175577676269,2.9594157564300003,1.5412696281700002,5126.640625,0.4045176172092838,0.2684021646799622,1.2671979606363313,-0.1291396441248481,6584.518979252513,0.5162298263243394,20.6725968612964,3.819043906811231,2919.5076419010265,0.4044401252493043,0.1635718149116729,combination
0.3219947520096387,0.0873657132015845,0.4675190427172617,0.188082437436833,0.2569514128960197,5.888052729349634,3.92185909146268,4.96135979092659,0.2549318038882968,0.009957394834746,3.11220907774,1.59753181551,5150.9375,0.4073404419316328,0.2713175117381219,1.2650530463286538,-0.1597577493432069,6547.394310236095,0.5527319337797753,18.874781010015447,3.783981775812295,2900.579965087561,0.4072187200033452,0.1658270859211629,combination
0.3083590893999804,0.0963976025277172,0.432453199600245,0.1973786322701801,0.2733176169880517,6.142967140209912,4.084687478606142,5.180751501823903,0.3476162164158176,0.008572084054541,3.11220907774,1.59753181551,3984.6875,0.3911025810119362,0.2600586620516109,1.2683348552266187,-0.1186522292532314,6624.469232052321,0.6265678799234355,15.37174707513865,3.2880533974351205,3040.4815047481934,0.3910086293794039,0.15288774824916,combination
0.3117627826955712,0.1282624528503409,0.3992445123139747,0.2267642774992946,0.2454812302921949,5.418552952600176,3.5991769071378474,4.567183789991963,0.3001943209341897,0.007998373367788,2.77468355269,1.42387792745,5272.421875,0.3956120980400216,0.2627782620019853,1.268952293213033,-0.0494284142375825,6494.916138952292,0.6105774779521592,21.479531365849567,3.72027656330732,3048.5110502492607,0.3955312353520226,0.1564449581390971,combination
0.3222839742269482,0.0445891921305843,0.4045167482139403,0.2468634536977535,0.3038923855508185,5.958532474031003,3.980018037774779,5.032401726056367,0.2485242017535318,0.0079648492862744,3.04574035563,1.62186242818,5078.046875,0.4075012758200413,0.2721915900011525,1.264416813766496,-0.0965503789922991,7113.344181407619,0.5446229303447825,6.985401219130024,2.330482562024388,2921.347317442054,0.4074234295800971,0.1659938509708083,combination
0.3122255608500781,0.0637804655565422,0.4377346678628832,0.2020153929116995,0.2963575215297802,6.176299562497091,4.104166780171714,5.194521626494163,0.1998229642961329,0.0098382715268066,3.22714394135,1.62186242818,5078.046875,0.3951745908610816,0.2625945214879243,1.2656702090154408,-0.0463485719738858,6882.064612922528,0.5659385175281365,11.645500270682724,2.9629352123919603,2921.30439701489,0.3950521050134882,0.1560661656755881,combination
0.3046752614464453,0.0663992402003279,0.4687416361495801,0.1812152337657296,0.2831487574943641,6.232468789166658,4.196788853473739,5.268827884315019,0.0571103818149949,0.0096882496248242,2.78935141891,1.60528151317,5199.53125,0.3825023295706874,0.2575675173793597,1.2554426892251056,0.0380516932703893,6798.785036797184,0.5663125781194759,20.29695449016588,3.652170298092956,2928.737681857579,0.382379614972098,0.1462141699462099,combination
0.3122398844814209,0.0976237020569982,0.4189722376870868,0.186591052470391,0.2962279779538322,6.885103624148949,4.632377469352423,5.825339084950339,0.2265584042221515,0.0074204684499169,3.37746213644,1.81890320295,5272.421875,0.3926500409312006,0.2641794956535356,1.2575268581825405,-0.0169477193219278,6825.897768266063,0.585311605294735,12.71393032361248,3.076478157634852,3044.494693558508,0.3925799170758194,0.1541189912912572,combination
0.3237018577523486,0.0670233075050814,0.4695854229789144,0.1857189366746358,0.2776028546672223,6.68244604561798,4.423815953287384,5.619069397932124,0.4315188142409267,0.0075763664429052,3.37746213644,1.81890320295,5248.125,0.4111615903908376,0.2721912291596798,1.2701860695078275,-0.0688490702887343,6692.795441620992,0.5664882989244462,11.247016770048235,2.925884689609002,2907.49739130794,0.4110917806089606,0.1689964520842458,combination
0.3236689670486377,0.1076083103506834,0.5034278646708915,0.1648910114530216,0.2240046752264286,6.54478321810361,4.3317312713134974,5.513598217718016,0.5104644402288803,0.0088345405225732,3.40885844194,1.78458063985,5272.421875,0.4119786127242532,0.2726722307491634,1.2728393966244689,-0.1132345142780136,6221.492919552743,0.5545664624377513,21.14447879323771,3.951976006575166,2906.3718599486074,0.4118838771255257,0.1696483282359552,combination
0.3228570317854541,0.0572237345096223,0.4958971873919123,0.1800287593545315,0.2668132041405465,6.555605087578806,4.330283491731677,5.527464060426272,0.5881829130055012,0.0096583363327685,3.55564074243,1.78458063985,5175.234375,0.4121163529495265,0.2722221085634526,1.2764670190717335,-0.0967735477183511,6686.000370007228,0.5261167145529526,20.42120619920569,3.62048907155984,2889.529587951587,0.4120031612836264,0.1697466049077018,combination
0.3162554602896191,0.0928525168701404,0.4957047693147403,0.1795576322110076,0.2317749679154299,6.669523280499766,4.374924253899796,5.600093357939514,0.489782447545863,0.0067275868273339,3.36926251879,1.77106010258,5345.3125,0.4048207465537903,0.2655452313598175,1.2800435008554958,-0.1023434828768138,6394.210962422054,0.5620171882509171,19.90802982293327,3.927316823743764,2833.215486569619,0.4047648408839987,0.1638345764158488,combination
0.3175746749501025,0.109477349914657,0.4480795169494215,0.1871273331431171,0.2549130138208796,7.085437990879503,4.602708950830432,5.918799532914055,0.7438348026919139,0.0069519707502978,3.52421395508,1.87966083776,4543.515625,0.4083814244697933,0.2652850593258358,1.2859382585653545,-0.0409139192096461,6435.154216240223,0.6480742527280503,13.393226697279104,2.923454354674302,3027.5245786462083,0.4083222476851642,0.1667270579546645,combination
0.3225119178202295,0.1157730756139889,0.4711010118014722,0.1654899883430187,0.2468573828283612,7.356547324417711,4.795766454097953,6.155469199301256,0.8802003336709765,0.0093368302105908,3.86487301431,1.98521217655,5321.015625,0.4139509702049082,0.2698565086315317,1.2835214679900526,0.0214440599713637,6404.299579595131,0.5911188340340147,18.93367957188829,3.49468371308938,3035.65896944582,0.4138456588333425,0.1712682293352033,combination
0.3273994872049267,0.0659319705596621,0.5148804026648525,0.1612637959304796,0.2574325919741577,7.198534130592703,4.76878856936132,6.063577537943457,0.5415693817006129,0.0092811174855322,3.48747722946,1.98521217655,5272.421875,0.4162927644359536,0.2757800602921562,1.27151318406124,0.0625518921737048,6605.583536693929,0.5415917258818984,33.222445547115846,4.816701442766717,2881.9087677371976,0.4161892917651151,0.1732135265799481,combination
0.3306551136887988,0.0811245877772877,0.4762249759286063,0.1699906887409155,0.272632928155415,5.978025280266933,3.989832605600531,5.048936851892257,0.2779341539815267,0.0068931532821191,3.17172184168,1.6694567887700005,4980.859375,0.4184277772522543,0.2792655953263976,1.2654507973104083,-0.0194375371908518,6587.067351239341,0.5645821477552235,21.9773276618979,4.000296793846066,2979.2243613741566,0.4183709947093504,0.1750342892140913,combination
0.3244376979385303,0.0785181891120995,0.4949455269210275,0.168472513045421,0.257914385860423,6.346909196823125,4.216244042694782,5.353779789422299,0.3257628273974671,0.0054920449259423,3.20328274917,1.73696799015,5223.828125,0.4119704581995281,0.2736714731982332,1.2697983644230588,-0.1140076833003993,6550.942759046491,0.536275060467775,20.692602803563467,4.014604146893871,2945.3272318596046,0.4119338489025399,0.1696894958716606,combination
0.3204645966100489,0.10311557800289,0.4222808400378313,0.1729758790458397,0.3014163993145556,7.896601830708861,5.177173377945077,6.633762159028266,0.7868281589281034,0.0068021661505664,3.5922006733200003,2.1258859143000004,5321.015625,0.4106267569396733,0.2692152852424071,1.2813482714888986,-0.1345666574810817,6757.737625231276,0.5627156022147684,15.727003507982126,3.3277392066310667,3058.1488450637867,0.4105704130237025,0.1685680640504536,combination
0.3114416576350146,0.0881275926328134,0.4305939529218493,0.1759061511483608,0.3051798384018692,8.125508616977411,5.336805795226925,6.825952348325133,0.7184605842610421,0.008183639908833,3.4937260087100004,2.1258859143000004,3984.6875,0.3983442523243636,0.261631119294881,1.2790333038594086,-0.1101904745752069,6774.331085164773,0.5940459286429097,8.257784095634474,2.595084758206053,3040.0579975966425,0.3982601805323987,0.1586111713976988,combination
0.3075327062277246,0.0871980392343996,0.4424165114832264,0.1963139124044621,0.273952007101412,6.490842641497306,4.294918983814653,5.46423659054871,0.4034447534647034,0.0076500497664453,3.13015679102,1.68043146616,5126.640625,0.3912603409965786,0.2588926521522263,1.2722560334992616,0.0324215573392202,6661.210745584711,0.5759748578930172,25.733911776287524,4.046929789812584,2964.6318758284074,0.3911855457137058,0.1530261311753298,combination
0.3131015360104443,0.0467234485438637,0.5003550152048964,0.1935583593055384,0.2592866036169159,6.395629683641401,4.210863105478474,5.367049576224195,0.4435099956350177,0.0062766667960986,3.2218705813,1.68043146616,5126.640625,0.3990705525367715,0.2627468363995761,1.2745723244342673,0.0275105191716496,6705.942327300953,0.5018616513873142,40.764412583863816,5.232685716679281,2838.0200055257783,0.3990211891064619,0.1592179093559348,combination
0.317477504512251,0.1047563599376544,0.4642576046435042,0.1817696961980912,0.2490871415566211,7.0865009094976505,4.694093992286251,5.963563336459766,0.3791945582995506,0.0060259952542529,3.2418240003100003,1.89329720606,5199.53125,0.403336023771836,0.267169542520275,1.270439694275321,-0.0496540636770289,6453.382309984988,0.5950594813304666,22.759837324486057,3.889141736973208,2976.449840213162,0.4032910059166592,0.1626436354532708,combination
0.3130799428310205,0.0886814059234136,0.4108649784367396,0.2083883193615508,0.2919391679062459,7.157602185028923,4.777301488456688,6.047328324324738,0.3434244973350395,0.0072499903689111,3.1679542850200004,1.89329720606,5053.75,0.3963110158809825,0.2645155678000774,1.265846072084166,-0.0897188213352347,6802.923483122674,0.5842785883164489,18.118951758311574,3.2869177855668097,2968.950788735858,0.3962446957982745,0.157009858948267,combination
0.3093065683548877,0.1002562740764482,0.4504164461744908,0.2137017906836407,0.2354843265638493,5.999411752631862,3.970477872390978,5.046445461801763,0.3887501240666258,0.0048883673657568,2.92539801183,1.5608987281800002,5029.453125,0.3931261622269271,0.2601752959355148,1.270991962174782,-0.0778145828590701,6439.19082557552,0.5556389486900586,22.95892459248237,3.853768562862895,2897.049376095892,0.393095768600693,0.1545242832917696,combination
0.3070627897853662,0.0802839367810944,0.4583377437222556,0.1960903034448586,0.2652094733930965,6.353650803793026,4.170502612495142,5.329349565161765,0.5355173299675333,0.006545532192163,3.00094422887,1.63644494522,5248.125,0.392385546125085,0.2575597866100965,1.2778674563575696,-0.0891363133309632,6610.062331722103,0.5616989856723397,10.582975339403829,2.921196822553109,2949.3373603168247,0.3923309480734378,0.1539235728162026,combination
0.3138686736550048,0.0758077077799688,0.4554872054853131,0.1930623942693104,0.2756227274050605,6.210833433548082,4.090897457340878,5.21378870393014,0.2815049749348066,0.0083461998530224,2.91676555191,1.63644494522,5102.34375,0.4000210130624259,0.2634823430267302,1.2744853075146871,-0.1369088983801524,6683.338963104002,0.585784898082121,17.63182884709506,3.586881715563938,2935.133714788762,0.3999339343435399,0.1599471518395029,combination
0.3222081667687793,0.0653008344254912,0.5098251238008498,0.1707292784432925,0.2540347817005407,5.273029716222926,3.5370380567119915,4.455883217883464,0.0082840395853822,0.0062865823275781,2.7160425696600003,1.4357219629700002,5078.046875,0.4059108044499352,0.2722764786537954,1.2597781382159132,-0.0538218370533171,6572.766402954791,0.5419077228222937,14.174121471870546,3.375459774912814,2820.3318855032203,0.4058621195083771,0.1647240600518321,combination
0.3199629547845313,0.1054149723124309,0.4125061529448039,0.1838727460044148,0.2978640515441074,6.37666815873859,4.244041688421479,5.377666627652938,0.4122413341584918,0.0060353749719628,3.38691150994,1.72065410403,4616.40625,0.405428181519578,0.2698359176291798,1.2671097558547069,0.0892245279342258,6754.927795209003,0.5672782329931085,32.07523626456586,4.3794288013920735,3096.1168028623656,0.4053832564613636,0.1643355846192197,combination
0.3173200688607813,0.1111337210420718,0.392004825910625,0.1944982162518837,0.3021760063061908,6.42097784440356,4.267337025980025,5.422455977043504,0.5493765814328238,0.0055215652879003,3.38691150994,1.72065410403,3984.6875,0.4032149543273627,0.2679738422598202,1.2706884748101652,0.0636005391313902,6766.971067627806,0.6246151355493389,4.359489953998732,2.0072408369211066,3117.1246305530385,0.4031771468101691,0.1625518117099886,combination
0.3164588101271192,0.0934706206965178,0.4619632919497646,0.1828486331968727,0.2615180472121063,6.377848998216247,4.316666686870569,5.4254429550257175,0.3758774314045965,0.0060574088248632,3.36675691072,1.71692922196,5175.234375,0.3977442194418567,0.2692019241032815,1.256859365937974,0.0066846424467901,6584.343819289896,0.5788456628514812,15.803532182855996,3.4493791264720084,2990.807091157982,0.3976980913931324,0.1581637718977403,combination
0.3283276226527588,0.0853228085519619,0.4653823488598546,0.1705784584861459,0.2785162247555501,6.913092629447017,4.639378516048651,5.852776666532031,0.4274464874945942,0.0049239989814306,3.6385574708,1.9216282488400005,4980.859375,0.4141994972371099,0.2779694055674345,1.261543253322824,-0.0118575803446836,6638.762104567554,0.5935908674359556,14.189139384668383,3.2479041587182125,3030.921125089346,0.414170227980604,0.1715369777455054,combination
0.3217652606638965,0.1069059267333843,0.4799898257773365,0.1677848733730888,0.2452193741771788,7.145196425536209,4.634629875322075,5.972143309924492,0.8775943344352162,0.0055122659422558,3.79664853764,1.9216282488400005,5345.3125,0.4146238859487049,0.2689398771421168,1.2885912080540132,-0.0913717875386081,6354.056122044397,0.5954685930239971,8.976019487759082,2.694768676842099,2983.54831643091,0.4145872425960386,0.1718825817233865,combination
0.3135815566828516,0.11060677455621,0.4067926955232191,0.2161307541540897,0.2662460304393889,7.241314825699697,4.688540371997438,6.043763216427839,0.8484362874110811,0.0053877011478125,3.77023296643,1.89521267763,5223.828125,0.404222322356284,0.2617221766002797,1.289050053301139,-0.1028183241862832,6573.8918330467,0.5909087837414754,9.564694088222328,2.7456948255409297,2993.218990058421,0.4041864156146882,0.1633666585674494,combination
0.3158040866489209,0.1051034922946581,0.445482561649258,0.1916292315709869,0.2575934017182044,6.034432689686272,3.9419083697447848,5.060161006993291,0.6900065652368337,0.0066379481604345,3.1887002321300004,1.5980195251100002,5321.015625,0.4053923570053614,0.2648168613830509,1.2836830622019018,-0.0171144798423617,6530.004046716735,0.571537346313832,18.004664342369093,3.4603248144367744,2998.084581021723,0.4053380080409211,0.1642989007625818,combination
0.3188510440669873,0.0919865527001899,0.4645379109967061,0.1922959521273763,0.2509736060993717,6.023096183121945,3.875424371892099,5.01180584114466,0.6606440550736377,0.0072811211489209,3.1887002321300004,1.5980195251100002,5272.421875,0.4123469771982155,0.2653152924218621,1.2932276210818543,-0.0049450333353704,6535.399936818531,0.5657138866758054,28.4250895904466,4.349363970310875,2922.8174458705653,0.4122826880664775,0.1699770148793204,combination
0.3240995565925537,0.0654813791604043,0.4809235970755078,0.167296176199117,0.2862235511725069,5.50812738058014,3.598171461232875,4.591270760177856,0.1599356634256645,0.0048423350094677,2.83277586242,1.48802881757,5345.3125,0.4135513923119558,0.2701514897451907,1.2760011049069646,-0.0291393176921451,6755.368854736451,0.5458771946676438,56.99675987860361,5.95895340302929,2926.322033484345,0.4135230415282966,0.1710013058748133,combination
0.3229314039966553,0.0605171021287855,0.4731554168320265,0.1720200479186713,0.2942304246392319,7.468965807663999,4.93985899229134,6.272318695802589,0.3902455926724659,0.0046861095747314,3.5561345484,2.02552868275,5369.609375,0.410037753286246,0.2711926570438413,1.2697363842956966,-0.0537531441948757,6836.868109400665,0.5155786837568653,22.706313057664936,3.977909321689341,2940.7115751965225,0.4100109748495592,0.1681089994970859,combination
0.3170626471521973,0.1236798862060929,0.4073297047234989,0.1822950994582501,0.2865251929324132,7.62973588893427,4.969780950049265,6.388417875593211,0.8142730106893796,0.0042654630214746,3.80406172356,2.02552868275,5248.125,0.4075690061812324,0.2654782173636849,1.2854526064232032,-0.0867591813994363,6650.343296102724,0.5792403863187143,15.125359495241906,3.1353767753649917,3096.502330821031,0.4075466852089094,0.1660943006247699,combination
0.311456145958501,0.1225535991713646,0.4218876605695333,0.1704742383334548,0.2850511496689099,6.802783471515896,4.459066525980656,5.710380301973476,0.643234905335714,0.0046115838328759,3.27103780535,1.7785330408100002,5053.75,0.3988577049585189,0.2614419594945128,1.2806223609138971,-0.0653959724702815,6586.690033224044,0.5997782157380704,12.973147383757818,3.051318192162131,3070.5008374641675,0.3988310445531156,0.1590662020993292,combination
0.31148969269021,0.0841190864734951,0.4550733121474851,0.1821328009969131,0.2785699989169869,6.193061736937363,4.121887314065066,5.224137625023714,0.3236360936442466,0.0035274956469287,3.0325782928,1.62726502339,5248.125,0.3947863925918847,0.2627561442968477,1.267413984656362,0.0187266399004728,6690.307314733272,0.5615776130194962,24.964812942597597,4.1720659736667765,2977.3382283010105,0.3947706328365555,0.1558438525501745,combination
0.3157168407497705,0.0701450064627922,0.4812226287945457,0.2011269480349151,0.2473393047998796,6.119384870261579,4.050376775552552,5.154191393545999,0.4031336147175706,0.0031496993115185,3.0817820950700003,1.62726502339,4519.21875,0.401756457130586,0.2659197056387207,1.2725214663129372,-0.0059714560099062,6603.154409136399,0.5473041250409452,13.009239585095996,3.2061968295657923,2894.307563841968,0.4017441103991039,0.1613983302403674,combination
0.318494402204502,0.1218978527702301,0.4214982085838993,0.2043561178578267,0.2521420476462273,6.191489133427765,4.120977524213981,5.23748829129789,0.5989925110741203,0.0037941016949316,3.2484507545,1.66811070239,5102.34375,0.4047851978295293,0.2694199515563862,1.2709334764685154,-0.0779222790981315,6460.014425499265,0.607781120435634,10.241331244547773,2.6500669944865893,2996.2733966206365,0.4047674161468777,0.1638366611742197,combination
0.3177954705990674,0.1049901861769924,0.3906531955642314,0.203874462098692,0.3004087441013815,6.208353834906475,4.149115580474527,5.249007165663786,0.4083741735514312,0.00431888663104,3.2484507545,1.66811070239,5345.3125,0.4020400661384374,0.2686880849173006,1.2650906112052598,-0.0935661251285561,6808.768334458056,0.5744033481617723,9.443224358052715,2.635110113634384,2981.3710175014503,0.4020168678039111,0.1616175619988673,combination
0.3172805047749072,0.1299626785003697,0.4185795247335473,0.194765413812293,0.2566285114988466,6.778674233279242,4.44513698267817,5.671959255128887,0.4615996572959493,0.0034751406881591,3.23311228758,1.79960209553,5296.71875,0.4048473877279143,0.2654799498543577,1.2759920059227432,-0.1300431847388778,6438.420021972387,0.6047316358030962,9.51655304044436,2.5523631359911727,3048.25267564482,0.4048324724467069,0.1638893307473137,combination
0.3115395531767041,0.1196540579884721,0.4413311600503045,0.1863286419506349,0.2524924557182575,6.945747551133566,4.475685750195162,5.776480312627502,0.7633626706776968,0.0041949826735791,3.3164618582200003,1.79960209553,5248.125,0.4020841041959946,0.259094083434734,1.290635812037433,-0.0976172156553179,6414.3868321385335,0.5982030797881276,32.42246794572419,4.540938428434751,2998.9696466137198,0.4020622202687836,0.1616540289674638,combination
0.3152976735993701,0.0749945787699487,0.4734432040800581,0.19172706464239,0.2596840533415355,6.195917117200624,4.08309490626551,5.201431111774864,0.3995396343609849,0.0025648704890478,3.15685889162,1.63999912893,4470.625,0.4016558925469553,0.2646902949003565,1.273894247178352,0.0461439945200456,6546.734145744356,0.5514931813790854,18.29244391635187,3.6275640295313223,2856.820680437613,0.4016477031641855,0.1613208774570657,combination
0.329108310965957,0.0718978350619906,0.510031704318321,0.1669325714888207,0.2509439802931076,7.292011379994053,4.769643994917362,6.124509467913427,0.7982227052504456,0.001756669836289,3.87051215656,2.01562696648,5150.9375,0.4225948453653766,0.2764157735696847,1.2840600838217358,0.0810799825455148,6496.065333826453,0.5641742323087644,20.302680961740837,3.668364177495413,2852.507163360097,0.4225911942296868,0.1785833174404729,combination
0.3299053744010449,0.1389040128824916,0.4334004900212881,0.175420583363868,0.2519859176115244,7.863954409210721,4.997090863820617,6.541518335607825,1.4768070112885736,0.0045589341765332,4.192662636470001,2.15808205566,5223.828125,0.4318676835125625,0.274427081257278,1.3090653169765234,-0.0253473469479734,6360.458006362507,0.6131954150982882,11.019903736816737,2.8061770336675056,3052.9428560631577,0.4318436200543907,0.1864889121816809,combination
0.3262254090578906,0.142915270842088,0.4651539093147117,0.1799343161588041,0.2119211955663653,7.924554280575387,5.123590102486264,6.61530952445533,1.0550531319823817,0.0048992890364257,4.192662636470001,2.15808205566,5248.125,0.4212050559260728,0.2723285094973576,1.291147299477606,-0.1236066797427705,6132.731137101965,0.5903654947211171,34.131619616557,4.894212796738775,2925.3141212170945,0.4211765616752951,0.1773896961046236,combination
0.3210505715363818,0.099859550229035,0.4340834505253218,0.1906095298392039,0.275372978427867,9.613351094471994,6.352061950768732,8.096287769621497,1.028710241769943,0.001637626900415,4.22972856607,2.59931781576,3984.6875,0.4092085114890021,0.2703862357897962,1.2745920666975987,-0.160458929482481,6632.498340356209,0.5726695921481121,23.24395017176603,3.946797610769404,3011.683052164203,0.4092052346356041,0.1674489240531798,combination
0.3350559998583887,0.0861595066283474,0.5270031944828009,0.164878540490051,0.2217103866797348,9.203268242944574,6.087068013785492,7.757860825827924,0.9572486905043244,0.0015064448059179,4.22972856607,2.59931781576,5150.9375,0.4270229624300695,0.2824342121889899,1.2744823629797726,-0.1432507527151054,6338.354618718179,0.5500379533811379,22.3891880901581,4.068390768977579,2866.5371850401743,0.427020305215805,0.1823463410665993,combination
0.3347610527147314,0.0971456700848285,0.5039297339465538,0.1705489882245664,0.2282128529897829,5.412939467534492,3.594957401532138,4.56556872980207,0.3769710119431075,0.0050526181000634,3.0295605896500004,1.5283745942300002,5150.9375,0.4251440068743571,0.282355752063518,1.2699924421514053,-0.0979104071599598,6309.063827891303,0.5625392058419695,38.44659524090692,5.105716344462145,2859.7247541585616,0.4251139819289861,0.1807218976315183,combination
0.3083751763307861,0.092507599897687,0.3969001319189855,0.2186004294676615,0.2919140825130835,5.729805223181371,3.869693148403068,4.868050707848535,0.2421938651716608,0.0051413131393798,2.82716110565,1.5011859954200002,5150.9375,0.3879341172153416,0.2619959906048069,1.2579939858687414,-0.053809518626216,6809.432449933347,0.5975471109571251,11.954930654930491,2.67166987749956,2972.092347407078,0.3879000466600246,0.1504664461988492,combination
0.3170517082895605,0.1442534585262872,0.4186934654407725,0.1804167175287979,0.256373031242423,5.955871179144093,4.0354133247579,5.065111114472671,0.2936325516771156,0.0027274274564941,3.01557551687,1.6059021315200002,5321.015625,0.397952329112742,0.2696334563352294,1.2551653837780166,0.0033899109222388,6349.980097874789,0.5891081369502611,8.212104248254944,2.467559302678829,3071.401187643013,0.3979429825813313,0.1583586173857257,combination
0.3270823737073974,0.1332195881833205,0.4579089824870378,0.1764999668398814,0.2322522395878322,5.9489123936501205,3.965087108337396,5.022337618900702,0.457477016662942,0.000217119109038,3.1220303298100003,1.64271810995,5175.234375,0.4142955917654,0.2761375527572805,1.2666399203034464,0.0381648970857827,6198.407015096244,0.5769612093305976,15.001335155883044,3.239090825718986,2976.8645874825515,0.4142955348727952,0.1716407902155354,combination
0.3266710436917529,0.0568783269643031,0.5110191163630221,0.180941540632657,0.25115359583579,5.994198829843298,3.948706311921866,5.028661528690833,0.4218669763029186,0.0039662735427978,3.1220303298100003,1.64271810995,5321.015625,0.41601425383051,0.2740513213828351,1.2734959582859795,-0.0029956755712218,6554.69466021838,0.532701649050299,21.35313702829302,3.832398840215862,2820.4837158568234,0.4159953462051465,0.1730521280643397,combination
0.3371041182249902,0.0558852647279615,0.5233334411442664,0.1914956811097805,0.2292336797800288,6.041722174998534,3.9522128381615023,5.051345971405478,0.4369863794913042,0.004787000330791,3.28366948399,1.7028295295400002,5223.828125,0.4308547133641025,0.2818450567930018,1.2781057544854473,0.0358945638316587,6517.830515076706,0.5159021495118882,32.29728342859355,4.787190555975508,2705.403005311311,0.4308281196206858,0.1856128686558959,combination
0.3264231088443847,0.1367305433232418,0.4546989895356538,0.1715030901574011,0.2367840268784057,6.929628713671511,4.4598600112481925,5.760729022547412,0.795324133815801,0.0025153464130273,3.64773860402,1.88043507675,5248.125,0.4216354486480211,0.2713615915727313,1.291683821469352,0.0185751982420426,6261.633527355831,0.586516117269285,28.23743308038709,4.298025994386873,3028.816904697415,0.4216279456926931,0.1777701245890405,combination
0.3036403460615771,0.1370401704516954,0.391830847457183,0.2031815426014923,0.2679387019206323,7.44752789625447,4.795411400442967,6.192968428407253,0.8604176610422489,0.0013542647651416,3.64773860402,1.88043507675,4543.515625,0.3921321696353931,0.2524911759908564,1.291436315106393,-0.0852915184386906,6513.998414522075,0.6166247018855172,5.649463401262755,2.0764018228664405,3112.3313566937013,0.3921298310890242,0.1537658044299066,combination
0.2974704213679883,0.1144933665064437,0.4232606484296202,0.1766008412137769,0.2853857817260454,6.947857685332473,4.5771102601171645,5.82588926710848,0.412345696056354,0.0023782554833496,3.10157091209,1.73302973513,5199.53125,0.37862966733199,0.2494336835350809,1.2728313140875374,-0.0306676027313629,6626.380988621128,0.5950343843327534,20.37030003483044,3.6989977529261218,3084.3895820872485,0.3786221980877366,0.1433547688847893,combination
0.304259955266665,0.1193892014696516,0.4329677713004357,0.18292551430376,0.2642525974791429,5.917757340835712,3.966825327156229,5.006846455541115,0.2682218996841605,0.0026193806098681,3.04152776396,1.52338287859,5223.828125,0.384030743214523,0.2574257089045943,1.2621797136528985,0.0796175925920606,6509.671937903009,0.5917914369546678,7.093838688928576,2.431408487315425,3065.9139029785983,0.3840218100305236,0.1474727505791195,combination
0.3083086461595654,0.1416042537645903,0.3766950105861303,0.2123213658967878,0.2691058660083503,5.848423765289096,3.917068883588041,4.947028922441005,0.2509941348310702,0.0025869936442431,2.82716110565,1.52521178959,3984.6875,0.3893757896319924,0.26079023183003,1.2629415181255428,0.0223830133284661,6502.440931959797,0.6653089524756479,13.130476606505592,2.869567112895341,3144.312592250392,0.3893671956077222,0.1516068130154222,combination
0.3112168354045703,0.0892926831835905,0.4425068647880484,0.1941076872628034,0.27404528464501,5.78108617296673,3.9068686339894647,4.900801036702534,0.0429836354264456,0.0008401484765332,2.82716110565,1.52521178959,5175.234375,0.39039239157436,0.2638278939210646,1.2544064046755838,-0.1030871446154561,6654.807931684867,0.5442905117235791,19.417723760794143,3.78734915773001,2920.796530532409,0.3903914875476741,0.1524055135496858,combination
0.312290871893584,0.1594145062170821,0.4283673848123646,0.1656924208473159,0.2463834490614015,6.919623999467702,4.611018797928566,5.841918248035356,0.399203363442048,0.0013913460547363,3.21379289105,1.82437774321,5199.53125,0.3956561062014267,0.2636527278578058,1.266947393634516,-0.0267368538678046,6241.784139432484,0.5752457856062353,20.978586320256586,3.736476525634228,3104.7710517116216,0.3956536598221108,0.1565418185306306,combination
0.3129025497563965,0.1579917041491019,0.4030876588701969,0.1832762248014596,0.2555743508244305,7.149308185734855,4.666290362046964,5.987338624017404,0.7568894957496175,0.0034749174324218,3.35465561627,1.87345352171,5223.828125,0.4014867006450433,0.2620468264954833,1.2831045990440542,-0.0505276527215026,6331.886922328908,0.5882117929009292,8.89531620284738,2.6505141313709344,3126.562984412576,0.4014716624416728,0.1611794957436804,combination
0.3220792296916308,0.0539179978423778,0.4923356923012888,0.1660931412067321,0.2875047294188829,6.923042099108445,4.566358084210551,5.816747399401401,0.4940115275320513,0.0017910690802929,3.4583609663400003,1.87345352171,5248.125,0.4102730200217949,0.2706113143456494,1.2738263824544156,-0.0620112665278513,6772.875853374473,0.4999695249085328,19.88549279869151,4.014755823853424,2852.2101502724936,0.4102691104986503,0.1683207430293537,combination
0.3357396326629687,0.0531092200588791,0.567328441063209,0.1505148758713844,0.2287848839256598,6.334071369600843,4.177514409665083,5.325016321515717,0.4627517432816947,0.000139226670664,3.41610702587,1.78781902371,5248.125,0.4279623834626897,0.2822543225973571,1.2746853270441816,-0.0377228611861697,6421.334033836238,0.4714692324450864,43.38670590407492,5.706531333309976,2716.382503788675,0.427962360815762,0.1831517822750004,combination
0.3253465345496826,0.1172897358776889,0.4397973535455362,0.167975853878682,0.2747905591250253,7.069697506839832,4.598302473946418,5.925517383820803,0.8259991749136684,0.0018563282206787,3.71676170516,1.92784654624,5248.125,0.419251790669059,0.2726915181837463,1.2886314933378715,-0.0412214234475716,6507.135783102911,0.580660927344402,14.962041387671118,3.260829904674869,3038.0830150673137,0.4192476810010397,0.1757686180247496,combination
0.3111589378655176,0.1315081458576244,0.4092840445227796,0.1856995269820488,0.2734244013426571,7.388507280715181,4.812143463613295,6.195697155494251,0.8172771418599174,0.0031130347659667,3.71676170516,1.92784654624,5248.125,0.4006211703406775,0.2609250384407,1.287512976772743,-0.0964775287807961,6498.180230316381,0.6356660663667825,22.45367796886945,3.7337556425407135,3091.042127033261,0.4006090752088376,0.1604876311396801,combination
0.3127380816428466,0.1226031179138769,0.4350769112742066,0.1671188206664685,0.2749689031219565,6.270837250237284,4.138462715913348,5.268485887598611,0.4138640257691803,0.0023109959715576,3.17047208583,1.6476561696499998,5248.125,0.3981324184254168,0.2627489925029794,1.273053848555905,-0.1227745576963912,6517.082533050823,0.6171927263075873,59.45509990330968,6.334900673022186,3093.071352323068,0.3981257111753656,0.1585040818988906,combination
0.3210462290018603,0.107787449998003,0.454561143160234,0.1752367289751152,0.2622543752703004,6.062999685747843,4.075324617526489,5.132146154691174,0.1844530417384637,0.0002012233005419,3.16862488572,1.6476561696499998,5175.234375,0.4043005954823893,0.2717559384875292,1.2593220507195135,-0.0384520904757054,6453.44274278227,0.5759668428864574,16.798890215912028,3.1828937365156538,3032.9781279199915,0.4043005454072476,0.1634589310165979,combination
0.3297096821994336,0.0764192202912488,0.4766278736466455,0.1736312439991977,0.2733003686565038,5.783751822842966,3.845871225311796,4.874800518650832,0.2767870223922828,0.0021505286778125,3.0265428865,1.60726892979,5175.234375,0.417920631146378,0.2778938272285614,1.267541275580702,0.0307314210144011,6610.598556968377,0.5566424990788724,12.91400435911016,3.1689666626200608,2911.351846781616,0.417915098033312,0.1746530291641927,combination
0.3140983753397461,0.0837405914741081,0.4553806920229915,0.1910850574937906,0.2697703684831093,6.107969652850459,4.001383571403823,5.117087689649746,0.4164309503722867,0.0036517597903124,3.0265428865,1.60726892979,5126.640625,0.4016782947969457,0.2631429134622373,1.278829584401601,0.0259254324916686,6665.25027584998,0.570588555620996,16.54193065337538,3.3001295361930563,2894.213193382752,0.4016616949142846,0.1613321171614158,combination
0.3086406066037354,0.1704771341746455,0.403897074695627,0.1885613878016589,0.2369758437019317,6.58549627928698,4.354483442690037,5.556795556690832,0.7048966630854974,0.00183156767104,3.2823038971100003,1.71505275139,3984.6875,0.3938590590507573,0.2604287784330342,1.2761090103624444,-0.0524134610498327,6169.0289275372925,0.5948448306750077,6.099370453214419,2.198914753795187,3090.7912746737347,0.3938548003467957,0.1551216037562143,combination
0.31742187921875,0.1580539023011795,0.4454994548627827,0.1779904088493988,0.2180381716671874,6.916778034635946,4.491853180562257,5.789719553558243,0.8924790568205441,7.154529960939058e-06,3.55283641223,1.83778366084,5272.421875,0.4091370725990559,0.2656993836779567,1.288937843875282,-0.1204169057135944,6085.621909250836,0.5631301558145101,13.5181493649737,3.1981398241189742,3017.359997102371,0.4091370725365007,0.1673931441237378,combination
0.3206967081197705,0.0650508471500379,0.4422099224122985,0.1914418372007022,0.3008726118429916,6.827148341621158,4.488448325903857,5.730597210101837,0.4567193678848325,0.0024295001169189,3.18560937254,1.83778366084,5272.421875,0.4094474364857298,0.269187597643968,1.2767434966398643,-0.1652066942276543,6853.415268749743,0.5818494069764947,11.255215166714605,2.885111354950044,2965.2337261519483,0.4094402285730087,0.1676413007739176,combination
0.3243336620249365,0.0787348638109956,0.4769163042756076,0.1599211339427544,0.2843217161187041,10.311668341087538,6.7134316434491925,8.646334327900847,1.5296272562806452,0.0028306222117626,4.7373062359,2.80429727566,5223.828125,0.4177144305023746,0.271953788940834,1.2879157466863815,0.0781071079705818,6681.000137124698,0.563876379300419,42.89706681047345,5.294670447386812,2933.513473508236,0.4177048396030592,0.1744773330278174,combination
0.327899065709917,0.1091250043137083,0.4285480873486659,0.1824596265468069,0.2797467381065068,10.264224862283852,6.589901316703306,8.552318591053512,1.6863475644302568,0.0020415530873193,4.7373062359,2.80429727566,5223.828125,0.4255446539923136,0.2732108184773367,1.2977916026414693,0.1263614192237788,6616.350728464031,0.5948869777384128,52.59051970760417,5.73852130544611,3018.6697531205978,0.4255397567824064,0.1810840846024295,combination
0.3260360031463428,0.1112777594449524,0.4206794196783461,0.1884207863136171,0.2795273206918927,7.084439187625464,4.640304597398957,5.946191430582032,0.7982203653515669,0.0018151598627197,3.79538658905,1.93867248797,5272.421875,0.4177899203118453,0.273652216728223,1.281422653572153,-0.0056316858669086,6645.314767367582,0.5847217085542662,10.606558464293006,2.760442972114098,3005.967641476041,0.4177859771567864,0.1745451227088509,combination
0.3201709242771973,0.1240880039367284,0.4739675244743738,0.1641101265384766,0.2375745660291233,7.618532951295119,5.090605058554093,6.4579293075653545,0.7943775392375483,0.0025998978258593,3.69639373299,2.06764119532,5296.71875,0.4061680628407031,0.2713962397404227,1.2685975897331991,-0.0926991737042627,6274.056177634222,0.5414869040863516,10.46962533419708,2.955503224550953,2939.814179630561,0.4061597417310884,0.1649657358030644,combination
0.3250714436199121,0.124392203578104,0.4753281167078837,0.1710316622954151,0.2288711530280064,7.457450237383574,5.08512098088271,6.360574685660724,0.3097975592948407,0.0039202203493066,3.4749613818500005,2.06764119532,5150.9375,0.406606097100385,0.2772584636173753,1.2508207198163084,-0.1161110916808615,6259.985414010441,0.5499496475763014,24.593989919696824,4.120888618992436,2965.7077124641096,0.4065871986076548,0.1653131500716205,combination
0.3319985202062402,0.0709451912534451,0.5021680513442083,0.1778993902093136,0.2486238264740123,7.075717412727169,4.702554595630361,5.965427452627467,0.4392584032975728,0.002456609316914,3.4629515329500005,1.9805130866700005,5126.640625,0.4211568513229604,0.2799027958787091,1.268550387096106,0.0419301158578368,6503.248586797217,0.5528832399344233,10.559857621240392,2.9859817921807283,2863.9382201452536,0.4211496865568514,0.1773670584869342,combination
0.3219484465192139,0.0845290670753555,0.4246980175473029,0.2095732628538512,0.2811445745387557,7.32921836348737,4.8338705105254425,6.151646662944228,0.5625733665301516,0.0005378750919384,3.4712913671100005,1.9805130866700005,5199.53125,0.4097157924188412,0.2702215964169523,1.272613043636443,0.0182361829062395,6782.974629631895,0.5814324573197849,18.088776099056783,3.531218470405003,2911.8450799918364,0.4097154393573478,0.1678667412477845,combination
0.3158660886792822,0.1452909871810364,0.4200057838516027,0.1808376512731778,0.2534010222026177,8.765774177428316,5.7880801196390905,7.382985225165639,0.9675580731891982,0.0016594285673486,4.01425846479,2.33203466585,4543.515625,0.4029029691447,0.2660386428679557,1.2755499358267344,-0.0394696108603186,6325.982659815686,0.5690652640536015,10.864556823487291,2.822006618503732,3045.122229606917,0.4028995518022389,0.162328048842445,combination
0.3144734765588428,0.1415744132411162,0.3956120850067438,0.2021618532717277,0.2598811491765363,8.793159226566539,5.797707049036889,7.415679984743136,1.0314222487620317,0.0035528217777685,4.01425846479,2.33203466585,5248.125,0.4022339601027955,0.2652101031907037,1.2790711779711297,0.0257702108104053,6465.479797236768,0.5955837872767346,15.650211316326232,3.14887422188416,3104.912927457691,0.4022182692486664,0.1617795361173926,combination
0.320492939403208,0.0784005311984851,0.5179042816200863,0.1531947790558717,0.250267587788136,7.103386704481198,4.761524690849599,6.011773345515125,0.3706412867948252,0.0041403177621142,3.30597000545,1.92673091053,5248.125,0.4046457879831372,0.2712411685702701,1.262573174737112,0.0236878376019699,6460.3670299080495,0.5305680146462272,27.821226485038054,4.581202939502694,2850.8399407867696,0.4046246056548251,0.1637210715013227,combination
0.3353900285475586,0.0776339512427952,0.4969774457991395,0.1732017842077733,0.2520618074201439,6.828627724398557,4.514530383739066,5.744747149680951,0.5260241904024552,0.002356364514121,3.55372038588,1.92673091053,5248.125,0.42678434892584,0.2821549201819608,1.2725016029071403,0.0357026269980985,6610.676709917909,0.5548572125286922,55.68047051181066,6.122365250574941,2841.646839729378,0.4267778438887494,0.1821393280343297,combination
0.330732536965503,0.0893086624669735,0.5054086452804126,0.1606511620140082,0.2442013734602276,6.466803346278956,4.2242758588671965,5.409689175203885,0.5716017686111035,0.0023940113849169,3.56549247635,1.7891602251100005,5248.125,0.4235424685521817,0.276668413945121,1.2806192956949962,-0.055762184056553,6471.73278726186,0.5475863446727933,20.084341742151327,3.943206924685537,2901.149428467877,0.4235357025998691,0.1793824913767647,combination
0.3147927208899707,0.1147381186547917,0.4141157486545054,0.175450166092192,0.2951210528573157,6.696779304990615,4.437988195210765,5.642863171098801,0.4193589334496979,0.0017789358751562,3.13282700108,1.77633225124,5199.53125,0.4002561911176152,0.2652517233046982,1.2714912529934783,-0.0523009695520974,6690.729808337903,0.5882981710683298,11.364029088986744,2.850943419306493,3130.510966213244,0.4002522378639911,0.1602018539151329,combination
0.3115931095374659,0.1469173721858322,0.4103157285942616,0.1429939252957871,0.2993311419747989,6.148630507650112,4.073777831385946,5.1823891027212765,0.4599877757630626,0.0027115584386865,3.00924138844,1.61479673535,5248.125,0.3963880216807571,0.2626270570887084,1.2721334636351949,-0.0672056653054092,6525.7306709594,0.6010785433241124,17.858171272788223,3.241653068028359,3282.6815419869304,0.3963787471381607,0.1571161111828179,combination
0.3145640295811523,0.1181966479169852,0.4532847415723438,0.1616219345234734,0.2666123378771161,6.10293398121539,4.017563315261168,5.133443698251612,0.5288113952829363,0.0048472734263769,3.1277426285,1.61479673535,5248.125,0.4019343588727058,0.264593511960032,1.2777505406701732,-0.0815967838106438,6494.854007001513,0.5599501393062875,23.220716478324565,3.9037850591260175,3093.543914469072,0.4019051290824029,0.161527732782743,combination
0.3210852315315381,0.0647632581226496,0.4917860632697057,0.1839475599040295,0.2593185714390929,6.981469051154774,4.5883788228200535,5.865930837946372,0.5939232386066777,0.0030974574689892,3.3964096544,1.8834637612500005,5175.234375,0.4104856712969503,0.2697804355286033,1.2784321139249626,-0.0563658270358831,6605.10159732617,0.553737556709725,20.6249953810652,3.772121691304155,2875.9476252209697,0.4104739846778791,0.1684888920973357,combination
0.3146304110884472,0.0844680857912185,0.4433295846579665,0.175389541665356,0.2967174880713382,7.122124364178519,4.7037795901035935,5.986273719486483,0.5437835996682172,0.0032284966798144,3.2947770701300003,1.8834637612500005,5223.828125,0.4004149695306025,0.2644525235648904,1.2726518334492465,-0.0995369407324516,6758.383097675908,0.5772835174468655,13.797979921718262,3.0631761414538423,2991.0169490821413,0.4004019538331222,0.1603217246333817,combination
0.3189114863031787,0.1149687884681344,0.4884241749408634,0.1534271833381692,0.2430713733298005,8.019899720380689,5.165233307426194,6.701911658390765,1.4152511979131406,0.004679751251333,3.95992151898,2.1373166080500003,5223.828125,0.4137889773492174,0.2665016624358173,1.2975041512171868,-0.0187089274233196,6249.497980086091,0.5562189770799315,23.15256527737981,4.04606597249628,2997.1908578173347,0.413762513652381,0.1711994177039368,combination
0.3234492948918359,0.1077197854715833,0.4853665871065319,0.1650579060994944,0.2417149530081508,7.962109302211307,5.045548854301438,6.607887671434672,1.5459089386287213,0.004548098831416,4.1518840175400005,2.1373166080500003,5223.828125,0.4236043827477544,0.2684359793272878,1.3096469506585606,0.0533398429030858,6352.6898851918695,0.5440803736085466,17.173053257033505,3.704448672294712,2956.032680672127,0.4235799663347238,0.1794199878801257,combination
0.3088910466473535,0.0594414077326072,0.4430451043953679,0.1914381868306162,0.3058933515070951,7.75013782873284,5.141211336440375,6.521935262791666,0.3882286131348897,0.003783022256875,3.4929761552,2.01456740949,5175.234375,0.391846838742254,0.2599395590128989,1.2685600408146736,0.1093970189407623,6933.159106381519,0.5765521446448595,12.588758619304356,3.0781918244511206,2954.8888527891395,0.3918285770268703,0.153529633774902,combination
0.3112975023408056,0.0791854017688819,0.4413881998334356,0.2059937683500937,0.2732714392175107,6.10444054046657,4.079633705132696,5.143936186924229,0.0325286052468065,0.0036627350423583,2.8886795753200003,1.60129448719,5175.234375,0.3925093777844243,0.262316337848646,1.2608818729123907,0.0159718409953194,6719.080589931557,0.6053397155372873,14.002527936310964,3.173977401112661,2933.023387314351,0.3924922878487238,0.1540501960207254,combination
0.3109945032031299,0.0852369326328614,0.4053094448350621,0.2094928894135539,0.2997030732735374,6.554183511588213,4.3026476825074695,5.5001089419987705,0.4782320657490966,0.0028624912240771,3.31179813517,1.71050364798,5248.125,0.3975467605526008,0.2609789068242781,1.2783079972733098,-0.083069883544505,6829.192114722908,0.5919434366012892,9.11901810903037,2.5910394677893365,3026.795179919504,0.3975364548942135,0.158035232969859,combination
0.3066139291458936,0.0950614123643349,0.4169326324813929,0.2199370571696946,0.2676181522366134,6.65315536994432,4.357788056188953,5.578688654963568,0.4749223869414734,0.0062120000276025,3.28636407953,1.71050364798,5248.125,0.3925164844927999,0.2570966034713713,1.280165208365443,-0.0980993584107364,6679.496209725083,0.5579518522514872,12.026502731786495,3.0403970504014914,2953.408084358736,0.392467325588059,0.1540306016542435,combination
0.3131429389588623,0.1026172465546963,0.4286291862310766,0.2067121667264945,0.2616690676294681,7.31063123211295,4.776752067628089,6.104691965100106,0.3987401015802621,0.0060051461451318,3.50965582352,1.91164118339,5345.3125,0.4001968610313977,0.2614878418422822,1.2780005909185506,-0.1030742377191454,6646.170936482342,0.5704794292166298,13.91266640898042,3.253969077342761,2989.508192503852,0.4001518034435924,0.1601214657991594,combination
0.3289769014559814,0.110495082834557,0.5187394273798744,0.1657365209897865,0.2048399172105028,6.8995598840502055,4.566083016620516,5.810867495345371,0.6081862481370273,0.0033963403431201,3.50965582352,1.91164118339,5345.3125,0.418661066045369,0.2770671195722445,1.2726153848263044,-0.0917147625954186,6143.520839858687,0.5446284828095198,16.639507629230224,3.750895385751367,2867.191601507298,0.4186472896060818,0.1752655530945185,combination
0.3459580168089746,0.0667608070995076,0.5550142362374852,0.1657681218147041,0.2123586010086378,6.4294722324260425,4.348485828730534,5.468251100955335,0.2483651746900035,0.0056483328722851,3.38326588068,1.8917853063,5345.3125,0.4350446065158903,0.2942364844129935,1.2575069383523088,0.0217781225112272,6278.5331058315205,0.5332284038750846,20.43684375915748,4.149366349130046,2786.7881196173485,0.4350079378520921,0.1892319059943296,combination
0.3289802592607665,0.0838400832415971,0.4684489710333264,0.1801301221470036,0.2674604533192716,4.941250735304802,3.314063339949617,4.178350626444201,0.1198745274931498,0.0071328674323779,2.71724965092,1.37459487237,4446.328125,0.414776282577296,0.278187638313644,1.2607938345884857,0.0981851452688378,6595.305643636119,0.5522808226945455,15.524489785132603,3.525067418735664,2921.984237803649,0.4147149464280653,0.171988486790833,combination
0.3143843433467822,0.0954109887300631,0.4288945165023936,0.1974634303966292,0.2780919988233368,6.684852551894352,4.435073693739204,5.630355652849712,0.4392391480129687,0.0049607796199658,3.36633626119,1.77009566473,5321.015625,0.3991130220065486,0.2647920280946796,1.2695066737668494,-0.0074411649464014,6657.388401645882,0.5721118166480482,14.64517333188725,3.10477843866653,2969.4732698258144,0.3990821907837556,0.1592665950007619,combination
0.3230349958802587,0.1091340437499619,0.4314697161592031,0.1897792594108161,0.2694188961341324,6.4729531914952245,4.3445535046720805,5.479578644123535,0.2757900348534585,0.0055117450122021,3.36633626119,1.77009566473,5321.015625,0.4074286719743376,0.2734602912092301,1.2612524251872748,-0.0721459071936376,6580.710641584029,0.5605070380219871,23.54732753873296,4.0548266561564645,3007.878768799343,0.4073913884874015,0.1659677434136928,combination
0.338576876808374,0.0689523988307698,0.5124563530526086,0.1504560131437139,0.2679812579857303,6.495784344273517,4.383530866250915,5.5133314732136816,0.1845549965719168,0.0059931796376123,3.37928495107,1.86668655101,5102.34375,0.4258408593359612,0.2873689229932045,1.2577375730740656,-0.0405604979328225,6608.286905661141,0.5092837284742284,49.56287217562372,6.254655988834918,2897.9545170943948,0.4257986839784984,0.1813045192778212,combination
0.3485073485233105,0.0712792772665825,0.5410348471527471,0.1518624808499049,0.2357422137726182,6.334533545016037,4.226945683437059,5.35623297161306,0.3511163235518757,0.00613765586708,3.37928495107,1.86668655101,5272.421875,0.4416159304635635,0.294684136999905,1.2671638986516958,-0.0880813387894623,6459.381665142918,0.5195696814026578,47.476422964334176,6.0498059124033645,2793.2727741139192,0.4415732772934252,0.1949869592196562,combination
0.3297109633434961,0.0540652492106012,0.5021929228528433,0.1870262287023392,0.2563828383741152,6.129726783984881,4.051932962096058,5.162538447157089,0.4454331462318581,0.0060605105912402,3.21412209503,1.70214552471,5442.5,0.4200823509748995,0.2776870135806363,1.2740927590486386,-0.0595295046634145,6705.169946650738,0.5317652022156891,16.163890162653065,3.619918096161703,2805.918270326247,0.4200386313328478,0.1764324518119721,combination
0.3176972549060986,0.0871602722391383,0.4318891669679687,0.2072460519001615,0.2734032118005177,6.614101143963593,4.385953759550423,5.575979700780205,0.4217079500387117,0.0044913174555615,3.35215610457,1.7714734443500002,5248.125,0.4038969723501104,0.2678328325787319,1.2713266045357858,0.0545213217471701,6756.267223828828,0.5678233180941454,25.99810388487726,4.074249821207277,2914.4586584782783,0.4038719999468881,0.1631125923410992,combination
0.319514598815918,0.0865156109111176,0.4725007917460135,0.1865467949196168,0.2543923390607601,6.720333093522007,4.445627427761248,5.651303842583743,0.3706939295494278,0.0066429937400976,3.38635674027,1.80567408005,5248.125,0.4061685576200682,0.2686881818091071,1.2712050063605207,-0.0262963881731571,6534.285214850356,0.561480422803012,60.884859111282005,6.39041767065436,2912.317325792905,0.406114230030586,0.1649287678333357,combination
0.3232655952237012,0.0946651635131108,0.4431635605684175,0.1802942889868362,0.2818341473448175,6.644883306738622,4.415928924753955,5.585729216870313,0.1653452488154818,0.0089642461524609,3.16119341069,1.80567408005,5223.828125,0.4089001681906843,0.2717390203404857,1.2649046920929636,-0.0690999042589155,6652.864981678026,0.5325647941888593,12.815039256285978,3.161141822429705,2988.612152745271,0.4088018955891569,0.167118989837288,combination
0.3222043637125097,0.0566589619592301,0.4549913219296402,0.183963130708416,0.3043416959114657,5.4970560614040815,3.665423895942881,4.62902345128013,0.1594371271285908,0.005654971009541,2.94725959465,1.49149155573,5223.828125,0.4069083407735939,0.2713255129781298,1.262888981654706,-0.0155709536678829,6902.593767885229,0.5528791226973162,8.908156037625147,2.6054551392838388,3011.2525227628685,0.4068690441579459,0.1655424190940005,combination
0.3166436098339941,0.0897368523055968,0.4215088507036296,0.2046018872234085,0.2841458778941367,5.592595774616473,3.725726184664735,4.710316296962192,0.2161767154187424,0.00491609572833,2.94725959465,1.49149155573,5272.421875,0.4003223752376247,0.266690391338409,1.2642679744824177,-0.0115724555114154,6732.707895720047,0.5872532937640448,28.45888355105423,4.049630323756137,3003.0884941555514,0.4002921884307556,0.1602338361186835,combination
0.3190972582028223,0.0779334508485021,0.4205386448365612,0.2222721729658789,0.278985969104884,6.241990936756316,4.128718089150742,5.255352983741706,0.5440003167841181,0.008178451445498,3.16668014369,1.676968728,4154.765625,0.4061717685222109,0.2686592699334237,1.2728776511894782,-0.024205303617311,6752.403628697715,0.6015517516456816,3.141947960797548,1.8125103443136452,2935.4566067512706,0.4060894217735966,0.164908618476414,combination
0.3246824760626661,0.1002889018733806,0.4484055956368744,0.2071152087492338,0.2438868679494374,6.12716016170594,4.049766144674322,5.164949917643023,0.5774112155637368,0.0075053860021582,3.16668014369,1.676968728,5005.15625,0.4140902630156339,0.2736942863809674,1.2753699184421383,-0.0319305990816818,6544.604657036543,0.5508154948473556,16.56951650446267,3.6157857796619326,2909.6559776555746,0.4140222398679997,0.1714144151053155,combination
0.3277257161585156,0.0507736039715399,0.4948653978943322,0.1962009160290932,0.2580194806456701,5.74379060107432,3.7644494445945433,4.816267789667584,0.4386307686505106,0.0053761751982812,3.01545358947,1.57841481058,5175.234375,0.4192949948754076,0.2748036828300761,1.2794082801625533,-0.0292605512474447,6686.717911032157,0.5146919631315314,26.47367634326364,4.337921780925258,2801.775992959746,0.4192605269612267,0.1757793894678054,combination
0.3178955369320068,0.0647903281069982,0.4844148437288862,0.2100524272391647,0.2405774432140682,5.730819474524949,3.742754449029096,4.793773998393516,0.4407024737501053,0.0066993047905322,3.02346421965,1.5239193591500002,5175.234375,0.4071651987603191,0.2659164829609859,1.2808144546156548,0.0297199585929004,6541.910698989855,0.532153088483307,33.377224844970065,4.877934665989524,2814.7540404620418,0.4071100814237516,0.1657386183968537,combination
0.3173613204328125,0.0604290977633697,0.4361914355853439,0.2165828072729514,0.2866103744495998,5.635148189783123,3.7083093047495175,4.725039769985024,0.313058354593414,0.0070194267271386,2.96707279715,1.4995448605,10617.734375,0.4043742679661098,0.2661056657247752,1.2741762840368525,0.023626229408943,6881.680393831739,0.5673288060213423,11.114605304670969,2.8079245738637635,2939.293394276201,0.4043133391832992,0.1634692762415495,combination
0.3305802288670264,0.1113116487431939,0.4454638922033608,0.181756971005808,0.261351471431586,6.8231573496541005,4.485438747820534,5.72020867582083,0.36427556259699,0.0071633850032959,3.37863873585,1.89098789322,5102.34375,0.4215837066415916,0.277142647650631,1.275284090904211,0.0084612135400472,6454.267525822702,0.5855260637673595,6.014679494892004,2.3549939087674057,3029.1482874767958,0.4215228435339633,0.1776815076209581,combination
0.3288186315901904,0.135775408994735,0.4513448663820364,0.1678115041167425,0.2450344350186078,8.310264751273795,5.495972688046809,6.999812132752228,0.6859637929707949,0.0094349615257373,4.1926565401,2.30166864688,4543.515625,0.4187918640654636,0.2769669457916128,1.273625712874469,-0.0089402278912902,6241.41458266166,0.6287044969135692,23.1076762689116,3.89948429084964,3094.139397955086,0.4186855704564388,0.1752976069084336,combination
0.3152144139583349,0.1059198807718628,0.4400675941750661,0.1760469098065775,0.277814617434343,8.638549355413057,5.749862659462294,7.301914331824416,0.703262750588117,0.0087904192353955,3.72941167291,2.30166864688,4543.515625,0.400299760741632,0.2664415693171605,1.2699284773016235,-0.1003841660063856,6596.007050073847,0.5644797531391949,19.02504787368008,3.560696940519893,3050.848522497958,0.4002032320952366,0.1601626269794738,combination
0.3184292264129248,0.0499891073379384,0.534096234842033,0.1682586623038808,0.2474923507032493,5.84472120068779,3.871909338952023,4.922451194531365,0.3723814544666908,0.007113637671538,3.0798678348900004,1.5674523259300002,5223.828125,0.4048267117623806,0.2681825654482111,1.2713239809131696,-0.1002128072933112,6581.479884269547,0.5121421366658314,23.49347122884438,4.22829415854435,2812.8472595479598,0.404764206316986,0.1638340627154196,combination
0.3274518296652246,0.0953343376756688,0.4790266122648335,0.1737933616665538,0.2516193029301084,5.64948918199621,3.7934631859339705,4.786818041397139,0.3106859825673784,0.0065738439963964,3.0798678348900004,1.5674523259300002,5272.421875,0.4131982436898449,0.2774502747832771,1.2618596271466385,-0.0263315180108858,6513.853062398595,0.5627916596595838,30.994993177485178,4.722589683181316,2916.598034877447,0.4131459465654764,0.1706895731634835,combination
0.3236560420875635,0.0672803770860017,0.4357756431351267,0.2076931194948227,0.2890020629774393,6.830618972706066,4.620559942255424,5.802592394712363,0.3181947400595599,0.0082513667693017,3.591981204,1.87804408832,4519.21875,0.4064537873743662,0.2749449348330406,1.255820174876891,-0.0043494248103518,6835.727208943998,0.5567468725945967,11.247069492546787,3.035883103848292,2915.480778356072,0.4063700237682462,0.165136596217405,combination
0.3217309947625879,0.1254587137904604,0.4460336170078155,0.1815281340315561,0.2466620312847542,7.127096717906035,4.804099434084507,6.048172309652382,0.4321449778685182,0.0077608024726074,3.65982160936,1.94588449368,5272.421875,0.4050466732378984,0.2730262504774465,1.258960684023592,-0.0785101085030161,6373.0115341837645,0.5601474506538235,31.851990964616903,4.482752153082433,2980.7975403803766,0.4049723168885374,0.16400257744607,combination
0.3296138993999072,0.048613560959727,0.4989295422448403,0.1874210577313229,0.2644186087218048,6.941185273747507,4.7108356743196005,5.90352681492699,0.167196714224767,0.0080924741726904,3.55612235566,1.94588449368,5248.125,0.4130656699166331,0.2803389359220241,1.2531803745796448,-0.0415256851422378,6707.484832675765,0.5098616033244696,55.06685334452224,6.193432632444728,2781.1562434407147,0.4129863914530856,0.1705577595254412,combination
0.3357916786704443,0.069810316125382,0.499369182006671,0.1885200476434717,0.2421616686077427,5.689200050798417,3.800709713936572,4.795347723790183,-0.0012301948793975,0.0090230993415576,2.88733227755,1.61023786198,5248.125,0.4236676787168262,0.2830341432191369,1.261697968199581,0.0572357286476782,6558.444413608095,0.5282538270351833,63.357264639062805,6.596088014026879,2765.99207704937,0.4235715826959786,0.1794128856675763,combination
0.3348447201118359,0.050346966548971,0.527106128149488,0.17079799433939,0.2516670845594198,5.735412099283663,3.764345705270917,4.80222379574311,0.1698519262451943,0.00793989524833,2.9511856569300003,1.6079992828000005,5248.125,0.4271656773044105,0.2803633383206823,1.2757127457818058,0.0206010022565519,6582.238464809631,0.4902542271440304,76.63567597501665,7.488634125540945,2786.735306794591,0.4270918799630606,0.1824074739303813,combination
0.3337342830168945,0.114793800107174,0.4509004406064921,0.1716122363466266,0.2625987122928805,5.744903682073514,3.7854537408675215,4.8182022783634695,0.1825968213171735,0.0083145660034179,2.9511856569300003,1.6079992828000005,5248.125,0.4247837624959302,0.2799001291906122,1.2728202768261194,-0.0514804691858202,6465.846081361598,0.5541933685259874,26.430865891432056,4.359546793903416,3019.36973979866,0.4247023815242548,0.1803721128723737,combination
0.3258704354508154,0.0839565769173843,0.5001286702194765,0.1772140290045564,0.2383025186129203,6.316728078754879,4.159054289256375,5.298119543957787,0.2617459169116474,0.0086528758407568,3.22192544863,1.72650052286,5321.015625,0.4151185348361231,0.2733219637341614,1.273876024567372,-0.0372872350282229,6465.575537934661,0.5631642111895624,31.548292734242544,4.764622197634879,2897.697767710888,0.4150283432540168,0.172248525704174,combination
0.3253892394986133,0.0923412369874293,0.4991087848012502,0.1695837377792235,0.2387443705974344,6.350709461366818,4.13371731360665,5.305954571578135,0.5050393005857945,0.0062195163040917,3.28786988292,1.72650052286,5175.234375,0.4176629391605968,0.2718594722940478,1.2835794441271828,-0.0678032946562865,6433.712674421421,0.5271688708698835,59.50656804027008,6.389199129628203,2876.138563879896,0.4176166284586996,0.1744036483652115,combination
0.3253592184138086,0.04625451381739,0.5288403263400502,0.1750162814284208,0.2496128086817487,5.700931286539205,3.7741168497344906,4.798909241520767,0.3693377569701126,0.0077065781191308,3.02970690253,1.56136936006,5199.53125,0.4137045624779324,0.273879701680783,1.2715317073074646,-0.0866760063680159,6622.83407294266,0.5019430683450449,28.308427265654466,4.555107747224013,2753.875503271572,0.4136327763472706,0.1710920736687512,combination
0.3163451322344482,0.094432132549318,0.4221281739659984,0.1916705407318408,0.2916507502583438,5.50377645096964,3.655222511730765,4.6415683152721705,0.2388291097149761,0.0094454694291064,2.87655999176,1.46833754247,5102.34375,0.4017094821881952,0.2667872787985988,1.2698456250955747,-0.0290883845807796,6785.737284843479,0.5829828894183191,13.884421313325008,3.264269901756459,2968.689612129704,0.4015984202996468,0.1612812911871717,combination
0.3110632332260449,0.057819071105383,0.4141303676037256,0.2173322920670977,0.3104775004565211,6.928647472979426,4.508304366871301,5.796790746625027,0.6035074195063839,0.0080707409708496,3.30130018603,1.80316847198,3984.6875,0.3999660016813312,0.2602482633171997,1.285802881726887,0.0465375005323539,6969.191326810618,0.5645998486219251,9.981930628502536,2.598121438900733,2943.209561819476,0.3998845653949801,0.1599076656411321,combination
0.3246292318224218,0.1242244448153653,0.4331165396680193,0.1880253227565832,0.2545495676472099,6.609836246936543,4.354291646275534,5.55454745050922,0.4357758807765761,0.0064080453556445,3.30130018603,1.80316847198,5102.34375,0.4141129300611614,0.2728007782062246,1.2756489233467698,0.0612389350939062,6425.2723388290215,0.559976262819997,19.514662354721803,3.577693945816838,3003.6399196867187,0.4140633475672053,0.1714484557985603,combination
0.340481776275625,0.0607015438784679,0.4499784192652366,0.2045698209380718,0.2846923557491206,11.711795626302504,7.545329359184396,9.84326566957566,4.150339409687028,0.0081067297957031,6.47851485708,3.35145257953,4543.515625,0.4441757834534438,0.2861604391390901,1.3045508288639711,0.0828250558088429,6749.1882176124345,0.5616313641680138,12.763096054430278,3.0658363921489027,2892.7733542723868,0.4441017986211045,0.1972264075385,combination
0.3369326274020654,0.0726411787063165,0.4574502957477213,0.1856539557144106,0.2841888258051191,11.906513703110354,7.585053876586696,9.946951725546825,4.397356293431175,0.0072490616250439,6.47851485708,3.35145257953,5248.125,0.4418495417514644,0.2814805965120164,1.3113884077014617,0.0302986453622462,6730.464415696788,0.5497478339304229,22.691764456439696,4.032823654622615,2914.475426732712,0.4417900730568031,0.1951784686515354,combination
0.3224212199665185,0.0480851676180011,0.4968872418774785,0.1835220779176102,0.2713295528280549,7.304690862906469,4.785181762577825,6.116548350182383,0.6180856774726191,0.0068160228899951,3.78518736204,1.97210498105,5248.125,0.4121274966967206,0.2699778838094892,1.278226962665539,-0.0336348427618999,6818.726285112621,0.5052043934872688,36.37103621845163,5.237184262940352,2836.7709692223307,0.4120711290122963,0.1698026153654686,combination
0.3151968351839453,0.1160657513680329,0.4248845508712315,0.2033217939604137,0.2556301594588621,6.813914092894555,4.53112011721217,5.752222670420868,0.5061466621382982,0.0078752880146972,3.36474510862,1.81308238099,5272.421875,0.4001399949877123,0.266085300793659,1.2694924260714582,-0.032845532909062,6508.235475471661,0.5536591817163473,21.704139839440707,3.794506289478631,2947.321642877639,0.4000624894031581,0.160049995427452,combination
0.3185887941772314,0.0546820624502448,0.4144784103999466,0.2240301495249502,0.3067209705481429,6.800435955073222,4.6108653475088985,5.785122840744657,0.2910323119168203,0.0082851944786181,3.17177670901,1.84307531,5272.421875,0.3997243838395224,0.2710231111911347,1.2546718250772977,-0.0282672988968264,7017.3912292645855,0.5775652873729219,13.570794870503097,3.100638095920276,2902.988040532994,0.3996385098915486,0.1597109385883374,combination
0.3163611889603076,0.1027175835266044,0.4328233209459265,0.1815780683814614,0.2828046503410362,6.88208950958321,4.627122242161211,5.825857830592621,0.3198053752628431,0.0098991250873095,3.1960463579800003,1.84307531,5272.421875,0.3983199953539906,0.2678075179687135,1.259067196779204,0.0110057579217813,6708.317595187925,0.5401179599891127,80.34247504671889,7.60230960051029,3035.3959479577384,0.3981969688750894,0.1585608260213089,combination
0.317056906846875,0.0517781170365719,0.5094263693627422,0.1702077777793496,0.2683666521982903,5.247507310671312,3.505907705824754,4.429177354802801,0.23238040852,0.0075989033654003,2.75727231997,1.40430127199,4956.5625,0.4005528353347347,0.2676130186868379,1.2633468209799468,0.0041656159446806,6690.1915963004585,0.5241283437567805,10.606342454468226,2.9735164179327347,2926.440572517503,0.4004807493030575,0.1603848305623383,combination
0.3317159410891552,0.0826198312614955,0.4781782066280319,0.1798727868140514,0.2592915469393541,4.988744807031926,3.372128081713749,4.233445240464238,0.1122033737174872,0.0047432809039404,2.7498530376800003,1.40430127199,5369.609375,0.4164436338006236,0.2814939080488855,1.255422432920389,0.0090139554629533,6591.769642772224,0.5401086241591142,12.01279823769999,3.129600416935682,2898.2025604671626,0.4164166200085369,0.1734028014193342,combination
0.3403339810352734,0.0545849180370219,0.4828191229915187,0.2071299237012596,0.2552374141346369,6.331784548669215,4.212583334708411,5.340614175143498,0.2564702634296298,0.0060513124548632,3.23233804859,1.8175924834,5126.640625,0.4314674248517415,0.2870584855547577,1.2677765045360625,-0.0465130810271436,6690.566188570507,0.5383563160691217,28.32041685005842,4.482844825316307,2815.620903949532,0.4314249880637037,0.1861275203257668,combination
0.3374313265270801,0.1561341929676121,0.4679741466337033,0.1780292587631837,0.1973138340755241,7.313846810769972,4.775571764148853,6.131605568885897,0.6514478862425785,0.0087225941424023,3.88658828425,2.06899580085,5248.125,0.433245672566865,0.2828874946906612,1.2839521363529818,-0.0356059129123442,5983.556383799681,0.5805708831814239,78.0514965255701,7.399621046690691,2932.642599628072,0.4331578570790816,0.1876257291493421,combination
0.3377996996766308,0.065288967042123,0.5436797855358061,0.1752891309101316,0.2157179686935939,7.313918725525343,4.782936882256283,6.12491900623538,0.629750046399435,0.0077490086161914,3.74517688573,2.06899580085,5248.125,0.4325785290049614,0.2828847131742482,1.280577008857795,-0.043776410198365,6297.341492550512,0.5085300269134302,91.70849402160115,8.194721720282685,2785.461442743209,0.4325091173854749,0.1870641366215624,combination
0.330095937847417,0.0618458588509885,0.5155076563377183,0.1654647804161736,0.2569321281173805,6.0640141997011865,3.9944436687812304,5.077860381471266,0.3240819434309467,0.0070707189885986,3.2715742859100003,1.67618108488,4543.515625,0.4196281694946095,0.2764144392937926,1.27123094040793,-0.0107936201476465,6586.315598939696,0.5347896332466537,20.561190315542746,3.966843721500677,2842.268563897593,0.4195685945901826,0.176037805566381,combination
0.3152903478344434,0.0529071211895535,0.4723064814745412,0.1913083838126917,0.2832952781931674,6.369517443389872,4.255470583905006,5.37325327643578,0.2554150483540365,0.007684591894121,3.28952809556,1.69413489453,5272.421875,0.398107532675126,0.2659753913207556,1.2626695850650311,0.0548988384416346,6836.440312724998,0.5784565939088456,35.27305519282515,4.612536254724495,2900.297075072095,0.3980333586775075,0.1584305546200973,combination
0.3277011199789941,0.1192927519667665,0.4516661461559197,0.1795104852266985,0.2494199456712384,7.261978021620343,4.739825694419969,6.082720292221683,0.6697412981312025,0.0077272009957714,3.70500180743,1.9933142522800005,5296.71875,0.4205458978431758,0.2744864066436872,1.2833215152579676,-0.0803730549772981,6437.025852431426,0.5815807003030198,17.791525647320295,3.499133418343442,3008.63837738295,0.4204749012218134,0.1767991425574937,combination
0.3400691972878418,0.0532728513199162,0.5004157816194794,0.1946157909630648,0.2516376290947699,7.517652031133024,4.87000512956062,6.294809527038964,1.020678522779014,0.0060520923615722,4.13398507522,2.14067082294,5248.125,0.4395623343282053,0.2847525815340735,1.2925673299253575,-0.0790786894389664,6705.001776007477,0.5335016015627776,33.49589144007632,4.93958064879567,2806.959805239919,0.439520668385581,0.1931784179381079,combination
0.3291723711088428,0.0949101381096625,0.4898982950161148,0.178289989383433,0.2368404728425316,7.653543872606474,5.124784201926596,6.503191065911708,0.7729922399818667,0.0050826474851025,3.79288098098,2.14067082294,5223.828125,0.4177094563582292,0.279696681507488,1.268968762326991,-0.011108212338358,6457.249952844005,0.5162303587148545,37.48830327418845,5.156495012744944,2867.388180841454,0.417678532636799,0.1744553566256295,combination
0.3194095114434961,0.0504137998039657,0.4828557881119338,0.1843319458948364,0.2823623804643305,5.470732737918542,3.735633366751727,4.664339980819744,-0.0147408048997301,0.0066609911292675,2.75794292067,1.4898345544800002,5126.640625,0.3988171236877743,0.2723281552677055,1.2486075379703443,0.055043921004517,6792.5082507410725,0.5405615156437877,14.142353490726888,3.144453144144121,2921.0616481318566,0.3987614943092742,0.1590107293437653,combination
0.313806020444126,0.0868768105642275,0.4759366882576824,0.1832713296380734,0.2538069389500366,5.590042421330671,3.7913022414804383,4.7476289727375365,-0.012905830761869,0.0062627832659814,2.75794292067,1.4898345544800002,5272.421875,0.3929611673212963,0.2665157868561139,1.2522422825576864,0.0263963001976036,6598.683062704245,0.5856907636392,29.677434304494746,4.445952825141444,2898.0613742128576,0.3929112578792814,0.1543792565682791,combination
0.316740806394043,0.0486558336915523,0.4621189630986456,0.1870353429534715,0.3020151822730332,7.151837022866687,4.79366682172429,6.058387487631558,0.3857348349706218,0.0063486414690625,3.36262966823,1.91893853828,5248.125,0.4003070320998559,0.2683140754109113,1.2638315746467224,-0.0442372037480614,6946.82858949086,0.5322343226476248,17.40938218589639,3.39966668732858,2881.7369663691843,0.4002566860154773,0.1602054147000924,combination
0.3257017868453613,0.1524554736042011,0.424557092723552,0.1619847855620739,0.2608057053836661,6.998539499107804,4.628968772235092,5.891704055007488,0.5359088245627621,0.0062952208362402,3.69987476026,1.91893853828,4956.5625,0.4145498992756096,0.2741912849851933,1.2727897605070009,0.0193114905931244,6301.349499041408,0.5717119833791389,25.75933239234267,4.111114739896523,3100.748014037812,0.4145020979247765,0.171811989184041,combination
0.3283672108938525,0.0390248009801132,0.4453322179098544,0.1879627183974672,0.3270402010556058,6.4213622567504345,4.301818279458178,5.423611624108543,0.1573953927719498,0.0058905653472607,3.4275621051000003,1.7809362219800002,5321.015625,0.4139961537855365,0.2773455461273497,1.2607719042915166,0.0467398140232057,7115.617722366044,0.519890800416718,8.381526987133935,2.572321544273048,2902.196976734245,0.4139542445598393,0.1713581165891072,combination
0.3218568188156299,0.0593846758225924,0.4850783580588052,0.1661661945301066,0.2890772394590951,6.635032422783682,4.462250438831122,5.624558283188031,0.1591995781036397,0.00693118117604,3.17036235117,1.81030243627,5321.015625,0.4056927017176126,0.2728400286415632,1.2604757084547171,0.0601437047723806,6856.744987073141,0.5283783568801672,21.71038888050897,3.943309743354331,2861.366246837761,0.4056334884528652,0.1645385269544407,combination
0.3162399384447558,0.0466604253062011,0.469622487853519,0.1911126136476414,0.2923990713181511,7.068300028663068,4.70627634510537,5.97124753725525,0.4511293594296068,0.0067791678328808,3.69864938989,1.88834695362,5442.5,0.401240134482099,0.2671571588589132,1.2687838748494822,-0.0176768890303599,6899.970953597147,0.5245821589736682,17.063266641215996,3.649149813917138,2831.7208370383087,0.4011828615515704,0.1609476884027065,combination
0.3171333590945606,0.1084174995693484,0.4040333120043543,0.2096847456302006,0.2778303187331161,7.051353269570488,4.707637616623244,5.954425478957407,0.3423959309944298,0.0028974113981347,3.25452273902,1.88834695362,5102.34375,0.401124110945162,0.2677992268191979,1.2648436357827548,-0.0674829507940004,6672.8696453987295,0.5954818811021991,10.413662112899829,2.869763171013372,2991.3113800988435,0.4011136464753307,0.1608921573887365,combination
0.3186698545003272,0.0532093704212909,0.4304182748913521,0.2193878767112242,0.2969576385611686,7.596380473865343,5.053428732046172,6.407158293154157,0.5171066415125409,0.0040865339666259,3.5247382429000003,2.04176820104,4543.515625,0.4040362117095242,0.2687817188810537,1.2678833783730534,-0.0209080621062613,6952.445686590959,0.568291486494389,9.285564102514508,2.633786416797822,2865.847042224582,0.4040155450137075,0.1632285606127231,combination
0.317553091768418,0.1300124221802883,0.4122100872542675,0.1937871990011909,0.2638697754852032,7.596664474948213,5.079365064399516,6.4296908264051815,0.4909909446968266,0.005165737317041,3.5247382429000003,2.04176820104,5223.828125,0.4019731157641016,0.2687716704842251,1.2658453851781375,-0.0137942626961872,6501.985820795502,0.5842390574528987,36.80684825562034,4.424930525677947,3092.394798302123,0.4019399220717832,0.1615557009550711,combination
0.3198852015460987,0.0532197224651452,0.5222544798456865,0.1700991818536723,0.2541693579423128,6.662655123071697,4.450850077562605,5.630752691228918,0.2755741522688844,0.005466111539497,3.28508384183,1.80119445949,5029.453125,0.4046854933555476,0.2703418421362911,1.2650960138186584,0.0081451529295599,6592.240986701179,0.5101342160982257,16.661278399903203,3.545395444530506,2879.9969904121067,0.4046485761213805,0.1637404701570607,combination
0.3161207072478272,0.070824973049219,0.4484880002624583,0.1992225165723882,0.2813184683204124,6.787987305865701,4.478229486555093,5.697805990538699,0.4006835439425518,0.0053878291477685,3.44949074799,1.80119445949,5150.9375,0.4022112901756583,0.2653502987451869,1.27233452587571,-0.1199814921637619,6792.561466301255,0.5564496315041286,31.73128579797654,4.71944184292803,2915.1255932799622,0.4021752021716929,0.161744893241842,combination
0.3180423182089453,0.0503231856030775,0.4475897214921092,0.2106460916762569,0.2911590699499113,6.147947970460579,4.105209354294328,5.182631977349358,0.1547521439878623,0.005922050359707,3.0022366593100003,1.6482962885,5199.53125,0.4015133325114759,0.2681051135142441,1.2624525401921274,-0.1157349992283806,6947.716820168682,0.5412751212372797,35.9629659902888,5.017231862403757,2825.249845786816,0.4014696570153317,0.1611778855040081,combination
0.3349548096535156,0.1507376024123061,0.4326379506851718,0.1789079982889805,0.2374096576944789,6.481133024936518,4.37238648716257,5.496493434246993,0.2891122715804033,0.0071084015803125,3.62882156791,1.84107691203,5150.9375,0.421069115787327,0.284067138407182,1.257092311117699,0.0403518099637321,6253.72607091224,0.5504775059214299,14.780810419666164,3.326400340002732,3032.0296599658423,0.4210091102302827,0.1772486708968943,combination
0.3397204426694873,0.0459312399340673,0.4865559294619414,0.1931812879598619,0.2742972877474142,6.4031438367275255,4.2939418200706525,5.419388063794491,0.4759218756241221,0.0058251365325146,3.63052245514,1.84107691203,5126.640625,0.428761494490791,0.2875270271877767,1.262100953129663,-0.0019938974092678,6775.526956832855,0.4990926445980803,30.394069400773034,4.810472372722238,2856.396789632608,0.4287219226285893,0.1838024869423541,combination
0.3376982273881445,0.0755276194885516,0.4928156489238312,0.1800082208922388,0.2516440917647728,6.906468003496552,4.579501134848541,5.821971853261266,0.4842054625529242,0.0027102992763281,3.4319514915,1.96606957475,5272.421875,0.4293195954879973,0.2846707714789432,1.2713113681658292,-0.0142251732552255,6549.744854008722,0.5500390936327842,31.91992775232812,4.835871821755171,2883.6562937080707,0.4293110403283502,0.1843079693478103,combination
0.3273530495163086,0.0675035067205667,0.4756793304131757,0.1852183827125153,0.2714223629239285,7.093158842664154,4.7427908338986695,6.00596077432311,0.3919931918779871,0.0037632209613476,3.55697584746,1.96606957475,5248.125,0.4145385372464025,0.2771782809831387,1.266334735109136,-0.012793482827617,6674.734338570353,0.5585102851704908,23.571625399831227,3.908635798678412,2912.517482587953,0.4145214554524085,0.1718280370303831,combination
0.3262805745959619,0.1128538092854574,0.4323395453089584,0.1779869814203774,0.2766966318461473,6.131900265672258,4.110619151976316,5.1927311513352,0.386073153698856,0.0072857112868798,3.28519357649,1.69428730378,4956.5625,0.4121732617738171,0.2763070549703812,1.2632479340341278,-0.1753543346422554,6581.100713561531,0.551711002164172,23.452365050876864,4.056625337324983,3017.3016824952147,0.4121088644185074,0.1698337161323117,combination
0.7226742553505079,0.4767247810388158,0.3989777435343269,0.1177145437363833,0.006576161266328,14.277923643304824,8.414633536665752,11.683391019547086,7.060014785710457,-0.0063999219680175,13.574378622210002,8.443285905020002,680.3125,1.003405064311999,0.5913525044644157,1.3884610623431333,-0.5733103104504099,3437.320014674948,0.247636609582677,34.68501483542073,4.759821152101748,2320.35284847169,1.0033846541011926,1.0067807640857698,combination
0.8242180921635645,0.5750281171826711,0.3620476209548141,0.0593650352637612,0.0035483606281141,32.6390876416513,15.141324071566828,25.55129626814928,54.96827680601466,-0.0043468205333593,35.755399037470006,21.059840662440003,1603.59375,1.3908850086623057,0.6452337422436153,1.687520599082272,1.8630971466124828,3114.7488703621566,0.191153552061858,8.829846011495297,2.6664487535698638,1886.9351557985192,1.3908782162622264,1.934542212472793,combination
0.7945954434339453,0.58785940825346,0.3629392518143544,0.0465978925458971,0.0025962047151206,33.86244747843554,15.362048213777152,26.50385279259496,59.37245306708573,-1.3694579160160227e-05,35.755399037470006,21.059840662440003,631.71875,1.3709005706382889,0.6219231694888988,1.7252811880140764,2.549124494176121,2950.4775149457337,0.1651381929541076,9.925717807728503,2.811838695937404,1885.0986709748988,1.370900570569888,1.8793683743888443,combination
0.732581676960127,0.603268779007336,0.2955423771068975,0.0963102770671747,0.0048634619285416,18.16977185685864,10.090942398661356,14.680466070836978,12.341596021037722,-0.0036334440340917,19.35051849885,10.75464045273,607.421875,1.0657716621350142,0.5918973852536508,1.4548161599638565,0.3666643160226765,3149.327854341075,0.2255957440335263,16.17461572228001,3.3779764804840675,2079.275960772129,1.0657654685222642,1.1358560338944814,combination
0.7262567549859864,0.5879409361073638,0.3080258936045391,0.0989012222001564,0.0051237424691101,14.585709810890506,8.510820842330249,11.83586656799614,6.356053937826742,-0.0063685947229589,14.36089570139,8.595878046120001,607.421875,1.0099940070840998,0.589335600225766,1.3906844929842868,-0.5061227619557552,3130.200301336111,0.2144396807059065,21.97267370572744,3.9393426327137626,2197.485254238767,1.0099739280531213,1.0200473353470514,combination
0.6957200478462061,0.5057289815514963,0.387259482684325,0.1000257488626468,0.0069212905327619,16.848143733037556,10.010965639137188,13.828892179741816,9.454108277952544,-0.0042038148150146,14.055997948580002,9.62103752895,680.3125,0.9610499002550974,0.5710443643761236,1.3813744525981295,-0.7917822216630134,3233.7612251666937,0.2480473594218827,48.87018192644742,5.793351304013109,2331.971033609559,0.9610407060688604,0.9235992387213338,combination
0.820649776786255,0.6068034580390329,0.3157790351030177,0.0736561412642954,0.0037139110004667,35.71397203036936,15.782309326176112,27.825660277365312,67.64614753565002,-0.0018788831481005,38.05568136587,22.835121895550003,607.421875,1.4468808983281227,0.6393890289249308,1.763091807560407,3.058567482075206,2986.308042169476,0.2030744252019284,13.102624622035831,3.091020398222006,2059.173308335536,1.4468796783924056,2.0934608037449114,combination
0.7977184364133985,0.6284999333505603,0.3277457035505566,0.0413841940879598,0.0023393440440729,36.85413627171968,16.100221039801347,28.625541109740944,72.17225760834462,-0.0032847066654492,38.05568136587,22.835121895550003,850.390625,1.4183110802702217,0.6196081147361666,1.777959509933171,3.4709135886903093,2762.4624795088653,0.1529339447726737,6.677286647933869,2.351331967986339,1781.2744445386334,1.4183072766926796,2.011595531119405,combination
0.7708228747166894,0.5344741065731309,0.3871766145641611,0.0727697691374708,0.0055573261418908,15.61639686984232,8.098997397771324,12.36684402214148,11.621026347134428,-0.0086889005309961,17.22764663382,9.532646260320002,2113.828125,1.1770155973803853,0.6104254611208696,1.526959871050777,-0.807071789094269,3330.3617379280595,0.2165478874619765,12.350114821980885,3.0030436397513256,1902.7592386690264,1.1769835255789556,1.385290219484268,combination
0.8118876747577393,0.5563309800830781,0.3789564139167673,0.0605498413856299,0.0041452749941294,14.580510988515895,8.010662302946963,11.741336340848465,10.045775642911725,-0.0030089203415283,17.22764663382,9.532646260320002,1603.59375,1.1899947719445283,0.6537937022802723,1.4657135573583049,-0.7002126522204988,3141.441932633488,0.1896746755637479,7.977792015008823,2.692887135119477,1951.5261185188035,1.189990967887441,1.4160785036536885,combination
0.7030845901184228,0.4882830206265742,0.412181668281765,0.0945636163119831,0.0049645936259048,9.614187364715551,5.998364907205723,8.001328474774935,2.767768736112112,-9.56056208056672e-05,10.16491663964,5.62561075109,680.3125,0.9378573724869688,0.5851363758247747,1.333918259151438,-0.1160016635823629,3300.260347253721,0.2237320751292087,47.67226616171127,5.516046190275073,2229.1245246736767,0.937857367613928,0.8795764419877264,combination
0.8018330800278417,0.6047779736210589,0.3412631032515822,0.0509782695686413,0.002974339075957,27.71361488645929,12.846019544782536,21.57672860150553,33.49754771113294,-0.0048063225151367,26.641142996370004,17.300934751470002,607.421875,1.346793432094446,0.6242756429412295,1.679643139751333,1.9959323676947365,3061.4882401350133,0.1780648983015041,6.127259701566038,2.2636753748253406,1886.1517376393465,1.346784855868456,1.8138294479966173,combination
0.8222815976983545,0.6047591770231845,0.3519072294830692,0.0410677733770607,0.0022616188186596,27.220179709368274,12.308536303714888,21.040158018733468,32.3634789038447,-0.0055256197565576,26.641142996370004,17.300934751470002,607.421875,1.4056045596785005,0.6355922310650873,1.7093956177700234,2.4365513238551126,2889.8772104048785,0.1549929481807488,7.155546308594673,2.313942582999587,1862.31393897894,1.405593698660924,1.975693645715297,combination
0.7721599105662451,0.5532156394387838,0.3403886298102884,0.1023826574709961,0.0040089695965539,33.53478686536016,15.28924007453288,26.069140998304967,48.9674663845109,-0.0050753099576709,32.2852781734,20.12954558179,2113.828125,1.316582477851176,0.6002586407544119,1.705064533699621,-1.5361166933378354,3284.1534546229727,0.2135288652858565,7.0851546964083845,2.2796736727791416,2019.94586490852,1.3165726953775,1.7333636622135755,combination
0.788898277169209,0.5338111838721243,0.3758448595773727,0.0859853574784075,0.0043428875506433,32.4757897622063,15.774358093285194,25.51602172845468,48.825542016943245,-0.0015681498594335,32.2852781734,20.12954558179,607.421875,1.2760928503555853,0.619832365253693,1.6175632363332937,-2.515068571043099,3304.8032743693234,0.2032149082556318,9.206418050601522,2.641616484924463,2046.9490291160373,1.2760918868305136,1.6284105036346603,combination
0.7293910696834425,0.5152175001897192,0.3713421386194883,0.1090752399094698,0.004346438644514,15.189897085650236,9.162703674907569,12.46396459758626,6.237260813084653,-6.581437521972875e-05,13.28239907743,9.09110447033,680.3125,0.9921857993974372,0.598496778422435,1.3602933195056095,-0.58006013259669,3225.626233526028,0.2128201391103462,31.62285989626749,4.469857774778265,2234.0795642806106,0.9921857972146144,0.9844326561943996,combination
0.7897505693994581,0.5392133419453802,0.3956429468633403,0.0618836663971462,0.003241534374245,23.17973902162812,11.552241035244151,18.26078682309323,22.695505465035065,0.0020623367080908,23.51257126155,14.42146679122,680.3125,1.2483696234542088,0.6221582899515775,1.5807137998057963,1.248961571468583,3164.6664819556754,0.1879289215321787,6.361692491764169,2.3135594957244168,1936.3414235805112,1.2483679199380706,1.5584224635305053,combination
0.8004468548344825,0.5097185724170039,0.4413164346651859,0.0457879148527099,0.0031651855388796,23.11825126859996,11.2546990409418,18.01676988811717,20.75118135784065,-0.0065282434123339,22.63512682382,14.42146679122,680.3125,1.2813729393170166,0.6238130481265145,1.6008220053309856,1.7187529338175176,3072.1137412688354,0.1723070223952744,7.817380633539935,2.367794219263504,1937.520774205664,1.2813563094049525,1.64187399165188,combination
0.7528544665074658,0.5181928793714171,0.393440271292882,0.0846953556864766,0.0036647450919557,27.26845105966868,13.763720540170294,21.49271177637297,26.26199810176121,-0.0048284486470752,24.730388229120003,16.1808840582,2065.234375,1.1756184682023338,0.5933921227426184,1.5615481085688367,-1.2596670444484688,3365.3480920169395,0.2036907758613783,10.59514181033063,2.787229533405746,1950.518503198963,1.1756085525641875,1.382055468862064,combination
0.7328441548376123,0.5660265800195263,0.338388348245783,0.0908302128599292,0.0047520018172682,27.63617338045255,14.473374096907028,22.079570330728025,29.281310101629643,0.0070155777982275,24.15343386869,16.1808840582,2065.234375,1.1179759432638356,0.5854965459742326,1.525530272546914,-1.656049443345179,3256.0638548653205,0.2212040249143197,15.731270032691572,3.3039825657724444,2065.360705410658,1.1179539307971595,1.2498209913848202,combination
0.6851484647850538,0.4818823587919664,0.4285754542634871,0.0839775161804631,0.0055350272419997,10.241405606112329,6.183867092192149,8.427518331200616,4.001238006759655,-0.00709685791479,11.36477979756,5.774101246570001,680.3125,0.933736311031082,0.563799684207788,1.3628233281147548,0.05519484153476,3399.8162643846968,0.2306341473676206,23.09158834452965,3.7240252963177833,2236.9044028590506,0.9337093408259716,0.8718131331456705,combination
0.7579552737442188,0.4479471194632367,0.4544242041393121,0.0941403193628585,0.0034747091345712,38.99450277483346,17.28202780084811,30.39029634756954,81.61897164117589,-0.0086946456453027,38.93676533649,23.03448538729,2016.640625,1.3328577903433063,0.5907110938251573,1.7584913470673935,2.8274169973088488,3603.1207024536593,0.2149310077921,2.924001432823709,1.6893894374641272,1999.6194820729604,1.332829431103599,1.7764342924159435,combination
0.7961983089160449,0.4966961902275195,0.449108236801109,0.0517589009097926,0.0024172914831101,37.552893828566674,15.976450460490936,28.930588183048844,67.1769133906478,0.0007828937985156,38.93676533649,23.03448538729,1652.1875,1.4417774113375983,0.6133877589419634,1.810827020344283,3.2738044914949467,3283.93126224896,0.1808759642042444,2.96122607126584,1.688929845023719,1890.4689570863336,1.441777198779564,2.0787214909206466,combination
0.7672070469117431,0.6212270059550163,0.3206505985968128,0.0553328005808878,0.002765893859319,25.845651426396937,12.191701228666512,20.279011889980413,35.15642105134749,-0.0003848259866259,29.66686287292,15.5582008264,680.3125,1.2761304213900675,0.6019659001711191,1.6633455421543712,0.2859988843151658,2896.423950453782,0.1828890302458637,5.403884243900272,2.0501720431665005,1897.7206975971064,1.2761303633665924,1.628508704306151,combination
0.7426953601188233,0.5932746971620126,0.3371816869777316,0.0659946277815381,0.0035330780755143,26.197399837802028,13.45380438108884,20.948294094513876,32.92980877651705,-0.0054312272308251,24.97093270021,15.5582008264,2138.125,1.1564164592930442,0.5938833976931559,1.557053566495999,-1.3654176198295145,3036.430941581952,0.1937035506396884,7.25164198572595,2.449140266527362,1961.988373909929,1.1564037050678402,1.3372695290946282,combination
0.7180904108180713,0.4563751592979084,0.4395231477984712,0.0988567876377356,0.0052086358400778,10.25581392871894,6.25826859618661,8.456675471089826,3.636505803798364,-0.0026593494847998,11.87508864115,6.07265756319,680.3125,0.9703414722228908,0.592118539337476,1.3512803647070668,-0.0934058713556563,3407.9933017028147,0.2255608443997745,32.21960702046817,4.387370737187583,2196.864752471586,0.970337828066084,0.941555500576005,combination
0.7740104714000293,0.5561574388620338,0.3602284272233184,0.0787107096980121,0.0048515013168115,17.98413015587923,9.208238289962434,14.138366670448104,13.283430202556598,7.445869290039191e-05,19.89128480696,10.94324385142,680.3125,1.1884188383079566,0.6084944757721585,1.5354040833043845,0.1461561262868803,3196.132910915794,0.2217457723317329,7.912944892239977,2.4387034219032824,2098.6498744916207,1.1884188359754049,1.412339329701136,combination
0.7297231617728028,0.610890370152721,0.3203052085452592,0.0648084287932872,0.0039821740229075,19.098415767362592,9.59564233151996,14.996432105614248,15.440220061938431,-0.0030597125101367,19.89128480696,10.94324385142,680.3125,1.1404389068852026,0.5729922305975232,1.5628377535867155,0.3056226733935961,2893.5075938317227,0.1811522154161434,14.579884745431528,3.2237577636457475,2091.4967995040483,1.140434802387612,1.3005915384968714,combination
0.8001389452535841,0.6436720228349475,0.2878573266463103,0.065051838657622,0.0034055822651712,20.262980878343225,10.782197057718443,16.13929036927122,15.913060422670728,-0.003263619416875,18.86883820878,12.91367477321,2065.234375,1.197684915614275,0.6373038029667168,1.4968461699295224,-1.23349451711164,2950.962448013635,0.1888972692598227,5.605686758127186,2.2450383393311046,1908.6207582392808,1.1976804690226337,1.4344385058782754,combination
0.8004465916595899,0.6328922654279548,0.2969841127601484,0.0660868648380883,0.0040169373165479,19.924307215922447,11.056006205415166,16.13308733870138,16.944118934481637,-0.0021310341312988,18.86883820878,12.91367477321,2113.828125,1.1680234736920607,0.6481367022332439,1.459214750693563,-1.3064546211587815,2934.5525337014,0.1937774007572508,8.6673318837795,2.6791271623892583,1949.786124114571,1.1680215296770855,1.3642742937891994,combination
0.6700497000890918,0.4866078214613098,0.3974163798960389,0.1096559696991259,0.0063039891336099,7.367606035975219,4.8064451233410175,6.200034271857188,1.2415426926028577,-0.0040355901285839,8.02737081202,4.1543311044,680.3125,0.8643250880418405,0.5638644471643642,1.2899417579426082,-0.0223295120934326,3387.807366000332,0.2384902221987971,11.593252186693745,2.812777617851694,2302.2551544558646,0.8643156667739219,0.7470415718308493,combination
0.7749912786013965,0.5823506953708218,0.3257589259987963,0.0877012972912768,0.0041841417430283,34.31838124947925,16.44204711669839,26.94978748706962,55.31446538023662,-0.0030280280558984,30.495987482030003,20.88585026264,1603.59375,1.270270673377923,0.6085907756198997,1.6390773786130115,3.2161675168554256,3224.470546490429,0.2122834773286983,6.39324606105864,2.265109805314669,2013.1548753186612,1.2702670643176162,1.6135784146900949,combination
0.7708988301369873,0.6041791960077568,0.340365390132092,0.0527614565133893,0.0026872467015576,34.76528678890626,16.059874451456622,27.09285504938258,53.714058261136,-0.0026807403611767,30.495987482030003,20.88585026264,1652.1875,1.3004989749932738,0.6007673801012554,1.6869904637968869,3.4662586360140994,2957.970264526375,0.1650858911262771,6.88912028543681,2.5134802449869142,1861.4430825983527,1.3004962120627928,1.6912903975896725,combination
0.7390413060841701,0.6370734672786468,0.2767400612858668,0.0823097981567485,0.0038747039738236,21.82088400771196,11.058820710427764,17.361354418502145,22.898438944258928,-0.0004773282804492,23.96355632867,12.83075804484,680.3125,1.1602284168276111,0.5880035859365433,1.5699101082388915,-0.2250919542275008,2897.10224850392,0.2040277710991263,12.649171360559134,2.890277011732941,2061.4091695096363,1.160228318639059,1.3461297513720178,combination
0.7462644007539552,0.6202595127979451,0.2871471041213744,0.0878413528889842,0.0047517130365765,21.390762344915963,11.381872356761551,17.193313833377303,19.652512115698865,-0.0010762073306542,20.916310169650004,12.83075804484,2113.828125,1.127297657420813,0.599827057958481,1.5105874758087046,-0.8703921484943136,2957.393261575087,0.2056280668059804,5.55765420278615,2.3176048390088946,2155.598801455673,1.12729714370446,1.2707988502042336,combination
0.6823812188898877,0.4936354716144753,0.3994984394343193,0.1009624716422441,0.0058632804585086,15.199613475044975,9.482233770962951,12.60691829066617,5.403811885114237,-0.0062179864025732,13.84043640175,8.60272426963,680.3125,0.90724659161787,0.5659830944881672,1.3295304244946806,-0.2310630737293094,3334.1184761723184,0.2410279390851185,22.65970261047267,3.681434743954219,2281.606473193344,0.9072252832937028,0.8230577146473395,combination
0.7695262090974023,0.5609577702054162,0.3450509879903794,0.0889726539007225,0.0049776030303343,31.99117698855704,14.67652943740446,24.814205891761954,46.19303694255404,-0.005737150102539,32.735757241810006,19.095181791650003,2113.828125,1.3010692938743549,0.5968890046927683,1.6907407161614594,1.941589390691845,3298.476956858488,0.2372985988485488,8.619629325159064,2.4314349549822216,2092.352152392512,1.301056644643658,1.692748392571414,combination
0.7702991216621973,0.6061333803580092,0.3374653341800442,0.0538365661164822,0.0025640716005256,31.94478635053085,14.622146358215034,24.78930749712564,45.119147124732585,-0.0033681269158789,32.735757241810006,19.095181791650003,680.3125,1.3059082657124357,0.5977558147397872,1.6953261778287754,2.0067461608669546,2946.2054733758,0.1598681725295581,5.835077697622575,2.306633360088445,1949.3313716956136,1.3059039222611823,1.70538505417714,combination
0.76178076734792,0.4558390030179118,0.4597604607910203,0.0796224794401884,0.0047661772764194,27.56176364871598,13.546354360353911,21.769587321985934,34.21686430164023,-0.003555483130625,28.34654154017,16.58365293499,2113.828125,1.224215201657897,0.6016905574822524,1.607043987103936,-1.625607275686887,3610.7277208554697,0.2268619671442072,11.24345780387581,2.69986916341752,1928.1675578799984,1.2242100385595576,1.4986902185099935,combination
0.8102204444374415,0.4514049356710544,0.4572995834007337,0.086458610601879,0.0048315736633621,25.99631752214415,12.92465310492146,20.46807513787743,28.28897358895084,-0.0037573956194433,28.34654154017,16.58365293499,2113.828125,1.2831023626216522,0.6379231566495421,1.583645995890101,-1.332797947045932,3579.6347039133234,0.2303564348039316,6.620482566109196,2.2226180753032407,1982.4208595063608,1.2830968610917202,1.646337554943425,combination
0.7209232386788673,0.5158627108231291,0.3875584962087505,0.0916671394907531,0.0048960036635344,9.799234362013271,5.83617491968041,7.998624422299445,3.4280867136628146,-0.003575570193496,10.75171054125,5.7663942235,680.3125,0.9880434193387352,0.5884535475397368,1.3705251354490675,0.098566292093391,3246.0844054303984,0.2114006327786894,8.38038343851069,2.6868768724722383,2199.8177213645145,0.9880369496108792,0.9762170137963708,combination
0.7525296963312598,0.5188142975396856,0.3495305999768299,0.1269228636177766,0.0047181096521557,26.192702811677744,13.469657331817618,20.81052836311766,25.231136838755948,-0.0079573123170507,24.98864875143,15.66054058959,1603.59375,1.1626532289427396,0.5978970823357684,1.5449931539059762,-0.5118882664076831,3523.78396878692,0.2144030952256444,10.553320353173785,2.613023438005684,2011.4056198391625,1.162625998312298,1.351699211951667,combination
0.8300756650619286,0.6508997339187254,0.2976322626474553,0.0488901233672556,0.0025635396821907,26.589223230584636,11.802330938223497,20.467332491529536,37.446434510172736,-0.0050371004824169,32.64997521954,16.98943462995,1652.1875,1.439498241396311,0.6389594191081017,1.7341771382840334,2.1286954319247484,2788.930952592693,0.1700453484845101,5.047564725134556,2.122401297432963,1799.6965147514245,1.4394894284439197,2.072129814601803,combination
0.83304941942187,0.5154627522384057,0.4187753912896437,0.0625427424900429,0.0032120378054128,26.643578822447523,11.458010348703189,20.39426981623796,36.4479331023746,-0.0015803455761767,31.45950656779,16.98943462995,680.3125,1.4827560905347634,0.6376558773566937,1.7799137193610732,1.4563290654865215,3263.768892201076,0.1913024304282993,4.475402931945027,1.8801201393717504,1916.753001192156,1.4827552483555049,2.198563126525795,combination
0.7677430589208203,0.4914969357970953,0.4034903669969861,0.0996485243626107,0.0053564690554766,24.013499950238703,11.637519232934148,18.84754511252748,26.46637117246359,-0.0052026877744042,24.877310746120003,14.47007193784,2113.828125,1.2433983264139092,0.602580713674608,1.619550072079707,-1.2173601287033942,3555.7986649398176,0.2150806728030433,10.700478263260464,2.7427049615827803,2047.290614590502,1.2433874416966066,1.5460123301688324,combination
0.7393953807918018,0.4610612943168454,0.3970566900491381,0.1359089516615426,0.0059334622330918,18.76140427510268,10.859333084800806,15.277565687836995,10.721886228383395,-0.0066750236410107,17.726695482020002,11.29616149933,680.3125,1.040226081207565,0.6020957351428418,1.4068604000387592,-0.7094329886976956,3559.049197203776,0.2359779435411707,14.069632360693376,2.9613528568050365,2300.0246796002675,1.04020466451744,1.0820257440838397,combination
0.7895005140819433,0.512029933192379,0.3873704555833011,0.0960047461306384,0.0045785940344024,17.743337194921608,9.632306129326144,14.307984982714723,14.293090711473775,-0.0080302365710839,22.56383587304,11.29616149933,2867.03125,1.1727369694925027,0.6366424407784529,1.485416346886359,-0.2744715244811531,3438.82375109983,0.2217561241355588,8.735697964992209,2.4832825888376084,2043.8856308053464,1.1727094759210706,1.3752475149150718,combination
0.7443577301822657,0.55655944561015,0.3681530013217982,0.0709934142269332,0.0042694201085457,21.43839528525299,10.566849347264174,16.84082383780779,18.83715211662777,-0.0043995803291992,21.327071387510003,12.53559740631,5272.421875,1.1863136299521055,0.5847264797348413,1.593741264246186,1.3194085260305732,3177.8622299120584,0.2018265683721586,4.262831076223874,2.052026830799526,2062.019506754671,1.1863054717496115,1.4073206723030682,combination
0.7748021868683936,0.5622426328359641,0.374185403130906,0.059027004138059,0.0045272413114783,21.891188357020297,10.95695359096064,17.224237680535637,22.458163013353733,-0.0042219789018017,25.88097442833,13.34537702202,2867.03125,1.2179824356497944,0.6096232330731495,1.5719914789769152,-0.2389790066012616,3268.936306257949,0.2003833724454147,7.3761773869269,2.4733591465588765,1868.3264459334089,1.217975118155358,1.4834633884455584,combination
0.7423489505248388,0.6122100405957542,0.306614846976438,0.0768385076261554,0.0042970481509458,22.3668063967262,12.212147369742832,17.9772289198831,21.028470885519628,-0.0064534289263916,18.99621576356,13.34537702202,2113.828125,1.0927952814494273,0.5966599247701875,1.4720776269392228,-1.6928145764250078,3113.193491799061,0.1938956904075909,9.28513222022079,2.7397730947855843,2020.8393688172491,1.092776226138373,1.194159880413225,combination
0.6523723691419239,0.5363322385402377,0.3472510653113735,0.1091857217940564,0.0071828566425344,15.311000951127458,9.091111856371048,12.494091943610185,6.1595589736918654,-0.0089721852709472,11.77000551146,8.15080036153,680.3125,0.8965680425346348,0.5323492819017688,1.3743194606998843,-0.6928873571684426,3249.025247238268,0.2469901343063318,18.99726674626701,3.639237515650085,2263.53492382349,0.8965231479364326,0.8037537547858506,combination
0.7318995776542871,0.6154414410269865,0.2923656238949194,0.0863396365265604,0.0058194448216529,22.081007408644076,11.17462067683604,17.393910702792205,18.513249574358145,-0.01012317873625,22.29927170415,12.73059589713,874.6875,1.139241882591984,0.5765405382793514,1.5565549118681212,0.0560681530657068,3029.9751589343687,0.2295287609923632,10.922108308060794,2.8747654985096447,2104.1691058839906,1.1391969049747293,1.297769588304002,combination
0.7607631999077051,0.5727083514841004,0.3711931559574354,0.0535480736994033,0.002540065653718,26.07703123569191,11.66613178310588,20.07513310732279,32.16402824269649,-0.004830332925498,26.12302470281,15.2724225013,1652.1875,1.309124805483212,0.5856656903641881,1.7208045889207486,1.6636222469230084,3070.386892617208,0.1774326811041223,9.076184019057528,2.461736032039723,1857.554881138648,1.3091158941114749,1.713784424215286,combination
0.7757929244272119,0.517262171772619,0.3897293082128218,0.089536655707114,0.0034507898767419,25.09199147093605,11.81124870937105,19.68621009604596,31.598641677149807,-0.0067556040784619,26.76472251264,15.2724225013,680.3125,1.2930404631292585,0.6086572490266459,1.6667340245258666,0.8635903280273348,3293.930941314336,0.2199024018733952,4.123891728434712,1.713671788334922,2029.987475345956,1.2930228153838053,1.6719080011030625,combination
0.7585724223272119,0.5621141853484559,0.3449842538561862,0.0896091579310994,0.0032840222457261,18.89934683149404,10.197128367073985,15.149904838463495,14.218800937255782,-0.010899069818706,18.67030382336,11.49230001134,2113.828125,1.1270133705924563,0.6080792163774216,1.4857030619896656,-0.7798480268074642,3240.6011367087312,0.1996487485850853,10.18154806435384,2.652057317240177,2068.713860214177,1.1269606682450175,1.2700403477712567,combination
0.6627638348747021,0.5128999405932937,0.3850333218820601,0.0942799196666758,0.0077619027814928,10.80554143544652,6.3747812882970925,8.790497796189243,3.7677644324656017,-0.0081900608883056,10.59919765296,5.82602402986,680.3125,0.9139174767541424,0.5391700235166652,1.3789489236794608,0.2859593919754367,3242.545846799326,0.2527721630720165,18.751289104706267,3.5408984080288177,2297.6721355300965,0.9138807784494124,0.835178077219304,combination
0.7552130265188965,0.5345566934747344,0.3617509407895007,0.097405998862312,0.0062525829214412,25.7825239300047,12.641438428536537,20.1839692487595,25.62964574505608,-0.0045662898533593,25.12372602152,15.24319650352,850.390625,1.2058118694080182,0.5912220442382896,1.5966513117048928,0.4891429284809828,3235.426880452308,0.2358503046109826,15.166012831829576,3.300698148903121,2164.0991106863407,1.2058032233338218,1.4539614134022347,combination
0.7805666649278126,0.5883254447905623,0.3375325059906362,0.0703898284834314,0.0037163014277927,25.141150809708712,11.9974010318175,19.528372384349392,24.168372040131917,-0.0086163751605468,25.12372602152,15.24319650352,607.421875,1.2705415500485937,0.606304644480855,1.6277168973979874,0.518284609584883,3079.5956756062933,0.193891349781189,7.358918265060442,2.4806235169277016,2097.778586153337,1.2705123330684265,1.6142015884789755,combination
0.7504914064251025,0.5103333706232575,0.4162360014910748,0.0696153964009649,0.0037930229178079,20.47258667121359,10.693417917432203,16.323312223645797,18.19121244088305,-0.0092425836897412,21.09932929342,12.25050554824,4470.625,1.1456117812686872,0.5983858192900158,1.5264822108033251,-0.7235848701648345,3338.949550514763,0.1929675589905881,5.414977860832771,2.1412976752787283,1909.6976329651463,1.1455744969352069,1.3123409280283522,combination
0.7861059957002832,0.5797594133163929,0.347001705505841,0.0689904556507391,0.0042247579382636,19.263460709058236,10.747102251420271,15.583783376854848,13.504282739886044,-0.0098282549305273,19.71761751477,12.25050554824,874.6875,1.139889177719608,0.635945209080706,1.4500451388927085,-1.0514352687015376,3034.542918454932,0.1948101315387042,7.064694387399669,2.4224376154797,2000.3803253383448,1.1398468067627794,1.2992507428873048,combination
0.6997326166485498,0.5245016343981787,0.3651338659829068,0.1043126298292972,0.0060510786873642,10.87552250152456,6.545647683639782,8.936088168519076,4.106523934497738,-0.0123288352813232,11.65358922994,6.25287235676,680.3125,0.9552717559774038,0.5749491443637265,1.365195409287605,-0.2789871599762182,3220.7839922012085,0.2178001995939672,15.921747051528598,3.431693249956775,2286.1856219678493,0.9551921940576976,0.9123921275887584,combination
0.7816159114602783,0.6192142142359952,0.3151497169184522,0.0611731772096857,0.0044590579547473,33.18536922164649,15.04003241134784,25.74519362243388,53.57045524263209,-0.0089214645441748,33.164082101640005,20.12285297892,850.390625,1.3379527668927844,0.6063772515085974,1.7117778019553267,2.206262863837725,2934.501375099438,0.1966078821574669,11.77775994056288,3.0255231271753478,2014.180016852424,1.3379230224143857,1.790038013906445,combination
0.8208587143504443,0.624525610955624,0.3456370349519393,0.0276218087122688,0.0022108124513425,31.69307348211889,14.260422194241778,24.51439282683801,45.86812403024962,-0.0096708953566455,33.164082101640005,20.12285297892,850.390625,1.4110979818707905,0.6349290481490613,1.7190509855126648,2.3039382799317765,2796.8671501569047,0.1533390957342149,3.739172046722895,1.8542597030945356,1731.2815058310591,1.4110648419625575,1.9911039882228176,combination
0.7409147153694677,0.5417157655721959,0.3668655074207311,0.0867675294816048,0.0046463433744835,18.056806032190885,9.8826718770275,14.599694162958937,15.803314956626846,-0.0120061563223388,21.47979764875,10.81712824523,680.3125,1.0945550332774543,0.5990609981602337,1.4773023272073076,0.3125974342815653,3208.6407050458097,0.2225501530728385,10.38064200517621,2.6980834557083075,2158.002014575565,1.0944891836301414,1.1979065730833731,combination
0.7328951607979737,0.5872434727205633,0.3074609139908544,0.099724555777888,0.0055242608076374,17.87327220080555,10.350119944966147,14.548696694777632,9.587854595768649,-0.0103786577183056,17.45897948984,10.66266940352,2113.828125,1.0301976653619231,0.5965706381979364,1.405654888265666,-0.7963103696203091,3194.2628572814488,0.226817579308177,10.23360088293228,2.7946895124330497,2203.660682956712,1.0301453844876087,1.0611995131811232,combination
0.6996907534109473,0.5550266740814088,0.3520557835094343,0.0876038010358529,0.0052853252231756,7.4452213681240496,4.623092411189005,6.14716342030011,1.8163464880088167,-0.0066303933307519,8.352892584540001,4.30111340489,680.3125,0.9303541920296168,0.5777012115858334,1.3296648376360556,-0.0864962109086394,3051.0517379416005,0.2157866737971583,23.60100962058065,4.067043893367199,2248.516862221524,0.9303305651817316,0.8655149605113605,combination
0.7418023723375196,0.5854920961505137,0.3273165377526725,0.0825668066462346,0.0046073673527856,15.80177413868893,8.683613396497828,12.679879781821851,10.52295244938714,-0.0116421750519531,18.21919073247,9.40596490311,850.390625,1.0831855903331098,0.5952473956756865,1.4602077732912144,-0.0016505603861902,3014.0328411012883,0.205416050815895,20.646214726807067,3.848919710040593,2125.4660967889936,1.0831230229596946,1.1731554828653472,combination
0.8174436821448828,0.612186544590325,0.3549852466018235,0.0306709245808631,0.0021504316358022,35.39895928816034,15.278354315321158,27.061384409622573,57.21164632881421,-0.0147311533402734,37.53889208097,22.12115771574,850.390625,1.4478756847232472,0.6249098323955168,1.7712237752259332,2.5782340548608733,2792.955979223452,0.1462630945645687,4.955113773663089,1.975765190758349,1704.4577943701645,1.4478007430354762,2.096126991534077,combination
0.8325740299895752,0.5337699588134918,0.379522071179996,0.0815730979967953,0.0051285635935561,34.14647722413327,15.284306295310085,26.569598520887062,57.65214500975509,-0.0062749850806787,37.53889208097,22.12115771574,2113.828125,1.44731185624877,0.6478313288524449,1.7383581568919368,2.200734468942054,3280.900528879967,0.2220097598628031,7.310144613415865,2.3089403328432647,2009.0355290627276,1.4472982532292704,2.0946722338004973,combination
0.7813918984472119,0.5671888273109275,0.3410272637875026,0.0866180332397335,0.0051561681563244,15.207781547036276,8.143367921972903,12.197410268483708,12.667474865848986,-0.00772783220979,17.31427605152,9.53095756583,2113.828125,1.1703950573218025,0.6267158386219333,1.4978336218325534,-0.8179233806827818,3184.135168898871,0.2141531733263267,12.475552291541598,3.068325784900706,2031.817732304806,1.1703695445510545,1.3697648708126424,combination
0.7398061927578955,0.5058066918531596,0.4107112593621844,0.0793019717297763,0.0041685627956749,13.14118731618776,7.364933884882654,10.5878787998783,8.058052513718241,-0.014272720009292,15.61629679001,7.83297830432,1603.59375,1.0635503898274037,0.5960632107169701,1.4376067681491476,-0.1572344432017672,3237.012445775108,0.2081715769543912,16.69038864883196,3.312312934016947,2152.7331670692997,1.063454616410855,1.1309357211655584,combination
0.784695700484707,0.5375368509181928,0.3897555872773234,0.0680244664474384,0.004682473895741,16.543311194769736,8.750920645071135,13.118443922187158,11.001643387759987,-0.0103044504879687,18.379702058200003,10.29398654279,2891.328125,1.1763318352781522,0.622244629360808,1.4990930045258708,0.0220993177001968,3265.893471575436,0.2149385337532062,10.714261958636198,2.73136125510307,1955.664382994607,1.1762867018669414,1.3836504049890068,combination
0.8180121536289306,0.6049922777642934,0.3415803702662392,0.050918438453448,0.0024824140818827,35.41400769433885,15.322857217187076,27.01977314821928,48.048824078527154,-0.0043947252610986,36.73118401967,22.102502823540004,1725.078125,1.4424530954154198,0.6241175247463796,1.7633638925977988,2.500697571859598,2965.003789352168,0.1731093795297781,5.131437975982408,2.10727234429728,1843.6097150904368,1.4424464006899549,2.080651618863406,combination
0.851676295640464,0.5646178869603922,0.3292229416872982,0.1021816342500398,0.0039389534572229,33.94707755589329,14.47533642192002,25.951764698251736,52.95587157521073,-0.0083151019616552,41.63247041583,22.102502823540004,2065.234375,1.5269077124915835,0.6510870571155531,1.7928263593896825,0.888489002139749,3310.344183740647,0.2141702222996606,4.546858998076977,1.994677717121399,2080.2196067864893,1.5268850714921698,2.3313780215456488,combination
0.8007721508652149,0.566109440560131,0.3225026083269134,0.1074109240996197,0.0039726663687288,30.34431202007169,15.74902203004737,24.38891958366477,42.61324913519728,-0.0161066230075781,30.49702386493,19.52996759229,2113.828125,1.240074942750668,0.6436121398755594,1.5485989883774016,-2.187107925905375,3379.3920499315022,0.2158779014780522,22.46429344273483,3.853078756254181,1997.708509338077,1.2399703384893384,1.5375264403333642,combination
0.7190903030066211,0.4840138177297588,0.4023838236422479,0.1080073370569308,0.005588035976035,15.153139635211067,9.212665171497031,12.503453004437487,5.773724715258968,-0.0116834267587207,14.070324418080002,8.99111180959,680.3125,0.9759512195675478,0.5933497628898978,1.3572025870561095,-0.3483372289356213,3385.6672278772817,0.2293282008454659,18.31612938403388,3.506850921843294,2244.726613501847,0.9758812840271902,0.9523442805145574,combination
0.7765973248079638,0.4937814525427884,0.411741674366506,0.0898904637354858,0.0045460121192166,20.575201175326736,10.560160969725136,16.267673797606733,18.570989417512266,-0.0077548908051513,22.00532912823,12.63343195207,680.3125,1.196329486670583,0.6140125602863944,1.5404759306457951,0.3020213691463939,3431.6194330205235,0.2155962008987987,16.3898292810459,3.2476170538272333,2003.984634186199,1.196304351887972,1.4311441023461005,combination
0.7446562087145849,0.4860801880844017,0.4633731025902777,0.0470484543310545,0.0034553099053045,24.14663307412611,11.054469867717843,18.70219240523097,29.180641845111275,-0.0097289001739404,23.29860086729,13.92670369113,2016.640625,1.2598255599574146,0.5767555107321736,1.6918217362776142,2.060614302098989,3332.7262673934183,0.1825985323921616,3.1474305692261364,1.78795787088606,1873.1725764480188,1.259787994078138,1.5870657900234186,combination
0.7842239725619923,0.4953623701079993,0.4013666132700796,0.0991396317085243,0.0040831672435871,29.647818651684183,13.541706804403404,22.97146010120973,37.01015999155515,-0.010993399832832,31.94147338725,18.01476969612,2065.234375,1.330317511398347,0.6076254684287421,1.6963489486967789,-0.3216466115056972,3530.0883632350087,0.222673539821651,4.555380501016721,2.0219126805379264,1955.113895765554,1.330272087316428,1.7696238262932065,combination
0.799432126577251,0.5347780643309483,0.3638714660211499,0.097055518006739,0.0042817122600938,28.387833519169416,14.532696776316538,22.534458019906943,32.769302719713664,-0.0107788332088232,26.69656509604,18.01476969612,2113.828125,1.239602667928645,0.6345947352394887,1.5506040184248953,-1.995440141274963,3424.3118223065158,0.2184378991136182,10.67228514959156,2.8374754449132915,1929.6167493683608,1.2395558039436831,1.5364985910904707,combination
0.6877552571256884,0.5180996771505609,0.3983954828596708,0.0789331510345632,0.0045617479682622,8.70738951359639,5.22382850834516,7.115883954465529,3.0165480359671664,-0.0088474686626025,9.58919374595,4.893986598780001,1603.59375,0.936858204851436,0.5620498073662781,1.3621970826756231,0.1549357677156782,3326.672615840814,0.2059435558574199,13.993884004466208,3.120967477219776,2153.948022850418,0.9368164272127808,0.8776250182957195,combination
0.7884520663841553,0.467859220959176,0.3522480795911211,0.1742922687370837,0.0055973203903931,36.3667206866809,16.492723955752684,28.207013936956475,55.57053662178485,-0.0103470268454443,35.799103914,22.23987842512,680.3125,1.348466055988447,0.6115447861446915,1.7102701780877032,2.1316625708847794,3689.916290753488,0.248809477275091,11.003996293845182,2.682097979884051,2285.357509967305,1.3484263580887528,1.8182536431884968,combination
0.8106959941378564,0.5234673025073663,0.4118612766347748,0.0626615601922905,0.0019919420122737,35.890214819027314,15.137528338597935,27.433068111766413,49.48217067759072,-0.0120699598353173,35.799103914,22.23987842512,5515.390625,1.469188227275675,0.619664121189084,1.812255442113168,2.79268784013387,3326.2578716545504,0.1693868833847492,3.495952747592071,1.856917358167852,1889.676855533352,1.4691386467025551,2.158368363235016,combination
0.7512716651737598,0.565454719344977,0.3807147003812317,0.0506807991304193,0.0031229176491087,32.281427231459915,14.401889660782128,25.207573513716824,53.86982226348512,-0.0111449279668554,33.83538388419,18.93773572864,680.3125,1.314947980764598,0.5866449334118722,1.7502962533006845,-0.277000128224086,3120.715660985092,0.1866752150235924,3.303299718899336,1.6416873747846366,1867.8806921265148,1.3149007501319283,1.7289639826975076,combination
0.7839361423159814,0.5344920994466609,0.4101831384918035,0.0519663259479384,0.0033542108385851,30.37017757013102,15.1267314882381,24.157242798746687,47.382007381621776,-0.0087113302907373,28.85010779854,18.93773572864,2113.828125,1.251938380962548,0.6235635496338094,1.5969902564562826,-2.221291163374961,3282.48589412851,0.1837781646672779,4.8779515969957465,2.0398626469861725,1869.4711646165044,1.2519080726841292,1.5672738224516911,combination
0.739523901067163,0.5411333025583832,0.343262014475937,0.1095591429945526,0.0060365231811271,13.472701854229667,7.985657531518347,10.988027393156576,5.217072887781603,-0.0078850161558252,15.26126858669,8.125908882820001,680.3125,1.01756290584064,0.603138774296332,1.375970275432958,-0.1832755191412813,3213.5135754326125,0.2314921267571612,18.7980006409265,3.724586482281041,2297.425895065389,1.0175323551922413,1.0353720938630693,combination
0.734445950505166,0.5632506903908098,0.3430053819975481,0.088252980032355,0.0054901141170184,16.578180661480857,9.115511996005786,13.291277137705912,9.958117120556498,-0.0053496376774414,17.45082254678,9.76172467083,680.3125,1.07089153907179,0.58882967137107,1.4580944157091615,0.0278974178392648,3279.4912628944453,0.2334628523526663,21.64704078266067,3.817348093999742,2114.838750084441,1.07087817693343,1.146780069832267,combination
0.7460681089669776,0.7137460410150135,0.2265963312906113,0.0559615982370798,0.0036930386291533,16.497078633086634,8.616655459337414,13.08422723542801,11.310413041303317,-0.0118477519116064,17.82276817685,9.76172467083,850.390625,1.1328902167315666,0.5917244433357934,1.5184809578581122,-0.013921194341824,2559.3711521982373,0.1790646398548353,9.603232452193602,2.883422544546608,1973.5921733000123,1.1328282632158937,1.2832998739407375,combination
0.7682585034283789,0.5359333683853854,0.3546873898860675,0.1046428564613957,0.0047312963453237,28.58633076288311,14.184470730920896,22.57836680647569,34.08466379959713,-0.0142878091203906,26.86031359424,17.3460222926,2065.234375,1.2228882290819074,0.6067942904768427,1.5917666041114136,-2.0173833171952342,3384.7846773265,0.2464081846968588,7.937646854619237,2.452308840581862,2068.274260910687,1.222804759288098,1.495251479337623,combination
0.7886506866335303,0.5420403503242307,0.3572585177158914,0.096004239413918,0.0046887407640715,27.641404963747004,14.29411084468152,21.994556762061556,33.08860249361901,-0.0083329624206396,26.86031359424,17.3460222926,2113.828125,1.2135083098963109,0.627537649238529,1.5387145798050932,-2.0584269640424204,3404.132826005798,0.230692407940027,17.432608156775153,3.4742908083623454,1995.6162700764053,1.2134796990163028,1.4725329799246971,combination
0.7056274742070654,0.5821068621127113,0.3283638675706671,0.0851164378913915,0.0044066519911097,9.891526417765284,5.895411812128353,8.087074596737494,3.773621060836958,-0.0115305858809619,11.22781874914,5.70646202142,1603.59375,0.9679496875316436,0.5769040874390363,1.3717573690272724,-0.066184790733337,3067.2553069247347,0.2055023035362805,16.355498238860697,3.4867449213562365,2187.3585102301927,0.9678810067264716,0.9367936431818482,combination
0.7040090683319044,0.541717727593041,0.3684988610457445,0.0850505226427153,0.0047212232527947,19.320847878651136,10.76317054948822,15.644343016654972,14.161914621280811,-0.0108963282382519,17.80218683173,11.01375935182,2867.03125,1.0232820618403835,0.5700453427817638,1.4535069331776824,-0.974581874491275,3301.5793329948847,0.2189764805108424,9.076586724438467,2.618977807352195,2062.9180749683505,1.0232240459035504,1.046987448115231,combination
0.813609344560249,0.479162663101141,0.4534322120680483,0.065266876854666,0.0021205516823884,44.23496146581462,18.562948983006965,34.03107805856778,82.77528148748283,-0.0072962818463232,43.767193624140006,27.688003113910003,1725.078125,1.491573517723739,0.6259303093393145,1.8332797277911372,3.395402407317104,3396.1146260307078,0.1711979490900036,2.933274835437767,1.685788598828033,1889.7062971861824,1.4915556721242385,2.2247383230459885,combination
0.8564265699601954,0.6072302734503582,0.3109103931852654,0.0772565101490602,0.0045421261909985,42.549327892993205,17.497486139574587,32.32968719688002,68.26370687417689,-0.0078332238015136,43.767193624140006,27.688003113910003,680.3125,1.5823989167956658,0.6507271556331566,1.8476761140995568,2.649927234153513,2952.620534868789,0.20928246349871,10.335159633813664,2.611745707993258,2066.267317913188,1.5823795285837627,2.503924972480971,combination
0.7633155761810548,0.6017591145473835,0.3180759163421089,0.0754614720161302,0.0046704545746163,22.081968803541677,11.64360218298076,17.66588147691815,19.443923749196447,-0.0113038860518164,21.315854066710003,13.4846424983,2065.234375,1.1581160440203166,0.6106630535650984,1.5172178849205311,-1.1990007796047226,3107.16742352279,0.2002366964817136,9.92988131994745,2.77322801039912,1996.9745880998853,1.1580608764557223,1.3411049935773955,combination
0.7171645919449122,0.5481993058629085,0.3514497923668404,0.0937558413693314,0.0065723053115767,12.906907061100798,7.753392865763067,10.55626341820501,4.374442537155064,-0.0092498796872363,12.44706226729,7.57057834678,680.3125,0.9764213522843234,0.5865524800745194,1.3615024545987702,-0.2334210228908869,3190.5733470655355,0.2352122488222181,18.26317767751968,3.5625642189968616,2250.425228501534,0.976377538108348,0.9533130969225184,combination
0.7438001164240577,0.5075266579884032,0.3874388861292041,0.0983032850669893,0.0067260988516215,14.655859151125057,8.35785199881776,11.830204946665148,8.025871684945592,-0.0068389826544873,13.67579173716,8.799307816650002,680.3125,1.0528192911162686,0.6003952225465078,1.4154599708559763,-0.7055276600027561,3406.676935087638,0.2380061663984876,15.5071607454193,3.1145474049994077,2105.7094965673223,1.052797078293255,1.108381688062814,combination
0.7763603691081006,0.5121405181233022,0.435193052436372,0.049289481893075,0.003369659726264,43.98099744872157,18.887962092956613,34.4000336788718,107.51462773328028,-0.0095457054461376,44.53681766205,26.706822844260003,1725.078125,1.413959998057126,0.6072354969984045,1.821267615297666,4.02342529486456,3290.040165338441,0.1805689931516309,2.5581002042231367,1.6676580120899327,1847.5458013028629,1.4139277759536528,1.999191755613243,combination
0.8568941996145605,0.551962221078458,0.3838825555709358,0.0605795862963024,0.0035664202823104,41.02949396946706,16.733170319336796,31.167001546133697,71.91683201094594,-0.0068849644061425,44.53681766205,26.706822844260003,2867.03125,1.5960408180031302,0.6509176755661289,1.862587958608012,2.1437760860634625,3321.1821496337498,0.188559951594421,6.545132097811196,2.36631039959588,1846.794057375786,1.5960259678329882,2.547298889997226,combination
0.796210361042129,0.5669859864235514,0.358839801850541,0.0698165071829718,0.0043441656483606,19.914333907922423,10.189117055466452,15.789464809055412,20.51992988106958,-0.0073837415372265,19.56509243374,12.57173547628,2113.828125,1.2338395376010796,0.631290784537797,1.5496401428212447,-1.7442937284213509,3260.112727188345,0.1937196217203895,16.373689045243232,3.3927262185202425,1832.1415813808885,1.2338174439148433,1.522305484908557,combination
0.7141472281436329,0.5038346170624511,0.4092616152372758,0.0817355182531432,0.0051409417079602,10.651847556837254,6.335399699458317,8.701726735050979,3.744087571575904,-0.011980648610166,11.69291691281,6.2143140279,1603.59375,0.98088744557527,0.583402456216258,1.3735087204987215,0.0240093403916116,3300.626997212894,0.232995421019112,25.11069978721133,3.805426405467135,2093.47714099577,0.9808142764795268,0.9619966449460576,combination
0.7679861897614844,0.4493757804117465,0.4102344622052178,0.1361235516574571,0.0042615483147931,21.078577982559903,10.719853444850516,16.49575138531397,15.071514786158964,-0.0087839896146289,22.19989477678,12.668509253660002,2867.03125,1.1817800792552402,0.601013467993037,1.5388038157590684,-0.4554631671275174,3693.2044726178497,0.2204803723296147,7.786223260492436,2.3691538053359853,1984.569614401541,1.1817474337822664,1.3965269972509722,combination
0.7664467468847266,0.5909201340595671,0.3063519639360751,0.0998835581585361,0.0028279499492357,29.44768215410394,12.509656898970167,22.37220670184268,40.16981763040571,-0.0051087893880371,29.815614300920004,17.147105047260002,1652.1875,1.3707094595593268,0.5822904824062806,1.7883949082316102,2.426909474407158,3149.8859344969223,0.1839358711442694,6.892845004677298,2.25211103022289,1920.3742238327209,1.3706999390079546,1.8788183227964104,combination
0.8048263567111769,0.6152560051071049,0.3266697304632666,0.0540037451774418,0.0040504810503563,28.250016465051104,11.362206782942687,21.30534730165836,41.13762730303948,-0.0092880742787744,33.78792364374,17.147105047260002,680.3125,1.5091350980341065,0.6069768160479896,1.875106456752982,0.9987584731132098,2926.1420444833057,0.1960938654172849,3.455330527334445,1.8144670526387348,1898.1853468999773,1.5091065157220032,2.2774024757946045,combination
0.8165188275632764,0.4858070405905029,0.4283905462195743,0.080516309379936,0.0052845617003633,26.02262834030813,12.385485630641703,20.380201943586428,31.45565082052382,-0.0067972784827587,29.57737425769,16.64081859648,2113.828125,1.3435741716344651,0.6394749361540839,1.6454907422576786,-1.4485444205218838,3536.061735238013,0.2329150406885614,8.98074080328025,2.5104776415010464,1907.7207535265304,1.343556977462611,1.8051453516884672,combination
0.7232512047915675,0.4686182262949562,0.391188688817525,0.1337845050191374,0.0063838250358081,11.726455480716352,6.928649901450254,9.557394606555924,4.384596101444464,-0.0074064451573388,12.50331956965,6.912397163860001,680.3125,0.9976542706268284,0.5894702943465856,1.3794021551811184,0.142005824810392,3520.486900631321,0.2432273716957722,18.263362342592515,3.541434964269164,2318.1399471394698,0.9976267780438136,0.9952591882700804,combination
0.7650862620847656,0.4869419341241093,0.4211010485370496,0.0870934548790336,0.0048338009565814,16.83256238268849,9.097628958786666,13.419389569306496,11.34576227184822,-0.0089640230411913,19.01420615143,10.26699060504,2867.03125,1.1285347700538986,0.6099481690083693,1.475042522628469,-0.5824010176963866,3457.514916688943,0.2227956948172112,13.096965622969831,2.9204405550080863,2011.64846922301,1.1284991685914183,1.2735103735115227,combination
0.7701529040187305,0.5714294528212014,0.3740356692242272,0.0507027298927433,0.0038228575106556,26.35203899861798,12.638259570000477,20.587475072605045,29.594544791249582,-0.0057889573405664,26.12249431862,15.85550371358,5296.71875,1.2545638602973717,0.6016803373132353,1.628980237237228,1.4538003704235325,3133.680043841004,0.1924099759084578,3.334070079318182,1.8448514698078164,1956.837321020381,1.2545505041795455,1.573896967537152,combination
0.7146268226272607,0.5842167984682027,0.3503806971970295,0.061170577118041,0.0042301004402003,28.24370500401932,13.367824720996682,22.18710970753753,41.07662697861057,-0.0084862289726709,28.66997225778,15.85550371358,2113.828125,1.1860945250633,0.5613818623060829,1.6597397235982985,1.203459577864732,3108.2119278999658,0.1972267858595932,4.732231740493369,2.109320828567311,1920.236974864491,1.1860641661828244,1.4067482063029586,combination
0.720783909791333,0.619489911380265,0.2998913359183408,0.0763403654750771,0.004261213702135,22.31593144770975,11.847539940873723,17.7785163765792,19.872739323851995,-0.0080543630744287,19.45814381483,12.8144685442,2113.828125,1.081614293613005,0.574229606961583,1.500608266805141,-1.531424113689123,3039.9008394968764,0.1912199120770884,10.45308463384631,2.758519989870621,1954.056216829158,1.081584304334815,1.1698246073834258,combination
0.7019155761569922,0.5928028348776163,0.309536911174903,0.0928885956176667,0.0047039819094981,10.74553826744094,6.343946505840656,8.741165059254511,3.932660365420381,-0.0065953272962792,11.82320853245,6.13555990885,680.3125,0.9671518987748712,0.5709867440927358,1.377874963353934,-0.1642151496326689,2997.566877541859,0.2118104154424198,18.089813505668005,3.546776710893746,2187.547710128587,0.9671294106590356,0.9353392969616934,combination
0.7147870546813038,0.5077991730237772,0.3759483104810948,0.1109510300932003,0.0052414355165591,15.477475891557717,8.849003180340798,12.57096649140676,8.02820985882485,-0.0080471534024853,14.67321273649,8.985564112890001,680.3125,1.015432352070185,0.5805574614263319,1.4206082013095875,-0.5831286694055513,3407.9013480388903,0.2416675306038688,11.980842041704102,2.682872783507558,2194.5734520143537,1.015400465310561,1.031038104952904,combination
0.7911478242679639,0.6769844845308507,0.2465370164184388,0.0728338271566634,0.0036344993215056,25.52478179934517,11.889261965050478,19.767716900872077,29.466026087212683,-0.0051650587640673,26.49478744178,15.63918621687,1652.1875,1.3154042919436677,0.6127059709976137,1.6626529854402234,1.6640077563442717,2777.9631613411634,0.1916924648748251,5.873447797395132,2.2780891144129,1950.9975724219448,1.3153941513598824,1.730261773431785,combination
0.754691644173457,0.5475236228033682,0.3684592219326674,0.0799820447771442,0.0040050507315465,26.79616813795189,12.184298696556052,20.722617426085503,34.86637734253773,-0.0043896915884082,26.72654094733,15.63918621687,971.875,1.2835524314001336,0.5836351726245492,1.700764068755377,1.7065936067988658,3056.824988664719,0.2122097399274093,4.2217721056686734,1.8617160690872083,2052.783840475851,1.2835449251042808,1.6474875747609534,combination
0.7273113056180078,0.4986281277591846,0.4028451977175057,0.0935637195562144,0.0049590039618646,19.08300972534931,10.052283853023452,15.244304116844305,17.27894885249788,-0.0034277034535644,18.24452114982,11.08735473046,2113.828125,1.1029687275618694,0.5810066069259444,1.516501557231617,-0.9821498345662976,3492.157882773575,0.2179680483522152,16.683381519299626,3.264077152610509,2047.4960613638216,1.1029634014002838,1.2165282648284836,combination
0.7593561761906105,0.5109787617436297,0.3942092276835717,0.0895441372931929,0.0052469165091221,16.37829447401884,9.38156671567298,13.36358554857235,9.75673696869416,-0.005146817281958,17.30488764172,10.14772122236,680.3125,1.081665944495931,0.6195835127068633,1.4244513686873808,-0.3413306102267593,3267.429433082931,0.2207009304947234,16.945381751837047,3.4798960112553075,2251.846567763193,1.081653699551821,1.1699747257541404,combination
0.731054589895,0.498334832085259,0.407991035212444,0.0874625953670113,0.0061818088278218,17.99485632243613,10.58882986596443,14.785823899939553,9.571914717767722,-0.0073417515981542,15.5435488068,10.80924442743,680.3125,1.0208157619166256,0.6006852310319892,1.3963605126441287,-0.8344061841307384,3335.555985812843,0.2314293139420439,26.682166704694158,3.8689545837566506,2162.456271145264,1.0207893604759464,1.0420109184608917,combination
0.7641796116630859,0.5394549629925223,0.3972441681506218,0.0590633125664366,0.0042250151268279,23.380770328597134,11.27711979745892,18.28248665707615,24.308801112371096,-0.0057195456434667,24.78034798127,13.97110355384,558.828125,1.2388893445104767,0.5975467599008865,1.6212017771768066,0.578487692204786,3232.468142726192,0.201651175360149,4.687572696942845,2.09290992559516,2010.9881489031236,1.2388761418072556,1.534814094739231,combination
0.7743236683260303,0.4614289836911736,0.4674047867951627,0.0668412924242305,0.0043064875062791,23.26411323581505,10.860275398886303,18.04297624537733,26.46951680263417,-0.0072841188737548,27.0801974674,13.97110355384,2867.03125,1.2864410008675016,0.6005431375020786,1.6613737297331888,0.1803295628307181,3456.577937711944,0.2119554463637475,2.369939567531567,1.5198949735045133,1904.1220049568096,1.286420378540861,1.654877390325212,combination
0.7278735647353125,0.555263934743358,0.362583952216728,0.077186583802241,0.0049498359264756,22.43715426001771,12.083267687671158,18.01012503912964,19.691896332214768,-0.0042659126541601,20.528026267980003,13.10909391356,2113.828125,1.084896424742416,0.5842583137612949,1.4905012041987444,-1.388315294173655,3277.623210987036,0.2032315559051472,8.28692541132426,2.5195764275170256,1986.9529190652104,1.084888037729287,1.1769820544081036,combination
0.7102592793953661,0.5464299416044613,0.3568429376561226,0.0916251657914329,0.0050817673005992,10.806832406718314,6.384498214886343,8.813810168265775,4.172563498846016,-0.0047590667174072,11.15524146429,6.26009045884,680.3125,0.9805140902449828,0.5792715407475248,1.3805016262225829,-0.3115448301101112,3152.993607163712,0.2224520322543128,23.68119891578213,4.026656260090848,2213.720973869936,0.9805025407682152,0.9613852324529256,combination
0.7507999559095411,0.473077791588308,0.4328616152366625,0.089339986739376,0.0047080329009607,17.501452771541384,9.560315703199176,13.990913390164884,10.019873023837045,-0.00805803339875,15.78306299136,10.50437715647,680.3125,1.0987479370534714,0.600200297289084,1.463436336676946,-0.9320409307319676,3413.95707689452,0.2272211342956873,14.487876772859234,2.9032968218172432,2048.028120950852,1.0987183885222838,1.207182097277004,combination
0.7842553557736719,0.5698207051961615,0.3673277399574278,0.0600986662441986,0.0027310752091413,30.027646398267446,13.338901710062938,23.067904871255887,40.93518129439549,-0.0055328621726757,32.00085203105,18.091127941760003,1603.59375,1.3562681797191714,0.6024823824621778,1.7293706313056745,1.678160315798492,3086.5967487050275,0.1741863763154378,4.715473999567728,2.0350485832680376,1878.5556928128103,1.356256894085679,1.8394327627549327,combination
0.7872629428058985,0.5402460543812657,0.3769032476898973,0.0784248776414334,0.0043924585588145,30.05824564136228,13.167724471624386,22.979778366400783,40.007041984481205,-0.0006503485001171,32.00085203105,18.091127941760003,2113.828125,1.3738993385489833,0.6018690564184267,1.7451594173253515,1.881966561371234,3241.5770006435737,0.2157097430705096,1.7703590150682498,1.51919702923638,2000.3882378067588,1.3738991846246078,1.887598969512162,combination
0.7306362640761572,0.6300746709364315,0.266821048031964,0.0985093787501992,0.0045617291085535,17.713965918953427,9.66705411207862,14.230424147803117,13.673869626316009,-0.0052081798655419,19.452590021760003,10.39726393557,2138.125,1.0755359197357768,0.5869529151823213,1.4720538421340517,-0.2470695069837213,3149.718417318275,0.2100081810461504,19.42893926283039,3.6256901605337606,2021.811109520808,1.0755233096053156,1.1567503895043714,combination
0.68057959756521,0.4728491581728768,0.4206735475759977,0.0999612512734505,0.0064620307937273,10.586471212912048,6.38201015763292,8.689221553711615,4.157412770455815,-0.0136657382641943,10.58027452048,5.91370690818,680.3125,0.9266213562990296,0.5586098322325954,1.3615179761691945,-0.0798335590393256,3442.0396019322066,0.2345976248846743,24.197488673028264,3.9237090349518176,2249.202327091385,0.9265205802070172,0.8584403855471475,combination
0.7453759918336329,0.4497609326538768,0.437111402307872,0.1072934296961745,0.0058022555911274,17.56173989154121,9.45748951620423,13.996587678958369,10.999044481737473,-0.0058630722918652,19.29821774062,10.43272042349,680.3125,1.1031173130686356,0.5940596141339631,1.4799474696722592,-0.4603326366606738,3560.996860879769,0.2507335516160422,27.78191922353396,3.919960914834908,2149.573303001436,1.103101731833953,1.2168334307750666,combination
0.7764403750148731,0.6010163713869269,0.3275960860213467,0.0681818407484761,0.0031883388339574,33.66551605924428,15.34832181984502,26.252055458591464,57.497092540749705,-5.6333448242188366e-05,32.46048175083,20.38315578518,680.3125,1.3280380763729531,0.6054609633581705,1.7104186220964024,2.7742635141068868,3044.6423394065564,0.1988397204171362,3.778019604600407,1.9263175190212387,1925.7312718568053,1.3280380751781615,1.7636851291229163,combination
0.8066505292890626,0.5590536308292522,0.3558377171048349,0.0814971925240248,0.0035898128463001,32.87906621572166,14.352783888412088,25.2688804446017,48.61927141498448,-0.0045035579679199,32.46048175083,20.38315578518,1627.890625,1.4201534659514117,0.6199432688095462,1.7605560455071625,1.6352638741190766,3239.388433263995,0.1914231451045409,2.8630285238825293,1.7273454764779816,1908.0034721952677,1.420146325143799,2.016815584819436,combination
0.8381891432810157,0.5115745020117849,0.423391725050906,0.0613630263817655,0.003660834884956,18.007512913156013,8.95392151170855,14.090516952258286,15.047964695035304,-0.00660434087458,21.730327973900003,11.8105183326,2113.828125,1.3190330423553565,0.6558661592835187,1.5736699203620328,-0.8701040917216446,3413.5161059471275,0.1775788191249699,7.484524058406256,2.4734212950534613,1790.664587945133,1.3190165084284728,1.7398045495068395,combination
0.7830390125672022,0.5383869548136755,0.4068594295173343,0.0507279244938544,0.0040147849233673,15.601662077844958,8.863174780317006,12.66834663675031,9.01273284561687,-0.0032621578359814,17.92938759178,9.9198096413,680.3125,1.1192162951958848,0.6358174912265638,1.4293237977077562,0.2447639025238245,3200.78805584624,0.1841179861189585,14.62010924337256,3.289638101511512,1994.6811287342248,1.1192115411119807,1.252634473758255,combination
0.782476006763374,0.5354403704302313,0.3911947356495004,0.0687144550734742,0.0046336974541817,15.127508702065873,7.931778271742084,12.00324877158857,12.005572535024886,0.0016958817641357,18.64141312593,9.39225416698,704.609375,1.1841296926366482,0.6208725013456682,1.5133111844983855,-0.5386842650208684,3212.97708996709,0.2182162136690263,16.860045323257726,3.37175544516573,1932.68584164828,1.1841284782357049,1.4021602529688055,combination
0.8168002655587158,0.5425697943445237,0.4150256244637734,0.0402489217333611,0.0021328368558182,34.12956734842565,14.22693169538202,25.769429707961976,51.92704044338099,-0.0041986888632861,34.32297155679,21.04847702876,1652.1875,1.4794811333488174,0.6167226444413435,1.8113132374373169,2.3943782448182453,3193.40918329148,0.1613516216191835,2.223680515203696,1.5289513554337792,1769.4721558646183,1.479475175508846,2.1888467949469304,combination
0.7560256899589013,0.5110871188531477,0.3917010223112348,0.0938941531653407,0.0032860164121391,36.37680315271429,14.68717844479496,27.840954756318173,74.63345615931736,-0.0086063107919091,39.28500828,21.04847702876,2113.828125,1.4331191731533324,0.5786236063789307,1.895595866896056,1.577460015973042,3333.9900695062497,0.1999586552790789,1.0025320880842017,1.257238623476188,1953.2832941871536,1.4330933311805774,2.053756495874244,combination
0.7296131561521826,0.5601540546645509,0.3182362942918628,0.1166135356291179,0.0049738771157538,31.551207897337815,15.477776773346545,24.994794977951614,48.83233012124289,-0.0059504307735009,27.82956936417,18.23653125124,2113.828125,1.178239712220437,0.5779978792120581,1.6148827666899694,-2.67895823112803,3414.6986705878758,0.2167871888555756,12.925811926891017,2.90386508612993,1959.3569038492576,1.1782246864783088,1.388213411826909,combination
0.7301734506767432,0.555308048628208,0.3405591990694177,0.097879699400852,0.0062103672967542,14.821652776440391,8.699151856606486,12.123888250504372,6.810825593856009,0.0009865834030029,14.56919647155,8.852541319490001,680.3125,1.0176326917166096,0.5972708612875798,1.3936862409519846,-0.2792310659178152,3142.0742525288924,0.2214727167894047,26.72755597618208,4.286634553134716,2236.5647393435397,1.0176322134757632,1.035575321903581,combination
0.7077218892301026,0.5041075063569822,0.3817837921521326,0.108498275603598,0.0055920545471566,13.955426966886492,8.571291703473506,11.589398262292905,5.303841967646296,-0.0004233867175732,12.0916621854,8.202070833230001,680.3125,0.956923543963172,0.5877334210334028,1.352118054458036,-0.5721877544791836,3404.3111684510745,0.2323617625987329,35.452996163718986,4.618434523514759,2142.116014520245,0.9569234503003488,0.915702489734724,combination
0.8294300492155664,0.5497312702928256,0.4000327669391105,0.0474495149572668,0.0027850160727474,25.90714065530796,12.523153017164905,20.33191863645288,27.311059889117967,-0.0050546067089648,26.131053622100005,16.863904275280003,2113.828125,1.3466180803001797,0.6509365313468068,1.6235462913041838,1.7729288079967234,3102.527902676717,0.1710050329584991,2.7612012475106065,1.685872839169246,1865.8709986148333,1.3466085938914685,1.813354705142358,combination
0.852134971405376,0.5193663431401864,0.4127188765813555,0.0648565873129418,0.0030509635048691,26.003556308223136,11.494666598384214,19.790179773360737,30.4216336089668,-0.0024778872215185,33.12248047276,16.863904275280003,680.3125,1.4671068648176828,0.6485229972158505,1.7216836698980562,0.6279131215328102,3185.538527879545,0.1932335496101406,3.0719563873438265,1.7094038864761765,1911.2792949041625,1.4671047722879536,2.152396412870088,combination
0.7550612983900782,0.5515515062455832,0.3515744666563761,0.092508908616945,0.0043479495545088,27.64410499830371,13.515388201399762,21.5327897644153,29.97974211986828,-0.0024000126436035,24.91876606212,16.25857619748,2113.828125,1.2029677546218118,0.5881389973912216,1.5932054221117518,-1.6587950865982457,3395.1618707298626,0.198044234276158,16.69879923659504,3.516957330789745,1876.820533007303,1.2029653605150707,1.447125658599154,combination
0.738273056301416,0.5863276581691247,0.3382255813323169,0.0702697464833164,0.0051670030177073,13.508861695987076,7.606189974366448,10.863624098636384,7.092406438249034,-0.001299010602998,15.156411022689998,8.020320965809999,1652.1875,1.0544465748080458,0.5937081262881316,1.4282609473662615,0.1115394596253279,3037.340491940852,0.2015592459276902,14.16395244677349,3.285370491934676,2091.055671033887,1.054445774658836,1.111855891695873,combination
0.7031971937865822,0.4678359478164094,0.4058597401402633,0.1213447560460951,0.0049483313067622,14.450385616151856,8.088945621138713,11.65600252905389,8.100224648768364,-0.0065604755873144,14.8804466419,8.1964682692,704.609375,1.0132925418339196,0.567214501185244,1.4409792171916007,-0.5383477994814692,3512.829379652387,0.2258382181092689,13.27024879899196,2.9419208596581647,2207.9578971055817,1.0132713039933152,1.0267187354963134,combination
0.8066759137717676,0.4953525725141564,0.4384505803075236,0.0637974323077249,0.0023741424198534,32.33584955645779,13.581404069997305,24.52578265109522,41.416796878951374,-0.0074762765752246,32.39582365061,19.78435813104,1652.1875,1.456724063953421,0.6118397506920881,1.805835576696754,2.645843560434064,3349.1694531565204,0.1796019981582998,2.774542113359127,1.6422189897912296,1907.5846715472169,1.4567048787553163,2.1219891037895406,combination
0.8600964793119386,0.5759787361097152,0.3683569238170769,0.05298917928399,0.0026633893304278,33.14623865553151,13.520728698831672,25.13379978180308,47.98362418499476,0.0010463444987646,41.4018508351,21.61749270406,874.6875,1.5988408010825603,0.6521853936043035,1.8589086684340388,0.8864158427087167,2927.391217778776,0.1792278813616339,2.3801702182838973,1.6091095584510442,1905.2557878526247,1.5988404586979632,2.5562908123695136,combination
0.7513733666137257,0.5131406868433307,0.3986476532264248,0.0843883488671832,0.0038054951632655,35.92914277907731,17.79578788601443,28.770640090006488,65.11404028399465,-0.0025578723103369,31.57619108959,21.61749270406,2113.828125,1.2147533361559684,0.6016701494099814,1.6167106662704778,-2.999712951952555,3460.7546973250887,0.1959892425409519,8.612668585123515,2.574839977547695,1919.7952552980616,1.2147506431326962,1.475619124991299,combination
0.7408217575954443,0.5120422285870982,0.3674381870252188,0.1158662643511238,0.0046242839058264,12.697194955534025,7.705099880047658,10.502000655235404,6.275984168908753,-0.0081039437085693,15.14159684359,7.78011058368,1603.59375,1.0097352019831154,0.6127424687835535,1.3629934483302826,-0.1141235856444894,3370.0280622214914,0.2124782585581759,15.978812717237265,3.414510584964212,2209.132668363036,1.0097026810998626,1.019499504220251,combination
0.7318801860240626,0.4984173720928536,0.3883115754422885,0.1071049726589225,0.0061323463152332,16.629670730588487,10.0512251143082,13.761413107170611,7.4855549060231485,-0.0015640955352441,15.588119367870002,10.07170558483,680.3125,1.002037609374866,0.6056467231371084,1.3691279372084562,-0.5309415028165647,3405.2011645969424,0.2495083158300167,20.29135974722864,3.3268056032767057,2179.6402528586727,1.002036388664031,1.0040769242068532,combination
0.7228112742083546,0.636552706306781,0.2772660688137317,0.0812538984905823,0.0049129121324224,17.41678276898729,9.23000038040056,13.934073726037058,11.980406868840982,0.0014231823228759,17.465045377990002,10.07170558483,680.3125,1.0911923260823215,0.5782758916166713,1.509650395640867,-0.1195251029263164,2881.921744586707,0.2172746063522597,10.67782182100003,2.9300286602570687,2089.6173897633034,1.0911913979925902,1.1906986670530233,combination
0.7879958971717237,0.6427163844847129,0.2897204110402352,0.0628135495584246,0.0047492192488468,31.305974248919632,14.850782731744678,24.21752577185218,31.95312970977716,-0.0015778629723779,26.74107469341,19.08331094787,680.3125,1.2850037127725242,0.609574095862184,1.6307238621224576,-1.5129714374519303,2853.945113889268,0.2060818873395649,13.077273790626428,3.073822910339693,2001.193011445315,1.2850027440389429,1.6512320521876125,combination
0.769171524748921,0.5978175004442889,0.310355197545406,0.0871835604351219,0.0046429998626209,31.294351377888777,15.9635704912962,24.810215061067588,39.10695279071782,-0.0038221963413818,26.74107469341,19.08331094787,2113.828125,1.1954287393459235,0.6098004945823365,1.5541770604887444,-2.176800502988718,3286.81739603119,0.217803428148734,15.411740241057135,3.3811353136970004,1885.8341278883015,1.1954226288929417,1.4290352616693118,combination
0.706955235727168,0.5638712554408315,0.3485945989630255,0.0808118046847549,0.0066956942629738,12.361088125082032,7.4700774660784335,10.167874776535529,4.711088973437728,-0.0027686227496093,13.48999876504,7.18823230949,1603.59375,0.9622701159568572,0.5815209985360651,1.361147166506341,0.0545097419596887,3159.0255985373283,0.2335446074863518,18.65837862095847,3.6208400842382087,2106.944347665181,0.9622661330378898,0.9259561107916938,combination
0.7161261270414502,0.537726465376269,0.3756443233832845,0.081148952641366,0.0054540901573539,14.804520595956172,8.440568944712176,12.007362516061772,8.38197417945399,-0.0003120684302099,15.591953984600002,8.59878601461,680.3125,1.01874483473024,0.5808216455829541,1.422577387225077,-0.4046212101609039,3244.1227172629806,0.2304629288597668,11.742919469416508,2.8396201791582225,2040.893512081306,1.0187447869328403,1.0378409409028388,combination
0.7858732501442676,0.5036130754587625,0.4290410681784111,0.064788970551306,0.002550867575123,45.72553798973159,18.893552646921854,35.164588974757564,92.23723894390606,-0.0033665730559472,45.09689727032,27.634909827580003,1652.1875,1.462663499237783,0.6043648919731872,1.8611951723376168,3.6966723485515542,3359.174837083651,0.1739954650442685,2.893940399417403,1.730362570754849,1878.6984730290744,1.4626596248575314,2.1393731781883742,combination
0.8273230294789746,0.5176946640053334,0.4041449898409139,0.0755546771549441,0.0025874617922508,44.31022014613583,17.435868182143064,33.4028050022779,72.64568803915712,-0.002828419566289,45.09689727032,27.634909827580003,680.3125,1.5849460169630258,0.623668980574676,1.9157523246526589,2.6148072030416984,3314.0581843813084,0.1865359518828127,2.8704985685571165,1.710749138158151,1942.659454170555,1.5849434932292437,2.5120458767297174,combination
0.7903851563354054,0.6085645582593523,0.3192786116406502,0.0691577496618108,0.0029985953267239,23.086216156838866,11.718986493520656,18.265985408326028,20.970527653516275,-0.0013499992366552,23.51664363671,14.43716373258,2113.828125,1.2319464435394822,0.625358596423921,1.5586659664148568,-0.9731063465737312,3064.0313803832514,0.1818732804951014,9.4266813816714,2.579930196113476,1888.6301917692567,1.2319457038569677,1.517690217251639,combination
0.7296704758425391,0.4955656573526997,0.400023802276564,0.0991123816526656,0.0052971470866094,9.52848325455848,5.541296889904373,7.740276888301551,4.068985400168393,-0.003665199930166,10.97307583232,5.647851520240001,1652.1875,1.0192291863173326,0.592733530547796,1.3968349002204654,0.0583003613003793,3386.6757935277165,0.2131116936272307,12.600933129569126,3.063770165842394,2239.6712129771045,1.0192225961734582,1.038814700550564,combination
0.7278524263291015,0.4983094643214474,0.3718033541234248,0.1239775855784719,0.0058894586255908,17.565052028648097,9.770098792466998,14.156667912831852,10.696791354303468,-0.0027769338165234,15.951816609330002,10.30396508909,680.3125,1.0546428759793738,0.5866173964235648,1.4489789933083397,-0.773861532432271,3456.497779504164,0.2473078756969537,14.658150194880657,2.996412317019298,2188.327563200798,1.0546392200618293,1.1122638844926236,combination
0.8063840976281641,0.5320805136996117,0.3945877779852556,0.0707940223170183,0.0025290235474697,38.114676644244845,16.928780333181233,29.72964797454941,77.54586318707507,-0.0015351794521484,38.064764957170006,23.973515354760004,2016.640625,1.4161395495085225,0.6289838315702962,1.7561600652515914,2.8758552158379014,3270.877328148391,0.1755200320165025,3.068525881252661,1.7773896835942464,1881.109554977136,1.4161387173953863,2.0054488669062502,combination
0.8260279937394629,0.5290711542050479,0.4264167325738964,0.0424494246584444,0.0020604737372453,37.55695370971487,16.242494440926578,29.022642739056465,67.82594307212912,-0.0012594139654296,38.064764957170006,23.973515354760004,1676.484375,1.4759749767470076,0.6383242778436199,1.7868340878681457,2.668528086340949,3216.773688316351,0.1472223510074755,3.4362934825473443,1.8485799071942035,1794.3032397822185,1.4759744394330796,2.178500545859793,combination
0.8191228783042089,0.5877111736894758,0.357346095206768,0.0499699596460199,0.0049209018230603,22.23617708143759,11.337629350977046,17.58341973771726,18.971183258322867,-0.0024634827613476,24.09751186668,14.40298138599,2113.828125,1.2703697519225032,0.6477274098529007,1.5508903310727802,-1.231851927934715,3157.4498776142154,0.20481346118412,11.637403953190574,2.952332313407729,1816.2363458551356,1.2703673633450785,1.6138332378523268,combination
0.7917836874042529,0.5898802191448455,0.3282003252401168,0.076094209945346,0.0058241856670477,22.763787137130464,12.31370481401808,18.190550797034064,16.383558023953043,-0.002513185441958,21.86345440559,14.40298138599,1603.59375,1.1696708345317377,0.6327146401091149,1.4772605866209905,-1.0680771913881992,3021.021109749796,0.214579570497347,18.715916008104237,3.7179248459542777,2139.603831869252,1.1696681345805338,1.3681235450531055,combination
0.7253593455003418,0.4644115272259116,0.3956637092779388,0.1352679250109965,0.0046554027802914,28.220713439486413,14.467659172810407,22.479950986296785,31.118716917690197,-0.0016168731915429,27.21470167871,16.306042534299998,2842.734375,1.127068473173914,0.5778040505341934,1.553807061514427,-0.9954172701943538,3589.2091662682965,0.23132598268981,5.864961293677503,2.0936877816317425,2108.0821408705538,1.1270673134039777,1.2702807289436602,combination
0.7974359731775684,0.6114867286107689,0.3084977727121276,0.0772706385383585,0.0027338702403146,33.91031653148751,14.360383370361273,25.934806337592697,53.05723455114773,0.0006059264174121,36.98739006529,20.681347530990003,1725.078125,1.4401668115403323,0.6098836474081947,1.8059967947039732,2.596817921885785,3052.9451083269755,0.1821507986557075,3.247505184976561,1.7998646236379392,1854.1719919228287,1.4401666840735567,2.074080077915424,combination
0.8085455407417579,0.6341264648848278,0.3261882009342831,0.0373171752138663,0.0023540836968089,33.12114650680276,14.75442467726536,25.57845722829289,50.11252208096066,-0.001198402637539,30.839950773800005,20.681347530990003,1992.34375,1.401704775575374,0.6244152063619615,1.7336126475813016,3.093521888933596,2782.915516065078,0.1583479166038978,3.3592127278152866,1.8602412968781177,1787.6762938746178,1.4017042632816408,1.9647748417019275,combination
0.7705837077149219,0.4578359507626789,0.4500564092206326,0.0873302364106207,0.004758072821315,31.63537054563079,14.69453048854036,24.559502921597424,38.928615452108666,-0.0032792354115136,29.67333112149,18.92515282096,2113.828125,1.2879045598441492,0.5982276323794723,1.671336347952753,-1.7222975590348104,3645.290173674668,0.2182483819000933,10.039273439091971,2.636207976244996,1965.943835559962,1.2879003850773816,1.6586874018824678,combination
0.8140663061008692,0.4565929701526044,0.4123553756454757,0.1257766306784868,0.0052599659292828,29.65679794239617,14.584439327430768,23.247679800931383,34.45438327260812,0.0002201881312402,29.67333112149,18.92515282096,680.3125,1.297626353408397,0.6381387787622669,1.5940057261719058,-1.2651432738667452,3599.9154089081485,0.2233244373388616,8.908910594846747,2.5373538840563112,2233.215980687281,1.2976263347270511,1.6838341045771612,combination
0.7653486167905273,0.5054681091513852,0.3938096104625009,0.096391153855261,0.0043133246838377,15.187979680729828,8.855680692640696,12.369774149890612,6.23556359622631,0.0010104300924902,15.80690589443,9.46718953563,680.3125,1.0690527204190508,0.6233343561580978,1.3968179950492363,-0.3478206188271669,3333.68024632495,0.2173564530086187,23.30599299812421,3.691398008343208,2155.196395088759,1.0690522429078952,1.1428726980664012,combination
0.8006465234504541,0.5421453569159073,0.3942373048789989,0.0612876468097525,0.0023295762059311,37.97091930814312,17.51630041764662,29.837816382972584,72.94437379416982,0.0052751832329541,35.18157821122,23.88954395438,4446.328125,1.3638464393036285,0.6291536889194234,1.7034314136855508,3.643046094206297,3124.126511459908,0.1701536720070718,1.9726518310875951,1.49237062337488,1884.6536417536324,1.3638362373991404,1.8600492824430448,combination
0.8141880815907274,0.5753597779636529,0.36717345925251,0.0541246823468735,0.0033122861803609,38.01718466983345,16.835479279568215,29.341554481742826,66.82919752800318,0.0001094622157665,37.66589166081,23.88954395438,874.6875,1.4189999320882245,0.6283880345652292,1.742840461771241,2.761940679270763,2954.2158462366647,0.1791412699787997,8.627465931586421,2.422239079085979,1903.9150535953825,1.4189999278662448,2.013560795284408,combination
0.7208308992641943,0.639333366408786,0.2840949175404084,0.0705068237622261,0.0060482591082631,23.941784628660468,12.92435225684884,19.111760775644527,20.430539578357948,-0.0044377868277099,19.65141703294,13.77634770643,874.6875,1.0659217137268655,0.5754102261006255,1.4787403187279171,-1.6809984257098596,2997.415465309557,0.2040000941937975,15.008010827020424,3.4147798674530714,2002.254709604656,1.0659124756951155,1.1361694058424905,combination
0.7002904308390674,0.5818350759734737,0.3167041080449959,0.0958189232558757,0.0056164331883622,9.922003456521734,5.905669195025555,8.08581751769113,3.364095063740635,0.0052255371104638,10.82937829505,5.66242063315,680.3125,0.958811007890444,0.570693273587613,1.369161944340186,-0.1945818690238616,2994.6726800275337,0.2256615486611546,20.5735412003652,3.899299685161862,2225.273178761601,0.9587967681494324,0.9192912426137962,combination
0.699294448869541,0.5104894690697238,0.3714141307919437,0.1106833121464541,0.007374460726834,11.791603331460063,6.817606152145999,9.507208005207977,4.174392760370827,0.0036851231276953,11.81529544419,6.64833778229,680.3125,0.9751718761573344,0.5638196600925506,1.3945082471822403,-0.2923411907184545,3255.6967819824263,0.2597650807634395,25.23010146618092,3.947896722387623,2269.5948014895685,0.9751649131894304,0.9509466079157493,combination
0.7376771194564551,0.6449955099358055,0.2836969907872639,0.0666603070647168,0.0046048747943254,18.37722507255547,9.494703113520114,14.50719581365803,14.639522082190757,-0.0042906553433398,17.952175822839997,10.70162641921,874.6875,1.1271154338645166,0.5823309219405381,1.5279251641897371,0.9778781594851816,2814.9260534467894,0.1970245990613643,14.529292900367247,3.3582612735952027,2067.4857904807272,1.1271072670923217,1.270370791532322,combination
0.7807222770572169,0.5056552995320063,0.4342994190849494,0.057298799873794,0.0027174836234335,31.66336914196575,14.332233778039363,24.441588828727035,37.21858092887392,-0.0020542043902343,30.136618663270006,19.082092885260003,850.390625,1.3314109426891036,0.6026551628066998,1.7053579509830337,1.985747441570596,3115.6406511877217,0.1876102329444288,3.86963894486412,1.8894031760833856,1963.329567307656,1.331409357994982,1.7726508785566102,combination
0.7687763555104102,0.5823969970992015,0.3209263905858092,0.0909967356972201,0.0056141734386333,31.885477410231267,14.793060798085763,24.821383681332023,40.443931661897146,0.0019867542224121,30.136618663270006,19.082092885260003,2113.828125,1.2899354059120236,0.5984571797296354,1.6779072309730476,1.1967520684207982,3142.3567442864405,0.2137313419425969,9.54017974425315,2.7722377618439094,2069.6148188066886,1.289933875914993,1.6639294042330766,combination
0.7152790989916016,0.4857671473526139,0.4259336746441709,0.0814006884722941,0.0068288357235781,18.41492201492093,10.12721522312363,14.831158664982269,14.38001301874124,0.0022807135633496,20.44251858236,10.60841780689,680.3125,1.0475157852543346,0.5760772594255025,1.464485383021983,-0.3067854291639953,3372.6497231066123,0.2240292631356975,8.116703595033474,2.608511627316691,2101.023747915079,1.0475133023988992,1.0972841187026474,combination
0.7355713761511816,0.4538275628098649,0.4232359651570684,0.117753843903706,0.0051743863768074,19.524518174817263,10.980864553539716,15.71862484427838,10.180395468951962,0.0005798203798632,16.997642786460002,11.56217050791,680.3125,1.052938086207693,0.5921872388545237,1.4314560358739177,-0.7892410049634384,3516.641666854236,0.2385021942570477,21.058743032318223,3.511334843283099,2200.7095276598507,1.0529379265631218,1.108678277195046,combination
0.7846389895409229,0.5233135773062926,0.3746181209998833,0.0976513786791423,0.0044014675074024,18.83139871404244,9.698578983854697,14.894554996569504,15.7316794899893,0.0038253128470068,23.24901909008,11.68684858217,874.6875,1.2050062799535055,0.6206043831176067,1.5357461151128005,0.2168166419116329,3310.739989421289,0.2132391382259404,5.551501005062782,2.1740717281417288,2142.3514742000525,1.205000208177994,1.452025501709009,combination
0.7575331085374415,0.5340932330851619,0.3997684091879232,0.0622273728422885,0.0038996787030701,19.49041227023153,9.857587161231333,15.427508646762163,19.60691204077313,0.0068255395378906,21.16040882445,11.68684858217,680.3125,1.1855688812098897,0.5996203887395332,1.5650390297776566,1.199014889176725,3152.177853242796,0.1966866362245506,5.159140607798944,2.125503776270316,2062.637928455704,1.1855492330996995,1.405526984103286,combination
0.7928761544344678,0.5760469805413766,0.3688238613428963,0.0513399164201168,0.0037681940319695,21.41779596656167,11.05950544213064,17.017790919937692,20.096241224808743,0.0012629025639501,24.72299333231,13.49300062157,874.6875,1.2200365280502583,0.6299901559729031,1.5387479131850923,-0.6940646377405694,3114.807457256093,0.1876451656805795,7.251155465181341,2.423462339894684,1920.402883222877,1.220035874412733,1.4884875348540425,combination
0.7542268249251611,0.5741384599061147,0.3515050788121401,0.0693414166347607,0.0049983187943447,22.54214386781924,11.834913081918865,17.88984450786255,17.98596782190018,0.0028419100218408,21.217031909010004,13.49300062157,1603.59375,1.140101370257153,0.5985677627065616,1.51161604517352,-1.356183121005519,3028.831855602048,0.2128891650271193,16.951714349394848,3.5596281364561664,2159.2791716868805,1.1400978282628491,1.2998230580096657,combination
0.6907568232162598,0.5185009255888773,0.3849240373218985,0.0916741890014921,0.0048862622565622,18.04880307275782,9.979730985258518,14.54266998401405,11.891507757600534,-0.0083989062119531,14.7500452876,10.04544851924,680.3125,1.0065851007485629,0.556571451233917,1.4572206410669428,-1.3010146364033868,3265.6696644119065,0.2265531109724052,10.885104525456414,2.782257406591037,2082.719731045141,1.0065500600682695,1.0131430234234375,combination
0.8125183342057032,0.6507605534483453,0.3020942915126812,0.0447849803986433,0.0023492488462141,26.64668975918967,12.658268974205775,20.88367100272,30.816899154230747,0.0037230706495507,27.972407313270004,16.968365575230003,1652.1875,1.340496525220555,0.636790750692705,1.649804649061845,1.7148268614487074,2844.6729467391806,0.1581948896581443,4.673537965484042,2.109629178203237,1749.1658415228794,1.3404913550162567,1.79691707287332,combination
0.8044159607821386,0.5842344647960489,0.3762351336246624,0.0367091577625044,0.0028023712771265,27.15095705495725,12.520331041691144,21.09401901813529,32.673732813903364,0.0146288157425683,27.972407313270004,16.968365575230003,1725.078125,1.3552649301945336,0.6249638103321261,1.6847812528195003,2.3993624235969326,2953.250705947755,0.1689410287850597,4.831091989401707,2.08708119522643,1792.3342328145816,1.3551859757115123,1.836529028765164,combination
0.7204799870600488,0.5943234665511152,0.2962645097436773,0.1047039937141313,0.004685265367217,22.32303253995777,11.565390191376869,17.798312252261397,22.67230602733148,-0.0018216909816894,24.11850166859,12.8233277812,2138.125,1.108767414588489,0.5744438063352955,1.5389288175968143,-0.1515956998141766,3227.910144783237,0.2278567210168021,11.603841680689596,2.860829723224783,2057.861040966897,1.1087659180797402,1.2293618610952093,combination
0.7409945877218165,0.5769964328155014,0.3213653659883084,0.0962945312959113,0.0052856733605409,18.935120934283503,10.58033705896138,15.243260982670533,11.501765243310617,0.0041229901401562,18.38142733091,11.295173887390002,1603.59375,1.0675627651978408,0.5965197648639895,1.4407160091142586,-0.5001539505057633,3059.764206453404,0.219050421016637,11.10325628934941,3.0316431331387976,2203.735236079553,1.0675548035530371,1.139673258589164,combination
0.6990013230936816,0.5207532107970448,0.3878965181929615,0.0858337601690894,0.0054758656223158,16.40570199495423,9.401512794026807,13.251681428188888,7.972855979170934,0.0071477184040234,15.28636124561,9.26294285152,680.3125,0.9852608888013374,0.5646172808922733,1.4095265005232198,-0.3669350224287698,3210.06482835784,0.235632299200703,29.501814654736336,4.277934144014263,2190.853211846785,0.9852349613788672,0.9706879291232182,combination
0.7688451695313769,0.6798387029922534,0.2638429634152315,0.0537874982655216,0.0025306173122869,28.337358188566263,13.769069674726452,22.2951531096801,39.103412673246886,0.0074397250014453,26.46746351144,17.14152077234,1846.5625,1.2449294816049763,0.6049089212295157,1.6192200080593342,1.9732954055613012,2763.187003419311,0.1732621897619738,3.493645102885861,1.9810416266263156,1848.501144373876,1.2449072514292532,1.549794064661138,combination
0.8364916168710401,0.6589735678006792,0.2826367143701117,0.0552676917820693,0.0031085818968214,26.13965871591761,12.60017766541542,20.49216086164635,30.667589408568237,0.0032331374224072,27.89020386019,17.14152077234,1627.890625,1.360418974042685,0.6557668161865389,1.6263390410670635,1.3739180922316971,2765.771305375338,0.1728073686761922,5.29133482456883,2.256401259297885,1801.9868328271257,1.3604151321408329,1.85072933175776,combination
0.8117461960893897,0.5419583671292502,0.3982032184835262,0.0558926975699035,0.0039243158022004,20.559673649475048,9.725588353476278,15.935699723544516,19.53929395774185,0.000998252236206,23.58667873527,12.93574363261,2113.828125,1.3300731187112498,0.6291803971771843,1.6385332325780086,-0.923455811207374,3287.235268728793,0.1783559294817763,9.204279600217292,2.687085625354964,1810.8771455184449,1.3300727441049018,1.7690935046107434,combination
0.8100565949142188,0.5731307868823808,0.3555060033296492,0.0672244646451868,0.0041292352201638,20.38483126074882,10.226663404198924,15.968938113490497,17.80039100819909,0.0037271726016308,23.58667873527,12.93574363261,1603.59375,1.2649036270518852,0.634576929636788,1.561500313673556,-0.5263491578674209,3152.7467902423577,0.1801133845698408,13.990829419150357,3.3339259387244056,2011.9285612320436,1.2648981357854128,1.5999672939134126,combination
0.7331449315118945,0.5259837622709286,0.3885093994138691,0.0800701835248708,0.0054269863904084,13.65555846589242,7.774470705429288,10.983257544922903,5.494980540693435,0.0023714566019628,13.267603187440002,8.052319600550002,680.3125,1.03573862525801,0.5896734008105443,1.4127338002898082,-0.3446687743911636,3142.605497517612,0.2204192370490487,15.602016449223523,3.336843744949861,2087.592172278165,1.035735910377224,1.0727488760449373,combination
0.8012413677729298,0.4970356180338611,0.4588870284536405,0.0415156462231794,0.0025527996182557,35.76942810720463,15.36383903940897,27.439055309598785,64.07938484553443,-0.0012082199364941,35.98874369559,21.98530620666,1652.1875,1.430977384641082,0.6146395782668874,1.785950454129096,2.3743113001543024,3298.519105525131,0.1643033979693194,2.9538551568011746,1.6419200159736105,1733.8935934058748,1.4309768745716391,2.0476948155588164,combination
0.8936278282001758,0.5116135385391878,0.4382067291528559,0.0479743784295449,0.0022053136008844,32.54937123894877,13.501828908190245,24.60230703752795,47.18832357207877,0.0075249908326367,37.721978264810005,21.98530620666,1676.484375,1.628320604279296,0.6754448817233143,1.8221462592081967,1.389476898420953,3129.4709524133764,0.1631378839756642,2.647397557471732,1.6374870858365351,1864.7953098744,1.6283032164905469,2.65137136483346,combination
0.7810556740468408,0.5408613958968653,0.3358638879764525,0.1182574144039762,0.0050113231994141,25.973757852885832,12.170890311665916,20.14795177994732,29.357325619010147,0.0124348042167529,26.56467013109,15.73667205815,2138.125,1.2929762453833182,0.6058681284118296,1.655421358997485,-0.9676764677513752,3449.4077874698705,0.2210869850150463,19.41967965389668,3.526913761556432,1995.4176262804583,1.2929164500344306,1.671632946769634,combination
0.7238492746628906,0.5765059213618013,0.333164130553073,0.0850640371537826,0.0052334234480715,17.541428586586452,9.86738446411636,14.120898242165522,9.722459899587063,0.0036486520704492,16.21961185432,10.22140195018,1603.59375,1.0358775405327578,0.5827006563191828,1.4310680093106185,-0.4192463618761914,3112.943427889269,0.2186134084706659,11.986780117998528,3.0524545401605208,2100.9430201264813,1.035871114723383,1.0730289663182642,combination
0.7296267229837745,0.4990223856560691,0.3788660895875227,0.1165208124299814,0.0055569410511346,13.74906254151248,8.125151810774478,11.151732330369898,4.826580827434844,0.0031074950469384,13.56354537272,8.1366019158,680.3125,1.0014092173650635,0.5917932143543021,1.3724952579448395,-0.2680985195602717,3372.495971129298,0.2379764214222182,34.241100895146445,4.300427993167842,2193.9449995923624,1.00140439588522,1.0028107640982429,combination
0.7685865406597949,0.5312887652604241,0.3937606576212759,0.0715281862174224,0.0034195942983503,35.82710480039502,15.51201744723658,27.286735360244997,64.24563117495852,0.003752504685957,34.5830609901,20.97221753643,2016.640625,1.351998062648269,0.5853729363082324,1.759070698125475,2.774371722239976,3246.0393666069904,0.2024035728181172,3.456320500347096,1.8484356126395276,1944.4124660817563,1.3519928550525904,1.827884680113255,combination
0.8074950617028858,0.5413054706806967,0.4126270975847062,0.0431056992744236,0.0029533097073483,34.604453095558185,14.25018366429349,25.97194525524744,54.17187058463462,0.0043539705259716,36.9893591928,20.97221753643,680.3125,1.4717155954263124,0.6060554541496853,1.8225691589031956,1.4926000811053088,3109.206369211522,0.1674621460817845,6.918797274911233,2.247497368385462,1868.8313094571583,1.4717091549493344,2.165927836761684,combination
0.7828410252003712,0.5629062493375565,0.3550360870423145,0.0783926184252763,0.0036584864436283,26.12802235837212,12.965204338673171,20.460273721948017,24.07327025210924,0.0024884842827148,24.68661629252,16.01714165637,2113.828125,1.2353944633632483,0.6130254114405899,1.5780911112151337,-1.4885885238026286,3344.025245452231,0.1986505663855267,9.644507111066147,2.659165055638448,1825.6674207770477,1.2353919570543364,1.5261932875545432,combination
0.7411340393243115,0.5100133424722118,0.4048326974647466,0.0804856616953876,0.0046266859592393,16.380528954605545,8.959195781961794,13.063230739916731,9.56860560649976,0.0020190608159716,18.351079601050003,9.681604964900002,1603.59375,1.0806332622390826,0.5910434877732031,1.4580807315560502,-0.0915355575803595,3351.599529254397,0.203222998564197,8.742490057016465,2.5910284896035827,1985.304038791225,1.0806313760255637,1.1677641708509034,combination
0.7409043971551855,0.4182933840425273,0.4555725448769632,0.1201017734150738,0.005987704718452,11.11672552338928,6.379988365188542,8.975437523563707,5.111991508458919,0.0040828398283593,12.53312472258,6.6499411276,680.3125,1.0423124223681055,0.5981924365775434,1.4068109547874488,-0.3629883469753884,3592.0314192534997,0.2398509496017992,11.385992722360973,2.800782244463458,2159.822546591454,1.042304425895719,1.0863985162418046,combination
0.8062213727416065,0.4984036050387389,0.4303305041750658,0.0682174166236429,0.003036192483289,26.935031949307664,12.33893135044642,20.772505677491488,32.45967919045992,0.006415674748374,27.971242906600004,16.747238042590002,1652.1875,1.3572681107415423,0.6217641796047868,1.683493090893965,1.654827002395071,3456.2918370099683,0.1920989365411567,4.328355302792758,1.9895580896557,1871.8517069813076,1.3572529475206303,1.8421355635534395,combination
0.7536165570288429,0.5582922894131886,0.3933625107101778,0.0455018167771982,0.0028420857582282,29.117516972142685,12.358201900610776,22.222492176414644,43.046983871763246,0.0041029715423779,27.971242906600004,16.747238042590002,680.3125,1.355151677993083,0.5751602397488914,1.7981978571912105,3.0026867693723536,3091.3164184176208,0.1789837231964745,7.856379911492791,2.513092227392963,1913.822984558966,1.3551454667274618,1.8364192359919904,combination
0.756432907221499,0.6285036236354573,0.3158325045147712,0.0522344384379877,0.0034186883969228,28.598824460069043,13.439866180155455,22.42458594516562,40.88596350407188,0.0032191586365087,32.22796619903,16.962694739739998,2113.828125,1.2621178300708191,0.5931255937957894,1.668512591165267,0.106618308001283,3010.497702212626,0.1902938176496762,9.224702320118972,2.570612434545632,1844.8914680273224,1.2621137246699867,1.592931054000347,combination
0.7882092433887793,0.5314326819501355,0.386339022116653,0.0774128619957128,0.0047960256313063,27.02786032211276,13.968563783768012,21.52054785200388,30.13817973974615,0.0022655500336718,25.94782722175,16.962694739739998,1603.59375,1.214347802846509,0.6276003552475822,1.5406414134724111,-1.3459069009631175,3296.63118816292,0.2159835347532454,7.876443882952385,2.4347275857758244,2053.9759541502326,1.2143456894810425,1.474635453561188,combination
0.695876539966333,0.5614721308441861,0.3475816320474558,0.0856821699961322,0.0052426197121316,10.635105200149027,6.470497033794247,8.727217647362876,3.000338958000208,0.0072796327773388,10.3593176862,6.07306601998,680.3125,0.938577977589892,0.5710395812440952,1.348770828853206,0.0594847007965949,3100.8076065611654,0.2262514791044,35.5097250869406,4.652175834030574,2219.8283675305024,0.93854974666416,0.8808756269633591,combination
0.7653352779851611,0.689452922580767,0.2468325368681518,0.0605436511814627,0.0031641143410548,12.98498588749945,6.899969313556274,10.303198110388015,8.33237097123563,0.0034784210591259,14.99488160317,7.88540098995,850.390625,1.142816820135368,0.6072706630772096,1.493223758277514,-0.2451125759274628,2633.3034753164984,0.1698790527921754,22.774863108820384,3.961122389598746,2046.78846254588,1.1428115264431182,1.3060181849712498,combination
0.8129220133806689,0.721217471501025,0.2230323717111175,0.0520029962133376,0.0037355471630596,12.268642587420878,6.534612453258463,9.700070683480783,7.004964571017167,0.0002197981778857,14.99488160317,7.88540098995,850.390625,1.2067128764488506,0.6427280714848564,1.484414072428102,-0.02791094081748,2379.757470004929,0.1626109872347807,29.93559669373124,4.718338960681031,2040.6123867336603,1.206712856431148,1.4561559178762202,combination
0.8042375812610254,0.618805291411315,0.310378891392284,0.0668136009493306,0.0039838995863282,25.60032696140057,13.379536967771948,20.34019519860101,25.91256338272386,0.0058576276841503,23.64170457089,16.3583493889,2065.234375,1.2226394252882806,0.6389898618703052,1.5202465711328872,-1.4726030998479085,3109.677791560637,0.1915143450881626,12.098073852502509,3.117499241186387,1891.391277697974,1.2226253933511977,1.4948128524671709,combination
0.8330732328526758,0.6130535635427413,0.3026573529283549,0.0792602598805298,0.0050163154607722,24.49765524131369,13.209455635397108,19.636148112554807,24.2093678878196,-0.0017666926749902,23.64170457089,16.3583493889,2186.71875,1.238381795618047,0.6677516369531037,1.486522128885934,-1.4264541675986222,3042.6505848000565,0.2110901571529563,13.550447220303225,3.1456528173935854,2024.5925636585944,1.238380535423248,1.5335863505151703,combination
0.7179701944923876,0.5798928023425793,0.339344100005516,0.075176160187332,0.0055768632818734,13.800585885756105,8.219974182650494,11.306173925449864,5.402353116381287,-0.0016525018304736,14.115906976570002,8.117495892220001,680.3125,0.9875330155358892,0.588199367723819,1.375451269581024,-0.1813433633957131,3034.101937386533,0.2295908522699596,11.08072903773166,2.7933392054281208,2106.125286968268,0.9875316329166915,0.9752187260111074,combination
0.7882609279695898,0.4544852619795943,0.484863572551069,0.0580625511232324,0.0025783333412162,38.03205093386092,15.96499108773476,29.336126979405638,78.25971139937458,0.0051953261440918,39.906911176440005,23.124522675820003,2040.9375,1.448451962718953,0.6080272325054036,1.8375285534574064,3.2691166767145976,3510.2408164742187,0.1813830154063742,3.0585582176397965,1.6926129429859305,1829.6906531546292,1.4484426453576416,2.0979860968906427,combination
0.8768209732819923,0.483466828310223,0.4625495511126651,0.0515927315839205,0.0023890310986995,34.18551030089315,14.868684102100604,26.3731404476601,60.0021408431553,0.0040683847635546,39.906911176440005,23.124522675820003,2040.9375,1.5552501160847878,0.6764422257349143,1.7737373574258786,2.951267424470565,3315.691470538496,0.1735253924152855,2.2498062563096752,1.5826523216715698,1880.4430146507173,1.555244794824005,2.418786371827161,combination
0.8075096340051758,0.6312144070995331,0.3069422967748256,0.0578970675650643,0.0039422804864684,22.63689300995784,11.569357018695156,18.041992899513343,23.56718184076354,0.0019603862314648,25.35206555987,14.569083083010002,680.3125,1.2592820032666925,0.6435990609047428,1.5594637515601713,-0.6908352764304417,2889.779507332189,0.1899048515126375,13.810106363431114,3.073712876372878,1947.6641188271128,1.2592804773509343,1.585787320637197,combination
0.7951054624254736,0.5964050049837346,0.3369490617820251,0.0616732790091209,0.0049584484176073,22.80894830895607,12.180652175474156,18.323459932682304,23.65516130777188,0.0003719216605419,23.373238725200004,14.569083083010002,1263.4375,1.1960839923124127,0.6387441843291549,1.5043086091545037,-1.251985718797485,3015.889348251471,0.208336272035168,11.44520908287111,3.0319224387510624,2020.1142795569824,1.1960839344879932,1.430616778340278,combination
0.7352218147391895,0.5876267411697891,0.3191215360155429,0.0878485663731255,0.0053750947490953,13.66132459254163,8.080392327771554,11.147845318120051,5.081292192786142,0.0026845087735546,12.83671785221,8.19613906522,680.3125,1.0143243957413597,0.599952003899729,1.3796168386287315,-0.3797083876297359,2988.200597657383,0.2318421733216698,30.9942568016573,4.578946831874899,2166.345328511115,1.0143208433275532,1.028846773208719,combination
0.7686636393367579,0.5356017522308736,0.4032661022970177,0.0581743753382555,0.0029413910641091,33.44137335059524,15.19213362024479,26.048590366413748,53.87093533697436,0.0029160815312597,33.134819525640005,20.02260427064,2016.640625,1.317958673293803,0.5987374998247077,1.7146104041437484,2.08481016111478,3202.5526567093443,0.1815893334792067,3.5454948608764525,1.8894822035265777,1871.37712920685,1.3179554472662818,1.7370065609788647,combination
0.8145587440097559,0.538690135513067,0.418664054874863,0.0401169739838812,0.0025226657953925,32.149819331644565,14.130054041274912,24.580921164846263,42.883628938924815,0.0005494159251855,33.134819525640005,20.02260427064,1676.484375,1.4170224835766745,0.62279056887054,1.7396197560917754,1.8271569300956336,3144.5168699786163,0.1569265870381575,4.777459024423536,2.1166157032725588,1827.36403205754,1.417022377065355,2.0079524171039487,combination
0.7989184061569874,0.5835293255819579,0.3562680766217512,0.0551746008835576,0.0050096477660107,23.13098253621791,11.716986031032508,18.23130060650764,20.378562519603893,-0.0014794101689697,25.1272253379,14.56532162272,2065.234375,1.2430945623852123,0.6296888426556886,1.555971864967828,-1.1898386574429067,3161.0554211438,0.2006139918310876,12.03707874692822,2.949828104805881,1866.8248776873425,1.2430936820598977,1.5452819023772342,combination
0.765633016034668,0.5825589118150828,0.3343513307448796,0.0772113451276814,0.0058599706241461,23.7822752651654,12.789423819043476,19.023894369336443,20.714664489116355,0.000814399648164,22.39755738129,14.56532162272,1603.59375,1.1388567482635308,0.6124444133423288,1.4874707913744971,-1.396679038586151,3080.80191415592,0.214168740923475,11.35941943453755,2.924530919294363,2035.9001095955705,1.1388564570737596,1.2969940298185962,combination
0.7621025777856397,0.4875877938171367,0.4309658375234639,0.0759865457363269,0.0054250851487585,29.86923700551957,14.62464245575454,23.43976661984806,39.02142757301531,0.0025565475151611,30.64269052971,17.863506563679998,1603.59375,1.221466207992731,0.5980570096376744,1.602758268502142,-1.2620445030458969,3305.906428002807,0.2197300632978781,17.509351186077428,3.505980960921705,2097.299613341327,1.2214635325432128,1.4919731613329446,combination
0.8332001604357081,0.4903960842770215,0.397577302082523,0.108261928024697,0.0037454200348636,40.49601917180484,15.940861161011734,30.433806319960077,72.08901969070773,-0.0002796874180712,43.22095887214,25.35745230846,1603.59375,1.5907203539592598,0.626171481223394,1.909169524316245,2.085303294068113,3451.7614862799733,0.2106966364170112,5.160997218675465,1.806288443381134,1963.9963559782943,1.590720329371326,2.5303911662752205,combination
0.8525340477706788,0.4344943991585357,0.5096885939015695,0.0533765815726458,0.0024390718047877,39.90617301198371,15.351197385408009,29.74362416934326,68.12374025353483,-0.0040590796088916,40.61177347584,25.35745230846,1725.078125,1.651822439112364,0.6354268123090939,1.9375442463931765,3.16456068949291,3404.8227061272246,0.1617205599597332,2.948736410132703,1.7141961534768675,1870.8680169319423,1.6518174518474638,2.7285008942278486,combination
0.8410837407552295,0.5053186426617357,0.4194678400801945,0.071446420378912,0.0037581571401685,31.09462038483578,13.35997643081804,23.69390762177338,46.472483359228406,-9.530115473627835e-06,38.4168242283,19.92856045563,2113.828125,1.4916613482685437,0.6409005869500423,1.7734992082109975,-0.0477122364322851,3459.867302026565,0.1960854694635928,7.774911997362475,2.445817587085052,1884.6760041663465,1.4916613482380998,2.225053577827506,combination
0.771760761975127,0.4537688113130804,0.4483207934015886,0.0933884195260587,0.0045071742488913,32.93654516501316,16.01503955936489,25.822199621328085,43.14153887600341,0.0034056188515625,30.19966122544,19.92856045563,2113.828125,1.2443653593085666,0.6050592239042457,1.6123718911595446,-1.6968856243950434,3634.329355621195,0.2141432539316066,5.954477155625947,2.231188691328958,1971.6520352003863,1.2443606989966278,1.5484335492073762,combination
0.7373519038170362,0.4937264761751847,0.3686672700940552,0.1312655633385546,0.0063273549941877,16.804693804424904,9.376479347626484,13.51267773778249,9.495809154098463,-0.0040020213959228,16.24282073491,9.96359865562,680.3125,1.0626161788691122,0.5929056947765659,1.4411248867308626,-0.5113555553712303,3423.9448855508176,0.2506061409071737,45.74741675911743,5.240268801519404,2226.2029174521904,1.0626086426427837,1.1291371274191393,combination
0.8065504703043359,0.4904782365945045,0.4153760354488516,0.0899143994753311,0.0042096187345735,47.37094308639462,19.670274478530477,36.27397822694285,104.6398158767374,-0.0024871121485839,45.51423037504,29.25679419875,2867.03125,1.4873607498808892,0.6176105496863715,1.8441012740587244,4.448635623876252,3490.0173494742585,0.2183720115745665,6.201311969968087,2.230597417696349,2002.9170831250387,1.4873586704488604,2.212235814559401,combination
0.7798412064965332,0.5043727171469286,0.4354116021351404,0.0568703283448095,0.003327052540508,48.95330207749759,20.27125594575957,37.51634814244721,116.45390914543776,0.0037287026476171,45.51423037504,29.25679419875,631.71875,1.443264999318903,0.5976470014716024,1.8507165142027144,5.180088423017669,3268.6746119758677,0.1799948444060276,3.300750666742733,1.7711647811724556,1903.3340742620835,1.443260182723669,2.0829999550355587,combination
0.7711862899491113,0.6016833778704456,0.3228348972291054,0.0716044436528879,0.003874795657122,20.49344092807088,10.958823211626612,16.29541872921425,15.480301616347717,0.0010149309281542,18.438269884790003,12.56680351295,2113.828125,1.1467292856424058,0.6132110052703071,1.4869679357475036,-1.2763182282622865,3147.143716702393,0.1953951696425128,9.700425808389632,2.775966017665096,1934.3566124941196,1.1467288365019663,1.3149870244651534,combination
0.7627642892813086,0.5537770936365823,0.348804893291605,0.0919543623728003,0.0054540151947762,20.75305274409066,11.090235381239264,16.47534328696836,15.845420985172437,-0.0033287981851953,18.438269884790003,12.56680351295,1603.59375,1.133141279779198,0.6055399977975936,1.485572011829324,-1.3209558978563891,3211.120974383392,0.2235759486949261,12.300535427509198,3.0780491509268955,2151.9898011871464,1.133136390308899,1.283998079042281,combination
0.6486621029001074,0.5057167351419731,0.3775625311256331,0.1095289665030558,0.0071625737715462,9.266635907387482,5.61606955338276,7.590067878604267,2.965360159817952,-0.0025915660662109,9.26476322366,4.923389391290001,680.3125,0.8766610428327881,0.5313027770266674,1.3514910751118632,0.0694037182951277,3274.218459100068,0.240829272252191,29.80891610013716,4.488776055003134,2283.302420943901,0.8766572122591566,0.768527867805996,combination
0.7376078817281934,0.6522212848995497,0.2650974033990902,0.0785943103124212,0.0040797965392866,20.320713018064048,10.284052628974964,15.95280161840255,16.839155439353807,0.0027698579535546,19.67057182748,11.76691220938,1603.59375,1.1441901975712503,0.5790600063550837,1.5512174231252067,0.8650746224640821,3001.7488564005357,0.2020392386986656,8.241645647002759,2.5866264698110952,1935.8086310443184,1.1441868449274597,1.309163536105054,combination
0.8057021961628515,0.6449000870015441,0.2974930411512614,0.0540478448516787,0.00355302340819,29.61323003368756,13.845186403524986,22.91431813102365,34.07919267693714,-0.0017800880192285,28.732082075340003,18.46211644174,1652.1875,1.333468246916455,0.6234414962750695,1.6550386150951106,2.3029622795961564,2814.926807887742,0.1816738304849699,7.096201877201919,2.495454877693424,1923.5043569398008,1.33346705876864,1.7781343968210872,combination
0.7650726958831688,0.549193378857501,0.3825150645784336,0.0641482672850675,0.0041335691145851,31.04504591203456,14.346898308311792,24.131192422738447,40.86521750677812,-0.0078450980299951,30.87243223316,18.46211644174,2113.828125,1.286836781372046,0.5946880057466172,1.6819797495015476,1.0953730082690196,3211.0483924222,0.2111969857042553,8.407040016528617,2.4434014657526006,1939.862885234312,1.2868128676419377,1.6558873563288667,combination
0.7538865678025342,0.5111577758291125,0.4154407740857077,0.0681301181477448,0.0052610493676131,20.942400018850314,10.647046995771497,16.461781283083745,18.05504718140207,-0.0015456010299658,21.095287400110003,12.41031579142,2113.828125,1.1656110653356553,0.592592815544037,1.5461358712534643,-1.1421466866880066,3339.0206947305096,0.2112478896369951,7.894079395782173,2.489219018130417,2000.1738752386373,1.16561004060122,1.3586467667503777,combination
0.7093541488871973,0.5329811199953206,0.3485662249693448,0.1124280057672089,0.0060157481928348,16.439246228757476,9.6345022891962,13.37866204580295,8.458164944445675,0.0015276808916503,14.74585708141,9.49020942875,680.3125,0.9850233197195872,0.5772898158887968,1.3886199457137838,-0.7315849682206235,3189.9652618088894,0.2349557629287768,41.44761588760407,5.151848271437986,2299.531399460573,0.9850221350723491,0.9702686065824891,combination
0.7730165700392383,0.5050094793465082,0.3936475695209814,0.0964285749414754,0.0048852951732585,20.312308517985755,10.313985752356054,15.968902523025358,16.41240963678706,-0.0015558320962207,21.83443568439,12.34422625564,5321.015625,1.1968434465618856,0.6077214829968574,1.5482765738141084,0.3737458257170425,3451.5094308646667,0.2123600799407476,9.083475519217751,2.595946920132925,2179.162967287356,1.1968424353124438,1.4324318149646214,combination
0.7988603517833204,0.4473523615549531,0.500381722806962,0.0487303910625094,0.0035040299101817,21.02847288700743,10.257962744667893,16.355135753155796,18.64196695626603,-0.0009724618779003,22.191091618500003,13.06546950123,607.421875,1.2736904808921687,0.6213227927408167,1.5943843977847574,1.060308876451978,3399.433258267397,0.180584929824473,5.171385076055904,2.097440290279683,1993.649556206356,1.2736901096551,1.62228649543322,combination
0.7699579647214112,0.5371772229106925,0.3897858084688921,0.0686665458263829,0.0043483560270995,22.08711363328341,11.047622694230125,17.38152873980893,24.885278288060448,-0.0025125305584619,26.44851599348,13.38304649225,631.71875,1.2113960498704943,0.6059210232016412,1.5733275131569109,-0.6639674008176333,3238.457638743809,0.2023876714231809,8.561757366615726,2.563061002225454,2002.7966910054893,1.2113934442748275,1.4674740768320298,combination
0.768594988425918,0.57599990872873,0.3355455938280315,0.083041426582858,0.0053904261819922,21.941082042798595,11.605469027009578,17.41235201085356,18.76855827773176,-0.0073715666576855,20.703168881710003,13.38304649225,1603.59375,1.1531672232378924,0.6099538056575713,1.50035745822332,-1.268028012711697,3103.0477894758437,0.2105277608233407,12.00617137365898,3.0816495735061435,2120.00557532455,1.153143661802467,1.3297403047552026,combination
0.7177449918110694,0.5323221721222071,0.3497055446825246,0.1108404288426656,0.007075320989,16.02499933963982,9.27534753275286,13.03551364994102,9.426780026053814,-0.0029741162604541,15.204060250610002,9.35617463793,680.3125,1.0087141861684132,0.5838486754121945,1.4053935557573838,-0.6178001074670744,3163.1274983887724,0.2376466739589377,19.455066992539784,3.872231855051894,2277.581252939049,1.0087098016822649,1.017495464009874,combination
0.7559270942140772,0.6167320438071477,0.3139080122974023,0.0656571764142551,0.0036763016256419,25.077938806977503,12.571269967920523,19.81257782921666,25.47207330988619,-0.0019331015480908,24.33303902526,14.97686438733,1603.59375,1.19135651573374,0.5972127335745371,1.576020392512019,0.7838487801674804,3042.0120079194044,0.1971580607697877,5.763979777815088,2.27840764801273,1878.2609372818388,1.191354947402176,1.4193266106996418,combination
0.8399596066167285,0.5847792586949636,0.3580494494653627,0.054131824832735,0.0030118539302389,24.684329550666657,11.70970081613084,19.245587756217287,27.104896338359847,-0.0062040344073632,24.7935710078,16.16551632082,607.421875,1.3805234287925614,0.6548898274769392,1.6435593068018697,2.019717228970867,3001.270347793646,0.1794477790493227,5.445663785461148,2.1596577801308423,1923.4144875624688,1.3805094883419826,1.9058064474022425,combination
0.7996183872927686,0.5543974472624009,0.3612347379933438,0.0806223372223723,0.0037444121113212,25.41614924680892,12.813681380179212,20.21653901125367,26.95635181880303,-0.0019911718537353,27.323497497730003,16.16551632082,2113.828125,1.2615825102242326,0.6360332623105616,1.5777307404042007,1.177860781200932,3233.7796430763,0.2075336996585793,8.844397395850526,2.512855957069349,1963.5539005314104,1.261580938877219,1.5915864653383252,combination
0.7327377785931446,0.6144263175150837,0.293617742718147,0.0865729272140337,0.0053766699797749,18.695125324075818,10.718771146917248,15.22779567655609,11.504801954934877,-0.0024818730806152,17.516852330250003,11.15798117691,2113.828125,1.0409757820157464,0.5968390681254547,1.420666181583292,-0.6943355983868957,3033.619661037195,0.2249619550161289,13.413801127552883,3.1465747215566813,2088.659912604596,1.040972823396128,1.0836244190493065,combination
0.7370898330271289,0.5289126988365151,0.3770820566171315,0.0881242379441417,0.0058207615087471,14.317114915012372,8.540671131325295,11.71812252675869,5.054798654914466,-0.0032112287371875,13.55660770366,8.63730897664,680.3125,1.0113150177344097,0.6032855800845219,1.3720376708780184,-0.2877924704691654,3104.3878816533065,0.2250903982352663,28.184350165115816,4.273875142026685,2222.4077229092977,1.0113099194139976,1.0227477531051463,combination
0.7933533316486622,0.6118835633255955,0.3074152482298021,0.0759730785173624,0.0046874733838802,25.983239923548,13.08009066514378,20.466708730745875,27.387656185831432,-0.0027441360603417,24.874640536060003,16.237331559420003,607.421875,1.2413776001331347,0.6249155843226653,1.5647222373837346,1.4428258088718342,3044.1942685824506,0.2070733733046368,6.793203373762678,2.4448566217832246,2042.531014103412,1.2413745670947118,1.541010815829583,combination
0.7891337714229152,0.600674014458105,0.344784324541022,0.0514914354657773,0.0030394216670123,26.75087272240541,12.30226041060854,20.576145829042257,28.32529324770277,-0.0065639375396142,28.675081015840004,16.237331559420003,1627.890625,1.3198657008933217,0.6069832460389336,1.672550014572846,0.9883552742959733,3021.944400475369,0.1719292374105039,4.394628738044768,2.112115367915837,1854.2022872789184,1.3198493789514751,1.742002383118595,combination
0.8266139262459082,0.5377924712575844,0.4093878204043103,0.0490092284414004,0.0037993047518627,21.563115936777937,10.039376290152468,16.607980010677878,20.53619594278449,-0.004472534350664,23.9672080543,13.728387563640002,2065.234375,1.3674542289152016,0.6366606572023729,1.6542840442158235,-0.9349013108425336,3320.193973091227,0.1823342214700549,6.539015214148982,2.3490134653438126,1760.4419435813224,1.36744691473364,1.869911064614551,combination
0.8106032155791699,0.508343161050252,0.4317386879846265,0.0559874299376185,0.0039238155916906,21.36488082491536,10.966060016105844,16.936014192629585,19.633923352336804,-0.0013889380139843,23.88025552899,13.728387563640002,1603.59375,1.25189790530757,0.6425679448504197,1.5444028363656297,-0.7606022049891996,3369.964731349547,0.1809174852099962,9.598779878837323,2.7520398625287847,1854.6355479208,1.2518971348176635,1.567246436164675,combination
0.7412316890370606,0.4589716501269424,0.4382256306738825,0.0960274364448596,0.0067622097125499,16.951958255228032,9.51692776772949,13.667797971483468,9.098800528418993,-0.0017890361091796,15.39232225258,10.131004975820002,1603.59375,1.0645247314130888,0.5976303636009469,1.4361565312945814,-0.5726977692820667,3435.1229483237425,0.2396497960260865,20.84822043757795,3.619462801384589,2143.346315896434,1.0645232280884758,1.1332097031399089,combination
0.8286407710698585,0.5261905630568722,0.4059256620995346,0.0643464605229126,0.0035261310850808,34.77805770135403,14.960399174930524,26.482425942833537,60.05602610268683,-0.0026355653069189,36.15554647516001,21.944417853070004,2769.84375,1.466833711886696,0.6309845719824553,1.7701684048117332,2.091951376354121,3384.209813461854,0.1883057399861046,8.58595530260379,2.546603361537539,1836.224469618273,1.466831344130202,2.151594192122816,combination
0.8192750565512402,0.5019615433949167,0.4468372548331015,0.0488380878090247,0.0023628564504494,35.14948944923928,14.875940422963188,26.78516534537937,61.839382906617686,-0.004800976284414,36.15554647516001,21.944417853070004,1652.1875,1.475161719469889,0.6243168306828688,1.8005695494741665,2.8230827758597203,3279.1027700136474,0.1482700081374794,4.957377909615474,2.047001719150584,1848.7754720521375,1.4751539069588897,2.176079049216076,combination
0.8016933356177588,0.60342538033491,0.2912856161494105,0.1010022161605644,0.0042768791472636,22.635372671539425,10.834511132750768,17.671980625637833,26.755354343656304,-0.0054324774629541,26.54024807287,14.167509094740002,2113.828125,1.3076279050481736,0.6259012961846885,1.6310824188660096,-0.3786917419859797,3222.8941285797096,0.2057197752147911,8.203431182864941,2.572528316198585,1939.2502545091345,1.3076166205158488,1.7098612262492896,combination
0.7770947393361621,0.5983428939727601,0.3281633322410049,0.0681480174891676,0.0053412993000048,23.03709186172704,11.731846143188225,18.231379492856536,25.5011892758278,-0.0012510255031933,24.94054839213,14.167509094740002,2113.828125,1.2076112251920368,0.6149868733334944,1.55400772140556,-1.4159813242112849,3068.135089353219,0.2193141164372243,6.5014784567022925,2.3768957092236627,1956.0982606296063,1.2076105771915888,1.4583233061450025,combination
0.6688899462033936,0.5344648412242554,0.3430724118939412,0.1158894848584015,0.0065307013345927,14.953813621606963,8.991375544485765,12.252132498816172,4.985378810793266,-0.0004271612279052,12.696708618790002,8.19532824801,680.3125,0.911465460147089,0.5480426903387682,1.362653849591475,-0.1990939421184205,3217.533239049707,0.2425684634129973,36.23723378746666,4.744150202402019,2239.3608637573902,0.91146536005184,0.83076910257443,combination
0.7767857724969337,0.5630333055408744,0.3291963880779465,0.1023089467163355,0.0054261023674096,42.48739303036568,17.992877776925223,32.71882819250571,89.59698384121505,-0.0063125843235839,42.05634492556,25.41552023271,2867.03125,1.4125322556964104,0.5981896845152529,1.8184321929016616,3.440987402341564,3270.6407004675584,0.24126077538366,8.263780245061517,2.540551426431729,2092.4580819799853,1.4125181502062003,1.9952075246619465,combination
0.7984611373240821,0.5482662664052939,0.4083411911389632,0.0413366531170176,0.0020510334125207,41.780059759119965,17.438260807249733,31.83062899953547,79.55857152799895,-0.005199526473164,42.05634492556,25.41552023271,680.3125,1.4574572839364706,0.6083169909100519,1.8253327755198097,3.091115020085699,3042.580034510988,0.1487140380093451,2.250506042850988,1.5751471568951687,1780.3494376476597,1.4574480091666835,2.1241546994239293,combination
0.7418472169540381,0.5447842586332418,0.3699990753960658,0.0807713565658131,0.0043920592877225,26.984977864533512,13.050026051260216,21.01359606664916,25.90680845960177,-0.0046223925317724,23.53439626615,15.58887776024,2113.828125,1.1945476353079474,0.5776872539417028,1.610234032032443,-1.636375568507442,3335.6113645957234,0.2135643888023103,11.20429311839948,2.822526119825393,1915.2531478136684,1.1945386919255028,1.426922686507091,combination
0.8014945541097461,0.5361294411327537,0.3973796662626618,0.0616611706954944,0.0047706439440681,24.556213188527742,12.737040267939758,19.449761299445417,21.513446704003893,-0.0028886509874707,23.53439626615,15.58887776024,2113.828125,1.2239011129986428,0.6348241742551276,1.5270236169702756,-1.2217971420199212,3298.029613319191,0.2093674220981499,8.434686301100779,2.6960192558224203,1918.9593077016984,1.22389770409736,1.497925590094789,combination
0.7199084585570117,0.5270077670093949,0.3652591341612101,0.1025590549208644,0.0051721921809461,9.58587516715668,5.733367465765199,7.832582413842344,3.0461324353785155,-0.0030596053473828,10.68110848028,5.63874233207,680.3125,0.9834957144714306,0.5882344839404516,1.3661399623540396,0.0657365782729251,3232.194344452528,0.2200368777611739,15.085831606220951,3.344521760062098,2224.9738846004143,0.9834909553212922,0.9672544591987878,combination
0.7857357974274024,0.5230488876561169,0.4111548432975285,0.0622716752128519,0.0035128404778513,34.09630298049245,14.678158532836132,25.98049153927739,45.95601403533254,-0.0065340302010449,32.217645044620006,20.413802237170003,2867.03125,1.390760441202676,0.5987101372500523,1.7700102830445044,2.175063238754203,3419.381723929406,0.2079031584289016,3.31175029196522,1.91781302424259,1917.2417045758975,1.3907450921227775,1.9341719112635936,combination
0.8260177717189258,0.5460130095834136,0.409883066855652,0.0421488132405963,0.0019433660125337,32.29641186796598,13.90650008248109,24.71351457086608,41.56164666377014,-0.0017500586341894,32.217645044620006,20.413802237170003,1676.484375,1.4679324140576953,0.6320764771215329,1.7771196508314324,2.497084213560481,3112.02762506017,0.1652898751897146,2.71203206032486,1.651224095587443,1823.4724265948992,1.467931370853566,2.1548225095360296,combination
0.7614953971325049,0.6155970814430232,0.3051586174572511,0.0757374507288084,0.0034799303888669,31.4672492989478,14.468953810700478,24.57772946641112,41.41753214860069,0.0005041247779443,31.59185876049,18.71582786064,680.3125,1.2935163181458744,0.5947716523562109,1.698652838896667,-0.9808369683049244,2958.018299903519,0.1912232396039528,13.632949272331429,2.8205297560450875,1964.170647629776,1.293516219909077,1.6731842111678676,combination
0.7477414316130225,0.5195514692864316,0.3966583299866366,0.0793490527875196,0.0043832577990788,32.05803263200139,15.287196224762736,25.02981253862896,41.49373773067457,-0.0093367321225341,27.697339098870003,18.71582786064,2113.828125,1.2242812603087705,0.5838108681054008,1.6373056360776472,-2.1730586118272828,3335.91301773381,0.1984391987147786,6.268307482195667,2.3074453766989165,1983.792818965922,1.2242456574464553,1.4987774297765035,combination
0.6880386228677002,0.5020503900295151,0.3773090571977244,0.1153698915825857,0.0052644226101213,15.668417290727152,9.452583633077513,12.835260928699498,5.419393061636621,-0.005323522709663,13.46516825003,8.831155253530001,680.3125,0.9342583569032978,0.5636277799900336,1.3578574310398008,-0.2888246107402773,3311.71663109746,0.2188711973927384,51.465221973393255,5.647230996803828,2274.1257518790485,0.9342431897261064,0.8728103375496095,combination
0.7277793751811181,0.6254275642937833,0.2685567606137135,0.1018391317721534,0.0041611075502766,15.257782285020276,8.123051339859316,12.134385164916557,9.395975929762283,0.0011766603610009,15.6987014233,8.831155253530001,680.3125,1.0871721578560094,0.578796779804639,1.4938210602429498,-0.5268900726981671,2921.635286525213,0.2084765634692259,15.7471618285004,3.407334519976223,2165.489601647622,1.087171521098528,1.181941916287687,combination
0.7693987109702003,0.6115809840182479,0.322403232135657,0.0622733624972096,0.003719675112258,13.02024258391129,6.513741751926126,10.16771945199294,9.713592166107542,-0.0014550068285107,15.23382272895,7.82303023987,631.71875,1.2010040523262555,0.6008359820835194,1.5609644716090143,0.1705683455728225,2754.246322896171,0.1911509132902352,11.185172934126092,2.9375459205272545,2024.4567212729132,1.2010031709613491,1.4424086166592165,combination
0.7762898660522657,0.6018165161627067,0.3192592496622555,0.0749716222393888,0.003934261325646,25.17238239247339,12.417092778486662,19.66796780936213,20.945475913096136,-0.0065866590201855,23.09107433612,15.26804409625,2745.546875,1.229598938223509,0.6065394946810909,1.5839430501347331,-0.8797276577620905,3125.3373095844067,0.1951808638598048,6.950972671137503,2.47200750356652,1974.8608281266588,1.2295812965409538,1.5118701648033328,combination
0.7284748770254249,0.5718947295035905,0.340171420959711,0.0826487927162538,0.0052415648415299,26.389576480839654,13.783815271203286,20.95891646750245,25.74574286185057,-0.0047644189016162,22.91708393632,15.26804409625,2113.828125,1.107679100150705,0.5785634380049818,1.520545368254402,-1.6618421606402043,3282.723452320752,0.2168697243153272,11.96845862212023,3.043032058289788,2012.7040594961047,1.107668853594433,1.2269302892232052,combination
0.6863654336220948,0.5043373837915008,0.3921052509368619,0.0957610612173489,0.0077075842060796,13.597621742520005,7.948805459580561,11.059654574970192,6.045861347122536,-0.0013547263047998,13.58098708729,7.59096460806,680.3125,0.9549818078527432,0.5582567857673905,1.3913605800529658,-0.2035998790294818,3349.206931670797,0.2392822547080921,31.055379838284477,4.475040130273406,2264.93666528379,0.9549808469526144,0.9119884180463328,combination
0.7664997441322803,0.5186130523116914,0.3813001812219762,0.0945641674814764,0.0055014974248501,41.44659288224248,17.745442925723186,31.70363675407338,70.89141395438703,-0.0029294710664794,38.95788925854,24.30082946006,1603.59375,1.3694123929042283,0.5863166974690344,1.7865790607072911,2.732392175531798,3398.538055824597,0.235690095677453,4.808339934035767,2.0646019377247917,2033.9258213836272,1.3694092595126397,1.8752817200389555,combination
0.7998978255083007,0.4871844669839557,0.4557332928899516,0.0541540822088702,0.0029178536523486,40.843071384271305,15.56936628099365,30.37991689078273,63.417969371540266,-0.0068615195769824,38.95788925854,24.30082946006,1652.1875,1.560810441573676,0.5949804614698557,1.9512622635045271,3.437308134021035,3294.3869149935326,0.1799682551689886,3.011577297272055,1.8278145356829671,1878.5277467743836,1.560795359448031,2.436082154074509,combination
0.8046064788896241,0.6727703873246599,0.2664007999815878,0.0574206476573947,0.0034075504271396,30.972175846207957,13.226129592520168,23.594319715979125,43.92544807035513,-0.0029985255543994,34.21938203775,18.98414250847,680.3125,1.435351315414767,0.6129418418239513,1.7839171732690813,1.1575107530531576,2808.0876017073,0.186224230341451,6.19461441810755,2.2236568791845976,1906.8667201761516,1.4353481833713384,2.060224407507401,combination
0.7806986215285352,0.6228468425386727,0.3274301916104681,0.0460998805045167,0.0036075739778794,24.6283900669027,12.592239975933838,19.51487950555212,26.032818140590265,0.0043496036437499,23.99024014016,15.23523952928,2138.125,1.2098911360010165,0.6186047682326645,1.5497544156439806,-1.2504551783699782,2962.809868972085,0.1796369503417628,5.434389166686255,2.254141250204748,1875.0175447119104,1.2098833174822985,1.4638176419219715,combination
0.7365140648385986,0.4858756590043824,0.4118460726162379,0.0965869959310139,0.0056584812121059,13.93769368173347,8.459045799718567,11.47556125818476,5.056954892887974,0.0023377747530615,13.33421212606,8.45191226857,680.3125,0.9991566978927098,0.6064068031317799,1.3566023319753808,-0.294692697183391,3309.476023864908,0.2236604084745132,58.308929946916784,6.177999021937726,2177.274519579212,0.9991539629872204,0.9983086417530678,combination
0.7781011469277588,0.4888663213441547,0.3341159870885793,0.1714086825497707,0.0055567255971969,21.36713455128092,11.127265603225403,17.06840524695055,20.75947102495989,-0.0045479144178076,21.73285796745,13.28094569888,704.609375,1.1935498057159992,0.621559510799441,1.5339262902112287,0.777628380652887,3569.321019380356,0.2501061481659775,23.510900777491152,3.7182552035668346,2241.3893902956675,1.1935411409746828,1.4245404551991478,combination
0.7337743912938672,0.637810415916351,0.2909701534338854,0.0680242144103134,0.0031830829444025,22.97987245899632,11.317075402539563,18.099494689998185,26.093948643496763,-0.0058246901655078,21.19865744983,13.28094569888,680.3125,1.1735316083428886,0.5779381814489002,1.599308482643549,1.4594876674403332,2903.2584688903034,0.180654469113642,7.212172846465066,2.5779177000893165,1939.7444553040411,1.173517153161522,1.377142508764323,combination
0.7712844074095557,0.5671606135206874,0.360335236089468,0.0684873967724759,0.0040065800963407,30.40086381442278,15.064254101440245,23.922198451682853,35.80567037439717,0.0003852515164306,29.18418277817,18.45081865674,2113.828125,1.2248079813640411,0.6069175787033578,1.5880108162405289,-1.594655849315458,3268.235737390889,0.211110754906117,6.051776806267002,2.2519771423421213,1850.4816985859,1.2248079207754683,1.5001544427943263,combination
0.8003138098325195,0.5278076350813903,0.3783061238766959,0.0892039317963799,0.0046710982307157,28.893709902421477,15.10761379977342,23.054479917822704,31.96461594429298,0.0003964291870117,27.78772997686,18.45081865674,2113.828125,1.221292713811411,0.6385756179822968,1.5260172932252525,-1.8305703505073592,3389.752068728647,0.2300560715629389,7.831694085573009,2.49608185191284,1943.1750397281487,1.221292649471346,1.49155573565274,combination
0.6915268526346632,0.5058914636149149,0.386177635286533,0.1029314015152335,0.0049938266982051,9.745654781631435,5.755213245594258,7.9419666054117695,4.128716336140217,-0.0035995597666552,10.81320462544,5.492083170370001,1603.59375,0.9542797001612948,0.5635417315131511,1.379960440473951,0.2257671329027393,3278.572849476993,0.2254123283156693,21.041877156583343,3.854061146754397,2217.510084107748,0.9542729113358592,0.9106367893094168,combination
0.7920127412264941,0.4526857570673164,0.3576642278339561,0.1826096532230247,0.0070198139386231,44.28784514444384,17.14414141809552,33.30102856514213,92.21540458659943,-0.0060498152975195,46.1868916481,26.374838919540004,2867.03125,1.538417018171674,0.5955322241016477,1.942414481602044,2.7391732934918083,3835.705828993454,0.279452619745957,5.727591046774807,2.01863375023827,2133.692765641167,1.5384051226952835,2.3666903215350907,combination
0.8505579612074121,0.4922594789709585,0.4541800240276152,0.0515221775243458,0.0020066758711827,41.560835853104464,15.649533185990895,31.008867264142143,72.76777422173636,-0.0005154186859765,46.1868916481,26.374838919540004,4422.03125,1.6853434927471291,0.634608000011383,1.9814563728904435,2.779846294839696,3233.2868313200765,0.1616290892757897,4.081908461837992,1.8281294244764617,1790.9936910086074,1.685343413933395,2.8403824228886707,combination
0.7939641475159472,0.4967090210469647,0.4496264289819112,0.0502580670464987,0.003377417675191,29.24717592522941,12.820620069767132,22.44637678057376,40.74959184276681,0.0019030958325292,34.60052099378,17.82161840541,2113.828125,1.3900746070337069,0.6093449313181922,1.750802742646243,0.0343248881162033,3350.160588042981,0.1858598061502395,3.78250383289152,1.8696257151373503,1855.8450670732425,1.3900733043067066,1.932303791346166,combination
0.8036703681361084,0.4989845311523753,0.429409158388322,0.0668267656164346,0.0047595863790137,28.471351432221155,13.86907652807381,22.17528368843849,28.89869810334123,-0.0027020419352587,27.36781810763,17.82161840541,2113.828125,1.2849895499051756,0.6259491562188788,1.5989012421664297,-1.5106387410921114,3467.03458739668,0.209172278349578,6.802450031258504,2.2990663835483627,1953.3054839104184,1.2849867090109863,1.651190842334886,combination
0.752770785029873,0.5001013506638614,0.3817728288627268,0.1121497234707427,0.005956822299547,15.268645258646778,8.934743398611696,12.44534125345768,6.1764962087701925,0.0010087452558593,14.94216629178,9.368489305330002,680.3125,1.0485459836245217,0.6135769838535307,1.3929153528227205,-0.3079907240932356,3381.376991113408,0.2313399895424782,30.247682082893625,4.45317361079187,2258.311184732373,1.048545498396767,1.0994476622081246,combination
0.7756679136935449,0.4840467286878603,0.4085609257802991,0.1008480577537776,0.0065331343807207,57.00247100289631,22.126520231229104,44.150623363157685,175.86101737823313,0.0076973502153222,56.22663152253,34.246221912370004,704.609375,1.5477454906820505,0.6007848661618537,1.9953712966056008,6.06433641479402,3525.838673501075,0.2582849228142113,17.383347998835756,3.1956994216484387,2171.4716608896333,1.5477263500781664,2.395456854726283,combination
0.8241113444177002,0.4029373076002544,0.5315723552852123,0.0628228315151725,0.0026594115948766,55.24376133350258,20.59913020523488,41.55533368681834,134.23497264170322,-0.0053580886512841,56.22663152253,34.246221912370004,5369.609375,1.662508153070802,0.6199111191149358,2.0173343861022754,4.888329750577288,3599.114540638455,0.1779692364124878,0.441427256925972,1.1955523315603005,1788.8475343883051,1.6624995187707254,2.7639046499128934,combination
0.8008627879240724,0.4864588015589111,0.4279048703928059,0.0794252301864926,0.0061968671396009,17.965100977604244,8.807554034928172,13.985964670731988,17.191818524280027,-0.0102356281860156,20.29112742615,11.20083865801,2867.03125,1.2717309043567335,0.6234776343296513,1.587951049209322,-1.284378654603474,3515.6055389338107,0.2310371307506631,8.795958760749066,2.456713801703569,1946.3749259992717,1.2716897125524107,1.6171947250116327,combination
0.7484540233003565,0.5920167283653693,0.3052957537725921,0.0969928118895944,0.0056673475879393,18.30445014224272,9.788345296709297,14.576671796701405,15.52052225334262,0.0038500317222412,17.10431706872,10.90996865257,2113.828125,1.114587636813117,0.5960282099592901,1.4891865126173958,-1.5560058465788869,3210.0612865077237,0.2325788903367455,13.184587783314882,3.077237835367157,2055.995141590574,1.114580987363586,1.242290777392386,combination
0.6864026631381006,0.5542058018744886,0.3424671691071811,0.0980676687126673,0.0052438508655655,9.855329255039576,6.033611758428831,8.126120605810904,2.892221643928729,0.0009336688165185,10.10328233894,5.57779082481,1603.59375,0.9244530553391908,0.5659669687806489,1.346808666377793,-0.0897388954260043,3074.898468345531,0.2241926220334567,16.69241785198665,3.499539629003585,2217.053995277969,0.9244525838508462,0.8546125797885058,combination
0.7198881690178613,0.561088787706048,0.3425142114568729,0.0911805575718296,0.0051999748448709,17.703990109272336,9.762473224694816,14.308450263702602,13.98113614729927,-0.0043194940311132,17.8630956644,10.30048406182,2867.03125,1.055110096052735,0.5818170931097164,1.4656583361999334,-0.6251325591259563,3293.5866927152647,0.2363029513637201,11.58348413436338,2.710381074636307,2055.2414243203552,1.0551012542707583,1.1132386567637274,combination
0.8061111707329297,0.5626772106561291,0.3865996389498152,0.0482099268427994,0.0025119608499083,32.144221216944715,13.688643598570463,24.47026470095312,45.567749465322485,0.0020663821020507,30.40675491434001,19.725753726230003,607.421875,1.4410305582278444,0.6136640733368162,1.787632538223773,2.6741193907934093,3014.4725839619164,0.1717804809038025,2.098683602983467,1.5334583964077046,1868.735227881051,1.441029076671065,2.076564799811462,combination
0.8389312280058643,0.4866580127744343,0.4436598953536385,0.0658042344557943,0.0038703751945956,31.185717059647555,12.82290271399552,23.512956804716914,43.09802707161552,6.457292885253454e-05,34.765671657080006,19.725753726230003,680.3125,1.5383220294341302,0.6325252579089786,1.833668813462475,1.5350777560184283,3309.791271324627,0.2115189150002942,3.916436695024495,1.7528606738323678,1960.3995443059912,1.5383220280788668,2.366434662072677,combination
0.7710825419763769,0.5645316678201338,0.3371669974596515,0.0918109376808098,0.0064776689702332,24.586332948021163,12.343869586064352,19.504938981371424,29.34341734144195,-0.0039761683815429,25.807988686690003,15.03991793085,2113.828125,1.21841192715041,0.6117186309420939,1.580131647161242,-1.6800981982986,3265.6766480733845,0.2391224180819226,11.079426920521774,2.780195357651755,2064.0158823616075,1.2184054392144583,1.4845118143073777,combination
0.7197304605542822,0.5313452974610187,0.3553933671213372,0.1064137720384861,0.0068393618541388,15.162003875135554,8.773434743272444,12.306483942056218,8.15711297428036,-0.0018572005508935,14.900028182340002,8.85735135542,680.3125,1.009564852831658,0.5841807869436924,1.4026985214078158,-0.4743331649777319,3181.3840229223515,0.2452815365299446,35.17183824700478,4.748472730381932,2287.8431210790186,1.0095631445725033,1.0192177428791214,combination
0.7286807770708448,0.5033621394118699,0.3719411988256962,0.1178187759195549,0.0068492441115776,15.470418075478126,8.18843492536262,12.21743772832429,11.106343114659945,0.0018714381689794,17.75996337311,8.90261201769,680.3125,1.0872177771255542,0.575460338192241,1.4920357601526948,-0.4396636556921974,3475.554277006689,0.2585461534869852,10.261546333041176,2.593368977624513,2239.463530597607,1.0872161664623143,1.182038992617011,combination
0.6963361293989161,0.499590735456926,0.4315047755690605,0.0639446769279284,0.0049356804062137,18.271812794572305,9.2806337538242,14.389826218193637,16.09692121326723,0.0044486041679003,17.38425018638,10.0201558915,388.75,1.0796844436804836,0.5483941853036344,1.5505219363132534,1.1465430144437314,3241.066246546505,0.2093298077471468,7.639845349205274,2.4631581396931512,2121.2886632071736,1.0796752788901822,1.1656987078465928,combination
0.7768648834330274,0.5872309741071774,0.3544485486833771,0.0537079527973449,0.0045574649624758,22.204286707571157,11.391748478990742,17.584081870663745,21.30533098902642,0.0003841530982031,23.68061160423,13.660455712730002,2867.03125,1.1991535573247012,0.6152170476195526,1.543580592838161,-0.4419236140835206,3079.374213833251,0.2037773549553953,5.235773707331521,2.2126246013309228,1946.3508528256075,1.1991534957922951,1.4379691064708822,combination
0.775429197305249,0.6171516553034196,0.3134961895363945,0.0652299932295739,0.004111905881917,21.936554430356505,11.996893603260435,17.616638321335405,18.9339231833344,-0.0016815965181591,19.630652796720003,13.660455712730002,1603.59375,1.1386660717752346,0.6227256771841172,1.4684333214847942,-1.4708961380157204,3044.03776641014,0.1938172291946927,8.704994919083342,2.599934455773305,1945.3420296787997,1.138664830073009,1.2965575952451938,combination
0.6747965230457617,0.5250714998793208,0.3744908506027115,0.0934791159230873,0.0069462578232506,14.70722714080021,8.626877981350617,11.967344390454654,6.480303534616025,-0.0011025753216015,12.40154676887,8.07552238477,1603.59375,0.9360886293080156,0.5490853107427167,1.3872161419606697,-0.5076741717074748,3236.7696907197637,0.2405006248881472,38.68631628558734,5.033558873388651,2201.3724852032374,0.9360879799716582,0.8762607062474195,combination
0.7714287818190088,0.4606133277407114,0.3902635191096555,0.143653429244365,0.0054683218431252,19.68453393413388,9.994862647547285,15.5571961375635,17.7194419960777,0.0006434899393994,22.581911610090003,12.00126886492,2867.03125,1.2007437508773655,0.6096801125735192,1.5565192525563325,-0.0298471170575493,3696.88234194972,0.2282042937984648,7.566047621560854,2.3155240506323063,2109.640793644417,1.2007435784511789,1.4417851411917424,combination
0.8091589146219385,0.5664000740193778,0.3446114654354785,0.0860783406654827,0.0029013895181429,22.41434188702669,10.506882214303388,17.52728013100664,25.30086186531826,0.0001865420032568,24.76299771225,14.18235496708,2867.03125,1.34981573770505,0.6327357295860948,1.6681713731544583,1.5636137543313646,3215.005940682323,0.1854413471391565,5.12282866162354,2.120296709983404,1948.8994642584487,1.3498157248151723,1.8220024909583097,combination
0.7724800438183251,0.6225770479668513,0.2957463101649002,0.07824589108557,0.0034251616527592,23.15419954398624,11.347442311537218,18.35950984180436,28.194052819447855,-0.0048186551620654,25.78681599368,14.18235496708,680.3125,1.2498283382027382,0.612517610040358,1.6179425581338094,1.1542611994408298,3002.740108729829,0.201767579489301,12.559422343505616,2.753554058389081,1982.4430051997983,1.2498190491175298,1.5620476555370466,combination
0.7583003801546924,0.6478949859734945,0.2715633715578143,0.0761874721874217,0.0043503894848836,18.97091416986844,10.567786989428926,15.303250967951124,12.42738053955527,0.0019494050259326,18.80567981558,11.6044610266,2113.828125,1.098097552326525,0.6116975135036667,1.4481036553120472,-0.7731617156219024,2949.122182828733,0.2067194972551514,12.05057862818223,2.967542511992656,1969.2633966373007,1.098095821978005,1.2058144342455503,combination
0.7024167912407275,0.5069791193389833,0.3977071563067266,0.0897450753835639,0.0055476249285515,9.476360664804556,5.599122676315691,7.716519781461804,3.5232285124358613,0.0054647184236962,10.81696608573,5.42021306444,680.3125,0.9680468490836112,0.5719720107921609,1.3781658712538505,0.2829806266222328,3219.1799027699253,0.2237549767450501,34.634761783098234,4.771895523665444,2207.133544128485,0.9680314245277668,0.9370848388732576,combination
0.7848872557588038,0.510439912988728,0.3624723011946669,0.1221354798339258,0.0049387751922639,23.668370049601837,11.836232918118643,18.524221597016187,19.35994079228233,-0.0009129299913623,23.82957030881,14.53942545435,2867.03125,1.2283828440122506,0.6142977071881042,1.5650436862103074,0.6164474200784019,3468.2321495358183,0.2157932838437497,11.073786888968971,2.8412292037761087,2143.5199970189788,1.228382504768957,1.5089235780224564,combination
0.8088058854196485,0.6533104207241932,0.2877615366466737,0.0557002568363708,0.0032201251412279,23.09656972449037,11.069699546433675,17.976409069780974,23.04677806716585,-0.0048006071682617,25.51439360386,14.53942545435,558.828125,1.3134435486132203,0.6295058369179892,1.623929266948572,0.6491228671452236,2904.5762334727165,0.177149002514467,4.925133609515525,2.23454185898716,1923.955922989857,1.3134347755273212,1.7251109095645043,combination
0.7727033840104444,0.5235846211626726,0.404611852470998,0.068097181475418,0.0037016654814151,23.057678487494872,11.31637483516203,18.24059841812404,27.62912947738408,-0.001494639186997,25.83704398611,14.09457212406,2186.71875,1.2455024095053486,0.6112745535811017,1.611876478450253,-0.8984677775182184,3345.0479610868074,0.1933339265473305,7.443474260123301,2.3978644109636704,1843.4586659460035,1.2455015126997355,1.5512740181373297,combination
0.8548816293415918,0.494867711868703,0.4427344423208373,0.0596969382746586,0.0026936181941119,20.878917213016333,10.439388233649892,16.487162245977004,20.02733939616556,0.0024320392788378,25.41994254345,14.09457212406,2113.828125,1.3501339167201525,0.675062407703459,1.5793226458264067,-0.9375611816308632,3465.068857038477,0.1720709390207714,8.897398680075575,2.612831302105753,1846.485833929537,1.3501317262634212,1.8228556782630452,combination
0.7734416139491358,0.5614249994355586,0.3497889675639136,0.0846293947638755,0.00415100840942,18.917001800182977,10.173865757853983,15.186178584286044,16.20963674104184,-0.0030513686990478,23.07099289334,11.74562247395,1603.59375,1.1544896260187685,0.6209029632717162,1.4926655163070806,-0.1241232446868052,3060.5352724980053,0.2014331822179317,29.633332894717988,4.801169370745964,2157.146345826628,1.1544855935584553,1.3328369857340183,combination
0.7217601659706689,0.5055042884612613,0.4127396183862361,0.0783866708716261,0.0033425288308276,34.14292210888032,15.449648980196102,26.484087786186876,62.09616842893371,0.0172066961598486,29.21384161822,19.115159596140003,2867.03125,1.2372552684298834,0.5598571655695601,1.7142193858342736,3.049293291964062,3408.021435343126,0.2027858095184508,17.409180977435927,3.337926268762536,1939.771984359112,1.2371356145810233,1.5305045288647663,combination
0.8145722518594873,0.5735002283889916,0.3872337153106677,0.0369798703804254,0.0022650656622307,31.34457219678475,12.942392514340924,23.466499813250877,40.59107796584128,0.0007691085009228,33.661814133920004,19.115159596140003,1652.1875,1.476941730438116,0.6098395433867427,1.8131500638115117,1.7455267610020175,3016.0799500790563,0.1604326996253902,1.972441203004581,1.5680479154705214,1767.506204799818,1.4769415301837954,2.181356283581651,combination
0.8122492585668799,0.544284970537369,0.3728083072601115,0.078153773180148,0.0047350780131468,23.41832599324784,10.511627257435364,17.909101651192508,25.03095034630358,-0.0173579416477392,25.27108138079,14.54665453778,680.3125,1.3838632384429796,0.6211654300983857,1.703742076520509,-0.8792121312522806,3213.1652674846628,0.2097056159347913,10.27071283064769,2.621789641757044,2064.306059483902,1.383754372920153,1.914776164575645,combination
0.7530287155305615,0.6087096465516658,0.3019365897448931,0.083875913489511,0.0054725906146786,21.95509083052083,11.210491027121632,17.417040558724494,23.752040980953428,0.0056193304636376,22.78776773588,13.11553168028,2113.828125,1.1699337387229058,0.5973799781346141,1.5536376164600916,-1.2717009748025945,3159.595584200712,0.2184041080954855,13.525344107525225,3.17152582143802,2033.732344857031,1.1699202434898273,1.368713376127297,combination
0.7424333192503321,0.5844080449666534,0.3245375374955798,0.0863306543232197,0.0047136800887485,11.276800979263864,6.797715668998645,9.271809548944784,4.161455157468523,-0.0041303041425781,13.58651039851,6.88370033888,680.3125,1.0126490536039177,0.610430240946698,1.3639596006095664,-0.0744496732091614,2956.842880847319,0.2035426299262186,32.071890910812265,4.698142977411174,2218.3154482476066,1.012640630407747,1.0254410463526,combination
0.7392865194620508,0.5265543956146125,0.3662463270586789,0.1008221679626698,0.0063720043686811,15.142410257926354,8.548267453886488,12.268204769876869,10.032634501967296,-0.0070841978261132,16.15061313866,9.06971840437,680.3125,1.061000776273844,0.5989613443224747,1.4351685690764275,-0.7752053317119576,3328.274130202102,0.2447963331169514,30.548031947859258,4.5132331622628445,2157.298922349285,1.0609771257641984,1.12567246139486,combination
0.7911224640367188,0.5437220294801961,0.4204100176880633,0.0331327255540833,0.0027270973781022,43.0634124748541,17.757167013803777,32.85675661387052,79.59778812685013,-0.000504940550039,42.96002813977,25.993718252620003,631.71875,1.463843766993543,0.6036149194585646,1.8503377587387035,2.950133656230367,3064.565729993556,0.1607931269125742,1.594520686994115,1.48266189082111,1751.3940328758251,1.4638436799060504,2.1428383192008877,combination
0.8528291436937501,0.5286890894760997,0.3711378686906996,0.0962696184461621,0.0038736674726843,40.498386664631646,16.39156759319526,30.479397244841717,62.72335003249181,-0.0027584006135839,42.96002813977,25.993718252620003,2818.4375,1.5857981919563904,0.6418457719779003,1.8594559105801955,2.0446842187802807,3396.961752451062,0.2048280496994829,6.650041897840447,2.359491965850032,1967.512637671228,1.5857957929185622,2.5147482968382118,combination
0.7810710371530469,0.5693266781037732,0.3264013415249528,0.0999755119130497,0.0042861007030775,23.31111423832845,11.95125512044959,18.4368245608476,21.24420450655653,-0.0027657293552539,23.81951739468,14.400469681550002,2113.828125,1.2049336690093413,0.6177512380713468,1.5426684791709164,-0.93031402466355,3328.7023094364067,0.2019994780003242,13.395902918402502,3.118653783025778,1984.0024960926887,1.2049304948641006,1.4518574974534464,combination
0.7220196850231935,0.5516151625866099,0.3668867799441377,0.0764513235123277,0.0050452692131647,8.390946163224921,5.024137701317839,6.84926733165335,2.4395676692558386,-0.0011747732503027,9.74049955298,4.945305841440001,1603.59375,0.9843093751476676,0.5893621226070832,1.3632722148234069,0.1713912979284366,3118.0165844953867,0.2122821066362001,22.08388744980533,3.92912384885506,2130.264187895346,0.9843086741014744,0.9688635659114022,combination
0.7749435094283643,0.4962442167937502,0.41940046095563,0.0788286165966965,0.0054605254411737,14.89269647721162,7.904293168444425,11.792280632908184,9.392206512533404,0.0005998925590185,16.44898777557,9.13835133783,2867.03125,1.156125050410857,0.6136129445606607,1.491883003528438,-0.4516993552373193,3400.315570396484,0.2392570060776535,16.270815497369043,3.3987780372434817,2024.72750785557,1.1561248947741,1.3366247723164233,combination
0.8181269732539942,0.5423571737088153,0.4099864403739748,0.0451324379424245,0.0024867591023907,40.55304701564798,16.70737764471819,30.694949393782743,63.04484313322837,-0.0036505007724218,41.296340959510005,25.11236604172,1652.1875,1.503070474357712,0.6192473288636001,1.837209288405984,2.890151521032512,3147.115632948944,0.1691701422187162,3.5455163903383884,1.86512851375829,1851.4408102774723,1.5030660413734416,2.2592075247300283,combination
0.8264617172024318,0.6488054397659846,0.2830399279198977,0.06537046357606,0.0027547653987137,40.18070561658168,16.10143288644577,30.385395377689385,64.901073951704,-0.0043183628687109,41.80304075206,25.11236604172,680.3125,1.559635482060709,0.6249856904294057,1.8871236859464784,1.8656218563601263,2891.9343233113027,0.1737039713392565,6.9426779593422445,2.242388983889226,1935.258160986018,1.559629503646579,2.432444188644874,combination
0.7497564110809767,0.6323943265087927,0.2918016985275802,0.0720067481530801,0.0037724037389794,28.016459390569565,14.11946577999332,22.261463141443333,40.750514394251866,-0.0022099416390917,25.28677343717,16.690674710339998,2113.828125,1.182103839508572,0.5957453251911673,1.576650525474333,-1.9954621697075785,3048.675868722564,0.1832432739701788,9.605016394973612,2.6768870935157505,1885.4578343240776,1.1821017737652115,1.3973646035388594,combination
0.6714278512104883,0.5052165234304082,0.3896417825582598,0.0987509819819801,0.0063343962755787,13.04114032507028,7.929752208664572,10.727662535541668,4.60025488897063,-0.0080313379660546,11.62361947502,7.20285140475,680.3125,0.9083324693147016,0.5523176060687915,1.352837043737623,-0.2196400735909023,3248.6408972065137,0.2417548693611167,59.55661441348335,6.248926215909389,2216.271920775612,0.9082969626844616,0.8250033724218183,combination
0.7503994207476075,0.5058476183612574,0.3630899970761334,0.1251001192269982,0.0059338015746078,13.80681793423865,7.493816302425427,11.031086191821789,8.84059911802144,-0.006138819918125,15.22475742676,8.27772068856,680.3125,1.1046068324200655,0.5995386285229856,1.4720251667033122,-0.5606991005768558,3436.4971820159126,0.2511466695929052,30.55780625234808,4.372652238719341,2162.7447927538747,1.1045897741329602,1.220118569119104,combination
0.7567905212382569,0.6175628520517712,0.3092537812090524,0.0695705197670518,0.0036091905906074,19.88785718708085,10.08210519256938,15.722947815494509,16.945662181934694,-0.0006016995865869,20.17669856125,11.89897787269,874.6875,1.1802076694716177,0.598303666441228,1.5594905543221758,0.989869041923549,2811.43264094236,0.1788350401607911,18.22552272808499,3.652607463240183,2073.1417373701765,1.1802075160908077,1.3928897810372338,combination
0.7799940455035548,0.5969983467899233,0.3256273660809847,0.0742196587355505,0.003149543064067,22.771265545649307,10.882423823065654,17.71348528840408,24.677077712350314,-0.0050702107966308,25.71539092276,13.81641305007,680.3125,1.2696080647755752,0.60674770237835,1.6277150730758867,-0.1955235813808407,3103.1454295307085,0.1838322829781002,5.354757883974541,2.1466549322371797,1937.648155472972,1.2695979407299225,1.6118789311056592,combination
0.7872824403773828,0.6451988900253322,0.2796241960720678,0.0700157227349612,0.0051173963027837,22.33855355928266,11.421238263505776,17.54949982556085,20.01193736433185,-0.0044168752069824,21.02580707122,13.81641305007,2113.828125,1.2097123561652254,0.6185007911726974,1.5365671760510131,-1.28407039673483,3011.3692570994504,0.1991337286416183,13.760598075738653,3.2604330323869326,1846.4743002757932,1.2097042927394392,1.463384475872227,combination
0.6849710766156543,0.5683508947128965,0.3229473022031476,0.1021571102785602,0.0065157299454731,9.1157403998782,5.562172070716666,7.498287453357589,2.4700475935959503,-0.004603189561621,9.14118370739,5.1361100297,1676.484375,0.9234000610553263,0.5634331172669886,1.348086207694661,0.406323812441572,3150.365224102089,0.2291204479090219,15.677748460018597,3.4584930405418484,2214.4614857147094,0.9233885874337197,0.8526464834028402,combination
0.7550180278984424,0.548769240147322,0.2829045299399325,0.1618061303681378,0.006493900950589,31.298187171862818,14.742802328954587,24.457984599586137,41.96588155400295,-0.0040022952562939,29.928208158450005,18.46621929875,704.609375,1.25255829161344,0.5900092295234018,1.6589779916909768,1.610141663718324,3408.785092665004,0.2588199771009313,24.18876108685738,3.992660505192607,2311.448671557815,1.252551897336897,1.568886255522261,combination
0.8172657996628857,0.5463078900245354,0.3930382875903235,0.0583477367797246,0.0022926324303646,29.861699032141505,12.597548623170288,22.63854216847417,44.49428557803455,-0.0047482194653173,29.963695128220003,18.501706268520003,1652.1875,1.4686751225941197,0.6195798252673358,1.7970593204804777,3.00400388171905,3207.6144767083333,0.1744878945976478,3.960435139961362,1.8810625524231968,1878.5837898816687,1.4686674470889456,2.156984070138761,combination
0.7849403799772998,0.6211680548248173,0.3239440279934346,0.0518130339548394,0.0030586457047977,30.493704083423864,13.41235634955559,23.570842755032,49.87071733218037,-0.0055866489449072,34.96174920539001,18.501706268520003,680.3125,1.3794523338274594,0.6067385653741352,1.757397592244334,1.333232261501164,2849.1135168279566,0.180503299375586,6.898677185410177,2.1389238176726173,1901.3287695913823,1.3794410210862915,1.9028575306555904,combination
0.7915320615878418,0.5690499482875001,0.3710330696944068,0.0560838197492011,0.0037912516358642,26.187910625608165,13.214262470427958,20.79516893333488,32.68532998265293,-0.004685544137998,26.05962855118,16.46004293687,2113.828125,1.245627061949597,0.6285359367606191,1.5736912279343735,-1.4416818949821832,3155.0270394174204,0.185307696424378,8.280658747459677,2.4715023989663174,1924.2276499639263,1.245618249359456,1.551564823137316,combination
0.7417504966921435,0.5406659125123987,0.3774716814087131,0.0765081753611611,0.0053435210168089,12.700548710554688,7.480439001004397,10.39581329526284,5.347065876485804,-0.0082890316450244,13.98119548868,7.71109967528,680.3125,1.0308351788236805,0.6071469706558232,1.3897330482698935,0.1643632604481013,3170.39733961001,0.2119424224433152,22.65157057895103,4.008077655012725,2163.0919042730634,1.0308018518875666,1.0625524578548369,combination
0.6904051312593896,0.5029689103596185,0.3690087767383191,0.121947864442704,0.0060602012801514,16.417062039794452,9.762225302067638,13.518974404121744,7.966864955445393,-0.0103515157741357,14.558149849110002,9.33356929797,680.3125,0.9560903389510128,0.5685286000226909,1.3848250768457917,-0.6041701355683389,3479.961560191052,0.2465976036123964,24.35303016582241,3.882042901478607,2175.6482014002427,0.9560342997804212,0.9140015823566404,combination
0.7651046488165429,0.6663490157206889,0.2729773042537671,0.0560860992542585,0.0045478823260918,17.081953571202998,8.933748249230412,13.611950549678609,14.44745242004295,-0.0073899391164941,19.74813594299,10.41456664502,631.71875,1.1657555546091365,0.6096824114179202,1.5236550404082847,0.5456467779490518,2732.784396525487,0.1902567599453729,7.518860066865928,2.594302237772496,1933.5331539548813,1.1657321312814146,1.3589314019019094,combination
0.8545049178584279,0.5680528896009218,0.3529334063020167,0.0743568549391755,0.004600587058446,29.04260175408688,13.778672088514208,22.56638737796565,31.519330280063592,-0.0068542563236621,30.64885395978,19.28308899277,2867.03125,1.3994881995082988,0.6639587305588585,1.6377766473430202,-1.0439955329305108,3174.51312178338,0.2171454122162459,6.865978355485671,2.407818205003091,1968.522950627612,1.3994714144037488,1.9585202397332293,combination
0.8050819790721632,0.5699260079865772,0.331253094824294,0.0941269029801854,0.0046721142442555,30.585575388730607,15.001929121309152,23.95170863840882,38.16800755621557,-0.011734326090083,30.64885395978,19.28308899277,2113.828125,1.2853739566986602,0.6304635027358335,1.5965752434056737,-2.070432335433129,3299.746904341675,0.2166583304218905,23.33205610731318,3.974486411181438,1974.5597645719076,1.2853203935791186,1.652048514150381,combination
0.7544442986249951,0.5487097396876927,0.3667923290632236,0.0808525612150619,0.0036317323134618,11.7047284255017,6.659243310194493,9.445468446547434,5.121669581582911,-0.0041341352110302,13.15463135497,7.12607981734,1603.59375,1.0701035366031508,0.6088206029465869,1.4183996599264617,0.0437459460367811,3109.0848825536577,0.1864783217572383,15.926264337640191,3.3490159314081414,2135.2840793834284,1.0700955508629255,1.145104487976628,combination
0.7651329218846191,0.4375713245155733,0.4205886992942834,0.1363822097605042,0.0054518797227473,27.150492330113646,13.938512884644751,21.539254355095203,26.23254866638995,-0.0030475673980273,24.67920920297,16.48039261993,2867.03125,1.1823637683820265,0.607001612329916,1.5453050503561068,-1.048588585542109,3710.8070757309256,0.2502013781220948,6.671916357746834,2.1684074594835674,2130.0983000009915,1.182359840791077,1.3979747931155009,combination
0.8405966673032372,0.4992225266129493,0.4282379003629156,0.0703471195380316,0.0021900717302065,40.60477735117981,16.330275729869157,30.47056712232978,64.09476282043757,-0.0098605734310595,42.0938497938,25.613457173870003,850.390625,1.568464464260165,0.6307991040646792,1.86589422165096,2.708574681623098,3246.8764101788665,0.1799510576580181,2.5164937273753374,1.499485108046036,1860.383639122119,1.5684334683812815,2.459983544738537,combination
0.9175957397340868,0.5896269808834373,0.3463503399982995,0.060668313206848,0.0033434221498196,36.90423497092314,15.322037829820976,27.913661828129904,55.9896643728083,-0.0067861335563525,43.829242478,25.613457173870003,680.3125,1.6716743202408133,0.6940519751744171,1.8217982580490768,1.6499054669789668,2960.827704909212,0.1894548212879215,8.41745199260802,2.40860980367824,1968.4149150740031,1.671660546087016,2.7944489813439404,combination
0.8357642776140919,0.6038591993040987,0.3189487096834266,0.0732968246523234,0.0038766747544025,27.459827148226108,13.960711475829882,21.79536239109397,35.41370692693359,-0.0057393945668847,26.96274480298,18.21578530413,2113.828125,1.3047891818169086,0.6633612515403882,1.5611928108985125,-2.026515776059441,3109.880261298916,0.1847577128614097,7.312310877598753,2.5362592601835496,1941.121543243049,1.3047765587779556,1.7024418683364435,combination
0.7632872072656982,0.5355458214303045,0.3487987920984771,0.1102916995656253,0.0053490189257353,12.612559785375897,7.320031484904186,10.2081636801725,5.133237141443868,-0.0100748274970361,14.29138489065,7.79176074675,1603.59375,1.0644436110443845,0.6177779038783585,1.3945518815355364,-0.0342390761323926,3245.3361787677395,0.2196218336159582,26.40626043182307,4.175684845381026,2212.093062917119,1.064395931476682,1.1329386989441137,combination
0.7431818587951026,0.4770342396469379,0.3607814036664923,0.1557689247603502,0.0063907651881406,16.72432034785508,9.260415820376815,13.393305359548954,9.074024637945838,-0.0105710863034033,16.45328571642,9.95366157252,680.3125,1.0748611904249217,0.595160901339502,1.4462963239812667,-0.7373198457090439,3526.711526813316,0.2639818866248187,28.851119241489982,3.9723342982962944,2246.5339829251825,1.0748092067041692,1.1552148308160457,combination
0.7508296019824512,0.4532205691152084,0.4559636969379378,0.0872394891349688,0.003558326574277,47.99416937109227,19.487213015053328,37.12911255166731,125.87775142737932,-0.0077023244976171,45.30598447221,27.87763679913,5321.015625,1.4305604797153553,0.5808546572309509,1.9053064449485984,4.255894110570214,3537.278108841859,0.1971750859386367,3.0209698368171445,1.7526996600411666,1957.907873446784,1.4305397444044543,2.0464439603207616,combination
0.8559656015307959,0.4970672912388166,0.4374552897860401,0.0612387776837057,0.0042359607981176,43.14586873236779,17.10306356602807,32.56864148427701,79.83679565924018,-0.0061339172221337,45.30598447221,27.87763679913,2867.03125,1.6299791374513477,0.6461252865727178,1.9042577581813076,2.6255440773087706,3443.6513794317298,0.198498600123784,5.279348456254443,2.131037585438098,1874.9873698780789,1.6299675958699766,2.6567943635861515,combination
0.7987352685018115,0.6474619567702317,0.2821135349948607,0.0641288724800804,0.0062770558201029,18.91422526947632,9.316377910454316,14.768863989111864,19.39292859962545,-0.0082030752094189,22.8730315667,11.79641254381,2113.828125,1.2662015922059933,0.6236793934587948,1.5852581476476038,-0.8984149819885094,2972.415678944936,0.2303572302353142,11.052997658488495,2.966809253546712,1866.8835002641836,1.266175020154047,1.603199181662101,combination
0.6945644815119043,0.5313432431280184,0.3682022609055596,0.0953231661857957,0.0051010894713636,11.143453656555328,6.390624598056784,8.974784242912891,4.313961775109077,-0.0068936564961816,11.39552988784,6.2335663643600006,1603.59375,0.9754236489271266,0.5593926763174537,1.4043673048236756,-0.0235891504810562,3220.7462162936927,0.2284088929643963,20.685353290939187,3.6120065223210336,2106.568323380268,0.975399288694852,0.951403772386423,combination
0.75859225514542,0.4258917156918264,0.3778893433473728,0.1918961062814087,0.0043177993487234,24.974755483747817,12.361898331827184,19.555173548319825,29.48832759047645,-0.0090412933402441,27.71965181307,14.83440320178,2867.03125,1.2000101281845246,0.593975913455225,1.5818908248074404,-0.9367894388151,3873.15775686865,0.2341610755878594,5.002617142558291,2.0533728520016843,2073.028670540639,1.199976067578089,1.4399425627601743,combination
0.8268633863880225,0.5175391178271977,0.3739921704732645,0.1059750714354887,0.0024857328772777,40.17990385176204,16.163042520717994,30.51076400920858,67.9875316681607,-0.0123552211327294,40.06263685172,25.22823364994,1652.1875,1.5608592019480323,0.6278818820228125,1.887686923430381,3.2897145037231743,3378.953688040944,0.1874884610402876,2.0519092078108736,1.5080289727478529,1909.9992925177596,1.560810301355232,2.4361287968166105,combination
0.8370303758225586,0.594793170346124,0.3473267926957604,0.0549054762325333,0.0029515547483998,39.64811311237981,15.867735446341651,30.14016501509632,65.39767918428669,-0.0082393230109277,42.88018398188,25.22823364994,680.3125,1.5899076295575898,0.636303512816167,1.899462284143716,2.5851841418040253,2999.145319597249,0.1757922498276902,5.595017503277603,2.0840387749906144,1895.4754044591343,1.589886280235714,2.527738384081756,combination
0.8053725050837306,0.5456385214014243,0.3741619203398329,0.0740038544096665,0.0061835870796438,27.99304176935245,13.683132740712082,21.917746409911043,28.18302531979678,-0.0089965528904882,26.16743675826,17.65195033194,2113.828125,1.29005182266626,0.630583502764099,1.6018076287967389,-1.666312542512238,3361.3072935935297,0.2392827855669471,7.1027792043182725,2.381073133051646,1923.1252525890784,1.2900204522412149,1.6641527672006284,combination
0.7302230034141896,0.4492994848342282,0.4128370097064396,0.1317170016039563,0.0061399990823139,12.038918975592775,6.859749647337326,9.69260904134435,5.012223556037441,-0.0107335777825,13.93735039564,7.07776608509,680.3125,1.0317819816991862,0.5879071118793291,1.4129683355290703,0.1511793782117561,3605.6156466720936,0.230878715999914,17.115319389771578,3.3324785672171293,2260.1609568791864,1.031726149744731,1.064458848067087,combination
0.7366005350100293,0.5073729410253389,0.3677270612076521,0.1189576138714792,0.0059288935465958,14.895305719874049,7.946304499885411,11.806832698514924,9.889481545799503,-0.0019861024601269,16.98345653347,8.696919282500001,680.3125,1.0944608632384292,0.5838698074451836,1.4858268643852226,-0.5003971516900754,3449.481984222773,0.235004898123476,22.97696661180928,4.027372122512768,2073.941413335369,1.094459061161095,1.1978406365576253,combination
0.7620404817402393,0.5750575168406458,0.3453857473502569,0.0759009814492177,0.0036447876756729,23.519944916744453,11.149647533552232,18.182206423861643,20.601903188795895,-0.0080374789872021,23.90471416543,13.85557734234,388.75,1.2426919596018535,0.5890990557752479,1.6307427090539484,0.7736191320004117,3181.857457756634,0.1846074361326654,4.562333417968393,2.090504092546579,2042.6246625571569,1.2426659669398796,1.5442187053906258,combination
0.7499347811381055,0.5784255166987305,0.3564373793662121,0.0614079970283343,0.0037237108843337,24.11358142298531,11.324975850676596,18.72837992921881,28.165830056459328,-0.0146692132685156,27.90064084563,14.04506350329,680.3125,1.2401848523545325,0.5824544789477893,1.6537236084348834,0.1459525259733249,3119.5558698645173,0.1963622061625024,5.997772880992489,2.2520434590192795,1932.5521365770735,1.2400980937779542,1.5378432821917158,combination
0.7749889041893654,0.6199584712090036,0.3131407763888718,0.0617239648105996,0.0051745688175956,22.880297384361267,11.902723353601155,18.122922053937103,19.50360020534906,-0.0105403335697753,20.81718319345,14.04506350329,2065.234375,1.179987393308665,0.6138496920450794,1.5225861775955698,-1.5955499305127347,3066.2838997388417,0.219038853758291,14.01126311082404,3.1555483125589063,1861.0822492421828,1.1799403161751938,1.3922591497356165,combination
0.7418852781066407,0.5579343415466169,0.3536489630906745,0.0836590775522187,0.0047393598336021,16.821955043669018,9.732619194674047,13.64654515168142,7.359594032678556,-0.0072007789953906,15.22203844574,10.12417094505,1603.59375,1.0402308713147042,0.6018427060807213,1.4021451860717182,-0.6288729234008539,3111.007057324864,0.2025205953563218,25.76769167281662,4.266238623509907,2139.3241367165697,1.0402059480785564,1.0820284144180083,combination
0.70630650500521,0.444801009594063,0.4054102718049002,0.1444482217159281,0.0052842351173049,23.558872096297065,12.359653628301247,18.775493526414827,20.840747321863667,-0.0077772461463134,21.60039604009,13.26125321239,680.3125,1.0729469944064016,0.5628984765562854,1.5190954448288525,-0.9364151706535504,3658.9149501592647,0.2309190343874716,7.538855980264952,2.3144266674756078,2149.3532114074515,1.0729188073885696,1.1511547672481104,combination
0.8137352983684961,0.6417159599432439,0.2604944269172963,0.094487452559493,0.0032867009171059,27.009370612547052,11.659275874887438,20.569944286796883,33.55264414528252,-0.0088346835507128,29.99974296403001,16.738489751640003,1992.34375,1.4356371640277017,0.6197289819061622,1.7642557314474274,2.02771307226874,2988.627515635466,0.1914196067758994,5.274198435503349,2.1674298542310484,1950.1731713315712,1.435609980149226,2.0609760151040613,combination
0.8211097717436475,0.6170063858184385,0.3136050758110261,0.0665023071112465,0.0028638014686804,26.416992617611715,11.880257944223937,20.385203449832773,34.70716363815278,-0.0062425564406494,29.41269301488001,16.738489751640003,680.3125,1.408933192378882,0.6336258632438261,1.7158889601167169,2.140256854772002,2892.6089617643283,0.1857994070890686,7.813662501155747,2.3329306654824027,1964.8859159147548,1.4089193628721384,1.9850537710760323,combination
0.7099581086657325,0.6113117521802965,0.2933540365576311,0.0892754064807781,0.0060137094115758,22.38744352939999,11.86004257972387,17.85204381573922,20.15339575653265,-0.0040461158924121,20.74032016049,12.67420326324,2113.828125,1.0686473659806277,0.5661299936545137,1.5052259463435125,-0.9435767707234434,3159.9099420458606,0.2233570442206267,17.592124105262698,3.372508896003948,2066.922560894654,1.0686397062450552,1.141990821763518,combination
0.7409704589679639,0.5002874088547764,0.3627432844435317,0.130356097894389,0.0065947723149494,13.890520779449089,7.7988953374900705,11.148478899760237,6.643097111610368,-0.0089542206259521,16.3268104244,8.260693527150002,680.3125,1.0592132820965068,0.5947000590051044,1.4294946165219553,-0.0958244387576162,3400.8304308614306,0.2392941433475687,12.85977834274682,3.0365774370398158,2308.2309029914068,1.0591754334871233,1.1218525989026356,combination
0.7666760233327099,0.4895702351170991,0.3747422256378884,0.1311069349329852,0.0045742683484051,18.7087077816287,9.95130396749911,14.844917661016966,10.965137806901804,-0.0139510948173876,18.58792967192,11.38124243905,680.3125,1.1436935778688964,0.6083393130030063,1.4917560260947071,-0.8701365704094117,3478.1904314645944,0.2296703335345973,27.950154749153768,4.079591581763536,2169.1065404804635,1.143608485020968,1.3078403670119538,combination
0.7789653914118067,0.6048679661649587,0.300050348311824,0.0906798804724153,0.0043946003606654,22.8459246307656,10.432897914546093,17.589322263274468,25.932542058638184,-0.0130016536549804,25.08271574053,13.70147330148,2867.03125,1.3132950608456246,0.5997338047342076,1.6859478936097434,0.7836366912531173,3142.1093510126007,0.2016654496620548,8.13975440777935,2.4907521024980324,2027.184191052504,1.313230700921871,1.7245748738437492,combination
0.819995732005498,0.5108612330411068,0.3951475502310587,0.0892560799221305,0.0047041903724457,24.81518267840929,10.935409060959056,18.776258627473894,26.7769508430788,-0.0052934784409082,29.09792523904,15.396451937560002,2867.03125,1.4079447647301548,0.6204448356108959,1.7170147474873865,0.2560087747166715,3402.033973833219,0.2210170091263766,3.4662862117413527,1.7154552998542103,1971.4999095135245,1.4079348136959489,1.9822804396170464,combination
0.8131615714802929,0.5163435231504081,0.3804500363562501,0.0983593298356354,0.0048097229321657,24.760145123555183,11.383827567722118,18.93406240229976,24.00668112097252,-0.00394069751,27.568614246320003,15.396451937560002,2113.828125,1.3524846406858215,0.6218239780393219,1.66324219948532,-0.926868390236978,3546.262440987091,0.2074762759127326,13.756520793050584,3.195580363721972,1940.7503863153909,1.352478899722355,1.8291991741941915,combination
0.7772823837419922,0.540102802065035,0.3689224733975872,0.0860298773589359,0.0049142983190797,20.51619563593126,10.657092563388122,16.273954436626994,18.8718878196713,-0.0110007762023925,24.82162040617,12.64945809741,1603.59375,1.1869520717936284,0.6165596352208806,1.5270538695080218,-0.0335592888023797,3244.481660252875,0.220605739655729,33.866497269757154,4.469869065762013,2116.729198219609,1.1869010926181387,1.4087342036581316,combination
0.7673675517009033,0.4433723550247447,0.4616652456718322,0.090708734571884,0.0042512616301241,17.326429849641517,9.401298752829389,13.84051610287485,10.697206897945618,-0.0073509229438427,17.05276006763,10.62076295614,680.3125,1.129712312667822,0.6129804609666741,1.4721919244093211,-0.7872870319131839,3530.9462861302814,0.2132207103110003,13.297927027765375,2.9689524312290407,2021.2665983043032,1.129688396561261,1.2761958733251526,combination
0.8126707833363623,0.5503176772804272,0.3919821708022013,0.0552195940934422,0.0024769083641538,28.88971006864009,12.544305788258784,22.021684265106327,34.35195952943223,-0.007375350098247,28.642361798050004,17.896379402110004,1652.1875,1.4266536310730444,0.6194724474419909,1.7555123923811051,1.5046191770609525,3161.459935967276,0.161458932506963,3.7931832481315553,1.8607947477271376,1852.3001794208644,1.4266345668267086,2.035286187264831,combination
0.8641920242577295,0.58125823064165,0.3575057202698095,0.0583407194441072,0.0028888340430486,27.488677419516115,11.762639997333332,20.70879954889833,29.52285593902546,-0.0112650306232959,30.41035177264001,17.896379402110004,1652.1875,1.52145941779798,0.6510454878925577,1.760557115884967,1.4182649322394518,3084.0873479492443,0.1679970218847832,4.356080631074847,1.9421090467937805,1931.166281529565,1.5214177135458968,2.314711859091225,combination
0.791291877645918,0.6745380570626339,0.2700751751416925,0.0512896896605283,0.0040885863605841,20.102174058425632,10.306498573451886,15.814609910768816,15.969627187134993,-0.0080765368342578,22.46029512496,12.51397237053,2113.828125,1.2141827101945428,0.6225183571766403,1.5344309028000125,-0.2195287909434393,2954.9231380028414,0.1841328733657466,15.271711107403815,3.3132289922518203,1793.5334178896856,1.214155848022868,1.4741744232881298,combination
0.7025188196849268,0.5280760342882994,0.3728195684777382,0.0931674789213211,0.0059032571090364,11.489548120385182,6.808548271998473,9.36091497097455,3.749979670944107,-0.0034826690160888,11.58278598876,6.576218936580001,1652.1875,0.9658768174745896,0.5723653243518106,1.3748767867995,0.2683999717642187,3239.621592348492,0.2274496211908792,22.13399724852374,4.035584552617895,2208.274427794885,0.9658705387117706,0.932905897551366,combination
0.7312716564110157,0.5209014352535141,0.3644074139666166,0.1061770390910117,0.0084434779871385,12.310920741836926,6.884533281062465,9.911394492891793,7.061477044915048,-0.0084793437657324,13.69772038005,7.24792186816,680.3125,1.0527833292776898,0.5887392194418863,1.4396610617244634,-0.3915627626895028,3334.101476393901,0.271119669281763,41.280885250788685,4.856377893920471,2214.0128212506447,1.0527491814930654,1.108280839134319,combination
0.7716911336827637,0.6089716066324486,0.332381600431489,0.0549384990271945,0.0037033389907888,37.84575888841718,16.95244229338305,29.49742093255364,78.01949444623301,-0.0133127649900293,36.05456010611,22.76289820016,2138.125,1.3427503722602208,0.6014649690939785,1.7400101072201968,3.636247304026944,2970.362632861212,0.1903026486726564,4.286510066092623,1.957095135528292,1863.4348539813705,1.3426843756048112,1.802801332493282,combination
0.8238404810547217,0.5919950201517792,0.3653376666306372,0.0397778718602577,0.002881852525364,36.18987731949699,15.228627629398638,27.63022541817537,56.96145152201986,-0.0112515281163037,36.05456010611,22.76289820016,2867.03125,1.4947438964372974,0.6289852269793874,1.8143608268965512,2.3602113386037717,3009.73788723174,0.1702465562423175,3.0611172752078293,1.7989975993205938,1771.136219983088,1.4947015484877246,2.234132719051602,combination
0.8025186704811622,0.6169913153104367,0.3323737225616887,0.046914834114218,0.0037120712096455,18.0739759590121,9.061430590281754,14.210124789698195,16.350347355999503,-0.0048980716929394,20.87258700401,11.4038904536,2113.828125,1.2585088347783076,0.6309563805695868,1.568198823366626,-0.6477946870519838,3048.061164830629,0.1785414452327191,10.781713921526112,2.825463274285828,1804.787860929141,1.258499303181668,1.583820496108744,combination
0.7336779443200927,0.5735793957119054,0.3400488027937401,0.0814119204922986,0.004935611190913,10.157753731711113,6.088771319401057,8.273070142274648,2.687495716929428,-0.0059429531946728,10.11179287146,6.069769095200001,1603.59375,0.9968791364949924,0.5975503300745533,1.358742135036935,0.2811562388951461,3102.0640100706887,0.2064007457106496,16.39303143136824,3.476376006477226,2148.16912861117,0.9968614217063108,0.9937326940863274,combination
0.7665580902075293,0.4946272879733303,0.421296873481868,0.0791654126126426,0.0048769552338067,17.67984967938428,9.778544747426858,14.177709371989945,10.367368625478116,-0.0084253694586816,17.10415246673,10.86803781971,680.3125,1.111416688313446,0.6147132479515794,1.449879275310438,-0.566379567024516,3379.72626209022,0.224171314855338,8.241403188797365,2.5181849165112027,1971.51707863612,1.1113847525547182,1.2351760682111124,combination
0.8181506437818798,0.5474556869842396,0.407989528446062,0.0420950335746226,0.0024475055045372,39.11807939106782,16.132329470783453,29.67803275751425,66.5368289334985,-0.0074273776152685,38.94248982792,24.28110160674,2138.125,1.5051206120426952,0.6207130305145891,1.8396619540446912,3.2318948070097906,3127.801447161758,0.1689451253169363,1.5884637336592773,1.4524700034723956,1715.7837419735872,1.5051022858455627,2.265332890857538,combination
0.778671483305498,0.5715152347908748,0.3793606917026397,0.0469118787460364,0.0022086141273434,41.45279477137518,16.307317184166294,31.18272869537428,72.61078809424102,-0.0064269031680566,38.94248982792,24.28110160674,680.3125,1.4889697264437776,0.5857530654002387,1.9121924436259428,3.197877957880919,2979.0179615733523,0.1576410941031704,3.7426898970379296,1.7498501659847454,1816.531029501429,1.4889558560218386,2.216989541181726,combination
0.7838918381682325,0.6040538739860276,0.3458508498329203,0.0462547331059234,0.003826877905643,22.02749069152881,11.128842617916032,17.360979807496502,20.89976977414622,-0.0045329800973535,21.87320859759,13.6091303737,2113.828125,1.2228702337645625,0.6178248155580295,1.5599986812238245,-1.0699680869648582,3042.9740944901387,0.1840732165124091,12.141628266839756,2.826452287067319,1857.6376114394147,1.222861832227514,1.4953910607188323,combination
0.8361251357471435,0.6917443797124727,0.2304073939667622,0.0736359951288659,0.0041709160220653,15.992839927584376,9.099898596936828,12.915373481793925,9.214329310243162,-0.0110897718927685,18.51901630544,10.79886840569,850.390625,1.1867020594410882,0.6752314444831129,1.4192876265831629,-0.3184766863477687,2488.041992015824,0.1739275693954951,54.51101398766708,6.0223272232614224,2120.0227715597352,1.1866502411583149,1.4081387948410866,combination
0.7500073576661914,0.5763270135062949,0.3152516087464143,0.1036006946750525,0.0047839675328904,12.751285369586483,7.362674898846089,10.300345216970983,4.783194253124595,-0.0128992298761914,12.76280546233,7.72533469923,850.390625,1.0492565277384105,0.6058475263722004,1.3989949792004668,-0.294878765542223,3037.153218065368,0.212310312972846,43.658247595796205,5.504529573902852,2263.6400830924954,1.0491772352039797,1.1007728708702669,combination
0.7692495731994337,0.6806332123612632,0.2520230406158772,0.063293358300949,0.0040416661174316,28.26736423714996,13.641290340114692,22.040401555769733,30.388478379950957,-0.0051426290043261,24.67990418915,16.95456948992,874.6875,1.242886051626803,0.5997930810838639,1.615712370768616,1.846273740851624,2600.6018430531944,0.1958044313390493,9.428317989669312,2.73512343765671,2011.722983559472,1.2428754123786454,1.5447392906953876,combination
0.851780839528877,0.6014516659295696,0.3462403410533077,0.0489927784113298,0.0033066286828135,25.48666544127628,12.365712714195151,19.904849584662685,24.935922583432674,-0.0052979971370312,29.12795595766,16.95456948992,680.3125,1.371095211556799,0.665232944222733,1.6096807393732366,1.0563914332958386,2889.120306606608,0.178665699944186,5.219762341487416,2.0772800083060696,1937.5882404832196,1.3710849756234365,1.8798740103803195,combination
0.7891336429469482,0.5744821457547378,0.3744667020180317,0.0467733589207158,0.0042659893961126,19.4297396071802,10.089236611637446,15.42626724451842,15.077339943620796,-0.0108326586787158,21.18452606417,12.17338646774,2113.828125,1.2065716105516435,0.6265336908190661,1.528982601788223,-0.7963242841398281,3173.941388113921,0.182542634320226,18.07235251011925,3.47662225582323,1870.5007732306356,1.206522981503103,1.4556977048951372,combination
0.7313823793304981,0.5478444564136598,0.3638876841902651,0.0829544198417995,0.005282873962783,15.513518540553616,8.836174947004807,12.583175827621744,9.978593073738194,-0.0076547263744238,18.21425267277,9.20311307634,1603.59375,1.0415268067388792,0.593231835336536,1.4240523646362453,-0.0495409525442435,3182.4110997312537,0.2063858577299412,11.596885867649023,2.953866384651052,2150.5958214061634,1.041498677061003,1.0847194943198195,combination
0.6987019086040186,0.5335379712383709,0.3352556543068011,0.1251235580005125,0.0060585163136339,12.32696769539402,7.455580721354917,10.137950304862327,4.226855922274512,-0.0043750251748388,11.38605003249,7.08340522734,680.3125,0.9500809517159542,0.5746267372783592,1.3597801008074843,-0.3526441739660014,3317.885984018412,0.2337805984640248,15.917922419461783,3.3774478119432394,2250.843129777852,0.9500708783918244,0.9026346739682128,combination
0.7810204861391309,0.5321493893143942,0.4157560616073861,0.0492053095787409,0.0028864743892011,32.47854439514718,13.606542296056324,24.59156979595354,43.94529883197275,-0.011918071515371,29.241799571040005,19.20651979696,2186.71875,1.4115650676753313,0.5913602396488485,1.807334241196684,2.934894820795921,3207.842396646164,0.1821862307549949,3.8714548473530304,1.8691023785347225,1843.8069237622728,1.4115147536786914,1.992373899852617,combination
0.8382173551744678,0.584179856364479,0.3599834839711186,0.0531108889337426,0.0027201394358293,30.7289036288758,12.435930706801807,22.913531530210715,36.640728495738365,-0.0100262351416259,32.18707784544,19.20651979696,680.3125,1.544437666129406,0.625031079173021,1.8425264719172327,1.866983579042512,2901.1226171036783,0.1701700771988519,6.505111219570855,2.1707439994122355,1953.1943809352688,1.544405121452313,2.3851871791681325,combination
0.7644893851034718,0.5922991224965852,0.3067773649311697,0.0968963555558623,0.0039909824298037,21.32509833138616,10.96723183405084,16.979382973019455,23.018996266227248,-0.0023081295123584,21.56206206553,12.98055804848,2113.828125,1.183576516380207,0.6086986257585171,1.5481922175021603,-1.1706604481587748,3097.2633076511665,0.1949154136984763,10.343917546578206,2.8083218168942152,2080.626614779819,1.1835742658003598,1.4008480426648608,combination
0.7360818923743067,0.5110321112039815,0.3699451940660377,0.1126406121678491,0.0063190317402343,13.965445294599142,8.063739641447755,11.356086561479142,6.944474290904433,-0.0070496199775195,15.2997549705,8.35900968614,1603.59375,1.0366170111910051,0.5985494561618225,1.4082903300980438,-0.013839983320332,3367.58341789538,0.2337950518559002,16.888665298517367,3.420327124489784,2200.6493915644496,1.0365930400831105,1.074525130748745,combination
0.7189335644468067,0.4508061842335454,0.4287526704950585,0.1148448219022486,0.0055799743584473,12.166260740911662,7.01180013033409,9.846754281485186,5.273076456248857,-0.0091821766407128,11.80290152398,7.07916215382,680.3125,1.0096069514580843,0.5818683574662179,1.404311888310487,-0.28601975336306,3520.7112643401124,0.2422061035330116,33.01843647373265,4.276603793441362,2179.348778322499,1.009565195549364,1.0192218840646254,combination
0.7199607437522022,0.6227085863316577,0.2739307555642382,0.0980859106344349,0.0052584911773405,13.312526195478,7.133749234950612,10.63007991118209,10.255839911848236,-0.0071397289698388,14.91487284329,7.653240239,2867.03125,1.0728215959013851,0.5748901543269567,1.4901112389964295,-0.4611904235666175,2988.573687219454,0.2160224761815252,13.526734785963882,3.216210381996487,2204.472073594695,1.0727978378532612,1.150895200902632,combination
0.8315293674298535,0.614606962366435,0.3277350496470045,0.053263692205765,0.0043881283731506,26.23245630908956,12.879985569662082,20.499571280455072,21.925331329286266,-0.0038037077895898,26.58613544986,17.045995539419998,680.3125,1.3234483413995948,0.6498055438870036,1.591583404312222,-1.0321289755422538,2948.7509064526557,0.1932445163905315,8.184675910026284,2.628248501905151,2012.8958556825048,1.3234428752917105,1.7515010441603898,combination
0.8320903650957959,0.6255043158019967,0.2985659566022966,0.0718007875219773,0.0041227590208729,25.938539551181883,13.35283568406687,20.485750411804787,22.634343435499797,-0.0029787897472216,26.58613544986,17.045995539419998,2113.828125,1.2765824385722018,0.6571686700318986,1.5341872615304624,-1.083601156651682,3165.9787791653625,0.2116781129478049,19.73189281124532,3.651631358979905,1885.775826429988,1.27657896319914,1.6296538492825914,combination
0.7361286564756592,0.555783131826002,0.364410199600688,0.0752083811473166,0.0045941421090046,11.59225558863099,6.464710456854819,9.286738047652744,5.523636089536218,-0.0060638565950244,13.15689920461,6.83623400206,1603.59375,1.0574694795203454,0.5897242300941484,1.4365280718497768,0.1730370138480667,3215.390598463383,0.2072824540063886,42.49794499843878,5.143031247541729,2044.56778984422,1.0574520933641511,1.1182049297602257,combination
0.744199481822168,0.4393008708046601,0.4014812255524037,0.1550253640425591,0.0041885926287307,25.812704661625837,12.863350310777909,20.24261174220998,26.06530796859817,-0.0086406415708203,24.13065783037,15.064541169280002,1603.59375,1.1711211158307464,0.5836095584232028,1.5736655889134232,-1.305539287162139,3744.7651327778062,0.2356305217974686,10.300769656967024,2.654183198152634,2081.6689291676257,1.171089239664466,1.3714500072578968,combination
0.7935200200328418,0.5112336809356495,0.3736514729819877,0.1128049050224565,0.0023011435768547,42.22934648533389,16.65079663966171,31.809676561210534,68.13185806946225,-0.0058570771311328,40.30615635137001,25.24161518209,2769.84375,1.515940391822768,0.5977268720191142,1.9103996793427176,2.8806766898168426,3432.021610132427,0.1908526352695703,3.123447529582661,1.744713322183727,1953.6338707808368,1.5159290769053964,2.298040966207247,combination
0.7965276729909326,0.5811287630823018,0.3594061360698148,0.0570460624466574,0.0024101565757102,41.62814838931936,16.686456548282283,31.68956464162588,73.0758359207633,-0.014500553977583,43.82535909031,25.24161518209,631.71875,1.5127007408105704,0.606359306352581,1.8991188782311024,2.691917415952552,3043.2532793740597,0.1765768835190644,5.5408382592748175,2.1540623383836133,1881.2400783820988,1.512631238994882,2.288053265183192,combination
0.8268948373578076,0.5616076915649918,0.3793377754576073,0.0563414183914939,0.0027126611180145,28.957616900412383,13.933797480929014,22.474132221699417,29.598208753238158,-0.005364327904956,27.578453787500003,18.58374390822,2113.828125,1.3337170956916304,0.6417566739739329,1.6129222670603212,-1.3296525906912708,3251.10946514783,0.174596896937857,9.062542188984668,2.5944166587090707,1848.4249117338163,1.333706307747791,1.7787725153262457,combination
0.7966451007382666,0.487193894420765,0.4146217905065148,0.0938680985171583,0.0043028084931097,20.98784803867815,10.928153308169705,16.511100950360966,13.519047211919474,0.0035095994670263,21.91402379474,13.1534876799,1603.59375,1.203633158226896,0.6267192165513903,1.5108775000454602,-0.0680004615690768,3458.1291213035493,0.1966112195538314,11.858954123514453,2.8647362681011974,2121.515896640606,1.2036280415040324,1.4487204622948326,combination
0.7231895991440576,0.5166623636649049,0.3413966753900972,0.1363775752111944,0.0055436048778671,12.293811743437224,7.0030912255409055,9.955260811772089,7.3134318284203825,-0.0111657145643701,13.07290951512,7.19954107584,680.3125,1.0280518765174191,0.5856231757968242,1.4215523532614216,-0.6297849079347292,3339.776106903744,0.2473476970882743,32.67132490089468,4.538561166087086,2274.3819351491097,1.0279912390819554,1.056765987629254,combination
0.7893587603702247,0.4974766176650739,0.4303478642911198,0.069613862906704,0.0025589814797328,36.629947041285696,16.234340409184558,28.462248930375555,69.24032260025423,-0.0028873352669921,38.43924667716,22.46692553303,5393.90625,1.3839136649074677,0.6133485671630231,1.753212524376603,2.441225699955929,3402.052430184919,0.1782082677246335,6.2918823949177,2.149454574341242,1921.295746171275,1.3839106529009286,1.9152086952126743,combination
0.8452182395352978,0.4826527764842404,0.4748443190930101,0.0400198116766834,0.0024804225036876,34.72546207116611,14.576731071301497,26.58121238058273,56.14420259128469,0.0013699581551025,38.43924667716,22.46692553303,5393.90625,1.5412869609196969,0.6469870865069108,1.8235372698145969,2.0533973340719243,3398.6577901401783,0.1534023914437401,3.270000719289899,1.7885519213415,1781.891265543698,1.541286352082483,2.375563619115728,combination
0.8274813212494776,0.5693795460958182,0.3663097193738592,0.0580632656171341,0.0062389174788517,24.72945326260681,12.045685346538312,19.405958040627056,27.240766378842142,-0.0031857805598779,30.02412844403,16.05806779957,2113.828125,1.3330970665097743,0.6493498917685845,1.611029798831989,-0.3826877702356897,3258.4095280632755,0.2190561611908257,15.74037013609802,3.3655711565964874,1868.7810220257588,1.333093259880639,1.7771376395391898,combination
0.7812010690031885,0.6412627891365608,0.2874898542591745,0.0669797703039723,0.0042518165575148,17.892199526427135,9.869248421295598,14.330534431660269,10.25508120179521,-0.0041315990258544,17.51220689631,11.1950288174,1603.59375,1.1343344841987837,0.6256932693414647,1.4520390834157366,-0.7180836265762602,2852.229174982974,0.186698777940526,37.43167229478427,5.143216280031822,2020.4223980079344,1.134326959889436,1.28669765193201,combination
0.7478844742352833,0.484936150921656,0.3755356464798923,0.1346559721191383,0.0048492304253805,29.4632732551331,14.946271695488964,23.33675464388535,34.63502574810198,-0.0067631144014648,29.14928105992,17.4531964772,1603.59375,1.1677291054777004,0.5923712659508834,1.5613763164046306,-0.9938828658627724,3506.3240277215955,0.2345797503020434,10.665041381111369,2.698700885661557,2091.48125939292,1.167709520413079,1.3635455240633427,combination
0.8504270990191602,0.5325826789904793,0.389942389359213,0.0748368047517379,0.0026091856678969,35.795535240457696,13.87314573043673,26.739419644819748,58.87052909845036,-0.0072715064129687,40.1931235552,22.739927078,1603.59375,1.639132718696248,0.635272721171615,1.927422962634588,2.545662406416496,3229.048610595224,0.1834647833488601,1.8310511754116157,1.4240045922548603,1795.8237274213614,1.6391165897199136,2.6867031946950397,combination
0.8401128857442237,0.4873755014406313,0.4777028902604034,0.0326231266420009,0.0022823382091164,35.92490984395017,14.46522150080929,27.06770419055717,61.232638976769806,-0.0027379771787353,36.18380924648,22.739927078,4422.03125,1.5720414012829158,0.6329849448969307,1.8712263886897824,3.1910113710855077,3160.48248212235,0.1522114815076481,1.540409448044338,1.3930464616144669,1725.6780949231295,1.572039016954898,2.4713066708285223,combination
0.7714281060983106,0.4388956644851249,0.4680742728662428,0.0873109554785484,0.0057176622295069,35.208398727058345,16.257205194139303,27.262049216171352,48.37503330770129,-0.0024194745904101,32.61519542869,21.03071099519,2113.828125,1.2936240112643431,0.5973208596682781,1.6769210261305725,-2.0707107699349074,3675.338700105252,0.2434117184069804,7.5129790608070035,2.409877123893117,1991.5726678354724,1.293621748681722,1.6734572286623557,combination
0.8376450494142481,0.4425387098085316,0.4395056194445656,0.1119361598267787,0.006013191450873,32.00242730973322,15.716998502795438,25.10694835467176,40.471309066695824,-0.0054859844213281,32.61519542869,21.03071099519,5272.421875,1.3380869757956304,0.6571598707699812,1.5974391261923333,-1.5059616445363395,3644.1185233244014,0.2395972174010251,5.539476079566686,2.158303368871462,2137.028111474301,1.338075729833265,1.790446658768825,combination
0.8008884331771777,0.5048675044778702,0.4057104405792613,0.0844221826417741,0.0049978286811037,13.028418105624043,7.630604352263706,10.61569564442584,5.407859168466796,-0.0031990598111328,15.67078614507,8.50198785175,680.3125,1.1141958695876806,0.6525725366520057,1.391199851854011,-0.1449274190196022,3312.192144452788,0.2173654356085684,30.74860616029745,4.147370816351339,2110.613447048129,1.1141912770357578,1.241422201822573,combination
0.8104779256038965,0.5190766683916419,0.4297764165726672,0.0481726755413644,0.0029611184294193,36.75083198916678,17.135926782445242,28.776828051697738,70.77245791629748,0.0012012036083886,35.8248305954,23.3229839048,1652.1875,1.3610576306087534,0.6346246504480506,1.6793272063450877,3.511838436172249,3182.7464894639647,0.1830481289874915,2.141393845211669,1.5118361078773617,1871.8775620206009,1.3610571005465588,1.8524764309482051,combination
0.825534656950381,0.5610527017547312,0.3953629930511815,0.0403499569443722,0.003230433407326,36.59430127922791,16.507727425092128,28.251974291373497,64.31178205800285,-0.0061621754449902,36.11189036959,23.3229839048,656.015625,1.4128524965434386,0.6373392328722742,1.711439349818064,2.8385519339082665,3011.6805209930826,0.1803019648752832,2.916255326006814,1.6978177093824844,1825.929821982856,1.4128390582733803,1.9961142045828129,combination
0.7570136638015772,0.6201970311749391,0.3115138834459184,0.0628249136596659,0.005448744986233,21.019157158914584,11.601391175318572,16.893891188920644,14.549884353940907,-0.0067675943999267,18.96577658815,12.78890646479,2113.828125,1.102359731822319,0.6084404987364589,1.4561952901701671,-1.2482339869996464,3071.9186787025583,0.2149313932373974,8.082322865618888,2.610039506332264,1972.0075603801145,1.102338957857071,1.2151511780094135,combination
0.7377668183074609,0.5991310985080008,0.3241971262380022,0.0712447066556345,0.0054116857171269,12.285751635998317,7.193805006249168,10.001615035965054,4.484128382880928,0.0003562252938378,12.1590270739,7.37885970302,1603.59375,1.025724174704496,0.6006030336311945,1.3903094436500265,-0.1468697909499408,2968.93239130959,0.2182282232935915,32.68432541770181,4.730226643853365,2089.7087225639293,1.0257241128474848,1.0521099556767597,combination
0.7464101337412891,0.5135097414715233,0.3765725254655755,0.1037590943823371,0.0061225351087149,19.05792382499367,10.330977904443582,15.32936417777237,17.397279779979165,-0.0020098568705761,21.52596545876,11.4419927661,680.3125,1.1075420809078051,0.60037981425313,1.483825086023935,-0.6308900690670086,3278.2454004952087,0.23829456782202,22.72140923476674,3.904464536067864,2212.676387003376,1.1075402572624395,1.2266454214569509,combination
0.7775972850048438,0.616139117941676,0.2908441998223612,0.0893691051324089,0.0036264633996453,28.89522135549774,13.339537856366116,22.482250766694875,38.55008056353765,-0.0029612358927832,28.92412992308,17.482137156980002,1603.59375,1.310550436245952,0.6050182811163608,1.6853845319660397,1.9793093345705155,3060.299382507573,0.193916241678073,8.386684395766915,2.567256313110272,1950.01518170454,1.310547090732127,1.717533677026442,combination
0.7952266707906104,0.5662294928526914,0.3676091441472938,0.0628683178407324,0.0032849337925663,30.35105081830848,12.947570216234714,23.19421256296952,44.84958343832143,-0.0016083329154052,31.26680031209,18.44465643806,1652.1875,1.4245650828703438,0.6077106373837226,1.7913950011938713,2.736163781902285,3029.281574581806,0.1864832516455494,5.792590626219548,2.182041285456211,1909.6049074024927,1.424564174966724,2.029383088598623,combination
0.7684158528505372,0.6023700528953885,0.3184629767805375,0.0745025835838861,0.0046538005251885,30.75038431919577,14.394213094317768,24.00348244981826,40.7310458576295,-0.0035218340258984,31.26680031209,18.44465643806,2065.234375,1.2813938710787307,0.5998187289823893,1.6675786507074728,0.8131658695697083,3138.848267320823,0.2151956357552478,11.66853640309912,2.947584747067401,1964.5580220536103,1.2813890312950351,1.641957849523229,combination
0.7367193619228907,0.4781521275531911,0.4342634886722391,0.0822675567728971,0.0053010624859558,20.40116218264574,11.215126016702532,16.338151700646936,13.156703296177287,-0.003402639276123,19.44660948279,12.036632695900002,1603.59375,1.0732498839490534,0.589997402507734,1.4567960873836596,-0.4751801680131853,3450.0674021636046,0.2255967177899915,6.678515765452087,2.4343969160915044,2049.301502741256,1.073244490059284,1.151853735442613,combination
0.7496794253085254,0.4615767843168046,0.423051560576677,0.1095619994082442,0.0057471092177947,14.683432340033702,7.96076769065237,11.662369309324268,9.009148314230169,-0.0019165776467871,16.15301510844,8.743038321550001,680.3125,1.098265727791075,0.5954355983724943,1.4649804846105938,-0.5243825088833077,3522.0335016675385,0.2504752128397319,22.280791275012056,3.5211921996948163,2144.157386905302,1.0982640554851022,1.2061839355705837,combination
0.7710338061842921,0.5226405195055929,0.3690677281381643,0.1022009659584489,0.0060370172170464,17.12875027660198,8.732362434888712,13.412015784932096,12.50992041366448,-0.001863505292915,19.084155900810003,10.34111757926,2867.03125,1.1842290853553872,0.6037286674315088,1.5358977464502164,0.0979041643646034,3482.4506553210035,0.2333261282198995,10.614097162964011,2.607374655090996,2087.1031334128124,1.1842276191466234,1.40239505394968,combination
0.7684663848787403,0.5293019968422905,0.3873921190544908,0.0788019971586476,0.0044646216577907,22.287710173313936,10.858736770402531,17.413331868083645,23.29131345689216,0.0010634577952148,23.27431902558,13.38156018936,2769.84375,1.2323312068705712,0.6004008525461865,1.6036240896405978,1.3934947180981805,3316.347768184374,0.2079194746501226,2.918845421439753,1.7144348200482211,1963.547100801707,1.232330748007448,1.5186390724845964,combination
0.8474716661476807,0.5505992140017572,0.3803967397941006,0.0646290038212221,0.004364517068697,23.79786857095962,11.077008755122776,18.345251727638008,24.89522859349181,-0.000371400874956,28.92864123688,15.54708104752,2113.828125,1.4035450717080955,0.6532972060570165,1.6561557486495526,-0.5680151707608766,3344.4441233112607,0.19183637601259,10.923528833103086,2.9260735300173293,1778.2384222664402,1.4035450225687365,1.9699386303774744,combination
0.8428972032036914,0.5396397823856567,0.3907802057094994,0.0644746344700676,0.0050695457797128,23.32835896568817,11.956999575174452,18.444812710765337,21.067757946819626,-0.0027301572744433,25.23138791572,15.54708104752,1652.1875,1.3002493601989753,0.6664455511160028,1.5425954140753766,-1.433566760186046,3243.195238277523,0.2087388867646387,13.096149153521932,3.1480924173564717,1956.8856311333748,1.300246493915327,1.6906409449391016,combination
0.7586259572592724,0.4540232390514678,0.4382697452388893,0.1029475492468881,0.004714379244176,18.08818979609878,9.891208531240345,14.50212510387382,12.226373695047377,-0.0118407267977392,18.146119641650003,11.001688539220002,680.3125,1.1122693960472398,0.6082249613276847,1.4661631142514469,-0.953795757961234,3486.8087671579037,0.2266209028534978,10.738306009726786,2.659342400148784,2071.876269416221,1.112206368697911,1.237003006572193,combination
0.830732616038291,0.6043841854646287,0.319524336446578,0.0734901177500059,0.0025962904386649,25.03474261058976,11.614682930909645,19.271013045673044,24.38570658900808,-0.0013971002437402,27.010747620360004,16.009059081140002,2867.03125,1.378346630413457,0.6394736838384002,1.659194070153043,1.3795632916818594,3118.238190946452,0.1817426358797401,4.974508464461112,2.0696698259584503,1831.263437728546,1.378345922358767,1.8998374816830403,combination
0.8176948579008252,0.6709983858595724,0.2716575270251039,0.0546593530500189,0.0026778120586089,25.201950936794145,11.833427744249429,19.57828024287475,27.219022736613677,0.0081797641892333,23.86328323491,16.009059081140002,1652.1875,1.3528674385086574,0.6352309438777306,1.6544893555790725,2.576147636119171,2801.0333980095807,0.1677544931023755,6.462604733342422,2.449711039316068,1831.4051590694496,1.352842709864966,1.8301833976347843,combination
0.7655255442909716,0.6182272031334517,0.3076340651395493,0.0683846179442062,0.0057251261450148,22.398438963957226,11.412286555749969,17.69063262582983,23.996116678911854,-0.0030982404969091,26.23286909747,13.542631169740002,2113.828125,1.18667114636345,0.6046238843489193,1.5501391889705558,-0.2036463980300036,3090.902782755712,0.2183959030374343,15.514706492037138,3.4145374709403047,1886.159577416796,1.1866671018096728,1.4081788105173685,combination
0.7761791186888428,0.6046866782940125,0.2925895847445808,0.0950864915048833,0.0075909585053514,21.846776037560883,11.873021848008449,17.447816932535922,17.355354262506957,-0.0028597676485498,20.131701254280003,13.542631169740002,1652.1875,1.1406221047265748,0.6198915183849704,1.4695346438246957,-1.15303464454257,3081.9817679356847,0.2408507051351979,13.454015338206284,3.2448721637175297,2153.0142086625915,1.1406185197163323,1.3010106075198775,combination
0.6901851522093213,0.5355042967759095,0.3310373792958739,0.1268269301147665,0.0065933933702645,16.787967118019875,9.445932076054046,13.540737141583184,9.531226568421564,0.0006928026666552,15.93468580963,9.34561572509,680.3125,0.9893799415286552,0.5566853722901685,1.4334993129910063,-0.7685451820407082,3231.028185452089,0.2428174778998482,36.04234125060926,4.973692365086481,2250.589680624721,0.989379698964816,0.9788721887237104,combination
0.7665721450517675,0.6139819042435681,0.3255570458580739,0.0569754976951275,0.003473254065287,33.83596860740638,15.454483432416076,26.12127503328179,50.36431017764841,0.0002097099953027,29.598644492620004,20.02384183375,1652.1875,1.2956655537091333,0.5917915950946641,1.6902069323450768,2.588332593002219,2967.811958487995,0.1894157079375362,3.363222625031371,1.8710530318603789,1824.6590884429424,1.2956655367378238,1.678749183090113,combination
0.8420740663212452,0.5940727446897945,0.3716583104809261,0.031664704474095,0.0025864963882082,31.128936013816443,13.569635817454648,23.77919310735673,40.10723547136442,0.0008795397188232,33.372736461260004,20.02384183375,1676.484375,1.4756359052756078,0.6432549389051558,1.7523825567057227,2.006049620075294,2937.979989672439,0.1578576114766879,3.894344286429445,1.9442299625476696,1725.0481485374803,1.475635643154653,2.1775005513484453,combination
0.7715524684549707,0.5399081098740516,0.399141074376153,0.0568711568379187,0.0040710692310568,22.730125736419804,10.437498080709997,17.553138903722406,29.220196030020816,-0.0033785514704394,26.88474174883,13.5431676503,2867.03125,1.2975492350345657,0.5958245813220552,1.6817381682841357,-0.571686229020938,3321.9235742360725,0.1981974962330114,11.54838237413824,2.8786757528363163,1828.2064202234933,1.2975448365003608,1.683622602728748,combination
0.7582821106796485,0.607058887911801,0.3024314261184182,0.0852693026570236,0.0052396874238126,22.392382822443388,12.060456141407686,17.86032857634114,17.304232612183608,-0.005425473186289,22.55964766685,13.5431676503,1603.59375,1.1229399196438066,0.6048113663332866,1.480899923429969,-0.8502754819507571,3094.3785852797064,0.2114414711862093,25.21500733506348,4.300381296631914,2092.0868626559927,1.1229268130071273,1.2609646273703436,combination
0.7101922128188769,0.5234266180136429,0.3933374492481409,0.0774822838464991,0.0057519270994319,16.63315924976405,9.396614883420972,13.425238104140718,9.35455026191841,0.0025197400859375,16.07941363343,9.5344995568,1603.59375,1.0146738666093793,0.5732224055352114,1.4287313325810227,-0.6203989897367224,3222.07447952641,0.232049664581517,22.31347604776599,4.044786549870523,2113.510721289457,1.0146707379686908,1.0295567064899276,combination
0.7334155574424073,0.536210611088398,0.4230941818283015,0.0379567011030494,0.0027266493037579,40.49482726668231,17.000859609414036,30.95456892875191,72.1447787336376,-6.112898147949027e-05,38.30038965767,22.702562426270003,1603.59375,1.3353773249029546,0.5606287014576021,1.8207649283575733,2.517921428991515,3145.84522269636,0.1730314621686517,2.503893651086705,1.5302839118724263,1707.9409224000926,1.335377323503817,1.7832325961282187,combination
0.833444460107422,0.4924012654999835,0.4609770327400523,0.0443207319483779,0.0022937279950314,35.97834309067736,14.9590038237877,27.239442473879887,50.84457311091462,-0.0023330359224121,38.30038965767,22.702562426270003,1846.5625,1.517652023737607,0.6310063353682522,1.82093960231255,2.5734069186333595,3207.824137404717,0.1565695904581989,1.6548732028098565,1.4471089161850517,1856.8117165260007,1.5176502304873278,2.303262222098239,combination
0.7895972302418408,0.5729766503989994,0.3557226339086057,0.0671376927293444,0.0041473771220314,22.66546281670636,10.621737453936662,17.61105561188573,26.62799977679941,0.0034214521484521,27.008552927160004,13.90564073278,2113.828125,1.3091681839326812,0.6135167344798436,1.6580202333431493,0.4040538318322594,3208.5988787662427,0.1937492219258237,7.803417218802826,2.466574857725038,1925.6761014252052,1.3091637130194187,1.7139096274867909,combination
0.7129974741672362,0.5578131999476987,0.3550543608426874,0.0812624707047715,0.0058674853638906,22.94651595079221,12.27593605414975,18.377221054932747,21.924540625908143,0.0063283400806835,21.78484171444,13.102912194380002,1603.59375,1.0673656278904045,0.5710196799583265,1.4970117939577017,-0.9557534958263462,3224.164276957626,0.2256275256079622,8.853624789435301,2.58830630455511,2035.5263653764264,1.0673468675710351,1.1392293357137009,combination
0.708023415432915,0.5134003795200658,0.3749557878898527,0.1038510992175076,0.0077835921573132,14.274781738353726,8.553800327936207,11.702425261124796,6.352367978866306,0.0003412433454931,13.25208792579,8.28559110223,680.3125,0.9686444369258596,0.5804355719126782,1.368096613490657,-0.5598260326935539,3299.609537409333,0.2640536657019064,42.675732443066906,5.05380078299091,2224.2652119889485,0.9686443768176196,0.9382719287403948,combination
0.7735791829514649,0.5692478772941293,0.3597875668743887,0.0670694113241386,0.0038786332098006,38.05633681475617,16.981448954666288,29.785994665546305,78.36541467966569,-0.0044880015081445,36.34372312795,23.041825416770003,874.6875,1.3568821764433947,0.6054661942090979,1.754031398914372,3.404786312371857,3035.814125936992,0.2074384149984002,14.162965198936362,2.824556397811944,2012.994467895864,1.3568747542025483,1.8411090985922265,combination
0.820666780476963,0.5391408332708687,0.4135286920241506,0.0445722475854223,0.0027351028591951,36.52568693134749,15.839914127935351,28.076956402912195,60.46176392623001,-0.0024532784857812,36.34372312795,23.041825416770003,874.6875,1.4546685815760405,0.6308389342568336,1.7725447357947184,2.9107410004870213,3081.1659145604185,0.1637613978511988,6.933721088958761,2.2694309684479697,1889.6071307127784,1.4546665128644165,2.116054663649121,combination
0.7904031714695459,0.5809088481130249,0.3555235158083421,0.0597290438627686,0.003814612808744,15.784428439314215,8.346148271153103,12.616337733779224,11.457160465996427,0.0028212930986865,18.72938374503,9.97199335711,2867.03125,1.1948018454903715,0.6317614473941163,1.5116359455756652,-0.2468527362534063,3158.2429205171197,0.1912948559687953,5.588861781390445,2.2602363915516785,1825.2033146831932,1.1947985145171751,1.4275434902924486,combination
0.7428514986557568,0.536708891781144,0.3717312315674032,0.0861205704638856,0.0054083675817009,16.621934146546455,9.323455582873343,13.423939206093062,10.443795497071886,0.0024586126650634,18.72938374503,9.97199335711,1603.59375,1.069559807355975,0.5999297836937879,1.4398029879342238,-0.098801733835143,3291.724652268768,0.2263186314311023,7.993439469290422,2.4774077769837817,2023.634751232153,1.069556981527919,1.1439521367351129,combination
0.6928350579619434,0.4688454790598222,0.3895936213092627,0.1342318638699808,0.0072920536256385,15.202599463829973,8.69076641429947,12.25973054854647,6.879795286874945,-0.0012252171399609,13.14997982466,8.493971125200002,680.3125,0.9773558188405952,0.5587183392819669,1.410661610738353,-0.6087180101943712,3525.8220274608825,0.2591040540623791,16.51228057423749,3.25491462832454,2302.670296369733,0.9773550508717548,0.9552228954645304,combination
0.7627090968755567,0.5798911646682492,0.3584602854537426,0.0580756704314521,0.0035608748387584,40.14059684520753,17.362176075099043,31.00911229388271,80.0357834461864,-0.0003461491626953,36.64221359589,23.65093203258,2138.125,1.3622101244843576,0.5892023011960704,1.7860153105091592,3.450333909058192,3153.7756100329293,0.1901598818292574,8.984171947773907,2.651014972234816,1830.908529146416,1.3622100805046358,1.8556163034284463,combination
0.7780124889463428,0.5256836994305105,0.425323779908466,0.0463715888384457,0.0026192013529925,39.30058865525556,16.955259479481793,30.399167582271467,75.49282616487424,0.0033458011976806,36.64221359589,23.65093203258,1652.1875,1.3949023936319522,0.6017958723225696,1.792904887068149,3.9567676378176913,3179.23427185851,0.1607197645096577,6.725180369352502,2.383117928577568,1865.790770220256,1.3948983810208169,1.945741493374496,combination
0.7886055753316212,0.615427436342409,0.3218733146428629,0.0592080123049786,0.003477787141699,21.416037881208645,10.541621986872135,16.785024742608154,21.64207865753395,0.0037879696040136,24.46694579231,13.236764094100002,680.3125,1.255666738058358,0.6180771703674707,1.5922620601944515,0.0249098777332281,2941.777706832909,0.1833983096831296,7.488171575711393,2.3859516687305717,1964.2104641276087,1.2556610244617756,1.576684608352396,combination
0.7783514816601124,0.5249545753124196,0.4116358956613812,0.0591895050451148,0.0041968495764453,21.348435157163,11.171270240767251,17.00615262640456,19.70117223392468,-0.0027722573530127,22.25164686171,13.236764094100002,2113.828125,1.184893374595411,0.6200343958071651,1.522311452492135,-0.740731845456928,3257.3111065391886,0.1973159752629632,4.356554229109526,1.9878065157855107,2006.0192233754,1.1848901315097826,1.40396462374927,combination
0.6880554640782763,0.4949444884877146,0.4120536983686387,0.0879946353401679,0.004995910039823,11.62821143554295,6.977967710152537,9.527392162987358,4.175657403526101,-0.0032505009097509,10.87034590145,6.55537423616,680.3125,0.9394388894380108,0.5637474234535118,1.36535343222147,-0.2864610572340615,3290.9280554522416,0.2279779588065129,32.330363054618594,4.388731996856308,2191.3256126961896,0.9394332659813356,0.8825348612323589,combination
0.7861674331977051,0.6807213054915515,0.2582876535239445,0.0577853994541616,0.0031974155895595,13.588182851962909,6.991725671292532,10.671597270794312,9.914379962730102,0.0026844075642871,16.77624701354,8.389662234500001,874.6875,1.1999415636324642,0.6174234131157615,1.5263180754661243,-0.3508488436812717,2578.637734950757,0.1698213301944264,22.581197210371432,4.0455545961909465,2041.2122966664076,1.1999385609641655,1.4398525500887522,combination
0.7895511942403175,0.6796934665588311,0.258199953826465,0.0586706716634342,0.0034135305203482,15.141744342839594,7.731970822907697,11.897023153803168,11.225842744389324,0.0044023068814697,17.782971073490003,9.39330883899,874.6875,1.2148660482732574,0.6203584360101826,1.5386792612506464,0.14420644259162,2469.162892797748,0.1612479696684517,24.409432062409145,4.338712448798032,2045.8782698453067,1.2148580719331794,1.4758801349412023,combination
0.7489839907848096,0.6382528285381771,0.2855204041132741,0.0712077710521727,0.0050116830405723,23.221075659867992,12.06851945879834,18.51771189881792,22.185558677085183,0.0010954607609716,23.26277859717,13.86946975818,2867.03125,1.1492271115384174,0.5972793836656767,1.5343814095868993,-0.975121228531044,3043.174876605581,0.2194199525698759,9.774019794433794,2.7620274234698754,1892.6133752580167,1.14922658943337,1.3207217538606555,combination
0.8042092331251269,0.6228751582504556,0.2997661057135883,0.0726228907655809,0.0047335500903796,21.50656852999095,11.614788835906271,17.246096148739504,16.811925315264418,-0.0002050872576367,20.34056898685,13.86946975818,1652.1875,1.1941215595158774,0.6448945929630289,1.4848394053815643,-1.124219977834534,2956.339883942663,0.2115704684808444,11.250300935877943,3.0488874104016537,2056.5000253403887,1.194121541904277,1.425926256839848,combination
0.727987080469878,0.575706404447452,0.3277210715216787,0.0907347374461525,0.0057850447244927,17.50962901352135,10.001354259169664,14.155288779573866,8.784535320817575,0.0019531557223193,15.573067430340002,10.30486735185,680.3125,1.030347199470718,0.5885257388316073,1.4153372046186343,-0.6356927437344827,3125.014346399901,0.234522869718176,14.497631589742957,3.243236376289995,2172.313165457764,1.0303453482400335,1.0616115366398762,combination
0.7893908888929493,0.5115338541822166,0.4104767074437911,0.0755747481642256,0.0024109529511334,39.33771914067717,15.994473166122914,29.663797557987188,62.56648300950687,0.0060301001830761,35.353142255760005,23.416331522240004,5296.71875,1.4640264345709713,0.5952640883549942,1.85462798617316,3.1646463280178505,3391.774854729275,0.1852425705138712,2.115784672013362,1.5875683824045184,1933.0792869169604,1.4640140159897284,2.1433370390143724,combination
0.8313760360387159,0.4998602500942248,0.4471538268171474,0.0510749447094743,0.0019093710780289,37.23321966881189,15.466423425191898,28.165752327686217,55.62430886410765,0.0005544198304443,35.353142255760005,23.416331522240004,1992.34375,1.5140107624429315,0.6289096599898533,1.8210902128677984,3.4154933338157325,3284.8868902301606,0.1595792359090591,2.39965111486266,1.632009305197882,1867.9320370262424,1.514010660930655,2.2922282814116786,combination
0.7658298613803858,0.5827359975225054,0.355262989537717,0.0587898310198757,0.0032070517316776,26.334106390641235,12.802338566578111,20.68145437973862,32.96740569815942,0.0015689951100244,27.73376490962,15.83847534078,680.3125,1.23715485717024,0.6014434325521206,1.6154434810628888,-0.7879586686595812,3110.7725444693924,0.1891593962593754,11.726829703352738,2.898418858291121,1926.8475662246487,1.2371538622476437,1.5305496788742616,combination
0.792971903229829,0.5053894321589479,0.422090387080101,0.0684288371040805,0.0040883533895999,25.30556675777764,12.70785585546823,19.97356435488925,27.793064104609357,0.0068385092078564,25.35888130153,15.83847534078,1603.59375,1.246353084337564,0.625888978989655,1.5717493637051732,-1.161264651104963,3340.1894269044114,0.2011165031422796,5.584976124921456,2.2723540338186496,2087.3104586500394,1.2463343233777897,1.5533492456295726,combination
0.743144180420874,0.5209942432055735,0.3894630840662344,0.0841847420569711,0.0053506208632421,13.592835247202244,7.623439323486169,10.950577266730647,6.675498516776923,-0.0006077126077783,14.43627122007,8.137857768020002,680.3125,1.067478525466717,0.5986872951833196,1.4364352888589649,-0.131003089428913,3207.3293912608497,0.2195450153861243,43.13896444653483,5.162025565703725,2164.027852995845,1.0674783524821394,1.1395100330179826,combination
0.7297444746046142,0.5711160942269968,0.3366229551109647,0.0885901448714678,0.0036671862908097,18.7405250239385,9.2859507901981,14.642322620201224,15.595776227623524,-0.0037719905911767,18.823011795490004,10.68515402747,680.3125,1.1506795877864062,0.5701630031080321,1.5768253516545785,0.0155892205005839,3126.5502161719583,0.1946999761281553,7.313859858027961,2.4823815331481143,2071.3414608729554,1.15067340537412,1.324049285835274,combination
0.7963122859495606,0.5156845236299142,0.4281148695635105,0.0530287396802176,0.0031475486517367,24.45210241248939,11.280561756174666,18.731786614246488,21.349859036657055,0.0070235286792187,24.91887579678,14.91635181871,1676.484375,1.32230576287969,0.6100232841774449,1.6605366841764972,0.6652563964876574,3210.811800915552,0.1721746963318486,3.2859624850422917,1.8005007555855674,1913.1636856690795,1.3222871097419546,1.748443200589732,combination
0.8118792899022413,0.5216603357060825,0.4064288517486448,0.0682192391281661,0.0036766371079177,30.48183613205935,14.19519516507447,23.709224773916556,37.11665698060313,0.0065096267161181,34.16538039229,19.24902857358,2867.03125,1.3560242286023558,0.6314917674311221,1.670228869572021,-1.021040636685168,3367.189725028808,0.1999279411150553,8.034099924341003,2.494667864510047,1823.556054527755,1.356008603703026,1.8387593333166308,combination
0.7701048498045899,0.5605141765259165,0.3396354673252099,0.0945138808876279,0.0053160174596142,31.28486899826657,16.219692455126207,24.99533482806184,41.98086611991312,-0.003311902190996,29.05367168921,19.24902857358,1603.59375,1.1867690233236434,0.615282377389739,1.5410486294493273,-2.0532057479212686,3224.296129610117,0.2305507819533556,16.28487069982041,3.493725298936792,2056.3411612445207,1.1867644020716293,1.4084097460244318,combination
0.7594460243547851,0.5096676300177538,0.3964949884111973,0.0873782677026131,0.0064129547675712,30.13822368331014,15.667772740200716,24.02455489069286,38.65640470831848,0.0015304790302246,28.76804456197,18.24535269863,680.3125,1.1645147655107144,0.6053891194899406,1.5333739701910614,-1.3718903957388613,3258.00485820359,0.2487280862040564,19.764562582061732,3.795203190440594,2148.5980577195714,1.1645137597840622,1.3560922967264126,combination
0.8200634791309179,0.4767760468103573,0.4218347831454551,0.0978528824780117,0.0035136357837158,44.71056751237094,18.01444766589747,34.119898365286296,91.58248399034942,0.0074233469605566,46.22583525966,27.98048256103,1603.59375,1.553224560639674,0.6258136301510397,1.8940296698564616,3.0184793463933364,3522.0627248359733,0.2165982514819004,4.797474309865898,1.8657584052802385,1882.6168953212432,1.5532068212875618,2.412451429694212,combination
0.8262788820113086,0.4514439710505996,0.498552015743884,0.0478830974571521,0.0021098711499245,45.26429378095308,17.48858444636279,33.86324299239086,81.22940674456974,0.004114494515166,42.13309822386,27.98048256103,5272.421875,1.599928378814517,0.6181579391569786,1.9363055424096152,4.034224376503732,3389.423398579851,0.1582314328945872,3.9017954887515782,1.8805678259441403,1804.6018487646147,1.5999230882360986,2.5597538882709348,combination
0.8146527315444336,0.5862670998169122,0.3507159775868885,0.0592219297542933,0.0037880096191284,26.570866101404903,11.760639214299662,20.26450539721732,35.809680921376504,0.0041399397157324,32.72499714876,16.508534675240004,2113.828125,1.4037106635468772,0.6213020912542678,1.7230785697921822,-0.0937069506599511,3194.380919853312,0.1917139968904297,10.750520869676466,2.816984237092658,1871.6951088316805,1.403704558607104,1.9703864878543644,combination
0.8157887032192286,0.5284299995217905,0.3918720728860583,0.0759675779513828,0.0037097616056063,25.11451150901824,12.845222504698096,19.878263096224952,29.167329695850853,0.0041623784057031,24.70763657628,16.21646247352,2113.828125,1.2624508814533095,0.6457008916019297,1.547521896872907,-1.4123776256615257,3341.4731549563294,0.2006206704344801,10.618818249565324,2.777021665186902,1951.501598638316,1.2624440196255222,1.593764902688246,combination
0.7765608330290039,0.5061895939462869,0.3872760281027373,0.1006912322384863,0.0058125988465397,12.472154293344788,7.296181116531424,10.160917697757869,5.981809117675157,0.0028168488211425,15.42438306241,7.89057071171,680.3125,1.0814658498309244,0.6326549949691092,1.3926350696990826,-0.1547929268143701,3276.336574690052,0.2302143528117662,49.184526231444096,5.344730461842308,2147.4275197655074,1.081462181360607,1.1695604497132424,combination
0.8082365236776661,0.484078906647596,0.4125796391210014,0.0987101212063877,0.0046301372488625,39.2703563687428,17.8183910591183,30.71975744972894,77.79520211579046,0.003899198589082,36.995821345,24.828829969390004,5248.125,1.3934383798746075,0.6322537472349624,1.7240477744486673,3.69313843934928,3500.8602182395102,0.2180187055695385,4.123958906036227,1.927592739770464,2049.3685300358898,1.3934329243842112,1.941655314757935,combination
0.8062856412372656,0.4536138457133271,0.4791485080860218,0.0636200909080657,0.0036167175677296,40.29137729811611,16.78722255658035,30.79408673493123,66.31389964209785,0.0044320118015039,36.995821345,24.828829969390004,2016.640625,1.4790314410681031,0.6162318499484731,1.834376510536008,3.1953674011666937,3552.002290640752,0.1882935406857428,1.961087209367269,1.524422081488229,1870.89896999498,1.4790248006505438,2.187514360939381,combination
0.8211265799983204,0.501128810462767,0.4244366317215232,0.0681694412728678,0.0062625796602546,19.88720885347526,9.705464747296862,15.615485479639728,20.565025728093406,0.0015010688077636,22.72669430122,12.82229018691,2867.03125,1.3211412869724994,0.6447506174135303,1.6089374271323695,-1.2933745460165036,3513.99001445874,0.2425904770430665,8.062409569622512,2.430228745942792,1864.4364567890243,1.3211404342218076,1.7454120469357866,combination
0.7904319042160597,0.5572812775987194,0.352526289749929,0.0815996156301627,0.0085830927635687,20.210461971914093,10.900434216451217,16.22187834083821,18.156913460019855,0.0029283605968115,18.78381823276,12.82229018691,1603.59375,1.1763100379577789,0.6344382530557082,1.4881864353949985,-1.6366862932756974,3243.251900690328,0.2720148730779199,14.069884305159611,3.243582535580648,2055.8039601616547,1.176306392953998,1.3836967301044458,combination
0.6534605390534962,0.4982509001657283,0.3755759942699415,0.1178905383799202,0.0082562591799722,8.691354886752814,5.315471705259278,7.162315490311258,2.693664178904764,0.0097944121930273,9.21640681682,4.680290541170001,1603.59375,0.8805033307842065,0.5384995322540107,1.3474468283265737,0.0045141779511041,3377.6046047896657,0.2666153636026395,30.93195115130318,4.738801221303612,2318.532198565871,0.8804488542850601,0.775190185011875,combination
0.7738046986475782,0.5035816830164455,0.3163539993051599,0.1733018895371689,0.0067496105915834,34.63599024202881,15.21253658149888,26.713815984677204,56.326842867209535,0.0040044979017675,34.88641026493,20.67127632775,2867.03125,1.3588316594676202,0.5968149368129391,1.7560395560307742,2.4433242724872173,3636.4061572542178,0.2534696020775359,4.057924508742058,1.8149837788548384,2102.8740226005784,1.3588257587962047,1.8464074427680812,combination
0.8039613698928272,0.6182264770533964,0.3237958865552884,0.0553631950029046,0.0026041063910639,34.0308117286614,13.980060321689304,25.711778080214977,51.10789118617112,-0.0014159221907665,34.88641026493,20.67127632775,631.71875,1.4786256891667082,0.6074282474531825,1.8391750456415807,2.892448705741971,2859.091733309008,0.1611659338108701,9.649618258249491,2.7453218802836314,1817.00739263684,1.478625011227685,2.186331923828072,combination
0.7354927055613477,0.5910106138542506,0.3417145744961673,0.0631882896660216,0.0040729149052322,29.05387110509437,13.715598177142772,22.693629594328858,35.69023617065809,0.0093536934606152,27.82012608704,16.690999029340002,2113.828125,1.2169355513167317,0.5744845142654111,1.6545854800666364,0.9241081567669251,3100.968046814228,0.2093329372282431,6.863838979287962,2.2525700436747087,1920.6344325875623,1.216899603285827,1.480844644477203,combination
0.7984328075631495,0.5382030907840597,0.3644863450285183,0.0921780985479122,0.0051229483124662,17.443548204093997,9.358119190172658,13.938714632313976,13.150007434027176,0.0046347250342333,17.45620564149,11.129127057700002,2113.828125,1.1892482700356233,0.638008215271707,1.4894782112789915,-0.8265609578971196,3328.9875832955763,0.2214522948215307,3.5501579735775284,1.8046114089274807,2050.989184996457,1.1892392388020925,1.4142899671065798,combination
0.7391259156948828,0.4957946001043087,0.3670296906582549,0.1292826273107519,0.007881761364485,15.952985450365066,9.242024158678657,12.948755499341589,6.839436001886154,-0.0019161013678808,15.827956660040002,9.57076076556,680.3125,1.0355697627746023,0.5999354036482861,1.4010735394131328,-0.4088441577996391,3421.6013214325903,0.2634356359858571,33.81817947032441,4.41359363074645,2324.584138878964,1.0355679901042685,1.0724010621285944,combination
0.7705168993888525,0.5096355737496708,0.383385528632589,0.1009836761048973,0.0059782469550228,20.616056835486145,10.01750413454207,16.027694344076405,17.883515442016716,0.0071755479758642,23.179965507090003,12.34960935035,2867.03125,1.2328030200423308,0.5990286818133321,1.5999688274457675,0.4190559748999221,3529.5399506871963,0.234850536507521,7.177445922789223,2.3799376758698894,2108.2335978775354,1.232782137174585,1.5197517977367376,combination
0.8226644418639355,0.3935276097376781,0.5534382507845581,0.0493373346289823,0.0036869498480612,21.94157658904898,10.034901483223845,16.80342165377843,20.05517444669051,0.0045984415118066,24.65393365295,13.82357749621,4276.25,1.3775498961619097,0.630017512192325,1.6744979192740526,0.9935083510858496,3523.13336374108,0.1845193793498439,2.758651694280527,1.7585776960487434,1904.7409789425744,1.3775422210412829,1.8976225707513508,combination
0.7969048144235986,0.444504081316625,0.4794003958172398,0.0718244662936092,0.0042670204104769,25.34332812905022,11.085303870435173,19.281858017991887,30.077034491874244,0.0022210387931396,29.18938298178,15.365805485570002,2867.03125,1.386142018763333,0.6063057467166945,1.7394072587777376,-0.81291873096544,3648.1526465877914,0.1974427713840433,8.510022521931747,2.528834310140699,1830.257032825652,1.386140239358186,1.9213847631679688,combination
0.7991621763674366,0.5088842176710722,0.4194517052106287,0.0672465609054479,0.0043775079871766,24.70159132994464,11.90782508303242,19.22739331259986,27.629967797505813,0.0057640597162744,26.18709145514,15.365805485570002,1603.59375,1.2903956329913588,0.6220573112203795,1.614685568399654,-1.5577319491838515,3373.5388047622373,0.1970762023438967,12.817685141415929,3.131197938777364,1919.108446476149,1.2903827592070336,1.6650876652587572,combination
0.7312345846431495,0.5025785380936058,0.3869057341269348,0.1048909384270133,0.0055909306948181,18.69323994665304,10.749130458923675,15.1520761024002,9.559246404059577,0.0043000914747021,17.316489033830003,11.07972207522,1603.59375,1.0307551962049055,0.5927127724695893,1.4096094712313496,-0.4286440058282159,3286.055076073668,0.2320111500586862,31.26161843988105,4.799895758387928,2192.789009229245,1.030746226632299,1.0624377837167227,combination
0.748210515139546,0.5667405727957018,0.3212900603633257,0.1068468344309866,0.0050621886050319,21.405885321735767,10.687473231678764,16.835372326116925,19.79535622399128,0.0014594926359912,23.676124675910003,12.59640260069,1603.59375,1.1786137216562071,0.5884551099551802,1.5752434613089985,0.2790998537212823,3304.191888392417,0.2213231333168527,6.826558114839978,2.292897806649057,1967.185084293524,1.178612818001544,1.3891281747575408,combination
0.803769149088252,0.6173064741134617,0.3151836197070394,0.0641747896465934,0.0033291826366187,24.502617224506,10.915722950677312,18.69790521371438,25.02272419820592,0.00634950472458,23.25136619253,15.02879936336,631.71875,1.3768029319970485,0.6133548602444447,1.7129332888165862,1.9573259607813096,2955.1377107089443,0.1830751260091473,4.989271056337779,2.118654569941683,1948.366893655668,1.376788290677046,1.895545997345422,combination
0.739289676050547,0.5758355836224422,0.3541195707687654,0.0646716234189327,0.0053664984532658,26.27260810725957,11.942294108759585,20.32870179338531,34.12808162978776,0.0065628121862304,28.52298268071,15.02879936336,2065.234375,1.2584516196378457,0.5720330201708176,1.7022442763718535,1.248151391220129,3197.383950904997,0.2246306667178254,9.08705407718882,2.5062162496369966,1949.0968658481547,1.2584345070226437,1.5836574084653243,combination
0.7044368318213037,0.5673353252276336,0.3171284331966775,0.1082575288280991,0.0072566142969851,23.87710028100703,12.818756034967029,19.15598774479343,21.693276183886965,0.0023269929893212,20.083667955050004,13.494183317350002,2113.828125,1.0526905481733595,0.5651516791628132,1.494371816776892,-1.1789259994316308,3290.723580042939,0.2538175940636481,12.944801113951035,2.979510439965615,2119.252997171855,1.0526879762385224,1.1081519753171558,combination
0.7216805530132422,0.4944944340801944,0.3643655009232938,0.1346312883193135,0.0064759338714547,13.73044387595393,7.883763833653671,11.115530413749152,6.230595459672205,0.0048389564059765,14.611346773730002,8.02186213603,680.3125,1.0175167984848588,0.5842390973301784,1.409926863397396,-0.1510324573320065,3411.639426544895,0.2492406548791451,35.248614643695205,4.654424703419335,2238.3123329532286,1.017505292222,1.035317019699778,combination
0.7666515306899562,0.5617822421878239,0.343690310317364,0.0890760679004716,0.0054434418150266,27.633689610331174,13.434323963523983,21.562774294538528,29.326976137901447,0.0015558021843212,24.552996054860003,16.53113391883,2867.03125,1.2305147593369252,0.5982239126203995,1.6050509391529035,1.6820529049910844,3293.9817879216694,0.2291400100293922,4.712081087871119,2.114784064229277,2024.1317239902291,1.23051377579675,1.5141641524255744,combination
0.8640962070935158,0.2428902545415538,0.7112737837131826,0.0330347422686389,0.0127327382862156,84.69137540052442,18.04800491911558,53.390788035084064,152.22467116849955,-0.0101183802262695,91.72770219634,46.13477743485,4154.765625,2.5562258898758534,0.5447399716519934,2.9582653747248875,1.1055706958958682,3862.236352939484,0.2404548491836245,8.885686019277378,2.668240784035214,1502.115196725364,2.556205863864097,6.534188418453195,inner_race
0.843532762255415,0.217647773623,0.7111014366790145,0.0464999964287859,0.0246146273674476,76.24894296285403,18.65413950176828,49.41527467556572,119.86644649921128,-0.0060377029295849,74.10719328698,41.68340314469,4130.46875,2.2345390491337707,0.5466751606641522,2.6490246130560724,2.830381861468064,4107.320900961743,0.3248495844169563,15.59875389100632,3.3839911496690576,1737.648085798322,2.234530892211381,4.993128308246991,inner_race
0.8322357534109179,0.2649482545921905,0.6181235432273879,0.0894113092253069,0.0274122729518128,57.83501830175173,15.142124501379348,38.01484954164066,80.73722224729173,0.0047201664932714,57.420142262910005,31.637316949090003,4179.0625,2.089357866936575,0.547027006787197,2.5105360570888027,1.5165986325663183,4125.948572320342,0.3951912268117544,5.318842459923582,2.2318473766621136,1975.0765784937023,2.0893525351548576,4.365394016158031,inner_race
0.8861828286044873,0.304459656579182,0.6463375324127082,0.0394815941364688,0.0096594722664833,89.35358364333528,18.845527747386072,56.858644050705614,176.42930345596056,0.0056333390169677,93.57599965294,50.38715401547,4154.765625,2.673692914885806,0.5639074781443115,3.0170895086019587,2.828478024480669,3660.0699661415806,0.224261210311207,5.88408568105471,2.376277407622794,1487.7689434124356,2.6736869802955763,7.148602068602077,inner_race
0.8710652985388672,0.1993062436851787,0.7040097700139132,0.0622573651118801,0.034354373483489,64.91314814777722,17.96207341303132,43.101152112610286,85.59936010792778,-0.0383268914718749,60.84475372493,37.54391793234,4203.359375,2.090177290173095,0.5783715472691273,2.3995644111631784,-3.1408837710446,4258.596698871248,0.3624257573773735,10.564430820380425,2.8371616594231406,1889.05490294988,2.08982586684763,4.367372153745447,inner_race
0.9461704611429688,0.2842809465726276,0.6689188754112122,0.0384389007214497,0.0083058304687598,82.82158493450743,17.97587137032071,52.583867576808814,166.71947701350723,-0.0035459932734179,93.82346350398,49.753302233830006,4154.765625,2.767782501824964,0.6007286901497149,2.92524721019244,2.407567265758394,3715.7678777555866,0.2049603602485338,5.319179363649541,2.257832416894539,1445.109839676652,2.767780230318181,7.660607403340163,inner_race
0.8597406031024414,0.3014417369673616,0.6712435636410123,0.0207546219587214,0.0065530752434691,95.52920699889168,19.35461606125581,59.49500703120247,183.97075045031016,0.001522739497998,97.59675684815,51.15027322659,4154.765625,2.6427945180986008,0.5354411999587042,3.073944057733076,2.6343595651677223,3609.1882870912686,0.1694052492356547,5.311678674484238,2.246798725012718,1336.9944938739984,2.642794079408465,6.984360546156437,inner_race
0.8514656184752686,0.2530595173029599,0.6504678648145805,0.0709479864143803,0.0254178153372338,64.61691789072903,15.657898839303522,41.07691908223056,90.69722243920448,0.0014095250252392,68.87349012383001,34.97558431141,3620.234375,2.233734211107328,0.5412759607407421,2.6233991868130944,1.0243784406837375,4062.189537401079,0.3681401230634916,5.733762265896054,2.34490997262913,1875.8165830458956,2.2337337663899164,4.989566539110481,inner_race
0.8464709167148439,0.3407041090335007,0.602341673545811,0.0437851177417709,0.0131350426320072,82.52504628741329,18.34657915331488,52.83462560940664,156.74867122891288,0.0018167881412304,80.14309339295,44.72297397388,4154.765625,2.4376737265377018,0.5419321283155845,2.8798080104137784,3.3373503766255643,3624.553083243772,0.2570558943279231,4.98189495142046,2.227929887134937,1604.0558390748351,2.437673049515266,5.942249896333056,inner_race
0.8574620532922608,0.3485694323857042,0.5265900102835699,0.1068411559628462,0.017997135707278,66.29787413232549,17.16341134015473,43.877311112117965,98.97813868130105,-0.0068401197703759,65.35433615585,37.62312927914,4154.765625,2.192054279507865,0.5674862093473331,2.556444650922315,1.995181010443385,3869.1262811440174,0.3631361823615318,4.2412787688068505,2.0561060513027694,1966.3208125628005,2.192043607474603,4.805055177070272,inner_race
0.9204870947510156,0.3085544373293152,0.576254222500703,0.1025064991754111,0.0126697789341375,60.85647859073217,15.679308136360866,39.14754006906216,73.8533440166791,0.0019302913580761,63.65457065793,36.03480542482,4154.765625,2.298239508492981,0.5921276790784891,2.496764508267915,1.0735957010152737,3944.705478910843,0.336454658653079,10.541952082102238,2.817584011368242,1858.2174465799824,2.2982386978669846,5.281901112373333,inner_race
1.009107660267183,0.2289406301344722,0.6294201696422733,0.0902376519317525,0.0511227721889951,85.08275341703511,16.548816376165426,50.68861850979,122.70488606811638,0.0015809378035986,99.56736577606,51.15027322659,4154.765625,3.09087200340561,0.6011826271756362,3.06297546347754,1.9960035192620715,4425.240530309303,0.4666345970531696,5.092220350472154,2.2547429043912826,2198.344085266342,3.090871599091795,9.55348724207227,inner_race
1.0605436579498098,0.232201884150548,0.5920334864864749,0.1537843921678126,0.0219768384052155,76.00603537048895,14.657126963971155,45.00806131740497,104.47790064657016,0.0050737232090967,90.9821039526,47.733013986790006,4154.765625,3.2566419124377544,0.6280161010124654,3.0707287606936733,1.4265073391619412,4369.120397717591,0.4169554035908389,12.177679172829396,2.822747851278913,1976.5109075344108,3.256637960102263,10.60569080317903,inner_race
0.8374563912759814,0.2418811776678597,0.6737034648493692,0.0665726197399434,0.0177719545980034,60.40530247847418,15.727869830160053,39.55600413719128,82.50050449010338,-0.0074058914831103,59.57822066469,33.12642847803,4154.765625,2.1062247358193518,0.5484026586877008,2.515026164658228,1.321738500429461,4059.786237122597,0.3321757129446457,17.710348015254528,3.5349418668813937,1738.7351635546513,2.1062117155093016,4.436127790548636,inner_race
0.8611457992532178,0.2426872529721279,0.7166167393115999,0.030837870707163,0.0098300536221979,83.87154736223764,18.36015294150684,53.12686260575643,145.44042724758748,-0.0083097854983642,89.97195982908,45.749974560450006,4154.765625,2.4918079226357066,0.5454766962013687,2.8935958635536427,0.6028353843741202,3848.4760563526393,0.2288716459673898,10.16214299936268,2.803690104038076,1456.6259111798215,2.4917940666867007,6.209037670775046,inner_race
0.8470897100613282,0.3127910803839556,0.6139935755130324,0.0603103283166315,0.0128698501621387,90.12342328612765,18.7837758581087,56.89350134509464,171.52180389683392,0.0024530372251172,90.78631903005,48.19389955879,4154.765625,2.56571947636318,0.5347544267796173,3.028863939543576,2.980694508599601,3730.718123432216,0.2800389721312243,5.7680084268814085,2.3618991730105177,1650.6094662420037,2.565718303711014,6.582910413997724,inner_race
0.9191629348066112,0.2260933473998583,0.7418721961420076,0.0265781479063402,0.0054226176591651,72.17304975737554,16.653485497339865,45.71467263998271,119.09679229573808,-0.0056663512431249,83.35102157606,42.01923266749,4154.765625,2.5231494436526165,0.5822011513819388,2.7450513375884533,0.4735549615925068,3832.382807898604,0.1671520403344222,11.766203736495244,2.9916866153492494,1304.894120151879,2.5231430810534894,6.366251007468096,inner_race
0.8689272711554932,0.2353512697534831,0.6950587031522694,0.0505000696352277,0.01908944808805,69.46564542142816,16.022794582598543,43.38338216647384,89.9848305039858,0.0039703040530419,74.54774136866,37.69700387941,4154.765625,2.352710925992311,0.542671181570589,2.707603966513438,0.3579266128126341,4000.88975659805,0.3055136832246405,8.857371011319916,2.619262869459181,1665.0051086893368,2.3527075759578207,5.535232937969324,inner_race
0.8859976698369434,0.246074598344332,0.7054542291191631,0.0374484028058044,0.0109620149740337,94.61689377749563,18.31533898976973,57.73183719095284,167.67716220616305,-0.0083885769131738,98.22920036832,51.15027322659,4154.765625,2.79275602024951,0.5406040209571533,3.152103120952317,2.055094297131621,3858.1409371399072,0.2403206453451634,13.590986134506128,3.1556200216457646,1498.1276224704195,2.7927434218734186,7.799415820417252,inner_race
0.891591048248286,0.2591366664285937,0.7085085077705505,0.0267683043803067,0.005541248498358,90.05460064573344,19.04752469524769,57.36965767779436,187.526792813412,0.002886221820581,96.6709925818,51.15027322659,4154.765625,2.685402646536631,0.567991783427151,3.011921947638053,1.607581979820375,3760.604950732736,0.1689812126563786,8.21285918761636,2.589540832521247,1342.769834114978,2.685401095506879,7.211379043749545,inner_race
0.9171409825461768,0.2543823704034405,0.6493865165011521,0.0814120403179216,0.0147958206829948,49.25806909401868,12.48516131175479,31.27219890088812,61.01288800161798,0.0003133095876415,56.04614848868,28.68101522634,4154.765625,2.297208222639206,0.5822602419026345,2.5047492875759096,0.3734836312427392,4058.505903887904,0.3241678709466531,6.806098697853374,2.38374146065568,1768.7232259084387,2.297208201273512,5.277165519998283,inner_race
0.8960465399099659,0.17860494563578,0.7566033234233052,0.0394860081385387,0.0253015511490356,65.28416762571322,17.13669976567444,42.39340151039126,96.71745418764806,-0.0076254620123779,68.8283830822,37.986460738400005,4203.359375,2.216673061781041,0.5818632927386582,2.473836975034545,2.466090194372729,4157.401054032631,0.3000482042310757,15.40784526089774,3.392772610678954,1661.0600552619755,2.2166599457640843,4.913581315154833,inner_race
0.8854076758505762,0.2570261764511676,0.7044499531964589,0.0323664648799669,0.0061418804742949,91.9623237977646,19.028267700874185,57.77030696899251,180.0765893047334,-0.0079360464638867,99.15588518654,51.15027322659,4154.765625,2.688120328696032,0.5562090116282311,3.0360255529902207,1.40055957510783,3767.457086681737,0.1786393578473415,9.57649909162425,2.7323087335338303,1355.9552496500285,2.688108614010116,7.225927920715383,inner_race
0.8545991467402785,0.1950615655332369,0.7554128815395068,0.0340702205569971,0.0154164551045035,58.04085164968572,15.199920095255344,38.06635152992571,78.65605539999432,-0.0064259476335009,60.25892304978001,32.531471536990004,4130.46875,2.1402396415981624,0.5604926635697661,2.5043783974764526,0.7625657979677808,4050.3221875232,0.2594930236077732,16.155928160081327,3.51713487994146,1516.6982208676286,2.140229994805521,4.580584430665242,inner_race
1.0116907589537256,0.2399063027846182,0.6298512139057443,0.0883891321841653,0.0418046064288631,83.78801127659983,16.618215631216312,50.55919783184419,124.5284541088393,-0.0048385874342919,97.88736470968,51.15027322659,4130.46875,3.077964226827537,0.6104724583775287,3.0423963049842606,2.3313924883929857,4290.327665971893,0.4367543271432563,7.745564931139199,2.636774196441705,2085.1524507665918,3.0779604236737157,9.473840369701676,inner_race
0.8756105009200292,0.2558193123716075,0.6956944545392736,0.0412703358280562,0.007213625723763,93.79592240299712,19.105911155186423,58.41669689073502,178.1271420891675,-0.0055864375961425,100.46822637096,51.15027322659,4154.765625,2.677196225352745,0.5453357876989711,3.0575195506903325,1.3979663615713172,3803.832163407637,0.2016028011987632,8.732026646102092,2.670439353354222,1419.94018016636,2.677190396807438,7.167348420757968,inner_race
0.8867360795632228,0.2419349351163523,0.7197201792665122,0.0299260401882783,0.0084130299418136,73.03311604452277,17.226612030976963,47.10188596743807,125.13376915711947,0.0056592396592382,81.82786182067,41.7669417028,4154.765625,2.424559259109947,0.5718904514129981,2.7342512783557944,0.4265526771756938,3826.5516607846175,0.2146841892654192,8.808571241792153,2.7245431033538963,1425.5668896531909,2.4245526543967357,5.878455573942254,inner_race
0.9030970261219092,0.3367036080789021,0.597449153668039,0.0536904274541758,0.0121234718007813,71.5366857634391,18.158773733576652,46.96101455977447,127.75199968887614,0.0056343511096435,77.96535419792,42.410352592600006,4130.46875,2.33552954702997,0.592847601758412,2.58613358196874,3.01451086516715,3657.216126276943,0.2848484262893134,8.597355519296622,2.5845989704913497,1638.7217573619198,2.335522750721472,5.454666519137589,inner_race
0.8895563211046777,0.2423524367478032,0.7187964117721691,0.0320630074744596,0.006725628220718,81.37458288538518,17.509183014768936,50.46340959950034,133.89518427598898,0.0077413464792871,88.57429994651,44.89004499373,4154.765625,2.5638000902649427,0.551647005760471,2.8821110360737348,0.4277489514469551,3847.960780739621,0.2040490851462887,20.48200414332532,3.5909039936167333,1410.7280699122182,2.5637884028127624,6.573010974397216,inner_race
0.9540478725061524,0.217989724986815,0.6810290981648942,0.0789931607979849,0.0219318635096174,87.14291261960017,18.32904628783737,53.61394821019335,148.70467440827397,0.0031701346533398,100.82315093599,51.15027322659,4154.765625,2.790667469727099,0.5869699748259882,2.925081172705097,1.3538920389071671,4170.763566391774,0.3478281742572053,9.096000775979553,2.614560563139188,1784.7778425750748,2.7906656691261547,7.787814876839329,inner_race
0.9621668983647316,0.2967182940561577,0.6654172801488301,0.0308356914811668,0.0070113918183881,85.10836702565214,17.923894171121574,53.1615391399594,156.7358976737476,0.0076096583384521,97.1246234735,51.15027322659,4154.765625,2.853747781495036,0.6010016995294132,2.9659592180370957,1.9007322269862856,3643.269009950498,0.1932497075410062,5.125260898331465,2.259576157064252,1394.457678334956,2.853737635713524,8.14381849348781,inner_race
0.9106936551186328,0.2538831228117363,0.7117983020535669,0.0271796993741859,0.0070675858359216,87.91858118830127,18.53626885681366,55.34259648459344,166.10572606031917,0.0038447777705566,98.36261942577,50.40015147631,4154.765625,2.7190019666651333,0.5732593815221441,2.985638421199869,1.6381728759362233,3780.042645581632,0.1798387250215472,8.722904007295249,2.6528487534439305,1363.2342566159853,2.7189992483288323,7.392956912412756,inner_race
0.8924614127815431,0.2615652147175058,0.6317683696256532,0.078339033680358,0.0282942082170322,54.00249142563913,13.863243896894584,34.87256378053418,72.73793367016752,0.0047779153106543,56.89703104232,31.12241753889,4130.46875,2.244959244052652,0.5763144758190508,2.5154692537975007,0.9349998341860222,4108.600560858394,0.3914411597912408,11.86735788353494,2.957822028704494,1926.3955686977804,2.2449541596617824,5.039819178982739,inner_race
0.873025036886421,0.2653278200845989,0.6763295219510816,0.0481080040032103,0.0101307802034461,93.44135901266996,18.9356426242407,58.58969796446349,178.35299492490375,-0.0083211983316552,98.22913330825,51.15027322659,4154.765625,2.701269465294478,0.5474050652415533,3.0941489088656096,2.3224390864112765,3809.608120087124,0.2162453168241392,7.564106663124996,2.556712950603262,1511.6488631729042,2.701256648634231,7.296787481790638,inner_race
0.8268765786452346,0.246732208730225,0.6659419469964406,0.0679110558230437,0.0194122463507519,52.80908779334054,13.184370445497123,34.41790377897532,76.26730052929446,-0.0005787518735351,56.857849672330005,28.459358520900004,4154.765625,2.1585678769075978,0.5389102465142156,2.610507943572696,0.4503563238134939,4070.038286727632,0.3388872535829086,15.832988930147206,3.3025803090556365,1759.6393582869882,2.1585677993205685,4.659414944263642,inner_race
0.8854893630064893,0.1972339347362267,0.7647800253122597,0.0273292519427782,0.0105758885697399,56.489491676069065,14.375698264749444,36.178279710069454,71.10826662916037,0.0040621365796533,62.94463008232,32.03548185514,4154.765625,2.2284470128100837,0.567105153624729,2.5166276478396865,0.5642677291444216,3953.0965034243486,0.2133556744540987,20.826765147917538,3.802152276053268,1403.778333567935,2.228443310463291,4.965959587948591,inner_race
0.9064626117045168,0.3055033725024542,0.6444307367466309,0.0421963794608295,0.0078577351030503,89.85017612791482,19.000257227220093,56.428442349549066,166.2066296070787,0.0009642280618408,97.66279882436,51.15027322659,4154.765625,2.692083197342784,0.5692840618784112,2.9698778113755595,2.5135263162774213,3678.150565673488,0.2169850326065596,5.225925451921063,2.246178655453467,1456.2766297224605,2.692083024663168,7.24731101167959,inner_race
0.8437717601165771,0.2685360533039321,0.6257116288042249,0.0889100466733046,0.016764715505466,57.24372358260098,15.147549579163275,37.72442388419376,79.3488939992195,0.0036030394349462,57.07901378319,31.83080354015,4154.765625,2.1013830239536526,0.5560575299442061,2.4904637999064128,1.2627868932407982,4032.545591930925,0.3459727166199925,14.68389678609124,3.1444634382642,1818.1463259946931,2.1013799350587288,4.415797631467426,inner_race
0.7955176616886183,0.1918861960568139,0.740607841874612,0.0435979786112988,0.0238532619296558,43.12944471563202,13.115203951301918,29.352978251788937,55.45306496123686,0.0004191982954736,43.99164367843,23.35081262246,4154.765625,1.780438391134742,0.5414123176502811,2.238087822406691,-0.7693495147565743,4118.789760213041,0.3146949966261478,21.92582398184472,3.882945508062752,1690.288546696982,1.7804383417853196,3.169960688899258,inner_race
0.7728509340710987,0.1945028690186563,0.739809628287786,0.0393230652411242,0.0261968885467901,45.8755981180756,14.388910398638217,31.633250690541203,57.26976600848404,-0.0031203160242138,44.48760776341,24.44778734389,4154.765625,1.6990714839814254,0.532914846820433,2.1984465685139725,-0.7899385730000432,4107.590456486038,0.3096612582363603,23.74822302620822,4.000851133611795,1723.1337977532698,1.6990686187752253,2.886834171306752,inner_race
0.8743292920562744,0.312386613829916,0.6247604542277178,0.04965944343181,0.013164046524826,71.698876104386,17.715025341899057,46.875893089296255,127.27059631884208,-0.0082645092348388,76.40384217886,40.98496641927,4130.46875,2.313570860230923,0.5716263440392038,2.6461092877144674,2.994087080270221,3742.4631128501433,0.2930329116448337,7.064732129777498,2.443785758815162,1650.567020032328,2.3135560989949564,5.35254182319676,inner_race
0.8491577202279981,0.2307646583960237,0.6342550486411911,0.0887279635708477,0.0462305472122299,56.45387678081804,15.782724346006423,37.874590744066566,96.83559623680794,0.00617927669,58.702385668640005,32.161501130800005,3887.5,2.0377661312280333,0.5696951735603014,2.399749872945741,2.092938448839893,4344.170783266363,0.4339883508978672,7.549989660929928,2.6092832951762164,2123.098098786876,2.037756762255902,4.152452622119656,inner_race
0.8737007872943505,0.2519919636985397,0.7146900346061642,0.027354108436067,0.0058858729866145,91.10522857408266,19.33628172883852,57.97630504176786,176.235681077864,0.0045509178071923,99.33884944298,50.65394335941,4154.765625,2.619632050761016,0.5559938123443761,2.998317145705466,1.6840161717214135,3774.6194848809178,0.1703506120584096,10.361929233407444,2.792036817467789,1345.274691804526,2.619628097750037,6.862451370521476,inner_race
0.8151873921698585,0.3525666432106575,0.5230907710604507,0.1004613436355236,0.0238505246548806,78.01153359554318,18.68816233779548,50.39380306107603,138.53895898399773,0.0042577205125048,75.57508335195,41.08039289888,3498.75,2.198203983694952,0.5265938381863439,2.696562783980003,2.770851476701485,3858.710836246015,0.3689993993766259,5.184436224375739,2.265510402167084,2022.108552620843,2.198199860283044,4.832082625748395,inner_race
0.9725005758562304,0.2542910776945835,0.6846265816619481,0.0546118995639913,0.0064673228572897,83.50245888962283,18.15120188744512,52.59665083648423,163.94672405400533,0.0077887957653222,98.36677105374,51.15027322659,4154.765625,2.8180102642111966,0.6125600839395957,2.897695213938667,1.725203611322559,3866.94636659066,0.203193747446442,13.212516182491989,3.073039388989509,1457.6039089693886,2.8179995003300102,7.941121183860186,inner_race
0.8732884923379102,0.2520415560767997,0.6494475344617501,0.0700932626054089,0.0282796988301681,59.27731750277048,15.259988963079982,38.41774968329509,73.2391922380215,0.0032918358208593,59.60350840745,33.54977869994,4154.765625,2.1985454105576574,0.5659800428447519,2.517547671642686,0.916236772237517,4126.864422463115,0.3811516228934319,13.137276216655607,3.044437018505507,1902.976612443493,2.198542946157993,4.833591086101068,inner_race
0.884946455028003,0.2683047122997636,0.6729631421659198,0.0496995952990231,0.0089597967161582,88.36063007690106,18.45708975996365,56.11854273512912,185.5012828925552,0.0036198104059326,95.06647676876,49.66190545479,4154.765625,2.690668252722839,0.562036570037683,3.0404870683816645,2.4591082450450723,3825.423433035357,0.216659258715623,11.905624715184956,2.8810458931028418,1505.573737902953,2.690665817819671,7.239682543183201,inner_race
0.948060109552744,0.2955120713435268,0.6706127527997564,0.0267447800333072,0.0071212638899829,87.24308417311104,18.041110584138483,53.95256346216339,154.12037771944853,0.0029448130562792,97.36841121343,51.15027322659,4154.765625,2.8352064573874225,0.5862960223310731,2.9905344912412324,1.866269044938384,3636.061106891068,0.1886175839198358,5.560281795005345,2.306187458124997,1381.4882139621168,2.835204928058535,8.038386984087403,inner_race
0.8422242317561426,0.207980893949639,0.7334289384346415,0.0409876802926383,0.0175192394747263,61.11792083386644,16.158291248604183,40.1505394307641,79.616825626857,0.0054174030911035,58.47533246436,33.81575722667,4130.46875,2.0927805240291817,0.5532871008257882,2.4848258279929483,1.269482065135621,4065.148724601445,0.2841911972386107,16.75484761415965,3.535133276618469,1601.228702041396,2.092773512231939,4.379700973499605,inner_race
0.7347828094470898,0.2008237780993983,0.705792709242962,0.0602570243774734,0.0330269646670848,42.54923579772075,13.22050786336198,29.31159463316334,57.20510711622968,0.0027528012152246,40.99684459052,21.53765585393,4203.359375,1.6291095679930232,0.5061819666120471,2.217130758977469,1.2010522427037065,4221.425168261394,0.3744733881077906,10.235182276171908,2.933068166174108,1899.1817846309048,1.62910724220718,2.653990406611884,inner_race
0.9050935522444824,0.254517600667764,0.707719284665156,0.0304502175167391,0.0072607053235065,90.76410097853888,18.83359192281948,56.51379694369248,161.71762032875196,0.0058419462011621,100.7951868868,51.15027322659,4154.765625,2.71590642062359,0.5635518082053659,3.0006913803424973,1.4860590226358708,3792.667132006648,0.1861750242740673,7.910190083577618,2.563480340220919,1382.4200715298143,2.7159001375693155,7.376113557249026,inner_race
0.9272600387840284,0.2987312529807128,0.669128677796779,0.0220998792179711,0.0099520583813458,84.80355359504665,18.515361706067672,54.09435514395423,152.0331017270381,-0.0056522146898388,93.12100927073,50.15953384878,4154.765625,2.709076638364684,0.5914791506061345,2.921593215552843,2.7436181181936816,3647.1884813433303,0.1989543561252139,7.370469258345031,2.4872574995610406,1430.470925575926,2.7090707419708315,7.339064285002392,inner_race
0.8383149613420753,0.2438685782252881,0.7145673970859958,0.0331898391767012,0.008355466746459,71.1431988899046,16.87989941310522,45.91216554303458,111.80618298943196,-0.0047073368747021,75.76452195333,38.48885528234,4154.765625,2.280159042444175,0.5410054071634058,2.7199312282269457,0.4162684301869246,3869.844757406986,0.2186595524142098,8.574511315605019,2.619059496151973,1428.905245827065,2.2801541833436367,5.199103099819487,inner_race
0.835734778108584,0.2316659218037962,0.717728613601286,0.0385592165752663,0.0119661029752642,72.2865100043682,16.193288843845224,45.98521192099624,116.3008103661506,-0.0008071811904589,75.11649611144,38.43144088107,4154.765625,2.373294347533182,0.5316543969095704,2.8397697567455165,0.2233175986938818,3931.903561408751,0.258333428780018,10.006083963607672,2.7956877791990484,1513.0145032104851,2.3732942102679724,5.632525408491478,inner_race
0.9002881422118556,0.1969749711374244,0.7646127046396236,0.0254533179275011,0.0129375021013723,52.71033640583621,13.843748804984491,34.136176541074626,72.06856640552732,-0.0069398674570605,58.9916462324,30.73239496038,4154.765625,2.2199474573906377,0.5830430434698808,2.465818834330754,0.4385964080072416,3956.589596461272,0.2235210151355817,17.62286071307538,3.553783469354011,1432.3327037108877,2.2199366098640825,4.928118551814836,inner_race
0.78817164757938,0.2489453219968964,0.6209303592771553,0.0907502272025371,0.0393544760353215,58.10249123995848,16.153942813150973,39.48685243179283,102.22942769829392,0.0010223876697802,56.89703104232,31.12241753889,3693.125,1.9266143194188567,0.5356468694321039,2.444409571615325,2.0036246398062647,4239.218385070469,0.4232245598324166,6.9310596288686845,2.5627428101043277,2087.597544642631,1.926614048145928,3.711841690513239,inner_race
0.9177251774378417,0.2110901468923266,0.694651387842777,0.0612000562952729,0.0329322624525738,77.20951217678093,17.728017470111574,48.21381330248716,118.40858345639502,-0.0001158028231738,87.21769301952,44.24703036798,4154.765625,2.4958814736378714,0.5730774501808901,2.7196393157764485,1.0044051871852928,4190.514818527005,0.3778333907273389,10.253431674988423,2.9177770743124203,1916.195932554774,2.495881470951387,6.229424317038459,inner_race
0.8762094549418162,0.2343529626318596,0.7264163789278923,0.0324809868725107,0.0067309544018606,79.39621756918426,18.030398834622865,50.49823431877733,131.36530105992716,0.0001493773648535,87.21769301952,44.24703036798,4154.765625,2.4540239388945,0.5572939331703558,2.800727525883017,0.6681861669504914,3861.1712698065744,0.209379126772106,19.503102659100986,3.5568805971803026,1401.146535112087,2.454023934348172,6.022233470353679,inner_race
0.7946413440295557,0.3355302936475974,0.5465995573206814,0.0951983286925728,0.0226569667554956,83.73011282508568,19.962560914567447,54.30062189714749,130.41900134146326,0.0072375713964306,70.73722358927,43.14951916599,4154.765625,2.1615222290694245,0.5153405114373897,2.720123040802958,2.4437444345001524,3867.233571394511,0.3528363841619636,7.168480765105411,2.550142370451502,1982.460451249616,2.1615101120100126,4.672125964321537,inner_race
0.9140594074758496,0.2372984155809592,0.6386973981031729,0.0928238471866694,0.0311563022376772,88.51272270445584,18.49767001897711,55.95946259974513,166.89556272427518,-0.0084187968097753,98.23267529922,51.15027322659,4154.765625,2.765227900276844,0.5778861124561818,3.025216826894158,1.8827201381530472,4221.53766828766,0.4120596567941249,9.28105774164045,2.7762323075848903,1978.9221671853516,2.7652150846416563,7.646414464329761,inner_race
0.8347480764219972,0.3044244952648687,0.5673319954321232,0.101169612864704,0.0270458582474102,59.38311769090931,15.31324674071118,38.74307092215512,83.63030246296293,-0.0049179176396142,57.2827727577,32.34070392695,3887.5,2.1119429781648007,0.5446110811373059,2.5300363520659763,2.2478422647607226,4048.78531497566,0.410338437148371,7.038555588951226,2.500128662940316,2046.7283665380571,2.1119372521705517,4.460278957105698,inner_race
0.8850443791926221,0.2445095977059766,0.6946745277567189,0.0458563257517778,0.0149049846091328,93.31388200797632,18.22397846150104,57.794020762271394,178.96504751684816,0.0036849891742529,97.34152622173,51.15027322659,4154.765625,2.806756676904948,0.5481528806423224,3.17131744225685,1.8164183169079664,3927.4123627040353,0.2845294756107721,25.89111911123321,4.00342781035649,1605.2119786996177,2.8067542578938567,7.877869464205293,inner_race
0.8528981593877685,0.2396537041039941,0.7163268025053677,0.0344784171191276,0.0094651386507846,76.25363316957467,16.981679352683944,48.32217732033138,120.63274292837168,0.0084917923611767,82.16269275018001,41.21389609412,4154.765625,2.426962330295453,0.5404843596431339,2.8455476232210266,0.416031764798302,3899.845620942367,0.235082773517127,9.974009708883589,2.768956969419805,1464.1045453668694,2.426947474119625,5.89007404213563,inner_race
0.911994340735918,0.2484621836322489,0.7094343915738637,0.0325025284629572,0.0095418571535677,87.98649608599779,19.10530536197832,55.11209230311892,152.60891963482683,-0.0024519925327343,97.4082266059,50.26191628656,4154.765625,2.630783195257732,0.5712457993262299,2.8846485967608824,1.408268666243122,3805.5364502406583,0.218499641989335,7.182670923886139,2.4947661662804665,1426.285634524306,2.6307820525811523,6.9210142081831005,inner_race
0.8392849044791553,0.3319685112925319,0.5621914906387881,0.0929303204528108,0.0128646443032462,71.99163634095785,17.93319172977674,46.82852964967885,109.54399953217964,0.0046212701551318,69.97603083107,39.30247803393,4154.765625,2.1916052996116213,0.545931166889866,2.6112769190954186,2.0562386529660595,3842.4565719621855,0.3285948486228336,8.657198912298197,2.587088167203184,1825.7744000046068,2.191600427347079,4.8031124331478985,inner_race
0.9378793841845068,0.2529111865023052,0.660043393852659,0.0749078469672402,0.0121327886663407,51.37986991900725,13.037052225598217,33.202062626161734,74.71547247391548,0.0056834554648779,61.42005596909,31.13953004948,4154.765625,2.388540715387917,0.606064789548258,2.546746154853133,0.1248311459184861,4018.781026989761,0.3007857469008239,35.47384877212799,4.580062709695985,1713.0084733311712,2.3885339535790155,5.705094447399803,inner_race
0.7402910046690625,0.2707363490651295,0.5900968445449832,0.1114746290814728,0.0275572308117169,61.90463691636933,17.227382059904897,41.51964668261829,88.6306720170286,0.0056656337035546,53.9517161897,30.73662095618,4154.765625,1.7841724789813873,0.4965156487017917,2.4100961212935155,2.210527980151773,4155.194984976742,0.4170653001780854,7.0105998705882815,2.52584288338637,2051.510643721174,1.7841634833583289,3.183239335349326,inner_race
0.8927170180275538,0.3115681410765192,0.57536776770756,0.0859595941069513,0.0270525933057144,71.65558780109227,17.336604136982743,45.59721664821408,111.81241197399152,0.0004549430273876,75.81061051053001,40.70541127655,4130.46875,2.3479460541938844,0.5680703002471151,2.63011235002738,2.3814341612283454,3963.998528280728,0.3765174210096996,12.05304087270939,2.9525352353201653,1989.845360517578,2.347946010118519,5.512850466431472,inner_race
0.9102311704594532,0.2840204116078298,0.6727319270584928,0.0360526082537017,0.0071820446782143,90.20101096756136,18.673287968184507,56.194816093554685,169.53029845276868,0.0026796983566015,99.56736577606,51.15027322659,4154.765625,2.7392215722126543,0.5670698440950399,3.0093691153534,1.772402827675993,3710.712231355479,0.1993333497341919,4.599954926326705,2.185424733836028,1409.1206233224343,2.7392202614780508,7.503327640891881,inner_race
0.8357671286078077,0.3663640974942942,0.5232872339757123,0.0882014198896172,0.0221459890788323,76.69921225705575,18.901564561778024,50.54423292128909,143.19437999532542,0.0004787688796728,77.19593134022,42.24320841631,4130.46875,2.2349053845908875,0.5507645668476073,2.6740766752979583,3.021543665566769,3746.415971455363,0.3491928512090309,5.2555734556176965,2.275878251758069,1956.071708602988,2.2349053333091544,4.994801848853703,inner_race
0.8432163749677295,0.2574256338078609,0.656514091250447,0.0659695253620647,0.0200412611201784,60.2711334249988,14.33354740306971,38.58204569195547,86.4498945316074,-0.0081940140032275,62.91338618607,32.53301270721,4154.765625,2.2697111742374845,0.5397776822580245,2.6917304284138788,0.0870510467276687,4019.1913486075136,0.3535308386010343,12.975991809706906,2.944502238125704,1779.0348066359795,2.269696383350208,5.151521672593015,inner_race
0.8612160663046192,0.3644621603630938,0.5538542545913605,0.0657476555637159,0.0159233292891911,81.69293799526469,18.71064624165945,51.9992934484922,128.78602541593818,0.0022713011014648,82.06954631295,44.782626954330006,4130.46875,2.393430262960186,0.5481823527625586,2.7791286723552715,2.3648286304823696,3642.0812282402494,0.3028062404344185,4.272842393635847,2.12221133912451,1762.5142452393409,2.3934291852580416,5.7285032648449725,inner_race
0.8537998035766894,0.2489648067877554,0.6587547393843126,0.0815618437177752,0.0106903947948906,55.879995557454045,13.778294339093694,36.20061754706623,79.11025062798053,0.0052402035240332,58.80874903603,30.90808015104,4154.765625,2.2432442935511467,0.5531152936342182,2.627365670680499,0.1973788403581521,4040.076717680771,0.2997348274837169,20.81766742744673,3.688449621051831,1703.8734886704574,2.243238173002771,5.03211750081681,inner_race
0.9151257946869532,0.2063036341769572,0.6887851520166802,0.0700191119915072,0.0347205845587875,80.64814770144848,17.513305267780837,50.36064970524106,119.6405863431142,-0.0072681426931933,85.52156705449,46.08632958246,4179.0625,2.6315038125467303,0.5714493251979831,2.8755651166481617,3.0550499195759784,4286.214587776739,0.3686488303546845,11.053262041994149,2.925849693822616,1905.1709545572269,2.631493775320354,6.924759489549769,inner_race
0.8966935598988819,0.2445554531916756,0.7150482687995703,0.0269598110613586,0.013362439870322,87.10187484214806,18.67499216977241,54.96607844363025,164.21812264523737,0.0050952748296045,94.47519593883,49.287728553300006,4179.0625,2.639236905977277,0.565863004012515,2.9432986072464917,1.204812401043822,3837.119456084425,0.2283528589544276,4.272871651889967,2.16478907965473,1500.3808206486924,2.6392319875385946,6.96554548404692,inner_race
0.9607286296068848,0.2524782833133988,0.721104442809782,0.0220376887118119,0.0043758811741506,85.25247812965694,18.208246125427056,53.24112517342166,154.70782079378853,-0.0089831634997363,99.15588518654,51.15027322659,4154.765625,2.809181778093431,0.5999857640360634,2.924011725603415,1.1037596875902382,3729.8838056593017,0.1502758370326341,10.601782404728931,2.861119338551933,1271.077589917467,2.809167414937335,7.89142156514571,inner_race
0.843986834619165,0.3673520407445334,0.526877114900006,0.0873621869803249,0.0183814569978888,84.21233714630901,20.460184558953543,55.23472933579031,152.44324808518175,-0.0054998649747021,78.05954311442,46.61738437316,3571.640625,2.278443981716668,0.5535695356865323,2.6996202882060096,3.418099397214228,3711.2342874198034,0.3282304002250054,4.603339806386919,2.183101947794484,1902.4642809288728,2.2784373437306025,5.191276729306164,inner_race
0.9138051018643556,0.2328229123877824,0.7103988744906697,0.0369664700406839,0.0197499084503487,81.29013557952362,18.579908595666403,52.415684173089566,146.37569601525746,5.728883833009541e-05,94.71597207198,47.89771961508,3644.53125,2.5779308530210807,0.5892193348382737,2.821094834950644,1.4111690601509714,3934.09165762938,0.2878120643063845,4.869047301252688,2.255727112629049,1639.4170214860048,2.577930852384521,6.645727479675985,inner_race
0.9303971837149904,0.2760899154216092,0.6798084276441544,0.0357428750704268,0.0082893300782346,88.57787658225945,18.585353210556164,54.97681433466047,160.21541231672944,-0.0033606374300781,100.3782561425,51.15027322659,4154.765625,2.752181927731,0.577461045581606,2.958072074919435,1.7626686687276782,3734.405597824676,0.2015082328569527,4.818092066753328,2.2207239911318237,1431.5559833319846,2.7521798759247527,7.574494069445188,inner_race
0.8925097189128468,0.1846839837749574,0.748047887966298,0.041462497023298,0.0257366967385117,63.95050196074747,17.185224507171863,42.15430765837283,89.94656495509719,-0.0060564445045458,65.35433615585,37.62312927914,4154.765625,2.189271909915337,0.5883164029303931,2.452939014022231,2.2704548761106347,4133.81376471091,0.3043079566261144,12.599601432908337,3.107085316235344,1689.523009723148,2.189263532566217,4.792874815024312,inner_race
0.8696481159043409,0.3091917228359806,0.6387556471588377,0.0431698793878238,0.0088208018101433,91.08020989436012,18.882184597075565,57.875658739064455,176.93749386900882,-0.0037486588782568,92.95113392068,50.331457579150005,4154.765625,2.6655526705816253,0.5526058584793253,3.065093365734181,2.8412962358379765,3656.459878705627,0.2276859963832707,5.679289080348386,2.349735418436015,1494.3406203895563,2.6655500346460297,7.1051569872014495,inner_race
0.876846013587744,0.2437160167003003,0.7142575113996167,0.0343287537894896,0.0076336793496025,85.44877272738532,18.76983628633723,54.67414109087772,163.2280092255399,0.0010306183646289,94.56238622257,47.94080266187,4154.765625,2.5541406931059187,0.5610472933861758,2.912872560890455,1.3707948328251751,3858.591293688566,0.2022439985028606,16.72955162758553,3.2743896496316407,1432.8619757097138,2.5541404851740968,6.52363361800537,inner_race
0.8652138894080861,0.2789489846758803,0.5783275943688415,0.1118343238123701,0.0307530531778195,60.28663362449426,15.146340968966513,38.718193760375065,79.4993866230783,0.00812050020958,63.70884054367001,33.49951901427,4130.46875,2.211723549793808,0.5556707515454844,2.5562737455670086,0.7030944670990548,4139.279076088219,0.4389529746101958,4.566005240687169,2.1829472524101825,2110.2542759686507,2.211708642246729,4.891655118188869,inner_race
0.8604914263237257,0.3347777988944624,0.5394102327915407,0.1031472688823791,0.0225985107475332,71.47951886068496,18.24839341721007,46.7966317100651,95.23604108913206,-0.0046879106488134,65.51796272665001,40.26810036734,4154.765625,2.206665510036798,0.5633515867086816,2.5644247490812626,1.963687020538795,3941.100436565708,0.3983097419361375,5.234789337273053,2.157516254355752,2011.454399910656,2.206660530457666,4.869350696679708,inner_race
0.8754516392545997,0.368439165306103,0.5656147909280294,0.0555094432667934,0.0104094640211994,80.70960698888486,18.644675296318884,51.89679473042496,141.7396279096874,-0.0042867141353906,79.59604172737,45.43313401881,3571.640625,2.436788696866183,0.5629210166401498,2.783464657100852,3.05337766724555,3563.1600047397706,0.268635908969938,3.935608426811849,2.067602262176814,1622.0594279328202,2.436784926343872,5.937920777256711,inner_race
0.892707607359414,0.2874756532382871,0.6690786567054525,0.033906715720662,0.0094506913017609,90.10994433073166,18.15592150314881,56.015039438156606,164.17845785800966,0.0031022708626855,94.87235005885,50.00505183298,4154.765625,2.754200706601841,0.5549337778907711,3.085221503543174,1.9995713251852612,3692.015841240128,0.2097434189448408,4.774416043343214,2.220453030943922,1463.548431831677,2.754198959436586,7.585611908161572,inner_race
0.9588637553512256,0.3015894393544331,0.6724425551513452,0.0180472835675197,0.0078485888427604,83.63768858462457,17.825920706736788,52.49072905119238,144.8881565510381,-0.0044836465328955,92.95113392068,50.331457579150005,4154.765625,2.823498343068961,0.6017796334510687,2.9446293358275195,2.3746748212090045,3604.915125574693,0.1778181248075631,6.327499663292352,2.41117249035683,1370.5004182612895,2.8234947831060246,7.972122790226937,inner_race
0.883606687826709,0.3644712221616504,0.5630734377648974,0.0602895469591897,0.0121543162068688,79.40132711899453,18.495948229398145,51.09859589941779,131.84526298635836,-0.0061717129300878,83.62702863144,45.151061075280005,4154.765625,2.441132539694031,0.5686436576508919,2.762691334645919,2.7078122522728543,3593.3544860219063,0.2796487082558553,4.4415411944158425,2.157212305396806,1665.7634954846994,2.441124737966608,5.959089986312538,inner_race
0.9084597053367726,0.2222466594674486,0.7023832973347912,0.0462823833387919,0.0289756142205301,79.27317812600248,18.34026058840936,50.87247870262727,139.44923538865302,0.0013524013239209,91.6663605214,46.215597011940005,4179.0625,2.519898601721463,0.5829916007464924,2.773814388154198,1.2025539333756097,4079.128287614618,0.3411537464105756,6.621875072667812,2.466063945415683,1815.007822991528,2.519898238812124,6.349887133968444,inner_race
0.9150514981350732,0.2525813420959985,0.654152889362397,0.0821469263772726,0.0111117276001527,58.308597178082415,14.146881809306864,36.609435733993024,69.04823504948102,0.0084871665022998,63.70884054367001,33.49951901427,4154.765625,2.367978998186833,0.5745210935526007,2.5878095418814224,0.0789686416510734,4036.7412011053993,0.2983512720487819,34.761311348855735,4.527096276474283,1721.7352250112492,2.367963788544639,5.60725250385868,inner_race
0.8568950765322999,0.296564381292316,0.6720189080363858,0.0224867881934911,0.0088634602013777,95.9141512438789,19.077868250894365,59.6620604970099,179.50699384135464,0.006899919419331,96.70799145133,51.12412589566,4154.765625,2.679760926290248,0.5330196350866699,3.127291776648733,2.718819982571826,3638.5552424511343,0.1772747953071889,5.245153710740796,2.280312883664138,1395.6939946120424,2.679752043227876,7.181071013183974,inner_race
0.8558305448996972,0.2006756599776833,0.7587611329618889,0.0280467457282002,0.0125125703162719,52.29128293776775,14.39203793106332,35.04127534239239,88.50022578991405,-0.0049716270165234,59.80587131323,29.98939377026,4154.765625,2.083748939094431,0.573506559514912,2.4347681343140715,-0.7124894927522338,3958.52585048604,0.223107060246592,20.603794810772023,3.812741244795569,1448.9030069720754,2.0837430081711075,4.341984924101976,inner_race
0.8428637165790966,0.3045597517124899,0.5847243112053,0.0856690485777368,0.0249615006769988,70.81897817710168,17.44002848342306,46.137624654104656,120.82945458360857,-0.0018633802697021,71.50862167085,38.887729790090006,4130.46875,2.2297973783158223,0.5491145282107982,2.645501680112448,2.5721878815150565,3974.300591429514,0.3689566237989986,8.753369980903397,2.6817842401993786,1953.457387836345,2.2297965997278952,4.971992876158083,inner_race
0.9289444521258594,0.2428094402299754,0.7114727865336394,0.0354142817379287,0.0102430319624724,84.59607325539048,18.7788078777825,53.55952813732832,153.29585507223086,-0.0077697060558788,96.01758974157,49.753826521650005,4154.765625,2.6494667204362066,0.5881339949603356,2.8521261033132688,1.0637466692641782,3848.85754119816,0.2268205519557511,5.5729032790468285,2.3029627297850177,1455.7075014156674,2.6494553278677477,7.019613534366793,inner_race
0.7978712367227588,0.1971380540140045,0.7166827485616776,0.0583832316614741,0.027735240303932,47.61262829759356,14.367872508715129,32.46866447850363,61.95250269642024,0.0029917949936377,45.51065790222,25.9058134822,4154.765625,1.80303753854207,0.544095430319047,2.2598101743183685,-1.0808221336876216,4196.249414173096,0.34624093484123,34.20830602268382,4.583688502847575,1793.6803452088152,1.8030350563853612,3.2509354145545637,inner_race
0.8830910681865626,0.1889334609073806,0.7708034452461324,0.0271351722623786,0.0130206724410137,51.20945140121152,13.50671590036347,33.20598404976168,65.02545706429304,0.005356975204873,56.75704619438,29.32390792469,4154.765625,2.1710612809958403,0.572626871062248,2.458479492329301,0.6502865933437775,3989.356724732114,0.2323086544228545,14.721034880207736,3.342561675587132,1442.9515116379914,2.1710546719638253,4.713478388655953,inner_race
0.8542659091385547,0.261058170847796,0.6380423651983173,0.0860937432900024,0.0147944899313023,52.93449039286592,13.373082063576728,34.32644052747037,70.94410227276029,0.0027487052166308,56.75704619438,29.32390792469,4154.765625,2.192756148902829,0.5539660003724536,2.566830919325826,0.650649765845923,4044.471515736021,0.3341023538628469,8.635730550520606,2.558061429131941,1786.4711500284504,2.192754426097641,4.808171973170797,inner_race
0.8983891390043214,0.2478562547491908,0.718520683674314,0.0267358602064785,0.0068277619036152,90.90229957888866,19.130353843816497,56.93554274629757,162.32239123072773,-0.0004612330301611,100.51626576656,51.15027322659,4154.765625,2.67377559475322,0.5626950414186139,2.9761886900330823,1.1941979770925224,3788.077040893262,0.1788855337735228,8.560413567377017,2.643418530177536,1348.0961733887923,2.6737755549712894,7.149075718362028,inner_race
0.8853776171741161,0.2455861140242913,0.6742724941914057,0.0597384306376053,0.0203338737856088,63.27525850241525,15.304321117429549,40.4062552960322,86.23925163721525,-0.0034788171104345,69.75839042207,35.77479403293,4154.765625,2.337561644089352,0.5653836093228202,2.6401860615702155,0.148984683150351,4017.882428316608,0.3345851225359721,11.558766508820502,2.8480652080171533,1738.2647592698625,2.337559055457043,5.464182337749224,inner_race
0.9324979844821092,0.333949530777077,0.6013532361565085,0.0527865288031947,0.0118590240072672,76.99986601599122,17.761660010391527,49.19966631758465,138.8583035559619,0.0037251424627929,84.43165192952,45.878589678340006,3620.234375,2.5830124915969885,0.5958268767482272,2.769992573261745,2.7420520754454807,3641.530893759132,0.2627796954989364,4.470107244108346,2.205197420620328,1618.69945126513,2.583009805451717,6.671939655059717,inner_race
0.8942017252772461,0.3233540055976935,0.5593311417538445,0.0910305511772418,0.0262751011754818,70.01296225125434,17.863569704976545,45.71341884070525,110.49973794209384,0.0061394776338964,73.98745448381,40.87701799568,4130.46875,2.288289444426789,0.583849285636356,2.559030451118072,2.1695026989714234,3951.58592485435,0.3778522643064188,6.426553072000393,2.383518335072377,1994.144248586804,2.2882812083066724,5.2362308882894455,inner_race
0.8095806082240576,0.2403460814816332,0.6253109064128305,0.0871091779486703,0.0471933286391887,60.33321519996663,16.769297782921804,40.40234514578139,95.18427171684942,0.0036432850025244,56.491311522450005,32.7089551568,3887.5,1.9505262283618976,0.5421384398028583,2.409304531936213,2.29986634811297,4314.58707726263,0.4454494311380125,6.763208802493038,2.529278240836093,2149.546490559984,1.95052282580904,3.8045392940020815,inner_race
0.8564800286799317,0.3069053683213867,0.6079734957967393,0.0725674286174655,0.0124830024313164,86.85654004244935,18.60821459950215,55.15582949150544,166.16730612294796,0.0012885650667675,88.51548216875,47.239866424750005,3571.640625,2.538656579444966,0.5438838157916778,2.9640581151176697,3.0294045137973407,3770.380075261826,0.283308441096235,6.138448101616765,2.4397555642696087,1685.4751254390196,2.5386562524216,6.444775567959284,inner_race
0.8651539582004493,0.2391473979978304,0.7167928588914421,0.0322554707101347,0.0117226351660281,82.71732602199222,17.953490091481868,52.19620676933586,140.41982350204816,-0.0003457740930566,89.56930678332,45.15775488954,4154.765625,2.5152633086624947,0.5459286108636275,2.907301393955743,0.8594621716027495,3867.3646736463006,0.2394787938532728,13.862699129535194,3.07063870449582,1493.328412647984,2.515263284895654,6.326549392344077,inner_race
0.9328594359968164,0.3026959234600576,0.6712826665263872,0.0170405190867619,0.0089225992260416,85.42969582658766,17.663179618646684,52.72427143918374,143.22277910554337,0.0042367910313183,90.77250465563,49.1843341181,4154.765625,2.7845685306951777,0.5757287748974136,2.984981898928533,2.386376199253727,3601.5576462361923,0.1798340754311438,6.234858537768339,2.3902304540832,1382.9829492598287,2.784565307501273,7.753803951739659,inner_race
0.9203033262380176,0.3362778834883505,0.5534715150235675,0.0888419770934109,0.0213896494166096,70.86707996557033,18.437522510626994,46.39209910818888,108.53859622100812,0.0052770258369726,75.23021779742001,42.69480312043,3620.234375,2.3156475115255657,0.6024631343802033,2.5161785745047616,2.0558756261334863,3869.838601547033,0.3528960311063359,5.001497619830779,2.233298880073253,1952.904087566781,2.315641498728346,5.36219555063286,inner_race
0.9744291431056006,0.2029916303746483,0.707999929296798,0.0598587015539251,0.0290441136109142,85.951305258408,17.694490722452574,52.49255278179499,132.98017820053252,-0.0034945343143408,99.76649760574,51.15027322659,4154.765625,2.890745714522618,0.5951075794929401,2.966604329289177,1.0216029675400142,4231.89466125782,0.3669776651829876,25.209783069519,3.927981435860544,1828.0875939361645,2.8907436023038797,8.356398574260808,inner_race
0.829056840002876,0.1962046483688327,0.7260309868842648,0.0503851664230362,0.0271257238234443,79.4393175343834,19.336652681669708,51.49804097905023,126.07748655245108,0.0047035949640771,75.23021779742001,42.69480312043,4130.46875,2.20797279773778,0.5374517864148389,2.6632345228948595,2.659159613441937,4169.764979012422,0.3381157875928685,19.063353047696847,3.7085643572520657,1765.416787865543,2.2079677877506305,4.875121751744413,inner_race
0.9056823777462646,0.2953906558302739,0.6585370981588017,0.0376415690738714,0.0083778395901353,90.79948095727124,18.825404952148627,56.47705474172341,162.458197741064,-0.0052353396701708,99.17819790074,51.15027322659,4154.765625,2.717087539769071,0.5633322204854947,3.000044614460069,2.152546209905323,3683.790189279335,0.2092614768551641,4.908342542384493,2.2199824205495085,1441.2032937488443,2.71708249598478,7.382537289986882,inner_race
0.9657698703806836,0.2581451067584569,0.713203025577928,0.0218321891473333,0.0067437901923383,84.40738489514894,17.79530049644257,52.21519227772403,142.32562044657925,-0.0073241947669726,97.92304676329,50.427859477960006,4154.765625,2.8337739780253197,0.5974342119543404,2.9342124505378417,1.3508084056864258,3750.052879584719,0.1670185592799865,6.436840421818959,2.4079963238859605,1352.5198535575184,2.8337645129234814,8.030221314704455,inner_race
0.7004754128920069,0.2127478338516207,0.687385537127455,0.0679231346595252,0.0317839703004214,44.59529088031185,13.356285836138431,30.375900301414845,62.16694035902516,0.003304620932749,41.31873902289,21.2775713056,4130.46875,1.5930754677343568,0.4771259674638365,2.27427749556138,0.9447951596735048,4213.660397008855,0.3868896112826617,7.647763575471535,2.6331369483130485,1926.8128377988664,1.5930720402346938,2.53787852537753,inner_race
0.7362929928092823,0.2087760821013095,0.6936729471948276,0.0644682439207164,0.0330218686523376,40.97284485776566,12.843906344953076,28.15312408292781,54.91091927987626,0.0038363803780908,41.03449577164,20.72894798795,4203.359375,1.6139130441491654,0.5059191779313612,2.191944049326581,0.4271343355066014,4198.8247532309,0.3819964648373733,10.242106468042346,2.942570614683471,1917.2499061701649,1.6139084844750091,2.604700596260421,inner_race
0.8741791499978077,0.271726019756298,0.5870570315389271,0.1114405600822273,0.0296456725810661,56.036927903105855,14.36473217416319,36.22253763568876,77.48836080938335,-0.0020297385381689,62.33284716008001,31.66498716113,3693.125,2.204356250935436,0.5650735746235468,2.5216298637881764,0.6712099895207554,4172.661920071599,0.4384511673073929,5.289209766764133,2.231224634524197,2078.140539142981,2.2043553164586687,4.859182361199597,inner_race
0.874900692179585,0.2690562518235227,0.5578541493270309,0.1361923425872527,0.0368796408188287,76.75731958476153,18.516031716042757,49.831180281842855,132.49807981572675,0.002648808692788,78.54807572437,43.59733412071,3887.5,2.354572231745325,0.5679892726395476,2.6912451353530504,2.430360809593324,4294.9355008456405,0.446186884477711,8.025117365592557,2.6752497610318837,2211.479216139079,2.354570741837813,5.54400337831867,inner_race
1.147150751239829,0.2743689995403229,0.5568299505391493,0.1469981295226927,0.0217940291599841,68.43455134007013,14.703245733449547,42.184740843501295,95.96226711026476,0.0009579888081689,90.78094812808,48.39225714948,4154.765625,3.2912635772242265,0.7071319414224775,2.869076774492857,1.5264559268170113,4157.882893399609,0.4257168681833103,12.052847617887828,2.805866754970993,2112.0199698164347,3.291263437803217,10.832415017020256,inner_race
0.853441486476294,0.2466475470962749,0.6633583008216067,0.064772409808015,0.0251247325091105,61.947675079928544,15.052050837141762,40.11762494716857,94.45858359603196,-0.0033432502732568,67.88128152085,34.23804546881,4154.765625,2.2746432256477465,0.5526929852433373,2.6652597298021425,0.075642270414412,4068.345691472191,0.3544386536029262,28.08959566959771,3.918696569096242,1841.1018509982373,2.274640768706741,5.173990626662794,inner_race
0.8779651749638966,0.2248303686602705,0.711930493440499,0.0528641841844585,0.0103381645653502,83.59088431750075,17.880960215278378,52.54738883777154,147.62139828808284,-0.0068731705497265,91.72770219634,46.13477743485,4154.765625,2.580106262717936,0.5519115847562714,2.938734173395926,0.9786175271734604,3953.159365354613,0.2463066399806086,21.642487133942165,3.840116618623162,1528.1841989951106,2.580097107948247,6.656901086442909,inner_race
0.8485766630161085,0.3094162162033219,0.632021958012756,0.0485245270926438,0.0099940951207476,91.771663634996,18.791126201669947,57.96097896833906,177.61000187493056,0.002385938457456,90.77250465563,49.1843341181,4154.765625,2.61742343647977,0.5359424921588123,3.0844867064533967,2.79980370726418,3684.699374728265,0.2478238430870703,5.744348162208599,2.343044125588951,1544.3429430292497,2.6174223490165365,6.8508997531312446,inner_race
0.922061481236006,0.2519623185099875,0.647086485168268,0.0799387068054933,0.0209392751537464,57.01700488502596,14.718405205497438,36.6740807579779,64.71019668610954,0.0033750357922949,58.47533246436,33.81575722667,4130.46875,2.2975150333569805,0.5930819637906101,2.491715661169584,0.8346655573517016,4102.2676451722,0.3556348750886912,5.7068184763366165,2.262654844849958,1853.730356102872,2.297512554401984,5.278563937634727,inner_race
0.9016072402071044,0.2364912361078295,0.6728946626344681,0.0663552898977699,0.0242320570737256,91.74362441763397,18.45911596890477,56.73232306213566,155.8757618376839,-0.005470633356831,99.86235083125,51.15027322659,4154.765625,2.771003406271189,0.5575349082977634,3.073404119552848,1.7144321430329952,4076.467180831812,0.3426504597830596,19.643767904172723,3.680256663036731,1804.099030003291,2.7709980060868333,7.678429949737205,inner_race
0.958602630670386,0.2531368201159391,0.5901889272336489,0.13640167929959,0.020234904692213,84.40998816840069,18.241721886642885,52.90620020482568,144.22864999042164,0.0009865238681396,96.24866655005,50.71602269512,4154.765625,2.780221242834304,0.6008296387145545,2.900285429938778,2.194424789488332,4216.671762805779,0.3820671972581703,6.651954762046783,2.408713456719982,1939.96204399016,2.7802210678069788,7.729629185877778,inner_race
0.9422292274705713,0.2563955583012711,0.5917618579362364,0.131302664483184,0.0205039276958098,78.98271381530583,17.962847728161666,51.00137012795107,144.3531236864822,0.0003292649310009,90.63444626061,48.0549815756,4154.765625,2.675242940475452,0.6084240367831926,2.839269747190057,2.1852700213640457,4171.911084158352,0.3701152638968283,13.18770216323372,3.118917678709164,1950.2506504096127,2.675242920212732,7.156924682148346,inner_race
0.8826826870751319,0.2458734956795208,0.7169630860273456,0.0307808325991147,0.0063283008757966,90.86489404826337,19.61726159933973,57.94865354851603,169.8700768460886,0.0025433724499169,99.42657620728,51.15027322659,4154.765625,2.6074114864386373,0.5629266810064322,2.953962420038607,1.5873153977791472,3813.780841947428,0.1836814580508247,11.396556149551609,2.853807847593239,1368.7101095091796,2.6074102459852235,6.798588190868725,inner_race
0.9030425994461376,0.2310313776379595,0.7405182851140495,0.0225153134814833,0.005893855918123,75.86045057372222,17.246330310604026,47.72557842964817,118.5498960453486,0.0021435124941748,85.36059240464,43.09823040518,4154.765625,2.498979761432538,0.5681251571699611,2.7672888997321223,0.6664576898601374,3790.895440446721,0.1689425278748954,14.5797915310817,3.2624939154513624,1307.692991528554,2.4989788421280426,6.244895253403612,inner_race
0.8874078571635302,0.2544771794647235,0.7055563543475076,0.033520421019989,0.0063777595099155,88.92131436907835,17.965769538668148,55.10515698059528,177.3649107230816,0.0032732996411767,95.30928908949,48.90074927481,4154.765625,2.721884479791404,0.5499328211888739,3.067230538719265,1.843789028192088,3817.796821506884,0.1880096971920436,12.954463863403872,3.0344421343049177,1402.486687454923,2.721882511578848,7.408644406838778,inner_race
0.8345008353097705,0.214070400342221,0.7126355260932933,0.0569711574472376,0.0162891444113,66.09276676673157,16.50355946655428,42.86969229893009,103.74312203130332,-0.0035398403452978,69.75839042207,35.77479403293,4154.765625,2.167701707345639,0.5412815317475494,2.597602801129586,-0.2303818750838696,4051.6873386784378,0.2918045410011624,33.12340357751093,4.506356603923368,1641.3359512923691,2.1676988170775777,4.698918161559529,inner_race
0.8379446085813281,0.3317943923203729,0.5563998607294226,0.1015872613740852,0.0101889875737424,75.83621226384871,18.929937004389064,49.45049359109073,107.14920129045908,-0.0010271922777148,69.92299850844,41.43677449634,4154.765625,2.1889546957674786,0.5463982609280844,2.6122904465886614,1.873522975460988,3846.8692945436046,0.3199151463516509,9.819031066117596,2.689999161389415,1824.4077444555096,2.1889544547565443,4.791521604998519,inner_race
0.8725547739396093,0.2168877129205814,0.6527313346308508,0.108477696376447,0.021900138923013,66.74619234595824,16.57831965977451,43.38931207926703,105.89392976778709,-0.0125526952974902,74.36827033223,37.85955139272,4154.765625,2.2836784529243985,0.5672166465539596,2.6172322026427364,-0.0340290875777428,4248.197275106116,0.3801289731295325,34.37574819918206,4.446607640616516,1867.5089570372336,2.283643953463837,5.215029706191942,inner_race
0.8320950981751709,0.2943346590995874,0.5711571888938417,0.1054051545471619,0.0290850570148901,74.74708379712445,18.336433525602114,49.12541617577785,125.27919875619476,0.0072756379880126,73.98745448381,40.87701799568,4154.765625,2.229278552920652,0.5468710740157673,2.679115112935503,2.069139087885545,4066.478654736889,0.3868697964557864,8.878496522541425,2.792323810819336,2069.9404017136085,2.2292666802345256,4.969629931603862,inner_race
0.8636377277166601,0.2544086952407512,0.7115393784987715,0.0281183042865103,0.0058891084992085,93.8908140556915,19.464467681607758,59.22653861107286,174.04775671599154,0.0087187839111523,100.34529306991,51.15027322659,4154.765625,2.6278793781205025,0.544784638849229,3.0428028949919264,1.5813543771272376,3771.006255601251,0.1720912307452424,7.728558230436112,2.50562039906963,1347.3944990607104,2.627864914480597,6.905674008758114,inner_race
0.929975261225674,0.3098552609621355,0.5707017361818691,0.1063796065701951,0.0130065017542444,54.150154004448055,14.100240290957055,34.950183903185206,70.90769516429617,0.0056132608843261,57.71739516774001,32.502806405250006,4130.46875,2.305124291115458,0.600234791623679,2.478694205346266,1.004822992952116,3955.451218869471,0.3458700804955887,17.545577459278217,3.3097207736033005,1868.003590496677,2.305117456615343,5.313566488792788,inner_race
0.8456912575900488,0.2328155603944313,0.7281436442537322,0.0298934047137901,0.0090794321308065,74.22131322462937,17.403862936802405,47.51086715820957,115.31563548440973,0.0069775856252246,79.17562385943,40.17952499622,4154.765625,2.308655563544799,0.5413475355066468,2.729903546743209,0.4030112263148019,3873.4594510303536,0.2201494552924796,12.388311302584697,3.011488834330146,1416.6774063520345,2.308645019136809,5.3298418243851975,inner_race
0.9143009760601076,0.3410646006217398,0.5452420280109054,0.0961125962295237,0.0175344968910956,70.23565228733122,18.323828915637893,45.72434379111023,92.65652487511584,0.0025035406496386,67.92107862421,41.80581215792,3571.640625,2.2814998082765414,0.5952220958508951,2.4953487615292147,2.1679246321151058,3854.480314731826,0.3498661143127496,5.7970313395031,2.319343433252815,1918.7264806875216,2.281498434680618,5.20523510745011,inner_race
0.8351697040020118,0.3787841332389764,0.5244371420674284,0.0786786358708246,0.0180727035607039,85.62193861003176,20.559080027071968,55.921293256044045,153.22493142504993,0.0025798405304199,77.81100020589001,46.703769936060006,3523.046875,2.2716857891773854,0.54546499056479,2.7200289693122217,3.354725161418703,3644.9398770618654,0.3155386664039069,4.218453089856685,2.10720892531246,1862.4443195837637,2.2716843242786435,5.160549669173317,inner_race
0.8544305320619971,0.3137859249112622,0.6086296467254814,0.0670224501708152,0.0105493375659064,88.70770341399711,18.78070170589044,56.27383167618498,175.0217644299958,0.0045316939998388,91.65174752251,48.08207994025,4154.765625,2.560185486848417,0.542028235314039,2.996364702312219,2.9856036628771423,3719.040213127768,0.2622257861201693,6.072843736997694,2.406383481283501,1614.7549430191095,2.5601814761494466,6.55452919081876,inner_race
0.9868999947034474,0.1989008303976809,0.711289288640442,0.0634700185043384,0.0261966570036679,83.07558482034003,17.092745009828345,50.57206480281448,130.76901630131965,0.001725479521416,97.58680757231,49.90957048604,4154.765625,2.9199271654343377,0.6007730260819093,2.958685967276496,1.2703310427592425,4220.053333450236,0.3551884849830601,22.692312325665387,3.9196759378403776,1778.037340520608,2.9199266556134296,8.525971674161827,inner_race
0.7474624124497852,0.2517309876407841,0.618125934083215,0.0961236059304038,0.0339262979228751,63.17262973970438,17.31772520487691,42.46487013488771,95.40536223949654,0.0058795305603515,56.5674247019,31.74089427539,3887.5,1.8328558687633711,0.5024469363737862,2.452104397806764,1.964990930688856,4195.379965563779,0.4179430850311022,7.839411904206399,2.68688307126712,2057.8991095112897,1.8328464384068628,3.3593260667807217,inner_race
1.0226637652945365,0.2484585338317458,0.5653945196979102,0.1570919383850823,0.0290003397028253,81.03644078185805,15.030219736598598,47.534620268920285,109.94199708838502,-0.0008537047093701,93.94453741218,48.61193374606,4154.765625,3.2342796444745185,0.5998774536127326,3.1626031489861357,1.8208334854284576,4400.274030388555,0.4516434336151921,16.627857681960045,3.1757813548501352,2141.2395103021536,3.234279531804647,10.460564089850486,inner_race
0.8720491990908887,0.2246515285728147,0.7237348867893322,0.0430305415338069,0.0085437483929001,83.66024329874065,18.204552792508505,52.715347566380565,138.777834731296,0.0024193881203906,90.47355086357,45.970376625060005,4154.765625,2.5252131787591963,0.5494889186600298,2.895723293355158,0.8660872102893941,3889.041320994796,0.2247431672687732,25.02354120222337,4.015535238441107,1453.0777245353436,2.525212019759974,6.376695744740246,inner_race
0.8572220835796045,0.3640869231802683,0.5130679770565938,0.1049230618775602,0.0178649824457315,70.78278541852414,17.82413920815558,45.848653209924265,103.18870778066032,0.0044799462966748,69.97603083107,39.30247803393,4154.765625,2.205014086511781,0.5552547529959789,2.5722786763775862,2.104069128424781,3788.417891801822,0.3645634457745496,3.8178325471794894,2.0468188980132926,1961.054067250318,2.2050095355341583,4.862067051796565,inner_race
0.8545415639327734,0.3213001008854615,0.6130426007197768,0.0519199458314628,0.0137117919261607,85.8119623185206,18.73170820419028,54.57372343940056,154.19507107235302,0.0066673554061523,85.44163754742002,46.635514977540005,4154.765625,2.4896562806326257,0.5434617006477053,2.9134408268858487,3.015535097029876,3713.959352680739,0.269805916619714,6.549978049791042,2.422034371686693,1643.0849650224973,2.489647352952897,6.198343942065367,inner_race
0.8658547382286523,0.2916730244699921,0.6719729612353983,0.0294747115841695,0.0068632554639633,94.2196361593498,18.9996504461348,59.07488978027904,192.41746717141692,0.0082370694718847,97.1246234735,51.15027322659,4154.765625,2.692169172880535,0.5428833660542018,3.109261928147577,2.6431921410371704,3666.831933217588,0.1792702346509304,5.4258176456607945,2.2612478935336737,1379.4793922372191,2.6921565716159197,7.247707006094779,inner_race
1.0621267644022852,0.2045596049938242,0.6893904956671744,0.0794817068909963,0.0264190719215778,75.56218863364359,16.46246687478107,47.209393506534745,129.88853138442528,0.0082249124528027,96.82585257254,50.14236037449,4154.765625,3.045859454472362,0.6635906301973423,2.867698618051893,1.3257207484139797,4257.307989415212,0.3734244782171137,16.767270232193916,3.3225967468644164,1827.9941263764772,3.045848349346011,9.27719216721382,inner_race
1.064393448971958,0.2417610617389559,0.5598313073033147,0.1631294154364147,0.0352043907686366,82.58753377225295,15.602460689490666,48.05579485292152,106.56987775547708,-0.0008140961648291,100.29993607711,51.15027322659,4154.765625,3.278346553440973,0.6193461759936344,3.080013839438186,1.6577457679978072,4460.59494443857,0.4716095541018335,8.744005289166784,2.5439860337687983,2188.756770105638,3.2783464523606627,10.747555461705744,inner_race
0.8860847973156103,0.2257523911608837,0.741668601716257,0.0266376327065813,0.005911273654311,74.84666659747221,16.642076151702017,47.43730524046933,136.36457843052128,0.0087174116325537,82.8674087367,42.0334749992,4154.765625,2.525735047480909,0.5615944825606916,2.8504439475009744,0.7904858477771096,3828.946294290719,0.173705048681562,21.38884695773832,3.767680305744491,1326.399913933757,2.525720003644073,6.379261536807817,inner_race
0.8424818172240968,0.1999002189382549,0.751624764158418,0.0343263096947756,0.0141280912147323,51.65146928122909,13.679256321671916,34.04348276719065,75.32665255945653,0.004058302534458,56.04614848868,28.68101522634,4154.765625,2.0966794211539805,0.5552797553575713,2.48869397331607,0.6149976168128072,4017.839439099047,0.2522416524290016,18.80502636871876,3.628989238126501,1498.272111822755,2.0966754935542906,4.396048125271129,inner_race
0.8846811022466162,0.2541492445761925,0.6540058136587789,0.0814893007689997,0.0103534369373769,56.6690218287548,13.615681053688876,35.79254386774838,71.57951760832266,-0.0007878889180126,62.33284716008001,31.66498716113,4154.765625,2.325626388887176,0.5587706676288995,2.6287736710791383,-0.0586535324101925,4023.239921752836,0.2964411344312245,28.626349742057183,4.19112483402331,1708.9154949528115,2.3256262554244307,5.40853747991946,inner_race
0.8554030030840185,0.2713400588459332,0.5877276297512154,0.115805138171341,0.0248936195093399,55.51847205832129,14.044498388924271,35.62598362039741,73.33898809412396,0.0073729834429638,60.500790433160006,30.47457337671,4154.765625,2.169858440849889,0.5489087189700923,2.5366504829031604,1.2616598689686782,4143.944810359438,0.4089132853985279,6.105669309736838,2.39607409871364,2030.3958129234236,2.1698459144470745,4.708231292442662,inner_race
0.8967592738702246,0.2232285828317056,0.6793146577507331,0.0831744063596537,0.0142597586647726,87.905145626862,18.912277448235898,55.12416779962263,150.804298645313,0.0032076297102343,95.48719335883,49.433108688690005,4154.765625,2.6138104638106943,0.5623460189523225,2.9147292255256394,0.9364560946557547,4084.3292012493584,0.3008866002587835,33.735919696290026,4.497240223705095,1698.178831105288,2.6138084956319805,6.831994851837917,inner_race
0.1124808470192968,0.2133297731808863,0.760998965472309,0.0095928930508983,0.0160575239517651,5.163595646398838,3.616405576086658,4.431953869128289,-0.3406120306901803,0.0057978487279296,0.86887294151,0.49850992515,3992.6953125,0.1378467969539638,0.0965431763615471,1.225513503915162,-0.0488371942217125,3432.7285946966645,0.0971035327742988,193.99719307745272,12.801755055796512,1764.1257177501352,0.137724813961012,0.0189681243805953,normal
0.111061728395708,0.2471500588554763,0.7278636411420398,0.0094592645984808,0.0155121038596799,7.29876671656068,4.930732026984353,6.192203870803229,0.2738868887911247,0.0038744410161865,1.11411771387,0.68771686447,3992.6953125,0.1394756114723616,0.0942237080833932,1.2558386537567312,0.2557554481112827,3254.2334783058936,0.0873894954220277,166.52644908154105,11.788738039278662,1899.2857743706447,0.1394217877607416,0.0194384349024012,normal
0.1147391979488525,0.2306172613364369,0.7404142301047255,0.0110421515092728,0.0179076574232492,4.620366109272217,3.209283189249721,3.958927643737663,-0.2391748050711015,0.0081895814881884,0.87014708284,0.45424418258,3992.6953125,0.1415406979669485,0.098313460846407,1.2335862590746305,0.0671420425637835,3425.3579612596022,0.1088579730432663,142.5983078303716,11.048788210113656,1787.219942013238,0.1413035736845295,0.0199666999360192,normal
0.1118876738904785,0.2042345925713653,0.7662961598881355,0.0122113217553327,0.0172191301662731,4.627196573323982,3.1593247081022118,3.927475516920148,-0.3670569658756477,0.0137035546648828,0.81054287335,0.43943609985,3992.6953125,0.13909178082362,0.0949681071220036,1.2431376575025617,0.2199020633293306,3474.8484347836747,0.099094482779758,150.90562113982375,11.448377384306932,1748.75516764016,0.1384150861800566,0.0191587360822325,normal
0.1140104797143359,0.2317452187488302,0.7408000524061397,0.0101464013315431,0.017291343662023,5.181912870311344,3.592922995920331,4.432915504928359,-0.235075285452162,0.0114716819427636,0.85986250665,0.50539882325,3992.6953125,0.140665086288759,0.0975313240300843,1.2337908466064589,0.0938165522009748,3422.715487114667,0.103982940863115,153.41624893020557,11.6548574389765,1747.0041184650222,0.1401965299642901,0.019655067014028,normal
0.1092415126549707,0.1967807732607275,0.777196220414564,0.0102771279334663,0.0157435902155524,5.789475884995824,4.035035243354909,4.966128848411866,-0.253113799850948,-0.0004528118237499,0.91503465515,0.54250742744,3992.6953125,0.1344492413872784,0.0937057927550883,1.2307522856436826,0.2021618298841503,3488.3807811455567,0.0929726747989698,195.6214868033749,13.041356623763692,1703.9754403880083,0.1344484788722689,0.0180763934710669,normal
0.1105214928640918,0.1588111109699857,0.8169226011701285,0.0090460171592039,0.0151885811925084,6.32486542841322,4.361068434892395,5.401469686299877,-0.0904653117863314,0.0085064349608007,0.99343397335,0.59697849339,3992.6953125,0.1368881278297871,0.0943859596930222,1.2385656787871877,0.08274754724164,3615.2363052281503,0.0914431020474427,166.29078782473908,12.148161665780275,1573.4247573745167,0.1366235708251025,0.0186660001050018,normal
0.1134807709037597,0.1637737127115362,0.8128860917500864,0.0094773692235208,0.0138359204365708,4.737597525940487,3.2489601756652124,4.027756373347448,-0.2469351023389423,0.0072909473781054,0.86014293967,0.45707289826,3992.6953125,0.1406828257494464,0.0964777813559128,1.2397062923440667,0.0681170639422605,3595.592574063452,0.0810186883425201,161.6086054614055,11.986550370934111,1541.3406492467093,0.1404937704924272,0.0197384995471788,normal
0.1080247991685986,0.2621879713205131,0.7113307657433336,0.0099760391452754,0.0164983734650379,5.121586526493987,3.4493132287028425,4.320239183149172,-0.2007055073071888,0.0004954386413916,0.85391244953,0.46669297012,3992.6953125,0.1353002581025399,0.0911227346654782,1.2524925678535297,0.0043126210945809,3291.297135109843,0.1077824590762399,164.79245726277182,11.935362569680482,1823.642291637126,0.1352993510079281,0.0183059143831665,normal
0.1157171217920996,0.2016184118749317,0.7747107855632811,0.0091062727356386,0.0145610147404817,6.850206232681299,4.686405888505496,5.826708897507623,-0.0390863262773408,0.0054291195521972,1.11188644245,0.6742499831400001,3992.6953125,0.143873578000095,0.0984276911143573,1.243321435686778,-0.0143178391686096,3472.772371802208,0.0888977054750551,156.6305095401071,11.816447468314534,1673.5355834611655,0.1437711066502493,0.0206701311074373,normal
0.1106700848233496,0.1872129849348638,0.7834756351282923,0.010047069353804,0.0191738668377268,5.504236407159646,3.8886849040694607,4.731533034657263,-0.4762200196101234,0.0005463439262402,0.8828763034,0.5236391622900001,3992.6953125,0.1346571335059876,0.095133843017512,1.216743745348401,0.0762177349489321,3543.393024735897,0.102331285627245,185.0279948895553,12.585177831621593,1728.7247781800097,0.1346560251617566,0.0181322451123636,normal
0.1106521087088965,0.2323424187061766,0.738364780065449,0.0117585635100523,0.0175247995275116,4.417274811427898,3.0646857474262905,3.7760741249787513,-0.3301251319416485,0.0079907201611132,0.82312578103,0.41783056457,3992.6953125,0.136337164396347,0.0945901222828685,1.2321244121521695,0.0188286568847189,3424.384417090621,0.1118624614415568,180.2339599896366,12.34461168255412,1790.5812087567883,0.1361027949270085,0.0185239707869433,normal
0.1152811632710253,0.2230500208359252,0.7517144701538696,0.0101935099480826,0.0150101413944755,5.026297564805399,3.516419356722313,4.305311589831474,-0.476587395980756,0.0099662238549707,0.87022023928,0.49632132832,3992.6953125,0.1411439529734092,0.0987449155010813,1.2243453220677565,-0.0871338380955152,3421.971467261263,0.0962371700357209,173.8944307187341,12.067245763085657,1739.9536526629204,0.1407916540247772,0.0198222898430325,normal
0.1143042004590576,0.2058925391709073,0.7682811480377073,0.0096191372804893,0.016174716013549,4.49431327649585,3.168826858793148,3.871900745839387,-0.3816752398766736,0.010704399601538,0.86856202664,0.44257451901,3992.6953125,0.1396650996509651,0.0984743367411781,1.221871979245343,-0.0848258818277475,3493.6502037887176,0.0987817019307408,171.22934204098507,12.095590992517764,1686.9226176827274,0.1392542849957753,0.0193917558896846,normal
0.1136548048751123,0.2697185957504699,0.7068217465575085,0.008345039691948,0.0150823845968873,6.265200623923257,4.305970014659352,5.335377499757471,-0.1728740114876359,0.0053408561406396,1.0133386214,0.60639128867,3992.6953125,0.140825710956088,0.0967872100303595,1.2390651773220849,0.0386700507736966,3223.9978164025515,0.0903643810726942,146.33519083861506,11.271545892361784,1851.57450644968,0.1407243977495467,0.0198033561219726,normal
0.1099514601334033,0.2210201256014877,0.7524087596326162,0.0100267694422016,0.0165262517479561,5.027880880613735,3.425665369459725,4.252576029483303,-0.3251856447008445,0.0098633029600732,0.83887880111,0.46757694377,3992.6953125,0.1364922995510631,0.0929968220951417,1.2413868754944952,0.0859288075161146,3457.5963750352444,0.1047046904529857,160.40606435050756,11.971212491364431,1713.6926127677557,0.1361354586118361,0.0185328630914549,normal
0.1118281994755859,0.2710672432880684,0.703225715816916,0.0096586202670004,0.0160331336447637,4.075009497180321,2.87035054229684,3.504986763071072,-0.4553124988770856,0.0107748918564062,0.77896977312,0.3919563589,3992.6953125,0.1365534812296335,0.0961853853766996,1.2211005977919336,-0.1049570919660271,3236.426737697187,0.0998028798304741,197.3613567799231,12.859734857417267,1880.83646196688,0.1361277155520309,0.0185307549414146,normal
0.1102159213058154,0.2228089676118295,0.7518078276861161,0.009443272223428,0.0159350756201341,5.823893622436424,3.892916815683056,4.907012700908791,0.0219253340052083,0.0024497002960302,1.0237634141,0.54083092569,3992.6953125,0.1389269155485679,0.0928641490988881,1.2604977021703454,0.00400448936486,3392.8888642191,0.0947744529604332,189.68721950015205,12.571288202120284,1776.7236103688117,0.1389053160692511,0.0192946868322985,normal
0.1111105749765332,0.2648091312715863,0.7077589425052961,0.010915827870556,0.0165147429692606,5.937230247253719,4.148315628590724,5.108809499634822,-0.0913595435176604,0.0017295457525781,0.92203938428,0.56764276095,3992.6953125,0.1368369265438081,0.095607334954302,1.2315382813265827,0.2363997711338094,3290.4436217552284,0.1095437059875751,132.13092724386993,10.757620472098052,1828.4947046261016,0.1368259958394064,0.0187213531374452,normal
0.1154894573634326,0.190393265501593,0.7839949384301684,0.0080054042568055,0.0175201590529901,5.421486135094516,3.800562037035984,4.659931050471811,-0.3230711135045525,0.0084072409483447,0.91163897706,0.53817290837,3992.6953125,0.1416035057777178,0.0992666761400133,1.226116296763844,-0.0218531904901438,3515.5909098870065,0.0925197897679017,173.43447308602828,12.294866151700017,1730.3663940741385,0.1413537093541469,0.0199808711481766,normal
0.1157636871778955,0.2307728673666779,0.7436675226875118,0.0094193218493244,0.0161232656412987,6.179633307200313,4.29935067669552,5.307643663386378,-0.1229783924497986,0.0054603366577587,1.04720395675,0.6144324007,3992.6953125,0.1429128365896063,0.0994286181971481,1.2345221552073609,0.151640295511541,3380.4445077006835,0.100521365176599,165.3221588097988,11.922670513269102,1765.8287781598858,0.1428084856921025,0.0203942635856714,normal
0.1107916906003515,0.153844850304111,0.815806303661674,0.011068198521218,0.0192737107761658,4.556737064992086,3.2006249399409,3.913667815793977,-0.510848345893359,0.0107690931607226,0.7586932465,0.43360187376,3992.6953125,0.1354741283019579,0.0951562198071994,1.2227823906996875,0.0353895830172554,3656.76594097926,0.0954218616672528,168.5861058141239,12.145614219081091,1631.429896971997,0.1350454222536663,0.018237266071671,normal
0.1082775400806982,0.230546167752584,0.7370003370969253,0.0125231972566051,0.0198981281014893,6.067120467813864,4.159051439249853,5.17294485617749,-0.0300511022788181,0.0005126680308251,0.92610566307,0.560113744,3992.6953125,0.1346734350804338,0.0923195355970611,1.2437799656333433,0.1644133920761832,3461.118547524533,0.1158978890278583,179.0855092999755,12.44374708497724,1783.7652078245212,0.1346724592775152,0.0181366712878539,normal
0.1128745605919043,0.1595869727614728,0.8158610541204816,0.0090584420486216,0.0154756123864341,4.517266942213347,3.1575271815726342,3.881794620969943,-0.326600943953665,0.0101419945853222,0.8456701572900001,0.43815586215,3992.6953125,0.1387655076121221,0.0969957870002065,1.229378053694721,0.0724352114410802,3625.075942845072,0.0905886851899171,189.24387148824792,12.762864001074451,1571.1186851487982,0.1383943859001557,0.0191530060486812,normal
0.1136392396198437,0.1554055953761931,0.8182615035104717,0.009455668472737,0.0168238276998195,5.227804549934908,3.676292958428916,4.502653186185615,-0.3418826173575491,0.0033254492046679,0.91901558476,0.5116780843500001,3992.6953125,0.1391831636205261,0.0978762842915332,1.2247808423053013,0.0642659287555794,3634.934554879973,0.0958178265201017,185.96403922865008,12.6810728049459,1595.4940521563972,0.1391434311169785,0.0193608944230053,normal
0.1119624062876025,0.1737187396060882,0.8016835385992318,0.0088411982500538,0.0157017714096975,5.777367419062688,3.986354952460004,4.940349343056659,-0.1502706760291969,0.002442365600874,0.96836569991,0.55313340035,3992.6953125,0.1387566854799666,0.0957414268867358,1.239314963663218,0.043272372992369,3548.856848877768,0.0855026475903658,190.1057362575504,12.83933495011342,1662.4458074856357,0.1387351888154481,0.019247452615658,normal
0.1129314565749658,0.2885951297086187,0.6862838084789511,0.0106228724539587,0.0144821777522742,5.372309473529311,3.687010978016851,4.576272609898873,-0.193072297104957,0.0036558051842724,0.94191964685,0.5168051315200001,3992.6953125,0.1401691328291016,0.096197945048852,1.241187682158824,0.1410954824296741,3159.4275129309203,0.102007615031895,149.26602630501787,11.195812263457986,1906.122305630574,0.1401214504867723,0.0196340208865169,normal
0.1132775337449853,0.1599949551873041,0.8155065740649051,0.0096711863845717,0.014795662765534,5.571055394784042,3.889001133770944,4.7744420643686745,-0.3900693557477099,0.0056910223460009,0.91742443219,0.5408370220600001,3992.6953125,0.1390683631751943,0.0970798140988445,1.2276782392550163,0.0532224306262113,3647.904659378182,0.0905704139808834,179.26983694011642,12.567481150086936,1516.5916473000984,0.1389518690082471,0.019307621900885,normal
0.1128192587728906,0.1796835195961069,0.7965555558275111,0.0096869145320206,0.0140251092007208,4.866679042827607,3.369343405577728,4.156247312206888,-0.3388810951336478,0.0074606515058886,0.8939656004300001,0.46890474104,3992.6953125,0.1391679875265189,0.0963500442321259,1.233548146302479,0.0706461694247626,3542.931666742928,0.0903462400048616,155.35984297332465,11.783203526886028,1610.875438083307,0.1389678647432168,0.019312067431289,normal
0.1116177960604638,0.2507605835775977,0.7244912552071141,0.0099857942309608,0.0147384789653723,5.386451667847819,3.573525830418192,4.53078140170454,0.1358557598022094,0.0025539934695263,0.87560333399,0.50571583449,3992.6953125,0.1415173300792452,0.0938866373773777,1.2678742554868634,0.326179217468806,3287.4574467619723,0.0985291054724916,143.98225976594432,11.087362394683849,1810.6958096143453,0.1414942819696812,0.0200206318301156,normal
0.1104291586626123,0.2630471642536126,0.7091393154616303,0.0109716389591251,0.0168409826044989,4.65098169560916,3.1631551665113604,3.933085672752201,-0.2951851277681445,0.0037738747251318,0.8099393327200001,0.43432734179,3992.6953125,0.1373082630875231,0.0933840144329173,1.2434058608291405,0.2189652505585479,3252.0371467069326,0.1010667823286549,165.4095804542452,11.911433704600611,1899.244463267645,0.1372563914055425,0.0188393169816714,normal
0.1148695111756201,0.2161734893890977,0.757755586359084,0.0098002381485236,0.0162280897579774,4.156386852064358,2.8599326543781998,3.528681256685184,-0.3815000279190186,0.0128623240699755,0.77523879468,0.40533789105,3992.6953125,0.1417298727050367,0.0975216950387282,1.2338336888049493,-0.186298725305189,3376.270239133758,0.0874108243872631,168.15578264312788,12.019036822303455,1796.2070634812694,0.1411450227124741,0.0199219174365048,normal
0.1102515578792675,0.1990235715819253,0.770158053850687,0.0122501948456834,0.0185565171585959,5.686058271729353,4.027792213892248,4.908357248725663,-0.3281650366586488,0.0130523444698535,0.93401875133,0.5411540333,3992.6953125,0.1343550025826821,0.0951720871364573,1.2186222595585394,-0.1555221496134113,3525.394216777193,0.1083149080991623,212.3895452967445,13.66489586113456,1717.860360137911,0.1337194938026345,0.0178809030228328,normal
0.1123033844313183,0.2621551008471892,0.7102244293136148,0.0106111427627248,0.0169852940440624,5.252452054762867,3.618828588387888,4.470333904469548,-0.3316932188211505,0.0020470332714843,0.93075719338,0.5020336270100001,3992.6953125,0.1387282140471996,0.0955808109766107,1.2352986043091332,-0.0144493723656864,3277.483228288039,0.1101178265555496,143.80950121013714,11.210601368485843,1853.7962442584565,0.1387131105105464,0.019241327027511,normal
0.1089135834805859,0.1799538178241895,0.7941732483555503,0.0096921200485767,0.0161683401054354,5.289514018822286,3.687196005545998,4.535581355635536,-0.2889355009436394,0.0085963326043554,0.88636342704,0.49398641861,3992.6953125,0.1339734632677469,0.0933897550610871,1.23008957180835,0.002821900618533,3561.423278581038,0.0950039722347122,167.9224305988041,12.189431154657276,1644.6863245663087,0.133697389375072,0.0178749919257096,normal
0.1099708948905029,0.1268160699482734,0.8476662937853974,0.008252523523613,0.0172506099456255,4.41473121682122,3.0743256228216858,3.7780666072026343,-0.3370488946047416,0.0024214033755126,0.78902268725,0.41547736575,3992.6953125,0.1351442289215497,0.0941115880774186,1.2289090586751314,0.0182987727657588,3734.431134722077,0.083821017531712,176.356099311246,12.35422135263511,1501.5346092804305,0.1351225348211515,0.0182580994164933,normal
0.1130856318701953,0.1604794591687488,0.812916854720681,0.0104079877754249,0.0161758856898953,4.15934768529732,2.919312762574718,3.577347251367499,-0.4355530591046817,0.0115436357785253,0.77967695204,0.40454657434,3992.6953125,0.1385759619614056,0.0972620239875624,1.225407327789168,0.0088534568982974,3609.3316213472126,0.0921439548339972,166.63301882679917,12.070950922597104,1621.5108491797278,0.1380943217751609,0.0190700417065416,normal
0.1088038489938183,0.1937202961879951,0.7752360369026648,0.0117347291299208,0.0192968159291915,4.8320741699674405,3.37887873440177,4.153699961071016,-0.2693941620802755,0.0002990956390332,0.89835498683,0.45193854333,3992.6953125,0.13375399913842,0.0935288920312755,1.229313120586563,-0.0594130397652576,3526.697959594643,0.1011072584724781,191.43671993667465,12.944812326222658,1748.7527232288603,0.1337536647248185,0.0178900428273191,normal
0.1130716699542382,0.2490594238646485,0.7229930120795045,0.0099013761971992,0.0180071834461502,4.619366158825533,3.1881938649333783,3.942951202015821,-0.3254014194567647,0.0079275953455761,0.8574178622799999,0.44583607696,3992.6953125,0.1398397010494581,0.0965145566796448,1.2367350823248051,0.1062236653837437,3363.41287265578,0.1060222157712766,188.26744615147965,12.650584108628165,1829.4518386478408,0.1396148101801474,0.0194922952216386,normal
0.1125102870284375,0.2123029532137479,0.7617277908888679,0.0095129825121398,0.0164360670751869,4.493812681450235,3.083449515294004,3.820562701980777,-0.3164056361767153,0.0059131022697558,0.83679993894,0.42985260621,3992.6953125,0.13940640314619,0.0956543222160472,1.239054728488555,-0.0576815470467818,3445.46137466512,0.0889531150467644,164.1349338385172,12.02154174371341,1740.9820231741896,0.1392809407625661,0.0193991804597054,normal
0.1145502617904736,0.2849554435818504,0.6876576916708824,0.0099653141034152,0.0174171843611004,4.981721548511783,3.385419274274432,4.222616647570387,-0.2890140067136877,0.0124988101482666,0.91076109978,0.48370184242,3992.6953125,0.1428779726327007,0.0970953188992465,1.2472950336337243,0.2607513261385604,3181.4745230923468,0.102506447944875,198.7614966157973,13.041692982984932,1931.1525178828165,0.142330231533952,0.0202578948085083,normal
0.1143418943085009,0.2299782938865859,0.7472336093946084,0.0094334434396491,0.013340904901295,6.04854473765415,4.121684887963012,5.138023415065302,-0.0698689505106235,0.0062362723913623,1.07861855136,0.58749133028,3992.6953125,0.1425366922143205,0.0971293684285207,1.2465832674570565,-0.1539716511465342,3347.3728585339804,0.0892613513785292,154.8619169116266,11.575375276441944,1766.6489112475028,0.1424002020155191,0.0202778175340606,normal
0.1138603852260156,0.2508597247165913,0.7254782075241824,0.0083626440878061,0.0152867268440116,3.944109094678792,2.74314063954125,3.375672725303408,-0.3770720580569513,0.0043929569311914,0.75327357357,0.3843553969,3992.6953125,0.1401150897477417,0.0974504983694681,1.230586823236281,-0.1355209266376376,3318.711039052565,0.0966481352770572,150.56176604224015,11.515041497983749,1791.9311148378986,0.1400462077473661,0.0196129403044184,normal
0.1128301296849414,0.1964437131504871,0.7787259417516561,0.0091603919810573,0.0156648363956397,4.25112852287978,2.9931167387121245,3.66156760994256,-0.3554761505900736,0.0075031713052441,0.8022579065200001,0.41313514828,3992.6953125,0.1380284113000428,0.0971824648576223,1.2233293685424569,-0.186511423357825,3503.3550598200386,0.0973527751633334,170.857431259853,12.3798776570428,1675.4666888960676,0.1378243256699555,0.0189955447463779,normal
0.1131669117460498,0.1939864591821032,0.7786408768367252,0.0108090741981705,0.0165268650308114,5.090413866966535,3.62346135582848,4.40508552772627,-0.3922915887115343,0.0083837961191845,0.86887294151,0.49850992515,3992.6953125,0.1375783749833918,0.0979311188005761,1.2157120209493937,-0.1039409122778183,3546.502817695613,0.0968463193748807,157.739617603916,11.655842916695644,1664.5190726815272,0.1373226901342335,0.0188575212257027,normal
0.1151473884524804,0.2141465071358737,0.7632906175686719,0.0086533529411754,0.0139007122188968,3.989007258276122,2.823360009457932,3.442189655856339,-0.447644125690199,0.0084423694944238,0.77749445158,0.39635914943,3992.6953125,0.1403856214234962,0.0993628549077369,1.2191819832842423,-0.1227985534734649,3381.832449031244,0.0792259829665583,169.27398258688214,11.942995148788864,1742.657443490228,0.1401315421301743,0.0196368490997808,normal
0.1093523431554736,0.1820434612244812,0.7921675123907678,0.0100497427794727,0.015734542939191,5.434994130838921,3.688206067886109,4.592645238483503,-0.2598216391629275,0.0047615104790771,0.88910069717,0.50221651811,3992.6953125,0.1361682370415503,0.092404242952233,1.245224684833235,0.1509688252621206,3563.243557019358,0.0962543934949489,190.84360483325148,12.902925736852112,1624.5111303897677,0.1360849616855642,0.0185191167969614,normal
0.1074258878309814,0.2112227785362437,0.7584044218214611,0.0132013583683712,0.0171599663055783,4.698326214756198,3.203939104220183,3.985213894006397,-0.2423739534799671,0.0017146471530419,0.84486543645,0.42811514076,3992.6953125,0.1336214974236223,0.0911207781646586,1.2438482019702342,-0.0393903099805306,3477.328173615373,0.1073248391231387,196.5091784353686,12.98285558763269,1733.6644533512167,0.1336104956912879,0.0178517645588716,normal
0.1108889157063379,0.1861749720070405,0.7890653552038177,0.0091110026692068,0.0156337655654979,4.325593724935276,3.0426563504815336,3.725666768841776,-0.3091513643407388,0.0086491400280859,0.82625321884,0.41313514828,3992.6953125,0.1357810743939639,0.0955094663417983,1.2244783306705502,-0.078405385407879,3534.0039602882143,0.0943789810165129,167.0107621647335,12.152016601849295,1647.1576420346007,0.1355053229225838,0.0183616925403537,normal
0.1132373804179492,0.239160301415329,0.7351569962508805,0.0080747139741303,0.0176074765613858,7.014691705772676,4.7852763161293455,5.954305730593577,-0.0076780382853778,0.0064002403350683,1.11188644245,0.6742499831400001,3992.6953125,0.1409009508745315,0.096119688707792,1.2442971601292656,0.0367572001767742,3387.9856711116,0.1003607037410948,144.2160566626261,11.312323794003271,1788.792070135076,0.1407555145669274,0.0198121148810005,normal
0.1112524166728124,0.2340193670051651,0.7365565981451605,0.0119391386460171,0.0174601779828283,4.710237848744173,3.2623210224018826,4.024809986437127,-0.2816845580067655,0.0010394057104492,0.87584718879,0.44776983764,3992.6953125,0.1372549894891489,0.0950631055201135,1.2337259144024588,-0.126274082391065,3412.1057342692834,0.1085189048688516,183.8894220199221,12.536211899887991,1765.2745045232389,0.1372510538226773,0.0188378517754354,normal
0.1104096132322607,0.2404251842303469,0.7329491344960694,0.0089773856541038,0.0176382944475833,4.769754897010484,3.308420162847679,4.086233129092921,-0.2257792721396083,0.0004048503934228,0.87923677051,0.45115941936,3992.6953125,0.1363670263004535,0.0945875478093792,1.2351010234370443,-0.1115591631403543,3333.8787161109494,0.1005804158246846,197.34942001821068,13.039882179928467,1860.444620104631,0.1363664253333185,0.0185958019581875,normal
0.1118805795660351,0.245233168079959,0.7296711749202962,0.0095935884122761,0.0154916279672938,4.746774860264719,3.2740885061991234,4.052779050294195,-0.2101715673351791,0.0118859731493652,0.8847052144,0.453427269,3992.6953125,0.1384896187569413,0.0955232304771061,1.2378342988042952,-0.035317487265089,3326.513690515822,0.1004503809972595,169.33198171690606,12.222720159580923,1776.1257147933266,0.1379786148130771,0.0190380981457355,normal
0.1107463026345605,0.236717267889355,0.739120282131921,0.0095421692339162,0.0146058441391283,5.071757100904872,3.539666331417348,4.349711135635436,-0.2898159646732452,-0.0006100553046484,0.92889780053,0.4817144258,3992.6953125,0.1360903488344091,0.0949797902809768,1.228847786309206,0.0240608392352695,3343.388137566988,0.0957265895626724,164.36948161617894,11.944400834028064,1773.8435882483668,0.1360889814731392,0.0185202108783964,normal
0.1135751961159228,0.2438340145169417,0.7305695543231546,0.0089767711287645,0.0165761595213948,4.638222779101886,3.2391639194681976,3.979362113350005,-0.2609143307222354,0.0065717215785205,0.87763952157,0.45195683244,3992.6953125,0.1395288548762922,0.0974418120829275,1.2285152009236175,-0.0673656047197335,3341.6225618193653,0.1036926690849143,164.3503321768407,11.879838820056513,1808.8676941034453,0.1393740069689603,0.0194251138185838,normal
0.1147051826854687,0.2044826038086233,0.7700849290115959,0.0113024089392747,0.0141046825251483,4.443886789557975,3.0955087089169497,3.807566410295502,-0.366354972452398,0.0098846491853027,0.84082963951,0.43674760068,3992.6953125,0.1410907355621068,0.0982805416434658,1.230029299974958,0.0792232730282603,3506.1035168919666,0.0993829154096489,157.1803234514379,11.90561293782394,1605.6085253337424,0.1407440562579459,0.0198088893719398,normal
0.113692447013916,0.1927193861105976,0.7799987141031484,0.0122290791965173,0.0150013677634667,6.284893230101366,4.341574443667908,5.376347432166559,-0.0203435696578786,0.0103199204777246,0.99274508354,0.61125009556,3992.6953125,0.1407899607598563,0.097257037340337,1.2383404918940972,0.1267822320082957,3475.46237485067,0.0957473402981773,183.690372463142,12.580123056135765,1717.5893960364572,0.1404112256626774,0.0197153122920953,normal
0.1135022022522949,0.2527033438633813,0.7192063885430356,0.0102721024436404,0.017792789014844,4.86682850391403,3.402252662758809,4.177387970024284,-0.3461653006109149,0.0096297804355957,0.84677360026,0.47414273426,3992.6953125,0.1393614117640306,0.0974233494931415,1.2278300244276787,0.1487773975764522,3354.0652012221885,0.1123868179590075,130.05305505516245,10.888443295918554,1806.839906306848,0.1390283079722468,0.0193288704176259,normal
0.1066327513116259,0.1634164085919865,0.8105876859546148,0.0095418166623766,0.0164236444468795,5.441986452396104,3.744759680759033,4.63814128789226,-0.2066490702279733,0.0014462639893701,0.89615419726,0.4945777665,3992.6953125,0.1320719642013858,0.0908818444930596,1.2385684752278003,0.0809068495642635,3610.816809674202,0.0953996292728012,183.46946732768492,12.676787044152793,1620.211234607976,0.1320640452526167,0.0174409120484851,normal
0.1088886778545117,0.1989317103969255,0.7753855398460499,0.0106796226429376,0.0149625513040458,5.298853276085752,3.632392763250917,4.508457207607275,-0.1451726388503655,0.0058666888903417,0.8953860546400001,0.4909199445,3992.6953125,0.1351505678203798,0.0926464498867274,1.2411810895615534,0.2039412757910049,3513.126347554519,0.1028510586634672,180.64367260729185,12.536682382364354,1654.2366527184242,0.1350231755797316,0.018231257943635,normal
0.1110362687104443,0.1979246472561663,0.7749451986320469,0.0110036251878207,0.0161220328203167,4.335139246156908,3.0346366220442045,3.718756899394621,-0.4208714054576354,0.012067355040581,0.78858984498,0.41291689035,3992.6953125,0.1360679849938175,0.09524881829714,1.2254372969669023,0.0572293943933741,3459.3275006859426,0.0920237146554572,167.76022288066815,12.073605119131498,1726.5259828829635,0.1355318246117948,0.0183688754826023,normal
0.10834488942854,0.1755244623467792,0.7975329597317773,0.0117166349644676,0.0151930284378289,4.922378953010435,3.4383058258708576,4.231277323443733,-0.2693920399270828,0.0042223806176611,0.85871638909,0.45843727375,3992.6953125,0.1333323145080867,0.0931332752163724,1.230628553052587,0.0118015341037309,3574.952446396154,0.0938346556851047,180.5264833177662,12.553777031106238,1623.1353958043078,0.1332654403587177,0.0177596775940029,normal
0.1106220316767187,0.1892923234654672,0.7861612915660657,0.0083891280337418,0.0161188666256765,6.3333913939881175,4.364180118431436,5.411274907057969,-0.0978277198193287,0.012330406857246,0.96176942757,0.59860622418,3992.6953125,0.1371635010323885,0.0945159057670458,1.2399293246867358,0.2601715636603211,3504.555328702505,0.0899349507240055,160.90236107653683,11.891221509833628,1691.0586848212429,0.1366081515949792,0.0186617870821968,normal
0.1116629946784423,0.1973145600948133,0.7757090473063449,0.0098330814060091,0.0171029742126715,5.030471433719304,3.4622442544126235,4.2880146198733415,-0.2768764557240599,0.0073860930198583,0.85179700914,0.47881255368,3992.6953125,0.1382954287727546,0.0951824416436428,1.2385072527474847,0.0946227701474197,3540.1515203732074,0.10653916610165,167.84109896303934,12.194525783583687,1660.9743974272328,0.1380980494045519,0.019071071249342,normal
0.1124688377313671,0.1631943072070496,0.8134154316217163,0.00816245022079,0.015185233828181,4.847192321558052,3.3331505524187075,4.1388529891438175,-0.045705731807534,0.0089539347141406,0.88786923043,0.46549198523,3992.6953125,0.1396552534634881,0.0960333228701713,1.2417239857768951,-0.0043891583972584,3598.943624896985,0.08686646855776,153.41806307306936,11.484920617992326,1568.5849323794507,0.1393679190957733,0.019423416873086,normal
0.11017301529458,0.2230386548407218,0.7449300122954876,0.0127771076064244,0.0192436437928314,4.575754176332238,3.2045559096188465,3.9237480525893034,-0.4168398116373666,0.00081019053333,0.77534243297,0.43229115421,3992.6953125,0.1348989271531908,0.0944742959414199,1.224428021621254,0.1676032368356667,3451.0819388806217,0.1135284752485271,163.60772486142355,12.032448730841654,1799.6856137795196,0.1348964941663852,0.0181970641383815,normal
0.111167441340957,0.1872155848922872,0.7847379606383811,0.010450382007067,0.0175639668614051,4.29500042098657,3.05006561662484,3.7097624115061754,-0.4920207534609861,0.011087944027998,0.77684823636,0.41240479527,3992.6953125,0.1352117780752406,0.0960197333753159,1.2162893779352018,0.0470318334536613,3556.351102766436,0.1026253847009154,161.29472471851622,11.86213233901957,1677.38718414466,0.1347563817691025,0.0181592824275001,normal
0.1124886152321972,0.1718307812897493,0.8050887266330877,0.0095169213066486,0.0135522870608736,6.240560807537055,4.313335998770425,5.3331889530478085,-0.1176321908901547,0.0109531868649609,0.97292578467,0.5999230401,3992.6953125,0.1390856265941295,0.0961328730865728,1.2364418061955078,0.1926792393319996,3537.5179807000327,0.0794836721646327,164.79734205117796,12.088522422768648,1626.9454150658166,0.1386536664592136,0.0192248392225828,normal
0.1117108273728466,0.1377616534767032,0.8360154613770308,0.0109274742585122,0.0152517671477902,6.478977167470986,4.415515223187534,5.500368265640053,0.060912342321826,0.0036114517111279,1.08572082241,0.6144506898100001,3992.6953125,0.1391571897619756,0.094837606913476,1.2456911566640163,0.0686457659485812,3677.220374570985,0.090215623697746,182.375831319266,12.54602898470756,1547.9009965629723,0.1391103190959919,0.0193516808789886,normal
0.1101976321188232,0.2728004198914929,0.6960723667425721,0.0110699843166903,0.0200505944324186,4.575466069468388,3.165636732125815,3.9131348360101663,-0.2873634730965944,0.0040048938086084,0.8385617898700001,0.43121819309,3992.6953125,0.1362184702729377,0.09424574164531,1.236128831934037,-0.0270408590369123,3244.307772762919,0.0996082099126333,154.65678964025926,11.445018070158646,1956.244140800295,0.1361595845656154,0.0185394324690809,normal
0.1123307108373242,0.1610453739584062,0.813057326791294,0.0094227448988683,0.0164688648998099,4.271910285666452,2.978681543387832,3.662064567504867,-0.4098167001889412,0.0091792979856054,0.76536877165,0.411362316,3992.6953125,0.1381021468754035,0.0962946992075757,1.2294246679823928,0.07114193757617,3607.3221470719263,0.0851301212349518,190.87496482603152,12.906216897527942,1634.405120866361,0.1377967469140218,0.0189879434600869,normal
0.1117651426876269,0.2126108227802982,0.7603531602108817,0.0099712064471559,0.0170561821065198,4.596951733806456,3.2214598439154014,3.945036056477134,-0.412788916315097,0.0071105507888769,0.81090865555,0.44091751776,3992.6953125,0.1368688542223464,0.0959151940877358,1.224611277998204,-0.0824670637664572,3455.1457144386964,0.0986303222237808,189.7331883565901,12.618204580975846,1752.1842879915284,0.1366840273170816,0.0186825233236167,normal
0.111781039659873,0.2324946851846137,0.7410420331336873,0.0097722055788714,0.0166820983578113,4.6172208529381935,3.2018445340396267,3.949863486182049,-0.2907496257914763,0.0060631301252246,0.8653980106100001,0.441519847,3992.6953125,0.1378954669116785,0.0956245891333173,1.2336212593053917,-0.0979600557490171,3410.4335130812565,0.0989878868800583,170.89778795186257,12.251246196143232,1759.0577469275606,0.1377621074456776,0.0189783982478744,normal
0.1099923184340625,0.1644718604326833,0.8101629594249112,0.0103641996842928,0.0149847746969754,4.896505210919519,3.432119361146222,4.195460079393073,-0.4148270480778815,0.0032710462466015,0.84015903881,0.46146838103,3992.6953125,0.1344558077595191,0.0942444378494474,1.2224108889942331,0.0312577486819056,3581.5674163598483,0.087853555915268,188.17187896224084,12.75805308770325,1617.4018191101993,0.1344160127987635,0.0180676644967173,normal
0.1098911824598095,0.2038693506204739,0.7705402757988715,0.0101149091419053,0.0154397433280047,5.819501285797375,3.947258679995046,4.921568864342688,-0.1749848863052334,0.0047144660301123,0.92772120112,0.5408370220600001,3992.6953125,0.1370158547756183,0.0929352869772406,1.2468321088976273,0.148833649450823,3495.81959663626,0.0960402339656956,187.9666636126275,12.825377580180277,1671.4572270603817,0.1369347226599018,0.0187511182699442,normal
0.1109301621858545,0.2023629459506168,0.7748139402549451,0.0100794712822113,0.0127274136453812,5.818748712491173,4.030683134336456,4.967800576516889,-0.3079420792364868,0.0086755169492626,0.88352251862,0.55107892366,3992.6953125,0.1367209739127063,0.0947074621863275,1.232495934547012,0.1946292350034046,3449.4686388485866,0.0891172224663635,185.6393424026541,12.571863011661875,1670.2134610558276,0.136445447389431,0.0186173601133019,normal
0.111634049400166,0.2146973057016932,0.7546581663553029,0.0110888264096791,0.0195021478842641,4.296883614995925,2.9875825965912237,3.679566171317164,-0.3313281388418598,0.0094463535218261,0.7943021436700001,0.41076487174,3992.6953125,0.1374907164771528,0.0955959966675498,1.2316198974768031,0.034682255090452,3451.1561484236186,0.1086889395656051,182.84460255035805,12.527188025246778,1828.781931161588,0.137165824907451,0.0188144635225415,normal
0.1121318019208544,0.2002869151149722,0.7764604035790653,0.0091708615854186,0.014044894439049,4.908665274924943,3.3925435209247485,4.180706216875781,-0.3245531014753013,0.0052053190708935,0.82376589988,0.4687901214,3992.6953125,0.1381824930199321,0.0955025643721791,1.2323220589772104,0.0470021943502347,3488.631370889,0.0873888440223717,169.38025961303345,12.287369288512656,1639.3720282825311,0.1380844163205022,0.0190673060305737,normal
0.1154804570483349,0.1935442132441639,0.7818905996404307,0.0097595689698722,0.0147987033877448,4.385934556321676,3.028609495823655,3.739190644433165,-0.3619731564589519,0.0090126271591064,0.83588548344,0.43180344461,3992.6953125,0.1425748169928944,0.0984518667720701,1.2346229018925603,0.1363498027549657,3515.4097188676456,0.0954919078373093,181.948091724912,12.70991044926478,1638.6935317523323,0.142289672823604,0.0202463509922482,normal
0.1189498220301172,0.2167880735848437,0.7603925896140432,0.0094532839539869,0.0132827175613543,3.9429661521464783,2.786231737729984,3.38755719447799,-0.5874556095816472,0.0049283837241113,0.7912234768199999,0.4029493254,3992.6953125,0.1446216120301225,0.1021944672745014,1.215820331311681,-0.0233123207264942,3356.7755073652693,0.0807772681225414,143.52809471072177,11.172429976738258,1780.8289223183149,0.1445376134439032,0.0208911217000592,normal
0.1109388458409228,0.1787535491180565,0.7944529626311587,0.0095018442486247,0.0172806792132906,4.135345695136281,2.89600079809702,3.544130338563195,-0.4681328151692332,0.0109474506808837,0.7599551950900001,0.39318172927,3992.6953125,0.1357671342937343,0.0950783219241947,1.223801575224725,-0.0668371679661534,3541.8653536091288,0.0886034155381371,161.81290893932737,11.908806165709134,1682.5399897953257,0.1353250460111598,0.0183128680779225,normal
0.111192625790371,0.1442619737620983,0.8273758796695244,0.0091720296473894,0.019164479471458,5.22150257592803,3.60344341583172,4.457356117161859,-0.2484634530483598,0.009793572751455,0.96705498036,0.49562513075,3992.6953125,0.1375420878186881,0.0949200203471912,1.236971308493003,0.0341763105958401,3691.355381774733,0.0976321273321728,155.28668426403885,11.803043905298852,1602.8394674268343,0.137192973049955,0.0188219118542856,normal
0.1133613736199609,0.1989626182021455,0.778484451561249,0.0088442294789918,0.013688524007455,5.2744755491590345,3.67141310970244,4.5203583713436,-0.3123366705078796,0.0128639047205957,0.8937705165900001,0.51243403423,3992.6953125,0.1395740601556907,0.0971535519416149,1.23123120070516,0.084933728504042,3467.347055224037,0.0825789212054982,162.88203642245782,11.915563168935243,1652.096800935862,0.1389799921703977,0.0193154382236838,normal
0.1166436264606884,0.1821290645613528,0.7935193200959421,0.009014099882241,0.0153260351473581,5.2645968015656806,3.731875585998154,4.554083009747884,-0.2818480061331887,0.0061043193203857,0.95419163966,0.5312047574600001,3992.6953125,0.1423425688286766,0.1009013182741783,1.22032015934149,0.0271370923577931,3523.516302062772,0.0872038629336318,165.57368097970212,11.949819364703966,1662.8205924576005,0.1422116176209992,0.0202241441863813,normal
0.108879882227705,0.2332069283735969,0.7339497002983696,0.0123814655694362,0.0204270037335027,5.676395539215199,3.864013635441618,4.809328882216197,-0.123593457993091,0.0017396785863085,0.99083691973,0.5236391622900001,3992.6953125,0.1355169033274266,0.0922485331884389,1.2446459396788694,0.0621804127519974,3436.584602550684,0.1121482689530343,177.52481795945812,12.46176872270987,1823.9118853076136,0.1355057364316044,0.0183618046058714,normal
0.116251342393291,0.2161325443673747,0.7594840638828926,0.0086077380090781,0.0157561159549926,5.0580597217019365,3.550804317718097,4.347466556903751,-0.3636890477038488,0.0091034743837304,0.8968065088499999,0.50539882325,3992.6953125,0.1423336174083486,0.0999195049203458,1.2243610652410222,0.1449933409099803,3454.153824592064,0.0988460185177064,184.6188419957592,12.692512777531368,1691.8393120609303,0.1420421958387398,0.0201759853986909,normal
0.1137895322707177,0.2332244638779789,0.7422803278025676,0.0094406275316925,0.0150515405930756,4.567616487162991,3.1151996392776686,3.87485130627841,-0.2399267282509658,0.0079030580516748,0.8387812591900001,0.44091751776,3992.6953125,0.1415374835695079,0.0965312037468933,1.2438532854918036,-0.0831768013947693,3337.1842747071883,0.0869241667575602,159.19262880335563,11.478181710302673,1786.8005357243862,0.1413166689694481,0.0199704009286205,normal
0.1113830700130322,0.1937219020889417,0.776373275495474,0.0106360262968754,0.0192444670920451,5.57487400985535,3.8819073383425096,4.777379658306599,-0.3430711149473091,0.0106444599011865,0.8873693280899999,0.53211921296,3992.6953125,0.1370767425858246,0.0954495495358839,1.2306784376636968,0.030136730546117,3550.8706707827464,0.1068630264073556,162.55375126257357,11.867947695366242,1704.6428679448625,0.1366628290039119,0.0186767288313524,normal
0.1142427617978857,0.1438264952514644,0.8329103699944073,0.0087787639470916,0.0144367629969038,5.315581473402221,3.703659427977495,4.550586815729634,-0.3437951795938758,0.0100590238231103,0.96344592932,0.51987160563,3992.6953125,0.1403670115299702,0.0978014556321451,1.2286731283536596,0.0436147014208205,3658.6352809613545,0.0841061766444458,173.68223817151014,12.33460864703271,1533.9453672319,0.1400061211718291,0.0196017139655809,normal
0.1126853160544824,0.2344250482296727,0.7383178091964399,0.010046495138766,0.0172043499524903,4.633164481965935,3.2370863988194265,3.9736307561449,-0.3597215347309075,0.0007501496237109,0.88823501263,0.44776983764,3992.6953125,0.1383249572218099,0.096644494142803,1.2275331166922492,-0.121705196720199,3351.9259377319527,0.0975082460070083,151.63823600482107,11.383877800898611,1837.9662275604687,0.1383229231398672,0.0191332310659576,normal
0.1129832290440966,0.252616289119467,0.7177465919345049,0.0117217900455377,0.017905857723753,4.947700880863621,3.3814840107050843,4.19792519228571,-0.3145464277520067,0.0117279408315283,0.8143348154900001,0.47429514351,3992.6953125,0.140262423837723,0.0958617254621123,1.2414446376194417,0.1647293322176641,3311.7534193965257,0.1071000622038313,165.01689282482982,11.942948303146585,1863.550845147304,0.139771252211194,0.0195360029446852,normal
0.1131425091703222,0.1868059864652766,0.7878941916592898,0.0097017014275739,0.0155754310962504,4.214841441325142,2.916375491488097,3.593491681698064,-0.4228524661940152,0.0077393342009082,0.78318236479,0.40657666555,3992.6953125,0.1394116315737319,0.0964630986028676,1.2321773009635548,-0.0579851538569518,3499.356410354419,0.0854354441172466,170.0933751118658,12.224011357055057,1700.2698994372747,0.1391966440837444,0.0193757057241766,normal
0.111816379078706,0.2153561879344384,0.7618118570870124,0.009470490843055,0.0133546623238866,4.765058164374318,3.2474062949519475,4.043645695160103,-0.1342486178466035,0.0066256125367626,0.8796452273,0.45214581991,3992.6953125,0.1392329073860745,0.0948877861114985,1.2451924175443954,-0.0371196260382717,3403.011508237651,0.0899037558539629,150.01254232927462,11.518918219758351,1712.9381142240695,0.1390751730457018,0.0193419037576919,normal
0.1085932729993945,0.2163597244768241,0.7560813816823245,0.009524356930264,0.0180293819252764,4.409530010737931,3.088708098623926,3.795511687379549,-0.2922242936543591,0.0008036357448828,0.80262368872,0.41216703684,3992.6953125,0.1334431819645332,0.0934718747431824,1.228834699229272,-0.0598913898301679,3480.5734564660065,0.1100157622182387,174.49985502257422,12.281480577149072,1718.6905873150524,0.1334407620721984,0.017806436982409,normal
0.1128359837749951,0.1853250626960046,0.7893926944497605,0.0098253893683115,0.0154005833231393,5.014034961639202,3.4580237993915928,4.270398734421995,-0.3516264533129267,0.0133764850097314,0.8490597390100001,0.48185464231,3992.6953125,0.1393439346469442,0.0961011732061139,1.2349246223155934,0.0432096197986779,3520.056022798756,0.090315628894451,166.53564652157837,12.094623843516416,1663.8309569895323,0.1387004029254288,0.0192378017716763,normal
0.1124529152091748,0.1719326690591818,0.804202069406863,0.0079560389404096,0.0158540699926433,5.147473723819035,3.592754860427476,4.417820954271423,-0.263121598579239,0.0062529183391357,0.94263292214,0.49679684518,3992.6953125,0.1382774123144293,0.0965127501051942,1.22964719996114,0.105693608646786,3573.90062706301,0.0892928503050548,180.5213786108169,12.527044363954833,1629.59260996832,0.1381359611709376,0.0190815437686187,normal
0.115582736149707,0.1611773874694103,0.8130926588062551,0.0091469385621335,0.0165777232941581,5.087078499596183,3.545168659467021,4.351411804774746,-0.4210556423899612,0.0083910683027343,0.92722129878,0.50294808251,3992.6953125,0.1418685909813986,0.0988677651720775,1.2274202506994225,-0.0045740081145254,3607.79452580035,0.090676085042701,166.53662535989437,12.047525529446045,1614.4709077924665,0.1416202212954994,0.0200562870797862,normal
0.1113035938510546,0.2199273906706288,0.7559627473142656,0.0102892284919856,0.0138150829203238,4.524594139002546,3.16679304393747,3.889248964047697,-0.2633024248218216,0.0061981016137695,0.8515409616,0.43288738708,3992.6953125,0.1366958247899156,0.0956743022204928,1.2281348702256694,-0.1856370655103161,3379.670671345665,0.087563031658167,166.20281513903814,12.024077900742478,1753.2445057315772,0.136555234434205,0.0186473320513807,normal
0.1106219757293457,0.1881122716769062,0.7832713684811856,0.0112083594940795,0.0173539941606638,4.964436523306523,3.5054338170664656,4.268848671039669,-0.4855699773182884,0.0091818996591308,0.85464401393,0.47222847408,3992.6953125,0.1347132762230228,0.0951222705463209,1.2177804214292856,0.0718301466264558,3563.785648056108,0.1033256693878606,212.56425721605268,13.499565368769254,1666.6489558802284,0.1343999981748143,0.01806335950939,normal
0.1147833579721875,0.2442142705238198,0.7283628650407878,0.0103674869918816,0.0170478776116255,4.8789236372879365,3.4528779383932413,4.208836600485745,-0.3962754983490222,0.0057877397081445,0.90040336715,0.48310439816,3992.6953125,0.1399135465485951,0.0990186430604896,1.2189358197945106,0.0698002051477472,3367.091374449159,0.1040945339617875,159.05939678851328,11.592916502864586,1792.2900734680682,0.1397937859022233,0.0195423025768766,normal
0.1152449414236718,0.2330016701750351,0.7404758924153945,0.0106715876679344,0.0158427001406417,5.42706221082161,3.719780088055255,4.617236210254183,-0.1980431997277931,0.0047658118729492,0.93271412815,0.53211311659,3992.6953125,0.1430496169111424,0.0980480959899375,1.241265908455392,0.0997343626625914,3422.348208866527,0.108217074241164,160.65714640309065,11.772472524506234,1710.6314049378225,0.1429702064614032,0.0204404799356162,normal
0.1123158379417187,0.1900331078863837,0.7856388084635025,0.0105615749478107,0.0137550500603745,4.98802312588232,3.483358787586567,4.278125480569663,-0.3234464175544591,0.001652305220957,0.86333743755,0.48050124817,3992.6953125,0.1379419340558121,0.096330998482491,1.228161019707576,0.03819761258807,3494.866563857909,0.0867459309118084,181.93850291958276,12.56811063558302,1664.6035503010994,0.1379320378248462,0.0190252470585148,normal
0.1133900356316259,0.2329575830269733,0.7405553446842842,0.0104284586056758,0.0160366835643926,4.444693361270576,3.101675739991781,3.81248006645327,-0.4009387651436316,0.0081856938616162,0.83056335243,0.43229725058,3992.6953125,0.1393753850559329,0.0972614341288151,1.2291678389512672,0.0431987207275594,3395.190596013092,0.1022477377043301,154.405789027681,11.695496197486198,1762.4987004897446,0.1391347992972766,0.0193584923754934,normal
0.1151000910188427,0.1995802048009933,0.7760500419556325,0.00931651686297,0.0149885615833667,4.7606675696018375,3.2598141718184994,4.051217427826915,-0.2496436747811143,0.0120887340099853,0.92786141763,0.46629549468,3992.6953125,0.1430435816590966,0.0979475016607805,1.2427755737888972,0.0254368989257754,3513.555946082946,0.095316975560024,162.65768498138573,11.848795669370396,1650.2236028311688,0.1425318517521556,0.0203153287638984,normal
0.1130690064568457,0.170315799629316,0.8070629688710669,0.0094932689808216,0.0130877113951718,5.186808128764447,3.6106241499464944,4.439956182524724,-0.3857214512101463,0.0043422153672167,0.86862299034,0.50202143427,3992.6953125,0.1390400699218276,0.0967881251450083,1.2296921524192763,0.0980956813932953,3549.3848961000867,0.0832395998689632,179.1662987752709,12.387047194975748,1583.1145429581393,0.1389722497823627,0.0193132862095714,normal
0.1083245588257324,0.268014056188219,0.7045699139015863,0.0103305400685297,0.0170840154299999,5.245109266908702,3.5895818814065046,4.458199448445662,-0.2057125803492598,0.003199259108457,0.8754021537800001,0.48293248841,3992.6953125,0.1345372537429826,0.0920729128479386,1.2419829372157427,-0.1299662011459915,3226.184988910236,0.0999455812072993,168.21529710978223,11.811157594861095,1917.2210395524744,0.1344992096105425,0.0180900373858606,normal
0.1115177570327197,0.1787372335572516,0.7977421937164041,0.0089312606031593,0.0145818882580414,4.591409509399769,3.209111333385976,3.947172797430365,-0.3178433049699909,0.0087856802602783,0.80571454831,0.44017985699,3992.6953125,0.1371656546815907,0.0958703108683382,1.2299893607198882,0.1564299011208735,3568.0592046319603,0.0912410005794566,200.57243627112783,13.315759070402525,1578.3916582708189,0.1368839970434585,0.0187372286465935,normal
0.1092419054118359,0.2427280288237631,0.7289748595794642,0.012065442387535,0.0162285062649791,4.731026320526665,3.262723564493322,4.029628015095986,-0.3765074487207602,0.002828071142871,0.79523488828,0.44020424247,3992.6953125,0.1349192580274144,0.0930462467646968,1.2350503913198545,0.1384905473586869,3330.832377122803,0.1005197021616179,184.44563926074684,12.533516705317442,1833.037623894688,0.1348896148718607,0.0181952082002789,normal
0.1164064269181103,0.2012560080132427,0.7784924678733983,0.0082197215116827,0.0120083893145466,4.612876103470756,3.180318324659793,3.9390430823254015,-0.1900495509598494,0.0001444627618896,0.86302652268,0.45852993069,3992.6953125,0.1441773696471249,0.099402177818086,1.238568809852319,0.2928703206879978,3396.352891679852,0.0764778594263869,151.0891659764619,11.460313032042745,1713.504927154681,0.1441772972727472,0.0207870930488741,normal
0.1107809470775097,0.2454319286838808,0.7296261782534912,0.0092690991480145,0.0156639352248877,5.004789898130402,3.3429771856568657,4.212754832231849,-0.0642649852606451,0.0030691873391601,0.8740365669000001,0.46669297012,3992.6953125,0.1396039949426992,0.0932492631297746,1.2601805511287327,-0.0400629258818112,3279.30446668787,0.0900263311370196,189.724920239438,12.61349163966727,1857.3718032099464,0.139570252894513,0.0194798554930383,normal
0.1102808488254638,0.1967382524229122,0.7790673312087357,0.0074660903812936,0.0167178791804371,4.899528300306863,3.403210441633351,4.184483398022658,-0.3300477259536944,0.0048345359423779,0.8330445750200001,0.46146838103,3992.6953125,0.1355979563839493,0.0941862874842661,1.2295693933092011,0.024881571326736,3523.9243742062204,0.0972254613277167,177.14957406879037,12.401051742157728,1661.5894593488244,0.1355117450176378,0.0183634330377252,normal
0.1137806002282324,0.213850726567558,0.7596649712649045,0.0119159291562649,0.0145091895792522,4.4332513607435065,3.1378425859706387,3.821896923620716,-0.4789589123958788,0.0097332044000878,0.8153894875000001,0.43485772598,3992.6953125,0.1385849398323096,0.0980900225578613,1.2180014831554962,0.0352985670015806,3450.826224117079,0.09925691515208,169.08655180769858,12.052589680727603,1717.1982076238426,0.1382427223416517,0.019111050280431,normal
0.110669723757207,0.1896355586835045,0.7849223622166466,0.0096967068672057,0.0157388170542973,4.946010296186208,3.39694654787149,4.209937631923101,-0.2682392380443859,0.008700435266289,0.90277485508,0.46591263476,3992.6953125,0.1371563044028286,0.0941996896203912,1.239329960773456,-0.0153588143293819,3521.753471562913,0.0925681216393489,158.03878286147452,11.593034053378505,1669.1327186932049,0.1368800725584937,0.0187361542636184,normal
0.1146966893494824,0.2129588592177182,0.7618632992092315,0.007989613516454,0.0171134974942328,4.375267573589846,3.0903760462604706,3.760330383955814,-0.5440223911873381,0.0123923588359765,0.8227051315,0.4312974459,3992.6953125,0.1395614771289385,0.0985762444572336,1.2167873189756393,0.0318669067009055,3454.616873336614,0.1024159577581136,184.6677141027881,12.68956551829435,1718.7116943021203,0.1390101986938066,0.0193238353408916,normal
0.1107413579946923,0.2084976113900953,0.7648184081271973,0.0104508775079411,0.016201736985446,4.889796588062652,3.3869284432559508,4.178478013988033,-0.3364401542919935,0.0120585974621923,0.82824063546,0.46273032962,3992.6953125,0.1366224109462331,0.0946318157179897,1.2337072022611564,-0.0600638673256849,3491.501386302807,0.1006804908573096,177.44160011863107,12.390291744866992,1694.9437037261082,0.1360892111815121,0.0185202734000062,normal
0.1119978955148632,0.2303291656984193,0.7470207039013678,0.0092315416587313,0.0134149679065706,5.485405184750292,3.643040091872187,4.603150626714964,-0.0290459571015753,0.0063620725342187,0.96768900284,0.51554318293,3992.6953125,0.1415145510147428,0.0939845217566127,1.2635465190143895,-0.0554161835241423,3370.3838867928807,0.0905076563472393,148.16667696076763,11.37608303222125,1742.4361157106882,0.1413714687692449,0.0199858921819735,normal
0.1116375053027392,0.221669384151417,0.7514371438506171,0.0111732525570513,0.0157138858795318,4.7481463592411455,3.295196672205609,4.061603381143221,-0.2899730673851035,0.011743538965708,0.8649529756000001,0.453427269,3992.6953125,0.1376024905659129,0.0954956386543373,1.2325829943329678,-0.0089300997205902,3429.29634219122,0.1064194098832674,187.75168451841532,12.859989739339646,1726.9748243836775,0.1371004547859089,0.018796534702503,normal
0.1109512160025146,0.2100439957088666,0.767478556802983,0.0087867933828831,0.013651319605478,5.389131000591791,3.600356991452491,4.542396952175608,0.031600948156802,0.0090482885422119,0.97647387201,0.5039844654100001,3992.6953125,0.1399818036396101,0.0935186888859551,1.2616518203499232,0.0435409463026246,3419.6989917246174,0.0859394857349091,144.602014641979,11.269773141753664,1699.645557721097,0.1396890612204665,0.0195130338246552,normal
0.1158809838907861,0.1643389758334145,0.8126366565345218,0.0087132509742272,0.0142811723353451,4.280365380593481,3.0053249524967494,3.67702471953105,-0.432205139599485,0.0032384479322119,0.81634661759,0.42609724229,3992.6953125,0.1417807555006685,0.0995469321899152,1.2235032076901595,0.0788579614689404,3586.915784519746,0.0831671941341348,173.15856952123957,12.221992765379808,1583.3402286274838,0.1417437655959891,0.0200912950853307,normal
0.1126830231782666,0.2407146663998151,0.7312768217194111,0.0101218152340732,0.0178614492809277,4.8708367751504085,3.3694034409679285,4.155764635007759,-0.3419287155978479,0.0095795717086474,0.8663734298100001,0.46828412269,3992.6953125,0.1389813155041701,0.0961403849702066,1.2333829141617818,-0.0769639896411634,3357.771978175743,0.1069826717328046,167.19909325859334,12.037136800021472,1829.908856243297,0.1386507766481982,0.0192240378651485,normal
0.1091900475691748,0.2320273709148078,0.7416630369013952,0.0085141310676714,0.017775404717673,4.788510563545525,3.32544405538948,4.095459107174557,-0.3578474318319249,0.0009265186794384,0.89216107491,0.44718337473,3992.6953125,0.1344732815472444,0.0933867366053996,1.2315525502638147,0.0333765834011915,3364.8589340906824,0.0948726415574044,172.14955624277735,12.145368743551431,1828.258060058629,0.1344700896601959,0.0180822050132211,normal
0.119783352401206,0.2201662471056615,0.7572430223542922,0.0092339428249409,0.0133462807600668,6.344687543077644,4.27551017672794,5.359830578122439,-0.0291186780081194,0.0080615755786474,1.06688913548,0.64201847495,3992.6953125,0.1501618399704847,0.1011899278870671,1.2536119332136242,0.1307089637574579,3324.176412640316,0.0798412972163798,158.31636635114342,11.399546129939814,1798.361769642359,0.1499452872967711,0.0224835891825112,normal
0.1140664159453564,0.1559075891112253,0.8171425668087163,0.0102036718689608,0.0167385653270436,5.272061352882717,3.676780207695297,4.513582656937676,-0.3764023934067979,0.008063183019956,0.90034849982,0.51484819675,3992.6953125,0.1400269169401128,0.0976559569945986,1.227591099269681,0.1375311365721848,3624.7851257488464,0.0915855272033256,171.2096805172955,12.316613027040766,1609.364881841913,0.1397945726676824,0.0195425225473399,normal
0.1125412554438037,0.2245912745103618,0.745081836096306,0.0108123448315408,0.0195133466215773,5.221907039887123,3.616490585575148,4.460885255191465,-0.3541213340590747,0.0015486460937548,0.93075719338,0.5020336270100001,3992.6953125,0.138817899599249,0.0961399012229164,1.2334845479715326,0.0261906263390184,3426.599715637214,0.1052532278782655,200.18334548413875,13.011151306379444,1817.3932395514505,0.1388092610182169,0.0192680109444234,normal
0.1104571706138232,0.2239095486515232,0.7460220244427649,0.0109365483713422,0.0190968421314408,5.619561046150761,3.845856859155663,4.7742654341899655,-0.1823049585799667,0.0133391983248584,0.90429285121,0.52735185162,3992.6953125,0.1371220695238712,0.0938421786486723,1.2414048699769158,0.0892010895924193,3394.705393286083,0.1045543292993676,184.7735394561494,12.567623501388775,1849.0225852872456,0.1364717103965488,0.0186245277385594,normal
0.1108523935299511,0.2009571446904851,0.7737312011356079,0.0085591419753145,0.0167416150749106,7.240572274737881,4.955169484449,6.158306122235886,-0.047386132239366,0.0089350383485351,1.08685474723,0.6826629737400001,3992.6953125,0.137767835365153,0.09428301352944,1.2428043362719956,0.0757799063621992,3479.37676790446,0.0971285491919873,186.3606304600785,12.8157228217077,1710.09796788541,0.137477785663394,0.0189001415509101,normal
0.1096362457787646,0.2807742319919741,0.692070723395022,0.0110153825579782,0.0161057083785096,4.507878680006034,3.1013025370169323,3.839865924262986,-0.2873356442436261,0.0035474934075048,0.80621445065,0.42098848423,3992.6953125,0.1357457001389289,0.0933894885186742,1.2381461912956289,0.0085372987168048,3154.599034966723,0.0928939787100341,179.11094772794172,12.296532287243926,1954.2505422492247,0.1356993382324752,0.0184143103967317,normal
0.1133457083576709,0.1842260341865031,0.7928150191957664,0.0086498947975389,0.0143040362309032,4.901967635485663,3.344545894942569,4.164223055808859,-0.155638550952073,0.0063386664027197,0.92411215008,0.47199681202,3992.6953125,0.1411243340190746,0.0962872150773057,1.245078760051031,0.1712800037047096,3497.2384635956123,0.0887334729707473,197.0838536629745,12.951689446364094,1673.5898760405876,0.1409819100472198,0.0198758989605623,normal
0.1111828204753808,0.1635247135557311,0.8084434388547801,0.0089777060458552,0.0190285572409796,4.806358817591519,3.271753035110005,4.081174331069205,-0.1802126720655237,0.0031287995977636,0.85680822528,0.45375647298,3992.6953125,0.1386890966740536,0.0944075318137356,1.2473968197700425,0.0053356707424674,3605.064740758774,0.0940446170056798,150.28807665201307,11.52842573970432,1669.862294282686,0.1386537996210058,0.019224876149342,normal
0.1113783363614062,0.1896341179574106,0.7811673922519294,0.0116825644649606,0.0174797470158223,5.402192429102324,3.719368592905544,4.593561313035402,-0.3846575923305821,0.0107007530911621,0.8700129627000001,0.51162321702,3992.6953125,0.1375564707396541,0.0947065888034306,1.2350379367609128,0.0220887630628379,3520.523728844932,0.0962249629573548,147.61751091954886,11.341803947090575,1712.0953024036542,0.1371396241996867,0.0188072765256313,normal
0.108851113587041,0.190241016706326,0.7842656556517605,0.0101213321893806,0.0153442198047644,6.2900192820538114,4.310363215960446,5.343277787368851,-0.1425990752385719,0.0096282206221777,0.97045065845,0.58162173736,3992.6953125,0.1349356674180882,0.0924674013352292,1.2396351582585243,0.0506189573261632,3558.607866378149,0.0972402621635104,167.47077050407748,12.153444287523834,1611.1758479462649,0.1345917222908436,0.0181149317092155,normal
0.1101530303545019,0.2525933994487753,0.7166248165393935,0.0130658353181452,0.017714497780479,4.629723031505548,3.2128846040390138,3.9609319928452433,-0.3134612498982032,0.0013832731272753,0.82629589343,0.43630866204,3992.6953125,0.1357996678410122,0.0942407697114693,1.232827343959331,-0.0865633015052422,3363.394145866548,0.113729642790754,181.3687008705553,12.41375604519488,1821.96842592726,0.1357926225580189,0.0184396363411845,normal
0.1138800206464013,0.2124394090547583,0.7640538087302242,0.0089583243524119,0.0145307421695256,4.681173535785951,3.2489624773582086,4.015883938237165,-0.1310484455937604,0.0059577206730419,0.8732318460599999,0.4573289458,3992.6953125,0.1407615351014649,0.0976953625632287,1.2360511905642426,0.2512708514643932,3412.4795760093184,0.0919851117033541,165.30631094515863,11.837615853879576,1733.944619949561,0.1406353985613258,0.0197783153285029,normal
0.1157725488845507,0.21372021027961,0.7574818846001715,0.0119638164170218,0.0168293927798265,5.489772380133163,3.796464878854917,4.688872561070817,-0.2434250808433775,-0.0002558169146386,1.03695595878,0.54284272779,3992.6953125,0.142986368927962,0.098882556543598,1.2350628046597567,-0.006839707559245,3465.417187391388,0.109673991210731,144.80336710708426,11.287102913575284,1718.9801288922451,0.1429861400867561,0.0204450362569094,normal
0.110553154211372,0.2588971484710587,0.7128287983868695,0.0108704799343612,0.0173655484767418,4.803040304781076,3.1952911116287703,4.018780047836013,-0.2199871298151521,0.0020181796999951,0.85946014623,0.44428881037,3992.6953125,0.1390448615943252,0.0925015786204714,1.2577195339761944,0.0777708214452044,3311.627978853337,0.1126977166517974,153.45683844746412,11.609799068772366,1834.9519521468296,0.1390302142934534,0.0193294004864835,normal
0.1134153181018359,0.2306433404956818,0.7464161559800095,0.0084111596771736,0.0144902781320871,5.210744820856493,3.616256714430672,4.459456714355524,-0.3329455501854554,0.0117366954331738,0.84921824463,0.50577070182,3992.6953125,0.1398602869651709,0.0970630340207038,1.233169287058649,0.1596820683338449,3320.806469112631,0.0806390885866356,146.107307904031,11.30916575451282,1800.9673293045744,0.1393669611144939,0.0194231498502888,normal
0.1077748509368457,0.1893230562717466,0.7857522116875075,0.0095131567553934,0.0153898823275822,6.150415144068661,4.272470736543454,5.260426467508811,-0.2575692595991796,0.0007503460887597,0.9289648606,0.5669416784,3992.6953125,0.1326964450688482,0.0921794163678117,1.2312375653073846,0.0783568770662373,3519.5939360772063,0.0957833528055041,207.9159687426233,13.489172982043614,1660.649690308977,0.1326943235962147,0.0176077835146569,normal
0.1103148450068945,0.225865227009868,0.74965481154323,0.0095526883121396,0.0149140527179219,6.304628385085213,4.22030163775344,5.325587233914733,0.2031344376404606,0.0026040593128027,1.17360609233,0.58749133028,3992.6953125,0.1392060048562629,0.0931841330521274,1.2618972981157954,-0.0849710634802336,3375.909527449526,0.0937210083144388,152.2647584178124,11.511621881263428,1767.698889023266,0.13918164628692,0.0193715306631373,normal
0.1065350111135839,0.1894518938625541,0.7847800114052211,0.0112143759353785,0.0145450002891203,4.468750307817401,3.0778722937786287,3.796555760516813,-0.4003034126019873,0.003765388030371,0.80180677514,0.40446611014,3992.6953125,0.1314109461128573,0.0905098925380654,1.2335000929671045,0.0608114377481317,3511.622660732907,0.0942689710532951,183.04993104789204,12.540697707900108,1669.8110852386262,0.131356989198356,0.017254658611257,normal
0.1099967552530957,0.224142231300756,0.7468069864661072,0.0119404244277114,0.0170883715197965,7.226313070088175,4.956297683728775,6.163534254079004,0.1572120221247135,-0.0032805570854785,1.07797233614,0.67796876884,3992.6953125,0.1367893561086394,0.0938194570681294,1.2435762836266904,0.1358431641727611,3437.7649690818807,0.1044284905323295,188.3905675851996,12.795001373732791,1752.7834869128624,0.136750012394241,0.018700565889825,normal
0.1105060594413037,0.2283465037168685,0.7426921799067434,0.0106308222659856,0.0182801070240285,4.601691136109628,3.1432386930520013,3.902930283466379,-0.2762307799506254,0.0126366452637353,0.85023633842,0.4312974459,3992.6953125,0.1372143473715073,0.0937258571127458,1.2416907096790468,0.0576481379253241,3422.5229117334475,0.1076223340250673,211.4367933010969,13.535031680790343,1798.530698465658,0.1366312274740558,0.0186680923210671,normal
0.1129694772939062,0.2351667561668701,0.739966679390863,0.0106710681149507,0.0141795385801156,5.519257759129486,3.714368208491088,4.651902028835425,-0.1471115531938309,0.0024940448389453,0.94069427648,0.52552294062,3992.6953125,0.1414838031993297,0.0952162344204208,1.2524073456694802,0.1724556671013286,3323.237136226081,0.0921737913388605,157.04854953010118,11.644422237832948,1777.2534243520745,0.1414618192590778,0.0200114463080879,normal
0.1144478420944336,0.235303859362531,0.7386414358330476,0.0111461798665235,0.0148887322010662,4.692191258748905,3.2433443863279385,4.002724528541205,-0.3464631300793752,0.0044696616490429,0.85736909132,0.45810318479,3992.6953125,0.1412440771695715,0.0976309701647041,1.234134908834959,0.0273674985966541,3379.0494916009643,0.1024549658792293,154.65570668678424,11.574573801686125,1745.7956271173944,0.1411733383476744,0.0199299114602269,normal
0.1083145696981494,0.1928822191757844,0.7804452248462985,0.0094843357735966,0.0171824982044771,4.797670185341101,3.2755218377123456,4.071894877661462,-0.2109290527879816,0.0021899020596435,0.86655632091,0.44104554153,3992.6953125,0.1346489394306802,0.0919291081903836,1.243128600389766,0.1482283164024975,3510.2281092375447,0.0951330030104706,198.81301239707545,13.164693669537538,1717.7587193608545,0.1346311301994311,0.0181255412187761,normal
0.11244984475375,0.2433535455223836,0.7321936243747628,0.0098301825252785,0.0146106125987061,4.793283441403377,3.292412269744393,4.085663207949238,-0.2045618757052389,0.0100325933205566,0.91720496287,0.45943219345,3992.6953125,0.1395427291022907,0.095849160406731,1.240933052489939,-0.086649193903384,3314.8956010352963,0.0945853489446573,168.88228416421688,12.112014448171116,1790.4510008402517,0.1391816091176547,0.0193715203165796,normal
0.1149856490026464,0.1848906842078187,0.7873432744682597,0.0104540336705046,0.0172876582193724,4.704998373180864,3.307357579554908,4.049587044286568,-0.3659385575912828,0.0115807140913769,0.8637337016,0.46564439448,3992.6953125,0.1407904598397445,0.0989680245447558,1.224417664820974,-0.0047474971728559,3527.202921845925,0.0928848096385602,144.7569746978395,11.37511705844397,1683.5438099432615,0.1403133658744615,0.0196878406430205,normal
0.1120913129673242,0.1801626702457004,0.7952038980786046,0.0100243296028426,0.0145900398720889,7.089644557446735,4.864717489972737,6.0483613840586825,0.0919393605557985,0.0012390082465722,1.17096026775,0.67796876884,3992.6953125,0.1393644687975086,0.0956280337253132,1.243311949054739,-0.0723022405389206,3517.972267415702,0.0822389266656444,174.96270185566863,12.254734358343155,1671.7576276476077,0.1393589610386669,0.0194209200217766,normal
0.1125009128844433,0.2886079249950681,0.68313224486811,0.0108094613195298,0.0174303819936765,4.618556570224816,3.2335804462530207,3.970660872315198,-0.3693197531012404,0.000703867220996,0.8323373961,0.44670297289,3992.6953125,0.13814500066254,0.0967191732087534,1.2279455972453954,0.0023823055967016,3175.6763721493207,0.10458068063979,164.6829827813538,11.712386118688675,1942.4155092013343,0.1381432075021728,0.0190835457789883,normal
0.1122315597785107,0.2135302913643704,0.7629368493156595,0.0086116043807293,0.0149002593147374,4.67699882249769,3.0952600744490866,3.916093273205617,-0.0891356521536708,0.0051582924823876,0.84528608598,0.43950925629,3992.6953125,0.1419942898879754,0.0939724966736865,1.2651903811031542,-0.0132947557487451,3398.402470557472,0.0861050223884378,155.814262117425,11.58793986090853,1754.7343849913757,0.1419005651132388,0.0201357703794565,normal
0.4773919330345019,0.2335088734208071,0.5099568178751854,0.2061115154823165,0.0503355848381608,48.02046420621572,15.543706006229431,34.89901843476672,98.8876544062023,0.0007948543525488,32.37864407995,16.66050987158,4324.84375,1.0718492658638157,0.3469460395058713,2.2452186383852264,-0.8857931836953729,5037.508763479889,0.5613877519668605,3.4671681088455437,1.751691669843861,2358.819816494088,1.0718489711425574,1.148860216939359,outer_race
0.5599176697966406,0.1828813873342325,0.605116403186944,0.1672572609264028,0.0446328898647441,40.182538355469816,12.13288308595384,27.76365869685092,56.23989296071621,0.0035408642004785,29.867994311960004,15.54536308257,4349.140625,1.2812587884051043,0.3868686180312922,2.288298543731351,-0.5486066153797325,4911.444214500553,0.5295904604888492,9.983061721040867,2.5704538099276792,2193.9413475503607,1.2812538956608208,1.6416115451460294,outer_race
0.565801255001045,0.1163904742164199,0.6861294689340823,0.1447150217565984,0.052648997603825,37.64283253413005,11.507934653199303,26.17741422588864,56.48647022042491,0.0104751695407031,28.94980783352,14.81121382169,4446.328125,1.2870436153869151,0.3934670380678965,2.2747273959025387,-0.4621073219328471,5069.77623578123,0.4512457445931025,10.79283436302515,3.01851152622018,2136.279041497818,1.2870009862977243,1.656371538731315,outer_race
0.5712330635214258,0.1583457108235591,0.6326830032091931,0.1492506606011029,0.0595623785717066,41.100487637984536,12.021759231379187,28.410402478044382,63.259835583066376,0.0051954928417089,31.95548894188,16.22896124341,5879.84375,1.349965585822845,0.3948605521753325,2.363248334227787,-0.0117395227929597,5262.263589202352,0.4631093234855856,7.036753911682494,2.636040407979886,2133.87870262163,1.3499555880695295,1.8223800897601492,outer_race
0.5554494032325391,0.1595452288878291,0.6208423493276568,0.1658774528475373,0.0535990642145667,44.763160109143165,12.998236567020047,30.79655654203412,72.21245805218979,0.0031423675931054,33.685736289800005,17.10592895289,5806.953125,1.3160192049660222,0.3821430147286676,2.3692872785661634,-0.7788631522969082,5264.173106407378,0.5220542276383264,5.634093315555505,2.4383800737756545,2188.500704632629,1.3160154533155417,1.7318966733653107,outer_race
0.5522638122248487,0.1267686773390557,0.6687845005921108,0.1439626847428803,0.0603664153361756,44.62012178334356,12.949187711931648,30.45627887306139,63.94254650380273,0.0141349413074755,32.89333621357,16.81990067662,4470.625,1.298915503489211,0.3769577492031583,2.3519837344699503,-0.8322474270586571,5073.179476399689,0.4971606459556151,10.9037876799707,2.945780102460812,2174.630699638693,1.298838592219551,1.6869816886388644,outer_race
0.5146641807609473,0.1433466587383447,0.6544020123685844,0.1507361009069773,0.0514987679639494,46.21607402798367,14.62524423563812,32.94002599661079,74.70129607928767,0.0036304284487988,31.36579316815001,16.953051493790003,4373.4375,1.1591636502370053,0.3668215409972944,2.252271857200447,0.4264826838851983,5045.375424328447,0.4942119327660244,10.189114720133688,2.9222411281205734,2154.904536249861,1.159157965085025,1.3436471880200562,outer_race
0.5404397134352686,0.1295829949157114,0.686387052474851,0.1354274160971066,0.0485046433630043,46.95826646114323,13.423219692063872,32.20782878646622,76.9104168795518,0.00978428233604,34.34112654665,17.40638975973,4446.328125,1.2967373073705315,0.3706778608220843,2.3994115812250514,-0.3480321243304449,5103.424899326699,0.4426467562741322,12.499888709832431,3.277330143835317,2184.9219093596307,1.2967003941334114,1.6814319121457444,outer_race
0.4961317832973975,0.1519784522552661,0.6250271784464452,0.1753319867894978,0.047603241158973,47.19217443021797,14.273632459188107,33.15346040001684,78.50276977713366,0.0017314300310009,30.448295579520007,16.448485430740003,4324.84375,1.152368570353086,0.3485426477871245,2.3227066056808514,0.5314569385314962,5100.991210794599,0.5140074102187061,8.106104956497092,2.624385553497526,2166.83121998501,1.1523672696183551,1.3279503240876631,outer_race
0.520415630110796,0.1258173796554242,0.6677763794716037,0.1410659458295163,0.0652969091699594,48.655196238610486,14.661686465748328,33.988322454312595,83.60500093940401,0.0127361339737646,34.40891818105,17.688054246470003,4349.140625,1.206413347317969,0.3635388532753176,2.3181727786713955,-0.1191804484772863,5148.606825915696,0.4919122710927187,7.000955800273829,2.4910516206864246,2163.427133202852,1.206346117612333,1.4552709554783487,outer_race
0.5522882257170312,0.1553213973662168,0.6177062740263991,0.1753873741348613,0.0514485316798032,48.4603597139103,13.75379375727002,33.188842474113166,70.47684019278621,0.0150236628628222,33.88172848893,18.32980692363,5879.84375,1.3327091598956964,0.3782433112721721,2.4130682093855094,-0.0499760230666292,5296.920428394799,0.4724023725859466,12.414806095168764,3.262158359360698,2195.3700281570614,1.3326244761462538,1.775887994424077,outer_race
0.5767597164794971,0.1396406086478049,0.6738744024514514,0.1331560379635629,0.0532751186791152,43.683610322854165,12.393467040303191,29.7508350750602,64.04010371379084,0.0131880035860693,32.90366956072,17.159083202919998,4446.328125,1.3845264724648203,0.3928036871518103,2.4005256138828104,-0.8459814854710183,5123.837310719194,0.4831392995376248,10.772015970060815,3.002145494457253,2136.568905080875,1.384463661320619,1.9167396295172927,outer_race
0.5565381899214453,0.1816139587940771,0.5770274915247541,0.20281455542977,0.0385108890592954,42.88554643284194,12.291854015739965,29.40702857372656,63.83003338555496,0.0013236787291308,31.64712845091,16.36613445339,5855.546875,1.3314618309355803,0.3816235495336196,2.3923997580894034,-0.0531754326943749,5202.227514829345,0.4867582625088507,5.937918707623126,2.3163746556188096,2154.8169423958543,1.331461172964856,1.77278885511295,outer_race
0.4982553500999951,0.1611647984461456,0.6226390481505613,0.1599154991931676,0.0562447300969453,50.095254730023626,15.227978477653444,35.32128006069187,86.20631725236078,0.014725771244165,32.33987726312,17.599016762620003,5782.65625,1.1557027604449257,0.351311054459463,2.319498948105599,0.7835073153306683,5238.796700892379,0.507173869994957,5.432287407595361,2.3761105227941623,2178.4591351888635,1.155608939979821,1.3354320221612856,outer_race
0.535158198864248,0.133350059016278,0.6767385805562203,0.1386613409321636,0.0511705174529058,46.77170898968437,13.894267505861556,32.74631124650933,80.27546821214156,0.0123708727038183,33.24129262769,17.524456946129998,5855.546875,1.2612724592165063,0.3746807060224176,2.3568217059801597,-1.218754337126153,5264.893428910219,0.4497550560588131,4.4083071918130505,2.288444940076604,2064.0365328552057,1.2612117894654329,1.5906551778865996,outer_race
0.4703102877223974,0.2037253487152177,0.5379758168962608,0.2024619955503316,0.0558060873967541,50.3849708259103,15.469492676864812,36.10492069580842,98.25116203273905,0.0173523958307568,32.6863583557,16.98051564064,5709.765625,1.0976776029659316,0.3370154901808105,2.333943423355094,-1.200542044106823,5098.331681159457,0.5274519260445525,4.37569572413444,1.9166330120089907,2334.5384645746094,1.0975404386226353,1.2045950144119666,outer_race
0.565994996291382,0.133514111421579,0.6697470442027916,0.1519978843736192,0.0447084559046516,40.09298426263683,12.0367283077808,27.84290002741841,61.12588426664813,0.0104162687237158,29.564035400130003,15.75894209776,4446.328125,1.309238000127749,0.3930598429522733,2.3131617924299377,-0.8727471741033141,5015.570881231257,0.4697929822202947,12.766433690391686,3.139206553933373,2107.285389610087,1.309196563669636,1.7139956423243832,outer_race
0.5404518288184424,0.1578575018873781,0.6427440134563979,0.1399955541258319,0.0593851818536882,46.82767962371638,14.19678863346325,32.85765476859096,81.06725080655377,0.0114358092108935,33.57214872396,17.75797961037,5977.03125,1.2508448261681284,0.3792197211791011,2.3144427670876344,-0.1131273205370157,5294.321157861544,0.4834750512401936,6.179609952272498,2.494574808504567,2159.8543988709707,1.250792549313941,1.5644820014192673,outer_race
0.5493202308213574,0.1532139872209882,0.6124815666971358,0.1904180956747235,0.043777053908685,45.71927579493546,13.312095112557182,31.545944736660264,67.50163284776386,0.0072263996793359,33.15270017885,17.32882564422,4349.140625,1.3017354141252997,0.3790266871668075,2.369720503792318,-0.6172728032518231,5217.7981314824765,0.5035004936101151,9.606565645010832,2.7613054933714225,2172.7507488325086,1.3017153558038868,1.6944628675356397,outer_race
0.5298139268193458,0.1523619161277534,0.6412719083170242,0.1501357889901172,0.0562141316488867,48.72961573691813,14.568322722854957,34.134257102770526,75.1232169081019,0.0133638844559179,33.77893759436,18.08480479468,5904.140625,1.2413786500149633,0.3711255367232198,2.343046468157951,-0.6334005446785538,5320.913663511011,0.4462439220698167,8.983862770923713,2.844895970805067,2081.500701175241,1.2413067144365335,1.5408423593052216,outer_race
0.4773294024808399,0.2145528854895044,0.5352105194530098,0.2082688760319765,0.0418416955447648,49.52947140749704,15.219546331773923,35.360668488921576,91.33034149966602,0.0057124042921484,31.08906674111,16.87868676114,5855.546875,1.1090137901089916,0.3407806762618741,2.323372045269111,-1.5917894880367467,5133.948264242113,0.53497146919383,4.817729742262214,2.10682222987916,2273.688749017432,1.1089990780379908,1.2298789550891136,outer_race
0.4936555739996485,0.1885452876154703,0.5818959203210506,0.174070614772759,0.0554017002932796,51.11985619171465,14.771758928592762,35.801454478203844,91.7256143754757,0.0050844305542578,34.33978534525001,17.673587560460003,5175.234375,1.1964443534378533,0.3457284287768494,2.423641940764768,-1.541728536115914,5130.815886682959,0.5095258565378346,3.295522924281973,1.9140383505824623,2266.461902698393,1.196433549947201,1.4314532394392616,outer_race
0.503615323320586,0.1508953387655017,0.663057663444381,0.1429057240642835,0.043099392201417,46.523285336375416,13.655224739870318,32.497292468148004,80.71961929365993,0.0046819570180175,31.64712845091,16.36613445339,4397.734375,1.1985254556524734,0.3517837215290925,2.3798431067386905,-0.1591421622590952,5134.725324413303,0.4575348183636187,6.244994015851948,2.5148942196631703,2121.843330803148,1.1985163107465209,1.436441347125451,outer_race
0.5477860916784424,0.2276544522161166,0.4977701051120005,0.2416751135694431,0.0328810376753665,41.943601407720976,12.4745737979364,29.1052567313794,65.74742964572019,0.008826044897583,31.36415324462,15.94345483218,5806.953125,1.2780761163012588,0.380116496845336,2.3331664233846707,-0.7563040469395743,5110.802475283432,0.5026318984468027,10.547760413401903,2.645955628236782,2267.169019022666,1.2780456408091123,1.6334006599911746,outer_race
0.4887507153108838,0.2182662017788034,0.5326463658037959,0.2095752497044718,0.0394612450502237,47.984807456416206,15.146323648326328,34.41101268828257,83.0231353407117,0.0083875825364892,31.787820477770005,16.818407065970003,5782.65625,1.1103953313336494,0.3504944159929344,2.271905281258465,-0.5131220127542052,5157.8246909712425,0.5058337221867188,7.846765166642841,2.5873712710532204,2224.591873023166,1.1103636522809808,1.2329074403067588,outer_race
0.5385506215609766,0.1478878875126019,0.6540840889249486,0.1560234906450108,0.0419650823555898,46.69624294958462,12.9692488934095,31.819512269766747,79.63618846301529,0.0158982419113964,33.71736425736,17.136418110650002,5782.65625,1.3213115309521206,0.3669763781456948,2.453458371512653,-0.3919880493430259,5233.873172159148,0.4351263396913128,8.720087438070257,2.7412978222186983,2071.5540901825475,1.321215882333831,1.7456114077311633,outer_race
0.4614771817086621,0.2036399672768976,0.5627942067219734,0.1850816479156389,0.0484111525376722,53.429841956819445,16.174314460220252,38.26098730692361,109.85296673767088,0.0040178039437109,34.94972106738,17.656572591790002,5855.546875,1.0916427175454808,0.3304627516222033,2.3655399677695272,-0.0161404703934407,5151.640923215935,0.5246670137199259,6.254206353553407,2.351550630915769,2258.5647909556437,1.0916353237329546,1.1916676800215524,outer_race
0.5451379535390088,0.2334662086929124,0.4660461048369505,0.2484132960021301,0.0520379813455803,42.92475740858829,12.701694200159938,29.662197871264,59.88412656215297,0.0148258076749365,29.58661025824,16.16998984501,5758.359375,1.2730577189306282,0.37670544509064,2.3352945995889662,-1.016476084380478,5172.781234502898,0.5403910636995026,7.41742494739821,2.333557278402692,2389.8493220616638,1.2729713866209404,1.62045615115564,outer_race
0.5373721592242627,0.1476774054833179,0.6463696863665588,0.1472489664867092,0.0586048812041228,51.61394470106352,14.019070748195322,34.94948873425378,79.38472544590225,0.0136201373911962,37.30091418165,18.78088222491,5904.140625,1.3396666984741243,0.3638722506811809,2.4929961023809537,-0.2693751412772807,5325.453390391977,0.4616328217926951,8.48740880088261,2.7599579957197222,2145.6982238190603,1.3395974600072984,1.7945213548580052,outer_race
0.4582626533624072,0.2060475961053591,0.5477892373597174,0.2022697098881844,0.0437155410134386,55.8868646289112,16.92491274628746,39.94124375091724,111.80984868885548,0.0004226513175439,33.162704322020005,18.30358033989,5879.84375,1.081457884851132,0.327511311672712,2.359908399508795,0.9011233652219076,5191.9120930960935,0.5068766669997408,6.686768092177594,2.446303801081579,2223.430966461249,1.081457802261627,1.1695509780725482,outer_race
0.5417883531826807,0.2338697848280727,0.5070586459833504,0.2208420171656055,0.0381242872400211,42.69354061481296,12.755627259423242,29.850053476208583,72.21495651725112,0.0094368547343896,32.12135897684,16.172411315290002,6049.921875,1.2678648400722594,0.3788022984835045,2.3401478319427063,-0.3781927378388767,5128.484808894292,0.5334588636043189,9.008174019358895,2.684118029635121,2295.5915774751807,1.2678297198220974,1.607392198464178,outer_race
0.4804100909384668,0.1749185758960997,0.5889166055301833,0.1757718024659199,0.0603327404529468,54.47693195266019,16.333220869586476,38.9560570776751,110.80491920854315,0.0088742234856933,36.73776809927,18.71488292329,5758.359375,1.145817048132762,0.3435377553852153,2.385081141602256,-0.9682955436649489,5267.655417385076,0.5208739259903166,5.119361136612472,2.2696829064215733,2255.4468166691354,1.1457826826886508,1.3128179559492017,outer_race
0.4751858567686426,0.1958117835586579,0.5578390272071617,0.1993991076445608,0.0468765357451656,53.63576173593384,17.07959531018467,39.048471043013706,101.99469759676808,0.0153565044229687,33.17850001669,18.55528116808,5734.0625,1.0864005165869106,0.3459498022873924,2.286264418673249,0.1658098935919724,5224.750291950089,0.5342292657937159,4.945492574023121,2.224283622316031,2254.847352042309,1.086291977422375,1.1800302602122137,outer_race
0.5518023499448047,0.1804755551270926,0.5765300004030691,0.1835365598036585,0.0593261616669726,43.86020814849311,12.925047350626224,30.14242627832904,62.93302500219231,0.0038150222458886,31.90552918973,16.632661653419998,4446.328125,1.2868549880100932,0.3792198522430277,2.332094069803824,-0.7013621616109561,5150.108478220392,0.5318379777965053,6.740361286722157,2.427809543040465,2328.9777588678567,1.2868493329724815,1.6559812057717207,outer_race
0.5473077308842187,0.166414939358394,0.6015814696643031,0.1822941089925914,0.0496305953735658,44.12733701987855,12.770576440947982,30.39692691565396,74.03306576097602,0.0018481392002343,33.05483515124,16.63647309606,4349.140625,1.302719041148079,0.3770105839055181,2.3802313901969443,-0.3120595629276163,5000.599406114723,0.5348191011888894,8.86377493834236,2.575749902661645,2208.230509674637,1.3027177301899542,1.6970734845512665,outer_race
0.5530458366774609,0.1488046099113403,0.6192054698628348,0.1822036949077942,0.0497285929943023,47.4910335145935,13.667058516319605,32.84250851605813,76.53163501799447,0.0006541675171289,34.41517915304,18.16341260085,4446.328125,1.3289920855435993,0.3824598299228122,2.4030414793967143,-0.478895102355683,5332.863782732838,0.4656519462573554,11.149481819595325,3.0855630281941298,2162.8286996374463,1.3289919245437063,1.7662195355023846,outer_race
0.5456818438619873,0.1903753951538913,0.5520267786818204,0.1909764995600872,0.0665777822152245,42.754237450344114,13.087170894081394,30.247239547142605,72.89955590788865,0.0146414639242724,31.83533558555,16.505369447819998,4494.921875,1.261186973212405,0.3860522472653094,2.311213003325399,-0.9862769561045124,5077.003833079543,0.5487623073503257,7.748450816867002,2.2816091357254136,2406.472913807904,1.2611019819724425,1.5903782089348222,outer_race
0.5003421630932422,0.1403870156107783,0.6579951185780093,0.1432393880473992,0.0582949192449342,46.19906358910855,13.715790598296689,32.40801611919762,78.2542040711962,0.0171151821447558,32.11885946514,16.215096886639998,4349.140625,1.1822210881998805,0.3509832370382225,2.362825233218583,-0.3207271533161073,5155.148395158555,0.5078618938962265,6.170693042806512,2.398710886006508,2163.3058567810194,1.1820971922497154,1.397353771924661,outer_race
0.506609893607959,0.1700798405177618,0.6100404224467665,0.182501185116699,0.0373097706810855,45.11029882964554,13.902449751066042,31.790198969846927,70.46560528192119,0.0126334452648339,30.95774483494,16.10522931789,4397.734375,1.158445425537686,0.3570189011318626,2.2866616703584377,-0.2585566820774302,4960.685076233348,0.5070866313505707,6.361578279771594,2.266315977393751,2134.293793598458,1.158376536368866,1.3418362000099309,outer_race
0.5890792037796827,0.1406590684969673,0.6494494385699241,0.1534675697266191,0.0563756445778444,45.86538050758748,13.261968821239243,31.384587346669544,64.86899184210095,0.0106250932101611,36.92173825676,18.48800772513,5782.65625,1.3940620713510632,0.4030928670061189,2.3665104155882686,-0.6753593323497372,5285.17864910391,0.4846575265411779,6.8119382763885294,2.579277064184061,2130.8329330103143,1.3940215802396647,1.943296166173892,outer_race
0.5827579783290527,0.1390675813630202,0.6407641690230222,0.1564276644831997,0.0636326184191073,45.526311038491336,12.865285292614235,30.73736060556478,57.119651442496256,0.0080461768862597,33.81527805593,17.91244212567,5879.84375,1.3923081935814716,0.3934525270568372,2.389170539670087,-0.8358493294101713,5359.304837213397,0.4972249194066344,6.147053807542266,2.4606621252957663,2165.6250179800986,1.392284943878808,1.938457364951616,outer_race
0.5641494178956592,0.2218379164289353,0.4926256380791246,0.245663270446982,0.0398444041239598,42.92707966993348,13.392078322438476,30.239783498376745,69.49271208181447,0.0094377953852294,32.172507521140005,17.059756257900002,5977.03125,1.2738692118695512,0.397412458268127,2.2580351436348667,-0.3677260353232555,5149.804100765091,0.5004685303568442,12.802133078323411,3.077681515910338,2287.631823553853,1.2738342501940425,1.622653696967418,outer_race
0.5364260842823634,0.2006659276193741,0.544056377645218,0.1976000589924975,0.057641633652075,44.850767535862985,12.973588069034603,30.95659115237765,65.9219278907674,0.0159114288836132,30.99752364919,16.6059229746,4373.4375,1.2799792074665188,0.3702483566490091,2.386124099798184,-0.6481495575466556,5027.454316075619,0.5452359073091099,5.051592688699019,1.9523117044264195,2371.4410944181705,1.279880306113622,1.6380935979774989,outer_race
0.5558077650225781,0.1595287995238639,0.6133992761908672,0.1701647470190109,0.0568164240219275,44.84190372489781,13.21963284925835,31.113542422149344,76.38232172944745,0.0038114561075781,33.748413069769995,17.293148475589998,4373.4375,1.3081413585975787,0.3856470631060258,2.353585971481416,-0.5896525062780119,5207.086094617263,0.5403074640070322,7.036467564573618,2.544509416744458,2242.7848871777837,1.308135805975763,1.7112192868758591,outer_race
0.5083678198919825,0.1581835052599045,0.6256255195503151,0.1681960829899608,0.0479178978701547,45.60451647153852,14.410496681349136,32.531668315067606,88.71205764480983,0.0154230227257128,32.01359954072001,16.538053298780003,4446.328125,1.1476393676412604,0.3626406895269089,2.2574980609219315,-0.0625017747296679,5019.880104210926,0.5180618169812273,9.954343792618868,2.8446823097074945,2183.140788133157,1.1475357286507617,1.316838248530034,outer_race
0.5044825396233252,0.1410010984178216,0.6503686019380385,0.1549106835909863,0.0536697788660682,54.06212656470443,15.750367879296876,37.9353027566014,95.20668671287162,0.0126463970743408,35.46955244091001,19.137697876030003,5758.359375,1.2150635478924663,0.3539945446490157,2.408534394073778,0.2383608001643512,5310.395429589224,0.4368587478884733,5.607426116233077,2.4073972185171826,2077.355461960996,1.2149977341781617,1.4762194940580662,outer_race
0.5639309380181396,0.1830210639349822,0.5626268015595967,0.2002159637977068,0.0541068721243022,43.13904364342866,13.10154592314739,30.010100838368317,65.33290830704124,0.0069253050850341,31.663923950260003,16.9236243158,5709.765625,1.2917272828010231,0.3923041144742198,2.290577082613391,0.1602608535390193,5207.967518121786,0.5087111206472793,9.106614169344638,2.681009183125684,2194.532475615498,1.2917087184353888,1.6685114132819945,outer_race
0.5029523110074023,0.1510945674346199,0.660333252320981,0.1532805343759969,0.0351578992230529,43.47029353879479,13.643761770594576,31.16058511231165,84.355396454726,0.0060910103016992,31.21101243022,15.67228829458,5782.65625,1.1486779495342232,0.3605286971571371,2.283870506993887,0.3903880089298574,5105.545047862077,0.4596066402255111,4.133533961324715,2.149087649377852,2096.6420786064723,1.1486618002439413,1.319423931339652,outer_race
0.4639823379244482,0.2268121671794916,0.4878289315162107,0.2439356092616136,0.0413652674542365,47.08854606224079,15.22242785490475,34.15859653959661,87.82092112263119,0.0020273302084814,28.14977510205,15.848985482660002,6171.40625,1.041160164050531,0.3365783573294257,2.243965080024375,-1.2160702978413218,4987.377724087243,0.5423091933127359,2.7041772060358467,1.5843985120960324,2309.447963833259,1.041158190256387,1.0840103771379543,outer_race
0.5162914363203027,0.1557645315035517,0.6479193272901295,0.1461876838867179,0.0500674489323108,44.39980891860702,13.530228277206628,31.433721541222106,80.3773302616761,0.0053494857190722,31.95548894188,16.22896124341,5782.65625,1.1994595295003063,0.3655187181809872,2.323221818376573,-0.0505160268128619,5237.975876905227,0.4349587740477446,6.788971917017422,2.560486394858488,2084.6617668312388,1.199447600319263,1.438674545911638,outer_race
0.4880042414526367,0.2067206705166653,0.5605797424011202,0.1957243247263183,0.0368004288383742,49.84151799053152,15.388934838998704,35.4085510347292,89.90445552407733,0.0121949293223632,31.99827936291,17.279523088639998,5782.65625,1.1228537432525971,0.3466893422452065,2.300909803386567,-2.0445309452959304,5126.390082800328,0.5123183081820177,7.430980955467511,2.5167263471587558,2195.6659190903806,1.1227875188276684,1.2606518124351918,outer_race
0.5191464468904052,0.1339448174168204,0.6806036349300617,0.1416299776144642,0.0437639053762853,47.16784257533775,14.138396815661809,33.25146536126479,87.52209792214433,0.0012396720602978,33.6211757315,17.2623800962,4446.328125,1.220957391511151,0.3659777329995126,2.351855432748251,-0.2426908001620895,5090.912354800898,0.4684275614837186,9.703842819307212,2.9005318355053578,2098.779808313761,1.2209567621741964,1.490735415098897,outer_race
0.4743598491997802,0.1750254880809671,0.5934915146264094,0.185907008883429,0.0455057668523225,54.48183092511889,16.212217913812264,38.56089679640297,94.24651557182948,0.0142674480526806,33.67831091114,18.29174118935,5782.65625,1.1282688948910595,0.3357402069414774,2.378508418860468,-0.105220869319545,5266.062109463761,0.4921608379965645,5.519221735421366,2.3746843804264635,2160.652824337745,1.1281786822594888,1.2727871391047567,outer_race
0.5312338654420312,0.1361624790457723,0.6712783457348652,0.1521453672491208,0.0403648440207391,45.909508153062966,14.099783123163364,32.325015319874865,75.12516273543507,0.0131363124410253,33.746712182539994,17.17214283885,4349.140625,1.2179012037879726,0.3740432762119304,2.2925895410951944,-0.5124616534519074,5037.153778948767,0.4656992197418922,7.792226894258368,2.6522792303848277,2055.3568054513744,1.2178303574322835,1.4831107794836442,outer_race
0.5353429361172608,0.131634593097622,0.6912989473325484,0.1223771152740993,0.0546415629104038,45.54726701314331,13.222260528318738,31.559552575583623,71.99742096650512,0.0124914754531103,33.11855441048,16.895183538359998,5782.65625,1.277783288430506,0.370937372235411,2.386850002538601,-0.775542146534369,5301.524700093396,0.4269823673265227,7.01851387668099,2.679036451958621,2025.196640214647,1.27772222929449,1.6325740952332817,outer_race
0.5786239583478712,0.1629416916976854,0.5787579917307466,0.1751209702723072,0.0830911313491287,40.16820528645736,12.40096594155403,28.086922979465307,64.31046305252075,-0.0004549491253417,31.31604678895,16.25176655219,5806.953125,1.310524246964701,0.4045927976191969,2.2648980016427323,-0.792510326546932,5179.549810209684,0.5580686540825265,7.061091473159468,2.325724937720881,2426.4838544544546,1.3105241679967945,1.7174735949036897,outer_race
0.5333264938854151,0.1919854889318261,0.5541453150271108,0.200227968147675,0.0534477110776652,43.80604898232212,12.705969041172882,30.379040235775317,70.65133964582299,0.0036236504046142,32.13919695546,16.20194701655,4349.140625,1.2751445375042727,0.3698563872557481,2.390926668980065,-0.8365201875648292,4976.137398130851,0.5334916948886721,5.382858052305847,2.1137906323181435,2301.606505803514,1.2751393887276523,1.6259804606847308,outer_race
0.5430608715961572,0.1498756880022657,0.6403976764359267,0.1489552552723415,0.0606102673912155,47.21847057814992,13.337926242724018,32.35719127156563,69.538974356153,0.0012659090745459,32.99886437827,17.571924494340003,5782.65625,1.317440520705059,0.3721409075555978,2.425953681459052,0.4006782328912144,5291.27788242679,0.4877028745930089,5.505023685501548,2.418063375288749,2177.0341876657108,1.317439912508283,1.735647923069832,outer_race
0.49600956114208,0.1816063816289831,0.5871808643783324,0.1917508573312541,0.0394385304308066,50.49240101109939,15.318278896365165,35.50406562783088,81.534353081759,0.002994667550791,32.020604269850004,17.610356010820002,5734.0625,1.1496301986640758,0.3487724025432825,2.317758141631404,-0.0384842696941004,5218.14144323648,0.474200736467721,6.718966456313442,2.5457390095488504,2125.9751933459765,1.1496262982581176,1.3216406256466624,outer_race
0.4778187658708008,0.1766858361151594,0.5919845701809562,0.1881683642187492,0.0430803582511087,53.57443548325553,15.71358167773862,37.70241899965713,89.73225289656109,0.0079698174706152,32.781717775240004,18.01492331676,5782.65625,1.1464555749426424,0.3362596946521348,2.3993523419978797,-0.0983012199229114,5266.826129559888,0.4938552801816065,7.923605641206519,2.6521120585644544,2143.2010226814377,1.1464278727100756,1.3142968673265496,outer_race
0.5581860696366797,0.136195874613272,0.6589649543056098,0.1589723390648603,0.0457209674304036,44.20904280755562,12.9946601539609,30.56284845840761,67.80520814075228,0.0087445446464941,33.4263357463,17.059756257900002,4470.625,1.3128281967958986,0.3858883878613263,2.351954425610104,-0.6034853267335438,5042.648291471535,0.4931288603768852,9.105248863289503,2.73541456666678,2149.945439203102,1.3127990734462365,1.7234414072412962,outer_race
0.5917304674609424,0.1467746431072449,0.642812939733029,0.1579582684740766,0.0524126954952986,41.10247624252097,11.850464374159042,27.84306504016119,53.59095686916906,0.0112621400612158,32.68638274118,16.475589891760002,5782.65625,1.3902906562620825,0.4008417837053773,2.3495336689822377,-0.3591271257684971,5219.607900069512,0.5019982941390203,9.587977017279316,2.8191344773404485,2182.5958734283363,1.3902450406640168,1.9327812730908935,outer_race
0.4981068206715917,0.1690796480309028,0.6316419243923788,0.1455156365652012,0.0535589969921262,49.61287466175729,15.087129012715309,35.51218959106062,94.10279003439857,0.0161716260035839,34.83649318737,17.688863852289998,5782.65625,1.172447311704034,0.3565377731664674,2.353806980846471,-0.5773064999930709,5221.950802748117,0.5053715966806471,5.455115387811347,2.372934783726076,2201.9262916640523,1.1723357783648916,1.374371177234416,outer_race
0.5084415634958692,0.1542077187657366,0.6504037201888055,0.1528545295779784,0.0424981565500972,44.85544822143749,13.286989521751172,31.578010779562167,80.20733040613912,0.006857878875625,31.78283364711,16.05557317285,5782.65625,1.2083680164394337,0.3579403129267284,2.3766114007893275,-0.7366312381632505,5153.206226674644,0.4638130708313411,4.974690706876655,2.2888122742337846,2068.157266320652,1.2083485559436475,1.4601062326510983,outer_race
0.5488975671037452,0.215016882769923,0.5060813855946918,0.2321375748822288,0.0467231965881267,43.64241075008472,13.11166437391033,30.190099960450222,62.07220816956951,0.0083834865378955,30.3188940299,16.571272418910002,5806.953125,1.263857275959841,0.3797057067677645,2.3025375802421144,0.0424830473201871,5209.518918192628,0.4869251133079297,18.291015333111115,3.7213585681388617,2269.9238711242315,1.263829470755489,1.5972649311500984,outer_race
0.5439704207356836,0.1581868730395178,0.5867176100088328,0.1961763810132691,0.0588914394117386,45.00085461898727,13.023363757340944,31.02179468169938,72.39668544718003,0.0157617939582421,32.06123047953,16.874938704980003,4349.140625,1.295743482206586,0.3749915162246705,2.382010919737473,0.0713730036268111,5091.219389410358,0.5273995277423323,8.944656977849545,2.6044700914111707,2271.998173601332,1.2956476131773125,1.678702737532067,outer_race
0.5498656164406739,0.1318673427320921,0.6848318215889361,0.1405501740214874,0.0427312650830389,42.63216180698513,12.080636240373815,29.158076868659485,63.00680696046659,0.0063531244442675,31.171142170420005,16.03302391161,4446.328125,1.327167178333472,0.376078135192831,2.4136209623804743,-0.4833083093544908,5122.05023534077,0.4304997218664979,14.8605054810577,3.400786492513984,2126.55094788313,1.3271519721024514,1.7613323570554258,outer_race
0.5946898878697754,0.1346378677081703,0.6816287321176514,0.1415992363799243,0.0420957436545152,40.90371265327035,11.78452475491354,28.097317506563964,61.75678176943107,0.0066561271309374,32.659869628050004,16.70919059742,5806.953125,1.4178926129755998,0.4085005862196243,2.3842554613709668,-0.1903865126388425,5176.643395185795,0.4485235001305364,8.060550452159855,2.7417595304155653,2027.695966234432,1.4178769896935317,2.010375157902391,outer_race
0.5580469062252686,0.179709764024345,0.5781388307460408,0.1896483403753764,0.0523642754566712,41.79770441508865,12.399135636609923,28.73120347608873,59.25123718310409,0.0185369312380322,31.32292959068,16.03335921196,4349.140625,1.293102977647861,0.3835942532330096,2.317194062403546,-0.1425719161533985,4964.020719920117,0.5146530863428004,4.8237583904672405,2.054111794247509,2237.235642848913,1.29297010521591,1.6717716929820412,outer_race
0.5111613534445264,0.1407255633548411,0.6527413582578235,0.1614414102615267,0.0449605946494955,44.86004250564754,13.77103098145089,31.79402389741448,76.85374730227872,0.0145112968991943,31.10902016012,16.25187628685,4349.140625,1.1801495696829616,0.3622795561284636,2.308761336768463,-0.9616045277463846,5075.00331358761,0.4940806707096488,3.697029322741275,2.0219310284317658,2103.109731080019,1.1800603497640207,1.392542429085183,outer_race
0.567523739036455,0.1491853153065079,0.6198785951714577,0.1776870753277802,0.053198149611474,39.9816420670932,11.496941169487382,27.306433694969265,56.46731039317472,0.0002956485704492,30.01349027838,15.49704935032,4324.84375,1.3479280377157024,0.3876041240205792,2.375104237937645,-0.4627555378187246,5122.016067046622,0.524433195202462,4.456747987297218,2.078542632712278,2181.4631877949737,1.3479280052925775,1.8169099074520276,outer_race
0.5621002058813185,0.1390196797541217,0.6637909048794464,0.1446877701040577,0.052457519927598,41.692949735846,12.246779704669557,28.74661800401776,65.62955152245036,0.0143582893238183,31.45716556171,16.15847989845,4373.4375,1.319406430760648,0.3875590477724717,2.347279750043761,-0.8568055566318621,5125.433141046666,0.4767263568738079,5.3902652022724205,2.376053896156639,2123.196398674019,1.3193283022281623,1.7406271690602455,outer_race
0.4794961367913085,0.179422823250615,0.5762295828594296,0.1927973464653538,0.051538154984909,43.44913182815549,13.54553301864932,31.181468642316315,80.32214681257669,-0.0002097786048632,28.78116395021,14.95139375347,6001.328125,1.103787775120042,0.3441126007443339,2.301974281808332,0.0339847487826587,5231.050602478157,0.514206459059512,3.7036386911347456,2.0332374451598736,2210.5533737413803,1.103787755185475,1.218347408497389,outer_race
0.5701188132184912,0.1855785143376916,0.5641207683849321,0.1935928176978608,0.0566833131127088,40.50407256309069,11.904790989169095,27.860180186989894,59.245157942642855,0.0038714106916455,31.41791713165,15.883612864260002,4494.921875,1.3342202209774885,0.3921485386319877,2.3402494182667226,-0.3552008919823399,5061.195302310823,0.5388421124641245,11.360895335771149,2.8498808862686884,2321.0069283331227,1.3342146042689214,1.7801286102444749,outer_race
0.5611406843413037,0.1559825672038243,0.6470266724688348,0.1348471610752507,0.0621257693231689,45.18799346855757,12.525774942382904,30.538541561579382,71.69120095130216,0.017977404732456,33.71736425736,17.136418110650002,5879.84375,1.368092448529174,0.379225028492884,2.438056064559127,0.1023927184804035,5268.025301386202,0.4762365345265003,8.830730346668114,2.8509285468320043,2203.55386168063,1.367974327479005,1.8713537606416364,outer_race
0.4763033851920361,0.2013590150576146,0.5497274328403815,0.207881633993637,0.0409763675330274,48.96104992217203,15.438805593013637,35.20404791624471,90.01809253301091,0.001104176664956,31.92903069608,16.76780719497,4446.328125,1.086081892407387,0.3424723779744088,2.2802313109101675,-1.005686864520958,4910.521294048569,0.5049968104364904,4.395832289484859,1.8043285622580372,2199.253504130431,1.0860813311207884,1.1795726578091037,outer_race
0.5660848422242968,0.1590704968009876,0.5909759268052149,0.1946275911487181,0.0552876028631924,43.61015424848234,12.730897521565788,30.045178276052415,65.33733713533414,0.0028895885170996,32.11402504373,17.008120004000002,4446.328125,1.3359717942265044,0.3900036653640567,2.3600204325858973,0.0509477818695322,5092.867697024046,0.5013006251262998,11.0588101419366,2.7841134313735725,2211.5350645382496,1.335968669260993,1.7848122852469874,outer_race
0.4762850744993506,0.2002008675301401,0.567721525736743,0.1987143781683729,0.0332206890519125,47.25619742978003,14.831839527566478,34.12216161493878,95.55398227304435,0.0119280017860986,31.10902016012,16.25187628685,5709.765625,1.0957424570731256,0.3439099455896625,2.3006021304046125,-1.469685928658835,5131.740283515036,0.5175557202568319,5.058963617682407,2.2396802098620694,2207.490586463631,1.095677532399949,1.2005092550060412,outer_race
0.537220073391006,0.1870542873995766,0.5693181209000345,0.1940320720125397,0.0495380014290967,43.36241800770696,12.536341367767402,29.54802398203864,57.42671996622045,0.0032759816867675,28.63585697126,15.87379161219,4349.140625,1.266222029738567,0.3660725656343401,2.356989421013257,-0.4406523797998457,4941.455314838097,0.5183126238419588,3.5862136939949814,1.870168327007634,2252.590620524428,1.2662177919059752,1.6033074965392435,outer_race
0.5561126632838965,0.1566310287718907,0.616135002874487,0.174231949990303,0.0527313059995743,42.59171298483559,12.814368582669074,29.77982512136324,69.39585761974013,0.0095384896762402,32.93599861083,16.56093786037,5855.546875,1.2923725233538244,0.3888300493165508,2.323940109045972,-0.9583191165739732,5211.531025407039,0.5258508272189,8.3380959060578,2.707095187950543,2232.1658759095544,1.2923373229674315,1.6701357563346275,outer_race
0.5389858833316699,0.18500994335903,0.5829401603389698,0.1847138048834311,0.0473128905757551,44.95286529941341,12.955267361103637,30.9752864020493,74.76073699527093,0.0118611887857812,32.750766504750004,16.695242102860004,4324.84375,1.2886837174032484,0.3713943925856459,2.390941501913595,-0.5061257069603723,5010.892324944899,0.5463825191135558,7.196227120348265,2.3262418805161524,2256.019483720116,1.2886291303943285,1.6605650357008432,outer_race
0.5544493186424414,0.175933612472264,0.5735689756571378,0.1955923943088813,0.0548519436804238,42.85723052065633,12.236793669486604,29.09513722325127,61.88402347022492,0.0120014231562402,31.109392038690004,16.131779009240002,4373.4375,1.3183011371243307,0.3764074069476982,2.377676539223037,-0.1783511629057263,4987.861893762328,0.4916351942151634,7.365510975763067,2.3285736481977533,2205.222755117201,1.3182465072912306,1.7377738539855283,outer_race
0.5049448182764795,0.1421005542998234,0.6759829612931788,0.1434932332116712,0.0383406966715182,44.095375864936926,12.849149983337734,30.813496284619163,78.92109640606763,0.0150880289802587,30.68096354057,15.5591152819,5855.546875,1.2109061923999986,0.3528514039557616,2.3980960860894984,-0.4727571422092808,5192.867895994907,0.4272490024705087,4.707232198243329,2.3210747247511416,2035.837049426725,1.2108121894720725,1.4660661581741534,outer_race
0.5449059175731201,0.1569973168647229,0.6094596067234729,0.1927929951728072,0.0407333120124555,44.73867488560489,13.18208684069461,30.968536330339223,71.44463163511708,0.0159342337129931,32.06123047953,16.874938704980003,4349.140625,1.2801416732353132,0.3771890595358175,2.3492893579441314,-0.508897822019101,5137.647861001248,0.5132062880898841,5.985135934931517,2.3574535273854083,2145.6094269178307,1.28004250075913,1.638508803749687,outer_race
0.5890279216314502,0.1464202394563428,0.6247025062458577,0.161139866975857,0.0676976723251215,39.077760918082966,11.132592462647406,26.391400247994603,51.37677158325664,-0.0005652642502587,28.923130118400003,15.54527163702,5977.03125,1.3963748057048009,0.3978035402183581,2.370642807283592,-0.2475701351704613,5349.71322889975,0.4977195973916828,7.006205537906904,2.6271888018169345,2219.639458998027,1.396374691292938,1.949862278483448,outer_race
0.5394546757481103,0.1670544268580494,0.5991862173065667,0.1909618369636646,0.0426626503399196,43.39860250238521,12.73674062940809,30.03393564821976,67.80583629658932,0.0023385784737158,30.31302932196,16.20194701655,4373.4375,1.272063826057746,0.3733287728714198,2.3580550567916774,-1.0485906165776098,5218.964038089202,0.5000974638251312,12.657426805585754,3.1326049354776075,2192.551549320499,1.272061676419581,1.6181409086153942,outer_race
0.5629001948441895,0.1312380231181879,0.6774661266704647,0.1500510549790538,0.0412341777203617,43.22261810067933,12.54378199807054,29.47431528024681,61.51603870432832,0.0144769363528515,32.77501176824,16.59109781415,4446.328125,1.322655146326842,0.3838522177324848,2.349715204296478,-0.3451719063870647,5050.5521992453205,0.4434399940267301,6.746659586360671,2.518767006941101,2039.348890172441,1.322575916315852,1.749207054418716,outer_race
0.4922491861803369,0.2014854214996249,0.5344092596814648,0.216144313274183,0.0477818417113743,46.28691786898364,14.656504178491168,33.115147700433404,85.28449385170171,0.0155093453007275,32.34128552459,16.30090450578,5806.953125,1.11219594435773,0.3521708779988364,2.25941652232671,-1.1283685443561913,5075.266542364577,0.516393419157731,4.226914223171339,1.875617966182359,2240.6997338956453,1.1120878017738194,1.2367392788541256,outer_race
0.5519881028202394,0.2182217542642897,0.50722133272637,0.2186304387013047,0.0558037220868069,46.71650382693462,13.70258193129928,32.3536513860443,71.1062461846079,0.0053411002335791,35.420757095430005,17.85883064789,5855.546875,1.303318654646907,0.3822809753497308,2.361135408513228,-0.5127436485178747,5270.314037576905,0.5245197240123094,13.288710645783327,3.140770994430941,2342.490460823421,1.303307710480882,1.698610988198919,outer_race
0.4957310142134961,0.1576712152139106,0.6070063093940388,0.1731869872475413,0.0621225773449027,46.75854080881656,13.98340565394252,33.015040453675184,77.76619418061323,0.0112255945853906,30.62963820154,16.3665794884,5879.84375,1.1704287133932612,0.3500233156402091,2.3610157118174446,-0.7449692029353633,5218.044871055528,0.4959379736048663,4.0434595308036965,2.091757423019041,2181.056429671017,1.1703748797550335,1.369777359161609,outer_race
0.5402280449568555,0.2230363212960202,0.4826776242089776,0.2339065622994967,0.060365189493153,39.23032213911895,11.2696001120076,26.833507271096448,62.60031698116804,0.0165921326499121,28.93790162291,14.4962131724,6025.625,1.2863112291761347,0.3695155273258626,2.381052300383376,-0.2947510564459815,5223.91147150367,0.5598356140760785,5.815418967597337,2.106184932844337,2392.443393207912,1.2862042137385283,1.654321279438746,outer_race
0.5283223767056103,0.1359223724507,0.6552312425585446,0.1516317420118588,0.0571949985478069,50.06570396487347,14.351643958693677,34.45653701070407,77.27190060370874,0.0001264177448291,33.0750629069,18.20415952654,4349.140625,1.2684372312283163,0.3636053842229442,2.400877356620293,-1.5162515606563394,5207.624441709836,0.4965786214761952,4.081039334653537,2.163021358416094,2130.6440871846908,1.2684372249286564,1.6089329935847108,outer_race
0.5586948147746142,0.1251095502633878,0.6830823826358123,0.1349380294140029,0.0567732310215237,41.84502891651498,12.8274836663991,29.32956891298601,66.00673220274437,0.0037553951035693,30.66992911087,16.38627807126,4373.4375,1.2774351148996566,0.391594378007296,2.2864631657893457,-0.1612772265458268,5071.558930810674,0.465778153364225,14.635540263333493,3.2753078235960342,2144.006164869779,1.2774295948451777,1.6318263697863151,outer_race
0.5119433868081201,0.1476422317864901,0.6563039846946619,0.1401909755644866,0.0557744162780901,46.71207166291856,13.871741819992277,32.92123291258946,82.04747790089922,0.0103251327550048,32.82500200224,16.85380747517,5855.546875,1.2149741318627991,0.3608019699230993,2.3732587687829234,-1.1392636742996105,5280.620794422978,0.4469053326086985,5.904181824441888,2.479693571490855,2091.1364599828107,1.214930258380848,1.4760555327293536,outer_race
0.5627874519568409,0.1699389333000823,0.5918060472688061,0.1769668122264222,0.0611938693853323,41.70504920044322,12.385018884833393,28.774918678698445,64.45412112473056,0.0118655497145166,32.124632727530006,16.194163163450003,4324.84375,1.3075606354772105,0.388302219369589,2.3233649416502717,-0.2616187635819951,5044.257665939559,0.5166512572293435,6.607667789472181,2.3721025508586195,2271.974744047341,1.307506796991717,1.7095740241795387,outer_race
0.5239488092332911,0.1375227327861329,0.6746386927524931,0.136781937635805,0.0509985667149698,43.812307209629466,13.034913943752604,30.839806511050487,79.1820111031912,0.0143033326915234,31.87726032204,16.15847989845,5734.0625,1.2396307308338206,0.3688114351325132,2.3659386355850427,-0.5755421896674705,5250.65104108705,0.447718874468871,6.033045775290201,2.4966280494618696,2071.293161019816,1.2395482094301566,1.5364797635015073,outer_race
0.5874378019720801,0.1721359221178705,0.6009019784274277,0.1873530534660079,0.0395649312874897,39.05435743762635,12.37853880387543,27.53212315292691,62.65631184021022,0.008791118770039,32.03773506955,16.17340990858,4349.140625,1.306568583322329,0.4141256179777256,2.2241819966915037,-0.745827063387149,5198.353881310554,0.4938194210561858,8.594931085876746,2.8243961388210903,2176.726662117934,1.3065390078966983,1.7070441791556892,outer_race
0.5161601863329639,0.1421866158476098,0.6498500086072545,0.1621454387936663,0.0457562416476769,43.90585408718668,13.423180798808865,30.88857927119396,79.90776932232583,0.0068677467792138,31.60375277836,15.94345483218,4349.140625,1.1877553518160748,0.3631282243256231,2.3011370951611507,-0.6412381060309549,5078.502254080171,0.484604824005359,7.05420114083886,2.5239486321623543,2095.5998308150456,1.1877354965740077,1.4107156098219042,outer_race
0.55559279413375,0.1302758314550807,0.6917361763173822,0.1376681960344014,0.0402931618127242,47.326302167028935,13.33219623259633,32.10663081468213,64.59188607765135,0.0032829115448535,33.60545928964,17.83821272455,4446.328125,1.337980060699734,0.3769196389270709,2.40820268878008,-1.0990192947913922,5096.36872889852,0.4329991299088629,19.88685006312081,3.699346035705709,2101.639182958432,1.3379760331642163,1.790179865321852,outer_race
0.5359721238133595,0.2192211545470952,0.5204246598819972,0.223594460474282,0.0366659112872457,46.63144253325397,13.82042239786398,32.476296781791945,73.67710143577615,0.0073410935934472,33.38812369914,17.40638975973,5806.953125,1.2594687237938726,0.3732758159329319,2.349877293678906,-0.4451688118647055,5152.561405567551,0.4912134496957948,8.21805895548153,2.6370019783169205,2227.7877403392604,1.25944732901373,1.5862075745598183,outer_race
0.57070996214271,0.1139860998478458,0.7024186468648256,0.1310975435207558,0.0522817511267476,43.974610431480464,13.018851940697711,30.35083201969521,69.66113652287406,0.016901830031958,33.48709216972,17.321522192960003,4349.140625,1.330495367169196,0.393898252264218,2.33129865505396,-0.1099245097706232,5085.944680267982,0.4449189996126605,12.437718843577732,3.257579573994544,2093.3134052470587,1.330388007387418,1.769932250200265,outer_race
0.5850195666759326,0.1140404665474468,0.6771643398244257,0.154267682162423,0.0545153435653205,41.40884678196899,12.349581128575938,28.583355546675136,61.3878510998607,0.0143202376159521,32.340633213000004,16.721822276060003,4324.84375,1.3540396311391525,0.4038224576527287,2.314520245592423,-0.4123854435090263,5145.063701822228,0.4681114412387793,9.306017228525125,2.864162087403126,2161.2797661353534,1.353963904057296,1.8332182534900747,outer_race
0.5620427649477198,0.156733930908303,0.6126077601137768,0.1767944271546383,0.0537941401858502,43.65485139361987,12.179030656776057,29.61811622846607,68.5154254856386,0.0114251465168798,33.13667891849,16.64664793759,5904.140625,1.3668286423376634,0.3813241233487029,2.4318943816753933,0.1465991232597907,5088.165494189783,0.4607158189547382,6.151942534162366,2.32254596020425,2141.2671348233835,1.3667808908313317,1.8680900035416883,outer_race
0.5299833928461719,0.1510964723537169,0.6549787979575962,0.151954527601081,0.0419179708025551,46.37149462710418,14.167824274675567,32.59154349325715,77.63173006945796,0.0077899805091015,33.45529960017,17.272976798650003,4494.921875,1.2191693278921292,0.3724912672656001,2.3003915676391657,-0.6416581765007804,4999.6361624676565,0.4746089395931461,5.343275803925906,2.2972920716976755,2069.199234570195,1.219144440284503,1.4863131662766145,outer_race
0.5380572727879298,0.2078598163990983,0.5168989000017363,0.2242840670634131,0.0508741442587751,45.180978250091805,13.33929475094595,31.260246790362352,67.67093138334474,0.0127211520254199,32.21093903762,16.819803134700003,6049.921875,1.2609214691434294,0.3722762053003097,2.3434707287014214,0.1938625144399951,5237.541784046438,0.4935084481591152,13.282748553669474,3.1308853931467007,2258.8136417155465,1.2608572970951035,1.5897611236379705,outer_race
0.5656729460167041,0.1196966141513416,0.6927641068490562,0.1356569653479273,0.0516183392508845,42.125437968993154,12.360415779981,28.816835983700447,62.59908044448824,0.0153576266551416,32.34128552459,16.30090450578,4349.140625,1.3187990433283838,0.3869610689336558,2.331380796297513,-0.9062977485572572,5048.046383194853,0.4682538640466286,11.072496430999651,2.9827933671210123,2088.9506081888185,1.3187096192821912,1.7389950599873818,outer_race
0.5588128044771631,0.227610525675603,0.4818059362954607,0.2377919850085211,0.052630106509607,42.18673306798592,12.843364667349933,29.57252522764149,62.19276605870815,0.017477520252915,31.71840720895,16.52550575793,5758.359375,1.286695985510768,0.3917228132194632,2.3025527962170225,-0.8805920247959461,5134.897065121146,0.5729852488238524,8.273618378203265,2.340660122439383,2376.242529257544,1.2865772792239631,1.6552810954153356,outer_race
0.5452175147280518,0.1989388675076449,0.5430544296952852,0.2086776223192775,0.0493097731809485,44.74037333966482,13.085811689247008,30.75268948499048,61.42885335652127,0.0087167388885986,31.72088843154,16.76690493221,5782.65625,1.2813041583035965,0.3747600585475045,2.3500788652079456,-0.151996795681873,5278.447579326269,0.4953175239593584,10.308135129969026,2.9233414238652884,2232.557582566983,1.2812745078823804,1.641664364549236,outer_race
0.5388686395894091,0.1405359049385712,0.6567493336060115,0.1492221018348261,0.0534669372980647,47.08688009918694,14.589333104996456,33.56069265500348,82.06311049368188,0.0136415342210595,33.77893759436,18.08480479468,5709.765625,1.2395909164954524,0.3840731166852626,2.3003582421125093,-0.4908167535441763,5303.908557171352,0.4464658807870416,6.138586991158084,2.475600150183317,2072.792015173872,1.2395158525820196,1.5363995488021311,outer_race
0.4796541667431494,0.2036187815994068,0.5683712730431466,0.1944024272537913,0.0335205028619369,48.1955834667529,15.1322481913861,34.74170401716416,83.6201765000811,0.00285270964604,32.01598931776,16.66400309159,5734.0625,1.1012245425022726,0.3457578867799255,2.2958719403598318,-1.5189879297323905,5096.103584316619,0.504491535241811,4.974339038353008,2.209444639921014,2168.626798538806,1.101220847540136,1.2126873550570154,outer_race
0.5541357123013624,0.1769067176366139,0.5756574082152844,0.1977613754043948,0.0496065255584345,41.392297173076194,12.133410693867242,28.41180357159105,58.64535830158775,0.005392246634624,30.07214345415,15.74399500991,4300.546875,1.2975737331521882,0.3803605038898578,2.3416172326509663,-0.4789496690884288,5013.176750539583,0.527335219912099,9.845394160672772,2.6965298566031364,2255.9010912861845,1.2975625289914692,1.6836685166427374,outer_race
0.5137304721621728,0.1338575339841372,0.6530538654701196,0.1443188891028143,0.0686466442635188,48.3388447235348,14.898214970614498,34.51100939876358,88.94400273018745,0.0160317220516162,33.88043605849,17.72935715322,4324.84375,1.1900323084469984,0.3667724633184724,2.3164526399191923,-0.0017864264518465,5198.012851691258,0.5019229361526828,7.194749429027832,2.602377212218525,2211.909937986562,1.1899243165158664,1.4159198790357517,outer_race
0.561383834283169,0.1291275390656955,0.6790984208008004,0.1424771287402868,0.0492793476238131,38.95827579825964,11.874493063209291,27.288083601162025,61.09020895835522,0.0065732456710205,29.318498002010003,15.319089002260002,4349.140625,1.290083620472447,0.3932178385303269,2.298041984268669,-0.579093899791382,5047.861533282447,0.4571482293086609,22.069604808934127,3.8683588307480345,2156.7896835084484,1.2900668743335149,1.6642725402526448,outer_race
0.5232460615586084,0.1402929219187495,0.6846317632541635,0.1391141863407207,0.0358450226117655,42.62393919778487,12.887259411775576,30.04089582015774,73.10606948682374,0.0146131729572412,30.34867479735,15.71878042359,4397.734375,1.2197147524808225,0.3687782199259258,2.331053861824821,-0.3927804914924656,5147.804786681084,0.4238287743133189,6.570741133774209,2.563374734294195,2037.724689721388,1.2196272105014203,1.487490532595476,outer_race
0.5684941115122901,0.1314943326721528,0.6608453990903255,0.1392634666067725,0.0683571236303033,42.88429676496841,12.907386270711465,29.950704742369005,63.32759490197404,0.012589011419624,32.35437443098,17.026799281680002,5855.546875,1.3191516023903322,0.3970404219287317,2.3204314269521045,-0.5191001621681044,5275.700221731639,0.4786025511780861,7.1017185313664974,2.5807803487336347,2225.9600762593614,1.3190915308955848,1.740002466880458,outer_race
0.5150410672034668,0.1468406715193879,0.659461201566242,0.1528931895669777,0.0407551969503325,43.71868687573373,13.844069226081755,31.008999116124265,69.03981430202803,0.0126908011521191,29.50354721699,15.97090799768,4446.328125,1.1536281520169915,0.3653107890242863,2.23987605159503,-0.07058195536809,4975.605521953646,0.4833202912755457,7.377659082178903,2.5189893617802697,2090.384887699852,1.153558345595166,1.3306968566922563,outer_race
0.5541957007548585,0.2122155272250653,0.5285911063502559,0.2070532580458031,0.0521105286333967,43.051330533630846,12.443680797816496,29.51409155774944,65.83072327856271,0.0144759927252685,31.901188574290003,16.356582652990003,5879.84375,1.314448909350046,0.3799321054714573,2.371813616669459,-0.5648488140104834,5235.36046583253,0.525332258206095,10.068131631641686,2.8202511682128883,2301.678870404068,1.3143691950613203,1.7275663809261437,outer_race
0.5595138238663135,0.167615602616788,0.5774177479795451,0.1883342250573551,0.0666213746097769,45.98445291636932,13.898116297180048,32.21168880411124,70.97937921444085,0.0065506581438916,33.748266756890004,18.02288517598,5806.953125,1.2967861824294042,0.3919343176433507,2.31770177449494,0.1418286662700115,5291.917108207107,0.5251803252831487,8.803974503032409,2.597179039452173,2250.1010764813823,1.296769637143664,1.68161149181771,outer_race
0.498002910411206,0.1646380290888073,0.6201009607789333,0.1665036367286801,0.0487212849312429,47.82183875361373,13.82568974328099,33.20726461812236,76.0107885072929,0.0070408384407177,31.19930739982,16.53731442662,5321.015625,1.1961294325049356,0.3458109277609141,2.4018522934279227,-0.8123669685902448,5252.374358798646,0.4806768484381862,4.840217764985503,2.291962554338088,2116.233136588255,1.1961087098999954,1.4306760458986312,outer_race
0.4865285211830371,0.1928744214929098,0.57089858954087,0.1958617686417852,0.0403546796897984,45.97919444760776,14.12842125911317,32.71310081984338,87.7405131000338,0.010146382304746,30.38882549017,15.91585656519,5321.015625,1.1265134492591586,0.3461534451919499,2.315410916753537,-1.644536510468614,5141.997691145444,0.511286232064297,3.703404073544592,2.002763488827385,2180.2580697697235,1.1264677546596231,1.2689296022878929,outer_race
0.4812496944186133,0.1839420903474321,0.5932935639680478,0.1762168574172141,0.0465355677633258,46.43086418398368,14.001051308732958,32.83555230402827,75.23911833531926,0.0161699292599804,29.80828646418,15.80209951238,5831.25,1.1286366404873942,0.340336105952362,2.345220482375317,-0.4826637521314131,5225.563990393217,0.4872025769486678,6.345025306064944,2.457572161620308,2173.3296891800405,1.12852080159756,1.2735591996383988,outer_race
0.538658458222588,0.1216197908077444,0.6700254323867596,0.1431489888208679,0.0651490858303795,49.51585919672951,14.207623547338867,34.083776564506046,75.85765118606422,0.0127855270730859,34.025243135100006,18.35951453464,4446.328125,1.2922297999709316,0.3707804899778986,2.39897801704424,-0.5851621418103997,5186.095589890977,0.4651539048580398,10.36396897902618,2.979954234558525,2173.8986666200776,1.292166547404156,1.669694386230377,outer_race
0.4933091745188916,0.1549940420794931,0.6417408283986785,0.1482992020140394,0.0549228803790698,53.92071481264309,15.389776129923687,37.56193253511119,90.76955414905392,0.0156574144591943,34.66141763371,18.52964593223,5758.359375,1.2040230979189612,0.343646147804503,2.4407068834533754,0.4266348150621213,5266.260419835472,0.4554865991856789,5.493792126089529,2.389555057284998,2131.592499631256,1.2039212871674068,1.4494264656948257,outer_race
0.5427230266837549,0.1861832825224126,0.5806462475824897,0.1783159954991538,0.054822674365909,43.59721874276819,12.760812236184089,30.21091471984669,66.63995885408643,0.003673016713247,30.8869537865,16.39615907564,4349.140625,1.284883655692986,0.376082684824012,2.367475844067491,-0.9941147698129338,5118.750535886165,0.5303522672818519,3.72612968147078,1.9561790492261928,2270.466290188542,1.2848784057704432,1.650912517615196,outer_race
0.5514418804473731,0.1650339213434258,0.6057682181419364,0.1795591982058003,0.0495916361089543,43.54959635594553,12.26960550627063,29.392449256648064,59.49915764913989,0.0128160267835449,31.59479721083,16.208227489040002,4324.84375,1.3210064073173715,0.3721785928063418,2.3955496565579444,-0.507605680340252,5021.152660457087,0.5208371920692475,13.0283969479835,2.9218844969863227,2189.8203395556443,1.320944237139113,1.7448936776310329,outer_race
0.5191823838698828,0.1367074202765745,0.6516757636641755,0.1584809622821365,0.0529651460570233,44.27327259712263,13.994900103710288,31.575730885196112,82.66955285399602,0.0015762851540332,32.75296729432,16.393563233410003,4446.328125,1.1713955163612628,0.3702812616222872,2.2562312450393875,-0.1871848748754871,5097.121949090795,0.5175630868490695,10.0623463544203,2.8214159886084897,2172.2674499087902,1.1713944557988922,1.3721649710763828,outer_race
0.5288519137837989,0.1720565550496836,0.6152641179434982,0.1542772577072785,0.0583751318886117,51.17070441184095,14.450065992133004,34.84059215070285,75.92565933513869,0.0019564688374609,35.531442789150006,18.42551383626,5806.953125,1.275116241426948,0.3600793471194881,2.411102632311228,-0.3591712618958185,5202.3035835322535,0.4910223558901068,8.901244031886632,2.821358388875869,2252.6716198035456,1.2751147404765093,1.6259176013804757,outer_race
0.5452470244045313,0.1392289954243672,0.6454029213061855,0.1533843339407272,0.061892318201666,44.376194759189865,12.858158776913315,30.555893248156792,68.06980694957757,0.0026422985554882,32.37864407995,16.66050987158,4519.21875,1.2957150522587857,0.3754380014327338,2.3763817027224428,-0.9341094639112894,5255.551225660325,0.5013810428391983,5.925117151973106,2.414965610285213,2181.3277815199567,1.2957123580904564,1.678870514908331,outer_race
0.5568714381893994,0.1324830187852211,0.6678290181320387,0.1397897089600556,0.0598585490102659,47.78990727634144,14.121418188071209,33.41474309932424,77.05779660558088,0.0152030324756591,35.39946857139,18.60771604645,5782.65625,1.3176945685362187,0.3893649748858545,2.3662455607717003,-0.976695543798541,5242.4456940003465,0.4681326873152504,7.676776277065768,2.6930229892361,2169.865166390568,1.3176068623657802,1.736087843753396,outer_race
0.5546800216573877,0.143737103016101,0.6457641946769281,0.1476206399442872,0.062848922299273,43.56280881942338,12.61285769943416,30.09910123812306,65.36207145240087,0.0111468686589306,32.583116329750005,16.695370126630003,5782.65625,1.3236786241851437,0.3832482472798225,2.3863823691179333,-0.8818928070311299,5288.515592799741,0.4788361765851807,9.082504617541966,2.760320819460249,2207.222843781767,1.323631688742671,1.7520008474437747,outer_race
0.544070239825708,0.154735016917767,0.6169474680451945,0.1830607797586502,0.045199582905918,45.99628505642367,13.16837497795951,31.692901165635927,77.63054805038985,0.0053076535473877,33.87963743402,17.24316433796,5272.421875,1.3094375248897945,0.374881673961447,2.406743521405013,-0.7690531511918182,5211.970663339314,0.512023450152289,9.15540557412728,2.797160315601896,2184.918593161078,1.3094267678657447,1.714598460403331,outer_race
0.4625663828718555,0.2173135590788732,0.5000820969207695,0.2293397475509852,0.0532046339674429,48.96230781609231,15.361365667436829,35.30953069357555,93.50901355581314,0.0026626832926757,31.52467066672,16.33300189383,4324.84375,1.0632519430517078,0.3335831708582552,2.2985932018026918,-1.2838893052925044,5034.940798820207,0.5582235902722467,3.336399871715052,1.594207223534835,2371.216546452203,1.0632486089908206,1.1304976045209147,outer_race
0.5494140569049171,0.1624733410722663,0.5937611469474637,0.1865392144370081,0.0571746146723079,44.07782353477035,12.493827086249658,30.00326629459137,67.45497795965899,0.015938514269663,32.03613782061,16.484216255310002,4373.4375,1.3193888583148434,0.3739798141872089,2.4014472176913744,-0.4973228156753482,5039.255935551614,0.5097845335577106,5.081052314871675,2.1837702841171884,2204.0468795444444,1.3192925843830936,1.740532923208222,outer_race
0.4964999093580176,0.1504931920133232,0.6348776724079992,0.1778910856935445,0.0365756780043026,50.88056032693326,15.0849502100017,35.726952246005595,86.68584633531893,0.0035558729395117,32.69185118507,17.73842855178,4446.328125,1.175902359957342,0.3486287972813517,2.3683838361175185,0.0733591458108603,5067.943217678513,0.4908138403771165,8.205963948096446,2.6768264008095475,2127.05539490244,1.17589698354953,1.382733715920884,outer_race
0.5601422608316358,0.2292601310540703,0.473200204244335,0.262498250708406,0.034985823405476,43.72627793608733,13.313135029716118,30.65675282803113,74.00325763845825,0.0129925446764306,33.746712182539994,17.17214283885,5782.65625,1.2898646938170633,0.3927190616120979,2.302744827540808,-0.6303941019463415,5144.532951294195,0.5124942045158465,6.640665763375232,2.255917296247153,2298.689264019136,1.2897992565273937,1.6635821221386176,outer_race
0.5393520876954443,0.1815517024882876,0.5672766312994469,0.1929835451824504,0.0581348204206405,44.493727991339554,12.95824320191158,30.640534298722784,75.41148454863144,0.0008662396303662,32.9813007363,16.52603614212,4373.4375,1.275329987608359,0.3714239486818613,2.364559286416444,-0.5264859253229515,4992.997115862066,0.5377105787541568,7.808750198420029,2.4131847660351142,2294.9473723859173,1.2753296934212892,1.6264658269220398,outer_race
0.5392077853193262,0.1507196265822949,0.6482403950784834,0.1458142426018597,0.0551438657256077,46.222713348764046,12.844117526503403,31.49185957523559,68.21491993487753,0.0106143799115136,32.80867592338,16.98065585715,5831.25,1.322057028994868,0.3673660550609811,2.4518507799584675,-0.0127824697454295,5255.5096344827,0.4477255351925537,11.647456693970884,3.19149084541177,2154.0986676819416,1.3220144185499003,1.7477221228538309,outer_race
0.561940929895586,0.1212780308510243,0.6620124105719584,0.1548895054723841,0.061635607805132,44.15574982764035,13.191840749197713,30.870105370582767,75.84550157660163,0.0128666909521972,34.271201182750005,17.347175717920003,4373.4375,1.3149928086400684,0.3928633481626695,2.3400908150335424,-0.3977679236948748,5201.665049133804,0.4848682326425724,6.56859348236058,2.527858416759976,2166.043031168719,1.3149298593609609,1.7290405350390363,outer_race
0.5585945502213769,0.1278001900334291,0.6880451702605289,0.1411530839255561,0.0429120723385413,38.52593210871091,11.217318178138203,26.36156349397637,53.637197822577455,0.0140962823440039,28.74342132354,14.72542570305,4373.4375,1.3127403064797485,0.3822211403347333,2.350077182026741,-0.6015043680174027,5004.606495877985,0.4567948164053159,8.802147728524117,2.740097870833989,2072.1882215313085,1.3126646209449775,1.7230884070806214,outer_race
0.570350815237959,0.1674602786318846,0.5632391361741248,0.2164925592167833,0.0527057912042787,41.14640614174049,12.405215738598764,28.50264976173925,62.81997207765015,0.0057129222454589,30.80817649336,16.25650952805,4446.328125,1.3104576228745426,0.3950894149066101,2.2976343469024405,-0.3715984238287232,5081.1218537687055,0.5243221238069042,7.892759399102607,2.498866577322066,2257.3968389234783,1.3104451701118267,1.7172665438694144,outer_race
0.5696776615790822,0.1487210454543122,0.6459388256151309,0.1437662896853519,0.0614770293636956,42.814181490112176,12.78900587578578,29.763409973108526,64.11146762997855,0.0150598600596972,32.992341262370005,16.955549794099998,4446.328125,1.3257910707667273,0.3960264847762145,2.3272653294703254,-0.4543056847381303,5235.856431924727,0.4805748315500571,8.089636736022168,2.7407686862563247,2199.5904742547064,1.3257055344003688,1.7574951639397671,outer_race
0.5023246623067676,0.1386671435647399,0.6710204793185207,0.1472765484048609,0.0429950792124889,43.94148749837079,13.066969602361985,30.47830727771483,68.85061854978592,0.0050554370758398,30.42677539342,15.31000541096,4373.4375,1.1716569240501309,0.3484180050010288,2.332469440520132,-0.1738159191437356,4971.554420984825,0.4666017117486101,9.362598475518029,2.8225166962650032,2079.0439943578945,1.1716460174603018,1.372754390230586,outer_race
0.5664926452368066,0.1322371144928185,0.6845442358066474,0.1373391980027227,0.0458335490925229,46.14426271146408,13.216636034707294,31.636089944377595,63.952008358369554,0.0059607063464355,32.70192238831,17.921612277540003,5248.125,1.3559889392790492,0.3883822435218487,2.3936567414961147,0.0455669962981394,5182.93503205236,0.4513696036956665,7.493047577065306,2.685682020045186,2135.470982341687,1.3559758380690168,1.8386704734269723,outer_race
0.5549558032300683,0.1296113163448297,0.6596656108625618,0.1442599750208854,0.0664188266286725,42.33705114934086,12.447326130204212,29.31052194797317,67.34161787934048,0.0070115681251855,32.114646873469994,16.266044250729998,4373.4375,1.3067902359575383,0.3842035240799533,2.354764520618558,-0.8585141675197102,5115.137326335684,0.5158743825666141,9.998321982484764,2.817658970730293,2226.9554508875626,1.306771425577704,1.7076515587063852,outer_race
0.4875778581045557,0.2269921424645531,0.5191468921610299,0.2204068399219057,0.0334227508002531,42.038114400372045,13.721751410870848,30.500456402577257,83.44812275522722,0.011923274717954,28.67644050635,14.87134720398,5831.25,1.083779086115669,0.3537586643954798,2.2227815888293776,-1.4254787150348087,5038.345343766368,0.5207910178955009,5.921315841928321,2.1919366529160222,2256.876563482112,1.083713496742435,1.1744349430217151,outer_race
0.4915258566156788,0.165825097460681,0.5897363255493153,0.1877060440405223,0.056725363623676,42.92216459848118,12.897526981114074,30.22425708052999,70.51134378346987,0.0142721929812841,28.33139206072,14.85600385208,5758.359375,1.1518490229819822,0.3461149732556984,2.3434149139433904,-0.8217043407401172,5092.164485162124,0.4758826617676188,3.2527744220950847,1.8438666700024915,2171.063923889733,1.1517605984978183,1.3265524762520524,outer_race
0.4866198356985938,0.20821131953361,0.5314944315138983,0.2121278276785977,0.04812203341156,50.36520782895288,15.965872119637872,36.34881471914713,95.10640371167486,0.0108612233616503,33.377192907730006,17.688054246470003,4349.140625,1.1078664612823663,0.3511958951215102,2.2766570123305967,-0.7354283729808538,4969.9229726812455,0.5274064667908476,3.4993430785923643,1.670070227255264,2273.554499842571,1.107813219753854,1.227250129861401,outer_race
0.5736357691099903,0.1518917761928587,0.6117209832500382,0.175289734330365,0.0610299998788472,46.33661026770077,13.309372355081267,31.67184923378864,64.73182741335567,0.0036859685227539,34.32551983945,18.16810559436,4422.03125,1.3650610344088658,0.39208965630842,2.37966512535784,-0.8738392945589241,5210.554495455995,0.515559846542143,9.032846758037966,2.6339129743448257,2265.8167639446715,1.36505605793222,1.863378041297452,outer_race
0.5066871488500635,0.1539060806368485,0.6548755611427155,0.1437773548022392,0.0474044330353034,46.18177252844707,13.769263379723348,32.27224365131627,73.69594256675491,0.008264381090415,30.232819381870005,16.351931122680003,5879.84375,1.1875676041435812,0.3540775987454256,2.343788680724959,0.1806901141313281,5219.915251071201,0.4393136968241188,6.317338216939021,2.5132001949396963,2090.183920149056,1.1875388475399522,1.4102485144165178,outer_race
