feat_abs_mean,feat_band_energy_1,feat_band_energy_2,feat_band_energy_3,feat_band_energy_4,feat_clearance_factor,feat_crest_factor,feat_impulse_factor,feat_kurtosis,feat_mean,feat_p2p,feat_peak,feat_peak_freq,feat_rms,feat_root_amplitude,feat_shape_factor,feat_skewness,feat_spec_centroid,feat_spec_flatness,feat_spec_kurtosis,feat_spec_skewness,feat_spec_spread,feat_std,feat_variance,label
0.1082205809669723,0.0986990221251747,0.2019932710636205,0.6974454532411226,0.0018622535235264,5.226519950001042,3.5793238019371807,4.451857405546675,-0.1007173256513134,0.0157505762888285,0.9344893013972057,0.4817825948103792,3587.5,0.1346015676339848,0.0921803799505793,1.2437705141784787,0.0118660165725505,3159.840091673105,0.0369483629390802,90.47594811600314,8.061106287599419,842.6545722443572,0.1336768542272595,0.0178695013560959,ball
0.112749174034743,0.094720068611347,0.2744076134170132,0.6295075794604931,0.0013647383211374,5.29456911548099,3.613408323502836,4.515081382768435,0.0728412864693814,0.0153448850346182,1.0036866666666666,0.5090716966067864,3587.5,0.1408840770348623,0.0961497877359448,1.2495353357661825,-0.0087333511438269,3131.27087590555,0.0353621001180169,44.73976294592352,5.825076690823033,823.9743117748341,0.1400459127045105,0.0196128576652393,ball
0.1112993135993637,0.1023966335872787,0.2309929375338009,0.6651312360853983,0.0014791926512859,5.388300863308812,3.641541696161436,4.573897898771017,0.0756031174172062,0.0152795302753867,1.0036866666666666,0.5090716966067864,3450.0,0.1397956522489914,0.0944772219519641,1.256033372786142,-0.0031046888916836,3128.489601433158,0.0359170586475199,37.33873032326266,5.246198923625183,845.6167151176403,0.138958124419857,0.0193093603422844,ball
0.1042096705612213,0.1151988826505734,0.2019665908114577,0.6807452420982912,0.0020892843966999,4.583165935461842,3.1357412106501608,3.896834354857001,-0.2554327206175983,0.0153056245906624,0.8058406786427146,0.4060878243512973,3487.5,0.1295029777878575,0.0886042159654811,1.2427155473231912,-0.0099785755830307,3112.904861488807,0.0412256682321354,18.69567716947822,4.204321061596746,891.7238286603426,0.1285953308320797,0.016536759111812,ball
0.109068447928362,0.1029236615265405,0.1827893500146064,0.7126947813346309,0.0015922070751348,4.61228916748218,3.2356330114477942,3.9630148631382687,-0.3991643116236929,0.0152591465701409,0.8474240718562874,0.432239880239521,3587.5,0.1335874243804039,0.093714826747404,1.2248035698476836,-0.0232196838511733,3165.966777000661,0.0395375722316731,42.82035062166699,5.82318411908612,869.4936208730303,0.1327130679267912,0.0176127583985411,ball
0.1119714999883046,0.0960282362681296,0.2125096694278362,0.6901020946985191,0.0013599994993336,5.447491372092763,3.740812873463088,4.647987708863261,-0.0644369751584528,0.015253435960111,0.950245508982036,0.5204421556886227,3587.5,0.1391254182695375,0.0955379495146744,1.242507408439372,-0.0552593627563749,3164.6558985063025,0.0350863294523741,33.26675220405886,5.217029498537315,841.0311597012312,0.1382867119432831,0.0191232147000845,ball
0.1108752214906125,0.0990842410272133,0.1895941877674639,0.7098109523719253,0.0015106185701607,5.573802714720801,3.7162520264268655,4.693944676653359,0.0942995118143192,0.0148849429851235,0.977209740518962,0.5204421556886227,3450.0,0.1400449033024872,0.0933729057747413,1.2630856689142616,-0.066938150734336,3154.5338863094034,0.033928009784678,25.841476199457816,4.732047313270384,846.4774144198312,0.1392516190689811,0.0193910134133326,ball
0.1116624925344623,0.1033352416755681,0.1677086116259862,0.7272951001564196,0.0016610459311748,5.145180241602428,3.49341610538512,4.367001384377489,-0.0932154690235749,0.0150427779012287,0.917758483033932,0.4876302594810379,3487.5,0.1395855073574983,0.0947741841069437,1.2500661967080682,-0.0392563031452389,3138.476531187181,0.0363351334923961,25.16688034385013,4.628284769304189,850.3286533303026,0.1387725790538769,0.0192578286972645,ball
0.1132737570172155,0.0810223899334759,0.1775799958457126,0.7399183678631753,0.0014792459608112,5.073754542430045,3.4484131155616757,4.304882898930658,-0.1377851206639802,0.015225596736215,0.917758483033932,0.4876302594810379,3475.0,0.1414071467483132,0.0961083661819182,1.2483663513237395,-0.0475791982938059,3219.7801301095533,0.0312887182148978,29.52309716101236,5.109906702732599,776.6398838108428,0.1405850715955473,0.0197641623555251,ball
0.1143094395973677,0.0834865854852381,0.1969402612993418,0.7182634291237391,0.0013097240731954,5.458330799377288,3.655042035193655,4.599817100163333,-0.0257186780509743,0.0152901583551646,1.0384477844311375,0.5258025149700598,3662.5,0.1438567627696794,0.0963302764702435,1.2584854170957902,-0.0362190456854916,3216.309608167496,0.0340371368860731,39.52176978778517,5.871033854849724,794.8393556764651,0.1430418793642121,0.0204609792520458,ball
0.1140843463853542,0.0787131993444428,0.1991737276839315,0.7208719816793205,0.0012410912305824,5.453619938695327,3.653910400170748,4.608892732697992,0.1186069077049185,0.0151132880722929,1.0384477844311375,0.5258025149700598,3450.0,0.1439013159560478,0.0964134869830786,1.2613589902156928,-0.0281811350058175,3201.01516894672,0.0325636708019199,25.367169432604,4.699093817028129,763.5988245025379,0.1431054759872108,0.0204791772575261,ball
0.1123704495501185,0.0802878616319053,0.215183466927282,0.7030296479840099,0.0014990233245425,4.989195578210746,3.356190919921807,4.231073441941192,0.1767453274106816,0.0148565485630301,0.9257178043912176,0.475447624750499,3475.0,0.1416628660569691,0.095295447391743,1.2606772209608883,-0.0384919645772241,3185.493307489769,0.032784186139292,39.56846706028744,5.588840252204749,771.7528883165194,0.1408816900248897,0.0198476505842691,ball
0.1114896672670284,0.0818330982373678,0.1672360143049499,0.7490817890723447,0.0018490982262801,5.009447733689084,3.4176802852064485,4.264499450085866,-0.0426842132286271,0.0149104027881736,0.9073626347305388,0.475447624750499,3487.5,0.1391141315378419,0.0949101877145182,1.2477760042520376,-0.0398804321163001,3227.3536811432614,0.0311098570450288,30.759546469303643,5.287723184476969,786.8167360653027,0.1383127668807996,0.0191304214822224,ball
0.1119235150012475,0.0952631679409254,0.1658696121013179,0.7372871150589849,0.001580104746781,4.312261521667493,2.9501883280443657,3.663093206646522,-0.2888216613261547,0.0147742999157934,0.8196476646706587,0.4099862674650698,3662.5,0.1389695239343731,0.0950745369697647,1.2416472439489077,-0.033711396583008,3201.6069367643045,0.0340434192953708,30.716511565043533,5.224644672262892,838.7894011030794,0.1381819403704569,0.0190942486445445,ball
0.1066250999758295,0.0896667425663993,0.1866988229916477,0.7220013187054314,0.0016331156752354,5.071072720258615,3.400262375015394,4.2808186315823145,0.0020269763658418,0.0151108293374189,0.8664289820359281,0.4564427145708583,3462.5,0.1342374982368211,0.0900091045327349,1.2589671500167494,-0.0763865824469475,3180.887867538996,0.0361234080682658,22.4003544181063,4.448052680331145,811.472345979361,0.1333842898156149,0.0177913687696159,ball
0.1040406523671407,0.1054476649603457,0.1989901019958081,0.6939872569285157,0.001574975909696,5.295363169414139,3.556507904783911,4.47458826184138,0.1104259284194513,0.0151688078920284,0.92961624750499,0.4655390818363273,3487.5,0.1308978060220599,0.0879144766737185,1.2581409578262273,-0.0690734199616187,3127.75767796794,0.0380691001490725,18.210789899490617,4.093245585722469,880.4740191308063,0.1300159332102168,0.0169041428885235,ball
0.103550015788735,0.1021787022184433,0.1987125169437565,0.6972879735168797,0.0018208071124656,5.291679967937212,3.616611932508847,4.495789578498281,-0.12096315803395,0.0148341026930514,0.92961624750499,0.4655390818363273,3500.0,0.1287224315254035,0.0879756683429596,1.2430942723178893,-0.0010317197728274,3147.335915214665,0.0355238550007156,21.04459987451252,4.353904253653575,871.6537001983281,0.1278648261841551,0.0163494137751042,ball
0.1084109346346369,0.1145218723268891,0.1980407788003906,0.6858431442199421,0.0015942046146164,4.7485271708577095,3.2284377769645043,4.030502093488932,-0.0795732441599761,0.014815939780595,0.8547336526946108,0.436950499001996,3675.0,0.1353442529138142,0.0920181107278093,1.2484372851313112,0.003703348151816,3113.859825467988,0.0379187446440083,20.578250998816337,4.327123648119648,906.9612830630678,0.1345308690420763,0.0180985547252162,ball
0.1129639564230913,0.0910358491775616,0.1691195388230774,0.7385454721528326,0.0012991397573944,5.817149715375116,3.9427235174789113,4.9393159404660105,0.0351998932878268,0.0149221412643463,1.070122634730539,0.5579646706586827,3450.0,0.1415175748908361,0.0959171927763771,1.2527675142750938,-0.0095955841603274,3183.9952677427395,0.0327536128692053,25.16234466065596,4.775239763457179,811.5844426709349,0.1407286527437476,0.0198045537030703,ball
0.1085456891685379,0.0848787827780724,0.219681332783468,0.6939413611447383,0.0014985231934814,6.033513391841913,4.12625139999552,5.140366926892288,-0.0161621203867698,0.01512439203624,1.070122634730539,0.5579646706586827,3450.0,0.1352231399810705,0.0924775722571732,1.2457716286743623,-0.0123151991783398,3188.6226599038864,0.0357375439469471,27.067797927084836,4.851353883798022,785.1311468774343,0.1343746640995776,0.0180565503518743,ball
0.1071489691320484,0.0993089799923653,0.1888916072382811,0.70973939691517,0.0020600156645446,5.209672827512254,3.546303316618516,4.42058231787207,-0.1426210804891816,0.0149329279721806,0.8716269061876247,0.4736608383233533,3487.5,0.1335646717255421,0.0909194980195211,1.2465324940358455,0.0189974383452347,3172.161156170953,0.0381944274663242,39.4507254096569,5.787622003216346,840.4041984446849,0.1327272737433022,0.0176165291953294,ball
0.106910392535242,0.0921974565938109,0.1760494970944846,0.7294278556026628,0.0023251905468711,5.239873921575032,3.5481153449825094,4.430447097715177,-0.1777987561944205,0.0145120877385853,0.8716269061876247,0.4736608383233533,3625.0,0.1334964600272002,0.0903954647406817,1.2486761750799331,0.0389533057776644,3197.8421306415567,0.0389609488546233,31.17732841302744,5.2217229367368745,819.6454053996849,0.1327053282625135,0.0176107041492614,ball
0.1109566769975673,0.0773466658807492,0.1731867775140828,0.7476010277685285,0.0018655288356356,4.752243101066936,3.213758683096507,4.017081333624979,-0.1042072025685163,0.0145836289920159,0.8714644710578843,0.445721996007984,3587.5,0.1386918060625895,0.0937919181592191,1.249963587731005,0.0163414622636268,3231.526434732748,0.0334465770971867,32.429187523871605,5.313307690260502,746.7863004440418,0.1379229307777578,0.0190227348343261,ball
0.1124336628305888,0.0822660714275902,0.1812212696511301,0.7346531067027985,0.0018595521606064,4.698486247294891,3.1644257972962406,3.96431090819822,-0.0695073128473442,0.0146386729275823,0.8714644710578843,0.445721996007984,3587.5,0.140853988862314,0.0948650208914848,1.252774172042656,-0.0048054799855929,3227.8680799421973,0.0334399410576401,40.42145807522886,5.791384004795455,764.189700595224,0.1400912396738074,0.0196255554333441,ball
0.1090912110544536,0.0842114741188051,0.1793414896568748,0.7349852035063241,0.0014618326918269,5.2234453657219735,3.5422620725329983,4.41781721260344,-0.204460052396195,0.0145225571903068,0.8760126546906188,0.4819450299401198,3587.5,0.1360557237357344,0.0922657357733282,1.2471740154009414,-0.0351327764747984,3228.0692998231293,0.0345418483850556,28.78085210579917,5.108100542409251,771.8346978546169,0.1352784361748344,0.0183002552939087,ball
0.1202161932190306,0.0794486405044886,0.2048239398648416,0.714494938903735,0.0012324806729957,5.025961966005068,3.4674457598612016,4.290033839172554,-0.2951162909056202,0.0146081370267277,0.9107737724550898,0.5157315369261477,3450.0,0.1487352860414439,0.1026134977571431,1.237231707798734,-0.019794991880347,3215.361352677688,0.0321409971710827,28.86684365916805,5.071085887827012,762.8907178888479,0.1480161735974771,0.0219087876464384,ball
0.118642047701472,0.0760986807404302,0.1741806180791794,0.7483908309834142,0.0013298701515452,5.1268612323484986,3.4722411279834478,4.346954110433385,-0.1637533030881832,0.0142489237930389,0.9437481037924152,0.5157315369261477,3450.0,0.1485298739104752,0.1005940113362309,1.2519159672986018,0.0280755568984414,3226.2969845064285,0.0318026443497349,57.50375280783234,6.625329095610858,747.4939581456068,0.1478448227521067,0.0218580916146018,ball
0.1091928916385978,0.090309818088593,0.2391315040104285,0.6687243742250308,0.0018343035198203,6.171326936163487,4.105085051972304,5.193204698717819,0.0909752383073705,0.0143285550773453,0.9997882235528942,0.5670610379241517,3450.0,0.138136245837758,0.0918864036518984,1.265066285587122,0.0514629926136928,3158.818965311696,0.0375818566346483,26.18421639439907,4.595810146335025,795.9238114208881,0.1373911020537538,0.018876314923545,ball
0.1118347626036988,0.080938065382298,0.2159192422841523,0.7015303998351817,0.0016122924088729,5.995022039930543,4.039715407348226,5.070525699898939,-0.0187518381227311,0.0144233353410366,0.9997882235528942,0.5670610379241517,3587.5,0.1403715313441808,0.0945886494073208,1.255169037570239,0.0295602256817127,3199.498665190896,0.0369609267683057,84.70400211521172,7.6433268389665585,760.9056959337203,0.1396285580014,0.0194961342095503,ball
0.1115264689761103,0.0812323640405376,0.2250100840716776,0.6919247949158974,0.0018327568847763,4.4649698618126505,3.063485860844102,3.807216645876862,-0.1770854911380572,0.0139186601796407,0.8326424750499002,0.4246054291417165,3587.5,0.138602052834258,0.0950970425966859,1.2427727167077034,-0.0284039238662216,3198.161079353211,0.0364300609811577,35.72485375772962,5.377560487105558,765.874410515505,0.137901413874819,0.0190167999486741,ball
0.1096804349699039,0.0937153921808745,0.2082815728086118,0.6966404151827491,0.0013626197579754,5.616541716888383,3.760289370518186,4.734710524469886,0.1185033791885885,0.0135673783487712,0.9754229540918165,0.5193051097804391,3650.0,0.1381024327148727,0.0924599399340238,1.259134619157626,0.0038264168954026,3171.2064446938784,0.0375898407323267,40.667321796090825,5.61972091728591,813.7944973193452,0.1374343776735182,0.0188882081665072,ball
0.1139569680560753,0.0960326377567384,0.2094773579042522,0.6933818637497872,0.0011081404429344,5.405336540805024,3.623753727338843,4.557028136488347,0.0597949602923186,0.0132173655423527,0.9754229540918165,0.5193051097804391,3587.5,0.143305850467327,0.0960726692704869,1.257543552727814,0.0140698517291158,3167.627416518844,0.032583032663743,25.64826078127345,4.702962309703886,824.7860685866808,0.1426950175243821,0.0203618680262837,ball
0.1124351697971245,0.0969529836461596,0.2007320905897006,0.7007209855721775,0.0015939399404982,6.215044170899798,4.196441968511532,5.2659327946275205,0.0787036142878814,0.0132390182720496,1.0158693013972058,0.5920760479041917,3450.0,0.1410900120499461,0.0952649782726278,1.254856574722356,0.0051338158572319,3172.309422146335,0.0348339173400136,32.258485733017444,5.1433476805536325,824.7467761591454,0.1404675047669256,0.0197311198954462,ball
0.1093621477747629,0.1008324829594735,0.223218022831884,0.6742923238267484,0.0016571701636612,6.396092800742996,4.305993654409586,5.4139028900895685,0.1347661551446863,0.0135411254054391,1.0158693013972058,0.5920760479041917,3650.0,0.1375004459883194,0.0925683954797237,1.2572946744929407,0.0582428854550502,3144.290712161334,0.0356586268936631,30.23352126207471,4.91746526909534,831.8498840656114,0.1368320524209914,0.0187230105697409,ball
0.1073709690969623,0.0936490695619156,0.2414415939565129,0.662750871134218,0.0021584652960829,5.461336082503473,3.6643636448176777,4.61416293319643,0.1190712300556287,0.0136228981685067,0.9578799600798404,0.4954271457085829,3650.0,0.1352014138687464,0.090715374081406,1.2591989716200804,0.0227287106477019,3149.5718036416138,0.0372099452538183,28.102018073477304,4.723928358216753,808.3083068281509,0.1345133411881459,0.0180938389575985,ball
0.1119642030977108,0.0756719025926629,0.2206230417498046,0.7020400138680316,0.0016650417323475,5.217257474477525,3.538100822216362,4.424870914110156,-0.055455736797576,0.0132196656491704,0.9578799600798404,0.4954271457085829,3475.0,0.1400262939364836,0.0949593053691866,1.2506344890811498,-0.0026697876942604,3213.6787154551243,0.0314231894537005,37.78131992438091,5.618036106188033,738.0773749718192,0.1394008731454386,0.0194326034337106,ball
0.114784768568332,0.0791303832008323,0.2027217427727965,0.7167407331634518,0.0014071408253542,4.60207325388207,3.147741104563643,3.914243801387351,-0.2299908172674358,0.0132610675718874,0.856358003992016,0.4492955688622754,3637.5,0.1427358711969291,0.0976289476668527,1.2435088119897857,0.0071521739336999,3231.3037092087625,0.0334113653022416,26.04904796619138,4.807773040140981,754.5930004431144,0.1421185174887501,0.0201976730132001,ball
0.1080997857020334,0.0902292423479314,0.2068416679308914,0.7006444501708544,0.0022846395024617,5.198578560142712,3.497021641798194,4.399731755169363,0.0382951061262528,0.0137841435878243,0.9279918962075848,0.4756100598802395,3600.0,0.1360043227057861,0.0914884817797546,1.2581368392410028,-0.0121981367077733,3178.523109981099,0.0354657100936867,31.951046903629223,5.246060452044148,800.8957372353706,0.1353040028240474,0.0183071731802098,ball
0.1081485638293725,0.0934254444535954,0.2322421589072178,0.6721747601715671,0.002157636179055,5.17733880463153,3.5031547460719588,4.3977473490134935,0.0272191416428504,0.0137399656741205,0.9279918962075848,0.4756100598802395,3587.5,0.1357662148420748,0.0918638083825554,1.255367709332461,-0.002126705629148,3156.663693028828,0.0366126585760995,29.06191597651739,4.763921372210481,809.3725786049715,0.1350691616758555,0.0182436784358183,ball
0.1101829686525386,0.0882611694448741,0.1954139989112792,0.7147820458814289,0.0015427856821694,4.956260501949739,3.377004956281578,4.213351722827327,-0.1336349056001147,0.0135910139291729,0.8587945309381237,0.4642396007984031,3587.5,0.1374708082482584,0.093667312405346,1.2476593245710397,-0.0032318849850842,3188.055739260996,0.0326364947877036,32.29480010538754,5.320913288316237,800.9214835990122,0.1367973225644656,0.0187135074608064,ball
0.1144121512638784,0.0888481599328342,0.2138441751197338,0.695615366562862,0.0016922981858862,4.786015374353595,3.2582497947427567,4.057607480237722,-0.2395230522677858,0.0134769603566304,0.9078499401197604,0.4642396007984031,3650.0,0.1424812798415461,0.0969991871079402,1.24533345687146,-0.0473365767099754,3183.1510987412685,0.0355535078577238,50.094162962083416,6.217849149847301,808.3554355232133,0.1418424712306959,0.0201192866448308,ball
0.1112675086740581,0.0792230846926614,0.1808452022749548,0.7385306870310243,0.0014010257992974,4.93083880054169,3.332390464595826,4.172283592313773,-0.1287093120838278,0.0132572604985341,0.9078499401197604,0.4642396007984031,3487.5,0.1393112859164027,0.0941502287090388,1.2520392302886436,-0.0520538670147853,3227.206845098142,0.0305605793314675,31.197933013358224,5.236267204993044,768.3444527702923,0.1386790518706978,0.0192318794277557,ball
0.1125028246631736,0.0900003641344978,0.213337409596334,0.6951668909301602,0.0014953352262401,4.83039396893908,3.32743556911486,4.1264706214115705,-0.1781380433190573,0.0133572754880863,0.8695152495009979,0.4642396007984031,3450.0,0.1395187348201296,0.0961080201291254,1.2401353942697873,0.0175520940372222,3180.822063746492,0.0333569210870245,36.49922779639922,5.38247649686945,804.281688766504,0.1388778620131553,0.019287060557345,ball
0.1186504549884605,0.0981991128854097,0.2025810226266233,0.6977861337729028,0.0014337306670401,4.3532054138441545,3.025479402079241,3.725109929556846,-0.3532303242003465,0.0133234877120758,0.8618807984031936,0.4419859880239521,3450.0,0.1460879184040057,0.1015311583088496,1.2312461711016074,0.0050430296002288,3152.529130962197,0.0321781696448212,31.207233075158733,5.109879188291958,839.6813702865189,0.1454790863966418,0.0211641645788015,ball
0.1128646552597929,0.0971101769946797,0.2333046896685508,0.6680494746344844,0.0015356586283814,4.600772076137407,3.1581179721110235,3.916070863873058,-0.2292168146573585,0.0131001394086826,0.8756877844311377,0.4419859880239521,3650.0,0.1399523361467429,0.0960677861692776,1.2400014497417224,-0.0286712312500085,3150.0877147815613,0.0348920708633561,31.06274037228412,5.129666376321506,836.6088588368714,0.13933787259896,0.019415042740404,ball
0.1046587465888535,0.1070790298158244,0.2197988851353334,0.6716353463101901,0.0014867387272842,4.913436823294792,3.3054017238312494,4.143961307992352,-0.0636963374561947,0.0128465724605476,0.8500230339321357,0.4337017964071856,3587.5,0.1312100109588154,0.0882685199799433,1.2536936972336112,-0.0219107811518801,3121.1723571394486,0.0368665070754148,28.30180829309997,4.776719599327393,873.1849822905771,0.1305796023574446,0.0170510325518283,ball
0.1015710514712762,0.096716162840485,0.207455585983923,0.6942749033152957,0.001553347646196,5.196401955972583,3.446004490744767,4.354694097151455,0.0187338065360171,0.0126317900721993,0.8586320958083832,0.4423108582834331,3450.0,0.1283546958430802,0.0851186767365166,1.2636936802744263,-0.0408187389269606,3160.417541385738,0.0381166585789117,20.2751546151423,4.211215605836027,834.2008846292034,0.1277316163858483,0.0163153658245415,ball
0.1092660191725923,0.0971487403758394,0.1904096431002837,0.710789098364119,0.001652518128178,6.554723111779081,4.435962453162249,5.555433285086503,0.078168140541607,0.0128009668943363,1.0493309381237523,0.6070200798403194,3587.5,0.1368406712747523,0.0926080430078704,1.252362558011784,-0.042628802486358,3175.513858265664,0.0358110926114784,28.4477941882436,4.900029976794758,836.9498919679846,0.1362406127463281,0.0185615045614949,ball
0.1134146187312874,0.0898172273046572,0.1816740724538715,0.7271969252742428,0.0013117747547081,6.273443499760186,4.3140159724582,5.352220786268553,-0.0944203293789445,0.0127901801865019,1.0423462275449102,0.6070200798403194,3525.0,0.1407088160349181,0.0967602688800056,1.2406585465697215,-0.0367271421519709,3195.326897496153,0.0340049765474326,23.411973695592085,4.6450888469379885,809.0721374432655,0.1401263080251001,0.0196353822007452,ball
0.1086533976188248,0.0930464390084975,0.2089381062566211,0.6964496169745166,0.0015658377164819,5.006038427081083,3.419109085137648,4.259210432187714,-0.1050982271290807,0.0123853613866017,0.899565748502994,0.4627776846307385,3587.5,0.1353503714293186,0.0924438937838067,1.245707675927001,-0.0474032698133694,3179.5880777810657,0.0346380441702154,26.295246710217445,4.772753098504607,830.5935855481895,0.1347825132180647,0.0181663258693777,ball
0.1075970933913423,0.0839227994184755,0.2300774589418431,0.6841439312417087,0.0018558102799991,5.801290771824218,3.929675934066175,4.9230043432237744,0.0892759628973047,0.0121640752479416,1.000925269461078,0.5297009580838323,3600.0,0.1347950739377463,0.0913074312110833,1.252776164198804,-0.0534752305171284,3192.8503554545387,0.0367284750841648,32.66585849221854,5.021936399731701,790.4503181378168,0.1342451013305323,0.0180217472312449,ball
0.109267129568987,0.0738491973120525,0.2052137930828332,0.719809143059534,0.0011278662814862,5.870617586492515,3.886078220511288,4.929523566183622,0.3548293117038876,0.0122127740612524,1.0683358483033931,0.5386348902195609,3675.0,0.138606291395929,0.0917509754780972,1.2685085802351783,-0.0680806425232613,3232.6980928398675,0.0314492751700247,25.790495013839184,4.84091446983556,746.1307268207647,0.1380672016239265,0.0190625521642619,ball
0.1105389300110716,0.0734687426048068,0.1974902334292021,0.7278224492362767,0.0012185744481546,5.780203145560924,3.8759866065538167,4.872807165453937,0.1452504855899716,0.012230619717596,1.0563156487025949,0.5386348902195609,3450.0,0.1389671701416087,0.0931861522260201,1.2571785354507208,-0.0291756764461052,3229.164226582851,0.0316520984107082,37.24452367478185,5.578405291887679,744.0936046956242,0.1384279101860978,0.0191622863184903,ball
0.114427141615207,0.0997446441491073,0.2133115858416342,0.6857831543663496,0.0011606154062288,4.597599122548758,3.158913795662427,3.915120848957864,-0.2464175786470748,0.0123652156234406,0.8880328542914171,0.4479960878243513,3612.5,0.1418196623280775,0.0974413114068973,1.2393883157982346,0.0189547930277388,3158.94856802036,0.0321802784796615,25.7672530563295,4.753266060036147,854.5623466239806,0.1412795741267496,0.0199599180654357,ball
0.1167455699733345,0.0932387835655572,0.1794848169093753,0.7262251658044705,0.0010512336532629,5.560718114437704,3.7606357239148873,4.706971271266987,-0.0691364215051186,0.0122872499337262,1.0348742115768463,0.5495180439121756,3587.5,0.1461237099934044,0.0988214170550061,1.251642439424297,-0.0071574778862349,3188.665697286312,0.0294632427654102,27.338276850685123,4.888856544113154,829.3012285915593,0.1456061884375204,0.0212011621113027,ball
0.110617768155096,0.0791157664503916,0.1907487062023761,0.7287783319496438,0.0013571952679025,5.9060703020201455,3.940807105640804,4.967719500014699,0.0493853347232295,0.0121003860833021,1.0348742115768463,0.5495180439121756,3650.0,0.1394430199655306,0.0930429229269782,1.2605842830784562,-0.0393137921748732,3228.11314065654,0.0314123089257087,29.263185699762023,4.865942021631478,778.5960315843303,0.1389170129024605,0.0192979364737424,ball
0.1078291662378368,0.079808616166031,0.1723199277569573,0.7464633085797905,0.0014081473683627,4.813311049867835,3.1872671553378256,4.031158009947615,-0.026535710749119,0.0122207054640718,0.8519722554890219,0.4346764071856287,3475.0,0.136379031314542,0.0903071508743579,1.264769413256274,-0.0048405973680091,3222.5617607810686,0.0337681409176684,21.710921312510315,4.441112071383753,770.4284829240224,0.135830388868814,0.0184498945402532,ball
0.1086058092019086,0.0747126765935943,0.1894576173109689,0.734240596864646,0.0015891092257315,4.732639777698816,3.1084158112108176,3.9544706327401897,0.0804957935606509,0.012356808336452,0.8483986826347305,0.4294784830339321,3600.0,0.1381663551848418,0.0907481877360969,1.27218199652633,0.0139131918105431,3230.212545088984,0.0332632722386176,33.505529398991015,5.278301188544585,754.2868210967833,0.1376126847089324,0.0189372509928,ball
0.108094313034088,0.0816315248674944,0.2519631609086981,0.6650590115811031,0.0013463025297109,4.77157226555502,3.1654082229092504,4.004740014601594,0.0408698420821456,0.012334679722586,0.8464494610778444,0.432889620758483,3450.0,0.1367563329195577,0.0907226374592338,1.2651575192159363,-0.0207233433238338,3178.1961945050416,0.0356966150868399,35.945651501172264,5.408220905483484,764.1760700413697,0.136198936375238,0.0185501502697461,ball
0.108263886426366,0.1027185363683546,0.2535940945573486,0.6423812022751324,0.0013061663497112,5.111377526960343,3.3995867829403634,4.2895378251915925,-0.0222844577839524,0.012199052734375,0.877961876247505,0.4644020359281437,3450.0,0.1366054363602608,0.0908565320167842,1.261782122085289,0.0179438530811868,3128.119500693121,0.0364602954705729,38.4338292051465,5.510923534871893,839.3684585773283,0.1360596499905876,0.0185122283555612,ball
0.1095116547179079,0.0937333370716888,0.1976957851067062,0.707122745673155,0.0014481318407435,5.001787147684864,3.40319345284125,4.240663125074688,-0.1454350628300087,0.0120129820242327,0.8714644710578843,0.4644020359281437,3450.0,0.1364606633044691,0.0928472208464723,1.2460834753705383,0.0042968178772749,3176.783854918431,0.0335771937115095,44.021923966216335,5.826433707827954,805.5980875827121,0.1359308680630752,0.0184772008923811,ball
0.1093188423153692,0.0884633716096672,0.2404372049069276,0.6696044577791092,0.0014949656832542,4.506597676363637,3.152278896603294,3.8707280832095097,-0.2974163488708878,0.0117406969654441,0.8367033532934132,0.4231435129740519,3675.0,0.134234161016021,0.0938942287201207,1.227914220210773,-0.0520325575097964,3186.7471692759614,0.034242718796463,21.91892132264304,4.35998774232157,786.6942323906394,0.1337197293537519,0.0178809660184406,ball
0.1087235905337762,0.0783412014556081,0.2076459127036251,0.7126224053699646,0.0013904803075688,5.07952919923821,3.4663824197080677,4.322197492119559,-0.0599467894093233,0.0120418523304952,0.9388750499001997,0.4699248303393213,3675.0,0.1355663551913864,0.0925134617613374,1.2468899760008496,-0.0157767509777027,3230.502927540119,0.0351603447295199,22.177406129545894,4.509548426329943,747.4404375740712,0.13503047971598,0.0182332304523276,ball
0.107834559591754,0.0707075290079425,0.1676896532503048,0.760278494016712,0.001324323588652,5.160398281552378,3.4784994444470434,4.357831405055936,-0.0776945260696893,0.0122713078140593,0.9388750499001997,0.4699248303393213,3587.5,0.1350941225790601,0.0910636746817061,1.252790599697415,0.0105285301130407,3258.636576254788,0.0329124925818404,22.03834683327436,4.481585746907951,709.3986298488618,0.1345356345357568,0.0180998369599387,ball
0.1058939832639408,0.0950522188720315,0.1866732165360966,0.716492981277427,0.0017815832378014,4.89096309683379,3.3531134220227954,4.160048175336654,-0.2329773763124669,0.0117453764931075,0.8542463473053892,0.4405240718562874,3625.0,0.1313776232450071,0.090068982966047,1.2406523883188745,-0.0361585937812811,3192.1751225891358,0.0383119080288886,24.636769439478694,4.6967619840167005,811.162648456255,0.130851541911214,0.0171221260205421,ball
0.1086607738234468,0.0956021767358992,0.1612941719334319,0.7412166145821899,0.0018870364236598,4.841098636391372,3.3175492240667404,4.127371611969866,-0.1472529695929716,0.0117204718882547,0.8622056686626747,0.4484833932135728,3612.5,0.1351851511230359,0.0926408294683867,1.2441025989993977,-0.031446512982153,3193.77317736221,0.036287843682497,32.0947548594792,5.388409941322606,817.4088369619445,0.1346761137799672,0.0181376556228746,ball
0.1063374279955713,0.0941035646179179,0.1585582393756895,0.7457246532776026,0.0016135423065229,4.965899510517921,3.372659754135651,4.217549753340384,-0.0675233056892579,0.0121496400948103,0.8815354491017964,0.4484833932135728,3600.0,0.1329761748612885,0.0903126195493227,1.2505114837536473,-0.0332648409178286,3207.9770232737965,0.0352355127361654,28.064877389731627,5.020096295478481,813.8055518894099,0.1324199732906881,0.0175350493263065,ball
0.1058207764159181,0.0959170021478648,0.1614833717520189,0.7409794396471415,0.0016201862599501,5.188693198824464,3.5027580990014773,4.394711437565583,0.0234369998292853,0.0122792392168787,0.8925810379241517,0.4650517764471058,3612.5,0.1327673117306265,0.0896279195217143,1.2546431450171716,-0.0515690191920355,3206.362518829751,0.0338234574649864,33.31698040951612,5.372046149133514,825.5373183927602,0.1321982577359929,0.017476379348432,ball
0.1144858339960703,0.0840093833222336,0.185479655818991,0.7290954071093964,0.0014155536926755,5.962292607374154,4.0617132706274,5.058103848418719,-0.1084873524675096,0.0120136958504865,1.0493309381237526,0.5790812375249501,3625.0,0.1425706835863136,0.0971239212259967,1.2453128794188395,-0.0156673088192282,3225.2756424836803,0.0334882520833733,22.851796657569007,4.60108026949216,779.866955163727,0.1420636157863115,0.0201820709302807,ball
0.1087850589056262,0.0909918096810003,0.2076293614071885,0.7000717329276418,0.0013070957494259,6.303245861568363,4.24650985426122,5.323168855635934,0.0148422478438789,0.0116282296734655,1.0493309381237526,0.5790812375249501,3587.5,0.136366394380049,0.0918703236781032,1.2535397392977494,-0.0031416549504838,3189.1159258646417,0.035095225505133,21.01443948159937,4.312481113370107,801.141929621971,0.1358697088790441,0.0184605777908762,ball
0.1039214433827657,0.1128383703947001,0.2117406647106364,0.6739538856406018,0.0014670788997328,5.23981440282685,3.531127647045936,4.425014100330242,-0.035589949899446,0.0117239617054952,0.9003779241516966,0.4598538522954092,3500.0,0.1302286120073039,0.0877614772094448,1.253144757888351,-0.0347298707704409,3120.162407063672,0.0390285133271576,22.960777264780283,4.521431934592916,878.1005693617882,0.1296998076609097,0.0168220401072769,ball
0.1111694765352108,0.0938845510705892,0.1922758072615424,0.7123159275915631,0.0015237137195399,5.14939834445501,3.506758909253686,4.365912144157153,-0.1655164792412371,0.0118204075637786,0.925880239520958,0.4853561676646706,3587.5,0.1384059127600434,0.0942549275076598,1.244999230667475,0.0105222781038276,3172.808240272841,0.033556642414658,27.628193787704543,4.843223653279458,807.5440621033424,0.1379002344159244,0.0190164746519669,ball
0.1070970977576097,0.0974323107215795,0.1679472189062154,0.7331904423950639,0.0014300277301789,5.368957214859845,3.609596057986289,4.531926427765254,-0.0653160684877303,0.0115091000031187,0.8977789620758483,0.4853561676646706,3587.5,0.1344627376215165,0.0904004536153378,1.2555217689077132,0.0461637748844905,3187.958463372704,0.0364575122442414,45.20070081979743,5.990547416148941,826.6438689136262,0.1339692816499028,0.017947768425791,ball
0.1042876362509356,0.0949839617460877,0.2110381355802526,0.6923410017020873,0.001636900960584,4.643282105864694,3.1054088742471,3.911054324762144,-0.0709412413613366,0.0114699188731911,0.8118507784431138,0.4078746107784431,3450.0,0.1313432875654197,0.0878418759573702,1.2594329710319938,0.0394416472669192,3161.563142780922,0.0350597931007405,56.60184019120027,6.347102778078776,804.5576913206962,0.130841507747102,0.0171195001495349,ball
0.1154632207655002,0.0684716912557179,0.1758691432434859,0.7543019584718612,0.0013572070053311,5.217428460908828,3.5448100928212014,4.421612435455253,-0.1519293088545015,0.0115708856310815,0.9876055888223552,0.5105336127744511,3587.5,0.1440228388562654,0.0978515789147056,1.2473481850014234,0.0344625977584846,3268.0670646021176,0.0302167259833507,77.17827764567525,7.5500631063747665,706.8762752382995,0.1435572802679481,0.0206086927179302,ball
0.1164757436494199,0.0719277651871437,0.1681509438927987,0.7585365522569754,0.0013847386441915,5.1497786287613305,3.5420075424725352,4.38317538723861,-0.2165527861306784,0.0118848105546719,0.9876055888223552,0.5105336127744511,3587.5,0.1441367943609933,0.0991370017194795,1.2374833578640232,0.0181917727885829,3265.216137541221,0.0295816891699856,42.88634974470508,5.749216073739825,730.4208210786284,0.1436459772034804,0.0206341667667428,ball
0.1163014114154503,0.0798488537148439,0.2395477458961794,0.6789626408034799,0.0016407595094751,4.982890135800268,3.391896545473921,4.224938128307127,-0.1432298146721735,0.0118150142098615,0.908986986027944,0.4913662674650698,3675.0,0.1448647565978211,0.0986106966185709,1.245597579898125,-0.0052548133233633,3191.342429450868,0.0340048902496458,22.4880876831282,4.421904171902703,760.0664900106339,0.1443821427440621,0.0208462031433667,ball
0.1097383342104852,0.0755963411387662,0.248686511141983,0.6743375026508089,0.0013796447120584,5.066219052336892,3.417165706126235,4.2896314161751325,0.0231674781362229,0.0115524847765406,0.8789364870259482,0.470737005988024,3487.5,0.1377565639102882,0.0929168283339204,1.2553185256672674,0.0050644074076124,3196.4206753197277,0.034426310513026,27.774461741001417,4.885062580964477,739.7778236524342,0.1372713043423757,0.0188434109958571,ball
0.1059613208738772,0.0923924560801169,0.2409924887638628,0.6649017976647444,0.0017132571098603,5.78476887303472,3.838939260044606,4.870233807295364,0.3242456626341536,0.0115557366516966,0.9824076646706588,0.5160564071856288,3475.0,0.1344268226790419,0.0892095118253018,1.268640496082966,0.0121465649053115,3148.652331465701,0.0389296440564139,65.81063954664702,6.941043041909932,801.0777723027509,0.1339292186418603,0.0179370356060192,ball
0.1105740661255614,0.067445563937392,0.2159399349544736,0.7153019987444944,0.0013125021684687,5.5505782290097,3.681947406947167,4.667065481698264,0.2406712136632092,0.0114710292695858,0.9824076646706588,0.5160564071856288,3450.0,0.1401585493078809,0.0929734499531052,1.2675535432397425,0.0449904546062956,3227.3635502269944,0.030195129300458,23.605169294029142,4.616827946239764,710.3327369567307,0.1396883475154101,0.0195128344315859,ball
0.1102640275893525,0.0950548743150146,0.2113625585258255,0.691769569763687,0.001812997312601,4.971158899758062,3.388849887203861,4.2279321057587245,-0.0342927493106177,0.0115650163929952,0.9210071856287424,0.4661888223552894,3450.0,0.1375654979925775,0.093778700652272,1.247600881267476,0.0572660939823394,3165.6705880284544,0.0396357642211192,25.3455199886841,4.668796784116449,821.8549166873673,0.1370785053674557,0.0187905166337756,ball
0.1087441328670783,0.0952198909994431,0.1699930235349855,0.7331010019102411,0.0016860835491435,5.019745030013927,3.4557174101444192,4.287025056562158,-0.0981947309186606,0.0113547549042539,0.8950175648702595,0.4661888223552894,3450.0,0.1349036298473858,0.0928710162703216,1.2405600770414262,0.013983259146848,3177.667323043181,0.0369049294167132,45.53516569432913,5.817315212756876,829.2072045412493,0.134424919144721,0.0180700588870647,ball
0.113526689453125,0.0798244692612588,0.1834379406149066,0.7355174482951733,0.0012201415245883,4.693683012923184,3.1931301170156297,3.9848060267284815,-0.127832317436972,0.0111941439971619,0.8722766467065868,0.4523818363273453,3650.0,0.1416734739109696,0.0963809944305561,1.247930989562295,0.02580234410159,3226.790668070655,0.0322418786628237,22.677319995846748,4.651045130435604,780.7207052055805,0.1412305361817089,0.019946064350173,ball
0.1173396320445047,0.0777592064965169,0.1859826489216161,0.7348615964533615,0.0013965480488166,4.549425679478279,3.087481031964865,3.855320052101112,-0.1627013552516669,0.0113940153482098,0.8748756087824351,0.4523818363273453,3650.0,0.1465213329713804,0.0994371307938859,1.2486943278960312,0.0043645184172578,3244.782667897244,0.0311255457073754,30.490571239712672,5.229640191076649,771.261535154032,0.1460776417866707,0.0213386774299549,ball
0.1137514654090257,0.079113903376157,0.1850638401273209,0.7342030488808403,0.0016192075465612,5.605524464530214,3.7770513381058377,4.739474728261437,0.0122857665737377,0.0110447163680451,1.041046746506986,0.5391221956087824,3475.0,0.142736263648232,0.0961769409838736,1.2548081304709635,-0.0092121224795531,3214.492146427494,0.0316301030191057,27.4049637755865,4.959036135391307,764.1834361777812,0.142308310370853,0.020251655200607,ball
0.1079039593664234,0.0787876764801292,0.191323383882143,0.7279791991941346,0.0019097403998115,5.898958499368798,3.96816800179379,4.996315230454293,0.1450129294150697,0.0107449093414733,1.041046746506986,0.5391221956087824,3475.0,0.1358617365406593,0.0913927764818941,1.2590987146198784,-0.0045395425994364,3222.962002452467,0.0360537520407539,28.298116043639038,5.019572131880649,765.2280244695112,0.1354361782504477,0.018342958379087,ball
0.1084252111597118,0.0893343253877402,0.1726737550157709,0.7363969535194917,0.0015949660630843,4.7697177541378055,3.275919186443798,4.073417178905912,-0.1580050435281292,0.0110267913976734,0.8284191616766468,0.441661117764471,3625.0,0.1348205168162038,0.0925969083561229,1.2434425109637222,-0.0223468644969924,3209.8903622701496,0.0361274932844306,24.00530741732148,4.712164438197885,804.4145631681287,0.1343688268388933,0.0180549816260605,ball
0.1137407580152195,0.069553792762015,0.1808529438402579,0.748147699739371,0.0014455633324862,4.843822246190713,3.3287206538398952,4.128686745845351,-0.2090240247287447,0.0112909864255863,0.8750380439121757,0.4695999600798403,3450.0,0.1410752084402535,0.0969482231618106,1.240322386645044,-0.0134696017673253,3257.9671076443265,0.0313725748133482,19.71323383087613,4.311408437206976,723.6031728066511,0.1406226442007055,0.0197747280619982,ball
0.1138841577781936,0.0634231013643607,0.1665613491797009,0.7685244350841139,0.0014911142495628,4.858100739287685,3.336414203795013,4.143456483343827,-0.1096452622234265,0.0112164312390843,0.934651736526946,0.4718740518962075,3587.5,0.1414314959334105,0.0971313847158706,1.2418891151556788,-0.0048479199479177,3273.2167999076123,0.0317338156962126,29.190703405317382,5.017120962360663,690.311645196501,0.1409860266559109,0.0198770597122212,ball
0.1130954590818363,0.0689981982266757,0.1938473383442188,0.7357243060717538,0.0014301573103619,5.4154055815064,3.734894340174157,4.63052064631957,-0.0317886857673026,0.0106460047483158,0.9864685429141716,0.5236908582834332,3587.5,0.1402157090899159,0.0967039034106395,1.2397996367692827,0.009978979680883,3261.0685361420205,0.0333543775214384,45.87732277465972,6.063561442776011,719.460218548709,0.1398109711663815,0.0195471076584867,ball
0.1154067491774264,0.0638084103098605,0.1758044086517551,0.7587891453210838,0.0015980356134334,5.382121331263507,3.71949345334928,4.603936192365818,-0.0615185422485802,0.010921779624345,1.0550161676646708,0.5313253093812376,3487.5,0.1428488357474582,0.0987204257724349,1.23778580339216,0.0105295895047389,3263.638164900045,0.0305489103220568,65.32174412838368,7.165354810935892,695.5273874737017,0.1424307010592925,0.0202865046042415,ball
0.1137636004553393,0.0801086547421674,0.1898730631001051,0.7281791387965825,0.0018391429336597,5.46395570850781,3.771864719399385,4.670433313068553,-0.1756949216749292,0.0114281996943612,0.976884870259481,0.5313253093812376,3450.0,0.1408654203976444,0.0972418770807241,1.2382292739842091,0.0135404883483584,3216.0462034478583,0.0328015477227022,37.18634623264569,5.434540219101528,769.117431204543,0.1404010787549401,0.0197124629155509,ball
0.1130439842775386,0.0879523297818856,0.1603480137534048,0.7502088941009487,0.0014907622486043,4.6286394128699415,3.1801198515322504,3.9457815390897593,-0.2683190928164087,0.0112173036933944,0.8581447904191617,0.4460468662674651,3450.0,0.1402610238266806,0.0963667346882176,1.2407650413516953,0.0264373249282037,3210.3835533433685,0.0332655336178577,20.812879754758352,4.4106878409532975,809.0735537626605,0.1398117552381016,0.0195473269027588,ball
0.1103216095738211,0.090283617703933,0.1787614651111915,0.7293808423252964,0.0015740747812065,4.751509255722214,3.2469150012924115,4.043150457925428,-0.1783665197278314,0.0110155288056699,0.8641548902195609,0.4460468662674651,3587.5,0.1373755907037663,0.093874775836813,1.245228303271284,0.0159243142664915,3202.109924399241,0.0347661462123373,21.767168519140743,4.424499278473927,824.5914945406842,0.1369332357258097,0.0187507110463401,ball
0.1071518244370633,0.0800484312745113,0.1676091249986324,0.7506098094082523,0.0017326342046888,5.1920009713596285,3.519928067430201,4.405305178011254,0.0237926852001155,0.0110942876356661,0.9400120958083832,0.4720364870259481,3587.5,0.1341040151910173,0.0909161014471721,1.251532728402442,-0.0315316075529869,3235.6848445691217,0.0343602787722093,29.19927617910264,5.060036031551236,773.5226909041846,0.1336443177700036,0.0178608036722097,ball
0.1109745226539109,0.0768252278240298,0.1780825350923051,0.7434763863705839,0.0016158507022334,5.014244719766941,3.407227879681439,4.253557264653057,-0.0813899247698919,0.0113081975697043,0.9400120958083832,0.4720364870259481,3475.0,0.1385397465901463,0.0941391003843721,1.2483923631931382,-0.0336830365984431,3230.128231745577,0.0318369899746207,38.745725842573485,5.585959695661822,751.112871650048,0.1380774639576875,0.0190653860529864,ball
0.1131167152413922,0.0778714326159348,0.1487922940006158,0.7717744019742105,0.0015618711693637,5.8058419136011965,3.9607678771374544,4.929773634331519,-0.0748633632618611,0.0110743005005613,1.1024472255489022,0.5576398003992016,3587.5,0.1407908308936856,0.0960480510316399,1.2446509836608726,-0.0127237026398113,3241.9014937000043,0.0321731179334512,43.82473941217152,6.05136842713715,755.905056139744,0.1403546149300323,0.0196994179321576,ball
0.1128818664039109,0.0798088674954261,0.1651292937814815,0.7539712204150729,0.0010906180908474,5.934137921252789,3.968251273429083,5.013418098448104,0.2890316993669812,0.0110564548442178,1.1235637924151696,0.565923992015968,3587.5,0.1426129428358845,0.0953675158086808,1.2633822187665704,0.0243712314060922,3230.740549870108,0.0300396596072907,84.04010772455229,7.846464294423797,757.1621598536008,0.1421837060657411,0.020216206270589,ball
0.1114489791705651,0.0854414879588673,0.1704470586754476,0.7430966008286011,0.0010148524294686,6.025620274916195,3.996043877222319,5.07787506200357,0.281371122021838,0.0112587056161115,1.0480314570858282,0.565923992015968,3475.0,0.1416210655848319,0.0939196242371643,1.2707255520760798,0.0563101201688918,3210.739134167791,0.0336204720786993,49.60140763159775,6.401700105491658,778.8001640678802,0.1411728294156952,0.0199297677652329,ball
0.1097864778255987,0.0777775580562636,0.1940771240405853,0.726645373384753,0.0014999442708357,4.746799454306976,3.1823926552040995,4.012553099263112,0.0344055015767845,0.0111404484000748,0.8805608383233532,0.4405240718562874,3475.0,0.1384254300411068,0.0928044414129568,1.260860470093616,0.0139296698246331,3232.6414865621573,0.0357610298116147,39.0066211990297,5.747800460106827,744.2801087436795,0.1379764113590096,0.0190374900915106,ball
0.1121907239622317,0.0650886758570844,0.1875179485722068,0.7458354176328713,0.001557957860491,5.224674107441831,3.495190296564445,4.40580185547959,0.0281163089335927,0.0112869414101484,0.9585297005988024,0.4942900998003992,3600.0,0.1414200824161865,0.0946068768378013,1.2605327554869383,-0.0275721997838421,3278.506668101251,0.031028542227241,35.78084875776101,5.430338682617193,691.0289538453807,0.140968949290987,0.0198722446642048,ball
0.1183131324265531,0.0583644124279716,0.1364992451351706,0.8035983904652116,0.0015379516767399,5.606708265261684,3.728424397734056,4.718745328332344,0.1836051122115409,0.0112660025067053,1.0628130538922156,0.5582895409181636,3450.0,0.1497387317971267,0.0995752792021017,1.2656137888165715,-0.0140719047432212,3314.512465658476,0.0302677043424418,34.81954388156052,5.40113190489451,651.1741767456191,0.1493143160843285,0.0222947649877307,ball
0.1197887699210953,0.0622085027380524,0.1615595497321399,0.7749642889489844,0.0012676583402459,5.508299821592753,3.7040385937160334,4.66061669458588,0.1144646657948595,0.011436289725237,1.0628130538922156,0.5582895409181636,3650.0,0.1507245474886011,0.101354239783689,1.2582527359441384,-0.0137978886076341,3305.2987133819543,0.0291019339324781,33.40187719352125,5.507449162281423,681.9058708766877,0.1502900545377637,0.022587100492964,ball
0.1189832566507609,0.0733560964540782,0.2024643624910156,0.7229564165029814,0.0012231241841061,4.9651892029510725,3.35994303055498,4.206160167556131,-0.1237083042644617,0.0115135415886976,0.9393623552894212,0.500462634730539,3587.5,0.1489497381888272,0.1007942727405207,1.251854608636438,-0.0133547184199318,3227.411905624864,0.0307460558770881,21.59088765484969,4.385644395961013,721.4476153489499,0.1485040836697951,0.0220534628666055,ball
0.1162196386523827,0.0683117581527422,0.1742287275935466,0.7561089770590788,0.0013505370537514,5.405446985498696,3.636463034749532,4.571734308781077,-0.0100835016022422,0.0112408599597679,0.9776970459081836,0.5313253093812376,3587.5,0.1461104662151016,0.0982944261236184,1.2571925701139333,0.0130317331099027,3257.9739747078897,0.0304239167632763,48.27291603324564,6.394968647143851,703.9512763010871,0.1456774224269472,0.0212219114049592,ball
0.1163233020872317,0.0652432856761496,0.187200300082068,0.7461240221302401,0.0014323920120719,5.39916478169598,3.643465863124996,4.567660132127203,-0.0646294503435682,0.0115374151111838,0.9776970459081836,0.5313253093812376,3587.5,0.1458296384106973,0.0984087967054671,1.253658001398022,0.0377920439976494,3266.478600611686,0.0297658415823853,46.774066453123474,6.167097123741303,691.5247076076428,0.1453725266050878,0.0211331714915469,ball
0.117516740269461,0.0644822921325391,0.1577886415990728,0.7763767522756442,0.0013523139709601,4.911342704436623,3.34134650142078,4.170187032957539,-0.0869018499265981,0.0114694429890219,0.975910259481038,0.4900667864271457,3475.0,0.1466674546380519,0.0997826492507736,1.2480558455054953,0.0099481727509271,3276.9106698714213,0.0285980345484355,44.383143063055215,5.936149890589494,689.9655496295246,0.1462183098231086,0.0213797941275265,ball
0.1120762738195484,0.0738164848268473,0.1622242656603007,0.7621489626936806,0.0018102867745095,5.156446521724249,3.486062911689084,4.372618483160777,0.1014874988290346,0.0110752522688997,0.975910259481038,0.4900667864271457,3487.5,0.1405788704454837,0.0950396332750627,1.2543142777197145,-0.0102481729234572,3248.079294856833,0.0315883736616329,25.45252684178855,4.789959577782324,732.054421055596,0.1401419195062931,0.0196397576029083,ball
0.1083500214609842,0.0827238765838802,0.2063281216775794,0.7091768999936313,0.0017711017127798,5.650747893012626,3.822644323591221,4.791348147887875,0.0197286729727714,0.0113216809544972,0.9820827944111776,0.5191426746506986,3587.5,0.1358072137255461,0.0918714981591444,1.2534119688610206,-0.0283663774835253,3203.6578045435817,0.0341951926186902,28.960435458630013,4.914227275929681,776.3017836736426,0.1353344702589135,0.0183154188402607,ball
0.1085798735146893,0.0911052234718802,0.1847866076131873,0.7227172962284029,0.001390872674639,5.658111128384799,3.806994304105486,4.781205373023996,-0.0181153313919035,0.0112369735723864,1.0030369261477046,0.5191426746506986,3625.0,0.1363654981282351,0.0917519403332921,1.255900322169622,-0.0587844249397671,3191.653647784264,0.0329654335755765,25.50290015382303,4.6948161758709,799.7506585455467,0.1359017273793648,0.0184692795046951,ball
0.1077079744027569,0.0867960416495778,0.1811573993725573,0.7308198969811541,0.0012266619494451,5.357897894170433,3.5377668734797,4.492650188439713,0.1472991814425306,0.0106488600533308,0.9047636726546906,0.483894251497006,3475.0,0.1367795755917218,0.0903141980408956,1.2699113166891076,-0.0348289180860462,3206.4977990957564,0.0329676870562959,31.61911429515778,5.178081828139317,779.3372927718923,0.1363644164678459,0.0185952540786161,ball
0.112396464551366,0.0943262261189202,0.1808706436323917,0.7234800580601429,0.0013230721009234,4.779114106395024,3.194412095116673,4.030656824078915,0.0589208182543563,0.0109100411481724,0.886083632734531,0.4530315768463073,3562.5,0.1418200167532738,0.0947940490142508,1.2617836096478023,-0.0393626675849575,3189.0679610810425,0.0355421813698292,38.10514749132013,5.436483514232093,812.1303192087881,0.1413997459475938,0.019993888154044,ball
0.110362139042228,0.0752367577296711,0.1824173673683236,0.7407491706315555,0.0015967040384036,4.825909309042732,3.296018189217398,4.104954659069838,-0.1234300347489214,0.0108902919551521,0.886083632734531,0.4530315768463073,3587.5,0.1374481422245654,0.0938748633335114,1.2454283997882043,-0.0350786270200455,3244.929144101551,0.0327110274914443,26.9004208629818,4.850970583725564,732.505973494548,0.1370160331571305,0.0187733933421158,ball
0.1116689962847742,0.0695383739225106,0.1786649556404086,0.7502894524892125,0.0015072177879209,5.213227313726129,3.527929732593668,4.416203873048117,-0.0506297290300188,0.0104227357589508,0.9776970459081836,0.4931530538922156,3487.5,0.1397853957623069,0.094596499292055,1.2517833992689549,-0.0247259194766699,3260.56080492964,0.0322192161599975,28.93380437684511,4.98017035312712,701.2011163986753,0.13939628204412,0.0194313234477238,ball
0.1153696302122317,0.0694523945649195,0.1942938643893125,0.7348420598689273,0.0014116811416045,5.074524306339589,3.3775382411402286,4.274548275703238,0.0850058341577724,0.0101403778185815,0.9776970459081836,0.4931530538922156,3487.5,0.146009613713724,0.0971821246921846,1.2655810150828035,0.0007009827464515,3237.1672994296346,0.0323072318869455,76.7349400230321,7.671895454581989,709.4388245375627,0.1456570631123919,0.0212159800345273,ball
0.1127816927863024,0.0758963969016871,0.2093357888638673,0.7133972154263135,0.0013705987112668,5.5032591087064855,3.651718324604811,4.631880975889684,0.1786017059556122,0.0098912524560254,1.0067729341317366,0.522391377245509,3562.5,0.1430535793863679,0.0949240017463569,1.2684113516315494,-0.0309665399095682,3223.4683629350857,0.0331273044242537,22.849055083838223,4.561252559137176,748.3068054418361,0.1427112108423968,0.020366489700103,ball
0.1140504792953156,0.086983583013151,0.2070213342721043,0.7045726235467039,0.0014224591332632,5.439338613682602,3.6246582887213736,4.580352318317395,0.1144216277388525,0.0099871431161115,0.9676260678642714,0.522391377245509,3587.5,0.1441215517807574,0.0960395030255036,1.263664586692157,-0.0504164786424972,3181.0518005865715,0.0348794396689815,36.68151078780394,5.298984504585155,795.6663992326762,0.1437750974963044,0.0206712786600718,ball
0.117388489485872,0.0764059282853464,0.1809057514237908,0.7412739375098875,0.0014143826795646,6.099574727320835,4.065181319411643,5.144744727701215,0.3049945777983271,0.0100548772961888,1.1337972055888224,0.6039338123752496,3587.5,0.1485625768994376,0.0990124458464533,1.26556340873027,-0.0027553946462222,3228.470508673912,0.0308745786914869,36.96166422286206,5.588205704533496,753.9058015651187,0.1482219238087264,0.0219697386975599,ball
0.0986676821552208,0.226731044154697,0.2961494467656948,0.4727636930915302,0.0043558152568704,7.960637428923761,4.905067814191309,6.529166495848516,1.5004033466926971,0.0050434997388036,1.1805785229540915,0.6442177245508982,3475.0,0.1313371698321992,0.080925394518061,1.331106264618478,-0.0120351447490523,2718.377784323379,0.0647777846214323,19.5624842054176,4.069089331156323,1097.3553957939405,0.1312402959838045,0.0172240152899166,ball
0.0798792992725486,0.3681062791048478,0.2075636251795993,0.4198981309590121,0.004431964497178,6.925925240234647,4.478681696721512,5.787361474769318,0.9453478192177922,0.0051884857823415,0.8498605988023952,0.4622903792415169,1537.5,0.1032201907940729,0.0667478153757626,1.2922020064533248,0.009214302397932,2394.129455895517,0.0703886240873002,27.466454233762427,4.6583440474536175,1299.551069162935,0.1030897056104598,0.0106274874028512,ball
0.0894207768642402,0.3139110016041055,0.1678186561550245,0.5133859725387531,0.0048843695536432,11.716696740897962,7.220927776525909,9.70751277022814,4.4907582641294805,0.0047030839297966,1.5566158483033932,0.8680533333333333,3500.0,0.1202135459871565,0.0740868653110506,1.3443581033708332,-0.1385882352098836,2551.278548206204,0.0725230580552183,49.81714140034784,5.891808496389908,1275.9115438554209,0.1201215119799758,0.0144291776403554,ball
0.1579434176958583,0.0898061641177791,0.2675199484259537,0.6387020055805784,0.0039718818465472,10.371248965223428,5.540013148985748,8.137007323608694,4.356744069824346,0.0050616626512599,2.5180693812375248,1.285186746506986,3362.5,0.2319826166373404,0.1239182234286764,1.4687703990555323,-0.0226553357306159,3061.095928560985,0.0449198138383135,21.531212513676383,4.40955835508277,810.7753623732144,0.2319273894845369,0.053790313993112,ball
0.1662805117694298,0.0837212339213314,0.2176660758647378,0.6945776362248158,0.0040350539887275,9.838206705336482,5.327241519791561,7.729028091332007,3.701044523340938,0.0054292831719373,2.5180693812375248,1.285186746506986,3550.0,0.2412480721462149,0.1306322163174178,1.4508499497568157,0.0390356493458342,3112.8703987261338,0.048254747143207,23.603719985565245,4.595635262760055,794.8210981978425,0.2411869714526558,0.0581711551985042,ball
0.1370078454419286,0.1007245237069595,0.2142713365830837,0.6815693343367751,0.0034348053404345,12.399812734915312,6.6841895014906205,9.796530065242186,6.161311712477525,0.0049084279487899,2.492079760479042,1.3422014770459083,3500.0,0.200802427391771,0.1082436892991574,1.4656272182375278,0.1917813191155422,3094.25513332991,0.0471855378979037,26.08393294768826,4.792754278299605,843.431122468328,0.2007424274574236,0.040297522181499,ball
0.1349681265788735,0.0674598840337283,0.2142228792743799,0.7161032396332602,0.0022139969993641,12.47256324324816,6.888100127209928,9.944581073084276,6.286084351053436,0.0049165972936938,2.492079760479042,1.3422014770459083,3500.0,0.1948580090675273,0.1076123208092362,1.4437335244010745,0.0880090586974659,3181.3871934942595,0.0304210942141456,24.747899773098347,4.636706840629721,700.7358627079593,0.1947959721575685,0.0379454707688122,ball
0.1213740987166292,0.1018970383607967,0.1590828269046578,0.7366397003024663,0.0023804343865224,8.42201467571907,5.251253559789066,6.940431210130315,1.4448066575967884,0.0050615040232035,1.6146051896207585,0.8423885828343314,3437.5,0.1604166649435547,0.1000222173992363,1.3216713173547652,-0.0578616168459478,3139.056935331984,0.0355257743518568,44.33407580791873,5.994633108761836,833.0651117860409,0.1603367941822331,0.0257078875686357,ball
0.1429069849168849,0.0901738589823986,0.2472507475496501,0.6606048469441088,0.0019705464457606,15.16133105644788,8.013198794893563,11.881395525664246,7.107375525155669,0.0050969573938061,2.841477724550898,1.6979344111776449,3450.0,0.211892211167862,0.1119911177228426,1.4827281625954047,0.1621447967013382,3095.251503064253,0.0395935272180551,46.13627460256717,6.008208649943469,805.2351214103635,0.211830899962521,0.0448723301789315,ball
0.1228011960259169,0.1133936761584368,0.2776285135296338,0.6078373245983871,0.0011404856439121,18.00189060980455,8.760227654702,13.826692785787689,10.559215708199629,0.0052030795635291,2.841477724550898,1.6979344111776449,3462.5,0.1938230920592901,0.0943197827373132,1.5783485693281376,0.2223841240145053,2989.079435052988,0.0374538221832548,52.59884181056236,6.510169792496413,866.4261771212657,0.1937532424979764,0.0375403189784796,ball
0.0819849280930326,0.21473248893745,0.2339622004507774,0.5491498412509557,0.0021554692580445,8.599062108648724,5.414542208788171,7.132609379156893,1.6820510369601145,0.005107585473584,1.0415340518962075,0.5847664670658683,3550.0,0.1079992443528748,0.0680035170902794,1.3173060813119497,0.1174127412323201,2790.8325005453976,0.0493197194043967,21.135223231265336,4.188798892561473,1081.99549893488,0.1078784007641103,0.011637749351422,ball
0.0757711498682322,0.2779199986309862,0.1568268253341574,0.5632285140449345,0.0020246616576548,8.469450466873198,5.490471672990837,7.082981710004177,1.047258562485499,0.0048084129592377,0.9864685429141716,0.5366856686626746,3550.0,0.0977485543369217,0.0633672362524379,1.2900497683736978,0.0868442620380702,2688.5421027924053,0.0502367893877636,38.38435750404374,5.618871868877725,1184.2973045343194,0.0976302158134026,0.0095316590397715,ball
0.1036244916612088,0.0945059296718051,0.2206741039521536,0.683440400472389,0.0013795658513695,9.794963118258291,5.438289355807652,7.812599836663966,4.354694016819535,0.0047080013995446,1.5501184431137724,0.8095766866267465,3462.5,0.1488660557868595,0.0826523466043129,1.436591421587515,0.0305931401370788,3132.7654821760084,0.029690860934689,55.23313986010827,6.944931768900449,776.7060992028678,0.148791590113011,0.0221389372883582,ball
0.1356508617335641,0.0565685275810915,0.2181014869619225,0.7243894348144947,0.0009405506147073,11.043979601884445,5.837721726933531,8.63840458492394,4.972818810354651,0.005125193187843,2.245178363273453,1.1718070259481037,3475.0,0.2007301959155968,0.1061036934320448,1.4797561427206922,0.0253053261948384,3216.9823853860403,0.0252219728570959,52.036003343684285,6.447320209875206,632.2646860391801,0.2006647551193312,0.0402663439471011,ball
0.1320787958458084,0.0520872115075977,0.2327614954386055,0.714265326372618,0.0008859666757862,11.268207568719005,5.953799639944713,8.872029900364145,6.032457518914814,0.0053221299198478,2.245178363273453,1.1718070259481037,3475.0,0.1968166711701748,0.1039923181039979,1.490145862625389,-0.0320735548018441,3220.4567789833754,0.0251247482780163,36.084043953575375,5.454782846886988,619.4582148274188,0.1967447000140663,0.0387084769836249,ball
0.1299358894320733,0.0864060576637654,0.1931858796305663,0.7190094881772364,0.001398574423593,11.197690195858232,5.898079988984702,8.78207546363611,6.084362335129919,0.005311977724239,2.1342351696606787,1.1411067864271458,3462.5,0.1934708902826488,0.1019055507402066,1.488971916290993,0.0127739626480156,3130.863140538323,0.0300182386109365,46.79120889884572,6.359178144793323,762.967131452107,0.1933979531417484,0.0374027682794179,ball
0.152868113031749,0.091470918892309,0.1909357460230812,0.7164825326365367,0.0011108023953761,17.189355368309556,7.95044977602091,12.887012303761896,10.362482193964317,0.0050175640515843,3.6500798003992014,1.970013253493014,3525.0,0.247786390580657,0.1146065812988512,1.6209161326482422,0.4500630639023532,3101.447506213156,0.0283747978107761,39.16786058220062,5.8576784516401785,821.4123593246345,0.2477355836531727,0.0613729194079781,ball
0.1341784761141778,0.0908658607389443,0.2102005618318233,0.6977423859566912,0.0011911913803427,19.286875376416763,8.97352977351446,14.682036273959843,15.19623905379849,0.0047738320429453,3.6500798003992014,1.970013253493014,3525.0,0.219536046930779,0.102142685896227,1.6361495024281465,0.605255163144824,3103.790857616562,0.0278391232311733,52.51195815092072,6.669342751865741,819.8743747840248,0.2194841370796964,0.0481732864296189,ball
0.1247113950809318,0.1033058392175348,0.1438906385788388,0.7500603478670546,0.0027431742028115,9.264689704066676,5.34505339303151,7.45544288099213,3.0691411856514934,0.0052413089251185,1.7463400798403192,0.9297786826347304,3462.5,0.1739512431899947,0.1003572394039932,1.3948303848025152,0.0560607970850728,3111.353652348505,0.0347522080076727,98.11112907549132,8.770764535857472,842.7931559487483,0.1738722625610426,0.0302315636880961,ball
0.132396527842752,0.0844358867634667,0.151348130563302,0.7622572081538095,0.0019587745177599,8.741823109135591,5.079427586688528,7.022681771073583,2.4136854525932128,0.0051533496678517,1.7463400798403192,0.9297786826347304,3462.5,0.1830479255322721,0.1063598143118534,1.3825734595523462,0.0385820428543722,3163.243052520106,0.0311507078959144,117.10949024259786,9.514840460104754,778.5171034993708,0.1829753700060997,0.0334799860288691,ball
0.1030572377315681,0.133056730078581,0.1658339046224994,0.698476377884954,0.0026329873502701,7.777886622510429,4.654176619813547,6.288895199702622,1.3222779524301274,0.0047977848794598,1.1573502994011975,0.6481161676646706,3575.0,0.1392547426983196,0.0833280554371826,1.3512369025554003,0.0176553782286244,3054.218825668414,0.0395403108833108,25.805996553035477,4.913318586405461,920.5362418641196,0.1391720684053579,0.0193688646242256,ball
0.1534706617039358,0.0327111138329123,0.3690817779019374,0.5972657773459663,0.0009413308488012,15.977395609347086,7.206157846300012,11.968518456310806,12.57817420197077,0.0052411502970621,3.536537644710579,1.8368164471057884,3475.0,0.2548953945060887,0.1149634453584672,1.6608737570820793,-0.047537667885339,3199.497854127741,0.0245648543545463,32.64079050820981,4.952876580967492,527.5629841832972,0.2548415046337198,0.0649441924839782,ball
0.1581313919426771,0.0355144699448953,0.342887671810585,0.6207156470216318,0.0008822111436455,15.215045078802673,7.146343265258577,11.615760947526706,12.094492534267742,0.0049377741392215,3.536537644710579,1.8368164471057884,3475.0,0.2570288578265386,0.1207236940536448,1.6254132381235975,-0.0461550379151245,3202.046256844581,0.0256649206799634,59.3410333793864,6.211742544080832,540.0877877791762,0.2569814237297416,0.066039452142165,ball
0.1204183646768962,0.0846567180292534,0.1264639962937814,0.7876773321756273,0.0012019534794414,12.835799146197246,6.570105930075792,9.9982189997945,7.856768732841443,0.004576260798715,2.346213013972056,1.2039691816367266,3462.5,0.1832495844740265,0.0937977579676771,1.521774398495758,0.1032910030808866,3176.2674110050675,0.0263138545520069,56.85560257348294,7.01391322085265,747.8067975579127,0.1831924344698916,0.0335594680470055,ball
0.1290475723163048,0.1158534280849489,0.1106829855219135,0.7725011525623209,0.0009624338300538,12.00709753535977,6.186563952171624,9.329653863504785,6.323770900349507,0.0050191503321482,2.346213013972056,1.2039691816367266,3462.5,0.1946103185782321,0.1002714584512327,1.5080509852694344,0.0329612762863096,3077.2638998928164,0.0259129754868644,48.75568862743671,6.474830653132647,855.4491400891502,0.194545583931027,0.0378479842270643,ball
0.0967446342276384,0.2036833906994542,0.1605079636483653,0.6347308857192648,0.0010777599113376,10.467603565440305,6.054987304758126,8.445416214736095,3.255611594532547,0.0050476240682697,1.4589923353293417,0.8170487025948104,3362.5,0.1349381363612039,0.0780549910480338,1.3947867748788711,-0.1175390567219872,2847.913586173856,0.0411874266380366,51.74978975434278,6.189506512220932,1048.9454037825171,0.1348436952026318,0.0181828221359002,ball
0.097887787315993,0.1596603864761084,0.1606691181508163,0.6782976005113037,0.0013728945770381,13.696194230393647,7.402864883609076,10.839209839731645,6.222047654411693,0.004847038890968,1.9110493013972056,1.06102626746507,3487.5,0.1433264397158352,0.077468693099468,1.4641912300373188,-0.2178248794184969,2973.057938625634,0.0412223280949422,72.32271035601971,7.443560337917858,974.9826683327108,0.1432444572596315,0.0205189745356064,ball
0.1108623726180451,0.1066553780826415,0.1679932129881639,0.722492051097365,0.0028593576916675,12.133329927087882,6.584385855407039,9.570661734984064,4.478819100529681,0.0046109210290356,1.9110493013972056,1.06102626746507,3487.5,0.1611427839687986,0.087447244395482,1.4535390156584949,-0.1749557351762383,3117.9215670397284,0.0460839461298707,52.533704636616335,6.361243023661952,848.6810787899317,0.1610768022791578,0.0259457362324789,ball
0.0947766152460703,0.1234220733278085,0.1477024462124124,0.7196399902763257,0.0092354900044529,9.27455113749432,5.382263004244481,7.505052077318456,3.4649589890011576,0.004851956360716,1.3085774051896206,0.7113034331337325,3537.5,0.1321569444995153,0.0766941087055026,1.3944045602007802,-0.0478115242130107,3138.758360587816,0.0700158945195809,20.90878563610485,4.474847969499225,899.2801141651721,0.1320678480892366,0.0174419164989216,ball
0.0979016672709269,0.1290237834772997,0.168513715677082,0.6887138111122366,0.0137486893467735,13.55874535725199,7.906315776356975,11.00690806129517,5.543963922106103,0.0050998126988211,1.9813837125748504,1.077594650698603,3512.5,0.136295422694985,0.0794759855949535,1.392166512525366,0.106650887013745,3108.533051528944,0.0712668499239652,28.403581542254123,5.059766315142968,953.6752154457564,0.1361999785537486,0.0185504341580415,ball
0.1033170704879304,0.1527271448785642,0.1785316913728867,0.6597188034949137,0.0090223600716901,12.996067700096702,7.394323811445682,10.429976823863669,4.793620672699141,0.0052003828865706,1.9813837125748504,1.077594650698603,3337.5,0.1457326833632296,0.0829169773169606,1.4105382844769516,0.1035821458020237,2981.9299501183573,0.0608002402729921,32.856343609453845,5.446327199570942,1001.075715959706,0.1456398675434732,0.0212109710180804,ball
0.1129005845145646,0.1427972936573556,0.2766166895293012,0.5766066007635918,0.0039794159527301,12.314841281475548,6.813559282483126,9.8050458635033,4.858261086734965,0.0050723700450661,1.8905824750499,1.1069954091816363,3437.5,0.1624694764199959,0.0898911633434383,1.4390490281211672,0.2265466946670583,2926.8508655020887,0.0519869172882092,26.525649933057903,4.89436405002098,943.5804916348231,0.1623902762800578,0.0263706018303135,ball
0.1094153674876808,0.1170543731978744,0.228741850181021,0.6524488154814139,0.001754961089437,12.76780085849741,6.860491897984127,10.117366825151628,6.129708965001663,0.0049253218367951,1.9357394411177644,1.1069954091816363,3475.0,0.1613580229585161,0.0867021205492011,1.4747290683521534,0.1785647713630561,3033.525837129808,0.0425992855328914,44.59449694569733,5.977454910482899,870.9725136907523,0.1612828347279555,0.026012152777885,ball
0.0910818505566991,0.2109714168147477,0.2293498530654163,0.557640442876205,0.0020382871778893,11.32281610548969,6.353909351591023,9.098893213859643,5.690194444863144,0.0049269874313872,1.5853668662674651,0.8287440319361278,3350.0,0.1304305721214939,0.0731923952676688,1.4320149549475831,-0.0360225507344658,2780.8457228556304,0.0486942945914235,23.977933096550444,4.526371075031992,1038.4237766653646,0.1303374809438604,0.0169878589387911,ball
0.1057163991548153,0.0704065210125815,0.2537674599844053,0.6746638443835208,0.0011621746005775,18.10701089674733,8.665183313879078,13.982312039157195,16.68980925640306,0.0049986873128742,2.896380798403194,1.4781596806387227,3375.0,0.1705860830746818,0.0816346601362157,1.6136198776962565,0.0372179284484423,3132.844776167776,0.0270002647442964,33.28695040283631,5.1649157500821214,663.2698712190497,0.1705128290302825,0.0290746248639103,ball
0.0942419593820172,0.1355881204316888,0.1714274988274934,0.6919069133919054,0.0010774673266364,20.306313176370008,9.333231417062189,15.684729926368425,22.621207490722963,0.0050880742226484,2.896380798403194,1.4781596806387227,3375.0,0.158375980899443,0.0727931096009502,1.680525128488188,0.0100081464925083,3010.1876430851803,0.032052284533526,27.01980578897874,4.94745280803115,875.7506677208373,0.1582942286584244,0.0250570628265655,ball
0.0641182535319984,0.3683924426632035,0.12218558524289,0.507091841876347,0.0023301300327204,5.77046021137052,3.876168883307343,4.881800076693758,0.2028161759955598,0.0050364407902944,0.5899643912175649,0.31301249500998,1537.5,0.0807530591244264,0.0542439395723062,1.2594394681091294,-0.0319003550307726,2464.526700100906,0.0516909540560212,48.28134742542122,6.204408748383006,1249.6804315171946,0.0805958486655421,0.0064956908221189,ball
0.064610476390968,0.4952101262731409,0.1233814881201223,0.3790814592199515,0.0023269258022459,7.199673334063736,4.754970547639339,6.043819419211015,0.3040528272383129,0.0048222929141716,0.6666337724550899,0.3904940518962076,1537.5,0.0821233376703191,0.0542377457666957,1.2710529662926175,0.0392092114734575,2129.168239617092,0.0572303019609646,79.9890128392684,7.818004905294625,1303.9512910734904,0.0819816325841537,0.0067209880811631,ball
0.0671352005364271,0.3649029566737629,0.1938637685596922,0.4390701445798532,0.0021631295801045,7.537481996066762,4.830590847140046,6.283499990548739,1.0722842220831297,0.0047212468422529,0.8123380838323353,0.4218440319361277,1537.5,0.0873276262231732,0.0559661744009811,1.300772553375927,0.0964232484481523,2416.194359181361,0.0547546826744439,36.35651763110705,5.213049887303423,1253.1208220827127,0.087199909002411,0.0076038241300287,ball
0.0750106869659119,0.3837986730609915,0.1869839408282212,0.4266249719157005,0.0025924131811264,6.736575676163763,4.339296700290645,5.623785743061275,0.8667433671629494,0.0051145651080651,0.809739121756487,0.4218440319361277,1537.5,0.0972148394249862,0.0626199499886495,1.2960131863498976,0.0138557387722556,2363.048153268723,0.0615812346458897,35.14974770293685,5.057328137546629,1263.8913773241632,0.0970802051305065,0.0094245662281812,ball
0.0786040883272517,0.4538690502246112,0.1363916491285977,0.4072120420699625,0.0025272578110637,5.6763947334232245,3.827323619229086,4.81700501186117,0.2568242383734733,0.0051516840732597,0.7559730938123752,0.3786362874251497,700.0,0.0989297809892062,0.0667036570229512,1.2585831487203658,-0.0064610805545685,2185.400173803861,0.0600650834853037,33.73682446111451,5.292570385500418,1330.913125073928,0.0987955551519482,0.0097605617177816,ball
0.0935706454473864,0.1499414405838644,0.2401472513705453,0.6089873494293538,0.0009239585235031,17.217733207982217,8.611771966389345,13.630777394174526,19.07863414725086,0.0050165329692178,2.5078359680638727,1.275440638722555,3512.5,0.1481043208877845,0.0740771519291084,1.5828075159646269,-0.2192686883231822,2950.7794727105884,0.0317894544933032,22.89729098390748,4.360014508097535,968.1862821665314,0.1480193374616999,0.0219097242626006,ball
0.1129315962995883,0.1463318950409181,0.2882529664791976,0.5634086748667716,0.002006463555975,19.906970280863728,9.173983331084496,15.1616443820785,15.779057106260243,0.004844183585953,2.944624031936128,1.7122287025948104,3487.5,0.1866396134374053,0.0860115164908218,1.652678431484154,0.4993516321928254,2920.3637695650427,0.0411279535888268,21.520308873524016,4.244529398110374,975.3275001579852,0.1865767380716301,0.0348108791894496,ball
0.1004842113429391,0.278990469905792,0.2344849803998774,0.4831516088918494,0.0033729407945525,21.174138796647945,11.258687508541511,17.039778485708602,20.38401058931185,0.0051186101235029,2.914735968063872,1.7122287025948104,3462.5,0.1520806667114449,0.0808641484330815,1.513478233833314,1.1148151579361782,2574.145915045767,0.0526696533160562,34.59163151026899,5.1872276940682776,1223.924525817908,0.1519945032486411,0.0231023290178011,ball
0.0871617547132297,0.3884538107461053,0.1740304113583269,0.434988317836872,0.0025274599049956,9.743557851860144,6.348897701843969,8.207318837612437,1.7690550784216708,0.0056096432720496,1.1328225948103792,0.7153643113772455,700.0,0.1126753564117871,0.0734192091075515,1.2927155583604235,0.1976397258110373,2311.9813441945385,0.0598228403234618,17.760747157604474,3.870189877107928,1333.1581695782277,0.1125356292241866,0.0126642678448836,ball
0.0946877835344935,0.2519029508737553,0.1409630372911016,0.6054945695671828,0.0016394417645107,9.882482260397506,5.831960986504971,8.06276249461818,4.359031886988418,0.005013756978231,1.5148700199600798,0.7634451097804391,3475.0,0.1309071016673524,0.077252363289315,1.3825131055017748,0.051007239705578,2693.9170863693826,0.0453559879817082,17.680953354208214,3.996832025931204,1188.9952806665722,0.1308110526978121,0.0171115315079097,ball
0.1215973677059942,0.1528596989091033,0.2279782952944043,0.6179574652310682,0.0012045404307682,24.294659099223825,11.153978594150562,18.594950274376384,26.43823024624432,0.0049185008303705,4.224612854291418,2.261097005988024,3487.5,0.2027166348672932,0.0930697153128714,1.667113677636791,0.7847671913914226,2922.296732940341,0.0361161153904494,27.51972622628857,4.719460636645919,994.8383049300602,0.2026569574465706,0.0410698424015011,ball
0.1125681001083769,0.1885651183484444,0.1877272787299213,0.6221652288117668,0.0015423738172635,26.14995813007589,11.8016186991795,20.08648101736737,32.906004157858035,0.0051884857823415,4.224612854291418,2.261097005988024,3462.5,0.1915921081355751,0.0864665631486218,1.7020106757697455,0.9632808887930956,2845.1220660683784,0.0386389803531674,37.84713086584395,5.421699301221546,1079.3690774555623,0.1915218408305443,0.0366806155151203,ball
0.0817280299557135,0.2747532264754801,0.1597351675477736,0.5635449987787887,0.0019666067608507,8.800962675758777,5.5585451352003705,7.319992702118327,2.017214788625453,0.0047772425461576,1.1466295808383236,0.5982485828343314,3462.5,0.1076268282946606,0.0679753573415482,1.3168900358051083,0.0223724658260991,2660.322013703215,0.0525296008193784,36.476961471757086,5.297632843733818,1192.739286042084,0.1075207520547709,0.0115607121224235,ball
0.0713918258015219,0.4187775752278013,0.1355495149422857,0.4435784742338379,0.0020944352933688,10.045542589127349,6.365889267623122,8.379791049153665,2.9515546503165213,0.0050622971634855,1.1466295808383236,0.5982485828343314,700.0,0.0939772210423169,0.0595536356076811,1.3163582803384968,-0.0349001572666578,2288.71766343507,0.0574429902267826,41.48721540301543,5.772949762453332,1302.1168673557368,0.0938407759040017,0.008806091222265,ball
0.0615922603620883,0.4692261227779979,0.1158973172929712,0.4125535968390167,0.0023229628336856,6.973917475947336,4.665649556331183,5.894287899742713,0.329568680560194,0.0051676261929266,0.6414563273453093,0.3630425149700599,700.0,0.0778117838870729,0.0520571853943173,1.263337039907829,-0.0112349504048371,2196.073518182848,0.0616390168339049,65.75103338042454,7.171842461505791,1306.9534609296695,0.0776399983978537,0.0060279693512187,ball
0.0635956534002308,0.4050628282474611,0.2082693453588776,0.3846799097446322,0.0019879163996567,6.88515144673328,4.572847016576914,5.808219041406996,0.7058583461695305,0.0045146337988086,0.7324200000000001,0.3693774850299401,700.0,0.0807762611980936,0.0536484183227653,1.2701538057913957,-0.0061579007390536,2321.9913472566827,0.0542138296951123,61.378926270398736,7.0579789939882325,1236.813077212334,0.0806499997198096,0.0065044224548053,ball
0.0727872768135603,0.2732902545760574,0.1114964411887949,0.612308822946705,0.0029044809077224,8.303163751759287,5.367440918627141,6.964954070457988,1.5225658618576832,0.0045952961654815,1.0015750099800398,0.5069600399201596,3350.0,0.0944509772172448,0.0610562497713891,1.297630318814846,0.0114388322024316,2669.9266669428475,0.049512434709077,31.540431495959965,5.284198979915834,1152.5956647112969,0.094339124176791,0.008899870350444,ball
0.0769193790543912,0.3475300980366542,0.144648086252671,0.5060405800657555,0.0017812348341512,8.941305093985724,5.716005397644079,7.490406348473101,2.1633934618634214,0.0048746401727794,1.0806809181636727,0.5761574051896208,3462.5,0.1007972115329161,0.0644377301896528,1.3104267451462457,0.1037202441053192,2489.3921417532006,0.0523167137749417,38.53809811678091,5.702603660831954,1245.9841800035356,0.1006792716302485,0.0101363157359973,ball
0.0716451548075723,0.2740563477791014,0.1914452812426812,0.5330510868184676,0.0014472837616424,9.689046976157794,6.075475720271598,8.041819530393774,2.763458809272361,0.004839266116205,1.0806809181636727,0.5761574051896208,1537.5,0.0948332989410521,0.0594648169843115,1.323652648888254,-0.0272165528812933,2677.612296801216,0.0470320931875133,22.61265633761205,4.395071060803372,1160.185266212357,0.094709746549653,0.0089699360914995,ball
0.0733915703943675,0.3474381734453635,0.1369879937633376,0.5139021546100537,0.0016716778687265,8.598827646430745,5.2521031136949015,7.0669610484487135,2.629953543442512,0.0048325244238086,0.938387744510978,0.518655369261477,1537.5,0.0987519395628541,0.0603169862901908,1.345548801207188,-0.1310110009671717,2491.4332238314023,0.0474687619719234,25.69871143645436,4.772533883278774,1279.386969296537,0.0986336264927884,0.0097285922751188,ball
0.0680831618013972,0.3689859753744346,0.1447472933274844,0.4844903707330185,0.0017763602472145,9.165213482336496,5.734628268832525,7.617968313140727,2.624131609892593,0.004489808507984,0.938387744510978,0.518655369261477,3575.0,0.0904427183328252,0.0565895568347695,1.328415366440416,0.0065878555428006,2417.772485798964,0.0502817429530358,28.69760951237142,4.932066468331304,1293.32309689745,0.0903312067836602,0.0081597269189923,ball
0.0622028990651509,0.3933937753437453,0.1463710905168421,0.4584709106814225,0.0017642229303318,6.060025261170906,4.062980958561004,5.131352955202413,0.3856031130963409,0.0045420764525636,0.6133550499001996,0.3191850299401197,1537.5,0.0785593221320846,0.0526705774619902,1.2629527451735332,0.0149891518949755,2387.386572197885,0.0560746022465495,58.61329900561942,6.489172346472514,1258.8010566463597,0.0784279072483239,0.0061509366353517,ball
0.0733931566749313,0.2667236152029851,0.1451751627224297,0.5862651728668076,0.0018360490289977,8.643311328493159,5.530673052503943,7.2150939807575325,1.8266498886772933,0.0047976262514034,1.030650898203593,0.5295385229540919,1537.5,0.0957457651043664,0.0612657004738957,1.3045598451152325,-0.0078432490860776,2716.4272177686184,0.0475921290641699,29.515352644769244,5.077911389744282,1141.6745166379558,0.095625489895594,0.0091442343177723,ball
0.0741291908565681,0.2220078518378893,0.1864066327876401,0.5900829315020135,0.0015025836306043,9.877610931416775,6.160167601684943,8.190869318200058,2.8923180119879444,0.0046596198423465,1.1082948902195608,0.6071825149700599,3475.0,0.0985659083048295,0.0614705842521952,1.329650400414377,0.1575250597982031,2808.1420736198143,0.0446496305375314,44.70901565291635,6.066782414497714,1075.241159479374,0.0984557069086443,0.0096935262228808,ball
0.0719054634481037,0.2171293128043104,0.1752891587036804,0.6060045934407801,0.001576934863132,12.467100475168085,7.259535058856478,10.210723236031203,7.167607282149625,0.0044506273780563,1.3478867065868263,0.7342067864271457,3475.0,0.1011368883095934,0.0588915432172489,1.406525783434896,-0.1267551653840855,2846.221487036745,0.0422248819232931,55.92421288647185,6.774011558567154,1078.9036917292062,0.1010389137554876,0.0102088620928888,ball
0.072184966083458,0.2992998843975551,0.1524699155397228,0.5462243171178384,0.0020058824275689,12.415343600083562,7.310956211474432,10.17118696957311,6.288340323995309,0.0045651568347679,1.3478867065868263,0.7342067864271457,3537.5,0.1004255483400132,0.0591370492897356,1.3912252618350511,-0.3117257034022303,2660.149834516211,0.0515168936249238,49.53771649067462,6.462572662724725,1178.781998965244,0.1003217329518699,0.0100644501024663,ball
0.0650764463066055,0.2639597487749207,0.2029612748706534,0.5311055715991526,0.0019734046473059,9.766259849239734,6.11972624601112,8.079766871300233,2.2350026141197032,0.0045484215748191,1.0387726546906186,0.5258025149700598,1537.5,0.0859192868819551,0.053838677557918,1.3202824025938549,0.0156021523689392,2717.475263826779,0.0513069785296783,29.38311299593459,4.766462556866813,1127.1129282285249,0.0857988095458289,0.0073614357194814,ball
0.063130397310847,0.3085452015733799,0.2054249129205847,0.484383316177183,0.0016465692667785,9.987416918044644,6.383196670433556,8.328832660137822,2.3299909924686,0.0043201558016778,1.0387726546906186,0.5258025149700598,1537.5,0.0823729147192869,0.052646497015667,1.3048058974457568,0.0771545592540761,2601.083633443101,0.0511065111760333,41.625691428498776,5.687793159570109,1175.885297398373,0.0822595485837368,0.0067666333332001,ball
0.0645609844373752,0.3152599074397315,0.1312332639100346,0.5513525559334451,0.0021542726136974,5.495861322339919,3.661945550342684,4.642011223697531,0.3504467758708531,0.0043879692957834,0.5974364071856287,0.2996928143712575,1537.5,0.0818397789511677,0.0545306361994702,1.2676352392140655,-0.0190131124774352,2626.8281671691225,0.0500271689064877,39.37290396929165,5.708284461764049,1192.921690330944,0.0817220603278898,0.0066784951442352,ball
0.0709333907185628,0.355118482978301,0.1290717914105892,0.5137005201126735,0.0021092052370354,11.27491360477234,6.899008865711535,9.29955631887792,3.5098416712834943,0.0042444109047529,1.1898373253493015,0.6596490618762475,1537.5,0.0956150477142797,0.0585059083376955,1.347955409232367,0.1709263150371079,2523.794363817166,0.0539580164497997,51.91655363601749,6.39476456282035,1229.2086219739986,0.0955207952514823,0.0091242223254756,ball
0.0733439026634231,0.2373813255571912,0.1666072548407422,0.5945921832753809,0.0014192359409519,10.924112101965338,6.705406248879572,8.993918211625473,3.079631506015052,0.0041980915122879,1.1898373253493015,0.6596490618762475,3462.5,0.0983757042291763,0.0603846844227798,1.3412935589291544,0.1411075237041546,2794.8182598737308,0.0422756462084639,64.0430297528951,6.848246165032388,1086.6271180976307,0.0982860885895905,0.0096601552102408,ball
0.0794092843414733,0.1443391603637004,0.131613031934475,0.7225575158976033,0.0014902916003327,17.159541169748472,9.43806907910103,13.840145984672407,16.132998990322772,0.0042002329910491,2.1348849101796405,1.0990360878243512,3500.0,0.1164471332656354,0.0640481046056117,1.4664171101818924,0.0901252400645539,3078.992297839126,0.0386379815591845,36.21530131519573,5.449284459251286,921.5142716807096,0.1163713576813709,0.0135422928886055,ball
0.0786628600221432,0.1516217242896858,0.1411877500167951,0.7054135523652125,0.0017769729780748,17.18294672056922,9.563586586231208,13.971473799897156,17.03608414651387,0.0041814355663672,2.1348849101796405,1.0990360878243512,3500.0,0.1149188202474838,0.0639608622256115,1.4609031532178556,0.1378107504485087,3054.1629250443584,0.0421011647269263,34.80278826528656,5.4254253452946255,947.9517229185132,0.1148427222059709,0.0131888508436778,ball
0.0751649527507485,0.2961862309551755,0.1445737461660659,0.5567750881087784,0.0024649343925766,5.12768755269617,3.441452592730194,4.335063860679886,0.1517055537787426,0.004196505231724,0.6460045109780439,0.325844870259481,3450.0,0.0946823649257303,0.063546163238466,1.2596610715595435,0.0099510333682012,2641.0438740652817,0.0497590705380635,39.70733636590491,5.63861189855458,1186.138250376096,0.0945893206010555,0.0089471395717692,ball
0.0740801747871444,0.2917909568189443,0.1618718577983113,0.5441854739467772,0.0021517109977615,5.241795019376041,3.456393064670191,4.398543486104553,0.2114324854468154,0.0040404945382672,0.6460045109780439,0.325844870259481,3450.0,0.0942730945707915,0.0621628409838635,1.2725819673302297,-0.0109751326570756,2643.8308611659904,0.0518089986639602,39.75914825146297,5.703551509255152,1172.1956622035268,0.0941864680505625,0.0088710907638396,ball
0.0654165448594997,0.4008454777450808,0.1407221339103738,0.4561416863699067,0.0022907018490416,5.460387388126175,3.6793822371295417,4.6185463014940975,0.0054038043606503,0.004027328409587,0.5539037924151696,0.3021293413173652,1537.5,0.0821141490189588,0.0553311184430535,1.2552504751714086,0.0183129482860869,2386.0245906311084,0.0530784205577202,56.06554233927055,6.487460227374212,1263.137695508467,0.0820153284148098,0.0067265140949891,ball
0.0702459760362088,0.2971468214158396,0.1377821701097608,0.5634137945353463,0.0016572134113633,8.087972796341049,5.292208486536709,6.779887294237464,0.8528338704785927,0.0041499478971744,0.8937180838323353,0.4762598003992016,1537.5,0.0899926375937,0.0588849409353427,1.281107369727664,-0.1237575889379779,2654.4406243789103,0.0463413822940835,33.45279182412796,5.173111803486235,1166.1856189106384,0.0898969006891882,0.0080814527535217,ball
0.0719441686938622,0.2993546546208936,0.1600788425331965,0.53869984205489,0.0018666604270303,7.894098605020316,5.160916688329961,6.61985271420382,0.7955856116363509,0.0039342930545159,0.8937180838323353,0.4762598003992016,1537.5,0.0922820167735193,0.0603311187544985,1.2826893193553874,-0.0596682700508243,2646.4243469778435,0.0497647444343586,39.81014607585213,5.4775374727267305,1170.5864143317644,0.0921981125509047,0.0085004919579492,ball
0.0681114769094623,0.3781224706092663,0.1384338399760568,0.4811939221015262,0.002249767118352,5.547911831348591,3.749166586819367,4.700524129643194,0.0067264256694157,0.0038688589812562,0.6232635928143713,0.3201596407185628,1537.5,0.0853948826504859,0.0577081342406153,1.2537517394314874,0.0290262749066332,2456.7699287876826,0.0535476582375261,57.40142516137438,6.602760534479463,1241.2935875538622,0.085307197311091,0.0072773179130734,ball
0.0700342075809318,0.388098631961604,0.1709219939282426,0.4385714863815901,0.0024078877177076,7.689022024688058,5.060521318485383,6.471037906045195,0.710624757504704,0.0039862437429827,0.7946326546906188,0.4531940119760479,1537.5,0.0895548073912055,0.0589403971689668,1.2787295021181695,0.0322234297046123,2406.8363692382327,0.0542149321675229,59.32183156083746,6.524195713739995,1241.3282507251213,0.0894660460046013,0.0080041733876974,ball
0.0797410549214071,0.3492037638965507,0.1231076363279719,0.5258649289962747,0.0018236707566486,12.201330873743595,7.245144718294034,9.983496852943752,4.795732507235398,0.0038492684162924,1.537448502994012,0.7960945708582835,1537.5,0.1098797335059629,0.0652465357341815,1.377956858161213,0.0416027473259953,2530.594061498009,0.0492613151848912,39.16129285062677,5.637439369313401,1238.2018097796877,0.1098122896947366,0.0120587389680007,ball
0.0802205082218375,0.2036562236284466,0.166787945003283,0.6279545145708866,0.0016013167153654,12.100523770248047,7.228392509386524,9.92382856334948,4.822765015098316,0.0040119414881175,1.537448502994012,0.7960945708582835,3562.5,0.1101343860096839,0.0657900918979777,1.372895640415592,0.076207009905508,2875.031061137053,0.042191888872145,27.59125358039677,4.893187945046424,1052.8668127657545,0.1100612888677304,0.0121134873072259,ball
0.0691979997816866,0.4218492473494526,0.1087613689881495,0.4677640080837791,0.0016253753289005,9.004708142256973,5.988991835201987,7.624343233355036,0.99459945305632,0.0040696027866142,0.8831598003992016,0.5275893013972056,1537.5,0.0880931742628451,0.0585903832819803,1.2730595471078807,0.1227379716042654,2340.1648983060186,0.0462531404388877,47.97308271992213,6.418138031648007,1301.8002636019028,0.0879991232050819,0.0077438456848631,ball
0.0683289559747692,0.4552278361476445,0.1404002278012273,0.4024976835447125,0.001874252102614,5.393123971057111,3.676573397625178,4.588095865462408,-0.0131217152516214,0.0041850046976359,0.6214768063872256,0.3134998003992015,700.0,0.0852695612174373,0.0581295371813513,1.2479271781779235,-0.0372545444163305,2202.472734726087,0.0495848427496479,56.7942906717276,6.549237865895707,1308.9614810608757,0.0851667999040415,0.007253383805895,ball
0.0698122076160179,0.5145284745860368,0.1309426127577856,0.3527508457705235,0.0017780666892395,6.1346187022148975,4.113832449694463,5.17700522608498,0.0940331079327179,0.0041812769383108,0.6542887025948103,0.3614181636726546,700.0,0.0878543713416178,0.0589145277345705,1.258438521595472,0.034914008502914,2036.9936285070744,0.0519983611554374,61.4207993294815,6.728889285128624,1328.4102691050791,0.0877548146086357,0.007700907486996,ball
0.0713478065158745,0.5382584893137289,0.1316428729610876,0.3284879604125109,0.0016106772302196,6.607981363893455,4.353488202625091,5.54595852866009,0.3400110510232084,0.0039741880106973,0.7080547305389222,0.3956919760479042,700.0,0.0908907886345729,0.0598809158588123,1.273911463758178,0.0564867301156788,1954.5154004462013,0.0548457531534034,38.31980752972156,5.461486785663976,1329.012370837247,0.0908038616374339,0.0082453412882702,ball
0.0908820585196794,0.3603321548946421,0.1398267871029863,0.4980989407031774,0.0017421172019,19.02356652188452,10.350462643831468,15.313739744521754,16.506934374276753,0.0041999157349363,2.308690499001996,1.3917441916167663,3500.0,0.1344620273999249,0.0731589520827084,1.4795222466358289,0.5273719686352643,2424.8103442755846,0.050880211377725,103.25902078880776,8.470871068781378,1291.6527096408788,0.1343964192987209,0.0180623975203176,ball
0.1242331314909244,0.1619809068359979,0.2246774287582799,0.6116792580611401,0.0016624060056467,14.294347885424802,7.493084250061077,11.202681401606924,7.664775350549126,0.004715932802364,2.451633413173653,1.3917441916167663,3487.5,0.1857371604497069,0.0973632517392315,1.4950694570817895,0.2926540827439659,2880.922644320245,0.0388358995377907,42.68085684397195,5.967097593363455,1001.0837790250704,0.185677281188959,0.0344760527497237,ball
0.1341058244643525,0.2409659659988245,0.2402551550662426,0.5178127878784449,0.0009660906247102,22.55806581405113,10.208840307917203,16.987723715283877,17.005048532070333,0.0047068910031499,3.978361197604791,2.278152694610778,3362.5,0.2231548957469748,0.100990604132015,1.664020907654857,0.4528446625545352,2647.5675483715804,0.0398184508404821,17.971424282419004,3.851349028237235,1135.6986701885698,0.2231052502137224,0.0497759526729276,ball
0.1242041025566055,0.1567113111316521,0.1058114555686622,0.7370217027883723,0.0004555302031596,24.227411713449936,10.94909552196192,18.342008417737404,21.221685150171453,0.0042570218352357,3.978361197604791,2.278152694610778,3462.5,0.2080676609352081,0.0940320295686416,1.675207635274222,0.5323398522328404,2970.0885407366054,0.0264562469645922,50.52067182841416,6.492098687474752,1023.88703910518,0.2080241074782994,0.043274029292143,ball
0.1223679828039234,0.3943548152074256,0.1948881712566244,0.4095048841265702,0.0012521291181048,17.404081604176316,8.545105839823693,13.334050630367978,10.145561983036323,0.0043709167797218,2.7315091417165664,1.631660878243513,3312.5,0.1909468307155781,0.0937516219098844,1.5604313018834524,0.6047977213538125,2250.6853495840865,0.0498159945762305,11.921620919245347,3.345605226459595,1301.189429790469,0.1908967973718479,0.0364415872468283,ball
0.1140534139143587,0.137029512840653,0.2625277417705869,0.5996031494532166,0.0008395958599958,19.08082452158444,8.537855845330014,14.306111691393172,12.780359355998758,0.0046449467471307,2.7315091417165664,1.631660878243513,3475.0,0.1911089748764016,0.0855131221608248,1.6756094212129669,0.4989721334710804,2916.9313727428635,0.0286102009776797,41.16140073648484,5.934002363158124,950.0525879556894,0.1910525182980466,0.0365010647480254,ball
0.0886224811704715,0.4586811535140737,0.1788203795441989,0.360603179117361,0.0018952872334095,15.388083799037876,7.891862816533238,12.203371870530768,13.861118332537108,0.0044560207319735,2.111494251497006,1.0814930938123752,1537.5,0.1370390133425376,0.0702812064150569,1.546323365500606,-0.117967756653509,2155.728426429137,0.0570672152092451,34.28034271429448,5.095281473865969,1305.2111404486022,0.1369665472191382,0.0187598350571324,ball
0.0944491276236589,0.130758017938274,0.2480701198383524,0.6197557592805023,0.0014161029205753,18.57699254437097,8.985778469105888,14.501489303634036,19.497263909891533,0.0042498835726983,2.738493852295409,1.369653013972056,3375.0,0.1524245248957646,0.073728457967599,1.6138267100053467,0.1064305985125881,2956.347860703454,0.0385770014321951,20.47963420855269,4.329650047623141,901.3192371059928,0.1523652659870945,0.023215174279318,ball
0.1004750902296968,0.2921864069054102,0.156763243414253,0.5486693741681289,0.0023809753619588,17.417120448252458,8.667049601177329,13.631766946821166,16.72333589817513,0.0041823080206773,2.738493852295409,1.369653013972056,3475.0,0.1580299037155623,0.07863831556091,1.5728266912155933,0.0592010737395521,2599.428899744032,0.0558838829522547,26.22314873911444,4.666724630265563,1224.2907200851423,0.1579745510136682,0.02495595876797,ball
0.0802771384379678,0.3516359241733947,0.150487374307744,0.496463973101607,0.0014127277694646,7.676665240138266,4.902909875983596,6.377849770239975,1.092678448321962,0.0041938878687936,0.9750980838323352,0.5119955289421158,700.0,0.1044268693271466,0.0666950443879058,1.300829493415986,-0.062103585923128,2444.288973636483,0.0472482467450305,24.783185690855703,4.613883563735372,1290.4372845622663,0.1043426199690852,0.0108873823420129,ball
0.093119031370852,0.2359910335253258,0.2289132478911039,0.5336981470381567,0.0013975710345094,14.411905071750356,7.768740351751076,11.42569981815162,8.192032793857624,0.0045858577961264,1.9963277445109784,1.0639500998003992,3500.0,0.1369527171236434,0.0738243899403634,1.4707274668506929,-0.182588479444298,2739.55750316967,0.043902641823419,22.491634040117663,4.344088587301784,1111.888361561712,0.1368759169314397,0.0187350166358223,ball
0.10341280251996,0.10828225972744,0.2606871130608051,0.6300875418480127,0.0009430852735203,13.107034155274016,6.989428549182566,10.2883789422015,6.050523836196669,0.0045903786957335,1.9963277445109784,1.0639500998003992,3437.5,0.1522227593162578,0.0811739778195577,1.471991432461922,-0.1705685533829927,3057.7511289846307,0.0294032338672823,16.450731853990014,3.921442064460391,819.3031309750884,0.1521535306106471,0.0231506968772851,ball
0.1148158596673839,0.1368430969374745,0.2147455771721983,0.6469761112241158,0.0014352144357427,8.334828397489508,4.847939154770264,6.70447516632576,2.4432587282466285,0.0043146038197043,1.5101594011976047,0.7697800798403194,3537.5,0.1587850126136325,0.0923570400168263,1.382953653559927,0.012273483242697,2993.7986776642656,0.0351065894712709,28.28995814576152,4.7747770709457535,897.7012275740507,0.1587263822576147,0.0251940644245904,ball
0.126751510514128,0.1505973858308467,0.1810664594026429,0.6662917226689925,0.0020444320481485,9.447897732779436,5.323463940076845,7.54561456532363,3.5154843109360128,0.0044537206251559,1.8610192814371256,0.9564180439121756,3362.5,0.1796608476507064,0.101230778630667,1.417425693169006,0.0012824322861705,2962.3191874698928,0.0371657158488029,26.06842637938368,4.845164782991596,942.1973690482756,0.1796056361898574,0.0322581845511634,ball
0.1362871981817615,0.0961807226531571,0.2592843421781001,0.6431650674595792,0.0013698676945949,9.308289139407432,4.9838033971920535,7.261997155367671,3.344470723202889,0.0043970110949975,1.9461352894211577,0.989717245508982,3450.0,0.1985867351963769,0.1063264398737819,1.457119508257325,0.1123606722158831,3051.534285870184,0.0353534018976905,34.086713766659194,5.363869192695417,801.6998000290852,0.1985380509861683,0.0394173576893863,ball
0.1350173012763535,0.1395176108221023,0.2046567439141641,0.654044876431022,0.0017807688233224,10.31917257682546,5.678088426072888,8.137558721574706,3.3194398789015667,0.0045385866353231,1.9563687025948109,1.0987112175648703,3512.5,0.1935001949810717,0.1064728019019982,1.433151108427322,0.145521394455337,2990.351416414724,0.040410844000599,31.6574679961434,5.02100601593477,946.2506783731149,0.1934469609196961,0.0374217266890664,ball
0.148628223026603,0.1244914888602437,0.2434405733285987,0.6307116149612353,0.0013563228457786,15.600788845052843,7.652654235785231,11.918026426941156,8.673333679429046,0.0048509252783495,2.950309261477046,1.7713550898203592,3325.0,0.2314693745781919,0.1135426616829105,1.5573716072536317,0.6523941140169213,2970.9000997996004,0.0382746797413406,25.099675866312197,4.700402662458335,900.7754540112646,0.2314185383489473,0.0535545398915632,ball
0.1554609679274264,0.1501835263355971,0.2397121346725041,0.6090818566483007,0.0010224823106034,15.215342617820369,7.1639637804141465,11.394211122159474,7.790641779722453,0.0043063551607722,2.950309261477046,1.7713550898203592,3450.0,0.247259079486574,0.1164190077287993,1.5904897723395215,0.5438414736924084,2913.9161455630274,0.0373722678329221,34.695045280018405,5.205867469436233,992.829125475368,0.2472215761089174,0.0611185076937772,ball
0.1410565093250998,0.0755121619134301,0.1681518468618817,0.7551774778784601,0.0011585133322626,11.403633811830888,6.040465270940125,8.860107868848035,4.427233685732145,0.0043459328608408,2.380161956087824,1.249775888223553,3337.5,0.2069005998984976,0.1095945300283978,1.4667922869241274,0.0346229578702506,3146.5986687574714,0.0276636891131362,48.80382975897896,6.557889414425132,719.1561534284847,0.2068549518525657,0.0427889711059272,ball
0.1247665183305264,0.1373158299944632,0.2451210208887311,0.6155690563167246,0.0019940927780939,7.086899896460935,4.046766926105113,5.613848080505,1.5272737107335752,0.0045827645490269,1.3823229540918165,0.7004202794411177,3550.0,0.1730814480376438,0.0988330990523648,1.387242750327643,0.0375920752689014,2959.77512232596,0.0410249320960988,31.234136515014526,4.998733350260775,928.1636931848568,0.1730207673196942,0.0299361859238957,ball
0.0951567673832023,0.1947592114460529,0.1911673065427884,0.6111875636707347,0.002885918015223,7.42972787125681,4.532249883121144,6.068479437748126,1.254012744114438,0.0045458835259169,1.0421837924151696,0.5774568862275449,3450.0,0.1274106461733477,0.0777224813928296,1.3389551755184896,-0.02157173545851,2861.2063163912526,0.0564038198235007,43.09785940131897,5.8811599362337486,1053.546163249553,0.1273295240754429,0.0162128077012788,ball
0.1013660247083957,0.1670479692750848,0.2346941780066619,0.5944458154189047,0.0038120369670767,6.688541696572746,4.240849737331442,5.547720952650712,1.0548636882949491,0.004723309006986,1.070772375249501,0.5623504191616766,3487.5,0.1326032408579361,0.0840766858715747,1.30816258444979,-0.0930788345422104,2940.395531508621,0.0558308974723183,43.10906252395627,5.8048046214317015,983.5961798160084,0.13251909235296,0.0175613098380523,ball
0.1018472229174463,0.1683397565278665,0.1935696255470341,0.6355479688185044,0.0025426489875994,6.715195272401294,4.181520613043033,5.521509600880305,1.0178625779853396,0.0047533690236714,1.070772375249501,0.5623504191616766,3500.0,0.1344846698609086,0.0837429734132787,1.320454952118989,-0.0591309304604001,2945.5390107988624,0.0466144286581924,38.12356833197951,5.654267433090872,985.3595996130229,0.1344006395465527,0.0180635319105223,ball
0.1121593156070671,0.1226651294212505,0.1927116976228177,0.6816985824812918,0.0029245904028238,8.750068786166192,5.433488233332739,7.194923758076596,1.3974182529536143,0.0046997527406125,1.512433493013972,0.8069777245508982,3500.0,0.1485192734200369,0.0922253006544046,1.3241813452246027,0.0512981984807978,3068.199486344757,0.0473272445088757,27.128258788914223,4.868885722366084,883.4805687530237,0.148444895167846,0.0220358869013927,ball
0.1117261023850736,0.1385351640191796,0.1731946764887657,0.6860741377838636,0.0021960216282089,8.737188467796283,5.465239688547669,7.222821769702304,1.6013800700599603,0.0042774848545097,1.512433493013972,0.8069777245508982,3475.0,0.1476564195787988,0.0923612587190117,1.321592863500136,0.05079366051729,3042.815818648367,0.041995325983146,37.12082489751995,5.3436516438314,930.8839489866684,0.1475944489679395,0.0217841213661497,ball
0.1310878463775573,0.1064888374090278,0.2348373634465667,0.6560466050286472,0.0026271940415934,22.03320944097313,10.140484387280656,16.75182390774276,20.43619957087746,0.004765504069985,4.074847664670658,2.195960518962076,3550.0,0.2165538089794308,0.0996659394921581,1.6519747250688337,0.569015021586939,3083.391666150254,0.0438202839346717,30.89365832217932,5.197453225346878,853.4209625908453,0.2165013675579412,0.0468728421544587,ball
0.1444036406288984,0.0991240136297224,0.2088006303856554,0.6907677605298816,0.0013075954080436,19.7781688197156,9.603842493446535,15.207099415211104,16.224056816147854,0.0052354396870321,4.074847664670658,2.195960518962076,3437.5,0.228654366256064,0.111029516381368,1.583439068850631,0.460411006151566,3084.3747326591106,0.0333725196894004,29.429936663364025,5.000585263142191,841.7175577339532,0.2285944211463738,0.0522554093792457,ball
0.1336506412565494,0.118701282025025,0.2345543457107008,0.644203339241668,0.0025410329738373,14.018963998425727,7.217191684357387,10.848402629664314,7.302960312589377,0.0049545887131986,2.878188063872256,1.4498959680638723,3475.0,0.2008947567800355,0.1034239026668939,1.5031335045703786,0.058030750850003,3018.797814894964,0.039659530297159,38.60013642325298,5.697986700045705,887.5166006418942,0.2008336509462313,0.0403341553523926,ball
0.1431817287105476,0.1292224810424094,0.161345303464228,0.7077992815518696,0.0016329339115135,13.62820073012806,6.436798123049346,10.126263882418568,6.276931911519244,0.004727829906593,2.878188063872256,1.4498959680638723,3462.5,0.2252511171465796,0.1063893904100316,1.5731833885169897,0.1496710933620517,3018.15317742693,0.0320176005155011,59.779957211005495,7.145920268665038,925.7769726878764,0.2252014951108372,0.0507157134001564,ball
0.1337040989115518,0.1021979832941287,0.270399788308559,0.6262510413298155,0.0011511870277195,12.337994997466916,6.352556480621034,9.489468226718458,4.3497142584088975,0.0045688052800648,2.2753912974051893,1.2687807984031936,3337.5,0.199727590344723,0.1028352498654509,1.4938030469570505,0.1810316439662433,3022.7300455252685,0.0305106815765365,26.21997111331995,4.753719620813015,800.350162516379,0.199675327377276,0.0398702363632223,ball
0.1143016668226047,0.1423224283704164,0.3606228254863831,0.4955625125086799,0.0014922335505407,8.364937266272587,4.735704048183376,6.67352795865461,2.9713387990137905,0.004519313326472,1.5233166467065868,0.7627953692614771,2987.5,0.1610732768560752,0.0911896102720419,1.4091944705063626,0.1039880997660001,2878.431509958756,0.0372782369458983,19.69094390509991,4.145407372952525,895.2854802696614,0.1610098640587309,0.025924176324211,ball
0.0979153092837762,0.1362450004687625,0.243336326541961,0.6187303125668283,0.0016883602997421,12.18382087424273,7.048189761724623,9.827530706092292,4.052725935044977,0.0046394740791853,1.710279481037924,0.9622657085828344,3475.0,0.1365266460061054,0.0789789769986784,1.39433401175731,0.0560708952664505,3001.88845806166,0.0400870466086939,34.190561544284336,5.303743939996822,882.8897192238891,0.1364477934960657,0.0186180003499449,ball
0.1011030987049338,0.1489511716378887,0.2401695164622616,0.6085570899817669,0.0023222218105715,11.719082030929474,6.9212726156388005,9.517667815416573,3.2085951849122347,0.0044913154745197,1.710279481037924,0.9622657085828344,3500.0,0.139030170030952,0.0821110139892513,1.375132630076028,0.1023568077124725,2994.319790316647,0.0424208676652982,30.577334885511284,4.930426583531253,922.8423681675196,0.138957605996015,0.0193092162641437,ball
0.0939394556784867,0.2028013603929124,0.1997497352691287,0.5955017294654389,0.0019471746798215,8.132950613893849,4.950094984731019,6.657216022641018,1.6875213526906307,0.004531607000842,1.1250257085828343,0.625375249500998,3612.5,0.1263360100018323,0.076894017828246,1.3448663193687709,0.1111863968675694,2868.6237762477267,0.0427743338606904,21.24373078996674,4.410208211794701,1044.6633957450551,0.1262547106494367,0.0159402519611729,ball
0.0791954537214633,0.3147342290408858,0.1719189911796938,0.5115441510869526,0.0018026284977548,9.407394930379102,6.110827663958466,7.896605425110539,1.4368092766390754,0.0045105094693425,1.1250257085828343,0.625375249500998,1537.5,0.1023388784451324,0.0664769847688106,1.292231733466246,0.0696912494280145,2584.313761089325,0.0522510750571805,28.585027451691225,4.823031853905097,1203.6017021856262,0.102239431462301,0.0104529013457345,ball
0.0908045687141342,0.1087690445806359,0.1609441329104699,0.7217745555686045,0.0085122667813175,5.837294458055959,3.8421335353606074,4.903219044191763,0.5936949346213258,0.0254046004865269,0.8326424750499002,0.4452346906187625,3425.0,0.1158821489469586,0.0762741530032464,1.2761709084459416,0.0264313504850956,3166.0977325846084,0.0608996495542813,82.15634610857582,7.82195544472569,902.0455202821968,0.1130631625185013,0.012783278718685,ball
0.0910129266661988,0.1213171752710542,0.1514928523578441,0.716397026177615,0.0107929461374306,6.717034033540698,4.438734911567351,5.646942355605791,0.4721517448763888,0.024074107663579,0.8935556487025949,0.513944750499002,3425.0,0.1157863131586572,0.0765136439584318,1.272196350561474,0.0318257054780581,3137.961588311522,0.0645995361648223,126.2399083270286,10.041423714632796,950.7934638067594,0.113255938718802,0.012826907655077,ball
0.0905076169925773,0.140604947860626,0.1960730075714029,0.6528422994056257,0.0104797449040201,6.692242363010165,4.508846729337457,5.678469587163602,0.3216123581647063,0.0218110404971307,0.8935556487025949,0.513944750499002,3425.0,0.113985855219905,0.0767970917102037,1.2594062136146311,0.0605644779766846,3066.3820618073337,0.0735193338773292,61.80205499038191,6.786865766949091,1006.3757619456926,0.11187963935697,0.0125170537026456,ball
0.0916212652624438,0.1179912798115225,0.162191518197624,0.709571823236348,0.010245378508937,5.656930986288666,3.7198963341526183,4.747820019720024,0.2836515555542092,0.0200289335976484,0.8141248702594811,0.4350012774451098,3425.0,0.1169390860307944,0.0768970451468244,1.276331271957761,0.0640735550476688,3148.4662713801795,0.0684193844174092,53.46565134637646,6.48353665374473,935.2968556049216,0.1152110743837523,0.0132735916606585,ball
0.0935657279776384,0.1003806007459314,0.1387631770451231,0.7502676158648856,0.0105886062091258,5.568223597477576,3.621006651324302,4.647415797580205,0.3000293627273023,0.0188912531772392,0.8149370459081836,0.4348388423153692,3425.0,0.1200878330771186,0.0780929204266065,1.2834596136078669,0.0780966321510832,3209.269741745973,0.0620446585287663,59.22627305216628,7.091426394178668,875.6576305736334,0.118592614468825,0.0140642082065513,ball
0.0920174388332709,0.0937956938299334,0.1599374582934551,0.7319284192155798,0.0143384285209546,5.831320749489843,3.828445666047592,4.893313543061941,0.5416829086187809,0.0178045716769585,0.861068622754491,0.4502701796407186,3425.0,0.1176117461020592,0.0772158142184359,1.278146268721556,0.0369766024308138,3204.198218505994,0.0731400033187116,73.28847575094595,7.420216457802868,854.8639946233747,0.1162562688571042,0.0135155200485753,ball
0.0904777949179765,0.1208720758041897,0.2039439558308623,0.6575047475552392,0.0176792207779577,7.7356078912232995,5.001610263255031,6.452321885349513,0.8850945533708607,0.0165786940571981,0.9950776047904192,0.5837918562874251,3662.5,0.1167207810205298,0.0754681292661933,1.2900489133974156,0.0532472958756343,3131.701818630587,0.0880191362257463,21.643492269180918,4.393278133116589,956.9738557315404,0.1155373862669582,0.0133488876254003,ball
0.0880807663579091,0.1322373028253688,0.1532607913744093,0.7047760127700959,0.0097258930112459,7.945871877259428,5.124854369187304,6.627915269438431,0.8483523437420204,0.0144637061813872,1.037310738522954,0.5837918562874251,3425.0,0.1139138430542373,0.0734710885482812,1.2932885096771016,0.0469873239251144,3108.460857183344,0.0626669169615513,65.88780584492575,7.001040244641484,975.1049978437704,0.1129918795439916,0.0127671648428839,ball
0.0879172208317739,0.1252102739346279,0.164684669330392,0.701992617980292,0.0081124384599261,6.16509282037411,3.991288750265946,5.158476097684196,0.6777236750198203,0.0067283676397205,0.9010276646706588,0.4535188822355289,3425.0,0.1136271792426218,0.0735623769907828,1.2924337026080803,0.0264217515663398,3124.8860807861497,0.0619673423982355,35.210454667567454,5.390313183007466,958.8428652854544,0.1134277961151484,0.0128658649315396,ball
0.0867650259442053,0.1178385268015367,0.1417012401292711,0.7321663094402713,0.008293923502675,6.169235042591696,3.9867473107682216,5.157709313922207,0.8357530446428831,-0.0032673413914358,0.877637005988024,0.4475087824351297,3425.0,0.1122490962059237,0.0725387798236864,1.2937136246361067,0.0397625148112591,3154.820522058528,0.0621805564627968,52.59170210869726,6.4283129664998215,936.174794318126,0.112201533319641,0.0125891840792785,ball
0.0872611351905563,0.1100347781205316,0.1333087593603651,0.7474914518354632,0.0091650104237703,5.983771649335204,3.881708144362533,4.992497714047835,0.6600237371248325,-0.0080552913313996,0.8495357285429141,0.4356510179640718,3425.0,0.1122317808969679,0.0728054216461406,1.286159991522938,0.0121609960350188,3190.7385104147293,0.0624712188518125,45.04759802133628,6.150124225727335,910.8726902290764,0.1119423285664153,0.0125310849248712,ball
0.0880572100915356,0.1101508071106582,0.1222783031834626,0.7589814001369044,0.0085894890578089,5.884829549285387,3.870949948644937,4.947363396037776,0.561027596900673,-0.009833749785585,0.8370282235528942,0.4356510179640718,3425.0,0.1125436969590825,0.0740295049016286,1.2780747521082385,0.0098405736958616,3201.3683147627885,0.0579908503048805,47.33395664015229,6.319816345249946,902.758005409224,0.1121132511809924,0.0125693810903723,ball
0.0926153079777944,0.1137864431984726,0.133590822985347,0.7432991754057768,0.0093235583347591,6.229855808284857,4.151170234050577,5.268622870179429,0.4470277166333289,-0.0111691600782809,0.8982662674650699,0.4879551297405189,3562.5,0.1175464031173658,0.0783252686348864,1.26918978821027,0.059942629429341,3180.690902134435,0.0600245041907658,45.92651997047898,6.200089617984176,927.3375460752054,0.1170145578506196,0.013692406748976,ball
0.0906997155688622,0.1105565023809678,0.1226193694961574,0.7580097012211954,0.0088144267521614,6.414155794240204,4.210940650942005,5.379897022610253,0.4593061997885961,-0.0116418716863148,0.9148346506986028,0.4879551297405189,3425.0,0.1158779403911478,0.0760747236882979,1.2775998211722,0.0641837679375557,3193.7488816243194,0.0575223681320206,43.969928903775056,6.191196113461545,910.8251777319116,0.1152916471082523,0.0132921638929337,ball
0.0888031585266966,0.1199719713380145,0.1496513777637693,0.7205184358077447,0.0098582147747099,6.129296478387988,3.929662105718936,5.0978671715908686,0.7298707351126472,-0.0099864292898577,0.8916064271457086,0.4527067065868264,3562.5,0.1152024511033635,0.0738594891245803,1.2972787569119022,0.0163415020500101,3156.93214319781,0.0626472550710356,69.63054077402296,7.494853366359078,940.5566379318154,0.1147687935384072,0.0131718759702615,ball
0.0902651540083894,0.1079871305947341,0.1398922383071245,0.7428280292068411,0.0092926016612245,6.234999958914729,4.050239510714228,5.206049172592619,0.6320825180504461,-0.0077024232199663,0.9088245508982036,0.4699248303393213,3425.0,0.1160239608290359,0.0753688586104043,1.285368225464418,0.0288445557978947,3202.0198765877976,0.0632122426314854,64.51324445746697,7.124053041580133,896.4796209679083,0.1157680101020925,0.0134022321629981,ball
0.0922619639821918,0.0849283631517083,0.1313128048899696,0.7756523762593207,0.0081064555822161,6.69004286592838,4.2750872374643,5.547606746277022,0.9057851435067564,-0.0051759541658869,1.019118003992016,0.5118330938123753,3425.0,0.1197245963373512,0.0765066986968174,1.2976593080162493,0.032801155797065,3253.798136135405,0.056282003755589,41.72529881280101,5.932502790931811,810.2652499913997,0.1196126601435413,0.0143071884666143,ball
0.0924716702727357,0.1151529788474284,0.1421281236567552,0.7331179469888407,0.0096009498383816,6.671393433662843,4.256773553045796,5.535025941488628,0.8734254013291114,-0.0018062183640531,1.019118003992016,0.5118330938123753,3425.0,0.120239680930678,0.0767205680345192,1.3002866778121704,-0.0278083038899813,3165.884817416456,0.062496748543281,54.89178217548279,6.670391442563352,924.9384535450564,0.1202261138252943,0.0144543184455326,ball
0.0906038249087761,0.1178156677750261,0.1402507150712203,0.7327380340035,0.0091955829664217,7.906853520120578,5.122520209623407,6.608284902170364,0.8236692728518995,0.0015720833528255,1.0594019161676649,0.5987358882235528,3662.5,0.1168830699972133,0.0757236600753952,1.2900456477957332,-0.0520193543610026,3163.123224063621,0.0616693953551397,36.45286058193149,5.57490500251261,937.504204488484,0.1168724972177169,0.0136591806059052,ball
0.0948673504943238,0.1064211039472144,0.1278192247872779,0.7571370676258616,0.0086226036185933,7.574602128626884,4.846254865486734,6.31129556273817,1.078294294070723,0.0047953261445858,1.0600516566866267,0.5987358882235528,3425.0,0.1235460999972437,0.0790451931410014,1.302303683548491,-0.0403733016729329,3199.4607747646432,0.0585441205693594,58.74324824566295,6.804491202286931,901.6648049558248,0.1234530018739762,0.0152406436716959,ball
0.0908070274490082,0.1085285657617087,0.13063570258071,0.7513553281140165,0.0094804035313831,6.964597928485643,4.400676994091749,5.774229302867923,1.1686094602275592,0.0076324682470995,0.985656367265469,0.5243405988023951,3425.0,0.1191499852196294,0.0752865569823936,1.3121229553135287,-0.0541741425797239,3175.656685771421,0.0610372530235114,80.39455395680932,7.734475336887837,896.0784756135719,0.1189052749304879,0.0141384644062949,ball
0.0884870128103168,0.1094415537167585,0.1283357180842773,0.7530372701140803,0.009185457840186,6.712054335719964,4.330043901223957,5.595197077230037,0.6798943836600193,0.0097540391872504,0.9374131337325348,0.4951022754491018,3425.0,0.1143411676055185,0.0737631506965437,1.2921802191540055,-0.0355437124317053,3189.9251051628803,0.0617832832341746,43.676422916527045,5.965267531976965,886.3622901412083,0.1139243667040851,0.0129787613289268,ball
0.0898309890180576,0.1257799888978622,0.1421721424894486,0.7202515975176884,0.0117962706042614,6.284588403978528,4.144680953661531,5.289074067697394,0.5267867639064447,0.0117380796025137,0.9362760878243512,0.475122754491018,3425.0,0.1146343373116043,0.0756012524527837,1.2761112681121745,0.0329978764431982,3141.091368902912,0.0659658036298343,110.6564824858128,9.240709655732989,944.2544817089904,0.1140317884544293,0.0130032487781157,ball
0.0914815932587949,0.1196134353776591,0.1294310516812108,0.7417455092971316,0.0092100035223931,6.173678981797842,4.063284454737915,5.193643197128515,0.6874224490398895,0.0137260857191866,0.9461846307385228,0.475122754491018,3425.0,0.1169307144955136,0.0769594201272605,1.278188434745829,0.0061649740197333,3154.970894024001,0.0583020511427561,62.223625226007485,7.07650526672027,933.124759125341,0.1161222914140987,0.0134843865632608,ball
0.0966181283526696,0.1268865018781937,0.1427877618797699,0.7209124647081208,0.0094132712462361,5.818234259090337,3.807890255547949,4.875501981657763,0.5482109540175011,0.015243204450474,0.9325400798403192,0.4710618762475049,3425.0,0.1237067889656709,0.0809630302374855,1.280368302251974,-0.0215215242757676,3125.9654962817176,0.0605082052023745,53.98858345288275,6.6445402609538045,958.6684362728354,0.1227640597010301,0.015071014354278,ball
0.0968631293857597,0.1171759023674021,0.1290624279884308,0.7453186320667262,0.0084430367141363,5.388006824612695,3.580093512254041,4.542871671166115,0.3266103869064083,0.0165027905322168,0.8568453093812375,0.4400367664670658,3425.0,0.1229120873409859,0.0816696750377069,1.2689254220920907,-0.0255066038860857,3158.029943354973,0.0593779675812288,79.40177557458345,7.978816201481322,930.944267051766,0.1217991753632508,0.0148350391191679,ball
0.096040246343251,0.1072736389890394,0.1313824032868254,0.7528630640913125,0.0084808929896973,5.824641547713518,3.828707085955045,4.894690334185051,0.5624525603209567,0.0181629124563373,0.8896572055888223,0.4700872654690619,3662.5,0.1227796368109475,0.0807066429098278,1.2784185951807028,-0.0172175915727737,3186.6097519300365,0.0592893302399273,54.79940760771737,6.786415655385091,889.0991445134287,0.1214287767645364,0.0147449478265316,ball
0.0962632773905314,0.0941043696833297,0.1377605925866969,0.7583302899468681,0.0098047477253422,6.341142583479056,4.07345415539851,5.281577459961209,0.830650278957878,0.0193986250155938,0.955605868263473,0.5084219560878244,3662.5,0.1248134719802891,0.0801782879653968,1.2965844854204591,-0.0184875999927144,3232.96923785264,0.0586204935201238,69.31647033895855,7.566992562595934,843.3514543338188,0.1232967807174169,0.0152020961352788,ball
0.098975817154753,0.1040411884026062,0.1277337125129732,0.7577304509805319,0.0104946480353277,6.175962854563354,3.9696975244758983,5.136830093485205,0.6281243491490254,0.0209711049385603,0.955605868263473,0.5084219560878244,3425.0,0.1280757420314912,0.0823227030441345,1.2940104533942791,0.0023074745197903,3211.394451265251,0.0634530319023485,67.123671287711,7.3206121203935135,885.8747583512231,0.1263471743038718,0.0159636084545729,ball
0.106236540551709,0.0867176915768681,0.128204458290635,0.7678229299403991,0.017254920011869,6.345212651953522,4.100296548931167,5.294909372708934,0.667673002273502,0.0229445965880738,1.0741835129740518,0.5625128542914172,3425.0,0.1371883344481629,0.0886515370163731,1.2913479085041226,0.040356306544927,3254.322273077948,0.0609155645140804,79.43579123025424,7.928397484062637,837.6627115553194,0.1352559965253724,0.0182941845960715,ball
0.1072974449928268,0.1004828873902352,0.1358785554617806,0.7529124267426334,0.0107261303221234,6.209133568040453,4.111091543473543,5.242555909220605,0.5771068935942383,0.0239812309365643,1.0741835129740518,0.5625128542914172,3425.0,0.1368281023039781,0.0905944199987537,1.275222371913194,0.0250465096599696,3205.5048144971724,0.0602750593223197,52.88684785103063,6.584409032241297,883.6620633606326,0.134710170896169,0.018146830142875,ball
0.0967130672444174,0.1006287196969332,0.1317098120045674,0.7585366920488616,0.0091247761746068,5.921557539699805,3.951612389158316,5.003400939338297,0.3627944244941736,0.0251716551857223,0.9239310179640718,0.483894251497006,3662.5,0.1224548877376291,0.081717394157338,1.2661669330386955,0.0073782043523657,3211.1194883180438,0.0566911896078419,59.415545216721405,7.079995212327981,873.704618521536,0.1198398402287254,0.0143615873060464,ball
0.0931550399396519,0.0875393699281857,0.1222581962438702,0.7802483951458248,0.0099540386390227,6.336240457480966,4.220106732354133,5.346206797904486,0.3498412462401923,0.0266626002877058,0.9203574451097803,0.4980261077844311,3662.5,0.1180126805718521,0.0785996224616807,1.2668416078003248,0.0009526507500806,3268.443278608253,0.0558878663524408,65.3701842141491,7.42008978713049,832.9380924530916,0.1149612914056381,0.013216098521652,ball
0.0985066746779877,0.0927780003584553,0.1311165167714238,0.7668435699886715,0.0092619126379852,5.996353659632117,3.9744835914139847,5.055760022480179,0.4400239890022797,0.0277764864996569,0.933677125748503,0.4980261077844311,3662.5,0.1253058658640104,0.0830548256579958,1.272054571668646,0.0015113602649858,3247.5668508556546,0.0583103105720392,52.05876996797792,6.669809071029026,847.2502392427108,0.122188488891809,0.0149300268176637,ball
0.0968550393548839,0.1133960960703971,0.1560680898569947,0.7213586348955277,0.009177178629886,5.996301643885411,3.991514795374672,5.056442281471946,0.4259919049121148,0.0285873931239084,0.9253929341317364,0.4897419161676646,3425.0,0.1226957536860875,0.0816739959483305,1.2667978300697524,-0.0176651019412828,3167.917500289956,0.0572978906076249,57.632050052235904,6.951358608568542,918.5347477919832,0.1193189378387863,0.0142370089269761,ball
0.0987183638192365,0.116712347625443,0.1222191594484026,0.7511611889959543,0.0099073035103355,5.623381844181807,3.764101455981413,4.745448526977822,0.2342480076189717,0.0292665591473303,0.8974540918163673,0.4684629141716567,3662.5,0.1244554429921747,0.083306260743497,1.260712173269661,-0.0494894660586575,3176.8359656922976,0.059364882206727,33.69733846535728,5.536981895505616,933.099759787704,0.1209653909432539,0.0146326258060542,ball
0.1058007892808133,0.0954151673242089,0.1606071309587,0.7284962455469686,0.0154814559746511,6.063482969414911,3.9735246936907824,5.0726055288512,0.36704247398642,0.0299086855195858,0.9656768463073852,0.5366856686626746,3562.5,0.1350653915690599,0.0885111199899126,1.2766009827258786,0.0037568158726969,3216.9643908585213,0.0856129429567575,44.13623348384731,6.078706624432631,886.0155366300397,0.1317123021216849,0.017348130530194,ball
0.111015924576628,0.0717760437118479,0.1484658033193218,0.7634750251953872,0.0162831277279815,9.82141633613247,6.19163330716239,8.130833656616662,2.068615835996841,0.0305953070616579,1.6186660678642717,0.902652015968064,3562.5,0.1457857678560985,0.0919065015752621,1.313196898661785,0.0096207836093621,3293.176788048416,0.075366492419877,28.5025759963819,5.08581094047935,790.4952602154833,0.1425391781062144,0.0203174172951951,ball
0.1122705931886227,0.0670217987628323,0.1580363808340122,0.7603570829258215,0.0145847373834601,9.63205581543852,6.165152212493669,8.039968350853396,2.1354437071037182,0.0309388161177644,1.6186660678642717,0.902652015968064,3562.5,0.1464119594872031,0.0937133290404389,1.3040989214443752,-0.0157902057493692,3296.0032169545234,0.0655509168224739,49.40006741677787,6.271566380413494,765.129487628625,0.1431057355178805,0.0204792515381135,ball
0.1134152532435129,0.0762617826606978,0.1558344921681992,0.7494706112074692,0.0184331137352489,7.188082238305955,4.702024207196458,6.028196750660163,0.8060818621766335,0.0312091183258483,1.1951976846307386,0.6836894610778443,3425.0,0.1454032201772709,0.0951143070448471,1.282042900041645,-0.0016288179464727,3267.497995904472,0.0718029862285744,38.36424417615862,5.81645709067386,808.6405983946026,0.1420143914229932,0.0201680873712431,ball
0.103030588218095,0.1052194773887979,0.1620140140412765,0.7184788879039001,0.0142876202708035,7.203863405179443,4.691168402346245,6.041423502776322,0.9998419437132804,0.0316065609211265,1.133959640718563,0.6224514171656687,3425.0,0.1326857967525436,0.0864052220532301,1.287829168476399,-0.0015118607799263,3186.7975224852903,0.0729642614613816,45.77236078837768,6.085213057864968,907.0681759535004,0.1288663880404678,0.0166065459665964,ball
0.0929165426568737,0.1181095154751443,0.1485411127280385,0.7206997748297652,0.0126495968386331,6.074400868446473,4.079058105559828,5.151895600690397,0.4340656825206332,0.0316673947807509,0.9184082235528942,0.4786963273453093,3425.0,0.1173546232873804,0.0788055213530443,1.2630110842667994,-0.0406744556388181,3149.751051621276,0.0687358637515495,44.53633794929771,6.107329637902979,943.5804638233776,0.1130012553679074,0.012769283714723,ball
0.0932892392753555,0.118689822318239,0.1354855547241567,0.7357145861671132,0.0101100363995418,6.219053684034136,4.140568443970329,5.247973773190126,0.5627399142764888,0.0318909810262287,0.9682758083832336,0.4895794810379241,3625.0,0.1182396783588665,0.0787225044052597,1.2674524873106368,-0.0548763407105514,3169.594526648881,0.0665413044368855,48.27780509694312,6.446440111263455,945.356072753286,0.1138577483862777,0.0129635868675929,ball
0.0928461117998378,0.1106138796224909,0.133375916653041,0.7446366971788361,0.0113735059025219,6.258842468037972,4.152342716206868,5.273020824968777,0.5516535745939115,0.0319819542165668,0.9086621157684632,0.4895794810379241,3562.5,0.1179044010811205,0.0782220488114311,1.269890561871935,-0.083565984376058,3200.2304089301133,0.0676240293710393,56.528241133528525,6.804940733670601,915.241916527484,0.1134839301345664,0.0128786023987871,ball
0.0935974535889159,0.1143789087202949,0.1296073904351971,0.7453290166346315,0.0106846837439993,5.8023923405424656,3.8068324998547904,4.87665739898838,0.7347730998473292,0.0321657248198914,0.8825100598802396,0.4564427145708583,3425.0,0.1199009188316714,0.0786645727800243,1.2810275732316558,-0.0589967792932443,3183.447599492026,0.0676782875453461,48.08921507900267,6.391827403062336,924.0977065256398,0.1155058287857807,0.01334159648349,ball
0.092625380859375,0.1125821064415808,0.1405303929276433,0.7341922505173059,0.0126952500831159,5.848580909921129,3.868400760423408,4.927836305081814,0.5637681639620031,0.0323181663820795,0.8825100598802396,0.4564427145708583,3425.0,0.1179926131854289,0.0780433273645202,1.2738691284256825,-0.0287073246020079,3175.3520800719552,0.0651185001470762,65.4566015606791,7.374328826152856,928.9792894657912,0.1134803634468381,0.0128777928880264,ball
0.1250523660881362,0.0533256766520968,0.1213853438944214,0.8157932076883236,0.009495771672133,12.670823851883284,7.377185562848585,10.30186836340296,6.102179313022672,0.0321164708083832,2.3470251896207586,1.288273013972056,3562.5,0.1746293356723711,0.1016723954994116,1.3964496725259343,0.0848540912959055,3335.901515378252,0.057120990227797,29.06291645924897,5.217700006132553,687.3376713091064,0.1716506253416746,0.0294639371801879,ball
0.1656336265554828,0.0399238252987408,0.1602017907646249,0.7893689349918896,0.0105054488724815,9.612123642770266,5.606057084148906,7.777847051730882,3.6045565678978937,0.0320458020092627,2.515795289421158,1.288273013972056,3550.0,0.229800195509004,0.1340258471332739,1.3874006159735155,0.0680118485823418,3351.3837540530258,0.058805876154226,25.037718818115337,4.787782279227657,616.5325733776842,0.2275548207126353,0.0517811964295596,ball
0.1758154856108096,0.0303941936350294,0.2099322824794194,0.7501457379197184,0.0095277859522816,11.334771781712536,6.343543647741297,9.035697642577864,4.277975804600117,0.0318522757804703,2.953720399201597,1.5886155688622754,3425.0,0.2504303047442454,0.1401541733222489,1.424392759683327,0.0437281114775431,3323.106352135145,0.0450998013663392,31.060948516448757,5.141393043066492,561.4467934876848,0.2483963970388872,0.0617007700619005,ball
0.1344798694213136,0.0449663484678575,0.2291750521618349,0.7100613131312967,0.0157972861785401,14.91264467475756,7.9309238471075165,11.813036223921978,8.695314028372119,0.031936983162581,2.953720399201597,1.5886155688622754,3425.0,0.200306496378938,0.1065280909932296,1.4894905627205468,0.0324530931849105,3277.2188804634816,0.0545443894745289,46.05157292875754,5.840524750908895,654.8343876981917,0.1977440810696455,0.0391027215980785,ball
0.092816289725237,0.1133445725547684,0.1437006017793265,0.7327233175346183,0.0102315080084438,6.826554161012493,4.503473676032366,5.74198410921539,0.7105771811056494,0.0319416626902445,0.9676260678642714,0.5329496606786427,3425.0,0.118341906496538,0.0780700845709832,1.2750122510484334,-0.024863932419862,3163.96323974507,0.0600101330878078,36.63022913389428,5.570023893807322,914.337773456136,0.1139497126710637,0.0129845370178179,ball
0.0930470935472804,0.1156800451936447,0.1384409910311271,0.7352864292905168,0.010592534414948,6.805848193364981,4.496965327183026,5.727741086376144,0.6907937610768022,0.0315111461452095,0.9676260678642714,0.5329496606786427,3425.0,0.1185131798675644,0.0783076033341759,1.2736902932636345,-0.0108686550008468,3170.6135369706444,0.0572730900686392,54.61102365436984,6.841258074927209,930.80793878846,0.1142471945867246,0.0130524214709369,ball
0.0903035419980351,0.1227125757193759,0.1454266344117998,0.7197145676843333,0.012146221888981,6.057997572581376,4.030625287485475,5.11929398352476,0.5417108979884855,0.0310696049502557,0.8940429540918164,0.4622903792415169,3425.0,0.1146944571297321,0.0763107567645541,1.2700992075396955,0.0173525036852918,3153.7779564640014,0.0664597388027531,48.36828172293161,6.342090160260255,959.4209103247608,0.1104060602707976,0.0121894981445189,ball
0.0901960714898328,0.1230634293774637,0.1577029354497892,0.7082605677228468,0.0109730668881601,6.757965148610305,4.361073355565854,5.6422552897374425,0.9203874923706,0.0310073434381237,0.9406618363273452,0.5089092614770458,3425.0,0.1166935797646114,0.0753051029838023,1.2937767447861133,0.0417143657513297,3134.6232827242206,0.0662457503620165,51.39144338381539,6.447628532630381,948.7265186084912,0.1124986053744222,0.0126559362111899,ball
0.090577968535585,0.100797590996895,0.1428562635019016,0.7469270315238463,0.0094191136683953,6.709252543745682,4.381156659566866,5.618466275020424,0.6406219051130444,0.0312553584042851,0.8901445109780438,0.5089092614770458,3425.0,0.1161586542142408,0.0758518565456963,1.2824162000123234,0.0088605455664426,3198.873964146325,0.0640892135045477,44.33959189474014,6.004243737722333,873.5934283394289,0.1118746419877321,0.0125159355198832,ball
0.0903707209799151,0.1117332236761341,0.1719038176433653,0.7067185409979331,0.0096444176321636,5.607995757027068,3.687106902523192,4.703876763641342,0.3603378024384698,0.0308426875155938,0.7986935329341317,0.4250927345309381,3425.0,0.1152916760401047,0.0758011869032315,1.275763596770776,0.0226077173919616,3153.6350412842176,0.0648767010246693,44.89879385481545,6.086277381297678,918.3381170780368,0.1110895998325311,0.0123408991909519,ball
0.0924449414452345,0.1133323399796452,0.1376478324551759,0.7404294539376258,0.0085903734167577,5.522161383123116,3.572873822951661,4.598334185573237,0.4842277999088136,0.0301039566569985,0.8112010379241517,0.4250927345309381,3562.5,0.118977818863963,0.07697941169016,1.287012755959686,-0.0158881105974998,3161.560028948319,0.061231891501706,45.73696783585218,6.159240543653175,915.6143550081604,0.115106355928852,0.0132494731752195,ball
0.1168151283760603,0.0696232264447879,0.1600511255281337,0.7578826942142559,0.0124429537528303,7.928676318019431,4.815435300975881,6.479877350765674,1.8705611023315152,0.0303320638020833,1.470850099800399,0.7569477045908183,3425.0,0.1571919582093477,0.095469618663901,1.3456472667076398,-0.0346074099675889,3272.359020344304,0.0608393643126127,43.67242496365647,6.006255342781852,764.7424731168786,0.1542377308935646,0.0237892776311956,ball
0.1605791814807884,0.0263186083226415,0.1846225427653047,0.7788668165709445,0.0101920323230557,12.82468487836269,7.340083043810379,10.335086436827028,5.968378849453547,0.0302457701394086,3.181292015968064,1.6595997205588824,3425.0,0.2261009460864835,0.1294066666198476,1.4080339929590069,0.0152398792880413,3325.004506183049,0.0425333557810115,46.47741877728726,6.20334393310499,521.7911659402101,0.2240688090963956,0.0502068312098769,ball
0.1425372229174463,0.0275368916330082,0.1834169172266349,0.7771654229573012,0.0118807681560417,14.592889773627425,8.015591774491638,11.643272449050569,8.807588354458076,0.0299471528232597,3.181292015968064,1.6595997205588824,3425.0,0.2070464373997061,0.1137265987959523,1.4525780225115077,0.0332225512957511,3310.637698344241,0.0428601062086418,45.59236731166809,6.3691415896262935,540.5938927668963,0.2048692150560712,0.0419713952776907,ball
0.0961544585438498,0.1164935394255676,0.1372976847712862,0.7364685388164446,0.0097402366110891,7.626923607906188,4.938624461033919,6.385609151333882,1.0916809829249337,0.0296743918803019,1.1864261876247504,0.6140047904191617,3562.5,0.1243270864718913,0.0805049089232616,1.2929934644184369,-0.0092740319807312,3182.754263738913,0.0655521146922805,58.15812751509385,6.994520049684774,926.0481077510266,0.1207338183655408,0.0145766548971234,ball
0.09372284906749,0.115964526499414,0.1325329772847062,0.7432284308613669,0.0082740647611132,7.000663692557603,4.537607760910835,5.85455813307968,0.929938905451575,0.0290103748362649,0.9879304590818364,0.548705868263473,3425.0,0.1209240412955683,0.0783791212320057,1.290230103957794,0.0781486322216691,3166.3037241822785,0.0585115275037774,47.05743134135701,6.257375628341399,924.1452341126266,0.1173925973607864,0.0137810219151117,ball
0.0957961970784992,0.1060646280878169,0.167244332796424,0.7189202331409114,0.0077708054306139,6.839740823007134,4.466536228334169,5.72784604188245,0.6905223908594493,0.028977618142621,0.9879304590818364,0.548705868263473,3425.0,0.1228481848602664,0.0802231959459292,1.2823910406338956,0.0772249107916054,3168.378811744746,0.0610985041772626,47.37190179437607,6.35131052704287,895.2699295974907,0.1193816324659812,0.0142519741702426,ball
0.0937183281678829,0.1204313802115355,0.1314899574848516,0.7402533933771955,0.007825268528995,6.358451572128873,4.180995528165031,5.345271836501184,0.5764511207882212,0.0290115645466878,0.8920937325349301,0.5009499401197605,3425.0,0.1198159473611345,0.0787848951017547,1.2784686806032377,0.0204839084984942,3161.9363622578226,0.0587065558284831,48.128932026155496,6.39764104552161,942.0112965437922,0.1162505499539659,0.0135141903645995,ball
0.0929265362244261,0.1152161213369129,0.1538912525021365,0.7226215959548934,0.0082710300805502,6.499596127747275,4.155460160808731,5.39081688044328,0.6999936016469857,0.0287508593360154,0.8920937325349301,0.5009499401197605,3425.0,0.1205522182222692,0.0770740104883081,1.297285179457508,0.0302950498542035,3166.4155952101423,0.0612263099816455,50.88813266270056,6.358313982212378,914.3110581762749,0.1170735897021624,0.0137062254057502,ball
0.0916548944103979,0.093830974955883,0.1594967786451077,0.7381688540982614,0.0085033922060838,6.000560536802174,3.933249406462958,5.033182040420736,0.5179911875381809,0.0283991016209767,0.9008652295409182,0.4613157684630738,3425.0,0.1172861725231708,0.0768787791796729,1.279649856973324,0.0452264786967501,3219.8919187981483,0.0582807331966062,76.72828284597915,7.800738340830694,843.5368425026048,0.113796033728142,0.0129495372922564,ball
0.0951081478839196,0.1087159171728304,0.148213500794273,0.7356117183834682,0.007458863621563,5.70115307541584,3.850584678154823,4.850433729674916,0.3205910432929539,0.0282334146160803,0.9008652295409182,0.4613157684630738,3425.0,0.1198040835409269,0.0809162220976544,1.2596616189724243,0.0363791890552705,3174.459229958952,0.0586814730357555,102.41072186014917,8.922731728926022,882.7587580123096,0.1164297759690274,0.0135558927321979,ball
0.0952436955581025,0.1251774911004235,0.1633104877745978,0.6999320065413538,0.0115800140912847,5.858118473450411,3.8796209551364496,4.925393244579016,0.2814999043875996,0.0281578283472118,0.9286416367265468,0.4691126546906187,3425.0,0.1209171360077159,0.0800790657984615,1.2695552739651048,0.0575691151159369,3122.777016372983,0.0697932990216371,106.37279266411362,9.187785734303556,952.3930681758624,0.1175929014995268,0.0138280904830774,ball
0.0989882694571794,0.0899310947852453,0.1554189601677972,0.7411432721955862,0.0135066724324158,6.836998328463835,4.305348137137495,5.649802292366923,1.3073707024566827,0.0283245464344748,1.0948127744510978,0.5592641516966068,3562.5,0.129899867300498,0.0817996619025449,1.3122753636650897,0.0330090502722906,3235.6221244861,0.0724951695578452,32.14288022140456,5.211016246201893,850.8258564061824,0.1267741913560022,0.0160716955939682,ball
0.0991645845418537,0.1074369565920899,0.1592722538210513,0.7179452759578948,0.0153455135151793,6.784282123177317,4.328960637115427,5.639756918061424,1.210468482394969,0.0281334789405563,1.0948127744510978,0.5592641516966068,3425.0,0.1291913229475028,0.0824352734073334,1.302796996976031,-0.0199231770984753,3178.147970250943,0.0773595998562762,42.90201015009536,5.932720456857891,905.110753597674,0.1260908612375506,0.0158989052876272,ball
0.091055597613367,0.1171675441598242,0.1263078587701462,0.744602303572142,0.0119222932115903,5.791298133429168,3.776305443747459,4.846887605734649,0.566278590609814,0.0275236333777757,0.8173735728542915,0.44133624750499,3425.0,0.1168698491367332,0.0762067911782093,1.2834998857838111,0.0292351215298442,3167.517863050393,0.0662470747391966,89.38942050834706,8.286000317891617,915.8731208320831,0.1135826185775296,0.0129010112429285,ball
0.092165756065993,0.1100617509516208,0.1563537680231743,0.7204665402220006,0.0131179405835377,6.280200219648462,4.044473010874162,5.225586814866321,0.7028319176919164,0.0271490332226172,0.8576574850299401,0.4816201596806387,3425.0,0.1190810665285024,0.0766886632330326,1.2920315701987777,0.0564251335364534,3171.5038805174154,0.0658638976602388,76.04738450415464,7.5721250997933796,896.69295741675,0.115944945558842,0.0134432304006428,ball
0.09157708734874,0.1126217619032436,0.1281705380922564,0.750560464348927,0.0086472356488499,6.303966739595768,4.087979826774292,5.259177525995701,0.6277319882859342,0.0271461779176022,0.9117483832335328,0.4816201596806387,3562.5,0.1178137319871931,0.0763995400952134,1.2864979155598153,0.0730043764433129,3185.1242351410588,0.0598006677476084,44.582966630286144,6.294990344667044,900.8860929592394,0.114643623761708,0.013143160469216,ball
0.0940165489138909,0.1371072273683567,0.1569039607453189,0.698798476454081,0.0071903354296969,5.581758144537729,3.5987177270435757,4.654502261317343,0.6380129821511642,0.0269543172834019,0.8677284630738522,0.437600239520958,3425.0,0.1215989340404467,0.0783982802890144,1.293377979145121,0.0607663761938501,3096.9796057226367,0.0595490629760117,47.92855931588704,6.291337224838518,970.9617995102612,0.1185738821982253,0.0140597655395586,ball
0.0928821996826659,0.1194842166200687,0.1284320258572543,0.7441335911442679,0.0079501662042472,5.615007505096649,3.657997065976597,4.695607176007562,0.4150059241285664,0.026548388087107,0.8165613972055888,0.4361383233532934,3425.0,0.1192287242135485,0.0776736848450189,1.2836552603286326,0.0491236364685569,3162.2018894764437,0.0598409298367591,61.86242181609407,7.091272656432835,932.0654815053012,0.1162354152896903,0.0135106717675667,ball
0.0947310889938872,0.1165911921994346,0.1391673263433014,0.7357111809425851,0.0085303002871708,6.046373300677837,3.946832678666638,5.061786031246337,0.5390129656724509,0.0262951383950848,0.9476465469061875,0.4795085029940119,3425.0,0.1214919764868281,0.0793051436205991,1.2824931896926437,0.040252110390499,3155.633278753796,0.061336810908697,113.59626007446852,9.554657427834533,919.1976133201784,0.1186122508321097,0.0140688660474593,ball
0.1250919437882048,0.0614546919373762,0.1798058437245098,0.7416992873225758,0.0170401767929898,8.208979800497602,5.1531798566787135,6.805574277520601,1.576789421180249,0.0256381802995571,1.5834176447105788,0.8513225149700598,3425.0,0.1652033382585539,0.1037062504305901,1.3206552976605936,-0.006477432770227,3296.4631944403104,0.0825556526439331,50.94690102359552,6.183345645929321,754.3191851366596,0.1632017974248371,0.0266348266826975,ball
0.181823205990363,0.0223198866520005,0.1615855115517926,0.8059058880629206,0.0101887136627774,10.9653762940722,6.359857565995743,8.897950530590238,5.1732832212448265,0.0257271706391903,3.1702464271457087,1.6178538922155687,3437.5,0.2543852398308022,0.1475420312835199,1.3990801583615522,-0.0545913950109149,3361.123062596246,0.0437037863753465,65.8010251114915,7.339124424269197,508.8385140962549,0.2530809414686865,0.0640499629346767,ball
0.2126361507453842,0.0181266226108504,0.1600593991147294,0.8144630743868152,0.0073509038821888,9.563057986501342,5.347751594153294,7.608555208247853,3.56956429805257,0.025684420377994,3.1702464271457087,1.6178538922155687,3425.0,0.3025297386633236,0.1691774633699008,1.4227577841435826,-0.0475391733561544,3338.462763844633,0.0286869064853559,39.3558338025107,5.934584945785306,444.8455433685531,0.3014374783027907,0.0908645533255454,ball
0.1613653421282435,0.0356069610292887,0.2208386788995788,0.7330812106825754,0.0104731493205963,9.721172751020372,5.1943099725437225,7.640318661182632,4.8415662159235495,0.0248568578078218,2.4534201996007985,1.2328826347305388,3475.0,0.2373525340704262,0.1268244754318485,1.4709015637434255,-0.0206900147051879,3284.798674113684,0.0431207369053945,75.45707807362385,7.864140266418574,587.656569079318,0.2360473724691181,0.0557183620495745,ball
0.1038715548590319,0.092310522335552,0.1794622934607901,0.7191548638237234,0.0090723201683321,6.972909532240074,4.471339518442214,5.806417719895177,1.0661605728053418,0.0246653937437624,1.1372083433133733,0.603121636726547,3562.5,0.1348861195261393,0.0864949751517558,1.298585736096841,0.0458916780352214,3193.884326402172,0.0601579091983001,62.77723826456776,6.979541089048161,841.9077424796158,0.1326117777283945,0.0175858835922851,ball
0.0936052263636789,0.0961721580720024,0.1387128375882005,0.7580615131296563,0.0070534910583792,7.25069906558495,4.7492977942458285,6.084035977410321,0.8212031078817987,0.024377245879335,0.9981638722554892,0.5694975648702595,3425.0,0.1199119511015404,0.0785438148403302,1.281039059033451,-0.0198951711037863,3211.8848255685907,0.0560565747444917,41.29151149573165,5.965287948344021,844.249131503099,0.1174079464956127,0.0137846259003166,ball
0.0909340092081462,0.0868672106887844,0.1515531100299179,0.7528771699529346,0.0087025092838227,6.212460863615771,4.092396582619468,5.219559252197547,0.609320422475792,0.0241063884730538,0.903301756487026,0.4746354491017964,3425.0,0.1159798273504546,0.0764005535844212,1.275428504257181,0.0056973621207339,3241.0474307969475,0.0549079572179233,57.92084752167556,6.873882110744051,815.5319766759648,0.1134469144006459,0.0128702023870274,ball
0.0929571514393088,0.1156563112080514,0.1471651210499567,0.7280882067579078,0.0090903608502448,6.535015278998728,4.268336143079561,5.474664978404694,0.7836785049178245,0.0241157475283807,0.963402754491018,0.5089092614770458,3425.0,0.1192289558314573,0.0778742267233106,1.2826227351566504,-0.0060324271277656,3156.6570724598823,0.0604062231327782,51.04161831794311,6.2922157637888185,918.8626253957196,0.1167646120612191,0.0136339746298069,ball
0.0969848764190369,0.1121331913119818,0.1169505799250694,0.7624184098859801,0.0084978187177316,6.284340089772588,4.077852598192218,5.247305355922001,0.6378208362182134,0.0236719062266092,0.963402754491018,0.5089092614770458,3425.0,0.1247983464882115,0.0809805411876526,1.286781517862667,-0.0153584062174704,3169.96357443992,0.0546540990838636,103.02206399142092,9.038559227881931,908.1465362052072,0.1225327227388272,0.0150142681417903,ball
0.0939033677956586,0.1288273016607814,0.1407890652019965,0.7225399066824877,0.0078437259860481,5.748003350270239,3.819328870151149,4.836553080213253,0.1787335650940358,0.0235502385073602,0.8758502195608782,0.454168622754491,3425.0,0.1189132012966763,0.0790132842795122,1.2663358523566597,-0.0198646005811118,3117.5596937997266,0.0649888061995272,79.74865064076674,7.684836317372208,966.98783068444,0.1165578642085994,0.0135857357088703,ball
0.0961983192014408,0.0999228460046717,0.128705213165883,0.7639529998438708,0.0074189407845973,6.736649260617224,4.459452567636258,5.6616892534209935,0.3789401143587434,0.0233671024162612,0.9694128542914172,0.5446449900199601,3425.0,0.1221327016622245,0.0808480550121528,1.2695928855729446,-0.0652647859667773,3200.5199724454,0.0586197796749101,50.40057220933139,6.527050283979825,875.4095318021052,0.1198765003659261,0.0143703753399819,ball
0.1241120982839009,0.063343051072027,0.1567677435257367,0.7700482797819923,0.0098409251958766,8.572736241230494,5.298397010360523,7.049075963418133,1.6643598722397464,0.0231534304243076,1.5629508183632734,0.8748756087824352,3425.0,0.1651208105152742,0.1020532516298272,1.3304167184215,-0.0205310668355363,3261.209539964928,0.0632342402983933,74.3408901788921,7.800957522040282,734.262068440254,0.1634894514175389,0.0267288007248078,ball
0.1567832120914421,0.0440127594071074,0.1689049380209097,0.7654735684902066,0.0216087337870722,6.741463195729662,4.281604522646481,5.580161275635642,0.651372115776625,0.0235186715241392,1.5629508183632734,0.8748756087824352,3487.5,0.2043335866624295,0.1297753296846031,1.3032874115581596,-0.013407077234187,3338.877643842558,0.0748445016361405,76.81223448934624,7.629022352870569,672.9131497983303,0.2029755816054538,0.0411990867280722,ball
0.1491217942240519,0.0588925420381676,0.2259270600478037,0.6925123821045528,0.0226680156747482,5.983890345676127,3.7860648974937168,4.943144780399799,0.6650524337577957,0.0230375526291167,1.4050638722554891,0.7371306187624751,3625.0,0.1946957167190762,0.1231858500373615,1.30561543825412,0.0079251942793528,3273.389668183316,0.0816422196478285,32.38124281639272,5.199645481053956,755.3694245838666,0.1933279423094743,0.0373756932776154,ball
0.1152015637864895,0.0765705935454944,0.1856001906776435,0.7223589088386098,0.0154703066144451,7.739322747888441,4.875311779489294,6.3986164296228365,1.346234745967461,0.0225297842206212,1.2786893413173654,0.7371306187624751,3475.0,0.151196611027755,0.0952448480021834,1.3124527659014893,0.0316508482414024,3221.67568016038,0.0711427073586797,54.62444930569784,6.855817411442738,809.6930763715064,0.1495086084787444,0.0223528240092504,ball
0.0948979657092065,0.1245806846805717,0.1709141626212356,0.6948542757978413,0.0096508763143196,5.687013666159502,3.737456711180257,4.768745758405462,0.4723170765297388,0.0225721379116766,0.8868958083832336,0.4525442714570858,3662.5,0.1210834817439735,0.0795750279535891,1.2759333758007685,-0.0570240278823296,3117.4923273825043,0.0701236155080313,40.08415125767058,5.75531486811272,969.0956107067224,0.1189609521706152,0.0141517081413394,ball
0.0918945020895708,0.1018365916678082,0.1318118006830835,0.7571490084230607,0.0092025989839038,5.593970552325401,3.730119577345498,4.726632464940929,0.3406371453667183,0.0224880650417914,0.8537590419161676,0.4343515369261477,3425.0,0.1164444002181961,0.0776463753005615,1.267153067598061,-0.0796675505584644,3208.957304174336,0.0595798943456562,56.989570055216944,6.940647421602349,886.1983860712852,0.1142522878232711,0.0130535852728515,ball
0.0926775694899263,0.1127335367478501,0.1561409093072578,0.7201801432735495,0.0109454105341901,5.668436546966419,3.785870455388102,4.784846070437975,0.1971188434818138,0.0223483930381424,0.8180233133732534,0.4434479041916167,3425.0,0.1171323502526336,0.0782310784494777,1.2638694659052896,-0.0509843199656799,3179.977777957686,0.0669196932554967,52.50077431374634,6.658583293427592,916.1296214755688,0.1149805931638828,0.0132205368043183,ball
0.0917510230125686,0.1058244553776685,0.1407186317541639,0.7444489394237793,0.009007973136574,5.834027228678498,3.838932867797985,4.90044060936699,0.5425415511117055,0.0220838014400885,0.8393023153692615,0.4496204391217565,3425.0,0.1171212038880114,0.0770686219823493,1.2765111498753263,-0.0891219474001611,3191.0615650267227,0.0579569130042491,69.9641625221094,7.59180670687434,898.7717702869901,0.1150203552165089,0.0132296821141318,ball
0.0936381416853792,0.120049553382823,0.1294739735440426,0.7412280148809052,0.0092484579633174,6.241290577194931,4.094208446290808,5.233623581229884,0.6713172678667956,0.0217453684817864,0.9487835928143712,0.4900667864271457,3425.0,0.1196975661732921,0.0785201041941232,1.2782992487769744,-0.0584661088793695,3162.4823648936995,0.0614643147869637,52.60323323136589,6.662731322822157,953.1775433193276,0.1177057615301858,0.0138546462974009,ball
0.092105953288735,0.1093234404934065,0.1349429291392719,0.7478622354702821,0.0078713947450107,6.6645095615855725,4.2743842741435305,5.541131266996303,1.0046243015440686,0.0215816643275948,1.0004379640718564,0.5103711776447106,3425.0,0.1194022682359262,0.0765804554601444,1.2963577702911593,-0.0498031806997808,3182.642159942065,0.0575304434559235,54.81195830740637,6.860349017291245,911.2782558365157,0.1174356565304383,0.013791133424735,ball
0.0921504484585516,0.108354712229825,0.1571209551268219,0.7243405570834138,0.010183775295101,6.664911309725583,4.26325143852102,5.538455712174538,0.8922113697161174,0.0216734306582148,0.9645398003992016,0.5103711776447106,3425.0,0.1197140691804388,0.0765758393363713,1.29911542681515,-0.1016370032268539,3179.41279342761,0.0608351276553682,50.595563459117805,6.541872499018737,906.6689210737612,0.1177358091798856,0.0138617207632424,ball
0.0938037493762475,0.0955019617502696,0.1412510306673425,0.7542612322201225,0.0089857751869092,5.651173554161449,3.611661395257269,4.678914472794178,0.6125413027044511,0.0213627576097804,0.8544087824351297,0.4388997205588822,3425.0,0.1215229426366582,0.0776652347255699,1.2955019756111124,-0.1159145205952131,3207.366672624786,0.0584057182955505,62.61999068019071,7.16389862927547,854.2612085013765,0.1196305068716935,0.0143114581743783,ball
0.091591443187843,0.1057621188050855,0.1512857249398574,0.7317549473641312,0.0111972087660133,6.967026859968303,4.453659835363942,5.788622222991959,0.9665873088398476,0.0211781938661739,0.9648646706586826,0.5301882634730539,3425.0,0.1190455227997286,0.0760996439556522,1.2997450270062956,-0.0687183418006212,3184.5086185502287,0.0640356261717834,46.43196679959481,6.211265187175492,897.2860798272965,0.1171465774285679,0.0137233206032274,ball
0.0942747160756611,0.1011458787311949,0.1316885871417671,0.7581590426961906,0.0090064913467095,6.712118112736216,4.399617656870705,5.623864865819863,0.5886767553458068,0.0211898530283183,0.9648646706586826,0.5301882634730539,3425.0,0.1205078042736464,0.0789897100390745,1.278262181950584,-0.032656981050061,3212.262137807694,0.0552563969047794,58.50050688208749,6.944252873224487,883.9931806519878,0.1186301859540553,0.0140731210194937,ball
0.0933448384091192,0.113252636967602,0.1372372180111859,0.739116266230153,0.0103938787173145,6.374853093527598,4.228273159901797,5.352737950993372,0.1877080782406985,0.020491255067989,0.8659416766467066,0.4996504590818363,3425.0,0.1181689167625681,0.0783783487636966,1.2659394860661486,-0.0149087113911257,3172.267170938116,0.0614713893441988,48.810453189013245,6.431632797402246,922.7525448793248,0.1163786980275057,0.0135440013545773,ball
0.0941031598326783,0.1080005844841287,0.1132137822009524,0.768999242351741,0.0097863907911744,6.3388177793300375,4.152199915159025,5.309603417889981,0.3673034010758864,0.0202083419294224,0.8682157684630739,0.4996504590818363,3425.0,0.1203339119722274,0.0788239189823572,1.2787446477481632,-0.0372255222385949,3197.3277856572868,0.0553496248498025,56.52547100783366,6.81630833639605,904.5455903871284,0.1186249269209609,0.0140718732870033,ball
0.0969736138270334,0.0937620672907254,0.1609525253476061,0.7343945950248777,0.0108908122955303,6.1836754216113485,4.064726968643963,5.194313354391349,0.4341320325119384,0.0203537245431012,0.9482962874251496,0.5037113373253493,3662.5,0.1239225515541559,0.0814582433555498,1.277899695222144,-0.0857265399343401,3217.830546897955,0.0565501112335125,36.74639356577192,5.63635685153466,858.3689089596288,0.1222396199311662,0.0149425246809159,ball
0.0941635971221619,0.0899044100884823,0.1586523951412597,0.7419160499747237,0.0095271446319089,6.607422455057982,4.294266329692928,5.530449577796963,0.6894010979005261,0.0200506656413735,0.965351976047904,0.5207670259481038,3425.0,0.1212703139409945,0.0788154578415758,1.287868323293407,-0.0270471596904122,3220.2348376857312,0.0562541674746325,62.80762813108542,7.026883431492075,839.3174052963665,0.119601253549807,0.0143044598506852,ball
0.0923549993372629,0.1137747666963251,0.1834543326006851,0.6925916600327731,0.0101792406628237,6.893512158123626,4.482578605022802,5.772422712727861,0.8327550523313483,0.0198016989068737,1.0631379241516967,0.5331120958083833,3662.5,0.1189297818918384,0.0773353384428487,1.2877460099104048,-0.0100773072492428,3160.857339476117,0.0607499335467976,36.74262239516536,5.612960565576235,927.281192306504,0.1172697136572004,0.0137521857412417,ball
0.0910245858283433,0.1157685480910051,0.1432798472506556,0.7310766291337394,0.0098749753821522,6.94518059912219,4.582847631499351,5.856792326567032,0.8049848200229355,0.0195526528583458,1.0631379241516967,0.5331120958083833,3425.0,0.1163276937562,0.076760004754342,1.2779810278464112,-0.0290978572949249,3165.9588838440627,0.0603230653208734,57.61679875864839,6.833853189672067,926.377718917751,0.1146726911729086,0.0131498261008372,ball
0.0927696530766591,0.122776463158797,0.1406817771464014,0.7249297992473834,0.011611960276679,6.089902518976667,4.035375495020234,5.130286837942975,0.4334013231733262,0.0192387279347554,0.9169463073852296,0.4759349301397205,3425.0,0.1179406800499823,0.0781514857843234,1.2713282430033817,-0.0052445498034218,3148.3493072223537,0.0626702426318274,40.91140211012935,5.98099388368563,953.095854453248,0.1163609700806278,0.0135398753581047,ball
0.095485603344093,0.1034117501087505,0.1143727385072078,0.7733756899293753,0.0088398211923197,5.803683122274292,3.8893295504312095,4.902708131038224,0.2427127402712465,0.0192456282552083,0.8743883033932136,0.4681380439121756,3562.5,0.1203647152657128,0.0806622336280699,1.2605535394897716,-0.0212345106894276,3217.9053089246813,0.0576541503179603,36.45940988588018,5.609645142462777,891.9933779508937,0.1188161204300934,0.0141172704740584,ball
0.0935612863920596,0.1013999011391697,0.158698230642938,0.7309911609356965,0.0089107069380562,6.567468146872488,4.343336548348932,5.5243851679042,0.5457674761348215,0.0190705028809568,0.9655144111776448,0.5168685828343313,3662.5,0.1190026554656034,0.0787013459791915,1.2719219674570763,-0.0500068074727392,3195.1490017672,0.061275227962762,50.546288630925375,6.401849949550256,881.5947840378417,0.117464666720391,0.0137979479277325,ball
0.0916544978402569,0.1084014418907862,0.1462822454437465,0.7365005853650176,0.0088157269154513,6.681792407912078,4.453460813009071,5.639314981957269,0.4163569643551272,0.0187404772096432,0.9655144111776448,0.5168685828343313,3562.5,0.1160599822332552,0.0773547801668148,1.26627699641685,0.002544617174195,3181.4736777070043,0.0611880755793089,36.99908567644866,5.73968828081056,894.9649732818446,0.114536954691219,0.0131187139899383,ball
0.0902561122091754,0.1198462924356994,0.1285484465819721,0.7409963901092183,0.0106088705720045,6.9123298029966245,4.5850997342153255,5.827471815768406,0.7404006085966985,0.018819077411583,1.0275646307385229,0.5259649500998004,3662.5,0.1147117795878897,0.0760908355199985,1.2709585731106663,0.0254840959346157,3173.8366954442827,0.0665292106736035,36.099137528855,5.542674600779328,948.37994646854,0.1131575658168619,0.0128046347015974,ball
0.0914990423449975,0.1015378248206873,0.1283847932503406,0.7619092765048304,0.0081681052866202,6.919180304545244,4.429655192694543,5.748310983590926,1.0268851744766598,0.0185076112228667,1.0275646307385229,0.5259649500998004,3562.5,0.1187372215713832,0.0760154999508094,1.2976881345236828,0.0587706476121382,3207.961976035132,0.0563283366955939,34.777376050818816,5.522591031885056,881.3875149337132,0.1172859587218989,0.0137559961133149,ball
0.0899014198750935,0.1105439261569486,0.154984892642375,0.7269089178197543,0.0075622631874511,6.603577523871677,4.244657316761012,5.499941331484172,0.7654051586063142,0.0184973797132297,0.8950175648702595,0.4944525349301397,3425.0,0.1164882104799554,0.0748764640291891,1.2957327108047991,0.0760706970537015,3170.347491857882,0.0574945923604491,59.331221814602834,6.785734607477606,904.021001138226,0.1150102174790005,0.0132273501245669,ball
0.0908900692365269,0.0989182275790239,0.1397469444021384,0.7537284838776358,0.0076063436160895,5.8296278208446815,3.87072024227101,4.928988299684455,0.5315488888569897,0.0184551053362025,0.8274445508982036,0.4479960878243513,3562.5,0.115739722786451,0.0768481456436166,1.2734033955377109,0.0240264270599068,3217.24584257491,0.0604095379321725,45.34333097288251,6.187749742905073,861.7275418400225,0.114258883758394,0.0130550925177142,ball
0.0913439834198789,0.1092743055291477,0.1389328901777697,0.743080951046219,0.0087118528210383,7.025849118244425,4.5899050453988215,5.909222653960537,0.8425306155151002,0.0177207367491579,0.9811081836327346,0.5397719361277445,3425.0,0.1175998045251158,0.0768265766946357,1.2874389765174497,0.0054604913696576,3194.2445351202355,0.0617873552676275,50.87621642772629,6.49752642257933,895.9261975939922,0.1162569976965365,0.0135156895134125,ball
0.0912040734741454,0.0994319964191857,0.1123011451683663,0.7782041047777072,0.0100627535956774,7.064330113180681,4.585271064905709,5.918287589213427,1.0426454998153971,0.0175256242398016,1.0678485429141715,0.5397719361277445,3425.0,0.1177186535947672,0.0764080850526271,1.290717060221418,-0.0049910925724925,3223.516268918817,0.0561927231149787,53.88219795807345,6.551372293788298,864.4548139050601,0.1164067605389398,0.01355053389917,ball
0.0923925941866267,0.1231582530735984,0.1358776706369348,0.7287525622603314,0.0122115139866677,6.780787009441051,4.484877529357681,5.715572892344038,0.6878272787265169,0.0176326188638348,1.0174936526946108,0.5280766067864271,3662.5,0.1177460484326887,0.0778783651589665,1.2744100267912144,0.011555993761033,3153.888777679252,0.0636248521675902,44.00162339430657,6.001430309298923,943.7350804489548,0.1164183090132983,0.0135532226735158,ball
0.3584004631849582,0.0631595129697444,0.5145624458796393,0.4210149784343109,0.0012630626864627,10.237659703055222,5.503129189786446,7.949521466378165,3.1547896103896544,0.0178640968551178,5.077722155688623,2.8491121756487026,3075.0,0.5177258387712438,0.2782972142352458,1.4445456743287275,0.2720926923346945,3015.3661905903377,0.0268687628070556,30.310514362918752,5.04942573704839,679.4719938731769,0.5174175472236509,0.2677209181749389,inner_race
0.1136050517129803,0.0520118959826693,0.4477525606038969,0.4960676052566042,0.0041679380474095,20.065942087764935,8.91855914012735,15.206168904837869,20.635095357281468,0.0279635089781374,3.447035888223553,1.7274976047904191,3962.5,0.1936969388942967,0.086091029129589,1.705002867158286,0.0976090643297584,3253.8732237384497,0.0762791025606553,13.561887257034536,3.3099495524428506,798.2135666949595,0.1916678019455812,0.0367365463026505,inner_race
0.2021948555038361,0.1811850120151133,0.4331186696261492,0.3797589040947247,0.0059374142389621,7.446595667946851,4.251582898803737,5.953696217973988,2.4004803254843523,0.0155949621655127,2.38503500998004,1.203806746506986,3825.0,0.2831431904681194,0.1616586693015514,1.40034814319372,0.1106431485013775,2895.848339586835,0.0701365330574674,29.310962644401435,4.82568977425006,988.0853378269368,0.2827133945597944,0.0799268634635219,inner_race
0.3479062258295908,0.0634399270968934,0.5013551113183305,0.4339010910227523,0.0013038705293184,10.305045397594,5.577749054417647,8.052744366730197,3.3654013246044983,0.0099301163298403,4.949804491017964,2.801599900199601,3075.0,0.5022814531214341,0.2718668178651316,1.4437265441965916,0.2670559715161755,3012.48218401077,0.0287744885542968,40.65555641127879,5.421687857504055,678.351754397716,0.5021832842095159,0.2521880509394553,inner_race
0.1162268562289483,0.0485607499974767,0.4593710649313185,0.4878394734328699,0.0042287115359534,20.214871487468415,8.952209862862606,15.289412249616316,21.063388350453582,0.0279942828210765,3.37101624750499,1.7770403193612774,3925.0,0.1985029782124703,0.0879075744044625,1.7078925185883984,0.0039899455908688,3244.20284083835,0.0766507184613942,9.912852512363065,3.0240564937139105,774.0851027176907,0.196519089374427,0.038619752488554,inner_race
0.2048060319400262,0.1786697824317934,0.3924067235321905,0.4232040054453154,0.0057194885801955,8.543497411908524,4.866463301891389,6.831909169523708,2.626314577506067,0.0121984182221494,2.52278,1.3992162075848302,3850.0,0.2875221944119077,0.1637755757536141,1.4038756167889797,0.1913256328376937,2934.4269984312577,0.0746680298913988,32.20027908552517,4.796184033775323,1012.4298998465032,0.2872633127851804,0.0825202108723164,inner_race
0.355118646983377,0.0632409987033445,0.4875314594182606,0.4479648274839404,0.0012627143557826,10.1714918826594,5.492166496334031,7.95094447081158,3.9095472708394174,0.0102668043795222,5.090310878243513,2.823528642714571,3075.0,0.5141010645979596,0.2775923802808306,1.4476881711650147,0.3000547758745111,3021.918109894391,0.0293878541699294,45.88146141238978,5.665165744145648,681.0909397953441,0.5139985382747582,0.264194497348588,inner_race
0.382486745551865,0.0589403510888182,0.5253712004674053,0.4147156347637336,0.0009728136477353,11.866186696434086,6.261297757262508,9.24107427057078,5.858635063685144,0.0157362997637537,6.720753493013972,3.534588423153693,3075.0,0.5645137094868085,0.2978706229370109,1.4759039785086112,0.3183090661185339,3020.16130681351,0.0251409614267522,34.41496504806034,5.354008066096876,657.8506575602754,0.5642943354919506,0.3184280970683021,inner_race
0.1097472966956711,0.053387429684333,0.4126904991231768,0.5297233589471295,0.0041987121943783,18.089983892868588,8.230158155967361,13.81065630993867,19.60628988226185,0.0441633199226546,2.924644510978044,1.5156821956087825,3950.0,0.1841619768278476,0.0837857128334035,1.6780547892539723,-0.0731596910179068,3268.662518091568,0.0828693459196837,10.588082885998142,3.0661047854128487,801.9630250745438,0.1787882403362982,0.0319652348825499,inner_race
0.3533134597016903,0.0578303225267986,0.5090269378016493,0.4319274663545013,0.0012152732614488,10.594441442725714,5.703741734968782,8.29040444572651,4.136547226161998,0.0098400949078405,5.357110578842315,2.929111477045908,3075.0,0.5135420944970153,0.2764762534090058,1.4535027760635248,0.2956055703178971,3028.5285283114854,0.0278550380700693,35.407056580495635,5.034313371145509,654.6421354523543,0.5134478117127251,0.263628655352586,inner_race
0.1260438707545845,0.0391502877289204,0.4239434503410273,0.5317413896034929,0.0051648723044342,16.822865985769333,8.07327058860022,13.03925873487816,16.572808966505338,0.0504859963081649,3.2529259081836326,1.6435186427145707,3812.5,0.2035753199001262,0.0976955201393652,1.615114790440706,-0.1322255640202339,3282.818997411174,0.0776958192569287,6.748146945024686,2.589408132444968,714.3083068547625,0.1972158083146752,0.0388940750492107,inner_race
0.1117702009847492,0.0419179933383279,0.5209428318799967,0.4336600109973584,0.0034791637058409,23.58618060530077,10.605170199605777,17.990344951891515,27.076807432652235,0.0456754418701659,3.945061996007984,2.010784471057884,2937.5,0.1896041678928104,0.0852526530135184,1.696374939136787,-0.0695649970072323,3194.857335451088,0.0773608543161392,6.9403317779520055,2.638321593806775,729.877568766578,0.1840203643412602,0.0338634944922901,inner_race
0.1197558545993949,0.0473015448776232,0.4368018480828344,0.5109188620850091,0.0049777448907949,19.63882104561164,8.789972121966157,14.9243119554671,21.519986604546684,0.0469993516287737,3.489269021956088,1.7872737325349302,3925.0,0.2033309898752158,0.0910071805422506,1.6978793275317925,0.0030769726335771,3260.810081670067,0.0806883151872977,7.1705672224440615,2.6707411418910456,761.6181141063139,0.197824549513224,0.03913455239011,inner_race
0.208970890874501,0.1740958536896433,0.4238887118808798,0.396105225209971,0.0059102091557193,8.902514818163448,5.103799343858336,7.105389247011456,2.282882726807852,0.0122551277523078,2.561114690618762,1.4848195209580837,3825.0,0.2909243528049047,0.1667865261991662,1.3921764490137598,0.2103405537697597,2923.193284390117,0.0598582007805081,75.76117704762035,7.369652981527755,981.3089535699676,0.29066611584209,0.0844867908987272,inner_race
0.3643724129377962,0.0672096289276743,0.4936132073981357,0.4379059533648101,0.0012712102536675,10.583841047304876,5.616484014016466,8.224904074239547,4.332987206331378,0.0116498427461483,5.422490718562874,2.9969281437125748,3075.0,0.5335950634299782,0.2831607287295502,1.4644222352834124,0.3164546165412771,3008.3245482728958,0.0274102035426868,37.154817225208745,5.30854407659548,695.5451942806053,0.5334678742725119,0.2845879728808325,inner_race
0.2071603895529254,0.1763104079225214,0.4206476209288279,0.3970160646813518,0.0060259064081298,7.972920509034762,4.593198385505184,6.384952569029225,2.2165184355560585,0.0124874385408869,2.4911051497005987,1.322709261477046,3825.0,0.2879712893854392,0.1659002193710795,1.3900885686057676,0.1777396883221619,2917.5478333122664,0.0720821421671924,33.30575137158097,4.948649337802302,984.8659848856652,0.2877004125631383,0.0827715273889999,inner_race
0.348828053122271,0.0686324227965121,0.510650568435848,0.4194613326883761,0.0012556760016889,11.270349817364243,6.007021556107925,8.762549418067616,4.350376283184783,0.019600677502417,5.531322255489022,3.056623053892216,3075.0,0.508841698892232,0.2712092440274455,1.4587178248358168,0.353946539816505,2999.326156953736,0.02858535459281,46.24172460674114,5.873431044949454,698.8936633845626,0.5084640478666895,0.2585356879729791,inner_race
0.3660052904932322,0.0596476994604613,0.5187552078516992,0.4204008653904892,0.001196227273723,10.05488608760935,5.364556773976565,7.805427731554067,3.793286125511256,0.0163450349301397,5.331120958083833,2.8568278443113773,3075.0,0.532537535658087,0.284123342563955,1.4549995573573111,0.2949293784243929,3018.489723013328,0.0283720673835837,42.13040217447197,5.56044753221963,661.9496773250886,0.532286639619971,0.2833290667179209,inner_race
0.1128177013551023,0.0488523074889696,0.4348162184413634,0.5120295835806719,0.0043018904354408,21.01870943354177,9.163192173645356,15.793185969243922,19.920932322919747,0.0240699040200848,3.4350156886227547,1.7817509381237526,3812.5,0.1944465317717903,0.0847697592355706,1.7235463002366544,0.0553486636896639,3247.6029274203765,0.0801092294991669,5.704562264563556,2.450975607764153,771.0016160563746,0.1929510130539401,0.0372300934385417,inner_race
0.3689284090023078,0.0590124114552951,0.5365812283710255,0.4030998633348286,0.0013064967365769,12.454200582966228,6.539279323666008,9.641228939544105,5.074445086177475,0.0117793228971743,6.336594411177645,3.556923253493014,3075.0,0.5439319957812958,0.2856002864092187,1.4743564944002272,0.3495307895937207,3016.646899948296,0.0288792272630489,37.358162172237954,5.28627284726671,658.9702754147688,0.5438044350561217,0.2957232635867077,inner_race
0.3367459489224675,0.0688809903297485,0.4903687078842615,0.4394746997967261,0.0012756019419643,9.757066094251153,5.183415283637145,7.552661144255522,3.5216922789485032,0.0193161384262724,4.665543013972055,2.5433280439121755,3075.0,0.4906664630829174,0.2606652470470298,1.4570820069342203,0.357919006847502,3005.5074031947797,0.0292136021206987,24.181488861642546,4.508749001495267,700.602516924382,0.4902861050352101,0.240380464790597,inner_race
0.2097954395116018,0.1818278323484,0.4068816419674848,0.4053959842911275,0.0058945413477291,9.296844502902305,5.34177759743924,7.463042186302041,2.781631623961576,0.0156226427613522,2.6860273053892216,1.5657122155688623,3825.0,0.2931069643033133,0.1684132949712212,1.3971083689219297,0.1697018899789895,2918.354508693952,0.0677442765511763,55.91356423480563,6.354728161022546,1003.6153195895204,0.2926903236464351,0.0856676255562549,inner_race
0.2062117144617016,0.1803395365156022,0.4366659877034184,0.3775766741833455,0.0054178015598316,9.435899687036857,5.406833050113182,7.543115610360238,2.5500396727988752,0.0124672134636976,2.671245708582834,1.5554788023952095,3825.0,0.2876875960434266,0.1648468989694902,1.395107920005471,0.1981139487116516,2889.456039468176,0.0609925677996679,55.72169423731681,6.4683197369058885,982.375429161172,0.2874173298632085,0.0826087215056964,inner_race
0.3516514342408932,0.06169497838401,0.5026510451356285,0.4343280668143401,0.001325909569328,9.30210961322302,5.06486092479419,7.253312161960999,2.8863437724982592,0.0130550890406686,4.577828043912176,2.550637624750499,3137.5,0.5035948000594199,0.2741999106444358,1.4320851588349854,0.2507603174168344,3022.102572486698,0.0265190283748151,27.185353104683564,4.776372129328731,676.5873939037955,0.503425552884463,0.2534372872970273,inner_race
0.115925621549869,0.0475195418725204,0.4782754479544867,0.4700713111061667,0.0041336989169556,20.3340927700024,8.926148136379974,15.329142044727602,20.697779123117297,0.0274538370329653,3.376051736526946,1.7770403193612774,2925.0,0.1990825485092119,0.0873921615024218,1.7173300073579536,-0.1214906735030736,3222.926934253287,0.0784726711257755,7.410094008529132,2.716446924701879,763.9643133479774,0.1971804958739329,0.03888014795309,inner_race
0.2082242286130863,0.1789249263349719,0.418869032115598,0.3956395871387887,0.0065664543719276,8.214385650199693,4.759268115974624,6.609763251176812,2.280203543768775,0.013206420206462,2.4794098203592814,1.3763128542914171,3825.0,0.2891858203306055,0.1675490916667588,1.388819265926823,0.1924398223283122,2913.5186170816887,0.075644483452797,20.090618700372147,4.010562585872915,998.6435894911858,0.2888841102338715,0.0834540291456156,inner_race
0.3419422074795721,0.0666023062747468,0.4881460635840592,0.4439966582662777,0.0012549718446789,10.5075148620521,5.768290527457964,8.251389099900376,3.533059128037649,0.012143770856724,5.01437245508982,2.8214982035928142,3075.0,0.4891394062351821,0.2685219331721011,1.4304739091456082,0.3192137888755059,3011.9841982163653,0.0276077402961393,31.22019675201764,4.840720205156515,689.4823761063616,0.4889886374564198,0.2391098875614859,inner_race
0.3601495357916978,0.0591402931484857,0.4985518442694285,0.4410813132312154,0.0012265492681523,12.212514212028942,6.525935351066881,9.524443353105893,4.686095859673969,0.0200771565267901,6.174971457085828,3.430223852295409,3075.0,0.5256294565858096,0.2808777777238324,1.4594755909662522,0.3317058963908701,3024.9844670602783,0.0285086432828919,37.94098560317011,5.223333369844247,661.5557003156961,0.5252458790095285,0.2758832334164922,inner_race
0.3688054722586077,0.0563513084445484,0.5314435979636559,0.4108492652420449,0.0013558283394072,11.249709201802776,5.940464226619267,8.792199469240463,5.5102236834025184,0.0138188831321731,5.861877744510978,3.2426112774451097,3075.0,0.5458514947224062,0.2882395641769547,1.4800525908131137,0.3267325564035755,3026.43146768792,0.0274799823168393,47.05091632696416,5.894406971941396,643.9048459620944,0.5456765459131118,0.2977628927596644,inner_race
0.3664617427254865,0.0513255382135201,0.5277767986102309,0.4196941999222773,0.0012034632273424,9.866794381437318,5.260297064919138,7.694865584939799,4.229252010278887,0.0120466111721868,5.045641217564871,2.819873852295409,3075.0,0.5360674154889685,0.2857943262302616,1.46281958793863,0.3169607322537815,3040.4458143964,0.0251305721473593,33.59668453450379,5.137338376562143,624.1150559846184,0.5359320415018013,0.2872231531082885,inner_race
0.3533967394312936,0.0602121867880879,0.4898517148987938,0.4488333657452862,0.001102732476682,9.263739367892352,4.947783669887031,7.19680676172917,3.4779689549985378,0.0194910258584393,4.665543013972055,2.5433280439121755,3075.0,0.5140338005057212,0.2745465888998584,1.4545516218766874,0.385488594415326,3033.505039425782,0.0263259230176343,30.634955284128047,5.042487317662992,664.8871979105988,0.5136641392713153,0.2638508479733411,inner_race
0.1188119383498627,0.0542972856034649,0.4710533384125523,0.4708862463293361,0.0037631296073653,20.320686665279123,9.302858288032995,15.610252110489093,21.761041493892925,0.0363776962871132,3.5933899401197604,1.854684311377245,2937.5,0.1993671465213087,0.0912707499469615,1.6780060092466205,0.0931293562535569,3195.471005821382,0.0823318719672094,7.131200105460527,2.6025255176118085,780.3087791544237,0.1960202089706353,0.0384239223248915,inner_race
0.352094601373425,0.069796406896833,0.4963375393319419,0.4326389197519901,0.0012271339955702,12.869427737291456,6.735581074831806,10.038746431686905,7.395620092263771,0.0150952441308788,6.720753493013972,3.534588423153693,3075.0,0.5247636965370437,0.2746500073901184,1.4904054038036472,0.3040070302433483,2997.8755044922623,0.029455190776404,28.70351758327654,4.8464913515725705,707.1426189752392,0.5245465382669602,0.2751490708078515,inner_race
0.2051105978082896,0.1731204786449552,0.4253001046658063,0.3955293738008721,0.0060500428702783,10.444376277090308,5.889687147896206,8.301107052164744,2.8062270028795853,0.0142480513387287,2.997253013972056,1.7026450299401197,3825.0,0.2890892142799646,0.1630202689723908,1.4094308990809292,0.1885732161125787,2930.9833062883185,0.0636539077457682,59.09413587428435,6.5624249075408505,981.9529692767036,0.288737886059409,0.0833695668460562,inner_race
0.1103390586600237,0.0552849325204927,0.4302606967636013,0.5091948170409165,0.0052595536331906,20.378451965266212,8.939209852344293,15.45899809296799,22.327103528195995,0.029081678147611,3.4030159680638725,1.7057312974051897,3762.5,0.1908145491134056,0.0837026924475176,1.7293472631603892,-0.0475324912072875,3245.2168097098297,0.0865571127930886,6.8424385343791165,2.648550935237912,806.3742795500517,0.1885853868927045,0.035564448149471,inner_race
0.0588083509615384,0.9413207372181972,0.0568929671916345,0.0010550908310916,0.0007312040336152,4.229377186021874,2.938585780566757,3.614777041820248,-0.3853219467680664,0.0128455330528846,0.3913624615384615,0.2125790769230769,1100.0,0.0723406062633561,0.0502625014448114,1.2301077156655529,-0.0527564187066667,941.0174687617634,0.0098654318199213,151.80382272107198,11.663404424253349,529.2620699702467,0.0711909797315444,0.0050681555951371,normal
0.0596912992788461,0.9449577981330302,0.0532374960232479,0.0010767258679358,0.0007279795208686,4.1667298663458165,2.8465179553500204,3.540338159304841,-0.2365774403755374,0.0137845060096153,0.4216116923076922,0.2113273846153845,1100.0,0.0742406645347855,0.0507178030239615,1.243743484087563,-0.0415517774871839,893.4598750033769,0.0091729388254299,138.47236167829308,11.05964056017699,543.1358851643506,0.0729497338215667,0.0053216636646374,normal
0.0596362932692307,0.9393330209586248,0.0590020530914397,0.0008434842267006,0.000821441438298,4.611980472164005,3.1538689234811423,3.917903309556995,-0.2998991972347173,0.0150390504807692,0.423072,0.2336492307692307,1100.0,0.0740833675837536,0.0506613660182302,1.2422530563611804,0.0492418451296292,989.0035674867164,0.0092180826649527,159.52364173360976,12.033972349388506,501.4253021130874,0.0725408320409025,0.0052621723131864,normal
0.0576227677283653,0.944716324567556,0.0535711619161993,0.0010177207464596,0.0006947923234347,5.437545512388595,3.6634177918648807,4.5906213484794645,0.0029636281334242,0.0128768049879807,0.4837790769230769,0.2645243076923076,1100.0,0.0722069724833787,0.0486477413549239,1.25309795641479,-0.1112752858660282,985.684244761096,0.0090399223444464,160.59221402820813,12.125715580221447,493.1587908966132,0.0710495233517927,0.0050480347685169,normal
0.0599961751802884,0.9485438948535052,0.0497117405466573,0.0009874085390139,0.0007569550781087,4.850826686740469,3.425464750953638,4.179527970811,-0.3111887652616505,0.0130041337139423,0.4656295384615384,0.2507556923076923,1100.0,0.0732034075778718,0.0516933934154197,1.2201345728772812,-0.1641160464376407,928.8111722911092,0.0089796410783125,129.92251115952246,10.857421631978706,524.4743477788326,0.0720390962419846,0.0051896313873619,normal
0.0602153843149038,0.94563033202452,0.0526751388438007,0.0007786594054518,0.0009158685626224,4.600080230275584,3.1181649685068,3.894082799196808,-0.2154001363612745,0.0134804450120192,0.4579107692307692,0.2344836923076922,1100.0,0.0751992581136526,0.050973826665985,1.2488379667293783,0.0610386771869192,914.8513645185186,0.0082747481478697,146.42113398003255,11.439013642184866,529.0875977012836,0.0739811193692125,0.0054732060231216,normal
0.0575719381009615,0.937428617069614,0.0605904180127442,0.0010705664439237,0.0009103963248965,4.15520609333856,2.8941813017331657,3.5655832551885207,-0.362971705721355,0.0135632596153846,0.4093033846153846,0.2052775384615384,1100.0,0.0709276707504844,0.049402492644259,1.231983377493763,0.0385364180843405,971.777369964517,0.0103183553762752,171.55350410786443,12.452110166803896,518.2448965714948,0.0696187651908219,0.0048467724666948,normal
0.0570925709134615,0.9358928353324236,0.0622697729668209,0.0010730082810911,0.0007643831411147,4.787324502541416,3.239649268774286,4.04496114072837,-0.1869763345100947,0.0130274603365384,0.4493575384615384,0.2309372307692307,1100.0,0.0712846396661344,0.0482393100042904,1.2485799557736603,-0.0649945116868199,946.177055812102,0.0094285744798564,159.9198804310905,12.092400509344166,545.0383061749949,0.0700841289416551,0.0049117851295105,normal
0.0587668927283653,0.9423514752850044,0.0560185581738407,0.0008828654654124,0.0007470987797911,4.321183839664207,3.0340405823491383,3.720273659651841,-0.3546374849637161,0.0129794828725961,0.4287046153846153,0.218628923076923,1100.0,0.0720586680180946,0.0505946821956809,1.2261779493968994,-0.0105394099475792,975.2891368255688,0.0084947274181401,130.69642223716204,10.942456975152702,500.17847291810176,0.0708800723821721,0.0050239846609019,normal
0.0595780276442307,0.9426621036533868,0.0550983533325444,0.0011139457250678,0.0011255968837157,4.672525608970304,3.220887814519687,3.9882643395955433,-0.2785404080852496,0.0126713473557692,0.4380923076923076,0.237612923076923,1100.0,0.0737724927908912,0.0508532093694156,1.238250001014174,0.0662578734631677,938.2104754912352,0.0096545289951234,156.27430383380363,11.952885284689463,534.4398656269518,0.0726761147060816,0.0052818176487715,normal
0.062784266826923,0.9475547289405252,0.0510264736223779,0.000857649845675,0.0005611467841766,4.410135212177258,3.1133429741078467,3.801207086767474,-0.3694623005008086,0.0145776111778846,0.4347544615384615,0.238656,1100.0,0.0766558654105202,0.0541153476068088,1.220940679642512,-0.0753612424369709,910.8757616230432,0.0081455681209823,158.29282221210627,11.924147290793332,522.175083288523,0.0752569927261394,0.0056636149541822,normal
0.0587655685096153,0.9420515929932192,0.0563438512443157,0.0008958358332067,0.0007087197336683,4.488660927182109,3.080333455206956,3.823306315738385,-0.2415706580166987,0.0116170655048076,0.4360061538461538,0.2246787692307692,1100.0,0.0729397555485349,0.0500547430237324,1.2411988414031987,-0.0419528787670781,979.4143493794522,0.008380090010647,178.63479731219775,12.936533147463653,506.2367613160565,0.072008692034622,0.005185251728537,normal
0.0587077103365384,0.9472041024008409,0.0507805734952346,0.0009760618933944,0.0010392616006398,4.745932705110996,3.274016515709877,4.047388694173578,-0.3268907565128107,0.0109844963942307,0.4380923076923076,0.237612923076923,1100.0,0.07257535871819,0.0500666439751732,1.236215112157434,0.0544705587886661,886.0918415814917,0.0094126304528279,134.42034820667527,10.937428947285362,547.9068967708315,0.0717392746829733,0.005146523532039,normal
0.0579966048677884,0.9372136347712036,0.06096259329678,0.0009900869449399,0.0008336845850391,4.266900261112973,2.873745541138033,3.60062456200745,-0.1007090963947465,0.0118329131610576,0.4080516923076923,0.208824,1100.0,0.0726661414556918,0.0489404455743079,1.2529378507818636,-0.1411327996642308,981.8457240168476,0.0096116541655554,149.92220913055277,11.772223515663148,514.7830616688481,0.0716962361646794,0.0051403502801814,normal
0.0562539329927884,0.94074091491337,0.0574228778122983,0.0009602821174758,0.0008759237895727,5.184967561705178,3.484503763728732,4.375981211441898,-0.0273944776246315,0.0117787220552884,0.4485230769230769,0.2461661538461538,1100.0,0.0706459715752276,0.0474768937156469,1.25584057534758,-0.0943718699913773,950.302828182754,0.0096286298400891,158.1260819106881,12.022853486960386,524.8509590414213,0.0696571245929096,0.0048521150065521,normal
0.0619489903846153,0.944024077849594,0.0544361813886277,0.0008414936272967,0.0006982469169968,4.380063274873338,3.0641829629234776,3.758168902920284,-0.4466763512183576,0.0141114861778846,0.4316252307692307,0.2328147692307692,1100.0,0.0759793955021031,0.0531532890326799,1.2264831925488835,0.0181765530286373,947.4025902988008,0.0090002930040416,158.6775432491229,12.010063048540744,515.1961174371837,0.0746574477109711,0.0055737344987163,normal
0.058087262920673,0.942419944521401,0.0559081056724104,0.0009165308120753,0.0007554184167432,4.839077272579453,3.2510776033666144,4.079845821737521,-0.1764307207194089,0.0120419359975961,0.4545729230769231,0.2369870769230769,1100.0,0.0728949308000731,0.0489736087220512,1.2549210814016516,0.0565682522815622,981.3663251988976,0.0088817110117411,174.86433953706438,12.691416797926758,507.05932607191465,0.0718934121723071,0.0051686627137772,normal
0.0608421472355769,0.9464377339193766,0.0518530322485918,0.0009000491796447,0.0008091841567031,4.036272296833865,2.858104785117833,3.4802291668759437,-0.4266808520857919,0.0146004284855769,0.405756923076923,0.2117446153846153,1100.0,0.0740856726062566,0.0524604386950583,1.2176702495295189,-0.0947394378223166,945.0577152303576,0.0086471815667416,144.5032853221,11.54964079541766,523.5844452233401,0.0726327362389646,0.005275514373559,normal
0.0588726265024038,0.9424530704190864,0.0559359603524154,0.0009985635691261,0.0006124055575196,5.432490220172668,3.7434249292476833,4.6419901757737145,-0.0292728697086368,0.0086323783052884,0.513611076923077,0.2732861538461538,1100.0,0.0730043099598303,0.0503058712984609,1.2400382707037791,-0.1990064779672806,952.0133706711854,0.0087980815683982,153.37550916243438,11.806797780253689,515.6322298721972,0.0724921465919265,0.0052551113175053,normal
0.0573067887620192,0.9437227152544562,0.0545267386744186,0.0009564625889834,0.0007940829809527,5.35078108280506,3.5861207553196803,4.510363730409697,0.0080122259708921,0.0111023518629807,0.4731396923076923,0.2584744615384615,1100.0,0.0720763407520615,0.0483059309544692,1.2577277894836605,0.0626275513957186,941.7338578609322,0.0084327713150705,159.58445228477282,12.087138070646397,526.5915226596657,0.071216126539695,0.0050717366793178,normal
0.0592650027043269,0.943695190752146,0.0546229063510799,0.0009589981020553,0.0007229047422301,4.58818710921999,3.109770808779876,3.8861279693921222,-0.1088523528982587,0.011299966045673,0.4562418461538461,0.2303113846153846,1100.0,0.0740605654812702,0.0501965981623923,1.2496509255345578,0.0105485269654337,941.2867794665804,0.0089377178086617,156.93099075611764,11.938922516836197,523.7298900604611,0.0731934295327944,0.0053572781267721,normal
0.0643363530649038,0.9531463395618688,0.0453366639396975,0.0008124421189944,0.0007045541041247,4.467441963747442,3.0836678274188163,3.810024430135039,-0.3049905367996315,0.0139651090745192,0.4672984615384615,0.2451230769230769,1100.0,0.0794907527793799,0.0548687770120374,1.235549560902031,-0.0219445227507676,892.590308277051,0.0076340805135661,140.7877032626001,11.324595595496591,526.3849491485938,0.0782544280278712,0.0061237555059692,normal
0.0587818665865384,0.9423810542931772,0.055924270868996,0.0009485811081385,0.0007460936919372,5.288806461508139,3.49741570327826,4.425572029639488,-0.0722572460392987,0.0133340679086538,0.4531126153846154,0.2601433846153846,1100.0,0.0743816024991088,0.0491875409903358,1.2653834731431073,0.1340479175981265,947.934454208219,0.0093371350979306,164.4787309460179,12.165364948600777,524.0195819282014,0.073176672671985,0.0053548254233428,normal
0.0644145838341346,0.955119934504199,0.0435451616607644,0.0008602413073072,0.0004746620162389,4.8161004194723525,3.351580086493096,4.119544883097578,-0.3562223145345511,0.0151069930889423,0.4746,0.2653587692307692,1100.0,0.0791742289853576,0.0550982633497168,1.2291351472397716,-0.0115200201422031,878.3795050314394,0.0077143911081392,149.50086718182126,11.635901601558851,523.8129405476824,0.0777196068906456,0.0060403372952365,normal
0.0596813167067307,0.9419699005155656,0.0562874937076567,0.000839342528757,0.0009032600817539,4.3091216539500286,3.0105756497536027,3.698227336498844,-0.3149771897767719,0.0093950264423076,0.4410129230769231,0.2207150769230769,1100.0,0.0733132472326816,0.0512204329902718,1.2284120270492196,-0.0721449018191759,956.822536004954,0.0091293327497732,162.9389145385334,12.259811537737908,522.9088618429597,0.0727087731841807,0.0052865656979486,normal
0.0578775270432692,0.94366706017273,0.0546618031974696,0.0008351619051728,0.000835971260466,4.463887145151384,3.072387297560163,3.8062760696245976,-0.2497412501136757,0.0107330985576923,0.4289132307692307,0.2202978461538461,1100.0,0.0717024986819821,0.0493511235814128,1.2388659700055489,-0.0501782002998768,954.3873204606662,0.0090691007710217,167.56071650220247,12.396510396692204,519.2719475382061,0.0708946324667143,0.0050260489125905,normal
0.0609011259014423,0.9512346199596796,0.0471437456061861,0.0008874168425002,0.0007342175349891,4.630628296123594,3.194934794188778,3.949574575202426,-0.3752298531843014,0.0148973590745192,0.4318338461538461,0.2405335384615384,1100.0,0.0752858990734463,0.0519440393570122,1.236198805179452,0.062412087245586,873.7651737094689,0.0085160222047337,146.48163256166004,11.427774676469374,545.2357171573645,0.0737972580242788,0.0054460352919019,normal
0.0617333464543269,0.9490132706498904,0.049703210494225,0.0007848246864472,0.0004986940211959,4.417572093574358,3.0600662000401946,3.7780553525079914,-0.274454123543808,0.009740036358173,0.4441421538461538,0.233232,1100.0,0.0762179589438086,0.0527964218941103,1.2346319019040717,-0.0972062906101804,878.1308937065568,0.0080558479105963,140.6202825957185,11.1571502208918,540.6762162811438,0.0755930483397882,0.0057143089573015,normal
0.0592284338942307,0.9395248363505324,0.0588185365575383,0.0009095341612642,0.0007470923921315,5.201753042088263,3.5033112209929027,4.39924877719915,-0.0556285718875799,0.0134738239182692,0.4919150769230769,0.2605606153846154,1100.0,0.0743755261660046,0.050090923824406,1.255740212527371,-0.015938654752502,946.391444588545,0.0092272851990762,153.29080595756756,11.800011178628669,529.9002373979167,0.0731448901939808,0.0053501749614895,normal
0.059076454326923,0.940497310974408,0.0577594616689654,0.0008400846127533,0.0009031403584056,4.517912880646723,3.1197263147145557,3.85615559693772,-0.2907987220198684,0.0118340336538461,0.4272443076923077,0.2278079999999999,1100.0,0.0730217900607232,0.0504232830552921,1.236055733078158,-0.0736363771676118,935.2251341659528,0.0091183329092025,159.85087081364057,12.12128433973274,540.9081048607842,0.072056488057301,0.0051921374711519,normal
0.0583930555889423,0.9463224566618336,0.0517449114768698,0.0009694160152623,0.0009632151774525,4.899234118728467,3.345956410783111,4.162086067010786,-0.1399485333717764,0.01228742578125,0.4380923076923076,0.243036923076923,1100.0,0.0726360099293825,0.0496071257643837,1.243915208697134,-0.1107478930516156,946.5410682857928,0.0091309371439488,146.28168751270516,11.598605558860104,518.3639285731642,0.0715891689163355,0.0051250091061316,normal
0.0586671688701923,0.9382213468235376,0.0595769011398875,0.0011349496200665,0.0010668009847399,4.401748217688298,3.0621860284504523,3.765712519663439,-0.3960420518316918,0.0137070901442307,0.428496,0.2209236923076923,1100.0,0.0721457449858085,0.0501899884731972,1.2297464898202115,-0.0497424423472179,946.815571307881,0.0102561917976495,153.6945154018144,11.82815504260846,540.1613077723383,0.070831660995174,0.0050171241993352,normal
0.0600223539663461,0.947640234223182,0.050423202859839,0.0009183674168466,0.0010181949165903,4.754987250771157,3.267879375617688,4.04910682465388,-0.2764286780846561,0.0125668359375,0.4526953846153846,0.243036923076923,1100.0,0.0743714486190252,0.0511120030947522,1.2390625109559088,-0.0317327959501601,966.8506250802178,0.0086880510478782,147.1745562834641,11.725939837206738,507.7079559359145,0.0733020259216091,0.0053731870042122,normal
0.0612906499399038,0.9476466592311584,0.0506343708195722,0.0009567960773881,0.0007621736688555,3.763249768456491,2.6468032696411217,3.236924897415145,-0.4828432035407806,0.0135790483774038,0.3930313846153845,0.1983932307692307,1100.0,0.0749557902715341,0.0527185924336354,1.2229563619414892,-0.0520293119145155,882.250101882346,0.0088126795718322,130.03156361054576,10.741112576881918,545.9424730921675,0.0737155339151412,0.0054339799403943,normal
0.060855796875,0.9485991745070016,0.0499968653031079,0.0007420300324197,0.0006619299448384,4.302517424811846,3.000880208743873,3.688558286521556,-0.3567177579973726,0.0126998689903846,0.428496,0.2244701538461538,1100.0,0.0748014376555583,0.0521718174926322,1.2291587900689762,-0.096832966102043,934.1306513651766,0.007611220775838,151.51249409790464,11.809116023133686,512.6737711100049,0.0737154556586707,0.0054339684029654,normal
0.419465721486714,0.00643834547406,0.2479694283140096,0.739373140531275,0.006219085668978,11.05644493059019,4.688032192379263,7.781646425282727,4.452186331162921,0.018265624122848,6.317102195608783,3.2641339321357283,3687.5,0.6962695216645088,0.2952245457402635,1.6598961154602048,0.0502566627179865,3478.533258692808,0.0216276897038488,30.948920019421443,5.143914145026186,429.2552219501733,0.6960298943108167,0.4844576137743267,outer_race
0.0830215178822043,0.1500795826358404,0.0579596745157816,0.7412438851240746,0.0507168577109984,4.896473170986642,3.381673671993264,4.194285253104876,-0.1778629743864499,0.0167290259520022,0.6544526946107785,0.3482159281437125,3637.5,0.1029714756416645,0.0711156614125891,1.240298639056037,0.0232512826237787,3368.29138724542,0.0853763678810996,78.98412319415159,7.708685394980524,1227.7897550896628,0.1016034669020656,0.0103232644865191,outer_race
0.3905864923960672,0.0066774679810328,0.2501964525740959,0.7331745202073688,0.0099515592104685,12.047602875873068,5.138383464710559,8.527515416359744,4.9416827034767286,0.0220114273893618,6.410502395209582,3.330732335329341,3675.0,0.6482062614057861,0.2764643198855415,1.659571628883889,0.0187540058344251,3483.6756812180874,0.0224927556618247,50.48550900292986,6.244196214070274,450.17664105862696,0.647832427707929,0.4196868543899491,outer_race
0.0799026457241766,0.1677081146421292,0.0601206380108175,0.7219804004542564,0.0501908468820134,4.537502087530171,3.0723575835153296,3.840245159868965,-0.1989876796387237,0.0118916033168038,0.6014306586826348,0.306845748502994,3650.0,0.0998730584452045,0.0676243762721913,1.249934311186211,0.0003786097957167,3317.3403259394613,0.0885886079153247,82.08338027970208,8.016727404230883,1266.8483809497052,0.0991625815202237,0.009833217573755,outer_race
0.2705706860692677,0.1125923855011313,0.439304296724813,0.4459516175207242,0.0021517001923872,22.86967499716439,8.369967553919368,15.764998673559273,17.58145921030761,0.0043535470075474,8.372312674650699,4.265546506986028,2975.0,0.5096252141370152,0.1865153968088708,1.883519687740852,-0.0086255652412255,3025.194122774578,0.05020448733063,11.387700131145994,3.216634173892158,913.085838399684,0.509606618395652,0.2596989055126517,outer_race
0.0799599162027507,0.1811673548289389,0.0847129648812191,0.6787317951284898,0.0553878851220013,4.774664434993848,3.2147467133923096,4.030435607210991,-0.0935209253850488,0.0149401412214633,0.6087384431137725,0.3222732934131737,3650.0,0.1002484245712471,0.0674965325418913,1.253733487126872,0.0491636739154196,3270.189270659881,0.0980677281994232,32.55116301210669,5.091042703799629,1315.092752077711,0.0991288999701891,0.0098265388092997,outer_race
0.2726389976394866,0.0973807182349958,0.2993236506438339,0.6008858786584426,0.0024097522617911,21.91161385699654,7.72798044504201,14.765123983170728,15.12380760417106,0.0037275610400293,7.804601896207584,4.025548602794411,3700.0,0.5209056404092037,0.1837175768552084,1.9106057641027667,-0.3251745485518061,3177.5601140118306,0.0517347961604183,14.467888217143866,3.6041053097023465,901.0892080016248,0.5208923031671859,0.2713287914988155,outer_race
0.2880990863000561,0.0892790999291371,0.4005917596208172,0.508056535918989,0.0020726043772169,29.62902086867393,9.849633154176033,19.47282570542495,17.471114169192685,0.0042825609523141,10.045394510978044,5.610103293413173,2975.0,0.569574846656559,0.1893448763723611,1.9770102500892524,0.2185885271808466,3130.0899320409667,0.0467745853994026,12.264295859017658,3.372541450899573,851.6534459503023,0.5695587464129862,0.3243971656155323,outer_race
0.0770025273671407,0.2075063169583104,0.0730774270381282,0.6811010757445065,0.0383151802458142,5.043637622683268,3.407059510396274,4.282242211112198,0.1396665859552484,0.0150113278910928,0.652016766467066,0.3297434730538922,3650.0,0.0967824225105888,0.065378105590081,1.256873323769485,-0.0569408407474078,3171.886261764286,0.0956497263419363,52.93074578490345,6.361141450604005,1327.9134556557244,0.0956111779132766,0.0091414973419642,outer_race
0.0809712981848802,0.1546299651468721,0.0681165806221267,0.733831234415854,0.0434222197977298,5.60642511375436,3.7701368858082183,4.731687731235298,-0.0790629422542545,0.0173909569142964,0.6662263473053892,0.3831308982035928,3637.5,0.1016225431086594,0.06833782498292,1.2550440141965689,0.0576359934976449,3349.874792381233,0.0881041274056165,46.5331931162206,6.002169445022337,1224.940828314927,0.1001234032855277,0.0100246958854764,outer_race
0.3087038793994043,0.0618422394784789,0.4733015492448574,0.4635494944743022,0.0013067167973048,25.299137295787435,8.412257857742826,16.495877302457686,15.669181580934232,0.0052809262822012,9.556058682634731,5.092341317365269,2975.0,0.6053477441467354,0.2012851765586961,1.9609333880884927,0.6292541025891079,3133.8365942369696,0.0439909234171947,13.081783903289082,3.438777710363318,738.777007191246,0.605324708863882,0.3664180031611435,outer_race
0.0790362141537238,0.1378470702461615,0.0764749354477349,0.7341875578905654,0.0514904364020415,4.542694718236856,3.078596818989179,3.847927586093596,-0.1650604465506964,0.0149055291565306,0.592377125748503,0.304125628742515,3650.0,0.0987870925048155,0.0669482867782395,1.2498965640317323,0.0223775611473564,3385.642254103299,0.0917992369266067,101.63475282792214,8.923028225086968,1177.0048646122657,0.0976561050120206,0.0095367148461187,outer_race
0.4085883973751715,0.0083314950112403,0.2553827057518459,0.728764298582138,0.0075215006113093,12.103246631131784,5.166275928696906,8.547367746750842,4.838742661168088,0.0334794427258763,6.704916067864271,3.4923552894211576,3675.0,0.675990856396638,0.2885469821327259,1.654454362236659,0.0519526723622056,3472.0724642791297,0.0218611225390704,44.26037840409547,5.847120760348494,454.6025399576732,0.675161288024295,0.4558427648466249,outer_race
0.3136598164510822,0.0702189558803854,0.3012961373964274,0.6271062394168175,0.0013786673009685,23.74269116894605,7.990170710235172,15.686293945809467,16.498301578069775,0.0057096186045877,9.440729740518965,4.920160079840319,3675.0,0.6157765907977085,0.207228407463581,1.9631988495209232,0.1571116199038573,3255.4673373713385,0.0378900414016765,14.348717562958903,3.56837331553355,804.4956685655055,0.6157501197968529,0.3791482100298387,outer_race
0.4243229125732909,0.0058420547104457,0.2519992402028156,0.7358909421380583,0.0062677629196234,10.807718739047496,4.632077173792963,7.61887956993669,4.348207565519776,0.0238477454271145,6.367457085828344,3.2328651696606787,3675.0,0.6979299023667727,0.299125583087259,1.644808426993023,0.0549496346820913,3478.052081192357,0.0193452896530877,84.1618015005528,8.142907150036795,424.6989285648689,0.6975223535168865,0.4865374336557364,outer_race
0.4064040890387194,0.0086820914403571,0.2549478280831875,0.7285477515968876,0.0078223288264908,10.595293795893094,4.6278248939206446,7.533133131179574,4.10177667637655,0.0232114486359312,6.073043413173652,3.061496107784431,3675.0,0.6615410431380354,0.2889486753987998,1.627791306683945,0.0354906669680783,3469.114136371617,0.0231776598112877,48.344488883479286,6.115686965170131,455.9336215193952,0.661133708419395,0.4370977804083815,outer_race
0.076962404331961,0.1606129011762305,0.0727331551026961,0.7197216634793913,0.0469322802219865,5.400660012815143,3.607807162338385,4.54612199396449,-0.0342161446438833,0.0146857841738398,0.6363456287425149,0.3498804790419161,3637.5,0.0969787084781833,0.0647847630126114,1.2600789868763216,0.0684158472785361,3312.2265661852284,0.0930038613400209,63.405909099865,7.056924955928054,1231.77211353911,0.0958603027394336,0.0091891976412958,outer_race
0.2876943864711982,0.0827545589718285,0.2821674814670397,0.6328270080168745,0.00225095146695,25.490846663448448,8.357290869125368,16.821143652307207,18.85923955141456,0.0054276572343594,9.435450598802396,4.839348602794412,3675.0,0.5790570985955014,0.1898465228200363,2.012750772436334,-0.0192315381350689,3233.815670536633,0.0484829832079499,13.788033401084292,3.5864339030057697,858.5932644182913,0.5790316605944673,0.3352776639707864,outer_race
0.383542018696981,0.0092999416312396,0.2477526544233121,0.7311722911692207,0.0117751127678027,11.325645092127074,4.806284103314905,7.984283687708603,4.700267573262402,0.0282722784898952,5.942689221556886,3.0623082834331337,3675.0,0.6371467473845445,0.2703870957038792,1.661217588490415,0.0238703146388768,3481.1369019756357,0.0243601031619245,56.96050240322807,6.58246678363755,479.2723867543452,0.6365191717235972,0.4051566559716942,outer_race
0.4066436174038641,0.0088084801307123,0.2480206632943028,0.732285679040653,0.0108851775157833,11.056874433724705,4.816571281962111,7.873224293118354,4.285914931736086,0.0234331313447324,6.213143712574849,3.2015964071856287,3675.0,0.6647044587869994,0.2895570919590442,1.6346118083216792,0.0483759305856255,3480.3197727473253,0.0240576264994198,49.4341724006393,6.250739045626079,471.3959444714295,0.6642912809052203,0.4412829058866982,outer_race
0.2983938488745166,0.0624758487649139,0.376741848683644,0.5592396213956765,0.0015426811429311,29.70880492765698,9.356057413936046,19.254185569147698,19.967377072495065,0.0035836060788579,10.642749700598802,5.745330538922156,2975.0,0.6140760241984369,0.1933881404153562,2.057937945150719,0.3221288709765634,3214.582792408245,0.0427826844247211,9.899565371815784,3.0971126898370214,761.8840533259278,0.6140655675600374,0.3770765212628308,outer_race
0.3967216307619137,0.0094340172719048,0.2443972928069834,0.7374649949756935,0.0087036949375492,11.761021430084003,5.0491065774396455,8.354696505934733,4.87453377200356,0.0274644651127432,6.226544610778444,3.314488822355289,3675.0,0.6564505564538976,0.2818198097893964,1.6546880874460212,0.1134871418605556,3477.4321668120297,0.0229344047318528,56.47491151403008,6.635379147659227,467.60770144436816,0.6558757780439088,0.4301730362247027,outer_race
0.3156392963097243,0.0593206069521515,0.31282963395774,0.6266151090385048,0.0012346500162218,27.25708796341408,8.86200567727949,17.87155792708591,17.8994673665673,0.0054805993481786,11.068329740518962,5.640965968063872,3687.5,0.636533779540025,0.2069540948627923,2.016649343038136,0.2962387258764642,3277.620723209909,0.0403825325283644,11.64961271181553,3.308813824035582,746.8294466823565,0.6365101849352404,0.4051452155262938,outer_race
0.2910999325567615,0.1088705486791798,0.3712605961824592,0.5174972743583721,0.0023715807681894,25.81946719746454,9.04105790969883,17.394401425527622,15.80723394435594,0.0050935468905938,9.33920778443114,5.063509081836327,3675.0,0.5600571451272784,0.1961120670349681,1.9239343005277856,-0.0788911514276447,3094.7681196679478,0.0470546387979455,11.23952460509624,3.2552729543231846,928.803179420542,0.5600339825298021,0.3136380615881907,outer_race
0.2819901215635136,0.091817309400054,0.5070009694392732,0.3990614643498515,0.0021202567715725,23.101837209356617,8.08899287497624,15.410276729869317,13.529461831640386,0.0051365747508888,7.949169161676647,4.345545808383234,3662.5,0.5372171635638878,0.1881039057198107,1.905092137927564,-0.0116578559801638,3014.410237273973,0.0497732846953266,13.081199735101144,3.4771553299534275,832.3452694652735,0.5371926064527113,0.2885758964274575,outer_race
0.0827229343071669,0.1173375951912937,0.05890532786456,0.7733088361883237,0.0504482407141852,4.660358355307055,3.216764124675632,3.9802297897528014,-0.284059493902479,0.0175615789319797,0.6146252694610779,0.3292562874251497,3637.5,0.1023563664178675,0.0706504226333161,1.2373396480085883,0.0288602684667504,3444.379381028938,0.0795596247253677,101.4270146193943,9.026086498021654,1099.4548640374594,0.1008385674813193,0.0101684166916845,outer_race
0.2851095422923684,0.0781989217783244,0.542920612855998,0.3775789359385426,0.0013015293949968,25.07660740168414,8.304383384975399,16.495074335287374,16.73530565478415,0.0054577965650729,9.368852195608785,4.702903093812376,2975.0,0.5663157486588402,0.1875414412515997,1.986309346595303,0.1036168860087351,3053.419287136917,0.0423621928434175,18.462304651365,3.8841827135681934,788.3968715092507,0.5662894486353042,0.3206837396356768,outer_race
0.2823202662058695,0.0837986448034034,0.3381794899862363,0.5755799059255757,0.0024419592471972,22.186304281209612,7.591297047944264,14.80826795710102,14.988454617068882,0.0049012103722243,8.131096506986028,4.180674151696607,3637.5,0.5507193468115887,0.1884349055483463,1.950690094667172,-0.1766974292776728,3177.572992347234,0.0426929560193616,20.65317239311028,4.043794540259558,843.0192854357748,0.5506975368471063,0.30326777708947,outer_race
0.0831925561962013,0.1640361765661791,0.0667235377318739,0.7243009229263095,0.0449393627650479,5.441804525131638,3.7270818799141536,4.637071367893562,-0.1021769043218077,0.0166496521215381,0.6920065868263473,0.3857698203592814,3650.0,0.103504519833132,0.0708900546827248,1.2441560226737942,0.0075533742858178,3320.883102960191,0.0972171994952039,79.60408918474614,7.66508321153238,1251.821802601446,0.1021566185331081,0.0104359747101189,outer_race
0.3844454054781063,0.0094843269026806,0.2526831593365454,0.7258361492449447,0.0119963644125994,12.006875860249378,5.141279858337915,8.527470895148262,4.727026466121505,0.0170897936548777,6.421466766467066,3.278347005988024,3662.5,0.637651926430602,0.2730391355874261,1.6586280323407727,0.0813865217635493,3476.058529440486,0.0243140575932073,42.709492190979546,5.907136614500583,482.681063769967,0.6374228723802524,0.4063079182334915,outer_race
0.0827615903934318,0.1543569322318529,0.0755910108799841,0.7214164397500814,0.0486356170809803,5.440452227459796,3.688185740691929,4.606276325512379,-0.0947798215349902,0.009495738737369,0.698137005988024,0.381222754491018,3625.0,0.1033632201016801,0.0700718871432889,1.2489274264826506,0.0428870745776404,3340.70399084622,0.0858061489405596,36.90767033415306,5.463732407663656,1220.8788658923916,0.1029261201815166,0.01059378621562,outer_race
0.3099219445873877,0.07602815336874,0.2893820899452852,0.6330343356848688,0.0015554209665973,27.738850735200035,8.986936912549679,18.19600617269733,20.607847474386908,0.0060659368762475,10.906300698602797,5.639341616766467,3712.5,0.6275043067111654,0.2033011991232303,2.024717247907658,0.4020291010507836,3259.236335008907,0.0418931712117845,14.753447345856689,3.618411195513269,828.1718049679531,0.6274749870320521,0.3937248593508738,outer_race
0.4163583961471588,0.0073906742569875,0.2617269853494777,0.7236276592541593,0.0072546811023157,10.7834119100502,4.701101503409737,7.7080517783385725,4.732868088018988,0.0339878456465974,6.305731736526946,3.209312075848304,3675.0,0.6826723638110281,0.2976156436032279,1.6396267497623431,0.0348679314146504,3468.3521365592496,0.0202561398561052,66.0459119081964,7.166063103325957,448.57204049198094,0.681825771483918,0.4648863826596399,outer_race
0.0819574248573166,0.1395863424503793,0.0815470832745975,0.7359205080819063,0.0429460661832756,5.343965151758302,3.643072790081341,4.5380345879585295,-0.1411098279023592,0.0162412852615082,0.6809231137724551,0.3719256287425149,3650.0,0.102091187899161,0.0695973155102147,1.245661245175726,0.0250782299138272,3384.49965211151,0.0949412576241425,91.59588142308806,8.377455064174336,1174.9135983903518,0.1007910278731004,0.0101588312997161,outer_race
0.40200057419341,0.0091759486514458,0.2417613109682152,0.7398850964471778,0.0091776437868855,10.953988677773506,4.730799371594244,7.7914201876602736,4.441422588214376,0.0322092285643556,6.209895009980039,3.132155389221557,3675.0,0.6620774087416107,0.2859374316843091,1.646956375796301,0.0662256710284525,3482.2238207769506,0.0229012499202657,56.10275134375995,6.475695692189061,468.3737390718479,0.661293475516956,0.4373090607612949,outer_race
